Time	Lat	Long	TTFF	Count	Commands	TxTries	ONT	I	V	Temperature	CTTemp	CTCond	WBT_Status	WBT_Ens	WBT_Min	
2018-11-09 07:10:11	58.26852	11.43138	12	0	0	0	20	0.009	13.6	21	10.737		9		0	
2018-11-09 07:20:00	58.26852	11.43138	12	1	0	2	20	0.009	13.6	20	10.429		9		0	
2018-11-09 07:30:00	58.26858	11.43144	12	2	0	1	20	0.009	13.6	19	9.629		9		0	
2018-11-09 07:40:00	58.26858	11.43144	12	3	0	1	20	0.009	13.6	18	9.534		9		0	
2018-11-09 07:50:00	58.26828	11.43204	12	4	0	1	20	0.009	13.6	17	9.089		9		0	
2018-11-09 08:00:00	58.28094	11.4957	12	5	0	1	20	0.009	13.6	15	9.043		9		0	
2018-11-09 09:20:00	58.28316	11.48991	11	13	0		20	0.009	13.6	12	9.732	30.6	9		0	
2018-11-09 09:30:00	58.28346	11.4894	12	14	1	1	360	0.009	13.6	12	9.425	28.13	0	2	5	
2018-11-09 09:40:00	58.28178	11.48967	12	15	1	1	350	0.009	13.6	12	9.709	30.47	0	2	5	
2018-11-09 09:50:00	58.28346	11.48808	12	16	0	1	350	0.009	13.5	12	9.372	27.57	0	2	5	
2018-11-09 10:00:00	58.28256	11.48466	42	17	0	1	380	0.009	13.5	12	9.442	28.14	0	2	5	
2018-11-09 10:10:00	58.28238	11.484	11	18	0	1	350	0.009	13.5	12	9.467	28.32	0	2	5	
2018-11-09 10:20:00	58.27995	11.4849	11	19	0	1	350	0.009	13.4	12	9.744	30.61	0	2	5	
2018-11-09 10:30:00	58.27836	11.48781	11	20	0	1	350	0.009	13.4	12	9.754	30.64	0	2	5	
2018-11-09 10:40:00	58.278	11.48817	11	21	0	1	350	0.009	13.4	12	9.767	30.68	0	2	5	
2018-11-09 10:50:00	58.27842	11.48676	11	22	0	1	360	0.009	13.4	12	9.764	30.68	0	2	5	
2018-11-09 11:00:00	58.27461	11.48511	11	23	0	1	350	0.009	13.4	12	9.789	30.79	0	2	5	
2018-11-09 11:10:00	58.27341	11.48007	12	24	1	1	20	0.011	13.4	12	9.844	31.08	9		0	
2018-11-09 11:20:00	58.27266	11.47671	12	25	0	1	20	0.009	13.4	11	9.82	30.79	9		0	
2018-11-09 11:30:00	58.27461	11.47305	11	26	0	1	20	0.009	13.4	11	9.744	30.2	9		0	
2018-11-09 11:40:00	58.27344	11.46588	12	27	0	1	20	0.009	13.4	11	8.71		9		0	
2018-11-21 07:05:11	58.26849	11.43138	12	0	0	0	20	0.011	13.4	20	5.523		9		0	
2018-11-21 07:40:00	58.26876	11.43096	19	4	0		30	0.009	13.4	14	3.723		9		0	
2018-11-21 07:50:00	58.2687	11.43126	13	5	0	1	20	0.009	13.4	12	3.901		9		0	
2018-11-21 08:00:00	58.26675	11.43324	41	6	0	1	50	0.009	13.3	12	4.265		9		0	
2018-11-21 08:10:00	58.26744	11.46057	11	7	0	1	20	0.009	13.3	10	3.463		9		0	
2018-11-21 08:20:00	58.28121	11.48688	11	8	0	1	20	0.009	13.4	9	3.719		9		0	
2018-11-21 08:30:00	58.29615	11.51136	11	9	0	1	20	0.009	13.3	9	3.716		9		0	
2018-11-21 08:40:00	58.31184	11.53527	11	10	0	1	20	0.009	13.4	8	3.654		9		0	
2018-11-21 08:50:00	58.31562	11.54136	12	11	0	1	20	0.009	13.4	8	8.27	27.51	9		0	
2018-11-21 09:00:00	58.31295	11.5395	12	12	1	1	350	0.009	13.4	8	8.269	27.5	0	2	5	
2018-11-21 09:10:00	58.3134	11.53689	12	13	0	1	350	0.009	13.4	9	8.182	27.36	0	2	5	
2018-11-21 09:20:00	58.31559	11.53731	12	14	0	1	360	0.009	13.3	9	8.148	27.28	0	2	5	
2018-11-21 09:30:00	58.31793	11.53674	12	15	0	1	350	0.009	13.3	9	8.097	27.14	0	2	5	
2018-11-21 09:40:00	58.31445	11.54001	12	16	0	1	350	0.009	13.3	9	8.284	27.54	0	2	5	
2018-11-21 09:50:00	58.31241	11.5425	12	17	0	1	360	0.009	13.3	10	8.265	27.55	0	2	5	
2018-11-21 10:00:00	58.31535	11.53854	12	18	0	1	350	0.009	13.3	10	8.234	27.46	0	2	5	
2018-11-21 10:10:00	58.31775	11.53845	12	19	0	1	350	0.009	13.3	10	8.233	27.39	0	2	5	
2018-11-21 10:20:00	58.31385	11.53923	12	20	0	1	350	0.009	13.3	10	8.298	27.59	0	2	5	
2018-11-21 10:30:00	58.31703	11.53758	12	21	0	1	350	0.009	13.3	10	8.23	27.39	0	2	5	
2018-11-21 10:40:00	58.31781	11.53749	12	22	0	1	350	0.009	13.3	10	8.224	27.39	0	2	5	
2018-11-21 10:50:00	58.31745	11.53848	13	23	0	1	360	0.009	13.3	10	8.263	27.45	0	2	5	
2018-11-21 11:00:00	58.31769	11.53803	13	24	0	1	350	0.009	13.3	10	8.23	27.41	0	2	5	
2018-11-21 11:10:00	58.317	11.53734	38	25	0	1	380	0.009	13.3	10	8.234	27.43	0	2	5	
2018-11-21 11:20:00	58.3167	11.53623	11	26	0	1	350	0.009	13.3	10	8.217	27.4	0	2	5	
2018-11-21 11:30:00	58.3164	11.53581	11	27	0	1	360	0.009	13.3	10	8.221	27.41	0	2	5	
2018-11-21 11:40:00	58.31571	11.53629	12	28	0	1	360	0.009	13.3	10	8.243	27.47	0	2	5	
2018-11-21 11:50:00	58.31658	11.53677	12	29	0	2	360	0.009	13.3	10	8.254	27.47	0	2	5	
2018-11-21 12:00:00	58.31856	11.53683	12	30	0	1	350	0.009	13.3	10	8.13	27.22	0	2	5	
2018-11-21 12:10:00	58.31913	11.53659	12	31	0	1	350	0.009	13.3	10	8.058	27.09	0	2	5	
2018-11-21 12:20:00	58.31844	11.53707	12	32	0	1	360	0.009	13.3	10	8.112	27.19	0	2	5	
2018-11-21 12:30:00	58.31907	11.53608	13	33	0	1	350	0.009	13.3	9	8.025	27.03	0	2	5	
2018-11-21 12:40:00	58.31691	11.53731	13	34	1	1	350	0.009	13.3	9	8.213	27.42	0	3	5	
2018-11-21 12:50:00	58.31712	11.53644	13	35	0	1	360	0.011	13.3	9	8.198	27.39	0	3	5	
2018-11-21 13:00:00	58.31505	11.53812	13	36	0	1	360	0.009	13.3	9	8.245	27.51	0	3	5	
2018-11-21 13:10:00	58.31352	11.53971	13	37	0	1	360	0.009	13.3	9	8.2	27.53	0	3	5	
2018-11-21 13:20:00	58.31532	11.53779	13	38	0	1	360	0.009	13.3	9	8.228	27.48	0	3	5	
2018-11-21 13:30:00	58.31805	11.5371	41	39	0	2	380	0.009	13.3	9	8.154	27.29	0	3	5	
2018-11-21 13:40:00	58.31844	11.53707	11	40	0	1	350	0.009	13.3	9	8.037	27.1	0	3	5	
2018-11-21 13:50:00	58.31604	11.54076	11	41	0	1	350	0.009	13.3	9	8.25	27.55	0	3	5	
2018-11-21 14:00:00	58.31613	11.54088	11	42	1	1	360	0.009	13.3	9	8.263	27.56	0	3	5	
2018-11-21 14:10:00	58.31601	11.54103	11	43	0	1	350	0.009	13.3	9	8.245	27.56	0	3	5	
2018-11-21 14:20:00	58.31817	11.54025	12	44	0	1	350	0.009	13.3	9	8.102	27.24	0	3	5	
2018-11-21 14:30:00	58.31814	11.53911	12	45	1	1	20	0.009	13.3	9	8.09	27.21	9		0	
2018-11-23 09:10:35	58.26843	11.43141	11	0	0	0	20	0.011	13.3	8	0.745		9		0	
2018-11-23 09:20:00	58.26756	11.43306	12	1	0	1	20	0.009	13.4	6	0.374		9		0	
2018-11-23 09:30:00	58.26729	11.43333	12	2	0	1	20	0.009	13.4	6	7.541	25.63	9		0	
2018-11-23 09:40:00	58.26735	11.43336	12	3	0	1	20	0.011	13.4	6	7.535	25.55	9		0	
2018-11-23 09:50:00	58.26735	11.43339	12	4	2	1	360	0.009	13.4	6	7.593	25.58	0	1	5	
2018-11-23 10:00:00	58.26735	11.43339	12	5	0	1	360	0.009	13.3	7	7.61	25.55	0	1	5	
2018-11-23 10:10:00	58.26735	11.43336	12	6	0	1	360	0.009	13.3	7	7.675	25.61	0	1	5	
2018-11-23 10:20:00	58.26735	11.43336	12	7	0	1	360	0.009	13.3	7	7.567	25.49	0	1	5	
2018-11-23 10:40:00	58.26738	11.43333	12	8	2	1	660	0.009	13.3	7	7.69	25.62	0	1	10	
2018-11-23 11:00:00	58.26726	11.4333	12	9	1	1	660	0.009	13.3	7	7.64	25.6	0	2	10	
2018-11-23 11:20:00	58.26741	11.43339	12	10	0	1	660	0.009	13.3	7	7.586	25.59	0	2	10	
2018-11-23 11:40:00	58.26729	11.43336	17	11	0	1	660	0.009	13.3	7	7.636	25.61	0	2	10	
2018-11-23 12:00:00	58.26738	11.43336	41	12	0	1	690	0.009	13.3	7	7.555	25.57	0	2	10	
2018-11-23 12:20:00	58.26741	11.43336	11	13	1	1	20	0.009	13.3	7	7.56	25.59	9		0	
2018-11-27 10:46:36	58.26858	11.43147	12	0	0	0	20	0.011	13.4	7	2.386		9		0	
2018-11-27 10:50:00	58.26726	11.43231	12	1	0	1	20	0.009	13.4	6	0.794		9		0	
2018-11-27 11:00:00	58.26726	11.43234	12	2	0	1	20	0.009	13.4	6	5.878	24.59	9		0	
2018-11-27 11:10:00	58.26726	11.43231	12	3	1	1	350	0.009	13.4	6	5.831	24.57	0	2	5	
2018-11-27 11:20:00	58.26726	11.43231	12	4	3	1	350	0.009	13.4	7	5.771	24.52	0	3	5	
2018-11-27 11:30:00	58.26729	11.43231	12	5	0	1	350	0.009	13.4	7	5.77	24.36	0	3	5	
2018-11-27 11:40:00	58.26729	11.43228	12	6	0	1	350	0.009	13.4	7	5.742	24.01	0	3	5	
2018-11-27 11:50:00	58.26735	11.43231	12	7	0	2	350	0.009	13.4	7	5.724	24.14	0	3	5	
2018-11-27 12:00:00	58.26729	11.43228	13	8	0	1	360	0.009	13.4	7	5.786	24.55	0	3	5	
2018-11-27 12:10:00	58.26735	11.43228	14	9	1	1	360	0.009	13.4	7	5.813	24.62	0	1	5	
2018-11-27 12:20:00	58.26744	11.43222	15	10	0	1	360	0.009	13.4	7	5.809	24.62	0	1	5	
2018-11-27 12:30:00	58.2672	11.43234	13	11	0	1	360	0.009	13.4	7	5.803	24.62	0	1	5	
2018-11-27 12:40:00	58.26723	11.43228	13	12	0	2	360	0.009	13.4	7	5.777	24.6	0	1	5	
2018-11-27 12:50:00	58.26726	11.43231	13	13	1	1	360	0.011	13.4	7	5.773	24.59	0	4	5	
2018-11-27 13:00:00	58.26726	11.43231	42	14	0	1	380	0.009	13.4	7	5.775	24.6	0	4	5	
2018-11-27 13:10:00	58.26726	11.43231	12	15	0	1	350	0.009	13.4	7	5.784	24.61	0	4	5	
2018-11-27 13:20:00	58.26726	11.43234	12	16	0	1	350	0.009	13.4	6	5.799	24.62	0	4	5	
2018-11-27 13:30:00	58.26726	11.43231	12	17	1	1	20	0.009	13.4	6	5.747	24.58	9		0	
2018-11-27 13:40:00	58.26726	11.43231	12	18	0	1	20	0.009	13.4	6	5.791	24.61	9		0	
2018-12-03 07:30:00	56.91876	12.29313	13	1	0		20	0.009	13.4	8	7.001		9		0	
2018-12-03 07:40:00	56.91114	12.26814	13	2	0	1	20	0.009	13.4	7	7.397		9		0	
2018-12-03 07:50:00	56.90169	12.2421	13	3	0	1	20	0.009	13.4	7	7.634		9		0	
2018-12-03 08:00:00	56.89206	12.21726	12	4	0	1	20	0.009	13.4	7	7.812		9		0	
2018-12-03 08:10:00	56.88438	12.19041	14	5	0	1	20	0.009	13.3	8	8.031		9		0	
2018-12-03 08:20:00	56.87772	12.16362	12	6	0	1	20	0.009	13.4	8	8.111		9		0	
2018-12-03 08:30:00	56.87037	12.13698	12	7	0	1	20	0.009	13.3	8	8.02		9		0	
2018-12-03 08:40:00	56.86323	12.11085	12	8	0	1	20	0.009	13.4	8	8.05		9		0	
2018-12-03 08:50:00	56.85867	12.08319	13	9	0	1	20	0.009	13.4	8	8.071		9		0	
2018-12-03 09:00:00	56.85468	12.0549	14	10	0	1	20	0.009	13.4	8	8.083		9		0	
2018-12-03 09:10:00	56.85153	12.02592	42	11	0	1	50	0.009	13.4	9	8.243		9		0	
2018-12-03 09:20:00	56.84757	11.99994	12	12	0	1	20	0.009	13.4	8	8.119		9		0	
2018-12-03 09:33:14	56.84661	11.97462	44	0	0	0	50	0.011	13.4	9	8.359		9		0	
2018-12-03 09:40:00	56.84601	11.97426	13	1	0	1	20	0.009	13.4	9	7.272	21.34	9		0	
2018-12-03 09:50:00	56.84631	11.97576	12	2	0	1	20	0.009	13.4	9	7.27	21.32	9		0	
2018-12-03 10:00:00	56.84778	11.97261	12	3	0	1	20	0.009	13.4	8	7.265	21.31	9		0	
2018-12-03 10:10:00	56.84739	11.97906	12	4	0	2	20	0.009	13.4	8	7.267	21.33	9		0	
2018-12-03 10:20:00	56.84925	11.97513	12	5	0	1	20	0.009	13.4	8	7.26	21.3	9		0	
2018-12-03 10:30:00	56.84946	11.98146	12	6	0	1	20	0.009	13.4	8	7.265	21.32	9		0	
2018-12-03 10:40:00	56.85159	11.97774	12	7	4	2	530	0.009	13.4	8	7.252	21.3	0	4	8	
2018-12-03 11:00:00	56.853	11.9796	42	8	0	1	560	0.009	13.4	9	7.243	21.27	0	4	8	
2018-12-03 11:20:00	56.85828	11.97108	12	9	0	3	530	0.009	13.4	9	7.268	21.33	0	4	8	
2018-12-03 11:40:00	56.86281	11.9604	12	10	0	1	530	0.009	13.4	9	7.277	21.48	0	4	8	
2018-12-03 12:00:00	56.86719	11.95017	12	11	0	1	530	0.009	13.4	9	7.355	21.69	0	4	8	
2018-12-03 12:20:00	56.86461	11.96709	12	12	0	1	530	0.009	13.4	9	7.308	21.57	0	4	8	
2018-12-03 12:40:00	56.86218	11.98317	13	13	0	1	540	0.011	13.4	9	7.283	21.53	0	4	8	
2018-12-03 13:00:00	56.85843	12.00591	42	14	0	1	560	0.009	13.3	9	7.27	21.46	0	4	8	
2018-12-03 13:20:00	56.85462	12.03027	12	15	0	1	530	0.009	13.3	9	7.255	21.36	0	4	8	
2018-12-03 13:40:00	56.85027	12.05163	12	16	0	1	530	0.009	13.3	9	7.253	21.37	0	4	8	
2018-12-03 14:00:00	56.84436	12.07314	12	17	0	1	530	0.009	13.3	9	7.264	21.43	0	4	8	
2018-12-03 14:20:00	56.83698	12.09555	13	18	0	1	540	0.009	13.3	9	7.274	21.48	0	4	8	
2018-12-03 14:40:00	56.83488	12.09612	12	19	0	3	530	0.009	13.3	9	7.263	21.47	0	4	8	
2018-12-03 15:00:00	56.83359	12.0861	42	20	0	1	560	0.009	13.3	9	7.239	21.4	0	4	8	
2018-12-03 15:20:00	56.83644	12.07413	13	21	0	1	540	0.009	13.3	9	7.253	21.46	0	4	8	
2018-12-03 15:40:00	56.83851	12.05922	14	22	0	1	540	0.009	13.3	9	7.283	21.61	0	4	8	
2018-12-03 16:00:00	56.841	12.04503	12	23	0	1	530	0.009	13.3	9	7.31	21.73	0	4	8	
2018-12-03 16:20:00	56.84544	12.03219	12	24	0	1	530	0.009	13.3	9	7.163	21.56	0	4	8	
2018-12-03 16:40:00	56.85051	12.02115	12	25	0	1	530	0.009	13.3	9	7.164	21.65	0	4	8	
2018-12-03 17:00:00	56.85759	12.01296	42	26	0	1	560	0.011	13.3	9	7.286	21.94	0	4	8	
2018-12-03 17:20:00	56.86461	12.00456	12	27	0	1	540	0.009	13.3	9	7.381	21.94	0	4	8	
2018-12-03 17:40:00	56.87142	11.99259	12	28	0	1	530	0.009	13.3	9	7.423	21.99	0	4	8	
2018-12-03 18:00:00	56.87934	11.98269	12	29	0	1	540	0.009	13.3	9	7.466	22.16	0	4	8	
2018-12-03 18:20:00	56.87457	12.003	12	30	0	2	530	0.009	13.3	9	7.433	21.99	0	4	8	
2018-12-03 18:40:00	56.87184	12.01041	12	31	0	3	530	0.009	13.3	9	7.428	21.95	0	4	8	
2018-12-03 19:00:00	56.87733	11.9997	12	32	0	1	530	0.009	13.3	9	7.466	22.15	0	4	8	
2018-12-03 19:20:00	56.87151	12.00921	13	33	0	1	540	0.011	13.3	9	7.436	22	0	4	8	
2018-12-03 19:40:00	56.87124	12.01065	41	34	0	1	560	0.009	13.3	9	7.437	22	0	4	8	
2018-12-03 20:00:00	56.87676	11.99949	41	35	0	1	560	0.009	13.3	9	7.472	22.19	0	4	8	
2018-12-03 20:20:00	56.87079	12.00816	12	36	0	1	530	0.009	13.3	9	7.436	22.02	0	4	8	
2018-12-03 20:40:00	56.8695	12.00984	12	37	0	1	530	0.009	13.3	9	7.425	21.99	0	4	8	
2018-12-03 21:00:00	56.87742	12.00327	12	38	0	1	530	0.009	13.3	9	7.464	22.19	0	4	8	
2018-12-03 21:20:00	56.87118	12.01074	13	39	0	1	540	0.009	13.3	9	7.429	22.02	0	4	8	
2018-12-03 21:40:00	56.86416	12.01887	13	40	0	1	540	0.011	13.3	9	7.388	21.91	0	4	8	
2018-12-03 22:00:00	56.85795	12.02976	41	41	0	1	570	0.011	13.3	9	7.369	21.92	0	4	8	
2018-12-03 22:20:00	56.85585	12.03498	11	42	0	1	530	0.009	13.3	9	7.348	21.88	0	4	8	
2018-12-03 22:40:00	56.86173	12.02244	12	43	0	1	530	0.011	13.3	9	7.377	21.99	0	4	8	
2018-12-03 23:00:00	56.86686	12.00906	12	44	0	1	530	0.009	13.3	9	7.381	22.01	0	4	8	
2018-12-03 23:20:00	56.87328	11.99853	12	45	0	1	530	0.009	13.3	9	7.423	22.1	0	4	8	
2018-12-03 23:40:00	56.87427	11.99985	12	46	0	1	540	0.009	13.3	9	7.425	22.11	0	4	8	
2018-12-04 00:00:00	56.86563	12.0108	12	47	0	1	530	0.009	13.3	9	7.38	22.06	0	4	8	
2018-12-04 00:20:00	56.87229	12.00561	12	48	0	1	540	0.009	13.3	9	7.418	22.12	0	4	8	
2018-12-04 00:40:00	56.87205	12.00618	11	49	0	1	530	0.009	13.3	9	7.421	22.16	0	4	8	
2018-12-04 01:00:00	56.86059	12.01074	41	50	0	1	560	0.009	13.3	9	7.396	22.16	0	4	8	
2018-12-04 01:20:00	56.86782	12.01146	12	51	0	1	530	0.009	13.3	9	7.432	22.24	0	4	8	
2018-12-04 01:40:00	56.86692	12.01392	16	52	0	1	540	0.011	13.3	9	7.438	22.29	0	4	8	
2018-12-04 02:00:00	56.85402	12.01602	12	53	0	1	530	0.009	13.3	9	7.397	22.34	0	4	8	
2018-12-04 02:20:00	56.85936	12.02028	12	54	0	3	530	0.009	13.3	9	7.515	22.36	0	4	8	
2018-12-04 02:40:00	56.86554	12.02556	41	55	0	1	560	0.009	13.3	9	7.674	22.53	0	4	8	
2018-12-04 03:00:00	56.87232	12.03033	12	56	0	1	530	0.011	13.3	9	7.509	22.54	0	4	8	
2018-12-04 03:20:00	56.85885	12.03384	14	57	0	1	540	0.009	13.3	9	7.522	22.5	0	4	8	
2018-12-04 03:40:00	56.85123	12.03909	13	58	0	1	540	0.009	13.3	9	7.522	22.51	0	4	8	
2018-12-04 04:00:00	56.8563	12.04323	23	59	0	1	550	0.009	13.3	9	7.504	22.7	0	4	8	
2018-12-04 04:20:00	56.86119	12.04848	21	0	0	1	540	0.009	13.3	9	7.582	23.11	0	4	8	
2018-12-04 04:40:00	56.86461	12.05361	41	1	0	1	560	0.011	13.3	9	7.635	23.35	0	4	8	
2018-12-04 05:00:00	56.86878	12.05898	13	2	0	1	540	0.011	13.3	9	7.687	23.46	0	4	8	
2018-12-04 05:40:00	56.87814	12.06927	71	4	0		590	0.009	13.3	10	7.712	23.83	0	4	8	
2018-12-04 06:00:00	56.8833	12.0717	12	5	0	1	530	0.009	13.3	9	7.785	24.18	0	4	8	
2018-12-04 06:20:00	56.86884	12.06798	13	6	0	1	540	0.009	13.3	9	7.756	24.1	0	4	8	
2018-12-04 06:40:00	56.86185	12.06651	12	7	0	1	530	0.009	13.3	9	7.776	24.21	0	4	8	
2018-12-04 07:00:00	56.86671	12.06711	12	8	0	1	540	0.009	13.3	9	7.902	24.49	0	4	8	
2018-12-04 07:20:00	56.87079	12.06918	13	9	0	1	540	0.011	13.3	9	7.443	23.46	0	4	8	
2018-12-04 07:40:00	56.87538	12.07083	13	10	0	2	540	0.009	13.3	9	7.082	23.06	0	4	8	
2018-12-04 08:00:00	56.8779	12.07242	58	11	0	1	580	0.009	13.3	9	6.839	22.75	0	4	8	
2018-12-04 08:20:00	56.88108	12.07257	12	12	0	1	530	0.009	13.3	9	6.898	22.94	0	4	8	
2018-12-04 09:20:00	56.85081	12.04578	15	15	0		540	0.011	13.3	8	7.127	23.25	0	4	8	
2018-12-04 09:40:00	56.83845	12.03339	14	16	0	1	540	0.009	13.3	8	7.433	23.66	0	4	8	
2018-12-04 10:20:00	56.81442	12.01137	12	18	0		530	0.009	13.4	9	7.579	23.97	0	4	8	
2018-12-04 10:40:00	56.82075	12.01617	12	19	0	2	540	0.009	13.4	9	7.524	23.87	0	4	8	
2018-12-04 11:00:00	56.82663	12.02115	12	20	0	1	530	0.011	13.3	9	7.312	23.58	0	4	8	
2018-12-04 11:20:00	56.83368	12.02547	14	21	0	1	540	0.009	13.4	9	7.154	23.5	0	4	8	
2018-12-04 11:40:00	56.84124	12.02988	16	22	0	2	540	0.009	13.4	9	7.114	23.51	0	4	8	
2018-12-04 12:00:00	56.84925	12.03336	40	23	0	1	570	0.009	13.4	9	7.054	23.45	0	4	8	
2018-12-04 12:20:00	56.85618	12.03666	11	24	0	1	530	0.009	13.4	8	6.885	23.1	0	4	8	
2018-12-04 12:40:00	56.85873	12.04395	12	25	0	1	530	0.011	13.3	8	6.776	22.87	0	4	8	
2018-12-04 13:20:00	56.86026	12.04755	13	27	0		540	0.009	13.3	8	6.701	22.58	0	4	8	
2018-12-04 13:40:00	56.86566	12.05241	15	28	0	2	540	0.009	13.3	8	6.683	22.52	0	4	8	
2018-12-04 14:00:00	56.85933	12.05094	41	29	0	1	560	0.009	13.3	8	6.682	22.55	0	4	8	
2018-12-04 14:20:00	56.84613	12.03894	12	30	1	2	830	0.011	13.3	8	6.707	22.67	0	4	13	
2018-12-04 14:40:00	56.83005	12.02928	12	31	0	1	840	0.011	13.3	8	6.896	23.22	0	4	13	
2018-12-04 15:00:00	56.82942	12.0324	12	32	0	2	830	0.011	13.2	8	6.839	23.12	0	4	13	
2018-12-04 15:20:00	56.83425	12.03948	41	33	0	1	860	0.009	13.2	9	6.702	22.7	0	4	13	
2018-12-04 15:40:00	56.83596	12.04857	12	34	0	1	830	0.009	13.2	8	6.692	22.64	0	4	13	
2018-12-04 16:00:00	56.84205	12.05481	12	35	0	1	830	0.009	13.2	9	6.658	22.55	0	4	13	
2018-12-04 16:20:00	56.84805	12.06012	12	36	0	1	830	0.009	13.2	8	6.627	22.5	0	4	13	
2018-12-04 16:40:00	56.84439	12.05967	12	37	0	1	840	0.009	13.2	9	6.601	22.47	0	4	13	
2018-12-04 17:00:00	56.85045	12.06738	14	38	0	1	840	0.011	13.2	8	6.553	22.4	0	4	13	
2018-12-04 17:20:00	56.85645	12.07401	65	39	0	1	890	0.011	13.2	9	6.569	22.43	0	4	13	
2018-12-04 17:40:00	56.85462	12.0723	12	40	0	1	830	0.009	13.2	9	6.55	22.46	0	4	13	
2018-12-04 18:00:00	56.85513	12.07233	13	41	0	1	840	0.011	13.2	8	6.566	22.48	0	4	13	
2018-12-04 18:20:00	56.86197	12.07665	26	42	0	3	850	0.009	13.2	9	6.566	22.51	0	4	13	
2018-12-04 18:40:00	56.86893	12.08049	18	43	0	1	840	0.011	13.2	9	6.561	22.6	0	4	13	
2018-12-04 19:00:00	56.87577	12.08556	41	44	0	1	860	0.009	13.2	9	6.518	22.56	0	4	13	
2018-12-04 19:20:00	56.87439	12.08226	12	45	0	1	840	0.009	13.2	8	6.516	22.59	0	4	13	
2018-12-04 19:40:00	56.86608	12.07038	13	46	0	1	840	0.009	13.2	8	6.517	22.62	0	4	13	
2018-12-04 20:00:00	56.87391	12.07362	41	47	0	1	860	0.011	13.1	9	6.674	23.25	0	4	13	
2018-12-04 20:20:00	56.87997	12.07704	12	48	0	1	830	0.011	13.1	8	6.65	23.42	0	4	13	
2018-12-04 20:40:00	56.87511	12.07152	12	49	0	1	840	0.011	13.1	8	6.672	23.5	0	4	13	
2018-12-04 21:00:00	56.87238	12.06324	12	50	0	1	830	0.009	13.1	8	6.808	23.83	0	4	13	
2018-12-04 21:30:00	56.88291	12.06798	12	51	1	1	830	0.011	13.2	8	6.542	23.1	0	4	13	
2018-12-04 22:00:00	56.89518	12.07254	12	52	0	1	830	0.009	13.1	8	6.532	23.02	0	4	13	
2018-12-04 22:30:00	56.90895	12.07674	41	53	0	1	860	0.011	13.1	8	6.525	23	0	4	13	
2018-12-04 23:00:00	56.89659	12.05694	12	54	0	1	830	0.009	13.1	8	6.525	23.05	0	4	13	
2018-12-04 23:30:00	56.90835	12.05952	41	55	0	1	860	0.009	13.1	8	6.51	23	0	4	13	
2018-12-05 00:00:00	56.91999	12.06978	13	56	0	1	830	0.009	13.1	8	6.485	22.98	0	4	13	
2018-12-05 00:30:00	56.90958	12.04863	13	57	0	1	840	0.011	13.1	7	6.518	23.05	0	4	13	
2018-12-05 01:00:00	56.92062	12.06042	42	58	0	1	860	0.011	13.1	8	6.528	23.15	0	4	13	
2018-12-05 01:30:00	56.90886	12.04317	12	59	0	1	830	0.009	13.1	7	6.522	23.15	0	4	13	
2018-12-05 02:00:00	56.92218	12.05094	41	0	0	1	860	0.011	13.1	8	6.664	23.78	0	4	13	
2018-12-05 02:30:00	56.93631	12.05628	12	1	0	1	830	0.011	13.1	8	6.859	24.64	0	4	13	
2018-12-05 03:00:00	56.95086	12.06438	71	2	0	1	890	0.011	13.1	8	6.909	25	0	4	13	
2018-12-05 03:30:00	56.93784	12.05232	12	3	0	1	840	0.011	13.1	8	6.876	24.86	0	4	13	
2018-12-05 04:00:00	56.94771	12.05874	11	4	0	2	830	0.011	13.1	8	6.878	24.89	0	4	13	
2018-12-05 04:30:00	56.93595	12.0483	13	5	0	1	840	0.009	13.1	8	6.926	24.87	0	4	13	
2018-12-05 05:00:00	56.94585	12.0582	13	6	0	1	840	0.009	13.1	8	6.824	24.74	0	4	13	
2018-12-05 05:30:00	56.9343	12.04797	41	7	0	1	860	0.011	13.1	8	6.91	24.86	0	4	13	
2018-12-05 06:00:00	56.94333	12.06108	40	8	0	1	860	0.009	13.1	8	6.803	24.65	0	4	13	
2018-12-05 06:30:00	56.93217	12.05265	13	9	0	1	830	0.009	13.1	8	6.82	24.73	0	4	13	
2018-12-05 07:00:00	56.93856	12.06621	12	10	0	1	840	0.009	13.1	8	6.768	24.61	0	4	13	
2018-12-05 07:30:00	56.92845	12.06252	12	11	0	1	830	0.011	13.1	7	6.627	24.12	0	4	13	
2018-12-05 08:00:00	56.92011	12.05817	41	12	0	1	860	0.009	13.1	8	6.567	23.67	0	4	13	
2018-12-05 08:30:00	56.91108	12.05376	11	13	0	1	60	0.009	13.1	7	6.425	23.14	1	4	0	
2018-12-05 09:00:00	56.91996	12.0639	11	14	0	1	830	0.009	13.2	7	6.584	23.7	0	4	13	
2018-12-05 09:30:00	56.93019	12.07257	12	15	0	1	830	0.011	13.2	7	6.709	24.36	0	4	13	
2018-12-05 10:00:00	56.93652	12.07245	11	16	0	1	830	0.009	13.2	7	6.742	24.5	0	4	13	
2018-12-05 10:30:00	56.94228	12.06888	12	17	0	3	830	0.009	13.2	8	6.75	24.47	0	4	13	
2018-12-05 11:00:00	56.94702	12.06057	41	18	0	1	860	0.009	13.2	8	6.686	24.27	0	4	13	
2018-12-05 11:30:00	56.95068	12.05121	11	19	0	1	830	0.009	13.2	8	6.644	24.15	0	4	13	
2018-12-05 12:00:00	56.95476	12.04008	12	20	0	2	830	0.009	13.2	8	6.694	24.17	0	4	13	
2018-12-05 13:00:00	56.96427	12.01809	12	22	0		830	0.011	13.2	8	6.591	23.95	0	4	13	
2018-12-05 13:30:00	56.96811	12.00837	41	23	0	2	870	0.009	13.2	8	6.584	23.92	0	4	13	
2018-12-05 14:00:00	56.97258	11.99706	11	24	0	2	830	0.009	13.1	8	6.636	23.92	0	4	13	
2018-12-05 14:30:00	56.97546	11.98668	12	25	0	1	830	0.009	13.1	7	6.584	23.83	0	4	13	
2018-12-05 15:00:00	56.97846	11.97717	12	26	0	1	830	0.011	13.1	7	6.691	23.79	0	4	13	
2018-12-05 15:30:00	56.98296	11.96676	12	27	0	1	830	0.011	13.1	7	6.703	23.72	0	4	13	
2018-12-05 16:00:00	56.988	11.95947	40	28	0	1	860	0.009	13.1	8	6.677	23.67	0	4	13	
2018-12-05 16:30:00	56.99382	11.94753	12	29	1	1	650	0.011	13.1	7	6.681	23.82	0	4	10	
2018-12-05 17:00:00	57.00153	11.9379	41	30	0	1	680	0.009	13.1	8	6.678	23.83	0	4	10	
2018-12-05 17:30:00	57.00708	11.92647	12	31	0	1	650	0.011	13.1	7	6.593	23.72	0	4	10	
2018-12-05 18:00:00	57.0129	11.91462	12	32	0	1	650	0.009	13.1	7	6.65	23.74	0	4	10	
2018-12-05 18:30:00	57.00966	11.94108	12	33	0	1	650	0.011	13.1	7	6.571	23.72	0	4	10	
2018-12-05 19:00:00	56.99997	11.95371	36	34	0	1	680	0.011	13.1	8	6.603	23.77	0	4	10	
2018-12-05 19:30:00	57.0057	11.94057	12	35	0	1	650	0.011	13.1	7	6.591	23.74	0	4	10	
2018-12-05 20:00:00	56.99814	11.95368	12	36	0	1	650	0.009	13.1	7	6.589	23.75	0	4	10	
2018-12-05 20:30:00	57.00324	11.93079	12	37	0	1	650	0.009	13.1	7	6.583	23.72	0	4	10	
2018-12-05 21:00:00	56.99778	11.94792	13	38	0	1	650	0.011	13.1	7	6.584	23.75	0	4	10	
2018-12-05 21:30:00	57.00471	11.92569	13	39	0	1	650	0.011	13.1	7	6.567	23.71	0	4	10	
2018-12-05 22:00:00	56.99982	11.93964	40	40	0	1	680	0.009	13.1	8	6.616	23.79	0	4	10	
2018-12-05 22:30:00	57.00816	11.91879	12	41	0	2	660	0.009	13.1	7	6.575	23.72	0	4	10	
2018-12-05 23:00:00	57.02592	11.90967	11	42	0	1	650	0.009	13.1	7	6.693	23.72	0	4	10	
2018-12-05 23:30:00	57.04431	11.89881	12	43	0	1	650	0.009	13.1	7	6.726	23.72	0	4	10	
2018-12-06 00:00:00	57.05937	11.88597	13	44	0	1	650	0.009	13.1	7	6.772	23.74	0	4	10	
2018-12-06 00:30:00	57.07293	11.87469	13	45	0	1	660	0.011	13.1	7	6.834	23.82	0	4	10	
2018-12-06 01:00:00	57.08457	11.85336	41	46	0	1	680	0.009	13.1	8	7.285	24.73	0	4	10	
2018-12-06 01:30:00	57.09141	11.82864	12	47	0	1	650	0.009	13.1	7	6.734	24.59	0	4	10	
2018-12-06 02:00:00	57.0984	11.80557	12	48	0	1	650	0.009	13.1	8	6.569	24.39	0	4	10	
2018-12-06 03:00:00	57.12039	11.81904	41	50	0		690	0.011	13.1	8	6.541	24.31	0	4	10	
2018-12-06 03:30:00	57.13671	11.84082	11	51	0	1	650	0.009	13.1	7	6.61	24.38	0	4	10	
2018-12-06 04:00:00	57.13524	11.81889	41	52	0	1	680	0.009	13.1	8	6.634	24.57	0	4	10	
2018-12-06 04:30:00	57.1485	11.84622	12	53	0	1	650	0.011	13.1	7	6.578	24.57	0	4	10	
2018-12-06 05:00:00	57.14172	11.82345	13	54	0	1	650	0.011	13.1	7	6.597	24.65	0	4	10	
2018-12-06 05:30:00	57.15423	11.85201	12	55	0	1	650	0.009	13.1	8	6.598	25.12	0	4	10	
2018-12-06 06:00:00	57.14841	11.82636	13	56	0	1	660	0.009	13.1	7	6.588	25.07	0	4	10	
2018-12-06 06:30:00	57.16206	11.84811	41	57	0	1	680	0.011	13.1	8	6.709	25.47	0	4	10	
2018-12-06 07:00:00	57.15339	11.82156	11	58	0	2	650	0.011	13.1	8	6.721	25.43	0	4	10	
2018-12-06 07:30:00	57.16656	11.83878	12	59	0	1	660	0.011	13.1	7	6.76	25.64	0	4	10	
2018-12-06 08:00:00	57.1602	11.81268	12	0	0	1	650	0.009	13.1	7	6.75	25.51	0	4	10	
2018-12-06 08:30:00	57.17397	11.83263	12	1	0	3	660	0.011	13.1	8	6.782	25.62	0	4	10	
2018-12-06 09:00:00	57.1689	11.80674	13	2	0	1	660	0.009	13.1	8	6.797	25.65	0	4	10	
2018-12-06 09:30:00	57.18303	11.83074	13	3	0	1	660	0.009	13.1	8	6.681	25.63	0	4	10	
2018-12-06 10:00:00	57.1791	11.80338	40	4	0	2	680	0.009	13.1	8	6.745	25.63	0	4	10	
2018-12-06 10:30:00	57.16845	11.79075	12	5	0	1	660	0.011	13.1	8	6.815	25.62	0	4	10	
2018-12-06 11:00:00	57.18342	11.81973	12	6	0	1	650	0.009	13.1	8	6.722	25.64	0	4	10	
2018-12-06 11:30:00	57.18147	11.79285	12	7	0	1	650	0.009	13.1	8	6.688	25.63	0	4	10	
2018-12-06 12:00:00	57.1914	11.76717	12	8	0	1	650	0.011	13.1	8	6.692	25.69	0	4	10	
2018-12-06 12:30:00	57.18795	11.74671	41	9	0	1	680	0.011	13.1	8	6.764	25.52	0	4	10	
2018-12-06 13:00:00	57.18195	11.73087	12	10	0	1	650	0.009	13.1	8	6.835	25.49	0	4	10	
2018-12-06 13:30:00	57.17397	11.71269	12	11	0	1	660	0.011	13.1	8	6.882	25.52	0	4	10	
2018-12-06 14:00:00	57.16626	11.69319	41	12	0	1	680	0.011	13.1	8	6.845	25.39	0	4	10	
2018-12-06 14:30:00	57.15861	11.67375	13	13	0	1	650	0.009	13.1	8	6.756	25.2	0	4	10	
2018-12-06 15:00:00	57.15048	11.65644	12	14	0	1	650	0.011	13.1	8	6.711	25.06	0	4	10	
2018-12-06 15:30:00	57.14052	11.6364	41	15	0	1	680	0.011	13.1	8	6.727	25.05	0	4	10	
2018-12-06 16:00:00	57.13575	11.66325	13	16	0	1	660	0.009	13.1	8	6.727	25.14	0	4	10	
2018-12-06 16:30:00	57.12939	11.69292	41	17	0	1	680	0.009	13.1	8	6.726	25.14	0	4	10	
2018-12-06 17:00:00	57.12267	11.72142	12	18	0	1	650	0.009	13.1	8	6.76	25.27	0	4	10	
2018-12-06 17:30:00	57.11541	11.75007	12	19	0	1	650	0.011	13.1	8	6.818	25.42	0	4	10	
2018-12-06 18:00:00	57.1053	11.71827	13	20	0	1	650	0.009	13.1	8	6.753	25.24	0	4	10	
2018-12-06 18:30:00	57.10125	11.68125	41	21	0	2	680	0.011	13.1	8	6.732	25.16	0	4	10	
2018-12-06 19:00:00	57.1017	11.71044	11	22	0	1	650	0.011	13.1	8	6.843	25.38	0	4	10	
2018-12-06 19:30:00	57.10284	11.74251	11	23	0	1	650	0.011	13.1	8	6.892	25.54	0	4	10	
2018-12-06 20:00:00	57.102	11.70999	11	24	0	1	650	0.011	13.1	8	6.902	25.5	0	4	10	
2018-12-06 20:30:00	57.10044	11.73993	12	25	0	1	650	0.011	13.1	8	6.864	25.47	0	4	10	
2018-12-06 21:00:00	57.11445	11.73036	41	26	0	1	680	0.011	13.1	8	6.881	25.55	0	4	10	
2018-12-06 21:30:00	57.12936	11.72487	11	27	0	1	660	0.009	13.1	8	6.968	25.66	0	4	10	
2018-12-06 22:00:00	57.1449	11.71689	12	28	0	1	650	0.009	13.1	8	6.943	25.57	0	4	10	
2018-12-06 22:30:00	57.15969	11.69871	11	29	0	1	650	0.011	13.1	8	6.941	25.49	0	4	10	
2018-12-06 23:00:00	57.17331	11.67912	12	30	0	1	660	0.009	13.1	8	6.945	25.37	0	4	10	
2018-12-06 23:30:00	57.18648	11.65674	14	31	0	1	650	0.009	13.1	8	6.982	25.43	0	4	10	
2018-12-07 00:00:00	57.1848	11.68725	40	32	0	1	680	0.011	13.1	8	6.984	25.44	0	4	10	
2018-12-07 00:30:00	57.19698	11.66682	13	33	0	1	650	0.011	13.1	8	7.015	25.5	0	4	10	
2018-12-07 01:00:00	57.18879	11.69685	12	34	0	1	650	0.009	13.1	8	6.994	25.5	0	4	10	
2018-12-07 01:30:00	57.20271	11.6955	41	35	0	1	680	0.009	13.1	9	6.965	25.57	0	4	10	
2018-12-07 02:00:00	57.18651	11.70666	41	36	0	2	680	0.009	13.1	8	6.992	25.53	0	4	10	
2018-12-07 02:30:00	57.19722	11.72148	12	37	0	1	650	0.009	13.1	8	6.98	25.62	0	4	10	
2018-12-07 03:00:00	57.20325	11.71131	41	38	0	1	680	0.009	13.1	9	6.941	25.6	0	4	10	
2018-12-07 03:30:00	57.2103	11.70273	11	39	0	1	650	0.009	13.1	8	6.954	25.62	0	4	10	
2018-12-07 04:00:00	57.19281	11.7039	13	40	0	1	660	0.009	13.1	8	6.972	25.6	0	4	10	
2018-12-07 04:30:00	57.1965	11.70885	13	41	0	1	650	0.011	13.1	8	6.953	25.62	0	4	10	
2018-12-07 05:00:00	57.20253	11.7138	12	42	0	1	650	0.009	13.1	8	6.978	25.64	0	4	10	
2018-12-07 06:00:00	57.1863	11.71728	41	44	0		680	0.009	13.1	8	6.979	25.65	0	4	10	
2018-12-07 06:30:00	57.18813	11.72973	12	45	0	1	650	0.011	13.1	8	7.054	25.77	0	4	10	
2018-12-07 07:00:00	57.18894	11.7435	41	46	0	1	680	0.011	13	8	6.582	25	0	4	10	
2018-12-07 07:30:00	57.18858	11.75193	41	47	0	1	680	0.009	13	8	6.542	24.87	0	4	10	
2018-12-07 08:00:00	57.18885	11.7549	12	48	0	1	660	0.011	13	8	6.588	24.88	0	4	10	
2018-12-07 08:30:00	57.18798	11.75835	12	49	0	1	650	0.009	13	8	6.556	24.66	0	4	10	
2018-12-07 09:00:00	57.18105	11.76075	12	50	0	3	650	0.011	13	8	6.536	24.6	0	4	10	
2018-12-07 09:30:00	57.17265	11.75427	14	51	0	3	660	0.011	13.1	8	6.53	24.56	0	4	10	
2018-12-07 10:00:00	57.16404	11.74152	40	52	1	1	50	0.011	13.1	8	6.52	24.55	9		0	
2018-12-07 10:30:00	57.15942	11.72394	12	53	0	1	20	0.009	13.1	7	6.53	24.55	9		0	
2018-12-07 11:00:00	57.1584	11.70423	12	54	0	1	20	0.011	13.1	7	6.538	24.58	9		0	
2018-12-07 11:30:00	57.15951	11.67843	12	55	2	1	480	0.009	13.1	7	6.489	24.62	0	4	7	
2018-12-07 12:00:00	57.16767	11.65377	13	56	0	1	470	0.011	13.1	7	6.484	24.74	0	4	7	
2018-12-07 12:30:00	57.17451	11.66175	41	57	0	1	500	0.009	13.1	8	6.468	24.64	0	4	7	
2018-12-07 13:00:00	57.17895	11.6736	11	58	0	1	470	0.011	13.1	7	6.432	24.55	0	4	7	
2018-12-07 13:30:00	57.18393	11.68359	12	59	0	1	480	0.009	13	7	6.409	24.46	0	4	7	
2018-12-07 14:00:00	57.1884	11.69475	41	0	0	1	510	0.011	13.1	8	6.346	24.26	0	4	7	
2018-12-07 14:30:00	57.19257	11.70789	11	1	0	1	470	0.009	13	7	6.332	24.16	0	4	7	
2018-12-07 15:00:00	57.19617	11.72241	11	2	0	1	470	0.011	13	7	6.395	24.2	0	4	7	
2018-12-07 15:30:00	57.19935	11.74164	11	3	0	1	470	0.009	13	7	6.466	24.29	0	4	7	
2018-12-07 16:00:00	57.18207	11.727	12	4	0	1	470	0.011	13	7	6.472	24.37	0	4	7	
2018-12-07 16:30:00	57.16359	11.71563	13	5	0	1	470	0.011	13	7	6.463	24.44	0	4	7	
2018-12-07 17:00:00	57.16731	11.73903	14	6	0	1	480	0.009	13	7	6.503	24.46	0	4	7	
2018-12-07 18:00:00	57.15066	11.75004	12	8	0		470	0.011	13	7	6.527	24.54	0	4	7	
2018-12-07 19:00:00	57.13737	11.81517	13	10	0		470	0.011	13	8	6.612	25.16	0	4	7	
2018-12-07 19:30:00	57.13059	11.79477	40	11	0	1	500	0.011	13	8	6.585	24.76	0	4	7	
2018-12-07 20:00:00	57.12117	11.82708	12	12	0	1	470	0.009	13	7	6.651	25.08	0	4	7	
2018-12-07 20:30:00	57.11751	11.81589	12	13	0	1	470	0.011	13	8	6.631	24.84	0	4	7	
2018-12-07 21:00:00	57.11484	11.79579	13	14	0	1	480	0.011	13	8	6.602	24.78	0	4	7	
2018-12-07 21:30:00	57.11151	11.83869	14	15	0	1	480	0.011	13	8	6.666	24.99	0	4	7	
2018-12-07 22:00:00	57.12117	11.81886	40	16	0	1	510	0.011	13	8	6.643	25.05	0	4	7	
2018-12-07 22:30:00	57.12243	11.79861	12	17	0	1	470	0.009	13	8	6.615	24.85	0	4	7	
2018-12-07 23:30:00	57.1203	11.85189	12	19	0		470	0.011	13	8	6.663	25.27	0	4	7	
2018-12-08 00:00:00	57.13188	11.84439	41	20	0	1	500	0.011	13	8	6.68	25.25	0	4	7	
2018-12-08 00:30:00	57.1416	11.83248	11	21	0	1	470	0.011	13	8	6.675	25.31	0	4	7	
2018-12-08 01:00:00	57.12351	11.83209	12	22	0	1	470	0.011	13	8	6.662	25.23	0	4	7	
2018-12-08 01:30:00	57.12996	11.81937	12	23	0	1	470	0.009	13	8	6.652	25.23	0	4	7	
2018-12-08 02:00:00	57.11085	11.82264	41	24	0	1	500	0.011	13	8	6.643	25.21	0	4	7	
2018-12-08 02:30:00	57.11577	11.80716	12	25	0	1	480	0.011	13	8	6.656	25.21	0	4	7	
2018-12-08 03:00:00	57.11997	11.78445	41	26	0	1	500	0.011	13	8	6.692	25.12	0	4	7	
2018-12-08 03:30:00	57.09888	11.80455	13	27	0	1	480	0.009	13	8	6.667	25.31	0	4	7	
2018-12-08 04:00:00	57.11046	11.79804	41	28	0	1	500	0.011	13	8	6.716	25.07	0	4	7	
2018-12-08 04:30:00	57.12168	11.79549	14	29	0	1	480	0.011	12.9	8	6.727	24.99	0	4	7	
2018-12-08 05:00:00	57.10122	11.79687	59	30	0	1	520	0.011	12.9	8	6.706	24.98	0	4	7	
2018-12-08 05:30:00	57.11004	11.78052	13	31	0	1	470	0.011	12.9	8	6.76	25.11	0	4	7	
2018-12-08 06:00:00	57.12243	11.76042	12	32	0	1	470	0.011	12.9	8	6.89	25.56	0	4	7	
2018-12-08 06:30:00	57.10989	11.78073	41	33	0	1	500	0.011	12.9	8	6.771	25.2	0	4	7	
2018-12-08 07:00:00	57.09561	11.80125	12	34	0	1	480	0.011	12.9	8	6.631	24.57	0	4	7	
2018-12-08 07:30:00	57.10449	11.766	11	35	0	1	470	0.011	12.9	7	6.825	25.39	0	4	7	
2018-12-08 08:00:00	57.09435	11.78148	15	36	0	1	480	0.011	12.9	8	6.663	24.72	0	4	7	
2018-12-08 08:30:00	57.08184	11.80158	65	37	0	1	530	0.009	12.9	8	6.621	24.26	0	4	7	
2018-12-08 09:00:00	57.08865	11.7597	12	38	0	1	470	0.011	12.9	8	6.656	24.7	0	4	7	
2018-12-08 09:30:00	57.08169	11.77758	11	39	1	1	350	0.011	12.9	8	6.632	24.33	0	4	5	
2018-12-08 10:00:00	57.07275	11.80215	12	40	0	2	350	0.011	12.9	7	6.542	24.06	0	4	5	
2018-12-08 10:30:00	57.08172	11.76561	12	41	0	1	350	0.011	13	7	6.641	24.36	0	4	5	
2018-12-08 11:00:00	57.07803	11.79378	24	42	0	1	360	0.009	13	8	6.535	24.11	0	4	5	
2018-12-08 11:30:00	57.08829	11.75973	41	43	0	1	380	0.011	13	8	6.664	24.46	0	4	5	
2018-12-08 12:00:00	57.08277	11.7789	40	44	0	1	380	0.011	13	8	6.589	24.24	0	4	5	
2018-12-08 12:30:00	57.0747	11.80131	11	45	0	1	360	0.009	13	8	6.638	24.33	0	4	5	
2018-12-08 13:00:00	57.06582	11.82582	12	46	0	1	350	0.011	13	7	6.692	24.55	0	4	5	
2018-12-08 13:30:00	57.06531	11.8014	41	47	0	2	380	0.011	12.9	8	6.696	24.55	0	4	5	
2018-12-08 14:00:00	57.05457	11.82588	12	48	0	1	350	0.011	13	7	6.701	25.02	0	4	5	
2018-12-08 14:30:00	57.0555	11.80434	12	49	0	1	350	0.009	12.9	7	6.701	24.89	0	4	5	
2018-12-08 15:00:00	57.04359	11.82819	41	50	0	1	380	0.011	12.9	8	6.662	25.23	0	4	5	
2018-12-08 15:30:00	57.0315	11.85456	12	51	0	1	350	0.011	12.9	7	6.688	25.42	0	4	5	
2018-12-08 16:00:00	57.02871	11.83494	40	52	0	1	380	0.009	12.9	8	6.711	25.46	0	4	5	
2018-12-08 16:30:00	57.02604	11.81091	13	53	0	1	350	0.011	12.9	8	6.682	25.35	0	4	5	
2018-12-08 17:00:00	57.01146	11.83551	13	54	0	1	350	0.011	12.9	8	6.682	25.41	0	4	5	
2018-12-08 17:30:00	56.9955	11.86428	13	55	0	2	350	0.011	12.9	7	6.759	25.46	0	4	5	
2018-12-08 18:00:00	56.99367	11.84787	59	56	0	2	400	0.009	12.9	8	6.679	25.38	0	4	5	
2018-12-08 18:30:00	56.97831	11.87361	13	57	0	1	360	0.009	12.9	8	6.768	25.46	0	4	5	
2018-12-08 19:00:00	56.97687	11.85459	12	58	0	1	350	0.011	12.9	7	6.692	25.37	0	4	5	
2018-12-08 19:30:00	56.97531	11.83083	40	59	0	1	380	0.009	12.9	8	6.684	25.29	0	4	5	
2018-12-08 20:00:00	56.9601	11.85492	12	0	0	1	350	0.011	12.9	8	6.694	25.38	0	4	5	
2018-12-08 20:30:00	56.96676	11.83272	12	1	0	1	350	0.011	12.9	7	6.7	25.3	0	4	5	
2018-12-08 21:00:00	56.9523	11.85594	12	2	0	1	350	0.009	12.9	8	6.702	25.38	0	4	5	
2018-12-08 21:30:00	56.95986	11.83557	13	3	0	1	350	0.011	12.9	8	6.726	25.34	0	4	5	
2018-12-08 22:00:00	56.94723	11.86785	65	4	0	1	410	0.009	12.9	8	6.714	25.38	0	4	5	
2018-12-08 22:30:00	56.92869	11.89767	12	5	0	1	350	0.011	12.9	8	6.933	25.23	0	4	5	
2018-12-08 23:00:00	56.94267	11.89341	41	6	0	1	380	0.009	12.9	8	6.785	25.36	0	4	5	
2018-12-08 23:30:00	56.96004	11.88828	13	7	0	1	350	0.011	12.9	8	6.737	25.49	0	4	5	
2018-12-09 00:00:00	56.97792	11.88048	59	8	0	1	400	0.011	12.9	8	6.677	25.39	0	4	5	
2018-12-09 00:30:00	56.95812	11.89602	13	9	0	1	350	0.011	12.9	7	6.725	25.51	0	4	5	
2018-12-09 01:00:00	56.97345	11.89818	41	10	0	1	380	0.011	12.9	8	6.688	25.36	0	4	5	
2018-12-09 01:30:00	56.98794	11.90196	12	11	0	1	350	0.011	12.8	8	6.609	24.76	0	4	5	
2018-12-09 02:00:00	56.96544	11.92182	30	12	0	1	370	0.011	12.8	8	6.694	25.24	0	4	5	
2018-12-09 02:30:00	56.97522	11.93595	41	13	0	1	390	0.009	12.8	8	6.6	24.83	0	4	5	
2018-12-09 03:00:00	56.98419	11.95131	12	14	0	1	350	0.009	12.8	7	6.686	25.08	0	4	5	
2018-12-09 03:30:00	56.98797	11.9676	12	15	0	1	350	0.009	12.8	7	6.797	25.33	0	4	5	
2018-12-09 04:00:00	56.99241	11.97999	12	16	0	1	350	0.011	12.8	8	6.959	25.82	0	4	5	
2018-12-09 04:30:00	56.99169	11.96772	12	17	0	1	350	0.011	12.8	8	6.988	25.85	0	4	5	
2018-12-09 05:00:00	56.99352	11.97828	41	18	0	1	380	0.009	12.8	8	7.001	25.86	0	4	5	
2018-12-09 05:30:00	56.97087	11.98392	12	19	0	1	350	0.011	12.8	8	6.996	25.86	0	4	5	
2018-12-09 06:00:00	56.97555	11.98539	12	20	0	1	350	0.011	12.8	8	6.971	25.75	0	4	5	
2018-12-09 06:30:00	56.98236	11.98896	12	21	0	2	350	0.011	12.8	8	6.956	25.64	0	4	5	
2018-12-09 07:00:00	56.98314	11.9718	13	22	0	1	350	0.011	12.8	8	6.972	25.6	0	4	5	
2018-12-09 07:30:00	56.99025	11.98899	41	23	0	1	380	0.009	12.8	8	6.514	24.03	0	4	5	
2018-12-09 08:00:00	56.99598	11.98377	40	24	0	1	380	0.011	12.8	8	6.461	23.74	0	4	5	
2018-12-09 08:30:00	57.00279	11.97822	12	25	0	1	350	0.009	12.8	7	6.521	24.03	0	4	5	
2018-12-09 09:00:00	57.00864	11.97606	12	26	0	1	350	0.009	12.8	7	6.505	23.94	0	4	5	
2018-12-09 09:30:00	57.01317	11.97486	12	27	0	1	350	0.009	12.8	7	6.544	24.11	0	4	5	
2018-12-09 10:00:00	56.99478	11.96907	12	28	0	1	350	0.009	12.8	7	6.519	24	0	4	5	
2018-12-09 10:30:00	56.9775	11.96289	12	29	0	1	350	0.011	12.8	7	6.544	24.09	0	4	5	
2018-12-09 11:00:00	56.96157	11.95935	41	30	0	1	380	0.011	12.8	8	6.525	23.96	0	4	5	
2018-12-09 11:30:00	56.94813	11.95419	41	31	0	2	390	0.011	12.8	8	6.68	24.7	0	4	5	
2018-12-09 12:00:00	56.95632	11.95533	12	32	0	1	350	0.011	12.9	7	6.547	24.05	0	4	5	
2018-12-09 12:30:00	56.94576	11.95158	12	33	0	1	350	0.011	12.8	7	6.718	24.84	0	4	5	
2018-12-09 13:00:00	56.93748	11.943	13	34	0	3	360	0.011	12.8	7	6.825	25.25	0	4	5	
2018-12-09 13:30:00	56.93508	11.92377	14	35	0	1	350	0.011	12.8	8	6.949	25.61	0	4	5	
2018-12-09 14:00:00	56.93307	11.90844	40	36	0	1	380	0.011	12.8	8	6.948	25.66	0	4	5	
2018-12-09 14:30:00	56.93055	11.88666	12	37	0	1	360	0.011	12.8	8	6.964	25.77	0	4	5	
2018-12-09 15:00:00	56.92806	11.86566	12	38	0	1	350	0.011	12.8	8	6.85	25.58	0	4	5	
2018-12-09 15:30:00	56.91438	11.8389	12	39	0	2	350	0.011	12.8	8	6.815	25.48	0	4	5	
2018-12-09 16:00:00	56.90595	11.87523	12	40	0	1	350	0.011	12.8	7	6.91	25.76	0	4	5	
2018-12-09 16:30:00	56.89149	11.84232	71	41	0	1	410	0.011	12.8	8	6.751	25.46	0	4	5	
2018-12-09 17:00:00	56.89326	11.86059	13	42	0	1	360	0.011	12.8	8	6.857	25.65	0	4	5	
2018-12-09 17:30:00	56.88342	11.82939	13	43	0	1	350	0.011	12.8	8	6.799	25.58	0	4	5	
2018-12-09 18:00:00	56.88393	11.84616	15	44	0	2	360	0.011	12.8	8	6.849	25.68	0	4	5	
2018-12-09 18:30:00	56.88438	11.86185	13	45	0	1	350	0.011	12.8	8	6.736	25.26	0	4	5	
2018-12-09 19:00:00	56.88543	11.87394	17	46	0	3	360	0.009	12.8	7	6.689	25.05	0	4	5	
2018-12-09 19:30:00	56.88225	11.89611	40	47	0	1	380	0.011	12.8	8	6.638	24.84	0	4	5	
2018-12-09 20:00:00	56.88492	11.9133	12	48	0	1	350	0.011	12.8	7	6.703	25.06	0	4	5	
2018-12-09 20:30:00	56.89116	11.92257	12	49	0	1	350	0.011	12.8	7	6.506	24.34	0	4	5	
2018-12-09 21:00:00	56.86422	11.90634	13	50	0	1	350	0.011	12.8	7	6.65	24.91	0	4	5	
2018-12-09 21:30:00	56.86797	11.92482	12	51	0	1	350	0.009	12.8	7	6.287	23.52	0	4	5	
2018-12-09 22:00:00	56.87256	11.94156	64	52	0	1	110	0.011	12.8	8	6.303	23.48	1	4	0	
2018-12-09 22:30:00	56.87424	11.96379	12	53	0	1	350	0.011	12.8	7	6.375	23.64	0	4	5	
2018-12-09 23:00:00	56.8515	11.94759	12	54	0	1	350	0.009	12.8	7	6.41	23.95	0	4	5	
2018-12-09 23:30:00	56.85714	11.96883	12	55	0	1	350	0.011	12.8	7	6.427	24	0	4	5	
2018-12-10 00:00:00	56.86536	11.99292	41	56	0	1	380	0.011	12.8	7	6.282	23.4	0	4	5	
2018-12-10 00:30:00	56.84313	11.97777	11	57	0	1	350	0.011	12.8	7	6.446	24.25	0	4	5	
2018-12-10 01:00:00	56.85057	11.98794	12	58	0	1	350	0.011	12.8	7	6.284	23.5	0	4	5	
2018-12-10 01:30:00	56.83533	11.97336	12	59	0	2	350	0.011	12.8	7	6.447	24.28	0	4	5	
2018-12-10 02:00:00	56.84238	11.98413	12	0	0	1	350	0.011	12.7	7	6.242	23.46	0	4	5	
2018-12-10 02:30:00	56.85024	11.99301	40	1	0	1	390	0.011	12.7	7	6.208	23.48	0	4	5	
2018-12-10 03:00:00	56.85711	12.00138	12	2	0	1	350	0.011	12.7	7	6.168	23.45	0	4	5	
2018-12-10 03:30:00	56.83791	11.98479	12	3	0	1	350	0.011	12.7	7	6.12	23.22	0	4	5	
2018-12-10 04:00:00	56.84199	11.99385	13	4	0	1	350	0.011	12.7	7	6.146	23.35	0	4	5	
2018-12-10 04:30:00	56.84673	12.00234	13	5	0	1	350	0.009	12.7	7	6.113	23.16	0	4	5	
2018-12-10 05:00:00	56.85105	12.01152	40	6	0	1	380	0.009	12.7	7	6.06	22.95	0	4	5	
2018-12-10 05:30:00	56.83278	11.98911	13	7	0	1	350	0.011	12.7	7	6.119	23.2	0	4	5	
2018-12-10 06:00:00	56.83605	11.9937	41	8	0	1	380	0.011	12.7	7	6.047	22.91	0	4	5	
2018-12-10 06:30:00	56.84211	11.99628	41	9	0	1	380	0.011	12.7	7	6.033	22.82	0	4	5	
2018-12-10 07:00:00	56.84895	12.00036	13	10	0	2	360	0.011	12.7	7	6.061	22.99	0	4	5	
2018-12-10 07:30:00	56.85558	12.00429	12	11	0	1	350	0.011	12.7	7	6.099	23.2	0	4	5	
2018-12-10 08:00:00	56.83887	11.97906	41	12	0	1	380	0.011	12.7	7	6.158	23.38	0	4	5	
2018-12-10 08:30:00	56.84607	11.98242	13	13	0	1	360	0.011	12.7	7	6.197	23.73	0	4	5	
2018-12-10 09:00:00	56.85729	11.98191	13	14	0	1	350	0.011	12.8	7	6.459	24.8	0	4	5	
2018-12-10 09:30:00	56.86779	11.98074	12	15	0	3	350	0.011	12.8	7	6.707	25.33	0	4	5	
2018-12-10 10:00:00	56.85252	11.95479	12	16	0	1	350	0.011	12.9	7	6.807	25.57	0	4	5	
2018-12-10 10:30:00	56.86101	11.95608	12	17	0	2	350	0.011	12.9	7	6.853	25.7	0	4	5	
2018-12-10 11:00:00	56.87058	11.95572	13	18	0	1	350	0.011	12.9	7	6.898	25.88	0	4	5	
2018-12-10 11:30:00	56.85645	11.92851	40	19	0	1	380	0.011	12.9	8	6.952	26	0	4	5	
2018-12-10 12:00:00	56.86461	11.94474	12	20	0	1	350	0.011	12.9	7	6.847	25.69	0	4	5	
2018-12-10 12:30:00	56.87616	11.96208	41	21	0	1	380	0.009	12.9	8	6.85	25.72	0	4	5	
2018-12-10 13:00:00	56.88309	11.98302	11	22	0	1	360	0.011	12.9	7	6.823	25.88	0	4	5	
2018-12-10 13:30:00	56.89359	11.99067	13	23	0	1	350	0.011	12.9	7	6.979	26.61	0	4	5	
2018-12-10 14:00:00	56.90403	11.99727	41	24	0	1	380	0.011	12.8	8	7.075	26.85	0	4	5	
2018-12-10 14:30:00	56.91189	12.00753	12	25	0	1	350	0.011	12.8	8	7.082	26.86	0	4	5	
2018-12-10 15:00:00	56.91663	12.0207	42	26	0	1	380	0.011	12.8	8	7.004	26.56	0	4	5	
2018-12-10 15:30:00	56.91612	12.03426	12	27	0	1	350	0.009	12.8	8	6.966	26.63	0	4	5	
2018-12-10 16:00:00	56.91378	12.04431	12	28	0	1	350	0.011	12.8	8	6.409	26.09	0	4	5	
2018-12-10 16:30:00	56.89869	12.00645	40	29	0	1	380	0.011	12.7	8	6.978	26.57	0	4	5	
2018-12-10 17:00:00	56.89644	12.0195	12	30	0	1	350	0.011	12.7	8	6.958	26.85	0	4	5	
2018-12-10 17:30:00	56.89302	12.02937	12	31	0	3	350	0.011	12.7	8	6.472	25.78	0	4	5	
2018-12-10 18:00:00	56.8794	11.98851	14	32	0	1	360	0.011	12.7	8	6.967	26.68	0	4	5	
2018-12-10 18:30:00	56.87541	11.99832	14	33	0	1	350	0.011	12.7	8	6.431	26.21	0	4	5	
2018-12-10 19:00:00	56.87166	12.00651	40	34	0	1	380	0.011	12.7	8	6.465	25.82	0	4	5	
2018-12-10 19:30:00	56.86833	12.018	12	35	0	1	350	0.011	12.7	7	6.547	25.83	0	4	5	
2018-12-10 20:00:00	56.85714	11.97318	70	36	0	1	410	0.011	12.6	8	6.734	26.76	0	4	5	
2018-12-10 20:30:00	56.85303	11.97591	11	37	0	1	350	0.009	12.6	7	6.461	25.99	0	4	5	
2018-12-10 21:00:00	56.84943	11.9841	11	38	0	1	350	0.009	12.6	7	6.531	25.85	0	4	5	
2018-12-10 21:30:00	56.847	11.99745	12	39	0	1	350	0.011	12.6	7	6.776	26.01	0	4	5	
2018-12-10 22:00:00	56.84163	11.95635	41	40	0	1	380	0.011	12.6	8	6.491	26.01	0	4	5	
2018-12-10 22:30:00	56.83893	11.96223	12	41	0	1	350	0.009	12.6	7	6.568	25.92	0	4	5	
2018-12-10 23:00:00	56.83527	11.96787	14	42	0	1	360	0.011	12.5	7	6.574	25.53	0	4	5	
2018-12-10 23:30:00	56.83404	11.98206	41	43	0	1	380	0.011	12.5	8	6.593	25.31	0	4	5	
2018-12-11 00:00:00	56.8359	11.94351	12	44	0	1	350	0.011	12.5	7	6.509	25.45	0	4	5	
2018-12-11 00:30:00	56.8365	11.95275	12	45	0	1	350	0.011	12.5	7	6.501	25.29	0	4	5	
2018-12-11 01:00:00	56.8383	11.96955	41	46	0	1	280	0.011	12.5	8	6.513	25.06	1	4	3	
2018-12-11 01:30:00	56.84229	11.93421	12	47	0	1	120	0.011	12.4	7	6.522	25.4	1	4	1	
2018-12-11 02:00:00	56.84355	11.94768	41	48	0	1	160	0.011	12.4	8	6.425	25.05	1	4	1	
2018-12-11 02:30:00	56.84547	11.96718	13	49	0	1	100	0.011	12.4	7	6.284	24.42	1	4	0	
2018-12-11 03:00:00	56.84775	11.9343	14	50	0	1	100	0.011	12.4	7	6.466	25.27	1	4	1	
2018-12-11 03:30:00	56.84679	11.94774	12	51	0	2	90	0.011	12.4	7	6.343	24.84	1	4	0	
2018-12-11 04:00:00	56.84571	11.96982	15	52	0	1	80	0.011	12.4	7	6.255	24.4	1	4	0	
2018-12-11 04:30:00	56.8491	11.94162	14	53	0	1	80	0.011	12.4	7	6.408	25.19	1	4	0	
2018-12-11 05:00:00	56.84664	11.96259	40	54	0	1	90	0.011	12.4	7	6.283	24.81	1	4	0	
2018-12-11 05:30:00	56.8491	11.934	13	55	0	1	60	0.011	12.4	7	6.401	25.34	1	4	0	
2018-12-11 06:00:00	56.84343	11.95128	13	56	0	1	70	0.011	12.4	7	6.304	24.96	1	4	0	
2018-12-11 06:30:00	56.83875	11.97558	13	57	0	1	60	0.011	12.4	7	6.23	24.62	1	4	0	
2018-12-11 07:30:00	56.8275	12.02328	15	59	0	1	60	0.011	12.4	7	5.963	23.22	1	4	0	
2018-12-11 08:00:00	56.82306	12.04665	40	0	0	1	90	0.011	12.4	7	6.025	23.35	1	4	0	
2018-12-11 08:30:00	56.82057	12.06942	12	1	1	1	20	0.011	12.4	7	6.099	23.65	9		0	
2018-12-11 09:00:00	56.81772	12.09204	13	2	0	1	20	0.011	12.4	7	6.092	23.6	9		0	
2018-12-11 09:30:00	56.81481	12.11559	12	3	0	2	20	0.011	12.5	7	6.079	23.48	9		0	
2018-12-11 10:00:00	56.81331	12.13818	41	4	0	1	50	0.011	12.5	7	6.031	23.21	9		0	
2018-12-11 10:30:00	56.81511	12.15927	11	5	0	1	20	0.011	12.6	7	6.045	23.18	9		0	
2018-12-11 11:00:00	56.81661	12.18222	12	6	0	3	20	0.011	12.6	7	6.052	23.17	9		0	
2018-12-11 11:30:00	56.81706	12.20454	12	7	0	1	20	0.011	12.7	7	6.066	23.2	9		0	
2018-12-11 12:00:00	56.81049	12.20652	12	8	0	1	20	0.011	12.8	7	5.969	22.75	9		0	
2018-12-11 12:30:00	56.81079	12.22866	12	9	1	1	350	0.011	12.8	7	5.855	22.28	0	4	5	
2018-12-11 13:00:00	56.81262	12.2505	13	10	0	1	350	0.011	12.8	7	5.822	22.05	0	4	5	
2018-12-11 13:30:00	56.81475	12.27264	41	11	0	2	380	0.011	12.8	7	5.813	21.91	0	4	5	
2018-12-11 14:00:00	56.81769	12.29646	12	12	0	1	350	0.009	12.7	6	5.813	21.86	0	4	5	
2018-12-11 14:30:00	56.81781	12.32274	12	13	0	1	350	0.011	12.7	7	5.83	21.88	0	4	5	
2018-12-11 15:00:00	56.81634	12.34827	12	14	0	1	350	0.011	12.7	7	5.903	22.12	0	4	5	
2018-12-11 15:30:00	56.81916	12.37155	12	15	0	1	350	0.011	12.7	7	5.902	22.16	0	4	5	
2018-12-11 16:00:00	56.82105	12.39318	59	16	0	1	400	0.011	12.6	7	5.897	22.14	0	4	5	
2018-12-11 16:30:00	56.82423	12.41553	12	17	0	1	350	0.009	12.6	7	5.878	22.08	0	4	5	
2018-12-11 17:00:00	56.82666	12.43734	13	18	0	1	350	0.011	12.6	7	5.906	22.2	0	4	5	
2018-12-11 17:30:00	56.82951	12.44526	41	19	0	1	380	0.011	12.6	7	5.986	22.55	0	4	5	
2018-12-11 18:00:00	56.83167	12.44967	11	20	1	2	20	0.011	12.5	7	6.041	22.68	9		0	
2018-12-11 18:30:00	56.82969	12.46869	12	21	0	1	20	0.011	12.5	7	6.088	22.85	9		0	
2018-12-11 19:00:00	56.82558	12.4815	12	22	0	1	20	0.011	12.5	7	6.056	22.86	9		0	
2018-12-11 19:30:00	56.82855	12.47178	11	23	0	1	20	0.011	12.5	6	6.073	22.86	9		0	
2018-12-11 20:00:00	56.8245	12.48444	40	24	0	1	50	0.009	12.5	7	6.059	22.86	9		0	
2018-12-11 20:30:00	56.82972	12.47649	12	25	0	1	20	0.011	12.5	6	6.021	22.84	9		0	
2018-12-11 21:00:00	56.83359	12.47112	12	26	0	1	20	0.011	12.5	6	6.025	22.9	9		0	
2018-12-11 21:30:00	56.83185	12.47163	11	27	0	1	20	0.011	12.6	6	5.978	22.82	9		0	
2018-12-11 22:00:00	56.83056	12.47199	41	28	0	1	50	0.011	12.5	6	6.002	22.83	9		0	
2018-12-11 22:30:00	56.83353	12.46719	11	29	0	1	20	0.011	12.5	6	5.964	22.81	9		0	
2018-12-11 23:00:00	56.83362	12.48045	12	30	0	3	20	0.009	12.5	6	6.028	22.94	9		0	
2018-12-11 23:30:00	56.83533	12.48576	12	31	0	1	20	0.011	12.5	6	5.789	22.64	9		0	
2018-12-12 00:30:00	56.83728	12.48732	41	33	0	0	50	0.011	12.5	6	5.786	22.68	9		0	
2018-12-12 01:00:00	56.83818	12.48417	12	34	0	1	20	0.011	12.5	6	6.003	22.94	9		0	
2018-12-12 01:30:00	56.83782	12.49104	41	35	0	1	50	0.011	12.5	6	5.844	22.77	9		0	
2018-12-12 02:00:00	56.83764	12.49623	12	36	0	1	20	0.011	12.5	6	5.757	22.59	9		0	
2018-12-12 02:30:00	56.83707	12.49098	12	37	0	1	20	0.011	12.5	6	5.763	22.62	9		0	
2018-12-12 03:00:00	56.83752	12.4887	13	38	0	1	20	0.011	12.5	6	5.873	22.85	9		0	
2018-12-12 03:30:00	56.83842	12.49347	14	39	0	1	20	0.011	12.5	6	5.712	22.62	9		0	
2018-12-12 04:00:00	56.83788	12.49737	40	40	0	1	50	0.011	12.5	6	5.775	22.59	9		0	
2018-12-12 04:30:00	56.83635	12.48951	12	41	0	1	20	0.011	12.5	6	5.727	22.55	9		0	
2018-12-12 05:00:00	56.83599	12.48588	12	42	0	1	20	0.009	12.5	5	5.658	22.5	9		0	
2018-12-12 05:30:00	56.83644	12.48906	12	43	0	2	20	0.011	12.5	5	5.688	22.57	9		0	
2018-12-12 06:00:00	56.83527	12.49155	12	44	0	1	20	0.011	12.5	5	5.728	22.58	9		0	
2018-12-12 06:30:00	56.83725	12.50853	12	45	0	1	20	0.011	12.5	5	5.756	22.65	9		0	
2018-12-12 07:00:00	56.83818	12.52524	13	46	0	1	20	0.011	12.6	5	5.851	22.87	9		0	
2018-12-12 07:30:00	56.83956	12.5247	41	47	0	1	50	0.011	12.5	5	5.891	22.91	9		0	
2018-12-12 08:00:00	56.84292	12.51426	12	48	0	1	20	0.009	12.5	5	5.786	22.95	9		0	
2018-12-12 08:30:00	56.84253	12.51171	12	49	0	1	20	0.011	12.6	5	5.643	22.95	9		0	
2018-12-12 09:00:00	56.84475	12.52683	13	50	0	1	20	0.011	12.6	5	5.739	22.91	9		0	
2018-12-13 10:33:11	58.30986	11.5386	12	0	0	0	20	0.011	12.7	6	7.139	29.12	9		0	
2018-12-13 10:40:00	58.30986	11.5386	12	1	0	1	20	0.011	12.7	6	7.057	29	9		0	
2018-12-13 10:50:00	58.30992	11.53863	12	2	3	1	480	0.009	12.7	5	7.151	29.21	0	7	7	
2018-12-13 11:00:00	58.30986	11.53863	46	3	0	1	510	0.009	12.7	7	7.146	29.25	0	7	7	
2018-12-13 11:10:00	58.30989	11.53863	12	4	0	2	480	0.009	12.6	7	7.086	29.15	0	7	7	
2018-12-13 11:20:00	58.30986	11.53866	12	5	0	1	480	0.011	12.6	7	7.081	29.16	0	7	7	
2018-12-13 11:30:00	58.30989	11.53863	14	6	1	1	20	0.011	12.5	7	7.175	29.25	9		0	
2019-04-23 11:31:35	57.42486	18.21342	11	0	0	0	20	0.011	12.9	22	19.57		9		0	
2019-04-23 11:40:00	57.4248	18.21336	12	1	0	1	20	0.009	13	22	19.229		9		0	
2019-04-23 11:50:00	57.42483	18.21336	11	2	0	1	20	0.009	13	23	20.19		9		0	
2019-04-23 12:00:00	57.4248	18.21327	12	3	0	1	20	0.009	13	24	20.316		9		0	
2019-04-23 12:10:00	57.4248	18.21342	12	4	0	1	20	0.009	13	25	19.271		9		0	
2019-04-23 12:20:00	57.42477	18.21348	12	5	0	1	20	0.009	13	26	20.543		9		0	
2019-04-23 12:30:00	57.42501	18.21336	12	6	0	1	20	0.009	13	26	19.75		9		0	
2019-04-23 12:40:00	57.42483	18.21339	12	7	0	2	20	0.009	13	27	19.196		9		0	
2019-04-23 12:50:00	57.42489	18.21333	12	8	0	3	20	0.011	12.9	27	20.724		9		0	
2019-04-23 13:20:00	57.42486	18.21345	19	11	0		30	0.009	12.9	26	19.037		9		0	
2019-04-23 13:30:00	57.42504	18.21324	13	12	0	2	20	0.009	12.9	25	18.719		9		0	
2019-04-23 13:40:00	57.42492	18.21354	13	13	0	1	20	0.009	13	24	18.381		9		0	
2019-04-23 14:00:00	57.42498	18.21381	41	15	0		50	0.011	13	23	19.042		9		0	
2019-04-23 14:20:00	57.42498	18.21384	12	17	0		20	0.011	12.9	23	19.113		9		0	
2019-04-23 14:30:00	57.42498	18.21381	16	18	0	2	20	0.011	13	22	19.108		9		0	
2019-04-23 15:00:00	57.42498	18.21375	13	21	0		20	0.011	12.9	21	18.414		9		0	
2019-04-23 15:10:00	57.42504	18.21378	13	22	0	1	20	0.011	13	21	18.511		9		0	
2019-04-23 15:20:00	57.42504	18.21375	13	23	0	1	20	0.011	12.9	21	18.749		9		0	
2019-04-23 17:24:11	57.40641	18.15711	11	0	0	0	20	0.011	12.9	18	15.249		9		0	
2019-04-23 17:30:00	57.40641	18.15714	11	1	0	1	20	0.009	13	18	14.69		9		0	
2019-04-23 17:50:00	57.40638	18.15717	12	3	0		20	0.009	13	17	13.697		9		0	
2019-04-23 18:00:00	57.39786	18.14475	12	4	0	1	20	0.009	12.9	16	11.849		9		0	
2019-04-23 18:10:00	57.39081	18.13023	11	5	0	2	20	0.009	12.9	16	10.255		9		0	
2019-04-23 18:20:00	57.39108	18.12705	11	6	0	1	20	0.011	12.9	15	5.876	7.72	9		0	
2019-04-23 18:30:00	57.39117	18.12318	11	7	2	1	20	0.009	13	13	5.977	7.74	9		0	
2019-04-23 18:40:00	57.3906	18.1197	11	8	0	1	20	0.009	12.9	12	5.919	7.73	9		0	
2019-04-23 18:50:00	57.39072	18.1176	12	9	0	1	20	0.009	13	12	5.909	7.74	9		0	
2019-04-23 19:00:00	57.39087	18.11514	18	10	0	1	20	0.009	12.9	11	5.887	7.73	9		0	
2019-04-23 19:10:00	57.39192	18.11265	12	11	0	1	20	0.009	13	10	5.882	7.73	9		0	
2019-04-23 19:20:00	57.39231	18.11076	12	12	1	1	530	0.011	13	10	5.86	7.72	0	7	8	
2019-04-23 19:30:00	57.39054	18.10995	12	13	1	1	530	0.009	12.9	11	5.849	7.71	0	7	8	
2019-04-23 19:40:00	57.39297	18.10791	12	14	0	1	530	0.009	12.9	11	5.846	7.71	0	7	8	
2019-04-23 19:50:00	57.39045	18.108	12	15	0	2	530	0.011	12.9	11	5.944	7.73	0	7	8	
2019-04-23 20:00:00	57.38718	18.10875	41	16	0	1	560	0.011	12.9	11	5.952	7.73	0	7	8	
2019-04-23 20:10:00	57.38934	18.1068	11	17	0	1	530	0.009	12.8	11	5.967	7.73	0	7	8	
2019-04-23 20:20:00	57.39201	18.10719	12	18	0	1	530	0.011	12.8	10	5.901	7.71	0	7	8	
2019-04-23 20:30:00	57.39552	18.10761	12	19	0	1	530	0.011	12.8	10	5.864	7.71	0	7	8	
2019-04-23 20:40:00	57.39288	18.10695	12	20	0	1	530	0.009	12.8	10	5.883	7.72	0	7	8	
2019-04-23 20:50:00	57.38958	18.10749	12	21	0	1	530	0.009	12.8	10	5.934	7.73	0	7	8	
2019-04-23 21:00:00	57.38631	18.11043	12	22	0	1	530	0.011	12.8	10	5.859	7.71	0	7	8	
2019-04-23 21:10:00	57.38934	18.10917	12	23	1	1	290	0.009	12.8	10	5.899	7.72	0	7	4	
2019-04-23 21:20:00	57.38985	18.10896	12	24	0	1	290	0.009	12.8	9	5.902	7.72	0	7	4	
2019-04-23 21:30:00	57.38607	18.11118	12	25	0	1	290	0.009	12.8	9	5.85	7.71	0	7	4	
2019-04-23 21:40:00	57.38913	18.1098	13	26	0	1	290	0.009	12.8	8	5.843	7.71	0	7	4	
2019-04-23 21:50:00	57.38982	18.10962	12	27	0	1	290	0.011	12.8	8	5.853	7.71	0	7	4	
2019-04-23 22:00:00	57.38595	18.11301	12	28	0	1	290	0.009	12.8	8	5.8	7.7	0	7	4	
2019-04-23 22:10:00	57.38856	18.11166	12	29	0	1	290	0.011	12.8	8	5.791	7.7	0	7	4	
2019-04-23 22:20:00	57.39258	18.11109	12	30	0	3	290	0.011	12.8	8	5.798	7.7	0	7	4	
2019-04-23 22:30:00	57.39672	18.11151	12	31	0	3	290	0.009	12.8	8	5.859	7.72	0	7	4	
2019-04-23 22:40:00	57.39363	18.11274	13	32	0	1	290	0.011	12.8	8	5.82	7.71	0	7	4	
2019-04-23 22:50:00	57.39	18.11475	12	33	0	1	290	0.009	12.8	8	5.767	7.7	0	7	4	
2019-04-23 23:00:00	57.387	18.11445	12	34	0	2	290	0.009	12.8	8	5.754	7.69	0	7	4	
2019-04-23 23:10:00	57.38973	18.11397	12	35	0	1	290	0.009	12.8	8	5.757	7.69	0	7	4	
2019-04-23 23:20:00	57.39033	18.11349	13	36	0	1	290	0.009	12.8	8	5.757	7.7	0	7	4	
2019-04-23 23:30:00	57.38673	18.11358	13	37	0	1	290	0.009	12.8	8	5.755	7.69	0	7	4	
2019-04-23 23:40:00	57.38919	18.11367	13	38	0	1	290	0.009	12.8	8	5.74	7.69	0	7	4	
2019-04-23 23:50:00	57.39288	18.11376	27	39	0	1	310	0.009	12.8	8	5.775	7.7	0	7	4	
2019-04-24 00:00:00	57.39696	18.11385	41	40	0	1	320	0.009	12.8	8	5.83	7.73	0	7	4	
2019-04-24 00:10:00	57.39423	18.11319	12	41	0	2	290	0.009	12.7	8	5.791	7.71	0	7	4	
2019-04-24 00:20:00	57.39108	18.11382	12	42	0	1	290	0.009	12.7	8	5.735	7.69	0	7	4	
2019-04-24 00:30:00	57.38826	18.1137	12	43	0	1	290	0.011	12.7	7	5.735	7.68	0	7	4	
2019-04-24 00:40:00	57.3912	18.1122	13	44	0	1	290	0.011	12.7	8	5.711	7.69	0	7	4	
2019-04-24 00:50:00	57.39243	18.11208	14	45	0	1	290	0.009	12.7	7	5.719	7.68	0	7	4	
2019-04-24 01:00:00	57.39075	18.11346	13	46	0	1	290	0.009	12.7	7	5.697	7.68	0	7	4	
2019-04-24 01:10:00	57.38901	18.11466	13	47	0	2	290	0.011	12.7	7	5.728	7.69	0	7	4	
2019-04-24 01:20:00	57.3873	18.11595	14	48	0	1	290	0.011	12.7	8	5.785	7.7	0	7	4	
2019-04-24 01:30:00	57.38568	18.11694	14	49	0	1	290	0.011	12.7	8	5.802	7.7	0	7	4	
2019-04-24 01:40:00	57.38409	18.11745	14	50	0	1	290	0.009	12.7	7	5.789	7.7	0	7	4	
2019-04-24 01:50:00	57.38262	18.11658	14	51	0	1	290	0.009	12.7	7	5.815	7.71	0	7	4	
2019-04-24 02:00:00	57.38106	18.11637	42	52	0	1	320	0.011	12.7	8	5.835	7.71	0	7	4	
2019-04-24 02:10:00	57.37938	18.11655	11	53	0	1	290	0.009	12.6	7	5.873	7.72	0	7	4	
2019-04-24 02:20:00	57.37794	18.11694	12	54	0	1	290	0.009	12.6	7	5.9	7.72	0	7	4	
2019-04-24 02:30:00	57.37611	18.11715	11	55	0	1	290	0.011	12.6	7	5.839	7.71	0	7	4	
2019-04-24 02:40:00	57.37467	18.11391	11	56	0	1	290	0.011	12.6	7	5.849	7.71	0	7	4	
2019-04-24 02:50:00	57.37509	18.11337	12	57	0	1	290	0.009	12.6	8	5.841	7.71	0	7	4	
2019-04-24 03:00:00	57.37563	18.11313	12	58	0	2	290	0.011	12.5	7	5.837	7.71	0	7	4	
2019-04-24 03:10:00	57.37593	18.11274	11	59	0	1	290	0.011	12.5	7	5.837	7.71	0	7	4	
2019-04-24 03:20:00	57.3765	18.11157	12	0	0	1	290	0.011	12.5	7	5.841	7.71	0	7	4	
2019-04-24 03:30:00	57.3768	18.11112	12	1	0	1	290	0.009	12.5	7	5.846	7.71	0	7	4	
2019-04-24 03:40:00	57.37614	18.11043	12	2	0	1	270	0.011	12.5	7	5.874	7.72	1	7	3	
2019-04-24 03:50:00	57.37635	18.10974	15	3	0	2	150	0.009	12.4	7	5.898	7.72	1	7	1	
2019-04-24 04:00:00	57.37683	18.11034	15	4	0	1	180	0.011	12.4	7	5.867	7.72	1	7	2	
2019-04-24 04:10:00	57.37698	18.10932	42	5	0	1	160	0.009	12.5	8	5.901	7.73	1	7	1	
2019-04-24 04:20:00	57.37788	18.10833	11	6	0	1	170	0.009	12.4	7	5.882	7.72	1	7	2	
2019-04-24 04:30:00	57.37869	18.10821	11	7	0	1	220	0.011	12.5	7	5.86	7.72	1	7	3	
2019-04-24 04:40:00	57.3777	18.10797	12	8	0	1	170	0.011	12.5	7	5.91	7.73	1	7	2	
2019-04-24 04:50:00	57.37869	18.10944	11	9	0	1	280	0.011	12.5	7	5.877	7.72	1	7	3	
2019-04-24 05:00:00	57.37803	18.10839	12	10	0	3	260	0.011	12.5	7	5.896	7.73	1	7	3	
2019-04-24 05:10:00	57.37842	18.10905	11	11	0	1	290	0.009	12.5	8	5.864	7.72	0	7	4	
2019-04-24 05:20:00	57.37779	18.10971	12	12	0	1	290	0.011	12.5	8	5.891	7.73	0	7	4	
2019-04-24 05:30:00	57.37911	18.10788	12	13	1	2	110	0.009	12.5	8	5.889	7.73	0	7	1	
2019-04-24 05:40:00	57.38547	18.1089	12	14	0	1	110	0.011	12.5	7	5.865	7.72	0	7	1	
2019-04-24 05:50:00	57.39063	18.11034	12	15	0	1	110	0.009	12.6	7	5.757	7.7	0	7	1	
2019-04-24 06:00:00	57.39141	18.11187	12	16	0	1	110	0.011	12.6	7	5.755	7.7	0	7	1	
2019-04-24 06:10:00	57.39051	18.11109	12	17	0	1	110	0.009	12.7	7	5.77	7.7	0	7	1	
2019-04-24 06:20:00	57.39108	18.11295	12	18	0	1	110	0.011	12.7	7	5.774	7.7	0	7	1	
2019-04-24 06:30:00	57.39075	18.11097	12	19	0	1	110	0.009	12.8	7	5.787	7.71	0	7	1	
2019-04-24 06:40:00	57.39207	18.11169	12	20	0	1	110	0.011	12.9	7	5.775	7.7	0	7	1	
2019-04-24 06:50:00	57.39135	18.1107	13	21	0	1	110	0.011	12.9	7	5.809	7.71	0	7	1	
2019-04-24 07:00:00	57.39384	18.11562	13	22	0	1	110	0.009	12.9	7	5.788	7.71	0	7	1	
2019-04-24 07:10:00	57.39675	18.12201	42	23	0	1	140	0.011	12.9	8	5.716	7.69	0	7	1	
2019-04-24 07:20:00	57.39963	18.12855	12	24	0	1	110	0.011	13	7	5.919	7.74	0	7	1	
2019-04-24 07:30:00	57.40233	18.13554	12	25	0	1	110	0.009	13	7	5.972	7.75	0	7	1	
2019-04-24 07:40:00	57.402	18.14241	13	26	0	1	110	0.011	12.9	7	6.926	7.96	0	7	1	
2019-04-24 07:50:00	57.39375	18.15909	13	27	0	2	110	0.009	13	7	7.437	8.09	0	7	1	
2019-04-24 08:00:00	57.38355	18.16887	13	28	1	2	20	0.011	13	8	6.722	7.92	9		0	
2019-04-24 08:10:00	57.38958	18.18822	13	29	0	2	20	0.011	13	8	7.908	8.21	9		0	
2019-04-24 09:37:36	57.38574	18.17502	11	0	0	0	20	0.011	13.2	14	7.206	8.03	9		0	
2019-04-24 09:40:00	57.38523	18.17337	11	1	0	3	20	0.009	13.2	14	7.048	7.99	9		0	
2019-04-24 09:50:00	57.37797	18.15141	12	2	0	1	20	0.009	13.2	13	6.276	7.81	9		0	
2019-04-24 10:00:00	57.37785	18.14943	12	3	0	1	20	0.009	13.2	12	6.289	7.81	9		0	
2019-04-24 10:10:00	57.38169	18.15537	12	4	0	1	20	0.009	13.2	11	6.473	7.86	9		0	
2019-04-24 10:20:00	57.37917	18.14598	42	5	2	1	380	0.009	13.2	11	6.265	7.81	0	4	5	
2019-04-24 10:30:00	57.37617	18.13587	11	6	0	1	350	0.009	13.2	10	6.143	7.78	0	4	5	
2019-04-24 10:40:00	57.3714	18.12795	11	7	0	1	350	0.009	13.2	10	6.069	7.76	0	4	5	
2019-04-24 10:50:00	57.36618	18.12102	11	8	0	1	350	0.009	13.2	10	6.043	7.76	0	4	5	
2019-04-24 11:00:00	57.36306	18.11229	12	9	0	1	360	0.009	13.2	10	6.221	7.8	0	4	5	
2019-04-24 11:10:00	57.3576	18.10581	12	10	0	1	360	0.009	13.3	9	6.149	7.78	0	4	5	
2019-04-24 11:20:00	57.35232	18.09918	12	11	0	1	350	0.009	13.3	9	6.095	7.77	0	4	5	
2019-04-24 11:30:00	57.34875	18.08946	11	12	0	1	350	0.009	13.3	9	5.701	7.69	0	4	5	
2019-04-24 11:40:00	57.3474	18.08781	12	13	0	1	350	0.009	13.3	9	5.565	7.66	0	4	5	
2019-04-24 11:50:00	57.34422	18.08256	12	14	0	1	350	0.009	13.3	9	5.338	7.61	0	4	5	
2019-04-24 12:00:00	57.3399	18.07398	12	15	0	1	350	0.009	13.3	9	5.305	7.6	0	4	5	
2019-04-24 12:10:00	57.34407	18.08058	12	16	0	1	350	0.009	13.3	8	5.257	7.59	0	4	5	
2019-04-24 12:20:00	57.34602	18.0825	12	17	0	2	350	0.009	13.3	8	5.264	7.6	0	4	5	
2019-04-24 12:30:00	57.34362	18.07131	12	18	0	1	350	0.009	13.3	8	5.677	7.69	0	4	5	
2019-04-24 12:40:00	57.33945	18.06234	12	19	0	1	360	0.009	13.2	8	5.784	7.71	0	4	5	
2019-04-24 12:50:00	57.33768	18.05154	13	20	0	1	360	0.009	13.3	8	5.846	7.74	0	4	5	
2019-04-24 13:00:00	57.33486	18.04152	31	21	0	1	370	0.009	13.3	9	5.896	7.76	0	4	5	
2019-04-24 13:10:00	57.33354	18.03096	12	22	0	1	350	0.009	13.3	8	5.862	7.75	0	4	5	
2019-04-24 13:20:00	57.33099	18.02097	12	23	0	1	350	0.009	13.2	8	5.819	7.74	0	4	5	
2019-04-24 13:30:00	57.3285	18.01134	12	24	0	1	350	0.009	13.3	8	5.79	7.74	0	4	5	
2019-04-24 13:40:00	57.32964	18.00021	12	25	0	1	350	0.011	13.3	8	5.84	7.75	0	4	5	
2019-04-24 13:50:00	57.3291	17.99007	12	26	0	1	350	0.009	13.3	8	5.997	7.78	0	4	5	
2019-04-24 14:00:00	57.33003	17.98008	12	27	0	1	350	0.009	13.3	8	5.639	7.67	0	4	5	
2019-04-24 14:10:00	57.33036	17.96898	12	28	0	1	370	0.009	13.3	9	5.577	7.65	0	4	5	
2019-04-24 14:20:00	57.33072	17.9589	13	29	0	1	360	0.009	13.3	9	5.412	7.61	0	4	5	
2019-04-24 14:30:00	57.33156	17.94945	16	30	0	1	360	0.009	13.3	9	5.387	7.6	0	4	5	
2019-04-24 14:40:00	57.32883	17.94393	42	31	0	1	380	0.009	13.2	9	5.47	7.62	0	4	5	
2019-04-24 14:50:00	57.327	17.94051	12	32	0	1	350	0.009	13.2	9	5.536	7.64	0	4	5	
2019-04-24 15:00:00	57.32466	17.93628	12	33	0	1	350	0.011	13.2	8	5.598	7.65	0	4	5	
2019-04-24 15:10:00	57.32235	17.93286	12	34	0	1	360	0.009	13.3	8	5.726	7.68	0	4	5	
2019-04-24 15:20:00	57.32025	17.93004	12	35	0	1	350	0.009	13.2	8	5.816	7.7	0	4	5	
2019-04-24 15:30:00	57.31785	17.9277	12	36	0	1	350	0.009	13.2	8	5.844	7.71	0	4	5	
2019-04-24 15:50:00	57.31296	17.92038	12	38	0		350	0.009	13.2	8	6.022	7.75	0	4	5	
2019-04-24 16:00:00	57.31032	17.91786	12	39	0	1	350	0.009	13.2	8	6.124	7.77	0	4	5	
2019-04-24 16:10:00	57.30741	17.91459	24	40	0	1	370	0.009	13.2	8	6.162	7.79	0	4	5	
2019-04-24 16:20:00	57.30528	17.91138	41	41	0	1	380	0.009	13.2	9	6.189	7.8	0	4	5	
2019-04-24 16:30:00	57.30522	17.91069	12	42	0	1	350	0.009	13.2	8	6.181	7.8	0	4	5	
2019-04-24 16:40:00	57.30513	17.90997	12	43	0	1	350	0.009	13.2	8	6.146	7.79	0	4	5	
2019-04-24 16:50:00	57.30498	17.91069	12	44	0	1	350	0.009	13.2	8	6.147	7.79	0	4	5	
2019-04-24 17:00:00	57.30483	17.91042	12	45	0	1	350	0.009	13.2	8	6.128	7.78	0	4	5	
2019-04-24 17:10:00	57.30462	17.91033	12	46	0	1	360	0.009	13.2	8	6.11	7.78	0	4	5	
2019-04-24 17:20:00	57.30474	17.90934	17	47	0	1	360	0.009	13.2	8	6.113	7.78	0	4	5	
2019-04-24 17:30:00	57.30462	17.90919	15	48	0	1	360	0.009	13.2	8	6.077	7.77	0	4	5	
2019-04-24 17:40:00	57.30672	17.9121	13	49	0	1	350	0.009	13.2	8	6.031	7.76	0	4	5	
2019-04-24 17:50:00	57.31152	17.90991	12	50	0	1	360	0.009	13.2	8	5.861	7.72	0	4	5	
2019-04-24 18:00:00	57.31593	17.90601	41	51	0	1	380	0.009	13.2	9	5.541	7.65	0	4	5	
2019-04-24 18:10:00	57.31971	17.9028	11	52	0	1	350	0.009	13.2	8	5.578	7.65	0	4	5	
2019-04-24 18:20:00	57.3234	17.89962	11	53	0	1	350	0.009	13.2	8	5.7	7.67	0	4	5	
2019-04-24 18:30:00	57.32688	17.89752	11	54	0	1	350	0.009	13.2	8	5.819	7.7	0	4	5	
2019-04-24 18:40:00	57.32823	17.89248	11	55	0	1	350	0.009	13.2	8	5.82	7.7	0	4	5	
2019-04-24 18:50:00	57.32697	17.88798	12	56	0	1	350	0.009	13.2	8	5.801	7.7	0	4	5	
2019-04-24 19:00:00	57.32838	17.88915	12	57	0	1	350	0.009	13.1	8	5.768	7.69	0	4	5	
2019-04-24 19:10:00	57.32988	17.89104	12	58	0	1	350	0.009	13.1	8	5.716	7.68	0	4	5	
2019-04-24 19:20:00	57.3315	17.89326	12	59	0	1	350	0.009	13.1	8	5.655	7.67	0	4	5	
2019-04-24 19:30:00	57.3333	17.89452	12	0	0	1	350	0.009	13.1	8	5.528	7.64	0	4	5	
2019-04-24 19:40:00	57.33537	17.89554	12	1	0	1	350	0.009	13.2	8	5.499	7.64	0	4	5	
2019-04-24 19:50:00	57.33711	17.89221	41	2	0	1	380	0.009	13.1	8	5.321	7.59	0	4	5	
2019-04-24 20:00:00	57.33882	17.89272	11	3	0	1	350	0.009	13.1	8	5.337	7.59	0	4	5	
2019-04-24 20:10:00	57.34068	17.89491	11	4	0	1	350	0.009	13.1	8	5.364	7.6	0	4	5	
2019-04-24 20:20:00	57.34269	17.89092	12	5	0	1	350	0.009	13.1	8	5.321	7.59	0	4	5	
2019-04-24 20:30:00	57.34428	17.89119	11	6	0	1	360	0.009	13.1	8	5.351	7.59	0	4	5	
2019-04-24 20:40:00	57.34614	17.89353	11	7	0	1	350	0.009	13.1	7	5.456	7.62	0	4	5	
2019-04-24 20:50:00	57.34773	17.89584	15	8	0	1	360	0.009	13.1	8	4.529	7.36	0	4	5	
2019-04-24 21:00:00	57.34938	17.89236	16	9	0	1	360	0.009	13.1	8	4.457	7.36	0	4	5	
2019-04-24 21:10:00	57.35115	17.89293	16	10	0	3	360	0.009	13.1	8	4.455	7.35	0	4	5	
2019-04-24 21:20:00	57.35277	17.89494	16	11	0	1	360	0.009	13.1	7	4.614	7.38	0	4	5	
2019-04-24 21:30:00	57.35541	17.89074	16	12	0	1	360	0.009	13.1	7	4.522	7.36	0	4	5	
2019-04-24 21:40:00	57.35778	17.89146	16	13	0	1	360	0.009	13.1	7	4.83	7.43	0	4	5	
2019-04-24 21:50:00	57.35946	17.89353	12	14	0	1	350	0.009	13.1	7	4.996	7.47	0	4	5	
2019-04-24 22:00:00	57.36165	17.88945	40	15	0	1	380	0.009	13.1	8	4.728	7.4	0	4	5	
2019-04-24 22:10:00	57.36252	17.88411	12	16	0	1	350	0.009	13.1	7	4.501	7.34	0	4	5	
2019-04-24 22:30:00	57.36663	17.88246	12	18	0		350	0.009	13.1	7	4.909	7.43	0	4	5	
2019-04-24 22:40:00	57.36924	17.88339	12	19	0	3	350	0.011	13.1	7	5.462	7.57	0	4	5	
2019-04-24 22:50:00	57.37167	17.88306	11	20	0	1	350	0.011	13.1	7	5.86	7.67	0	4	5	
2019-04-24 23:00:00	57.37362	17.87721	12	21	0	1	350	0.009	13.1	7	5.83	7.66	0	4	5	
2019-04-24 23:10:00	57.37581	17.87721	12	22	0	1	350	0.009	13.1	7	5.823	7.67	0	4	5	
2019-04-24 23:20:00	57.37761	17.87808	11	23	0	1	350	0.009	13.1	7	5.779	7.69	0	4	5	
2019-04-24 23:30:00	57.37944	17.87928	12	24	0	1	350	0.009	13.1	7	5.795	7.69	0	4	5	
2019-04-24 23:40:00	57.38127	17.88084	12	25	0	1	360	0.009	13.1	7	5.816	7.69	0	4	5	
2019-04-24 23:50:00	57.3837	17.88294	12	26	0	1	350	0.009	13.1	8	5.839	7.69	0	4	5	
2019-04-25 00:00:00	57.38622	17.88543	13	27	0	1	360	0.009	13.1	8	5.86	7.7	0	4	5	
2019-04-25 00:10:00	57.39009	17.88192	12	28	0	1	350	0.009	13.1	8	5.263	7.55	0	4	5	
2019-04-25 00:20:00	57.39309	17.87997	12	29	0	1	350	0.009	13.1	8	5.191	7.53	0	4	5	
2019-04-25 00:30:00	57.39444	17.87976	12	30	0	1	350	0.009	13.1	8	5.157	7.52	0	4	5	
2019-04-25 00:40:00	57.39615	17.87985	12	31	0	3	350	0.011	13.1	8	5.052	7.49	0	4	5	
2019-04-25 00:50:00	57.39786	17.88003	16	32	0	1	360	0.009	13	8	4.996	7.48	0	4	5	
2019-04-25 01:00:00	57.39957	17.87994	12	33	0	1	350	0.009	13	7	4.612	7.37	0	4	5	
2019-04-25 01:10:00	57.40188	17.87997	12	34	0	1	350	0.009	13	7	5.09	7.5	0	4	5	
2019-04-25 01:20:00	57.40422	17.8803	39	35	0	1	380	0.009	13	8	5.289	7.56	0	4	5	
2019-04-25 01:30:00	57.40635	17.88048	11	36	0	1	350	0.009	13	7	5.475	7.61	0	4	5	
2019-04-25 01:40:00	57.40797	17.88078	11	37	0	1	350	0.011	13	7	5.534	7.62	0	4	5	
2019-04-25 01:50:00	57.40968	17.88054	12	38	0	1	350	0.009	13	7	5.622	7.65	0	4	5	
2019-04-25 02:00:00	57.41175	17.8812	12	39	0	1	350	0.009	13	7	5.69	7.66	0	4	5	
2019-04-25 02:10:00	57.41367	17.88153	12	40	0	1	350	0.011	13	7	5.661	7.65	0	4	5	
2019-04-25 02:20:00	57.41613	17.88177	12	41	0	1	350	0.009	13	7	5.54	7.62	0	4	5	
2019-04-25 02:30:00	57.41829	17.88195	12	42	0	1	350	0.009	13	8	4.66	7.38	0	4	5	
2019-04-25 02:40:00	57.42054	17.87628	11	43	0	1	350	0.009	13	7	4.771	7.4	0	4	5	
2019-04-25 02:50:00	57.42303	17.87169	12	44	0	1	350	0.009	13	7	5.081	7.47	0	4	5	
2019-04-25 03:00:00	57.42477	17.87121	12	45	0	1	350	0.009	13	7	5.178	7.49	0	4	5	
2019-04-25 03:10:00	57.42681	17.87115	12	46	0	1	350	0.009	13	7	5.185	7.49	0	4	5	
2019-04-25 03:20:00	57.42894	17.87112	14	47	0	1	360	0.009	13	7	5.226	7.5	0	4	5	
2019-04-25 03:30:00	57.43128	17.87112	13	48	0	1	360	0.009	13	7	5.263	7.51	0	4	5	
2019-04-25 03:40:00	57.43371	17.87094	13	49	0	1	360	0.009	13	7	5.284	7.51	0	4	5	
2019-04-25 03:50:00	57.43605	17.871	12	50	0	3	350	0.009	13	7	5.32	7.52	0	4	5	
2019-04-25 04:00:00	57.43872	17.87148	40	51	0	1	380	0.009	13	8	5.298	7.51	0	4	5	
2019-04-25 04:10:00	57.44106	17.87196	12	52	0	1	350	0.009	13	7	5.305	7.52	0	4	5	
2019-04-25 04:20:00	57.44346	17.87172	12	53	0	1	350	0.009	13	7	5.316	7.52	0	4	5	
2019-04-25 04:30:00	57.44571	17.87178	12	54	0	1	350	0.011	13	7	5.322	7.51	0	4	5	
2019-04-25 04:40:00	57.44805	17.87148	13	55	0	1	350	0.009	13	7	5.341	7.52	0	4	5	
2019-04-25 05:10:00	57.45639	17.87163	11	58	0		350	0.009	13	8	5.326	7.52	0	4	5	
2019-04-25 05:20:00	57.45909	17.87148	11	59	0	1	360	0.009	13	7	5.248	7.51	0	4	5	
2019-04-25 05:30:00	57.46146	17.87097	11	0	0	1	350	0.009	13	7	5.154	7.49	0	4	5	
2019-04-25 05:40:00	57.46371	17.87046	11	1	0	1	350	0.009	13	7	5.058	7.47	0	4	5	
2019-04-25 05:50:00	57.46623	17.87034	11	2	0	1	350	0.011	13	7	4.975	7.45	0	4	5	
2019-04-25 06:00:00	57.46893	17.86983	12	3	0	2	350	0.009	13	8	4.942	7.44	0	4	5	
2019-04-25 06:10:00	57.47208	17.86998	11	4	0	1	350	0.009	13	7	4.907	7.43	0	4	5	
2019-04-25 06:20:00	57.47469	17.86989	11	5	0	1	360	0.009	13	7	4.902	7.43	0	4	5	
2019-04-25 06:30:00	57.47694	17.87007	11	6	0	1	350	0.009	13	7	4.922	7.43	0	4	5	
2019-04-25 06:40:00	57.47925	17.87013	12	7	0	1	350	0.009	13	7	4.949	7.44	0	4	5	
2019-04-25 06:50:00	57.48201	17.87028	12	8	0	1	350	0.009	13	8	4.976	7.45	0	4	5	
2019-04-25 07:00:00	57.48435	17.86929	12	9	0	1	350	0.009	13	7	4.954	7.45	0	4	5	
2019-04-25 07:10:00	57.48657	17.87004	13	10	0	1	360	0.011	13	8	4.954	7.45	0	4	5	
2019-04-25 07:20:00	57.48885	17.871	21	11	0	1	360	0.009	13	8	4.962	7.45	0	4	5	
2019-04-25 07:30:00	57.4911	17.87199	41	12	0	1	390	0.011	13	8	4.927	7.44	0	4	5	
2019-04-25 07:40:00	57.48999	17.87118	11	13	0	1	350	0.009	13	8	4.961	7.44	0	4	5	
2019-04-25 07:50:00	57.48786	17.87109	11	14	0	1	350	0.009	13	8	4.956	7.44	0	4	5	
2019-04-25 08:00:00	57.48627	17.87142	12	15	0	1	350	0.009	13	8	4.999	7.46	0	4	5	
2019-04-25 08:10:00	57.48453	17.87181	12	16	0	1	350	0.009	13	8	4.994	7.45	0	4	5	
2019-04-25 08:20:00	57.48411	17.87124	12	17	0	1	350	0.011	13	8	4.988	7.45	0	4	5	
2019-04-25 08:30:00	57.48588	17.87163	12	18	0	1	350	0.009	13	8	4.996	7.45	0	4	5	
2019-04-25 08:40:00	57.48528	17.87127	12	19	0	1	350	0.009	13	8	4.992	7.45	0	4	5	
2019-04-25 08:50:00	57.48432	17.87145	12	20	0	1	350	0.009	13	8	4.988	7.45	0	4	5	
2019-04-25 09:00:00	57.48378	17.87151	12	21	0	1	350	0.009	13	8	4.994	7.45	0	4	5	
2019-04-25 09:10:00	57.48339	17.87157	12	22	0	1	350	0.009	13	8	4.977	7.45	0	4	5	
2019-04-25 09:20:00	57.48273	17.87208	12	23	0	1	360	0.009	13	8	4.973	7.44	0	4	5	
2019-04-25 09:30:00	57.48153	17.8722	12	24	0	1	350	0.011	13.1	8	5.007	7.45	0	4	5	
2019-04-25 09:40:00	57.48108	17.8719	12	25	0	2	350	0.009	13.1	8	5.041	7.46	0	4	5	
2019-04-25 09:50:00	57.48105	17.87127	12	26	0	1	350	0.009	13.1	8	5.041	7.46	0	4	5	
2019-04-25 10:00:00	57.48168	17.87121	40	27	0	1	380	0.009	13.1	9	5.094	7.47	0	4	5	
2019-04-25 10:10:00	57.48222	17.8692	11	28	0	1	350	0.009	13.1	9	5.028	7.45	0	4	5	
2019-04-25 10:20:00	57.48294	17.86896	11	29	0	1	350	0.009	13.2	9	5.14	7.47	0	4	5	
2019-04-25 10:30:00	57.48222	17.86896	11	30	0	1	350	0.009	13.2	9	5.239	7.49	0	4	5	
2019-04-25 10:40:00	57.48159	17.86974	12	31	0	2	350	0.009	13.1	10	5.464	7.53	0	4	5	
2019-04-25 10:50:00	57.48093	17.86995	12	32	0	1	350	0.009	13.2	10	5.616	7.56	0	4	5	
2019-04-25 11:00:00	57.48084	17.86977	12	33	0	1	350	0.009	13.2	10	5.742	7.61	0	4	5	
2019-04-25 11:10:00	57.48039	17.87019	12	34	0	1	350	0.009	13.2	10	5.84	7.64	0	4	5	
2019-04-25 11:20:00	57.47913	17.87112	12	35	0	1	350	0.009	13.1	11	5.912	7.66	0	4	5	
2019-04-25 11:30:00	57.47877	17.87088	12	36	0	1	350	0.009	13.2	11	6.041	7.68	0	4	5	
2019-04-25 11:40:00	57.47754	17.87133	12	37	0	1	360	0.009	13.2	11	6.119	7.69	0	4	5	
2019-04-25 11:50:00	57.47682	17.87166	12	38	0	1	350	0.009	13.2	11	6.138	7.69	0	4	5	
2019-04-25 12:00:00	57.47673	17.87151	12	39	0	1	350	0.009	13.2	11	6.247	7.72	0	4	5	
2019-04-25 12:10:00	57.4758	17.87184	12	40	0	1	350	0.009	13.2	11	6.514	7.78	0	4	5	
2019-04-25 12:20:00	57.47445	17.87133	12	41	0	1	360	0.009	13.2	11	6.526	7.78	0	4	5	
2019-04-25 12:30:00	57.47355	17.86959	14	42	0	1	360	0.009	13.2	11	6.566	7.78	0	4	5	
2019-04-25 12:40:00	57.4722	17.87025	13	43	0	1	360	0.009	13.2	11	6.651	7.8	0	4	5	
2019-04-25 12:50:00	57.47067	17.87106	15	44	0	1	360	0.009	13.2	11	6.537	7.77	0	4	5	
2019-04-25 13:00:00	57.46896	17.8719	12	45	0	1	350	0.009	13.2	11	6.829	7.83	0	4	5	
2019-04-25 13:10:00	57.4671	17.87286	13	46	0	1	350	0.009	13.2	11	6.837	7.85	0	4	5	
2019-04-25 13:20:00	57.46545	17.87157	41	47	0	1	380	0.009	13.2	12	6.648	7.8	0	4	5	
2019-04-25 13:30:00	57.46476	17.86863	11	48	0	1	350	0.009	13.2	11	6.726	7.82	0	4	5	
2019-04-25 13:40:00	57.46368	17.86611	11	49	0	1	350	0.009	13.2	11	6.849	7.85	0	4	5	
2019-04-25 13:50:00	57.46314	17.86251	12	50	0	2	350	0.009	13.2	11	6.788	7.84	0	4	5	
2019-04-25 14:00:00	57.46281	17.85909	11	51	0	1	350	0.009	13.2	11	6.934	7.87	0	4	5	
2019-04-25 14:10:00	57.46215	17.85765	11	52	0	1	350	0.009	13.2	11	6.933	7.87	0	4	5	
2019-04-25 14:20:00	57.46158	17.8563	11	53	0	1	350	0.009	13.2	11	6.92	7.86	0	4	5	
2019-04-25 14:30:00	57.46116	17.85507	11	54	0	1	350	0.009	13.2	11	7.003	7.88	0	4	5	
2019-04-25 14:40:00	57.46119	17.85432	12	55	0	1	360	0.009	13.2	11	7.137	7.91	0	4	5	
2019-04-25 14:50:00	57.46122	17.85297	12	56	0	1	350	0.009	13.2	12	6.696	7.81	0	4	5	
2019-04-25 15:00:00	57.4611	17.85189	12	57	0	1	350	0.009	13.2	12	7.193	7.91	0	4	5	
2019-04-25 15:10:00	57.46095	17.85129	12	58	0	1	350	0.009	13.3	12	6.891	7.83	0	4	5	
2019-04-25 15:20:00	57.46083	17.85024	12	59	0	1	350	0.009	13.2	12	6.964	7.86	0	4	5	
2019-04-25 15:30:00	57.46029	17.84913	12	0	0	1	350	0.009	13.3	12	7.322	7.94	0	4	5	
2019-04-25 15:40:00	57.45933	17.84715	12	1	0	2	350	0.009	13.3	12	7.506	7.98	0	4	5	
2019-04-25 15:50:00	57.45834	17.84487	14	2	0	1	360	0.009	13.3	12	7.676	8.02	0	4	5	
2019-04-25 16:00:00	57.45744	17.84145	40	3	0	1	380	0.009	13.3	13	7.411	7.97	0	4	5	
2019-04-25 16:10:00	57.45651	17.84043	12	4	0	2	350	0.009	13.2	12	7.505	7.99	0	4	5	
2019-04-25 16:20:00	57.45516	17.83983	12	5	0	1	350	0.009	13.2	12	7.505	7.99	0	4	5	
2019-04-25 16:30:00	57.45441	17.8383	11	6	0	1	350	0.009	13.2	12	7.547	8	0	4	5	
2019-04-25 16:40:00	57.45414	17.83719	11	7	0	1	350	0.009	13.2	12	7.545	8.01	0	4	5	
2019-04-25 16:50:00	57.45408	17.83608	11	8	0	1	350	0.009	13.2	12	7.743	8.04	0	4	5	
2019-04-25 17:00:00	57.45366	17.83551	11	9	0	1	350	0.009	13.2	12	7.707	8.03	0	4	5	
2019-04-25 17:10:00	57.45342	17.83443	12	10	0	1	350	0.009	13.2	11	7.486	7.97	0	4	5	
2019-04-25 17:20:00	57.45342	17.83371	11	11	0	1	350	0.009	13.2	11	7.526	7.99	0	4	5	
2019-04-25 17:30:00	57.45324	17.83377	11	12	0	1	350	0.009	13.2	11	7.488	7.98	0	4	5	
2019-04-25 17:40:00	57.4524	17.83494	11	13	0	1	350	0.009	13.2	11	7.37	7.96	0	4	5	
2019-04-25 17:50:00	57.45066	17.83635	11	14	0	1	350	0.011	13.2	11	7.42	7.97	0	4	5	
2019-04-25 18:00:00	57.4491	17.83773	12	15	0	1	350	0.009	13.2	10	7.126	7.91	0	4	5	
2019-04-25 18:10:00	57.4479	17.83842	12	16	0	1	350	0.009	13.2	10	6.872	7.85	0	4	5	
2019-04-25 18:20:00	57.44688	17.83923	12	17	0	1	350	0.009	13.1	10	6.863	7.85	0	4	5	
2019-04-25 18:30:00	57.44604	17.83998	12	18	0	1	350	0.009	13.1	9	6.694	7.81	0	4	5	
2019-04-25 18:40:00	57.44469	17.84103	15	19	0	3	360	0.009	13.1	10	6.733	7.82	0	4	5	
2019-04-25 18:50:00	57.44331	17.83953	41	20	0	1	380	0.009	13.1	10	6.709	7.82	0	4	5	
2019-04-25 19:00:00	57.4425	17.83626	11	21	0	1	350	0.009	13.1	9	6.863	7.85	0	4	5	
2019-04-25 19:10:00	57.44151	17.8326	11	22	0	1	350	0.009	13.1	9	6.795	7.84	0	4	5	
2019-04-25 19:20:00	57.44043	17.82924	11	23	0	1	350	0.009	13.1	9	6.871	7.85	0	4	5	
2019-04-25 19:30:00	57.43956	17.82522	11	24	0	2	350	0.009	13.1	9	6.755	7.83	0	4	5	
2019-04-25 19:40:00	57.43875	17.82093	11	25	0	1	350	0.009	13.1	9	6.413	7.75	0	4	5	
2019-04-25 19:50:00	57.43875	17.81607	12	26	0	1	350	0.009	13.1	9	6.516	7.77	0	4	5	
2019-04-25 20:00:00	57.43908	17.81079	12	27	0	1	350	0.009	13.1	9	6.592	7.79	0	4	5	
2019-04-25 20:10:00	57.43977	17.805	12	28	0	1	350	0.009	13.1	9	6.541	7.78	0	4	5	
2019-04-25 20:20:00	57.44112	17.79924	12	29	0	1	360	0.009	13.1	9	6.402	7.75	0	4	5	
2019-04-25 20:30:00	57.44322	17.79402	12	30	0	2	350	0.009	13.1	9	6.129	7.69	0	4	5	
2019-04-25 20:40:00	57.44217	17.79	12	31	0	1	350	0.009	13.1	9	6.062	7.68	0	4	5	
2019-04-25 20:50:00	57.44079	17.78493	12	32	0	1	350	0.009	13.1	8	5.945	7.65	0	4	5	
2019-04-25 21:00:00	57.43989	17.7801	12	33	0	1	350	0.009	13.1	8	5.906	7.64	0	4	5	
2019-04-25 21:10:00	57.43968	17.77608	12	34	0	1	60	0.009	13.1	8	5.73	7.61	1	4	0	
2019-04-25 21:20:00	57.43869	17.77278	12	35	0	1	350	0.009	13.1	8	5.773	7.62	0	4	5	
2019-04-25 21:30:00	57.43857	17.76912	12	36	0	2	350	0.009	13	8	5.829	7.64	0	4	5	
2019-04-25 21:40:00	57.43788	17.76609	12	37	0	1	350	0.009	13	8	5.976	7.68	0	4	5	
2019-04-25 21:50:00	57.4371	17.76402	12	38	0	1	360	0.011	13	8	6.218	7.74	0	4	5	
2019-04-25 22:00:00	57.43656	17.76363	40	39	0	1	380	0.009	13	8	6.232	7.74	0	4	5	
2019-04-25 22:10:00	57.4365	17.76348	11	40	0	1	350	0.009	13	8	6.179	7.73	0	4	5	
2019-04-25 22:20:00	57.43623	17.76366	11	41	0	1	350	0.009	13	8	6.104	7.71	0	4	5	
2019-04-25 22:30:00	57.43572	17.76384	11	42	0	1	350	0.009	13	8	6.073	7.7	0	4	5	
2019-04-25 22:40:00	57.43494	17.76387	11	43	0	1	350	0.009	13	8	6.038	7.68	0	4	5	
2019-04-25 22:50:00	57.43386	17.76351	11	44	0	1	350	0.009	13	8	6.105	7.7	0	4	5	
2019-04-25 23:00:00	57.43296	17.76342	11	45	0	1	350	0.009	13	8	6.19	7.72	0	4	5	
2019-04-25 23:10:00	57.43209	17.76291	11	46	0	3	350	0.009	13	8	6.214	7.74	0	4	5	
2019-04-25 23:20:00	57.43104	17.7627	11	47	0	2	360	0.009	13	8	6.516	7.83	0	4	5	
2019-04-25 23:30:00	57.4299	17.76225	11	48	0	1	350	0.009	13	8	6.567	7.84	0	4	5	
2019-04-25 23:40:00	57.42957	17.76453	11	49	0	1	350	0.009	13	8	6.524	7.83	0	4	5	
2019-04-25 23:50:00	57.42897	17.76642	11	50	0	1	350	0.009	13	8	6.535	7.84	0	4	5	
2019-04-26 00:00:00	57.42678	17.76555	11	51	0	1	350	0.009	13	8	6.494	7.84	0	4	5	
2019-04-26 00:10:00	57.42573	17.76753	11	52	0	1	350	0.009	13	8	6.497	7.84	0	4	5	
2019-04-26 00:20:00	57.42573	17.77029	11	53	0	2	350	0.009	13	8	6.572	7.86	0	4	5	
2019-04-26 00:30:00	57.42639	17.77272	12	54	0	1	360	0.009	13	8	6.515	7.85	0	4	5	
2019-04-26 00:40:00	57.42531	17.77506	12	55	0	1	350	0.009	13	8	6.466	7.83	0	4	5	
2019-04-26 00:50:00	57.42342	17.77719	12	56	0	1	350	0.011	13	8	6.405	7.83	0	4	5	
2019-04-26 01:00:00	57.42111	17.77953	12	57	0	1	350	0.009	13	8	6.328	7.8	0	4	5	
2019-04-26 01:10:00	57.41874	17.78244	12	58	0	1	350	0.009	13	8	6.223	7.77	0	4	5	
2019-04-26 01:20:00	57.41595	17.78403	12	59	0	1	350	0.009	13	8	6.125	7.74	0	4	5	
2019-04-26 01:30:00	57.41301	17.78565	13	0	0	1	60	0.009	12.9	8	6.041	7.71	1	4	0	
2019-04-26 01:40:00	57.40938	17.78676	41	1	0	1	380	0.009	13	8	5.98	7.69	0	4	5	
2019-04-26 01:50:00	57.40653	17.78931	12	2	0	1	350	0.009	12.9	8	5.749	7.63	0	4	5	
2019-04-26 02:00:00	57.40539	17.79468	11	3	0	1	350	0.009	12.9	7	5.194	7.5	0	4	5	
2019-04-26 02:10:00	57.40212	17.79519	11	4	0	1	350	0.009	12.9	8	5.284	7.52	0	4	5	
2019-04-26 02:20:00	57.39924	17.79636	11	5	0	1	350	0.009	12.9	8	5.339	7.53	0	4	5	
2019-04-26 02:30:00	57.3981	17.8008	11	6	0	1	350	0.009	12.9	7	5.204	7.5	0	4	5	
2019-04-26 02:40:00	57.39462	17.80053	11	7	0	1	350	0.011	12.9	7	5.442	7.56	0	4	5	
2019-04-26 02:50:00	57.39171	17.80062	11	8	0	1	350	0.009	12.9	7	6.018	7.72	0	4	5	
2019-04-26 03:00:00	57.39033	17.80503	12	9	0	1	350	0.009	12.9	7	5.638	7.62	0	4	5	
2019-04-26 03:10:00	57.3882	17.80905	11	10	0	1	350	0.009	12.9	7	5.75	7.65	0	4	5	
2019-04-26 03:20:00	57.38616	17.8104	12	11	0	1	350	0.011	12.9	7	6.101	7.75	0	4	5	
2019-04-26 03:30:00	57.38313	17.8077	12	12	0	1	360	0.009	12.9	7	6.064	7.74	0	4	5	
2019-04-26 03:40:00	57.38028	17.81052	12	13	0	1	350	0.009	12.9	7	6.038	7.73	0	4	5	
2019-04-26 03:50:00	57.37791	17.81412	11	14	0	1	350	0.009	12.9	7	6.107	7.74	0	4	5	
2019-04-26 04:00:00	57.37566	17.81685	40	15	0	1	380	0.009	12.9	8	6.034	7.72	0	4	5	
2019-04-26 04:10:00	57.37413	17.8194	12	16	0	1	350	0.009	12.9	8	5.708	7.63	0	4	5	
2019-04-26 04:20:00	57.37296	17.82195	12	17	0	2	350	0.009	12.9	8	5.517	7.59	0	4	5	
2019-04-26 04:30:00	57.37161	17.8233	12	18	0	1	350	0.009	12.9	8	5.377	7.55	0	4	5	
2019-04-26 04:40:00	57.37017	17.82693	12	19	0	1	360	0.009	12.9	8	5.249	7.52	0	4	5	
2019-04-26 05:00:00	57.36492	17.82768	41	21	0		380	0.009	12.9	8	5.375	7.55	0	4	5	
2019-04-26 05:10:00	57.36312	17.82957	12	22	0	1	350	0.009	12.9	8	5.203	7.51	0	4	5	
2019-04-26 05:20:00	57.36204	17.8326	12	23	0	1	350	0.009	12.9	8	5.433	7.57	0	4	5	
2019-04-26 05:30:00	57.36171	17.83509	11	24	0	1	350	0.011	12.9	8	5.607	7.62	0	4	5	
2019-04-26 05:40:00	57.36141	17.83761	11	25	0	1	350	0.009	12.9	8	5.568	7.61	0	4	5	
2019-04-26 05:50:00	57.36039	17.84016	11	26	0	1	360	0.009	13	8	5.676	7.64	0	4	5	
2019-04-26 06:00:00	57.3573	17.84091	11	27	0	1	350	0.009	13	8	5.655	7.63	0	4	5	
2019-04-26 06:10:00	57.35589	17.84415	11	28	0	1	350	0.009	12.9	8	5.859	7.68	0	4	5	
2019-04-26 06:20:00	57.35469	17.84664	11	29	0	1	350	0.009	13	8	6.054	7.73	0	4	5	
2019-04-26 06:30:00	57.35235	17.84715	11	30	0	1	350	0.009	13	8	6.096	7.74	0	4	5	
2019-04-26 06:40:00	57.34992	17.84817	11	31	0	1	360	0.009	13	9	6.142	7.74	0	4	5	
2019-04-26 06:50:00	57.34764	17.85048	12	32	0	1	350	0.011	13	9	6.105	7.74	0	4	5	
2019-04-26 07:00:00	57.34746	17.85411	13	33	0	1	360	0.009	13	9	6.253	7.77	0	4	5	
2019-04-26 07:10:00	57.34551	17.85666	11	34	0	1	350	0.009	13.1	9	6.313	7.78	0	4	5	
2019-04-26 07:20:00	57.34221	17.85693	39	35	0	3	380	0.009	13.1	10	6.331	7.79	0	4	5	
2019-04-26 07:30:00	57.33903	17.85651	11	36	0	1	350	0.009	13.1	10	6.296	7.78	0	4	5	
2019-04-26 07:40:00	57.33726	17.85945	11	37	0	1	350	0.009	13.1	10	6.332	7.79	0	4	5	
2019-04-26 07:50:00	57.33666	17.86335	11	38	0	2	350	0.009	13	10	6.45	7.81	0	4	5	
2019-04-26 08:00:00	57.3366	17.86659	12	39	0	1	360	0.009	13.1	10	6.471	7.81	0	4	5	
2019-04-26 08:10:00	57.33387	17.86878	12	40	0	1	360	0.009	13.2	10	6.499	7.82	0	4	5	
2019-04-26 08:20:00	57.33054	17.8683	12	41	0	1	350	0.009	13.2	10	6.336	7.78	0	4	5	
2019-04-26 08:30:00	57.32736	17.86761	12	42	0	1	350	0.009	13.2	11	5.772	7.64	0	4	5	
2019-04-26 08:40:00	57.32637	17.86989	12	43	0	1	350	0.009	13.2	11	5.814	7.65	0	4	5	
2019-04-26 08:50:00	57.32625	17.87301	11	44	0	1	350	0.009	13.2	11	5.873	7.66	0	4	5	
2019-04-26 09:00:00	57.32643	17.87661	11	45	0	1	350	0.009	13.2	11	6.08	7.71	0	4	5	
2019-04-26 09:10:00	57.32409	17.88012	12	46	0	1	350	0.011	13.2	10	6.131	7.73	0	4	5	
2019-04-26 09:20:00	57.32067	17.88138	11	47	0	1	350	0.009	13.2	10	5.9	7.67	0	4	5	
2019-04-26 09:30:00	57.31785	17.88405	12	48	0	1	350	0.009	13.1	11	6.543	7.84	0	4	5	
2019-04-26 09:40:00	57.31488	17.88537	12	49	0	1	350	0.009	13.1	11	6.918	7.96	0	4	5	
2019-04-26 09:50:00	57.31371	17.88957	12	50	0	1	40	0.009	13.2	11	6.723	7.91	6	4	0	
2019-04-26 10:00:00	57.31455	17.89338	40	51	0	1	380	0.009	13.3	11	6.62	7.88	0	4	5	
2019-04-26 10:10:00	57.31239	17.89635	11	52	0	1	350	0.009	13.2	11	6.52	7.85	0	4	5	
2019-04-26 10:20:00	57.30936	17.89857	12	53	0	1	60	0.009	13.2	11	6.931	7.93	1	4	0	
2019-04-26 10:30:00	57.30645	17.90049	12	54	0	1	350	0.009	13.2	10	6.949	7.94	0	4	5	
2019-04-26 10:40:00	57.30348	17.90298	12	55	0	1	350	0.009	13.2	10	6.849	7.91	0	4	5	
2019-04-26 10:50:00	57.30189	17.9022	11	56	0	1	350	0.009	13.3	10	6.89	7.92	0	4	5	
2019-04-26 11:00:00	57.3021	17.89959	12	57	0	1	350	0.009	13.3	10	6.937	7.93	0	4	5	
2019-04-26 11:10:00	57.30252	17.89653	12	58	0	1	350	0.009	13.3	11	7.064	7.95	0	4	5	
2019-04-26 11:20:00	57.30225	17.89518	11	59	0	3	350	0.011	13.3	11	7.088	7.96	0	4	5	
2019-04-26 11:30:00	57.30168	17.8968	11	0	0	1	350	0.009	13.3	11	7.172	7.98	0	4	5	
2019-04-26 11:40:00	57.30108	17.89734	11	1	0	1	350	0.009	13.3	11	7.094	7.96	0	4	5	
2019-04-26 11:50:00	57.30015	17.89842	11	2	0	1	350	0.009	13.4	11	7.145	7.97	0	4	5	
2019-04-26 12:00:00	57.29913	17.89899	12	3	0	1	350	0.009	13.3	12	7.177	7.98	0	4	5	
2019-04-26 12:10:00	57.29859	17.89953	11	4	0	1	350	0.009	13.3	12	7.263	8	0	4	5	
2019-04-26 12:20:00	57.29778	17.89992	12	5	0	1	350	0.009	13.3	12	7.332	8.01	0	4	5	
2019-04-26 12:30:00	57.29733	17.89974	12	6	0	2	360	0.009	13.3	12	7.365	8.01	0	4	5	
2019-04-26 12:40:00	57.29685	17.8998	12	7	0	1	350	0.009	13.3	12	7.548	8.05	0	4	5	
2019-04-26 12:50:00	57.2964	17.90085	12	8	0	1	350	0.009	13.4	13	7.571	8.06	0	4	5	
2019-04-26 13:00:00	57.29586	17.90226	12	9	0	1	350	0.009	13.3	13	7.549	8.05	0	4	5	
2019-04-26 13:10:00	57.29553	17.90226	17	10	0	1	360	0.009	13.3	13	7.768	8.1	0	4	5	
2019-04-26 13:20:00	57.29511	17.90184	19	11	0	1	370	0.009	13.3	13	7.857	8.12	0	4	5	
2019-04-26 13:30:00	57.29469	17.90103	12	12	0	1	350	0.009	13.3	13	8.005	8.14	0	4	5	
2019-04-26 13:40:00	57.29436	17.9004	41	13	0	1	380	0.011	13.3	13	7.956	8.13	0	4	5	
2019-04-26 13:50:00	57.29397	17.90025	12	14	0	2	350	0.009	13.3	13	7.919	8.13	0	4	5	
2019-04-26 14:00:00	57.29358	17.89932	12	15	0	1	350	0.009	13.3	13	8.002	8.15	0	4	5	
2019-04-26 14:10:00	57.29289	17.90013	12	16	0	1	350	0.009	13.3	13	7.928	8.13	0	4	5	
2019-04-26 14:20:00	57.2931	17.90121	12	17	0	1	350	0.009	13.3	13	7.897	8.12	0	4	5	
2019-04-26 14:30:00	57.29334	17.90256	12	18	0	1	350	0.009	13.3	13	7.927	8.12	0	4	5	
2019-04-26 14:40:00	57.29271	17.90355	12	19	0	1	70	0.009	13.3	13	7.943	8.12	1	4	0	
2019-04-26 14:50:00	57.29265	17.90457	12	20	0	1	350	0.009	13.3	13	8.004	8.15	0	4	5	
2019-04-26 15:00:00	57.29226	17.90529	11	21	0	1	350	0.009	13.3	13	8.019	8.15	0	4	5	
2019-04-26 15:10:00	57.2916	17.90697	12	22	0	1	360	0.009	13.3	13	8.006	8.15	0	4	5	
2019-04-26 15:20:00	57.29052	17.90697	12	23	0	1	350	0.009	13.3	13	8.005	8.15	0	4	5	
2019-04-26 15:30:00	57.2898	17.90694	12	24	0	1	350	0.009	13.3	13	8.006	8.15	0	4	5	
2019-04-26 15:40:00	57.28872	17.90793	12	25	0	1	350	0.009	13.3	13	7.886	8.12	0	4	5	
2019-04-26 15:50:00	57.28809	17.90925	13	26	0	1	360	0.009	13.3	13	7.849	8.13	0	4	5	
2019-04-26 16:00:00	57.2874	17.90958	40	27	0	1	380	0.009	13.3	13	8.007	8.16	0	4	5	
2019-04-26 16:10:00	57.28707	17.91009	12	28	0	2	350	0.009	13.3	12	8.039	8.18	0	4	5	
2019-04-26 16:20:00	57.2868	17.91057	12	29	0	1	350	0.011	13.3	12	8.103	8.19	0	4	5	
2019-04-26 16:30:00	57.28629	17.9106	12	30	0	1	360	0.009	13.2	12	8.109	8.19	0	4	5	
2019-04-26 16:40:00	57.28587	17.91129	12	31	0	1	350	0.009	13.2	12	7.91	8.14	0	4	5	
2019-04-26 16:50:00	57.2856	17.91222	12	32	0	1	360	0.009	13.2	12	7.816	8.12	0	4	5	
2019-04-26 17:00:00	57.28518	17.91291	12	33	0	1	350	0.009	13.2	12	7.774	8.1	0	4	5	
2019-04-26 17:10:00	57.285	17.91381	12	34	0	1	350	0.009	13.2	12	7.709	8.09	0	4	5	
2019-04-26 17:20:00	57.28446	17.9139	12	35	0	1	350	0.009	13.2	11	7.76	8.09	0	4	5	
2019-04-26 17:30:00	57.2844	17.91465	12	36	0	1	350	0.009	13.2	11	7.69	8.08	0	4	5	
2019-04-26 17:40:00	57.28398	17.91282	11	37	0	1	360	0.009	13.2	11	7.623	8.08	0	4	5	
2019-04-26 17:50:00	57.2835	17.91204	11	38	0	1	350	0.009	13.2	11	7.563	8.06	0	4	5	
2019-04-26 18:00:00	57.28287	17.91294	12	39	0	1	350	0.009	13.2	11	7.502	8.05	0	4	5	
2019-04-26 18:10:00	57.28221	17.91108	12	40	0	1	350	0.009	13.2	10	7.466	8.04	0	4	5	
2019-04-26 18:20:00	57.28308	17.90964	13	41	0	1	360	0.009	13.2	10	7.583	8.07	0	4	5	
2019-04-26 18:30:00	57.2826	17.90754	13	42	0	1	360	0.009	13.2	10	7.598	8.07	0	4	5	
2019-04-26 18:40:00	57.28275	17.9046	41	43	0	1	390	0.009	13.2	10	7.736	8.09	0	4	5	
2019-04-26 18:50:00	57.28356	17.90295	11	44	0	1	350	0.009	13.2	10	7.73	8.1	0	4	5	
2019-04-26 19:00:00	57.28599	17.90502	12	45	0	1	350	0.009	13.2	10	7.71	8.1	0	4	5	
2019-04-26 19:10:00	57.28752	17.90547	12	46	0	1	350	0.009	13.2	10	7.815	8.12	0	4	5	
2019-04-26 19:20:00	57.28917	17.90472	12	47	0	1	350	0.009	13.2	10	7.622	8.08	0	4	5	
2019-04-26 19:30:00	57.29058	17.90394	12	48	0	1	350	0.009	13.2	10	7.369	8.01	0	4	5	
2019-04-26 19:40:00	57.28947	17.90373	13	49	0	1	360	0.009	13.2	10	7.482	8.04	0	4	5	
2019-04-26 19:50:00	57.28836	17.90595	14	50	0	1	360	0.009	13.2	10	7.601	8.07	0	4	5	
2019-04-26 20:00:00	57.2874	17.90874	13	51	0	1	360	0.009	13.2	10	7.549	8.06	0	4	5	
2019-04-26 20:10:00	57.28671	17.91135	12	52	0	1	350	0.009	13.2	10	7.496	8.05	0	4	5	
2019-04-26 20:20:00	57.28587	17.91219	16	53	0	1	360	0.009	13.2	10	7.513	8.06	0	4	5	
2019-04-26 20:30:00	57.28536	17.91453	13	54	0	1	360	0.009	13.2	10	7.439	8.04	0	4	5	
2019-04-26 20:40:00	57.28485	17.91678	12	55	0	1	350	0.009	13.2	10	7.394	8.03	0	4	5	
2019-04-26 20:50:00	57.28425	17.91921	16	56	0	1	360	0.009	13.2	10	7.21	7.98	0	4	5	
2019-04-26 21:00:00	57.28401	17.92161	41	57	0	1	380	0.009	13.1	10	7.336	8	0	4	5	
2019-04-26 21:10:00	57.28392	17.92431	11	58	0	1	350	0.009	13.2	10	7.248	7.98	0	4	5	
2019-04-26 21:20:00	57.28368	17.92719	11	59	0	1	350	0.009	13.1	10	7.1	7.96	0	4	5	
2019-04-26 21:30:00	57.2838	17.92983	11	0	0	2	350	0.009	13.2	10	7.155	7.98	0	4	5	
2019-04-26 21:40:00	57.28416	17.93226	11	1	0	1	350	0.009	13.2	10	7.203	7.99	0	4	5	
2019-04-26 21:50:00	57.28488	17.93487	12	2	0	1	350	0.009	13.2	10	7.3	8	0	4	5	
2019-04-26 22:00:00	57.28455	17.93613	11	3	0	1	360	0.009	13.1	10	7.465	8.04	0	4	5	
2019-04-26 22:10:00	57.28473	17.93862	11	4	0	1	350	0.009	13.1	9	7.406	8.02	0	4	5	
2019-04-26 22:20:00	57.28509	17.94135	13	5	0	1	360	0.009	13.1	9	7.155	7.97	0	4	5	
2019-04-26 22:30:00	57.28593	17.94372	12	6	0	1	350	0.009	13.1	10	7.421	8.02	0	4	5	
2019-04-26 22:40:00	57.28662	17.94621	12	7	0	1	350	0.009	13.1	9	7.395	8.01	0	4	5	
2019-04-26 22:50:00	57.28737	17.94846	11	8	0	1	350	0.009	13.1	9	7.119	7.94	0	4	5	
2019-04-26 23:00:00	57.28818	17.95083	11	9	0	1	350	0.009	13.1	9	6.961	7.93	0	4	5	
2019-04-26 23:10:00	57.2883	17.95029	11	10	0	1	350	0.009	13.1	9	7.009	7.94	0	4	5	
2019-04-26 23:20:00	57.2901	17.94915	12	11	0	2	350	0.009	13.1	9	7.066	7.96	0	4	5	
2019-04-26 23:30:00	57.29154	17.94759	11	12	0	1	350	0.009	13.1	9	7.136	7.97	0	4	5	
2019-04-26 23:40:00	57.29187	17.94774	11	13	0	1	350	0.011	13.1	9	7.127	7.96	0	4	5	
2019-04-26 23:50:00	57.29208	17.9481	12	14	0	1	350	0.009	13.1	9	7.115	7.96	0	4	5	
2019-04-27 00:00:00	57.29184	17.94846	40	15	0	1	380	0.009	13.1	9	7.129	7.95	0	4	5	
2019-04-27 00:10:00	57.29193	17.94894	11	16	0	1	350	0.009	13.1	9	7.158	7.98	0	4	5	
2019-04-27 00:20:00	57.29193	17.94921	11	17	0	1	350	0.009	13.1	9	7.187	7.98	0	4	5	
2019-04-27 00:30:00	57.29187	17.94876	11	18	0	1	350	0.009	13.1	9	7.25	8	0	4	5	
2019-04-27 00:40:00	57.29166	17.94909	11	19	0	1	350	0.009	13.1	9	7.307	8.01	0	4	5	
2019-04-27 00:50:00	57.29097	17.94789	11	20	0	1	350	0.009	13.1	9	7.358	8.02	0	4	5	
2019-04-27 01:00:00	57.29103	17.94684	12	21	0	2	350	0.009	13.1	9	7.391	8.03	0	4	5	
2019-04-27 01:10:00	57.29085	17.94555	11	22	0	1	60	0.009	13.1	9	7.368	8.02	1	4	0	
2019-04-27 01:20:00	57.29031	17.94219	11	23	0	1	350	0.009	13.1	8	7.154	7.97	0	4	5	
2019-04-27 01:30:00	57.29079	17.94069	18	24	0	2	360	0.009	13.1	9	7.112	7.97	0	4	5	
2019-04-27 01:40:00	57.29064	17.94084	14	25	0	1	360	0.009	13.1	9	7.118	7.97	0	4	5	
2019-04-27 01:50:00	57.2904	17.93988	41	26	0	1	380	0.009	13.1	9	7.103	7.96	0	4	5	
2019-04-27 02:00:00	57.29028	17.93925	11	27	0	1	350	0.009	13.1	9	7.11	7.96	0	4	5	
2019-04-27 02:10:00	57.29094	17.93754	11	28	0	1	350	0.009	13.1	9	7.166	7.97	0	4	5	
2019-04-27 02:20:00	57.29175	17.93295	11	29	0	1	360	0.009	13.1	9	7.116	7.97	0	4	5	
2019-04-27 02:30:00	57.2925	17.92908	11	30	0	1	350	0.009	13.1	9	7.006	7.94	0	4	5	
2019-04-27 02:40:00	57.29316	17.9253	12	31	0	1	350	0.009	13.1	9	7.001	7.94	0	4	5	
2019-04-27 02:50:00	57.29412	17.92101	12	32	0	1	350	0.009	13.1	9	6.79	7.88	0	4	5	
2019-04-27 03:00:00	57.29514	17.91744	12	33	0	1	350	0.009	13.1	9	6.599	7.83	0	4	5	
2019-04-27 03:10:00	57.29628	17.91273	12	34	0	1	350	0.009	13.1	9	6.872	7.9	0	4	5	
2019-04-27 03:20:00	57.29775	17.90781	11	35	0	1	360	0.009	13.1	9	6.79	7.89	0	4	5	
2019-04-27 03:30:00	57.29598	17.91093	11	36	0	1	350	0.009	13.1	9	6.833	7.89	0	4	5	
2019-04-27 03:40:00	57.29481	17.9148	12	37	0	1	350	0.009	13.1	9	6.52	7.82	0	4	5	
2019-04-27 03:50:00	57.29415	17.91792	13	38	0	1	360	0.009	13.1	9	6.575	7.83	0	4	5	
2019-04-27 04:20:00	57.28917	17.93256	12	41	0		360	0.011	13.1	9	6.869	7.91	0	4	5	
2019-04-27 04:40:00	57.28788	17.93976	12	43	0		350	0.009	13.1	9	7.129	7.97	0	4	5	
2019-04-27 04:50:00	57.28791	17.94189	13	44	0	3	360	0.009	13.1	9	7.097	7.96	0	4	5	
2019-04-27 05:00:00	57.28788	17.9415	13	45	0	1	360	0.009	13.1	9	7.085	7.96	0	4	5	
2019-04-27 05:10:00	57.28797	17.94141	12	46	0	1	350	0.011	13.1	9	7.088	7.96	0	4	5	
2019-04-27 05:20:00	57.28707	17.94135	12	47	0	2	350	0.009	13.1	9	7.142	7.98	0	4	5	
2019-04-27 05:30:00	57.28764	17.93979	12	48	0	2	350	0.009	13.1	9	7.157	7.98	0	4	5	
2019-04-27 05:40:00	57.28845	17.9382	12	49	0	1	350	0.009	13.1	9	7.136	7.97	0	4	5	
2019-04-27 05:50:00	57.29097	17.93631	12	50	0	1	350	0.009	13.1	9	7.185	7.99	0	4	5	
2019-04-27 06:00:00	57.29466	17.93268	12	51	0	1	350	0.009	13.1	9	6.681	7.87	0	4	5	
2019-04-27 06:10:00	57.29727	17.92683	12	52	0	1	350	0.009	13.2	9	6.562	7.84	0	4	5	
2019-04-27 06:20:00	57.29808	17.91558	11	53	0	1	350	0.009	13.2	9	6.369	7.8	0	4	5	
2019-04-27 06:30:00	57.29655	17.90907	12	54	0	1	360	0.011	13.2	9	6.471	7.82	0	4	5	
2019-04-27 06:40:00	57.29064	17.90586	12	55	0	3	350	0.009	13.2	10	6.618	7.85	0	4	5	
2019-04-27 06:50:00	57.28611	17.89947	13	56	0	1	360	0.009	13.2	9	6.508	7.83	0	4	5	
2019-04-27 07:00:00	57.28314	17.89197	41	57	0	1	380	0.009	13.3	10	6.546	7.84	0	4	5	
2019-04-27 07:10:00	57.28146	17.88957	11	58	0	1	350	0.009	13.2	10	6.61	7.85	0	4	5	
2019-04-27 07:20:00	57.28011	17.89161	11	59	0	1	350	0.009	13.3	10	6.626	7.85	0	4	5	
2019-04-27 07:30:00	57.27924	17.89251	12	0	0	1	350	0.009	13.3	10	6.566	7.84	0	4	5	
2019-04-27 07:40:00	57.27792	17.89326	12	1	0	1	350	0.009	13.3	10	6.513	7.83	0	4	5	
2019-04-27 07:50:00	57.27639	17.89353	11	2	0	1	350	0.009	13.3	10	6.468	7.81	0	4	5	
2019-04-27 08:00:00	57.27498	17.89215	12	3	0	1	350	0.009	13.4	10	6.512	7.82	0	4	5	
2019-04-27 08:10:00	57.27321	17.89089	12	4	0	1	350	0.009	13.4	10	6.608	7.84	0	4	5	
2019-04-27 08:20:00	57.27222	17.88894	12	5	0	1	350	0.009	13.4	10	6.697	7.86	0	4	5	
2019-04-27 08:30:00	57.27162	17.88765	12	6	0	1	350	0.009	13.4	10	6.718	7.86	0	4	5	
2019-04-27 08:40:00	57.2709	17.88651	12	7	0	1	360	0.009	13.4	11	6.85	7.89	0	4	5	
2019-04-27 08:50:00	57.27096	17.88516	12	8	0	1	350	0.009	13.3	11	6.962	7.92	0	4	5	
2019-04-27 09:00:00	57.27132	17.88417	12	9	0	1	350	0.009	13.3	12	7.024	7.93	0	4	5	
2019-04-27 09:10:00	57.27171	17.88309	11	10	0	1	350	0.009	13.3	12	7.096	7.95	0	4	5	
2019-04-27 09:20:00	57.27201	17.88213	12	11	0	2	350	0.009	13.4	13	7.785	8.09	0	4	5	
2019-04-27 09:30:00	57.27219	17.88129	12	12	0	1	350	0.009	13.3	13	7.637	8.06	0	4	5	
2019-04-27 09:40:00	57.27261	17.88381	39	13	0	1	380	0.009	13.3	13	7.557	8.05	0	4	5	
2019-04-27 09:50:00	57.27303	17.88384	11	14	0	1	350	0.009	13.4	13	7.167	7.96	0	4	5	
2019-04-27 10:00:00	57.27396	17.88384	11	15	0	1	350	0.009	13.4	13	7.811	8.1	0	4	5	
2019-04-27 10:10:00	57.27576	17.88648	11	16	0	1	350	0.009	13.4	13	7.779	8.1	0	4	5	
2019-04-27 10:20:00	57.27666	17.89038	12	17	0	1	350	0.009	13.4	14	7.668	8.07	0	4	5	
2019-04-27 10:30:00	57.2772	17.89491	12	18	0	1	350	0.009	13.4	13	7.622	8.06	0	4	5	
2019-04-27 10:40:00	57.27807	17.89968	11	19	0	1	350	0.009	13.4	13	7.634	8.07	0	4	5	
2019-04-27 10:50:00	57.27627	17.89824	12	20	0	1	350	0.009	13.3	13	7.604	8.06	0	4	5	
2019-04-27 11:00:00	57.27444	17.89803	12	21	0	1	350	0.009	13.3	13	7.614	8.06	0	4	5	
2019-04-27 11:10:00	57.27207	17.89653	11	22	0	1	350	0.009	13.3	12	7.654	8.07	0	4	5	
2019-04-27 11:20:00	57.27033	17.89449	12	23	0	1	360	0.009	13.3	12	7.658	8.07	0	4	5	
2019-04-27 11:30:00	57.2688	17.89185	12	24	0	1	360	0.009	13.3	12	7.548	8.04	0	4	5	
2019-04-27 11:40:00	57.26787	17.88849	11	25	0	1	350	0.009	13.3	12	7.644	8.07	0	4	5	
2019-04-27 11:50:00	57.26544	17.88855	11	26	0	2	350	0.009	13.4	11	7.667	8.08	0	4	5	
2019-04-27 12:00:00	57.26433	17.88723	40	27	0	1	380	0.009	13.3	12	7.742	8.09	0	4	5	
2019-04-27 12:10:00	57.26403	17.88486	11	28	0	1	350	0.009	13.3	11	7.762	8.09	0	4	5	
2019-04-27 12:20:00	57.26388	17.8824	11	29	0	1	350	0.009	13.3	11	7.67	8.08	0	4	5	
2019-04-27 12:30:00	57.26343	17.88024	11	30	0	1	350	0.009	13.3	11	7.753	8.09	0	4	5	
2019-04-27 12:50:00	57.26313	17.87649	12	32	0		60	0.009	13.3	11	7.71	8.08	1	4	0	
2019-04-27 13:00:00	57.2628	17.87511	12	33	0	1	360	0.009	13.3	11	7.692	8.09	0	4	5	
2019-04-27 13:10:00	57.26247	17.87343	12	34	0	1	360	0.009	13.3	11	7.548	8.06	0	4	5	
2019-04-27 13:20:00	57.26169	17.87235	12	35	0	1	350	0.009	13.3	11	7.473	8.05	0	4	5	
2019-04-27 13:30:00	57.26094	17.87118	12	36	0	1	360	0.009	13.3	11	7.466	8.04	0	4	5	
2019-04-27 13:40:00	57.25977	17.86998	12	37	0	1	350	0.009	13.3	11	7.499	8.06	0	4	5	
2019-04-27 13:50:00	57.25824	17.87013	12	38	0	1	350	0.009	13.3	11	7.556	8.07	0	4	5	
2019-04-27 14:00:00	57.25743	17.87214	13	39	0	1	360	0.009	13.3	11	7.557	8.07	0	4	5	
2019-04-27 14:10:00	57.25533	17.87607	14	40	0	1	360	0.009	13.3	11	7.681	8.1	0	4	5	
2019-04-27 14:20:00	57.25254	17.87919	13	41	0	1	360	0.009	13.3	12	7.675	8.09	0	4	5	
2019-04-27 14:30:00	57.25023	17.88309	41	42	0	3	380	0.009	13.3	12	7.829	8.11	0	4	5	
2019-04-27 14:40:00	57.24849	17.88507	11	43	0	1	350	0.009	13.3	12	7.85	8.13	0	4	5	
2019-04-27 14:50:00	57.24753	17.88696	11	44	0	1	350	0.009	13.3	12	7.841	8.12	0	4	5	
2019-04-27 15:00:00	57.24534	17.88918	11	45	0	1	350	0.009	13.3	12	7.898	8.13	0	4	5	
2019-04-27 15:10:00	57.24318	17.88768	11	46	0	1	350	0.009	13.3	12	7.866	8.13	0	4	5	
2019-04-27 15:20:00	57.24078	17.88861	11	47	0	1	350	0.009	13.3	12	7.95	8.14	0	4	5	
2019-04-27 15:30:00	57.23826	17.88924	11	48	0	1	350	0.009	13.3	12	7.951	8.14	0	4	5	
2019-04-27 15:40:00	57.23577	17.89053	11	49	0	1	350	0.009	13.3	12	7.866	8.11	0	4	5	
2019-04-27 15:50:00	57.23379	17.89203	11	50	0	1	350	0.009	13.3	12	7.835	8.12	0	4	5	
2019-04-27 16:00:00	57.23214	17.89443	12	51	0	1	350	0.009	13.3	12	7.812	8.12	0	4	5	
2019-04-27 16:10:00	57.23004	17.8956	12	52	0	1	360	0.009	13.3	12	7.769	8.11	0	4	5	
2019-04-27 16:20:00	57.22764	17.8953	12	53	0	1	350	0.009	13.3	12	7.726	8.1	0	4	5	
2019-04-27 16:30:00	57.22539	17.89317	12	54	0	1	350	0.009	13.2	12	7.752	8.11	0	4	5	
2019-04-27 16:40:00	57.22386	17.88933	12	55	0	1	350	0.009	13.2	12	7.786	8.12	0	4	5	
2019-04-27 16:50:00	57.22281	17.88666	12	56	0	1	350	0.009	13.2	11	7.781	8.11	0	4	5	
2019-04-27 17:00:00	57.22197	17.88324	12	57	0	1	360	0.009	13.2	11	7.745	8.1	0	4	5	
2019-04-27 17:10:00	57.21957	17.87832	41	58	0	1	380	0.009	13.2	11	7.71	8.1	0	4	5	
2019-04-27 17:20:00	57.21711	17.87427	11	59	0	1	360	0.009	13.2	11	7.563	8.06	0	4	5	
2019-04-27 17:30:00	57.21618	17.86968	12	0	0	1	350	0.009	13.2	11	7.545	8.06	0	4	5	
2019-04-27 17:40:00	57.21684	17.86644	11	1	0	1	350	0.009	13.2	11	7.552	8.06	0	4	5	
2019-04-27 17:50:00	57.21822	17.86398	11	2	0	1	360	0.009	13.2	10	7.56	8.06	0	4	5	
2019-04-27 18:00:00	57.21978	17.86095	11	3	0	1	60	0.009	13.2	10	7.511	8.06	1	4	0	
2019-04-27 18:10:00	57.21765	17.86107	11	4	0	1	350	0.009	13.2	10	7.53	8.06	0	4	5	
2019-04-27 18:20:00	57.21435	17.8617	11	5	0	1	350	0.009	13.2	10	7.483	8.05	0	4	5	
2019-04-27 18:30:00	57.21189	17.86314	11	6	0	1	350	0.009	13.2	10	7.429	8.04	0	4	5	
2019-04-27 18:40:00	57.20952	17.86458	11	7	0	1	360	0.009	13.2	10	7.397	8.03	0	4	5	
2019-04-27 18:50:00	57.20805	17.86512	11	8	0	1	350	0.009	13.2	10	7.328	8.01	0	4	5	
2019-04-27 19:00:00	57.20634	17.86545	11	9	0	1	350	0.011	13.2	10	7.234	7.99	0	4	5	
2019-04-27 19:10:00	57.20283	17.8665	11	10	0	1	350	0.009	13.2	10	7.228	7.98	0	4	5	
2019-04-27 19:20:00	57.19923	17.86707	11	11	0	1	350	0.009	13.2	9	7.234	7.98	0	4	5	
2019-04-27 19:30:00	57.19572	17.86899	12	12	0	2	350	0.009	13.2	10	7.19	7.98	0	4	5	
2019-04-27 19:40:00	57.19209	17.87127	41	13	0	1	380	0.009	13.2	10	7.192	7.98	0	4	5	
2019-04-27 19:50:00	57.18963	17.8734	11	14	0	1	350	0.009	13.2	9	7.157	7.97	0	4	5	
2019-04-27 20:00:00	57.18687	17.87643	12	15	0	1	350	0.009	13.2	9	7.212	7.98	0	4	5	
2019-04-27 20:10:00	57.18366	17.87109	12	16	0	1	350	0.009	13.2	9	7.216	7.98	0	4	5	
2019-04-27 20:20:00	57.18009	17.86356	12	17	0	2	350	0.009	13.2	9	7.305	8.01	0	4	5	
2019-04-27 20:30:00	57.17622	17.85639	12	18	0	1	350	0.009	13.2	9	7.289	8	0	4	5	
2019-04-27 20:40:00	57.17805	17.85177	12	19	0	1	350	0.009	13.2	9	7.277	8	0	4	5	
2019-04-27 20:50:00	57.18072	17.84784	12	20	0	1	360	0.009	13.2	9	7.212	7.98	0	4	5	
2019-04-27 21:00:00	57.1836	17.8431	12	21	0	1	350	0.009	13.2	9	6.945	7.92	0	4	5	
2019-04-27 21:10:00	57.18624	17.83932	12	22	0	1	360	0.009	13.1	9	6.958	7.92	0	4	5	
2019-04-27 21:20:00	57.18861	17.83602	12	23	0	1	350	0.009	13.2	9	7.04	7.94	0	4	5	
2019-04-27 21:30:00	57.1905	17.83296	12	24	0	1	360	0.009	13.2	9	7.003	7.93	0	4	5	
2019-04-27 21:40:00	57.1932	17.82951	12	25	0	1	350	0.009	13.2	9	6.966	7.92	0	4	5	
2019-04-27 21:50:00	57.19575	17.82624	12	26	0	1	350	0.009	13.2	9	7.037	7.93	0	4	5	
2019-04-27 22:00:00	57.19791	17.82312	40	27	0	1	380	0.009	13.1	9	6.919	7.91	0	4	5	
2019-04-27 22:10:00	57.19581	17.82153	11	28	0	1	360	0.009	13.1	9	6.948	7.92	0	4	5	
2019-04-27 22:20:00	57.19299	17.82072	11	29	0	1	350	0.009	13.1	9	6.778	7.89	0	4	5	
2019-04-27 22:30:00	57.18966	17.82009	12	30	0	1	360	0.009	13.1	9	6.921	7.92	0	4	5	
2019-04-27 22:40:00	57.19275	17.8182	12	31	0	1	350	0.009	13.1	9	6.731	7.88	0	4	5	
2019-04-27 22:50:00	57.19551	17.81631	11	32	0	3	350	0.009	13.1	9	6.818	7.89	0	4	5	
2019-04-27 23:00:00	57.19752	17.8131	11	33	0	1	350	0.009	13.1	9	6.848	7.9	0	4	5	
2019-04-27 23:10:00	57.19995	17.8098	12	34	0	1	350	0.009	13.1	9	6.821	7.89	0	4	5	
2019-04-27 23:20:00	57.20295	17.80755	12	35	0	1	60	0.009	13.2	9	6.84	7.89	1	4	0	
2019-04-27 23:30:00	57.20589	17.80542	12	36	0	1	360	0.009	13.2	8	6.846	7.9	0	4	5	
2019-04-27 23:40:00	57.20394	17.80632	12	37	0	1	350	0.009	13.2	9	6.829	7.89	0	4	5	
2019-04-27 23:50:00	57.20118	17.80902	12	38	0	1	350	0.009	13.1	9	6.828	7.89	0	4	5	
2019-04-28 00:00:00	57.198	17.81214	14	39	0	1	360	0.009	13.1	9	6.821	7.89	0	4	5	
2019-04-28 00:10:00	57.19437	17.81589	41	40	0	1	380	0.009	13.1	9	6.771	7.88	0	4	5	
2019-04-28 00:20:00	57.19134	17.81904	12	41	0	1	360	0.009	13.1	9	6.756	7.88	0	4	5	
2019-04-28 00:30:00	57.18786	17.82174	12	42	0	1	350	0.009	13.1	9	6.648	7.86	0	4	5	
2019-04-28 00:40:00	57.18996	17.81922	12	43	0	1	350	0.009	13.1	9	6.696	7.87	0	4	5	
2019-04-28 00:50:00	57.19338	17.81697	12	44	0	1	360	0.009	13.1	9	6.722	7.87	0	4	5	
2019-04-28 01:00:00	57.19656	17.81541	12	45	0	1	360	0.009	13.1	9	6.697	7.86	0	4	5	
2019-04-28 01:10:00	57.19395	17.81646	12	46	0	1	350	0.009	13.1	9	6.701	7.87	0	4	5	
2019-04-28 01:20:00	57.19131	17.81895	12	47	0	1	350	0.009	13.1	9	6.639	7.86	0	4	5	
2019-04-28 01:30:00	57.18855	17.82111	12	48	0	1	360	0.009	13.1	9	6.547	7.83	0	4	5	
2019-04-28 01:40:00	57.19062	17.8191	12	49	0	1	360	0.009	13.1	9	6.599	7.85	0	4	5	
2019-04-28 01:50:00	57.1935	17.81745	12	50	0	1	350	0.011	13.1	9	6.624	7.85	0	4	5	
2019-04-28 02:00:00	57.19731	17.81553	40	51	0	1	380	0.009	13.1	9	6.651	7.86	0	4	5	
2019-04-28 02:10:00	57.19473	17.81607	12	52	0	3	350	0.009	13.1	9	6.639	7.86	0	4	5	
2019-04-28 02:20:00	57.19128	17.81901	11	53	0	1	350	0.009	13.1	9	6.564	7.84	0	4	5	
2019-04-28 02:30:00	57.18813	17.82192	12	54	0	1	350	0.009	13.1	9	6.589	7.85	0	4	5	
2019-04-28 02:40:00	57.19074	17.82036	12	55	0	2	360	0.009	13.1	9	6.528	7.83	0	4	5	
2019-04-28 02:50:00	57.1944	17.81928	12	56	0	1	350	0.009	13.1	9	6.563	7.84	0	4	5	
2019-04-28 03:00:00	57.1983	17.81826	12	57	0	1	350	0.009	13.1	8	6.607	7.85	0	4	5	
2019-04-28 03:10:00	57.20175	17.81751	12	58	0	1	350	0.009	13.1	8	6.697	7.87	0	4	5	
2019-04-28 03:20:00	57.20544	17.81697	12	59	0	1	350	0.009	13.1	8	6.75	7.88	0	4	5	
2019-04-28 03:30:00	57.20955	17.81661	12	0	0	1	360	0.009	13.1	8	6.664	7.86	0	4	5	
2019-04-28 03:40:00	57.20637	17.81817	12	1	0	1	60	0.009	13.1	9	6.723	7.87	1	4	0	
2019-04-28 03:50:00	57.20172	17.82132	12	2	0	1	350	0.009	13.2	8	6.668	7.86	0	4	5	
2019-04-28 04:00:00	57.19749	17.82432	13	3	0	1	360	0.009	13.1	8	6.573	7.84	0	4	5	
2019-04-28 04:10:00	57.20013	17.82414	41	4	0	1	380	0.009	13.1	9	6.624	7.85	0	4	5	
2019-04-28 04:20:00	57.20349	17.8248	12	5	0	1	350	0.009	13.1	9	6.665	7.86	0	4	5	
2019-04-28 04:30:00	57.20748	17.82465	12	6	0	1	350	0.009	13.1	9	6.708	7.87	0	4	5	
2019-04-28 04:40:00	57.2112	17.82498	12	7	0	3	350	0.009	13.1	9	6.568	7.85	0	4	5	
2019-04-28 04:50:00	57.21507	17.82558	12	8	0	3	350	0.009	13.1	9	6.601	7.86	0	4	5	
2019-04-28 05:00:00	57.21918	17.82606	12	9	0	1	350	0.009	13.2	9	6.619	7.86	0	4	5	
2019-04-28 05:10:00	57.22299	17.82675	12	10	0	1	350	0.009	13.2	9	6.626	7.87	0	4	5	
2019-04-28 05:20:00	57.2271	17.82771	12	11	0	1	360	0.009	13.2	9	6.685	7.89	0	4	5	
2019-04-28 05:30:00	57.23076	17.82921	12	12	0	1	350	0.011	13.2	9	6.465	7.85	0	4	5	
2019-04-28 05:40:00	57.23463	17.82987	12	13	0	1	350	0.009	13.2	9	6.575	7.86	0	4	5	
2019-04-28 05:50:00	57.23808	17.83089	12	14	0	1	350	0.009	13.2	9	6.804	7.91	0	4	5	
2019-04-28 06:00:00	57.24141	17.83146	12	15	0	1	360	0.009	13.2	9	6.861	7.92	0	4	5	
2019-04-28 06:10:00	57.24513	17.83206	12	16	0	1	350	0.009	13.2	9	6.878	7.92	0	4	5	
2019-04-28 06:20:00	57.2484	17.83203	12	17	0	1	350	0.009	13.2	9	6.702	7.89	0	4	5	
2019-04-28 06:30:00	57.25101	17.83077	12	18	0	1	350	0.009	13.3	9	6.627	7.87	0	4	5	
2019-04-28 06:40:00	57.25359	17.82879	12	19	0	1	350	0.009	13.3	9	6.6	7.86	0	4	5	
2019-04-28 06:50:00	57.25665	17.82615	41	20	0	1	380	0.009	13.3	9	6.592	7.86	0	4	5	
2019-04-28 07:00:00	57.25983	17.82381	12	21	0	1	350	0.009	13.3	9	6.284	7.79	0	4	5	
2019-04-28 07:10:00	57.26283	17.82267	12	22	0	1	350	0.009	13.3	9	6.269	7.79	0	4	5	
2019-04-28 07:20:00	57.26532	17.82129	12	23	0	2	350	0.009	13.3	9	6.354	7.81	0	4	5	
2019-04-28 07:30:00	57.26844	17.81868	12	24	0	1	360	0.009	13.3	9	6.224	7.78	0	4	5	
2019-04-28 07:40:00	57.27093	17.81655	12	25	0	1	350	0.009	13.3	9	6.108	7.75	0	4	5	
2019-04-28 07:50:00	57.27393	17.81349	12	26	0	1	360	0.011	13.3	9	6.181	7.76	0	4	5	
2019-04-28 08:00:00	57.2772	17.81142	12	27	0	1	350	0.009	13.3	9	6.234	7.77	0	4	5	
2019-04-28 08:10:00	57.28083	17.80866	12	28	0	1	350	0.011	13.3	9	6.186	7.75	0	4	5	
2019-04-28 08:20:00	57.28392	17.80713	12	29	0	1	350	0.009	13.4	9	6.042	7.72	0	4	5	
2019-04-28 08:30:00	57.28725	17.80494	12	30	0	1	360	0.009	13.4	9	6.035	7.72	0	4	5	
2019-04-28 08:40:00	57.28989	17.80326	14	31	0	1	360	0.009	13.4	9	6.044	7.73	0	4	5	
2019-04-28 08:50:00	57.29253	17.80092	13	32	0	1	360	0.009	13.4	9	6.061	7.73	0	4	5	
2019-04-28 09:00:00	57.29535	17.79906	41	33	0	1	90	0.009	13.4	9	6.075	7.73	1	4	0	
2019-04-28 09:10:00	57.29823	17.7972	12	34	0	1	360	0.009	13.4	8	6.09	7.73	0	4	5	
2019-04-28 09:20:00	57.3018	17.79495	11	35	0	1	350	0.009	13.4	9	6.03	7.71	0	4	5	
2019-04-28 09:30:00	57.30516	17.79303	12	36	0	1	350	0.009	13.4	9	5.947	7.7	0	4	5	
2019-04-28 09:40:00	57.30906	17.78982	12	37	0	2	350	0.009	13.4	9	5.978	7.71	0	4	5	
2019-04-28 09:50:00	57.31296	17.78688	12	38	0	1	360	0.009	13.4	9	5.981	7.71	0	4	5	
2019-04-28 10:00:00	57.31659	17.7843	12	39	0	1	350	0.009	13.4	9	5.947	7.7	0	4	5	
2019-04-28 10:10:00	57.32052	17.78121	12	40	0	1	350	0.009	13.4	9	5.912	7.69	0	4	5	
2019-04-28 10:20:00	57.32478	17.77824	41	41	0	1	380	0.009	13.4	9	5.882	7.68	0	4	5	
2019-04-28 10:30:00	57.32835	17.77536	13	42	0	1	360	0.009	13.4	9	6.017	7.72	0	4	5	
2019-04-28 10:40:00	57.33201	17.77308	12	43	0	1	360	0.009	13.4	9	6.08	7.74	0	4	5	
2019-04-28 10:50:00	57.3354	17.77098	12	44	0	1	360	0.009	13.4	9	6.106	7.74	0	4	5	
2019-04-28 11:00:00	57.33942	17.76831	13	45	0	1	360	0.009	13.4	9	6.194	7.77	0	4	5	
2019-04-28 11:10:00	57.34296	17.76555	12	46	0	3	350	0.009	13.4	9	6.29	7.79	0	4	5	
2019-04-28 11:20:00	57.34662	17.76207	18	47	0	1	360	0.009	13.4	9	6.286	7.79	0	4	5	
2019-04-28 11:30:00	57.3417	17.76579	41	48	0	1	380	0.009	13.3	9	6.234	7.78	0	4	5	
2019-04-28 11:40:00	57.33792	17.7702	11	49	0	1	350	0.009	13.3	9	6.151	7.75	0	4	5	
2019-04-28 11:50:00	57.33393	17.77437	12	50	0	1	350	0.009	13.4	9	6.014	7.71	0	4	5	
2019-04-28 12:00:00	57.32997	17.77815	12	51	0	1	360	0.011	13.3	9	5.903	7.68	0	4	5	
2019-04-28 12:10:00	57.32604	17.78238	13	52	0	1	360	0.009	13.4	9	5.881	7.67	0	4	5	
2019-04-28 12:20:00	57.32247	17.78658	12	53	0	1	350	0.009	13.4	9	5.905	7.68	0	4	5	
2019-04-28 12:30:00	57.31866	17.79066	12	54	0	1	350	0.009	13.4	9	5.896	7.68	0	4	5	
2019-04-28 12:40:00	57.31503	17.7954	12	55	0	1	350	0.009	13.4	8	5.977	7.69	0	4	5	
2019-04-28 12:50:00	57.31122	17.79948	14	56	0	1	360	0.009	13.4	9	5.975	7.69	0	4	5	
2019-04-28 13:00:00	57.30747	17.80431	14	57	0	1	360	0.009	13.4	9	5.988	7.69	0	4	5	
2019-04-28 13:10:00	57.30372	17.80926	41	58	0	1	380	0.009	13.4	9	5.985	7.69	0	4	5	
2019-04-28 13:20:00	57.3003	17.81325	12	59	0	2	360	0.009	13.4	9	5.974	7.69	0	4	5	
2019-04-28 13:30:00	57.29667	17.81799	12	0	0	1	360	0.009	13.4	9	5.97	7.69	0	4	5	
2019-04-28 13:40:00	57.29328	17.82276	12	1	0	1	350	0.009	13.4	9	6.097	7.73	0	4	5	
2019-04-28 13:50:00	57.29001	17.82696	12	2	0	2	350	0.009	13.4	9	6.255	7.76	0	4	5	
2019-04-28 14:00:00	57.28683	17.83008	41	3	0	1	390	0.009	13.4	9	6.296	7.76	0	4	5	
2019-04-28 14:10:00	57.28365	17.83413	11	4	0	1	350	0.009	13.4	9	6.372	7.78	0	4	5	
2019-04-28 14:20:00	57.28107	17.83992	11	5	0	1	350	0.009	13.4	9	6.554	7.83	0	4	5	
2019-04-28 14:30:00	57.27801	17.84565	11	6	0	1	350	0.009	13.4	9	6.739	7.88	0	4	5	
2019-04-28 14:50:00	57.27297	17.85591	11	8	0		350	0.009	13.4	9	6.937	7.92	0	4	5	
2019-04-28 15:00:00	57.27006	17.86122	11	9	0	2	350	0.009	13.4	9	6.952	7.93	0	4	5	
2019-04-28 15:10:00	57.26655	17.86659	11	10	0	1	350	0.009	13.4	9	6.909	7.92	0	4	5	
2019-04-28 15:20:00	57.2631	17.87193	11	11	0	1	350	0.009	13.4	9	6.717	7.88	0	4	5	
2019-04-28 15:30:00	57.25983	17.87853	12	12	0	1	350	0.009	13.4	9	6.646	7.87	0	4	5	
2019-04-28 15:40:00	57.25671	17.88348	11	13	0	1	350	0.009	13.4	9	6.737	7.9	0	4	5	
2019-04-28 15:50:00	57.25335	17.88849	11	14	0	1	350	0.009	13.4	9	6.691	7.88	0	4	5	
2019-04-28 16:00:00	57.24957	17.89377	12	15	0	1	350	0.009	13.4	9	6.69	7.89	0	4	5	
2019-04-28 16:10:00	57.24687	17.9001	12	16	0	1	350	0.009	13.4	9	6.692	7.89	0	4	5	
2019-04-28 16:20:00	57.24429	17.90562	13	17	0	1	360	0.009	13.4	9	6.627	7.87	0	4	5	
2019-04-28 16:30:00	57.24168	17.91087	13	18	0	1	360	0.009	13.4	9	6.527	7.85	0	4	5	
2019-04-28 16:40:00	57.23904	17.91576	13	19	0	1	360	0.009	13.4	9	6.496	7.84	0	4	5	
2019-04-28 16:50:00	57.23658	17.92176	14	20	0	1	360	0.009	13.3	9	6.478	7.83	0	4	5	
2019-04-28 17:00:00	57.2346	17.92902	41	21	0	1	390	0.009	13.3	9	6.412	7.81	0	4	5	
2019-04-28 17:10:00	57.23277	17.93577	11	22	0	1	350	0.009	13.3	9	6.271	7.78	0	4	5	
2019-04-28 17:20:00	57.23031	17.94222	12	23	0	1	350	0.009	13.3	9	6.15	7.77	0	4	5	
2019-04-28 17:30:00	57.22812	17.94894	11	24	0	3	350	0.009	13.3	9	6.16	7.78	0	4	5	
2019-04-28 17:50:00	57.22233	17.96049	11	26	0		350	0.009	13.2	9	6.118	7.79	0	4	5	
2019-04-28 18:00:00	57.22029	17.96631	11	27	0	1	350	0.009	13.3	8	6.108	7.78	0	4	5	
2019-04-28 18:10:00	57.22416	17.96307	12	28	0	1	360	0.009	13.2	8	6.084	7.78	0	4	5	
2019-04-28 18:20:00	57.22653	17.95935	11	29	0	1	350	0.009	13.2	8	6.081	7.78	0	4	5	
2019-04-28 18:30:00	57.22947	17.95548	12	30	0	1	360	0.009	13.2	8	6.099	7.77	0	4	5	
2019-04-28 18:40:00	57.2328	17.95137	12	31	0	1	350	0.009	13.2	8	6.152	7.78	0	4	5	
2019-04-28 18:50:00	57.23601	17.9478	12	32	0	1	350	0.009	13.2	8	6.087	7.75	0	4	5	
2019-04-28 19:00:00	57.23946	17.94429	12	33	0	1	360	0.009	13.2	8	6.159	7.76	0	4	5	
2019-04-28 19:10:00	57.24324	17.94051	12	34	0	1	350	0.009	13.2	8	6.141	7.75	0	4	5	
2019-04-28 19:20:00	57.24669	17.93637	13	35	0	1	360	0.009	13.2	8	6.207	7.77	0	4	5	
2019-04-28 19:30:00	57.24975	17.93238	13	36	0	1	360	0.009	13.2	8	6.221	7.77	0	4	5	
2019-04-28 19:40:00	57.2526	17.9283	13	37	0	1	360	0.009	13.2	8	6.276	7.79	0	4	5	
2019-04-28 19:50:00	57.25473	17.92422	15	38	0	1	360	0.009	13.2	8	6.347	7.81	0	4	5	
2019-04-28 20:00:00	57.2574	17.91843	40	39	0	3	380	0.009	13.2	8	6.385	7.82	0	4	5	
2019-04-28 20:10:00	57.25809	17.90985	12	40	0	1	350	0.009	13.2	8	6.455	7.83	0	4	5	
2019-04-28 20:20:00	57.2571	17.90115	13	41	0	1	360	0.009	13.2	8	6.555	7.85	0	4	5	
2019-04-28 20:30:00	57.25617	17.89215	13	42	0	1	360	0.009	13.2	8	6.556	7.85	0	4	5	
2019-04-28 20:40:00	57.25821	17.88618	12	43	0	1	350	0.009	13.2	8	6.552	7.85	0	4	5	
2019-04-28 20:50:00	57.26049	17.87991	12	44	0	1	350	0.009	13.2	8	6.577	7.86	0	4	5	
2019-04-28 21:00:00	57.26328	17.87322	12	45	0	1	350	0.009	13.2	8	6.603	7.86	0	4	5	
2019-04-28 21:10:00	57.26565	17.86782	12	46	0	1	360	0.009	13.2	8	6.684	7.87	0	4	5	
2019-04-28 21:20:00	57.26778	17.862	12	47	0	1	350	0.009	13.2	8	6.638	7.86	0	4	5	
2019-04-28 21:30:00	57.2697	17.85474	41	48	0	1	380	0.009	13.2	9	6.616	7.85	0	4	5	
2019-04-28 21:40:00	57.27183	17.8485	12	49	0	1	360	0.009	13.2	8	6.607	7.85	0	4	5	
2019-04-28 21:50:00	57.27414	17.8416	12	50	0	1	350	0.009	13.2	8	6.481	7.82	0	4	5	
2019-04-28 22:00:00	57.27624	17.83521	11	51	0	1	360	0.009	13.2	8	6.353	7.79	0	4	5	
2019-04-28 22:10:00	57.27798	17.82882	12	52	0	1	360	0.009	13.2	8	6.222	7.75	0	4	5	
2019-04-28 22:20:00	57.27987	17.82222	12	53	0	1	350	0.009	13.2	8	6.208	7.75	0	4	5	
2019-04-28 22:30:00	57.28191	17.81628	12	54	0	1	350	0.009	13.2	8	6.229	7.76	0	4	5	
2019-04-28 22:40:00	57.28419	17.80863	12	55	0	1	360	0.009	13.2	8	6.188	7.75	0	4	5	
2019-04-28 22:50:00	57.28632	17.80203	11	56	0	1	350	0.009	13.2	8	6.084	7.73	0	4	5	
2019-04-28 23:00:00	57.28851	17.79516	11	57	0	1	350	0.009	13.2	8	5.98	7.71	0	4	5	
2019-04-28 23:10:00	57.29079	17.78823	11	58	0	1	350	0.009	13.2	8	5.914	7.7	0	4	5	
2019-04-28 23:20:00	57.29322	17.78091	11	59	0	1	350	0.009	13.2	8	5.891	7.7	0	4	5	
2019-04-28 23:30:00	57.29589	17.77434	11	0	0	2	360	0.009	13.2	8	5.922	7.71	0	4	5	
2019-04-28 23:40:00	57.29841	17.7672	12	1	0	1	350	0.009	13.2	8	5.969	7.72	0	4	5	
2019-04-28 23:50:00	57.30087	17.76042	12	2	0	1	350	0.009	13.2	8	5.997	7.73	0	4	5	
2019-04-29 00:00:00	57.30363	17.75295	40	3	0	1	380	0.009	13.2	8	6.029	7.74	0	4	5	
2019-04-29 00:10:00	57.30417	17.74227	12	4	0	1	350	0.009	13.2	8	5.977	7.74	0	4	5	
2019-04-29 00:30:00	57.30474	17.71881	12	6	0		350	0.011	13.1	8	5.66	7.65	0	4	5	
2019-04-29 00:40:00	57.30726	17.71212	12	7	0	2	350	0.009	13.2	8	5.653	7.65	0	4	5	
2019-04-29 00:50:00	57.31053	17.70567	12	8	0	1	360	0.009	13.2	8	5.706	7.66	0	4	5	
2019-04-29 01:00:00	57.3135	17.69961	13	9	0	1	360	0.009	13.1	8	5.715	7.66	0	4	5	
2019-04-29 01:10:00	57.3165	17.69361	13	10	0	1	360	0.009	13.1	8	5.717	7.66	0	4	5	
2019-04-29 01:20:00	57.31986	17.68734	15	11	0	1	360	0.009	13.1	8	5.726	7.66	0	4	5	
2019-04-29 01:30:00	57.32298	17.68119	13	12	0	1	360	0.009	13.1	7	5.718	7.66	0	4	5	
2019-04-29 01:40:00	57.3231	17.67108	16	13	0	1	360	0.009	13.1	8	5.713	7.66	0	4	5	
2019-04-29 01:50:00	57.32355	17.65971	41	14	0	1	380	0.011	13.1	8	5.733	7.67	0	4	5	
2019-04-29 02:00:00	57.32475	17.64948	11	15	0	1	350	0.009	13.1	7	5.755	7.67	0	4	5	
2019-04-29 02:10:00	57.32781	17.643	12	16	0	1	360	0.009	13.1	8	5.758	7.68	0	4	5	
2019-04-29 02:20:00	57.33153	17.63763	11	17	0	1	350	0.009	13.2	7	5.766	7.68	0	4	5	
2019-04-29 02:30:00	57.33513	17.63232	12	18	0	1	350	0.009	13.1	7	5.775	7.68	0	4	5	
2019-04-29 02:40:00	57.33678	17.62158	12	19	0	1	350	0.009	13.1	7	5.792	7.69	0	4	5	
2019-04-29 02:50:00	57.33753	17.61045	12	20	0	1	350	0.009	13.1	7	5.813	7.7	0	4	5	
2019-04-29 03:00:00	57.33978	17.60055	12	21	0	1	360	0.009	13.1	7	5.869	7.71	0	4	5	
2019-04-29 03:10:00	57.34173	17.5911	12	22	0	1	360	0.009	13.1	8	5.867	7.71	0	4	5	
2019-04-29 03:20:00	57.34386	17.5818	13	23	0	1	360	0.009	13.1	7	5.719	7.68	0	4	5	
2019-04-29 03:30:00	57.34551	17.5722	13	24	0	1	360	0.009	13.1	8	5.579	7.65	0	4	5	
2019-04-29 03:40:00	57.34731	17.56314	13	25	0	1	350	0.009	13.1	7	5.624	7.66	0	4	5	
2019-04-29 03:50:00	57.34788	17.55306	13	26	0	1	360	0.009	13.2	7	5.779	7.69	0	4	5	
2019-04-29 04:00:00	57.34995	17.54352	40	27	0	1	380	0.009	13.1	8	5.918	7.72	0	4	5	
2019-04-29 04:10:00	57.35322	17.53914	12	28	0	1	350	0.009	13.1	8	5.902	7.72	0	4	5	
2019-04-29 04:20:00	57.3567	17.53473	12	29	0	1	350	0.011	13.2	8	5.912	7.73	0	4	5	
2019-04-29 04:30:00	57.35994	17.52996	12	30	0	1	350	0.009	13.2	7	5.857	7.72	0	4	5	
2019-04-29 04:40:00	57.36129	17.52069	12	31	0	1	350	0.009	13.2	8	5.792	7.72	0	4	5	
2019-04-29 04:50:00	57.36126	17.5104	12	32	0	1	350	0.009	13.2	8	5.688	7.7	0	4	5	
2019-04-29 05:00:00	57.3615	17.50014	12	33	0	3	350	0.009	13.2	8	5.737	7.7	0	4	5	
2019-04-29 05:20:00	57.36123	17.47857	12	35	0		350	0.009	13.2	8	5.743	7.69	0	4	5	
2019-04-29 05:30:00	57.36141	17.46753	12	36	0	1	350	0.009	13.2	8	5.701	7.68	0	4	5	
2019-04-29 05:40:00	57.36177	17.4564	41	37	0	1	390	0.009	13.2	8	5.69	7.68	0	4	5	
2019-04-29 05:50:00	57.36171	17.44554	12	38	0	1	350	0.009	13.2	8	5.68	7.68	0	4	5	
2019-04-29 06:00:00	57.3612	17.43468	12	39	0	1	350	0.009	13.2	8	5.66	7.68	0	4	5	
2019-04-29 06:10:00	57.36105	17.42376	12	40	0	1	60	0.009	13.3	8	5.721	7.69	1	4	0	
2019-04-29 06:20:00	57.3606	17.41329	12	41	0	3	350	0.009	13.3	7	5.688	7.68	0	4	5	
2019-04-29 06:30:00	57.36228	17.40633	12	42	0	1	360	0.009	13.3	8	5.691	7.68	0	4	5	
2019-04-29 06:40:00	57.36378	17.40051	12	43	0	1	350	0.009	13.3	8	5.643	7.66	0	4	5	
2019-04-29 06:50:00	57.3657	17.39322	13	44	0	1	360	0.009	13.3	8	5.539	7.64	0	4	5	
2019-04-29 07:00:00	57.36735	17.38695	41	45	0	1	380	0.009	13.4	8	5.394	7.6	0	4	5	
2019-04-29 07:10:00	57.36885	17.38098	11	46	0	1	350	0.009	13.4	8	5.034	7.5	0	4	5	
2019-04-29 07:20:00	57.37038	17.37504	11	47	0	1	350	0.009	13.4	8	5.057	7.51	0	4	5	
2019-04-29 07:30:00	57.372	17.36913	12	48	0	1	360	0.009	13.4	7	5.045	7.51	0	4	5	
2019-04-29 07:40:00	57.37386	17.36253	12	49	0	1	350	0.009	13.4	7	5.031	7.51	0	4	5	
2019-04-29 07:50:00	57.37545	17.35626	12	50	0	1	350	0.009	13.4	8	5.037	7.51	0	4	5	
2019-04-29 08:00:00	57.37671	17.34972	12	51	0	1	360	0.009	13.4	7	5.008	7.5	0	4	5	
2019-04-29 08:10:00	57.378	17.34243	12	52	0	1	350	0.009	13.4	7	4.823	7.45	0	4	5	
2019-04-29 08:20:00	57.37926	17.33613	12	53	0	1	360	0.009	13.4	7	4.685	7.41	0	4	5	
2019-04-29 08:30:00	57.38064	17.32926	12	54	0	1	350	0.009	13.5	7	4.619	7.39	0	4	5	
2019-04-29 08:40:00	57.38217	17.32224	12	55	0	1	360	0.009	13.5	7	4.622	7.39	0	4	5	
2019-04-29 08:50:00	57.38337	17.31537	11	56	0	1	360	0.009	13.5	7	4.734	7.42	0	4	5	
2019-04-29 09:00:00	57.38427	17.30778	15	57	0	2	360	0.009	13.5	7	4.725	7.42	0	4	5	
2019-04-29 09:10:00	57.38517	17.30049	14	58	0	1	360	0.009	13.5	7	4.876	7.45	0	4	5	
2019-04-29 09:20:00	57.3861	17.29338	17	59	0	1	360	0.009	13.6	8	5.049	7.5	0	4	5	
2019-04-29 09:30:00	57.38706	17.28621	34	0	0	1	380	0.009	13.6	8	5.096	7.51	0	4	5	
2019-04-29 09:40:00	57.38805	17.27964	11	1	0	1	350	0.009	13.6	8	5.236	7.54	0	4	5	
2019-04-29 10:00:00	57.39057	17.26593	37	3	0		380	0.009	13.6	8	5.324	7.56	0	4	5	
2019-04-29 10:10:00	57.39177	17.25942	11	4	0	1	350	0.009	13.6	8	5.257	7.55	0	4	5	
2019-04-29 10:20:00	57.39306	17.253	12	5	0	1	350	0.009	13.6	8	5.273	7.56	0	4	5	
2019-04-29 10:30:00	57.39429	17.24631	12	6	0	1	60	0.009	13.6	8	5.345	7.59	1	4	0	
2019-04-29 10:40:00	57.39513	17.23878	12	7	0	1	350	0.009	13.6	7	5.371	7.61	0	4	5	
2019-04-29 10:50:00	57.39579	17.23116	12	8	0	1	350	0.009	13.6	8	5.404	7.62	0	4	5	
2019-04-29 11:00:00	57.3957	17.22483	12	9	0	1	360	0.009	13.6	8	5.235	7.58	0	4	5	
2019-04-29 11:10:00	57.39657	17.21769	12	10	0	1	350	0.009	13.6	8	5.218	7.57	0	4	5	
2019-04-29 11:20:00	57.39768	17.21022	12	11	0	2	350	0.011	13.6	8	5.187	7.57	0	4	5	
2019-04-29 11:30:00	57.39864	17.20332	12	12	0	1	360	0.009	13.6	8	4.957	7.51	0	4	5	
2019-04-29 11:40:00	57.39972	17.1954	12	13	0	1	350	0.009	13.6	8	4.856	7.49	0	4	5	
2019-04-29 11:50:00	57.40095	17.18898	12	14	0	1	350	0.009	13.6	8	4.851	7.49	0	4	5	
2019-04-29 12:00:00	57.40179	17.18112	40	15	0	1	380	0.009	13.6	8	4.87	7.49	0	4	5	
2019-04-29 12:10:00	57.40245	17.17371	12	16	0	1	360	0.009	13.5	8	4.848	7.48	0	4	5	
2019-04-29 12:20:00	57.40299	17.16612	12	17	0	1	350	0.009	13.5	8	4.8	7.46	0	4	5	
2019-04-29 12:30:00	57.40377	17.15886	13	18	0	1	360	0.009	13.6	7	4.826	7.46	0	4	5	
2019-04-29 12:40:00	57.40296	17.16417	12	19	0	1	360	0.009	13.6	8	4.811	7.46	0	4	5	
2019-04-29 12:50:00	57.40254	17.1717	12	20	0	2	350	0.009	13.6	8	4.849	7.47	0	4	5	
2019-04-29 13:10:00	57.40293	17.1747	12	22	0	2	350	0.009	13.5	7	4.817	7.47	0	4	5	
2019-04-29 13:20:00	57.4035	17.1687	12	23	0	1	350	0.009	13.5	7	4.749	7.44	0	4	5	
2019-04-29 13:30:00	57.40461	17.16141	12	24	0	1	350	0.009	13.5	7	4.804	7.45	0	4	5	
2019-04-29 13:50:00	57.4068	17.14725	21	26	0		360	0.009	13.5	7	4.965	7.5	0	4	5	
2019-04-29 14:00:00	57.40785	17.14014	12	27	0	1	350	0.009	13.5	7	5.221	7.58	0	4	5	
2019-04-29 14:10:00	57.40914	17.13447	28	28	0	1	370	0.009	13.4	7	5.4	7.63	0	4	5	
2019-04-29 14:20:00	57.41088	17.12886	36	29	0	1	380	0.009	13.5	8	5.554	7.67	0	4	5	
2019-04-29 14:30:00	57.41274	17.12343	41	30	0	1	380	0.009	13.5	8	5.571	7.67	0	4	5	
2019-04-29 14:40:00	57.41403	17.11863	12	31	0	1	360	0.009	13.4	7	5.511	7.66	0	4	5	
2019-04-29 14:50:00	57.41535	17.1141	12	32	0	1	360	0.009	13.4	7	5.57	7.67	0	4	5	
2019-04-29 15:00:00	57.41712	17.10789	11	33	0	1	350	0.009	13.4	7	5.592	7.68	0	4	5	
2019-04-29 15:10:00	57.41904	17.10231	12	34	0	1	360	0.009	13.4	7	5.6	7.68	0	4	5	
2019-04-29 15:20:00	57.4206	17.09652	12	35	0	1	350	0.009	13.4	7	5.318	7.61	0	4	5	
2019-04-29 15:30:00	57.42135	17.09106	12	36	0	1	350	0.009	13.4	7	5.349	7.62	0	4	5	
2019-04-29 15:40:00	57.42228	17.08689	12	37	0	1	350	0.009	13.4	7	5.361	7.63	0	4	5	
2019-04-29 15:50:00	57.4233	17.08347	11	38	0	1	350	0.009	13.4	7	5.391	7.63	0	4	5	
2019-04-29 16:00:00	57.4245	17.07975	41	39	0	1	390	0.009	13.4	8	5.423	7.63	0	4	5	
2019-04-29 16:10:00	57.42516	17.0754	12	40	0	1	350	0.009	13.4	7	5.44	7.63	0	4	5	
2019-04-29 16:20:00	57.42603	17.07144	12	41	0	1	350	0.009	13.4	7	5.434	7.63	0	4	5	
2019-04-29 16:30:00	57.42705	17.0682	12	42	0	1	350	0.009	13.4	7	5.354	7.6	0	4	5	
2019-04-29 16:40:00	57.42657	17.06622	11	43	0	1	350	0.009	13.4	7	5.341	7.6	0	4	5	
2019-04-29 16:50:00	57.42747	17.0625	11	44	0	1	350	0.009	13.4	7	5.351	7.59	0	4	5	
2019-04-29 17:00:00	57.42804	17.05782	12	45	0	1	360	0.009	13.4	7	5.32	7.59	0	4	5	
2019-04-29 17:10:00	57.42897	17.05434	12	46	0	1	350	0.009	13.4	7	5.234	7.56	0	4	5	
2019-04-29 17:20:00	57.42999	17.04939	12	47	0	1	360	0.009	13.3	7	5.289	7.58	0	4	5	
2019-04-29 17:30:00	57.4308	17.04459	12	48	0	1	360	0.009	13.3	7	5.233	7.55	0	4	5	
2019-04-29 17:40:00	57.43176	17.04051	12	49	0	1	360	0.009	13.3	7	5.03	7.49	0	4	5	
2019-04-29 17:50:00	57.43236	17.03766	12	50	0	2	350	0.009	13.3	7	4.787	7.41	0	4	5	
2019-04-29 18:00:00	57.43284	17.03514	12	51	0	1	350	0.009	13.3	7	4.737	7.4	0	4	5	
2019-04-29 18:10:00	57.4332	17.03193	14	52	0	1	360	0.011	13.3	7	5.095	7.49	0	4	5	
2019-04-29 18:20:00	57.43398	17.02962	37	53	0	1	380	0.011	13.3	7	4.784	7.4	0	4	5	
2019-04-29 18:30:00	57.43455	17.02692	11	54	0	1	350	0.009	13.3	7	4.78	7.4	0	4	5	
2019-04-29 18:40:00	57.43503	17.02404	11	55	0	1	350	0.009	13.3	7	4.725	7.38	0	4	5	
2019-04-29 18:50:00	57.43557	17.02098	11	56	0	1	350	0.009	13.3	6	4.826	7.4	0	4	5	
2019-04-29 19:00:00	57.43626	17.0181	11	57	0	1	350	0.009	13.3	6	4.821	7.4	0	4	5	
2019-04-29 19:10:00	57.4368	17.01453	11	58	0	1	60	0.009	13.3	6	4.794	7.39	1	4	0	
2019-04-29 19:20:00	57.43722	17.01123	12	59	0	1	350	0.009	13.3	6	4.774	7.39	0	4	5	
2019-04-29 19:30:00	57.43722	17.0076	12	0	0	2	360	0.009	13.3	6	5.228	7.52	0	4	5	
2019-04-29 19:40:00	57.43698	17.00418	12	1	0	1	350	0.009	13.3	6	5.068	7.46	0	4	5	
2019-04-29 19:50:00	57.43692	17.00127	12	2	0	1	350	0.009	13.3	6	4.982	7.43	0	4	5	
2019-04-29 20:00:00	57.43665	16.99836	12	3	0	1	350	0.009	13.3	6	4.968	7.42	0	4	5	
2019-04-29 20:10:00	57.43641	16.99482	12	4	0	1	350	0.009	13.3	6	4.951	7.42	0	4	5	
2019-04-29 20:20:00	57.43641	16.99146	15	5	0	1	360	0.009	13.3	6	5.011	7.43	0	4	5	
2019-04-29 20:30:00	57.43641	16.98795	12	6	0	1	350	0.009	13.3	6	5.116	7.44	0	4	5	
2019-04-29 20:40:00	57.43578	16.99131	13	7	0	1	360	0.009	13.3	6	5.008	7.43	0	4	5	
2019-04-29 20:50:00	57.43554	16.99548	13	8	0	1	360	0.009	13.3	6	4.954	7.42	0	4	5	
2019-04-29 21:00:00	57.43491	17.00058	13	9	0	1	360	0.009	13.3	6	4.984	7.43	0	4	5	
2019-04-29 21:10:00	57.43389	17.00622	41	10	0	1	380	0.009	13.3	7	4.969	7.44	0	4	5	
2019-04-29 21:20:00	57.43341	17.01054	11	11	0	2	360	0.009	13.3	6	4.914	7.42	0	4	5	
2019-04-29 21:30:00	57.43257	17.01516	11	12	0	1	350	0.009	13.3	6	4.936	7.43	0	4	5	
2019-04-29 21:40:00	57.43227	17.0199	12	13	0	1	350	0.009	13.3	6	4.884	7.41	0	4	5	
2019-04-29 21:50:00	57.43215	17.02476	11	14	0	1	350	0.009	13.3	6	4.736	7.38	0	4	5	
2019-04-29 22:00:00	57.4314	17.03007	12	15	0	1	350	0.011	13.3	6	4.752	7.39	0	4	5	
2019-04-29 22:10:00	57.43074	17.0349	12	16	0	1	350	0.009	13.3	6	4.691	7.38	0	4	5	
2019-04-29 22:20:00	57.42999	17.03907	12	17	0	1	360	0.009	13.3	6	4.726	7.39	0	4	5	
2019-04-29 22:30:00	57.42966	17.04348	11	18	0	1	350	0.009	13.3	6	5.011	7.48	0	4	5	
2019-04-29 22:40:00	57.42942	17.04804	12	19	0	1	350	0.009	13.3	6	5.182	7.53	0	4	5	
2019-04-29 22:50:00	57.42924	17.05293	11	20	0	1	350	0.009	13.3	6	5.169	7.53	0	4	5	
2019-04-29 23:00:00	57.42975	17.05839	11	21	0	1	350	0.009	13.3	6	5.529	7.64	0	4	5	
2019-04-29 23:10:00	57.42996	17.06355	11	22	0	1	360	0.009	13.3	6	5.339	7.59	0	4	5	
2019-04-29 23:20:00	57.42987	17.06838	11	23	0	1	360	0.009	13.3	6	5.206	7.56	0	4	5	
2019-04-29 23:30:00	57.43005	17.07312	11	24	0	1	350	0.009	13.3	6	5.248	7.57	0	4	5	
2019-04-29 23:40:00	57.42999	17.0784	11	25	0	1	350	0.009	13.3	6	5.331	7.6	0	4	5	
2019-04-29 23:50:00	57.42978	17.0838	12	26	0	1	350	0.009	13.3	6	5.387	7.62	0	4	5	
2019-04-30 00:00:00	57.4293	17.0901	40	27	0	1	380	0.009	13.3	7	5.434	7.64	0	4	5	
2019-04-30 00:10:00	57.42909	17.09598	11	28	0	1	350	0.009	13.3	6	5.43	7.65	0	4	5	
2019-04-30 00:20:00	57.42912	17.10246	11	29	0	1	350	0.009	13.3	7	5.376	7.64	0	4	5	
2019-04-30 00:30:00	57.42969	17.10813	11	30	0	1	350	0.009	13.3	7	5.411	7.65	0	4	5	
2019-04-30 00:40:00	57.43011	17.1138	11	31	0	1	360	0.009	13.3	6	5.386	7.64	0	4	5	
2019-04-30 00:50:00	57.4299	17.11794	12	32	0	1	350	0.009	13.3	7	5.398	7.64	0	4	5	
2019-04-30 01:00:00	57.43035	17.11326	16	33	0	1	360	0.009	13.3	7	5.404	7.64	0	4	5	
2019-04-30 01:10:00	57.42999	17.11707	13	34	0	1	350	0.009	13.3	7	5.405	7.64	0	4	5	
2019-04-30 01:20:00	57.42963	17.12196	12	35	0	1	350	0.009	13.3	7	5.372	7.64	0	4	5	
2019-04-30 01:30:00	57.42942	17.12721	12	36	0	1	350	0.009	13.3	7	5.424	7.65	0	4	5	
2019-04-30 01:40:00	57.42981	17.12475	13	37	0	1	360	0.009	13.3	7	5.383	7.64	0	4	5	
2019-04-30 01:50:00	57.43095	17.12148	12	38	0	1	350	0.009	13.3	7	5.369	7.63	0	4	5	
2019-04-30 02:00:00	57.43182	17.1171	41	39	0	1	380	0.009	13.3	7	5.36	7.63	0	4	5	
2019-04-30 02:10:00	57.43131	17.12079	11	40	0	1	350	0.009	13.3	7	5.368	7.63	0	4	5	
2019-04-30 02:20:00	57.43146	17.1267	12	41	0	1	350	0.009	13.3	7	5.365	7.64	0	4	5	
2019-04-30 02:30:00	57.4311	17.13228	12	42	0	1	350	0.009	13.3	7	5.406	7.65	0	4	5	
2019-04-30 02:40:00	57.43191	17.12955	12	43	0	1	360	0.009	13.3	7	5.391	7.64	0	4	5	
2019-04-30 02:50:00	57.43332	17.12616	12	44	0	1	350	0.009	13.3	7	5.378	7.64	0	4	5	
2019-04-30 03:00:00	57.43467	17.12217	12	45	0	1	360	0.009	13.3	7	5.351	7.63	0	4	5	
2019-04-30 03:10:00	57.43389	17.12643	12	46	0	1	350	0.009	13.3	7	5.365	7.63	0	4	5	
2019-04-30 03:20:00	57.43329	17.13261	12	47	0	1	350	0.009	13.3	7	5.403	7.65	0	4	5	
2019-04-30 03:30:00	57.43341	17.13774	12	48	0	1	350	0.009	13.3	7	5.46	7.65	0	4	5	
2019-04-30 03:40:00	57.43323	17.14287	14	49	0	1	360	0.009	13.3	7	5.48	7.65	0	4	5	
2019-04-30 03:50:00	57.43293	17.14803	13	50	0	1	360	0.009	13.3	7	5.449	7.64	0	4	5	
2019-04-30 04:00:00	57.43269	17.15319	16	51	0	1	360	0.009	13.3	7	5.084	7.54	0	4	5	
2019-04-30 04:20:00	57.43254	17.16327	11	53	0		350	0.009	13.3	7	5.078	7.53	0	4	5	
2019-04-30 04:30:00	57.43221	17.16786	12	54	0	1	350	0.009	13.3	7	5.087	7.53	0	4	5	
2019-04-30 04:40:00	57.43158	17.17224	11	55	0	1	350	0.009	13.3	7	5.12	7.54	0	4	5	
2019-04-30 04:50:00	57.43122	17.17659	11	56	0	1	350	0.009	13.3	7	5.223	7.57	0	4	5	
2019-04-30 05:00:00	57.4308	17.18079	12	57	0	2	350	0.009	13.3	7	5.338	7.61	0	4	5	
2019-04-30 05:10:00	57.4302	17.18553	11	58	0	1	350	0.009	13.3	7	5.252	7.59	0	4	5	
2019-04-30 05:20:00	57.42978	17.19042	11	59	0	1	350	0.009	13.3	7	5.205	7.58	0	4	5	
2019-04-30 05:30:00	57.42924	17.19417	12	0	0	1	360	0.009	13.3	7	5.189	7.57	0	4	5	
2019-04-30 05:40:00	57.42858	17.19696	12	1	0	1	350	0.009	13.4	7	5.186	7.57	0	4	5	
2019-04-30 05:50:00	57.42789	17.20062	12	2	0	1	350	0.009	13.4	7	5.362	7.62	0	4	5	
2019-04-30 06:00:00	57.4275	17.20503	12	3	0	1	360	0.009	13.4	7	5.356	7.62	0	4	5	
2019-04-30 06:10:00	57.42705	17.20935	12	4	0	1	350	0.009	13.4	7	5.42	7.64	0	4	5	
2019-04-30 06:20:00	57.4266	17.21232	12	5	0	1	350	0.011	13.4	7	5.424	7.64	0	4	5	
2019-04-30 06:30:00	57.42543	17.21502	40	6	0	1	380	0.009	13.4	8	5.413	7.64	0	4	5	
2019-04-30 06:40:00	57.42459	17.21796	11	7	0	1	350	0.009	13.4	7	5.331	7.59	0	4	5	
2019-04-30 06:50:00	57.42432	17.22111	11	8	0	1	350	0.009	13.4	7	5.309	7.59	0	4	5	
2019-04-30 07:00:00	57.42405	17.22447	11	9	0	1	360	0.009	13.4	7	5.415	7.61	0	4	5	
2019-04-30 07:10:00	57.4236	17.2275	11	10	0	1	350	0.009	13.4	8	5.335	7.59	0	4	5	
2019-04-30 07:20:00	57.42321	17.23023	12	11	0	1	350	0.009	13.4	8	5.266	7.57	0	4	5	
2019-04-30 07:30:00	57.42294	17.23242	12	12	0	1	350	0.009	13.4	8	5.197	7.55	0	4	5	
2019-04-30 07:40:00	57.42228	17.23359	12	13	0	1	350	0.009	13.4	8	5.16	7.54	0	4	5	
2019-04-30 07:50:00	57.42186	17.23587	12	14	0	1	350	0.009	13.4	8	5.269	7.57	0	4	5	
2019-04-30 08:00:00	57.42144	17.23788	12	15	0	1	350	0.009	13.4	8	5.209	7.56	0	4	5	
2019-04-30 08:10:00	57.42126	17.24031	12	16	0	1	350	0.009	13.4	8	5.168	7.55	0	4	5	
2019-04-30 08:20:00	57.42144	17.24277	12	17	0	1	350	0.009	13.4	8	5.157	7.55	0	4	5	
2019-04-30 08:30:00	57.42156	17.24541	11	18	0	1	350	0.009	13.4	8	5.157	7.55	0	4	5	
2019-04-30 08:40:00	57.4218	17.24799	11	19	0	1	350	0.009	13.5	8	5.108	7.53	0	4	5	
2019-04-30 08:50:00	57.42177	17.24991	12	20	0	1	350	0.009	13.4	9	5.14	7.54	0	4	5	
2019-04-30 09:00:00	57.42189	17.2521	11	21	0	1	360	0.009	13.5	9	5.133	7.54	0	4	5	
2019-04-30 09:10:00	57.4224	17.25471	11	22	0	1	350	0.009	13.5	9	5.172	7.55	0	4	5	
2019-04-30 09:20:00	57.42312	17.25765	13	23	0	1	360	0.009	13.5	9	5.241	7.56	0	4	5	
2019-04-30 09:30:00	57.42381	17.26023	32	24	0	1	370	0.009	13.5	10	5.241	7.56	0	4	5	
2019-04-30 09:40:00	57.42444	17.26254	11	25	0	2	350	0.009	13.5	9	5.372	7.59	0	4	5	
2019-04-30 09:50:00	57.42459	17.26443	11	26	0	1	350	0.009	13.5	10	5.485	7.61	0	4	5	
2019-04-30 10:00:00	57.42483	17.26704	12	27	0	1	350	0.009	13.5	9	5.526	7.62	0	4	5	
2019-04-30 10:10:00	57.42528	17.26935	12	28	0	1	350	0.009	13.4	9	5.641	7.65	0	4	5	
2019-04-30 10:20:00	57.42594	17.27151	12	29	0	1	360	0.009	13.5	9	5.591	7.64	0	4	5	
2019-04-30 10:30:00	57.4263	17.27316	11	30	0	1	350	0.009	13.5	9	5.658	7.65	0	4	5	
2019-04-30 10:40:00	57.42675	17.27505	12	31	0	1	350	0.009	13.5	9	5.627	7.65	0	4	5	
2019-04-30 10:50:00	57.42672	17.2764	12	32	0	1	350	0.009	13.5	9	5.644	7.65	0	4	5	
2019-04-30 11:00:00	57.42675	17.27754	11	33	0	1	360	0.011	13.5	9	5.7	7.66	0	4	5	
2019-04-30 11:10:00	57.42681	17.2788	11	34	0	1	350	0.009	13.5	10	5.768	7.68	0	4	5	
2019-04-30 11:20:00	57.42693	17.28021	12	35	0	1	360	0.009	13.5	10	5.742	7.67	0	4	5	
2019-04-30 11:30:00	57.42747	17.28228	12	36	0	1	350	0.009	13.5	10	5.733	7.66	0	4	5	
2019-04-30 11:40:00	57.42795	17.28438	12	37	0	1	350	0.009	13.6	10	5.532	7.61	0	4	5	
2019-04-30 11:50:00	57.4284	17.28615	11	38	0	1	350	0.009	13.6	10	5.683	7.64	0	4	5	
2019-04-30 12:00:00	57.42882	17.2875	40	39	0	1	390	0.009	13.6	11	5.829	7.68	0	4	5	
2019-04-30 12:10:00	57.42933	17.28918	12	40	0	1	350	0.009	13.6	12	5.88	7.68	0	4	5	
2019-04-30 12:20:00	57.43005	17.29131	12	41	0	1	350	0.009	13.6	12	5.858	7.68	0	4	5	
2019-04-30 12:30:00	57.43089	17.2935	12	42	0	1	350	0.009	13.7	12	5.94	7.7	0	4	5	
2019-04-30 12:50:00	57.43161	17.2974	12	44	0		360	0.009	13.6	12	6.125	7.74	0	4	5	
2019-04-30 13:00:00	57.43188	17.2995	11	45	0	2	350	0.009	13.6	13	6.096	7.73	0	4	5	
2019-04-30 13:10:00	57.43089	17.29851	12	46	0	1	350	0.009	13.5	12	6.213	7.75	0	4	5	
2019-04-30 13:20:00	57.43017	17.29539	12	47	0	1	360	0.009	13.5	12	6.224	7.75	0	4	5	
2019-04-30 13:30:00	57.42972	17.29203	12	48	0	1	60	0.009	13.5	12	6.113	7.73	1	4	0	
2019-04-30 13:40:00	57.42972	17.29074	12	49	0	1	350	0.009	13.5	11	6.142	7.74	0	4	5	
2019-04-30 13:50:00	57.42945	17.28867	12	50	0	1	350	0.009	13.5	11	6.101	7.73	0	4	5	
2019-04-30 14:00:00	57.42951	17.28777	11	51	0	1	360	0.009	13.5	11	6.201	7.75	0	4	5	
2019-04-30 14:10:00	57.42951	17.28588	12	52	0	1	350	0.009	13.5	11	6.539	7.82	0	4	5	
2019-04-30 14:20:00	57.43029	17.28444	12	53	0	1	350	0.009	13.5	11	6.119	7.74	0	4	5	
2019-04-30 14:30:00	57.43122	17.28363	11	54	0	1	350	0.009	13.5	11	6.123	7.74	0	4	5	
2019-04-30 14:40:00	57.43179	17.28117	12	55	0	1	350	0.009	13.5	11	6.409	7.81	0	4	5	
2019-04-30 14:50:00	57.43173	17.27928	41	56	0	1	380	0.009	13.4	11	6.435	7.82	0	4	5	
2019-04-30 15:00:00	57.43107	17.27667	12	57	0	2	350	0.009	13.5	11	6.492	7.83	0	4	5	
2019-04-30 15:10:00	57.43179	17.27553	12	58	0	1	350	0.009	13.5	10	6.51	7.84	0	4	5	
2019-04-30 15:30:00	57.43416	17.27634	11	0	0		350	0.009	13.5	10	6.411	7.81	0	4	5	
2019-04-30 15:40:00	57.43515	17.27628	11	1	0	1	360	0.009	13.6	10	6.473	7.83	0	4	5	
2019-04-30 15:50:00	57.43641	17.27742	13	2	0	1	360	0.009	13.6	11	6.483	7.83	0	4	5	
2019-04-30 16:00:00	57.43755	17.27847	13	3	0	1	360	0.009	13.6	11	6.437	7.82	0	4	5	
2019-04-30 16:10:00	57.4392	17.2788	12	4	0	1	350	0.009	13.5	11	6.445	7.82	0	4	5	
2019-04-30 16:20:00	57.44109	17.27895	12	5	0	1	350	0.011	13.5	11	6.322	7.79	0	4	5	
2019-04-30 16:30:00	57.44295	17.27937	12	6	0	1	350	0.009	13.6	10	6.233	7.77	0	4	5	
2019-04-30 16:40:00	57.44514	17.27952	12	7	0	1	350	0.009	13.5	10	6.067	7.73	0	4	5	
2019-04-30 16:50:00	57.44784	17.27934	41	8	0	1	380	0.009	13.5	10	5.681	7.64	0	4	5	
2019-04-30 17:00:00	57.44985	17.27934	11	9	0	1	350	0.009	13.5	10	5.962	7.69	0	4	5	
2019-04-30 17:10:00	57.45159	17.27946	11	10	0	1	350	0.009	13.5	10	5.793	7.65	0	4	5	
2019-04-30 17:20:00	57.45327	17.27934	11	11	0	1	350	0.009	13.5	9	5.475	7.58	0	4	5	
2019-04-30 17:30:00	57.45501	17.27952	11	12	0	2	350	0.009	13.4	9	5.593	7.59	0	4	5	
2019-04-30 17:40:00	57.45678	17.27937	11	13	0	1	360	0.009	13.4	9	5.501	7.57	0	4	5	
2019-04-30 17:50:00	57.45831	17.27886	11	14	0	1	350	0.009	13.4	9	5.444	7.55	0	4	5	
2019-04-30 18:00:00	57.45987	17.27853	11	15	0	1	350	0.009	13.4	8	5.415	7.55	0	4	5	
2019-04-30 18:10:00	57.46122	17.2782	11	16	0	1	350	0.009	13.4	8	5.42	7.55	0	4	5	
2019-04-30 18:20:00	57.46221	17.2779	11	17	0	1	350	0.009	13.4	8	5.397	7.54	0	4	5	
2019-04-30 18:30:00	57.46311	17.27769	12	18	0	1	350	0.009	13.4	8	5.348	7.53	0	4	5	
2019-04-30 18:40:00	57.46383	17.27721	12	19	0	1	350	0.009	13.4	7	5.352	7.53	0	4	5	
2019-04-30 18:50:00	57.46458	17.27697	15	20	0	1	360	0.009	13.3	7	5.417	7.55	0	4	5	
2019-04-30 19:00:00	57.46539	17.27811	12	21	0	1	360	0.009	13.3	7	5.453	7.55	0	4	5	
2019-04-30 19:10:00	57.46638	17.27985	12	22	0	1	360	0.009	13.3	7	5.51	7.56	0	4	5	
2019-04-30 19:20:00	57.46734	17.28147	12	23	0	2	350	0.009	13.3	7	5.606	7.58	0	4	5	
2019-04-30 19:30:00	57.46806	17.28342	12	24	0	1	350	0.009	13.3	7	5.602	7.58	0	4	5	
2019-04-30 19:40:00	57.4695	17.28036	37	25	0	1	380	0.009	13.3	7	5.684	7.6	0	4	5	
2019-04-30 19:50:00	57.46926	17.27739	11	26	0	1	350	0.009	13.3	7	5.575	7.58	0	4	5	
2019-04-30 20:00:00	57.46935	17.2746	12	27	0	1	360	0.009	13.3	7	5.548	7.58	0	4	5	
2019-04-30 20:10:00	57.47121	17.27229	12	28	0	2	350	0.009	13.3	7	5.554	7.58	0	4	5	
2019-04-30 20:20:00	57.47397	17.2734	11	29	0	1	350	0.009	13.3	7	5.554	7.57	0	4	5	
2019-04-30 20:30:00	57.47613	17.2755	13	30	0	1	360	0.009	13.3	7	5.428	7.53	0	4	5	
2019-04-30 20:40:00	57.47727	17.27964	11	31	0	1	350	0.009	13.3	7	5.453	7.54	0	4	5	
2019-04-30 20:50:00	57.47853	17.2845	11	32	0	1	350	0.009	13.3	7	5.291	7.51	0	4	5	
2019-04-30 21:00:00	57.47913	17.29008	11	33	0	1	350	0.009	13.3	7	5.295	7.51	0	4	5	
2019-04-30 21:10:00	57.48039	17.28837	12	34	0	1	360	0.009	13.3	7	5.33	7.51	0	4	5	
2019-04-30 21:20:00	57.48081	17.2857	12	35	0	1	350	0.009	13.3	7	5.285	7.5	0	4	5	
2019-04-30 21:30:00	57.48129	17.2845	13	36	0	1	360	0.009	13.3	7	5.257	7.5	0	4	5	
2019-04-30 21:40:00	57.48165	17.28339	12	37	0	1	350	0.009	13.3	7	5.213	7.49	0	4	5	
2019-04-30 21:50:00	57.48234	17.28291	12	38	0	3	360	0.009	13.3	7	5.19	7.49	0	4	5	
2019-04-30 22:00:00	57.48321	17.28285	40	39	0	1	380	0.009	13.3	7	5.175	7.48	0	4	5	
2019-04-30 22:10:00	57.48345	17.2818	11	40	0	1	350	0.009	13.3	6	5.175	7.48	0	4	5	
2019-04-30 22:20:00	57.48351	17.28051	11	41	0	1	350	0.009	13.3	6	5.15	7.48	0	4	5	
2019-04-30 22:30:00	57.48345	17.27883	11	42	0	1	350	0.009	13.3	6	5.169	7.48	0	4	5	
2019-04-30 22:40:00	57.48327	17.27685	11	43	0	1	350	0.009	13.3	6	5.169	7.48	0	4	5	
2019-04-30 22:50:00	57.48321	17.27478	11	44	0	1	350	0.009	13.3	6	5.217	7.49	0	4	5	
2019-04-30 23:00:00	57.483	17.27256	11	45	0	1	60	0.009	13.3	6	5.175	7.48	1	4	0	
2019-04-30 23:10:00	57.48282	17.27001	11	46	0	1	350	0.009	13.3	6	5.21	7.49	0	4	5	
2019-04-30 23:20:00	57.48234	17.26728	11	47	0	1	360	0.009	13.3	6	5.187	7.49	0	4	5	
2019-04-30 23:30:00	57.48171	17.26383	11	48	0	1	350	0.009	13.3	6	5.137	7.48	0	4	5	
2019-04-30 23:40:00	57.48315	17.26002	11	49	0	1	350	0.009	13.3	6	5.163	7.49	0	4	5	
2019-04-30 23:50:00	57.48624	17.25834	12	50	0	1	350	0.011	13.3	6	5.111	7.47	0	4	5	
2019-05-01 00:00:00	57.48951	17.25708	11	51	0	2	360	0.009	13.3	6	5.165	7.49	0	4	5	
2019-05-01 00:10:00	57.49002	17.253	12	52	0	1	350	0.011	13.3	6	5.141	7.48	0	4	5	
2019-05-01 00:20:00	57.48924	17.24874	11	53	0	1	350	0.009	13.3	6	5.116	7.48	0	4	5	
2019-05-01 00:30:00	57.48834	17.24478	12	54	0	1	350	0.009	13.3	6	5.071	7.47	0	4	5	
2019-05-01 00:40:00	57.49092	17.24205	11	55	0	1	350	0.011	13.3	6	5.086	7.47	0	4	5	
2019-05-01 00:50:00	57.49419	17.24136	11	56	0	1	350	0.009	13.3	6	5.074	7.47	0	4	5	
2019-05-01 01:00:00	57.49749	17.24022	12	57	0	1	350	0.009	13.3	6	5.168	7.5	0	4	5	
2019-05-01 01:10:00	57.49878	17.23584	14	58	0	1	360	0.009	13.3	6	5.193	7.51	0	4	5	
2019-05-01 01:20:00	57.49833	17.23053	14	59	0	1	360	0.009	13.3	6	5.258	7.53	0	4	5	
2019-05-01 01:30:00	57.49857	17.22477	41	0	0	1	390	0.009	13.3	7	5.581	7.6	0	4	5	
2019-05-01 01:40:00	57.50184	17.22228	12	1	0	1	350	0.009	13.3	7	5.136	7.47	0	4	5	
2019-05-01 01:50:00	57.50517	17.21841	12	2	0	1	350	0.009	13.3	7	5.31	7.5	0	4	5	
2019-05-01 02:00:00	57.50889	17.21562	12	3	0	1	350	0.009	13.3	7	5.324	7.5	0	4	5	
2019-05-01 02:20:00	57.51699	17.21115	12	5	0	1	350	0.009	13.3	7	5.425	7.54	0	4	5	
2019-05-01 02:40:00	57.52116	17.20647	12	7	0	1	360	0.009	13.3	7	5.447	7.55	0	4	5	
2019-05-01 02:50:00	57.52056	17.20308	12	8	0	1	350	0.009	13.3	7	5.486	7.55	0	4	5	
2019-05-01 03:00:00	57.52029	17.19849	12	9	0	1	360	0.009	13.3	7	5.309	7.49	0	4	5	
2019-05-01 03:10:00	57.52281	17.19543	12	10	0	1	350	0.009	13.3	7	5.216	7.46	0	4	5	
2019-05-01 03:20:00	57.52578	17.19462	12	11	0	1	350	0.009	13.3	7	5.328	7.5	0	4	5	
2019-05-01 03:30:00	57.52854	17.19378	13	12	0	1	360	0.009	13.3	7	5.427	7.54	0	4	5	
2019-05-01 03:40:00	57.52857	17.19012	15	13	0	1	360	0.009	13.3	7	5.213	7.47	0	4	5	
2019-05-01 03:50:00	57.5283	17.18544	36	14	0	1	380	0.009	13.3	7	5.145	7.43	0	4	5	
2019-05-01 04:00:00	57.52767	17.18175	12	15	0	2	350	0.009	13.3	7	5.064	7.41	0	4	5	
2019-05-01 04:10:00	57.52968	17.17989	12	16	0	2	350	0.009	13.3	7	5.07	7.41	0	4	5	
2019-05-01 04:20:00	57.53247	17.18058	12	17	0	2	360	0.009	13.3	7	5.153	7.43	0	4	5	
2019-05-01 04:30:00	57.53535	17.1843	12	18	0	1	350	0.009	13.3	7	5.209	7.46	0	4	5	
2019-05-01 04:40:00	57.5361	17.17974	12	19	0	1	350	0.009	13.3	7	5.194	7.45	0	4	5	
2019-05-01 04:50:00	57.53634	17.17395	12	20	0	1	350	0.009	13.3	7	5.098	7.42	0	4	5	
2019-05-01 05:00:00	57.53733	17.16762	12	21	0	1	350	0.009	13.3	7	5.095	7.41	0	4	5	
2019-05-01 05:10:00	57.53733	17.17656	12	22	0	1	350	0.009	13.3	7	5.189	7.45	0	4	5	
2019-05-01 05:20:00	57.537	17.18715	12	23	0	1	350	0.009	13.3	7	5.459	7.56	0	4	5	
2019-05-01 05:30:00	57.53655	17.19768	41	24	0	1	380	0.009	13.3	7	5.48	7.58	0	4	5	
2019-05-01 05:40:00	57.53793	17.19297	12	25	0	2	350	0.009	13.4	7	5.511	7.59	0	4	5	
2019-05-01 05:50:00	57.53898	17.18712	11	26	0	1	350	0.009	13.3	7	5.485	7.57	0	4	5	
2019-05-01 06:00:00	57.53982	17.18082	12	27	0	1	350	0.009	13.4	7	5.362	7.53	0	4	5	
2019-05-01 06:10:00	57.54102	17.17401	12	28	0	1	350	0.009	13.4	7	5.272	7.48	0	4	5	
2019-05-01 06:20:00	57.54174	17.16762	13	29	0	1	360	0.009	13.4	7	5.192	7.45	0	4	5	
2019-05-01 06:30:00	57.543	17.16111	41	30	0	1	380	0.009	13.4	8	5.184	7.44	0	4	5	
2019-05-01 06:40:00	57.5442	17.1555	12	31	0	1	350	0.009	13.4	7	5.153	7.43	0	4	5	
2019-05-01 06:50:00	57.54627	17.14938	12	32	0	1	350	0.009	13.4	7	5.153	7.43	0	4	5	
2019-05-01 07:00:00	57.54825	17.1426	12	33	0	1	360	0.009	13.4	7	5.173	7.44	0	4	5	
2019-05-01 07:10:00	57.55287	17.14344	12	34	0	1	350	0.009	13.4	7	5.154	7.44	0	4	5	
2019-05-01 07:20:00	57.55812	17.14605	12	35	0	1	350	0.009	13.4	7	5.364	7.53	0	4	5	
2019-05-01 07:30:00	57.56391	17.1459	12	36	0	2	350	0.009	13.4	7	5.35	7.55	0	4	5	
2019-05-01 07:40:00	57.56682	17.14026	12	37	0	1	350	0.009	13.4	7	5.291	7.53	0	4	5	
2019-05-01 07:50:00	57.5688	17.13402	12	38	0	1	350	0.009	13.5	7	5.468	7.58	0	4	5	
2019-05-01 08:00:00	57.57015	17.12688	12	39	0	1	350	0.009	13.5	7	5.493	7.58	0	4	5	
2019-05-01 08:10:00	57.57195	17.12073	12	40	0	1	360	0.009	13.4	8	5.415	7.56	0	4	5	
2019-05-01 08:20:00	57.57366	17.11404	13	41	0	1	360	0.009	13.4	8	5.276	7.53	0	4	5	
2019-05-01 08:30:00	57.57489	17.10798	12	42	0	1	350	0.009	13.4	8	5.176	7.5	0	4	5	
2019-05-01 08:40:00	57.57531	17.11401	12	43	0	1	360	0.009	13.4	7	5.118	7.48	0	4	5	
2019-05-01 08:50:00	57.57609	17.12193	12	44	0	1	350	0.009	13.4	8	5.438	7.57	0	4	5	
2019-05-01 09:00:00	57.57624	17.13039	12	45	0	1	350	0.009	13.4	8	5.509	7.59	0	4	5	
2019-05-01 09:10:00	57.57612	17.13909	16	46	0	1	360	0.009	13.4	8	5.323	7.54	0	4	5	
2019-05-01 09:20:00	57.57684	17.1468	18	47	0	1	370	0.009	13.4	8	4.725	7.38	0	4	5	
2019-05-01 09:30:00	57.57621	17.15595	41	48	0	1	380	0.009	13.4	8	4.782	7.37	0	4	5	
2019-05-01 09:40:00	57.57561	17.16396	12	49	0	1	350	0.009	13.4	8	4.816	7.37	0	4	5	
2019-05-01 09:50:00	57.57525	17.17314	12	50	0	1	350	0.009	13.4	7	4.882	7.37	0	4	5	
2019-05-01 10:00:00	57.57534	17.18226	12	51	0	1	350	0.009	13.4	7	4.976	7.38	0	4	5	
2019-05-01 10:10:00	57.57564	17.18976	41	52	0	1	380	0.009	13.4	8	5.058	7.39	0	4	5	
2019-05-01 10:20:00	57.57687	17.19528	12	53	0	1	350	0.009	13.4	8	5.08	7.4	0	4	5	
2019-05-01 10:30:00	57.57777	17.20257	11	54	0	1	350	0.009	13.4	8	5.075	7.39	0	4	5	
2019-05-01 10:50:00	57.58698	17.20401	12	56	0		350	0.009	13.4	8	5.006	7.4	0	4	5	
2019-05-01 11:00:00	57.59187	17.20458	12	57	0	3	350	0.009	13.4	8	5.001	7.41	0	4	5	
2019-05-01 11:10:00	57.59316	17.21301	12	58	0	1	360	0.009	13.4	8	4.982	7.41	0	4	5	
2019-05-01 11:20:00	57.59373	17.22189	12	59	0	2	360	0.009	13.4	8	5.002	7.42	0	4	5	
2019-05-01 11:30:00	57.59439	17.23038	12	0	0	1	350	0.009	13.4	8	4.968	7.41	0	4	5	
2019-05-01 11:40:00	57.59532	17.23845	12	1	0	2	350	0.009	13.4	8	4.965	7.41	0	4	5	
2019-05-01 11:50:00	57.59634	17.24649	12	2	0	1	350	0.009	13.4	8	4.962	7.41	0	4	5	
2019-05-01 12:00:00	57.59883	17.25228	12	3	0	1	360	0.009	13.4	8	5	7.42	0	4	5	
2019-05-01 12:10:00	57.60018	17.26089	13	4	0	1	360	0.009	13.4	8	5.011	7.42	0	4	5	
2019-05-01 12:20:00	57.60189	17.26779	13	5	0	1	360	0.009	13.5	8	5.024	7.43	0	4	5	
2019-05-01 12:30:00	57.60306	17.274	12	6	0	1	350	0.009	13.5	8	5.059	7.43	0	4	5	
2019-05-01 12:40:00	57.60309	17.27958	13	7	0	1	360	0.009	13.5	8	5.215	7.46	0	4	5	
2019-05-01 12:50:00	57.60396	17.28612	12	8	0	1	360	0.009	13.5	8	5.24	7.43	0	4	5	
2019-05-01 13:00:00	57.60423	17.29167	13	9	0	1	360	0.009	13.5	8	5.119	7.39	0	4	5	
2019-05-01 13:10:00	57.60546	17.29503	14	10	0	1	360	0.009	13.5	9	5.093	7.34	0	4	5	
2019-05-01 13:20:00	57.60795	17.3001	41	11	0	1	380	0.009	13.5	9	5.158	7.35	0	4	5	
2019-05-01 13:30:00	57.61005	17.30406	11	12	0	1	350	0.009	13.5	9	5.326	7.4	0	4	5	
2019-05-01 13:40:00	57.61248	17.30616	12	13	0	2	350	0.009	13.5	9	5.44	7.43	0	4	5	
2019-05-01 13:50:00	57.61401	17.3085	12	14	0	1	350	0.009	13.5	9	5.405	7.42	0	4	5	
2019-05-01 14:00:00	57.61404	17.3121	12	15	0	2	360	0.009	13.4	9	5.478	7.43	0	4	5	
2019-05-01 14:10:00	57.61569	17.31384	12	16	0	2	350	0.009	13.4	9	5.353	7.4	0	4	5	
2019-05-01 14:20:00	57.61791	17.31873	30	17	0	1	370	0.009	13.4	9	5.292	7.4	0	4	5	
2019-05-01 14:50:00	57.62658	17.32614	11	20	0		350	0.009	13.4	9	5.301	7.41	0	4	5	
2019-05-01 15:00:00	57.6294	17.33016	11	21	0	1	350	0.009	13.4	9	5.33	7.44	0	4	5	
2019-05-01 15:10:00	57.63099	17.32842	12	22	0	1	350	0.009	13.4	8	5.368	7.47	0	4	5	
2019-05-01 15:20:00	57.63216	17.32599	12	23	0	1	350	0.009	13.4	8	5.385	7.48	0	4	5	
2019-05-01 15:30:00	57.63366	17.3226	11	24	0	1	360	0.009	13.4	8	5.464	7.51	0	4	5	
2019-05-01 15:40:00	57.63396	17.32854	12	25	0	1	360	0.009	13.4	8	5.524	7.53	0	4	5	
2019-05-01 15:50:00	57.63402	17.33628	13	26	0	1	360	0.009	13.4	8	5.588	7.55	0	4	5	
2019-05-01 16:00:00	57.63468	17.34408	12	27	0	1	350	0.009	13.4	8	5.695	7.59	0	4	5	
2019-05-01 16:10:00	57.6336	17.34951	12	28	0	1	350	0.009	13.4	8	5.635	7.56	0	4	5	
2019-05-01 16:20:00	57.63234	17.35461	12	29	0	1	350	0.009	13.4	8	5.546	7.53	0	4	5	
2019-05-01 16:30:00	57.63141	17.35845	41	30	0	1	380	0.009	13.4	8	5.512	7.52	0	4	5	
2019-05-01 16:40:00	57.63282	17.35686	12	31	0	1	350	0.009	13.4	8	5.56	7.54	0	4	5	
2019-05-01 16:50:00	57.63501	17.35422	12	32	0	1	350	0.009	13.4	8	5.676	7.58	0	4	5	
2019-05-01 17:00:00	57.63771	17.35308	12	33	0	1	350	0.009	13.4	8	5.794	7.63	0	4	5	
2019-05-01 17:10:00	57.64077	17.35185	11	34	0	1	350	0.009	13.3	8	5.818	7.66	0	4	5	
2019-05-01 17:20:00	57.64395	17.35116	12	35	0	1	350	0.009	13.3	8	5.837	7.67	0	4	5	
2019-05-01 17:30:00	57.64695	17.35512	12	36	0	1	350	0.009	13.3	8	5.873	7.69	0	4	5	
2019-05-01 17:40:00	57.64521	17.35515	12	37	0	1	360	0.009	13.3	8	5.858	7.68	0	4	5	
2019-05-01 17:50:00	57.64341	17.35509	12	38	0	1	360	0.009	13.3	8	5.836	7.67	0	4	5	
2019-05-01 18:00:00	57.64206	17.35506	12	39	0	2	350	0.009	13.3	8	5.822	7.66	0	4	5	
2019-05-01 18:10:00	57.64071	17.3559	12	40	0	1	350	0.009	13.3	8	5.815	7.65	0	4	5	
2019-05-01 18:20:00	57.63969	17.35689	13	41	0	2	350	0.009	13.3	8	5.799	7.64	0	4	5	
2019-05-01 18:30:00	57.63828	17.35806	41	42	0	1	380	0.009	13.3	8	5.759	7.62	0	4	5	
2019-05-01 18:40:00	57.63699	17.35932	11	43	0	1	350	0.009	13.3	8	5.693	7.59	0	4	5	
2019-05-01 18:50:00	57.63576	17.36061	11	44	0	1	350	0.009	13.3	8	5.628	7.57	0	4	5	
2019-05-01 19:00:00	57.63438	17.36202	11	45	0	1	350	0.009	13.3	8	5.553	7.54	0	4	5	
2019-05-01 19:10:00	57.63261	17.3634	11	46	0	1	350	0.009	13.3	8	5.472	7.5	0	4	5	
2019-05-01 19:20:00	57.63144	17.36457	12	47	0	1	360	0.009	13.3	8	5.435	7.49	0	4	5	
2019-05-01 19:30:00	57.63042	17.3658	12	48	0	1	350	0.009	13.3	8	5.412	7.48	0	4	5	
2019-05-01 19:40:00	57.63039	17.36811	12	49	0	1	350	0.009	13.3	8	5.432	7.48	0	4	5	
2019-05-01 19:50:00	57.62976	17.36946	12	50	0	1	350	0.009	13.3	8	5.425	7.48	0	4	5	
2019-05-01 20:00:00	57.62994	17.37216	12	51	0	1	360	0.009	13.3	8	5.466	7.49	0	4	5	
2019-05-01 20:10:00	57.62952	17.37309	11	52	0	1	350	0.009	13.3	8	5.469	7.49	0	4	5	
2019-05-01 20:20:00	57.62895	17.37327	12	53	0	1	350	0.009	13.3	8	5.454	7.49	0	4	5	
2019-05-01 20:30:00	57.62877	17.3739	12	54	0	1	350	0.009	13.3	8	5.456	7.49	0	4	5	
2019-05-01 20:40:00	57.62763	17.37309	12	55	0	1	350	0.009	13.3	8	5.436	7.47	0	4	5	
2019-05-01 20:50:00	57.62661	17.36739	12	56	0	1	350	0.009	13.3	8	5.362	7.45	0	4	5	
2019-05-01 21:00:00	57.6273	17.36013	12	57	0	1	350	0.009	13.3	8	5.32	7.43	0	4	5	
2019-05-01 21:10:00	57.624	17.35938	12	58	0	1	350	0.009	13.3	8	5.31	7.41	0	4	5	
2019-05-01 21:20:00	57.62151	17.35836	12	59	0	1	350	0.009	13.3	8	5.34	7.41	0	4	5	
2019-05-01 21:30:00	57.61938	17.3574	12	0	0	1	360	0.009	13.3	8	5.372	7.42	0	4	5	
2019-05-01 21:40:00	57.61737	17.35857	12	1	0	1	350	0.009	13.3	7	5.388	7.42	0	4	5	
2019-05-01 21:50:00	57.61554	17.35938	13	2	0	1	360	0.009	13.3	7	5.431	7.43	0	4	5	
2019-05-01 22:00:00	57.61353	17.35989	40	3	0	1	390	0.009	13.3	8	5.445	7.44	0	4	5	
2019-05-01 22:10:00	57.61227	17.35842	12	4	0	1	360	0.009	13.3	7	5.411	7.43	0	4	5	
2019-05-01 22:20:00	57.61128	17.35809	11	5	0	3	350	0.009	13.3	7	5.389	7.43	0	4	5	
2019-05-01 22:30:00	57.61041	17.35677	12	6	0	1	350	0.009	13.3	7	5.338	7.42	0	4	5	
2019-05-01 22:40:00	57.61071	17.35635	12	7	0	1	360	0.009	13.3	7	5.34	7.42	0	4	5	
2019-05-01 22:50:00	57.61119	17.35413	11	8	0	1	350	0.009	13.3	7	5.326	7.41	0	4	5	
2019-05-01 23:00:00	57.61143	17.35221	11	9	0	1	350	0.009	13.3	7	5.315	7.41	0	4	5	
2019-05-01 23:10:00	57.612	17.35089	11	10	0	1	360	0.009	13.3	7	5.32	7.41	0	4	5	
2019-05-01 23:20:00	57.61242	17.34966	11	11	0	1	350	0.009	13.3	7	5.347	7.42	0	4	5	
2019-05-01 23:30:00	57.61305	17.3484	12	12	0	3	350	0.009	13.3	8	5.351	7.41	0	4	5	
2019-05-01 23:40:00	57.6138	17.34738	12	13	0	1	60	0.009	13.3	7	5.338	7.41	1	4	0	
2019-05-01 23:50:00	57.61413	17.34438	12	14	0	1	350	0.009	13.3	7	5.298	7.4	0	4	5	
2019-05-02 00:00:00	57.61494	17.34432	12	15	0	1	350	0.011	13.3	7	5.288	7.4	0	4	5	
2019-05-02 00:10:00	57.61608	17.34171	16	16	0	1	360	0.009	13.3	7	5.243	7.39	0	4	5	
2019-05-02 00:20:00	57.61671	17.33847	12	17	0	2	350	0.009	13.3	7	5.22	7.39	0	4	5	
2019-05-02 00:30:00	57.61794	17.33568	12	18	0	1	350	0.009	13.3	7	5.189	7.39	0	4	5	
2019-05-02 00:40:00	57.61899	17.33175	41	19	0	1	380	0.009	13.3	7	5.208	7.41	0	4	5	
2019-05-02 00:50:00	57.62034	17.32845	11	20	0	1	350	0.009	13.3	7	5.217	7.42	0	4	5	
2019-05-02 01:00:00	57.62235	17.32542	11	21	0	1	350	0.009	13.3	7	5.239	7.44	0	4	5	
2019-05-02 01:10:00	57.6237	17.32977	12	22	0	1	350	0.009	13.3	7	5.245	7.44	0	4	5	
2019-05-02 01:20:00	57.62508	17.33547	12	23	0	1	350	0.009	13.3	7	5.248	7.43	0	4	5	
2019-05-02 01:30:00	57.62676	17.34072	13	24	0	1	350	0.009	13.3	7	5.263	7.43	0	4	5	
2019-05-02 01:40:00	57.62853	17.34588	12	25	0	1	360	0.009	13.3	7	5.274	7.44	0	4	5	
2019-05-02 01:50:00	57.63048	17.35116	12	26	0	1	350	0.009	13.3	7	5.303	7.44	0	4	5	
2019-05-02 02:00:00	57.63237	17.35722	12	27	0	1	360	0.009	13.3	7	5.346	7.46	0	4	5	
2019-05-02 02:10:00	57.63348	17.36475	12	28	0	1	350	0.009	13.3	7	5.422	7.48	0	4	5	
2019-05-02 02:20:00	57.63432	17.37345	12	29	0	1	360	0.009	13.3	7	5.563	7.54	0	4	5	
2019-05-02 02:30:00	57.63432	17.38212	12	30	0	1	360	0.009	13.3	7	5.498	7.58	0	4	5	
2019-05-02 02:40:00	57.63402	17.38992	12	31	0	1	350	0.009	13.3	7	5.485	7.59	0	4	5	
2019-05-02 02:50:00	57.63327	17.39703	12	32	0	1	350	0.009	13.3	7	5.424	7.57	0	4	5	
2019-05-02 03:00:00	57.63123	17.40462	12	33	0	1	350	0.009	13.3	8	5.44	7.58	0	4	5	
2019-05-02 03:10:00	57.62745	17.40516	12	34	0	2	360	0.009	13.3	7	5.476	7.59	0	4	5	
2019-05-02 03:20:00	57.62379	17.40489	31	35	0	1	370	0.009	13.3	8	5.491	7.58	0	4	5	
2019-05-02 03:30:00	57.62049	17.40561	11	36	0	1	350	0.009	13.3	7	5.518	7.59	0	4	5	
2019-05-02 03:40:00	57.62337	17.40399	12	37	0	1	360	0.009	13.3	7	5.488	7.58	0	4	5	
2019-05-02 03:50:00	57.62637	17.40018	12	38	0	2	350	0.009	13.3	7	5.484	7.59	0	4	5	
2019-05-02 04:00:00	57.62931	17.3961	12	39	0	2	360	0.009	13.3	8	5.491	7.59	0	4	5	
2019-05-02 04:10:00	57.63417	17.39976	12	40	0	2	350	0.009	13.3	8	5.388	7.56	0	4	5	
2019-05-02 04:20:00	57.6399	17.40414	12	41	0	1	350	0.009	13.3	7	5.623	7.61	0	4	5	
2019-05-02 04:30:00	57.64566	17.4081	12	42	0	1	350	0.009	13.3	8	5.163	7.46	0	4	5	
2019-05-02 04:40:00	57.64374	17.41581	12	43	0	1	360	0.009	13.3	7	5.195	7.47	0	4	5	
2019-05-02 04:50:00	57.64056	17.42292	12	44	0	1	350	0.009	13.3	7	5.163	7.46	0	4	5	
2019-05-02 05:00:00	57.63843	17.43183	14	45	0	1	360	0.009	13.3	7	5.192	7.46	0	4	5	
2019-05-02 05:10:00	57.64239	17.43507	12	46	0	1	350	0.009	13.3	7	5.281	7.49	0	4	5	
2019-05-02 05:20:00	57.64716	17.4411	41	47	0	1	380	0.009	13.3	8	5.183	7.45	0	4	5	
2019-05-02 05:30:00	57.65163	17.44671	12	48	0	1	350	0.009	13.3	7	5.206	7.45	0	4	5	
2019-05-02 05:40:00	57.65721	17.45091	12	49	0	1	350	0.009	13.3	7	5.275	7.48	0	4	5	
2019-05-02 05:50:00	57.66246	17.45574	11	50	0	1	350	0.009	13.3	7	5.398	7.51	0	4	5	
2019-05-02 06:00:00	57.66621	17.46198	13	51	0	1	360	0.009	13.3	8	5.068	7.43	0	4	5	
2019-05-02 06:10:00	57.663	17.46627	11	52	0	1	360	0.009	13.3	7	5.289	7.48	0	4	5	
2019-05-02 06:20:00	57.65898	17.47365	12	53	0	1	350	0.009	13.3	7	5.364	7.5	0	4	5	
2019-05-02 06:30:00	57.65403	17.4747	11	54	0	1	360	0.009	13.3	7	5.5	7.53	0	4	5	
2019-05-02 06:40:00	57.65241	17.48139	12	55	0	1	350	0.011	13.3	7	5.541	7.54	0	4	5	
2019-05-02 06:50:00	57.64968	17.48694	11	56	0	1	350	0.011	13.3	7	5.563	7.54	0	4	5	
2019-05-02 07:00:00	57.64743	17.49264	12	57	0	1	350	0.009	13.4	7	5.519	7.54	0	4	5	
2019-05-02 07:10:00	57.64653	17.49999	41	58	0	1	380	0.009	13.4	8	5.672	7.57	0	4	5	
2019-05-02 07:20:00	57.64449	17.50674	11	59	0	1	350	0.009	13.3	8	5.697	7.58	0	4	5	
2019-05-02 07:30:00	57.64191	17.514	12	0	0	1	360	0.009	13.4	8	5.762	7.59	0	4	5	
2019-05-02 07:40:00	57.64023	17.52291	12	1	0	1	360	0.009	13.4	8	5.777	7.6	0	4	5	
2019-05-02 07:50:00	57.63702	17.53125	12	2	0	1	350	0.009	13.4	8	5.749	7.59	0	4	5	
2019-05-02 08:00:00	57.63339	17.54097	12	3	0	1	350	0.009	13.4	8	5.689	7.58	0	4	5	
2019-05-02 08:10:00	57.63585	17.54778	12	4	0	1	350	0.009	13.4	8	5.448	7.52	0	4	5	
2019-05-02 08:20:00	57.63867	17.55228	12	5	0	1	60	0.009	13.4	8	5.575	7.55	1	4	0	
2019-05-02 08:30:00	57.64134	17.55675	11	6	0	1	350	0.009	13.4	8	5.618	7.56	0	4	5	
2019-05-02 08:40:00	57.64224	17.56833	11	7	0	1	350	0.009	13.4	8	5.497	7.53	0	4	5	
2019-05-02 08:50:00	57.6441	17.5809	11	8	0	2	350	0.009	13.5	8	5.571	7.56	0	4	5	
2019-05-02 09:00:00	57.64377	17.59362	12	9	0	1	350	0.009	13.4	8	5.458	7.54	0	4	5	
2019-05-02 09:10:00	57.64152	17.60586	12	10	0	1	360	0.009	13.5	8	5.134	7.45	0	4	5	
2019-05-02 09:20:00	57.6387	17.61747	12	11	0	1	350	0.009	13.4	8	5.148	7.45	0	4	5	
2019-05-02 09:30:00	57.63672	17.63034	12	12	0	1	350	0.009	13.5	8	5.169	7.45	0	4	5	
2019-05-02 09:40:00	57.63798	17.63724	12	13	0	1	350	0.009	13.5	8	5.137	7.42	0	4	5	
2019-05-02 09:50:00	57.63954	17.64237	41	14	0	1	380	0.009	13.5	8	5.201	7.44	0	4	5	
2019-05-02 10:00:00	57.64113	17.6457	12	15	0	1	350	0.009	13.5	8	5.304	7.47	0	4	5	
2019-05-02 10:10:00	57.64008	17.65392	12	16	0	1	350	0.009	13.5	8	5.316	7.47	0	4	5	
2019-05-02 10:20:00	57.63918	17.66226	13	17	0	1	360	0.009	13.5	8	5.371	7.49	0	4	5	
2019-05-02 10:30:00	57.63729	17.66991	13	18	0	1	360	0.009	13.5	8	5.411	7.5	0	4	5	
2019-05-02 10:40:00	57.63258	17.67531	12	19	0	1	360	0.011	13.4	8	5.401	7.5	0	4	5	
2019-05-02 10:50:00	57.62841	17.68137	12	20	0	1	350	0.009	13.4	8	5.429	7.51	0	4	5	
2019-05-02 11:00:00	57.62262	17.68704	12	21	0	1	350	0.009	13.5	8	5.481	7.52	0	4	5	
2019-05-02 11:10:00	57.61677	17.68968	12	22	0	1	350	0.009	13.5	8	5.43	7.51	0	4	5	
2019-05-02 11:20:00	57.61155	17.69406	12	23	0	1	350	0.009	13.5	8	5.392	7.5	0	4	5	
2019-05-02 11:30:00	57.60705	17.69829	12	24	0	1	350	0.009	13.5	8	5.284	7.47	0	4	5	
2019-05-02 11:40:00	57.60111	17.70243	35	25	0	1	380	0.009	13.4	8	5.191	7.44	0	4	5	
2019-05-02 11:50:00	57.59586	17.70639	12	26	0	1	350	0.009	13.4	8	5.246	7.45	0	4	5	
2019-05-02 12:00:00	57.59019	17.70606	12	27	0	1	350	0.009	13.4	8	5.311	7.47	0	4	5	
2019-05-02 12:10:00	57.58446	17.70246	13	28	0	1	360	0.009	13.4	8	5.713	7.59	0	4	5	
2019-05-02 12:20:00	57.57807	17.70279	12	29	0	1	350	0.009	13.4	8	5.499	7.54	0	4	5	
2019-05-02 12:30:00	57.57213	17.70315	12	30	0	1	350	0.009	13.4	8	5.424	7.52	0	4	5	
2019-05-02 12:40:00	57.56979	17.71188	12	31	0	1	360	0.009	13.4	8	5.407	7.52	0	4	5	
2019-05-02 12:50:00	57.56793	17.72043	12	32	0	1	360	0.009	13.5	8	5.369	7.51	0	4	5	
2019-05-02 13:00:00	57.56589	17.72934	12	33	0	1	350	0.009	13.5	8	5.348	7.5	0	4	5	
2019-05-02 13:10:00	57.56376	17.73672	13	34	0	2	360	0.009	13.5	8	5.377	7.51	0	4	5	
2019-05-02 13:20:00	57.56226	17.74371	41	35	0	1	380	0.009	13.6	9	5.489	7.54	0	4	5	
2019-05-02 13:30:00	57.5604	17.74992	12	36	0	1	350	0.009	13.6	8	5.55	7.55	0	4	5	
2019-05-02 13:40:00	57.55713	17.75325	12	37	0	1	350	0.009	13.5	9	5.434	7.52	0	4	5	
2019-05-02 13:50:00	57.55602	17.75898	12	38	0	1	350	0.009	13.5	9	5.501	7.54	0	4	5	
2019-05-02 14:00:00	57.55521	17.76555	12	39	0	1	350	0.009	13.6	9	5.567	7.55	0	4	5	
2019-05-02 14:10:00	57.55383	17.77257	12	40	0	1	350	0.009	13.5	10	5.551	7.55	0	4	5	
2019-05-02 14:20:00	57.55146	17.77857	12	41	0	1	350	0.009	13.5	10	5.476	7.53	0	4	5	
2019-05-02 14:30:00	57.55053	17.78502	11	42	0	1	350	0.009	13.5	9	5.365	7.51	0	4	5	
2019-05-02 14:40:00	57.55194	17.7891	14	43	0	1	360	0.009	13.5	9	5.335	7.51	0	4	5	
2019-05-02 14:50:00	57.5526	17.79537	41	44	0	1	380	0.009	13.6	10	5.362	7.51	0	4	5	
2019-05-02 15:00:00	57.55263	17.80191	12	45	0	1	360	0.011	13.6	9	5.385	7.52	0	4	5	
2019-05-02 15:10:00	57.54996	17.79954	12	46	0	1	350	0.009	13.5	9	5.386	7.52	0	4	5	
2019-05-02 15:20:00	57.54723	17.7912	11	47	0	1	350	0.009	13.5	9	5.326	7.5	0	4	5	
2019-05-02 15:30:00	57.54555	17.78343	12	48	0	1	360	0.009	13.5	9	5.429	7.52	0	4	5	
2019-05-02 15:40:00	57.53892	17.77992	13	49	0	1	360	0.009	13.5	8	5.363	7.51	0	4	5	
2019-05-02 15:50:00	57.53265	17.77509	12	50	0	1	360	0.009	13.5	8	5.371	7.51	0	4	5	
2019-05-02 16:00:00	57.528	17.76549	12	51	0	1	350	0.009	13.5	8	5.395	7.52	0	4	5	
2019-05-02 16:10:00	57.52872	17.77392	12	52	0	1	360	0.009	13.5	8	5.368	7.52	0	4	5	
2019-05-02 16:20:00	57.53241	17.78238	12	53	0	1	350	0.009	13.4	8	5.316	7.5	0	4	5	
2019-05-02 16:30:00	57.53277	17.79342	13	54	0	1	360	0.009	13.4	8	5.253	7.49	0	4	5	
2019-05-02 16:40:00	57.52902	17.78541	13	55	0	1	350	0.009	13.4	8	5.281	7.5	0	4	5	
2019-05-02 16:50:00	57.52296	17.78118	41	56	0	1	380	0.009	13.4	8	5.339	7.51	0	4	5	
2019-05-02 17:00:00	57.51879	17.77905	11	57	0	3	350	0.009	13.4	8	5.387	7.53	0	4	5	
2019-05-02 17:10:00	57.516	17.78241	12	58	0	1	360	0.009	13.4	7	5.356	7.52	0	4	5	
2019-05-02 17:20:00	57.51495	17.7879	12	59	0	1	350	0.009	13.4	7	5.281	7.5	0	4	5	
2019-05-02 17:30:00	57.51369	17.7966	12	0	0	1	350	0.009	13.4	7	5.199	7.48	0	4	5	
2019-05-02 17:40:00	57.51408	17.8074	11	1	0	1	350	0.009	13.4	7	5.259	7.5	0	4	5	
2019-05-02 17:50:00	57.51306	17.8161	11	2	0	2	350	0.009	13.4	7	5.356	7.52	0	4	5	
2019-05-02 18:00:00	57.51012	17.82309	11	3	0	1	350	0.009	13.4	7	5.402	7.54	0	4	5	
2019-05-02 18:10:00	57.50739	17.83107	12	4	0	1	350	0.009	13.4	7	5.424	7.55	0	4	5	
2019-05-02 18:20:00	57.50589	17.83932	13	5	0	1	350	0.009	13.4	7	5.303	7.51	0	4	5	
2019-05-02 18:30:00	57.50382	17.84658	13	6	0	1	360	0.009	13.3	7	5.265	7.5	0	4	5	
2019-05-02 18:40:00	57.49965	17.84976	12	7	0	2	350	0.009	13.3	7	5.258	7.51	0	4	5	
2019-05-02 18:50:00	57.49482	17.85345	12	8	0	1	360	0.009	13.3	7	5.259	7.51	0	4	5	
2019-05-02 19:00:00	57.48834	17.84772	12	9	0	1	350	0.009	13.3	7	5.293	7.52	0	4	5	
2019-05-02 19:10:00	57.48654	17.85714	41	10	0	1	380	0.009	13.3	7	5.186	7.49	0	4	5	
2019-05-02 19:30:00	57.49161	17.87829	12	12	0	1	350	0.009	13.3	7	5.139	7.47	0	4	5	
2019-05-02 20:40:00	57.4857	17.89683	12	19	0	1	360	0.009	13.3	7	5.333	7.52	0	4	5	
2019-05-02 20:50:00	57.48492	17.90973	12	20	0	1	350	0.009	13.3	7	5.558	7.59	0	4	5	
2019-05-02 21:00:00	57.48456	17.92311	13	21	0	1	360	0.009	13.3	7	5.761	7.66	0	4	5	
2019-05-02 21:10:00	57.48048	17.91477	12	22	0	1	350	0.009	13.3	7	5.651	7.62	0	4	5	
2019-05-02 21:20:00	57.47718	17.90373	12	23	0	1	350	0.009	13.3	7	5.427	7.55	0	4	5	
2019-05-02 21:30:00	57.47421	17.89239	12	24	0	1	360	0.009	13.3	7	5.176	7.49	0	4	5	
2019-05-02 21:40:00	57.47289	17.90166	13	25	0	1	360	0.009	13.3	7	5.394	7.55	0	4	5	
2019-05-02 21:50:00	57.47256	17.91384	12	26	0	1	350	0.009	13.3	7	5.628	7.62	0	4	5	
2019-05-02 22:00:00	57.47001	17.92737	40	27	0	1	390	0.009	13.3	8	5.763	7.67	0	4	5	
2019-05-02 22:10:00	57.46719	17.91789	12	28	0	1	350	0.009	13.3	7	5.683	7.64	0	4	5	
2019-05-02 22:20:00	57.46326	17.90586	12	29	0	1	350	0.009	13.3	7	5.542	7.59	0	4	5	
2019-05-02 22:30:00	57.45876	17.89374	12	30	0	1	360	0.009	13.3	7	5.355	7.54	0	4	5	
2019-05-02 22:40:00	57.45675	17.90343	12	31	0	1	350	0.009	13.3	7	5.586	7.61	0	4	5	
2019-05-02 22:50:00	57.45627	17.91552	12	32	0	1	350	0.009	13.3	7	5.655	7.64	0	4	5	
2019-05-02 23:00:00	57.45417	17.92719	12	33	0	1	350	0.009	13.3	7	5.845	7.71	0	4	5	
2019-05-02 23:10:00	57.45321	17.93928	12	34	0	1	360	0.009	13.3	7	5.994	7.74	0	4	5	
2019-05-02 23:20:00	57.45171	17.95152	12	35	0	3	350	0.009	13.3	7	5.933	7.73	0	4	5	
2019-05-02 23:30:00	57.44973	17.96346	12	36	0	2	350	0.009	13.3	8	5.784	7.69	0	4	5	
2019-05-02 23:40:00	57.44442	17.95464	13	37	0	2	360	0.009	13.3	8	5.751	7.69	0	4	5	
2019-05-02 23:50:00	57.43905	17.94351	17	38	0	1	360	0.009	13.3	7	5.779	7.7	0	4	5	
2019-05-03 00:00:00	57.43446	17.93208	12	39	0	1	350	0.009	13.3	7	5.785	7.7	0	4	5	
2019-05-03 00:10:00	57.43047	17.92017	12	40	0	1	360	0.009	13.3	7	5.863	7.71	0	4	5	
2019-05-03 00:20:00	57.42738	17.90781	17	41	0	1	360	0.009	13.3	7	5.869	7.72	0	4	5	
2019-05-03 00:30:00	57.42282	17.89668	15	42	0	2	360	0.009	13.3	8	5.811	7.7	0	4	5	
2019-05-03 00:40:00	57.41997	17.90649	41	43	0	1	380	0.009	13.3	8	5.765	7.69	0	4	5	
2019-05-03 00:50:00	57.41628	17.91615	13	44	0	1	360	0.009	13.3	8	5.726	7.68	0	4	5	
2019-05-03 01:00:00	57.41283	17.92614	18	45	0	2	360	0.009	13.3	8	5.685	7.67	0	4	5	
2019-05-03 01:10:00	57.40935	17.93619	18	46	0	1	360	0.009	13.3	8	5.539	7.65	0	4	5	
2019-05-03 01:20:00	57.40629	17.94765	71	47	0	1	420	0.011	13.3	8	5.508	7.65	0	4	5	
2019-05-03 01:30:00	57.40347	17.95677	12	48	0	1	350	0.009	13.3	8	5.472	7.65	0	4	5	
2019-05-03 01:40:00	57.40044	17.94819	11	49	0	1	350	0.009	13.3	7	5.51	7.66	0	4	5	
2019-05-03 01:50:00	57.39594	17.93772	12	50	0	1	350	0.009	13.3	7	5.721	7.7	0	4	5	
2019-05-03 02:00:00	57.39201	17.92644	11	51	0	1	350	0.009	13.3	7	5.771	7.7	0	4	5	
2019-05-03 02:10:00	57.38805	17.93238	13	52	0	1	360	0.009	13.3	7	5.845	7.72	0	4	5	
2019-05-03 02:20:00	57.38523	17.94093	12	53	0	1	360	0.009	13.3	7	5.859	7.73	0	4	5	
2019-05-03 02:30:00	57.38112	17.94897	12	54	0	1	350	0.009	13.3	7	5.932	7.75	0	4	5	
2019-05-03 02:40:00	57.37818	17.95818	12	55	0	1	350	0.009	13.3	7	6.026	7.77	0	4	5	
2019-05-03 02:50:00	57.37464	17.96631	12	56	0	1	350	0.009	13.3	7	6.255	7.83	0	4	5	
2019-05-03 03:00:00	57.37143	17.97537	12	57	0	1	350	0.009	13.3	7	6.318	7.84	0	4	5	
2019-05-03 03:10:00	57.36753	17.96928	12	58	0	2	350	0.009	13.3	7	6.337	7.84	0	4	5	
2019-05-03 03:20:00	57.36288	17.96067	41	59	0	1	380	0.009	13.3	8	6.268	7.83	0	4	5	
2019-05-03 03:30:00	57.35817	17.95416	11	0	0	2	350	0.009	13.3	8	6.054	7.78	0	4	5	
2019-05-03 03:40:00	57.35535	17.96013	12	1	0	1	360	0.011	13.3	8	6.108	7.79	0	4	5	
2019-05-03 03:50:00	57.35229	17.9685	12	2	0	1	350	0.011	13.3	7	6.114	7.8	0	4	5	
2019-05-03 04:00:00	57.34878	17.97579	11	3	0	3	350	0.009	13.3	8	6.191	7.82	0	4	5	
2019-05-03 04:10:00	57.34482	17.97348	11	4	0	1	350	0.009	13.3	7	6.274	7.84	0	4	5	
2019-05-03 04:30:00	57.33681	17.9646	12	6	0		350	0.009	13.3	8	6.273	7.85	0	4	5	
2019-05-03 04:40:00	57.33237	17.95977	11	7	0	2	350	0.009	13.3	7	6.281	7.85	0	4	5	
2019-05-03 04:50:00	57.32745	17.95515	12	8	0	2	350	0.009	13.3	7	6.258	7.84	0	4	5	
2019-05-03 05:00:00	57.32262	17.95125	12	9	0	1	350	0.009	13.3	8	6.232	7.84	0	4	5	
2019-05-03 05:10:00	57.32232	17.95881	12	10	0	1	350	0.009	13.3	7	6.24	7.84	0	4	5	
2019-05-03 05:20:00	57.32253	17.96658	12	11	0	1	350	0.009	13.4	8	6.262	7.84	0	4	5	
2019-05-03 05:30:00	57.3213	17.97429	12	12	0	1	60	0.009	13.4	8	6.374	7.86	1	4	0	
2019-05-03 05:40:00	57.31902	17.97096	13	13	0	1	360	0.009	13.3	7	6.389	7.86	0	4	5	
2019-05-03 05:50:00	57.31743	17.96697	12	14	0	1	360	0.009	13.4	8	6.367	7.86	0	4	5	
2019-05-03 06:00:00	57.3162	17.96328	40	15	0	1	380	0.009	13.4	8	6.267	7.84	0	4	5	
2019-05-03 06:10:00	57.31809	17.96619	12	16	0	1	350	0.009	13.4	8	6.313	7.85	0	4	5	
2019-05-03 06:20:00	57.32103	17.96913	12	17	0	1	360	0.009	13.4	8	6.404	7.87	0	4	5	
2019-05-03 06:30:00	57.324	17.97102	14	18	0	1	360	0.009	13.4	8	6.388	7.86	0	4	5	
2019-05-03 06:40:00	57.32262	17.96973	12	19	0	1	350	0.009	13.4	8	6.408	7.87	0	4	5	
2019-05-03 06:50:00	57.32001	17.96937	12	20	0	1	350	0.009	13.4	8	6.4	7.87	0	4	5	
2019-05-03 07:00:00	57.31689	17.97447	13	21	0	1	360	0.009	13.4	8	6.474	7.88	0	4	5	
2019-05-03 07:10:00	57.31533	17.98023	12	22	0	1	350	0.009	13.4	8	6.511	7.89	0	4	5	
2019-05-03 07:20:00	57.31191	17.98647	12	23	0	3	350	0.009	13.4	8	6.503	7.88	0	4	5	
2019-05-03 07:30:00	57.30879	17.99418	12	24	0	1	350	0.009	13.4	8	6.499	7.88	0	4	5	
2019-05-03 07:40:00	57.30639	18.00333	12	25	0	1	360	0.009	13.4	8	6.45	7.87	0	4	5	
2019-05-03 07:50:00	57.30381	18.01227	12	26	0	1	350	0.011	13.4	8	6.509	7.88	0	4	5	
2019-05-03 08:00:00	57.30057	18.02181	41	27	1	2	50	0.009	13.4	8	6.639	7.91	9		0	
2019-05-03 08:10:00	57.29769	18.02994	12	28	0	1	20	0.009	13.4	7	6.801	7.94	9		0	
2019-05-03 08:30:00	57.29352	18.04824	11	30	0		20	0.009	13.5	7	6.499	7.88	9		0	
2019-05-03 08:40:00	57.29088	18.05139	12	31	0	1	20	0.009	13.4	7	7	7.98	9		0	
2019-05-03 08:50:00	57.29052	18.05142	11	32	0	1	20	0.009	13.6	7	7.022	7.99	9		0	
2019-05-03 09:00:00	57.2916	18.0513	11	33	0	1	20	0.009	13.5	7	6.985	7.98	9		0	
2019-05-03 09:10:00	57.29106	18.05253	11	34	1	1	360	0.009	13.4	8	7.019	7.99	0	4	5	
2019-05-03 09:20:00	57.29208	18.05214	12	35	0	1	360	0.009	13.4	8	6.989	7.98	0	4	5	
2019-05-03 09:30:00	57.28926	18.05106	14	36	0	1	360	0.009	13.4	8	6.969	7.97	0	4	5	
2019-05-03 09:40:00	57.28896	18.05196	41	37	0	1	380	0.009	13.4	9	7.036	7.99	0	4	5	
2019-05-03 09:50:00	57.28881	18.05331	11	38	0	1	350	0.009	13.4	9	7.066	8	0	4	5	
2019-05-03 10:00:00	57.28845	18.05481	11	39	0	1	350	0.009	13.4	9	7.099	8.01	0	4	5	
2019-05-03 10:30:00	57.2811	18.05352	12	42	0		350	0.009	13.4	9	7.111	8.01	0	4	5	
2019-05-03 10:40:00	57.27867	18.05415	12	43	0	1	350	0.009	13.4	9	7.08	8	0	4	5	
2019-05-03 10:50:00	57.27663	18.05496	12	44	0	1	350	0.009	13.4	9	7.087	8	0	4	5	
2019-05-03 11:00:00	57.27429	18.05676	12	45	0	1	60	0.011	13.5	9	7.083	8	1	4	0	
2019-05-03 11:10:00	57.2721	18.05847	12	46	0	2	350	0.009	13.4	8	7.073	8	0	4	5	
2019-05-03 11:20:00	57.26913	18.05949	12	47	0	1	360	0.009	13.4	9	7.008	7.98	0	4	5	
2019-05-03 11:30:00	57.26523	18.0594	12	48	0	1	350	0.011	13.5	9	6.652	7.92	0	4	5	
2019-05-03 11:40:00	57.26268	18.0603	12	49	0	1	350	0.009	13.5	9	6.661	7.92	0	4	5	
2019-05-03 11:50:00	57.261	18.06174	12	50	0	1	350	0.009	13.6	9	6.963	7.98	0	4	5	
2019-05-03 12:00:00	57.2583	18.06432	40	51	0	1	380	0.009	13.6	9	7.104	8.01	0	4	5	
2019-05-03 12:10:00	57.25521	18.0672	12	52	0	1	350	0.009	13.6	9	7.152	8.02	0	4	5	
2019-05-03 12:20:00	57.25191	18.07065	12	53	0	1	350	0.009	13.6	9	7.116	8	0	4	5	
2019-05-03 12:30:00	57.2481	18.07491	12	54	0	1	360	0.009	13.7	9	7.272	8.04	0	4	5	
2019-05-03 12:40:00	57.24414	18.07779	12	55	0	1	350	0.009	13.8	9	7.319	8.06	0	4	5	
2019-05-03 12:50:00	57.24057	18.08097	12	56	0	1	350	0.009	13.9	9	7.295	8.05	0	4	5	
2019-05-03 13:00:00	57.23727	18.08451	12	57	0	1	360	0.009	14	9	7.315	8.05	0	4	5	
2019-05-03 13:10:00	57.2391	18.07962	12	58	0	1	350	0.009	13.8	10	7.297	8.05	0	4	5	
2019-05-03 13:20:00	57.24015	18.07221	12	59	0	1	360	0.009	13.8	10	7.252	8.04	0	4	5	
2019-05-03 13:30:00	57.24156	18.06435	12	0	0	1	350	0.009	13.9	10	7.076	8	0	4	5	
2019-05-03 13:40:00	57.24267	18.05796	12	1	0	1	350	0.009	13.9	10	7.082	8	0	4	5	
2019-05-03 13:50:00	57.24363	18.05202	12	2	0	1	350	0.009	13.9	9	7.124	8.01	0	4	5	
2019-05-03 14:00:00	57.24438	18.04473	39	3	0	1	380	0.009	13.9	10	6.881	7.96	0	4	5	
2019-05-03 14:10:00	57.24477	18.03786	11	4	0	2	350	0.009	13.9	10	6.89	7.96	0	4	5	
2019-05-03 14:20:00	57.24456	18.03069	11	5	0	1	360	0.009	13.9	9	6.868	7.96	0	4	5	
2019-05-03 14:30:00	57.24468	18.02256	12	6	0	1	350	0.009	14	9	6.718	7.93	0	4	5	
2019-05-03 14:40:00	57.24918	18.01794	12	7	0	1	350	0.009	14	9	6.666	7.92	0	4	5	
2019-05-03 14:50:00	57.24756	18.02289	12	8	0	1	350	0.009	14	9	6.673	7.92	0	4	5	
2019-05-03 15:00:00	57.2454	18.02895	12	9	0	1	350	0.009	14	9	6.782	7.94	0	4	5	
2019-05-03 15:10:00	57.24534	18.02226	12	10	0	1	350	0.009	14	9	6.666	7.92	0	4	5	
2019-05-03 15:20:00	57.24699	18.01449	41	11	0	1	380	0.009	13.9	9	6.677	7.92	0	4	5	
2019-05-03 15:30:00	57.24429	18.01938	11	12	0	1	350	0.009	14.1	9	6.689	7.92	0	4	5	
2019-05-03 15:40:00	57.2409	18.02334	13	13	0	2	360	0.009	14	9	6.702	7.93	0	4	5	
2019-05-03 15:50:00	57.23796	18.02856	13	14	0	1	360	0.009	14.1	9	6.833	7.95	0	4	5	
2019-05-03 16:00:00	57.23379	18.03345	12	15	0	1	360	0.009	14.1	9	6.874	7.96	0	4	5	
2019-05-03 16:10:00	57.23628	18.02865	12	16	0	1	350	0.009	14.1	9	6.827	7.95	0	4	5	
2019-05-03 16:20:00	57.23838	18.02214	41	17	0	1	380	0.009	14	9	6.69	7.92	0	4	5	
2019-05-03 16:30:00	57.23514	18.02664	12	18	0	1	350	0.009	13.9	9	6.824	7.95	0	4	5	
2019-05-03 16:40:00	57.23112	18.03135	11	19	0	1	350	0.009	13.9	9	6.843	7.95	0	4	5	
2019-05-03 16:50:00	57.22833	18.03594	11	20	0	1	350	0.009	13.8	9	6.856	7.96	0	4	5	
2019-05-03 17:00:00	57.22452	18.04254	12	21	0	1	350	0.009	13.7	9	6.841	7.95	0	4	5	
2019-05-03 17:20:00	57.21567	18.05253	11	23	0		350	0.009	13.6	9	7.017	7.99	0	4	5	
2019-05-03 17:30:00	57.21675	18.04635	12	24	0	1	350	0.009	13.6	9	6.875	7.96	0	4	5	
2019-05-03 17:40:00	57.21819	18.03801	11	25	0	1	350	0.009	13.5	9	6.837	7.95	0	4	5	
2019-05-03 17:50:00	57.21957	18.03087	11	26	0	1	350	0.009	13.5	9	6.824	7.95	0	4	5	
2019-05-03 18:00:00	57.22152	18.02517	11	27	0	1	350	0.009	13.5	9	6.796	7.94	0	4	5	
2019-05-03 18:10:00	57.22461	18.02019	11	28	0	1	350	0.009	13.4	9	6.711	7.92	0	4	5	
2019-05-03 18:20:00	57.22746	18.01572	12	29	0	1	350	0.009	13.4	8	6.648	7.91	0	4	5	
2019-05-03 18:30:00	57.22968	18.01092	12	30	0	1	350	0.009	13.4	9	6.583	7.9	0	4	5	
2019-05-03 18:40:00	57.23157	18.00714	12	31	0	1	350	0.009	13.4	8	6.605	7.91	0	4	5	
2019-05-03 18:50:00	57.23082	18.00981	39	32	0	1	380	0.009	13.4	9	6.592	7.9	0	4	5	
2019-05-03 19:00:00	57.22962	18.01299	11	33	0	1	350	0.009	13.4	8	6.6	7.9	0	4	5	
2019-05-03 19:10:00	57.22764	18.01689	12	34	0	1	350	0.009	13.3	8	6.66	7.91	0	4	5	
2019-05-03 19:20:00	57.22593	18.02073	12	35	0	1	360	0.009	13.3	8	6.706	7.92	0	4	5	
2019-05-03 19:30:00	57.22434	18.0252	12	36	0	1	360	0.009	13.3	8	6.742	7.93	0	4	5	
2019-05-03 19:40:00	57.22152	18.03093	12	37	0	1	350	0.009	13.3	8	6.778	7.94	0	4	5	
2019-05-03 19:50:00	57.21714	18.03606	12	38	0	1	350	0.009	13.3	8	6.76	7.93	0	4	5	
2019-05-03 20:00:00	57.21387	18.04008	12	39	0	1	360	0.009	13.3	8	6.769	7.94	0	4	5	
2019-05-03 20:10:00	57.21174	18.04587	12	40	0	1	350	0.009	13.3	8	6.864	7.96	0	4	5	
2019-05-03 20:20:00	57.20985	18.05112	12	41	0	1	350	0.009	13.3	8	6.95	7.98	0	4	5	
2019-05-03 20:30:00	57.20781	18.05658	13	42	0	1	60	0.009	13.3	8	7.025	7.99	1	4	0	
2019-05-03 20:40:00	57.20571	18.06066	12	43	0	1	350	0.009	13.3	8	6.988	7.99	0	4	5	
2019-05-03 20:50:00	57.20334	18.06543	12	44	0	2	350	0.009	13.3	8	6.991	7.99	0	4	5	
2019-05-03 21:00:00	57.20106	18.0708	12	45	0	1	350	0.009	13.3	8	6.902	7.97	0	4	5	
2019-05-03 21:10:00	57.19869	18.07593	12	46	0	1	350	0.009	13.3	8	7.067	8	0	4	5	
2019-05-03 21:20:00	57.19632	18.0795	13	47	0	1	350	0.009	13.3	8	7.11	8.01	0	4	5	
2019-05-03 21:30:00	57.19383	18.08394	41	48	0	1	380	0.009	13.3	9	6.962	7.98	0	4	5	
2019-05-03 21:40:00	57.192	18.0882	11	49	0	1	350	0.009	13.3	9	6.936	7.97	0	4	5	
2019-05-03 21:50:00	57.19455	18.08502	11	50	0	1	350	0.009	13.3	8	6.958	7.98	0	4	5	
2019-05-03 22:00:00	57.1974	18.08079	12	51	0	1	350	0.009	13.3	8	7.138	8.01	0	4	5	
2019-05-03 22:10:00	57.19986	18.0777	12	52	0	1	350	0.009	13.3	8	7.083	8	0	4	5	
2019-05-03 22:20:00	57.20277	18.07425	12	53	0	1	350	0.009	13.3	8	6.878	7.96	0	4	5	
2019-05-03 22:30:00	57.20562	18.07026	13	54	0	1	360	0.009	13.3	9	6.881	7.96	0	4	5	
2019-05-03 22:40:00	57.2088	18.06723	12	55	0	1	360	0.011	13.3	8	6.909	7.97	0	4	5	
2019-05-03 22:50:00	57.21156	18.06411	12	56	0	2	350	0.009	13.3	9	7.003	7.99	0	4	5	
2019-05-03 23:00:00	57.2136	18.05994	12	57	0	1	350	0.009	13.3	8	7.036	8	0	4	5	
2019-05-03 23:10:00	57.21576	18.05604	12	58	0	1	350	0.009	13.3	8	7.035	7.99	0	4	5	
2019-05-03 23:20:00	57.21801	18.05097	13	59	0	1	360	0.009	13.3	8	7.078	8	0	4	5	
2019-05-03 23:30:00	57.22032	18.04611	12	0	0	1	360	0.009	13.3	8	6.919	7.97	0	4	5	
2019-05-03 23:40:00	57.22257	18.0417	12	1	0	1	360	0.009	13.3	8	6.746	7.93	0	4	5	
2019-05-03 23:50:00	57.22449	18.03699	15	2	0	1	360	0.009	13.3	8	6.654	7.92	0	4	5	
2019-05-04 00:00:00	57.22599	18.03246	40	3	0	1	380	0.009	13.3	9	6.618	7.91	0	4	5	
2019-05-04 00:10:00	57.22344	18.0354	12	4	0	1	350	0.009	13.3	8	6.636	7.91	0	4	5	
2019-05-04 00:20:00	57.22002	18.03762	12	5	0	1	350	0.009	13.3	8	6.676	7.92	0	4	5	
2019-05-04 00:30:00	57.21708	18.03951	12	6	0	1	360	0.009	13.3	8	6.757	7.93	0	4	5	
2019-05-04 00:40:00	57.21414	18.04173	13	7	0	1	360	0.009	13.3	8	6.857	7.95	0	4	5	
2019-05-04 00:50:00	57.21162	18.04395	12	8	0	1	60	0.009	13.3	8	6.862	7.95	1	4	0	
2019-05-04 01:00:00	57.2091	18.04629	12	9	0	2	350	0.009	13.3	8	6.911	7.97	0	4	5	
2019-05-04 01:10:00	57.21081	18.04425	12	10	0	2	360	0.009	13.3	8	6.879	7.96	0	4	5	
2019-05-04 01:20:00	57.21228	18.04089	15	11	0	1	360	0.009	13.3	8	6.847	7.95	0	4	5	
2019-05-04 01:30:00	57.21324	18.03696	41	12	0	2	380	0.009	13.3	9	6.748	7.93	0	4	5	
2019-05-04 01:40:00	57.21171	18.03942	11	13	0	1	350	0.009	13.3	8	6.832	7.95	0	4	5	
2019-05-04 01:50:00	57.21009	18.04182	13	14	0	1	360	0.009	13.3	8	6.854	7.95	0	4	5	
2019-05-04 02:00:00	57.20868	18.04389	12	15	0	1	350	0.009	13.3	8	6.91	7.96	0	4	5	
2019-05-04 02:10:00	57.20895	18.04236	12	16	0	1	350	0.009	13.3	8	6.911	7.96	0	4	5	
2019-05-04 02:20:00	57.20922	18.04005	12	17	0	1	350	0.009	13.3	8	6.829	7.95	0	4	5	
2019-05-04 02:30:00	57.20952	18.0381	17	18	0	1	360	0.009	13.3	8	6.819	7.95	0	4	5	
2019-05-04 02:40:00	57.20964	18.03585	12	19	0	1	350	0.009	13.3	8	6.75	7.93	0	4	5	
2019-05-04 02:50:00	57.20955	18.0351	13	20	0	2	360	0.009	13.3	8	6.7	7.92	0	4	5	
2019-05-04 03:00:00	57.2091	18.0348	12	21	0	1	360	0.009	13.3	8	6.732	7.93	0	4	5	
2019-05-04 03:10:00	57.20859	18.03399	41	22	0	1	380	0.009	13.3	8	6.705	7.92	0	4	5	
2019-05-04 03:20:00	57.20766	18.03207	11	23	0	1	360	0.009	13.3	8	6.648	7.91	0	4	5	
2019-05-04 03:30:00	57.20493	18.02976	11	24	0	1	350	0.009	13.3	8	6.645	7.91	0	4	5	
2019-05-04 03:40:00	57.20115	18.02814	11	25	0	1	350	0.009	13.3	8	6.714	7.93	0	4	5	
2019-05-04 03:50:00	57.1965	18.0264	11	26	0	1	350	0.009	13.3	8	6.777	7.94	0	4	5	
2019-05-04 04:00:00	57.19248	18.02424	12	27	0	1	360	0.009	13.3	8	6.657	7.91	0	4	5	
2019-05-04 04:10:00	57.19158	18.0198	12	28	0	1	350	0.009	13.3	8	6.626	7.9	0	4	5	
2019-05-04 04:20:00	57.19452	18.01533	12	29	0	1	350	0.009	13.3	8	6.639	7.91	0	4	5	
2019-05-04 04:30:00	57.19629	18.01935	12	30	0	1	360	0.009	13.3	8	6.65	7.91	0	4	5	
2019-05-04 04:40:00	57.19293	18.02223	12	31	0	1	350	0.009	13.3	8	6.721	7.92	0	4	5	
2019-05-04 04:50:00	57.19011	18.02472	15	32	0	1	360	0.009	13.3	8	6.668	7.91	0	4	5	
2019-05-04 05:00:00	57.1884	18.02691	13	33	0	1	360	0.009	13.3	8	6.653	7.91	0	4	5	
2019-05-04 05:10:00	57.18672	18.02811	12	34	0	1	60	0.009	13.3	8	6.657	7.91	1	4	0	
2019-05-04 05:20:00	57.18519	18.02892	41	35	0	1	380	0.009	13.3	8	6.661	7.91	0	4	5	
2019-05-04 05:30:00	57.18381	18.02988	12	36	0	2	350	0.009	13.3	8	6.671	7.92	0	4	5	
2019-05-04 05:40:00	57.18273	18.03066	12	37	0	1	360	0.009	13.3	8	6.687	7.92	0	4	5	
2019-05-04 05:50:00	57.18096	18.03138	12	38	0	1	350	0.009	13.4	8	6.718	7.92	0	4	5	
2019-05-04 06:00:00	57.17718	18.03171	12	39	0	1	350	0.009	13.4	8	6.889	7.96	0	4	5	
2019-05-04 06:10:00	57.17343	18.03246	11	40	0	1	350	0.009	13.4	8	6.776	7.94	0	4	5	
2019-05-04 06:20:00	57.17064	18.0327	12	41	0	1	360	0.009	13.4	8	6.661	7.91	0	4	5	
2019-05-04 06:30:00	57.16782	18.03312	12	42	0	1	360	0.009	13.5	8	6.709	7.92	0	4	5	
2019-05-04 06:40:00	57.16509	18.03297	13	43	0	1	360	0.009	13.4	8	6.7	7.92	0	4	5	
2019-05-04 06:50:00	57.16278	18.03303	41	44	0	1	380	0.009	13.5	9	6.689	7.91	0	4	5	
2019-05-04 07:00:00	57.16059	18.0327	11	45	0	1	350	0.009	13.5	9	6.659	7.91	0	4	5	
2019-05-04 07:10:00	57.15843	18.03282	11	46	0	1	350	0.009	13.4	9	6.675	7.91	0	4	5	
2019-05-04 07:20:00	57.15666	18.03273	11	47	0	1	350	0.011	13.5	9	6.683	7.91	0	4	5	
2019-05-04 07:30:00	57.1545	18.03333	11	48	0	2	350	0.009	13.4	9	6.664	7.9	0	4	5	
2019-05-04 07:40:00	57.15246	18.03408	11	49	0	1	350	0.009	13.4	9	6.681	7.91	0	4	5	
2019-05-04 07:50:00	57.15042	18.03504	12	50	0	1	350	0.009	13.4	9	6.666	7.9	0	4	5	
2019-05-04 08:00:00	57.14829	18.03666	12	51	0	1	350	0.009	13.4	9	6.623	7.89	0	4	5	
2019-05-04 08:10:00	57.14694	18.03864	11	52	0	2	350	0.009	13.4	8	6.665	7.9	0	4	5	
2019-05-04 08:20:00	57.14517	18.04032	11	53	0	1	360	0.009	13.4	8	6.676	7.9	0	4	5	
2019-05-04 08:30:00	57.14292	18.04356	11	54	0	1	350	0.009	13.4	8	6.716	7.91	0	4	5	
2019-05-04 08:40:00	57.14442	18.04179	12	55	0	1	350	0.009	13.5	8	6.718	7.91	0	4	5	
2019-05-04 08:50:00	57.1461	18.03825	12	56	0	2	350	0.009	13.6	9	6.699	7.91	0	4	5	
2019-05-04 09:00:00	57.14817	18.03492	12	57	0	1	360	0.009	13.6	9	6.719	7.91	0	4	5	
2019-05-04 09:10:00	57.14694	18.03819	12	58	0	1	360	0.009	13.4	9	6.728	7.91	0	4	5	
2019-05-04 09:20:00	57.14493	18.04173	12	59	0	1	350	0.009	13.5	9	6.765	7.92	0	4	5	
2019-05-04 09:30:00	57.14301	18.04446	12	0	0	1	350	0.009	13.4	9	6.756	7.92	0	4	5	
2019-05-04 09:40:00	57.14439	18.04245	13	1	0	1	360	0.009	13.6	9	6.779	7.92	0	4	5	
2019-05-04 09:50:00	57.14625	18.03882	13	2	0	2	360	0.009	13.6	9	6.782	7.93	0	4	5	
2019-05-04 10:00:00	57.14778	18.036	40	3	0	1	380	0.009	13.7	10	6.775	7.93	0	4	5	
2019-05-04 10:10:00	57.14934	18.03339	12	4	0	1	350	0.009	13.8	10	6.817	7.94	0	4	5	
2019-05-04 10:20:00	57.15171	18.02823	12	5	0	3	360	0.009	13.8	10	6.889	7.96	0	4	5	
2019-05-04 10:30:00	57.15321	18.02232	12	6	0	1	360	0.009	13.9	10	6.864	7.96	0	4	5	
2019-05-04 10:40:00	57.15123	18.02532	13	7	0	1	360	0.009	13.9	10	6.897	7.96	0	4	5	
2019-05-04 10:50:00	57.14898	18.0279	13	8	0	1	360	0.009	13.9	10	6.849	7.95	0	4	5	
2019-05-04 11:00:00	57.14727	18.03012	39	9	0	1	380	0.009	13.9	10	6.75	7.92	0	4	5	
2019-05-04 11:10:00	57.14565	18.03291	11	10	0	1	350	0.009	13.9	10	6.829	7.94	0	4	5	
2019-05-04 11:20:00	57.14382	18.03561	11	11	0	1	350	0.009	13.9	10	6.824	7.94	0	4	5	
2019-05-04 11:30:00	57.14181	18.03939	12	12	0	1	350	0.009	13.9	10	6.855	7.94	0	4	5	
2019-05-04 11:40:00	57.14355	18.03774	11	13	0	1	350	0.009	13.9	10	6.889	7.95	0	4	5	
2019-05-04 11:50:00	57.14556	18.03468	12	14	0	1	360	0.009	13.9	10	6.888	7.95	0	4	5	
2019-05-04 12:00:00	57.14742	18.03177	11	15	0	1	350	0.009	13.9	10	6.933	7.97	0	4	5	
2019-05-04 12:10:00	57.14559	18.0336	11	16	0	1	350	0.009	13.9	10	6.892	7.95	0	4	5	
2019-05-04 12:20:00	57.14379	18.03492	11	17	0	1	350	0.009	13.9	10	6.885	7.95	0	4	5	
2019-05-04 12:30:00	57.14139	18.0357	11	18	0	1	350	0.009	14	10	6.944	7.96	0	4	5	
2019-05-04 12:40:00	57.1389	18.03534	11	19	0	1	350	0.009	14.1	10	6.902	7.95	0	4	5	
2019-05-04 12:50:00	57.13656	18.03444	11	20	0	1	350	0.009	14	10	6.929	7.96	0	4	5	
2019-05-04 13:00:00	57.13434	18.03333	11	21	0	1	350	0.009	14	10	6.975	7.97	0	4	5	
2019-05-04 13:10:00	57.13161	18.03096	12	22	0	1	350	0.009	14.1	10	6.964	7.97	0	4	5	
2019-05-04 13:20:00	57.1287	18.02778	12	23	0	1	350	0.009	14.1	9	6.923	7.96	0	4	5	
2019-05-04 13:30:00	57.12549	18.02418	12	24	0	2	350	0.009	14	9	6.878	7.96	0	4	5	
2019-05-04 13:40:00	57.12282	18.02115	12	25	0	1	350	0.009	14	9	6.865	7.95	0	4	5	
2019-05-04 13:50:00	57.12024	18.01722	12	26	0	1	360	0.009	14	9	6.814	7.94	0	4	5	
2019-05-04 14:00:00	57.11793	18.01281	41	27	0	1	390	0.009	14	10	6.72	7.92	0	4	5	
2019-05-04 14:10:00	57.11583	18.0075	13	28	0	1	360	0.009	14.1	9	6.793	7.94	0	4	5	
2019-05-04 14:20:00	57.11322	18.00177	15	29	0	1	360	0.009	14.1	9	6.672	7.91	0	4	5	
2019-05-04 14:30:00	57.11013	17.9952	41	30	0	1	380	0.009	14.1	9	6.621	7.9	0	4	5	
2019-05-04 14:40:00	57.10782	17.98962	12	31	0	1	350	0.009	13.9	9	6.459	7.87	0	4	5	
2019-05-04 14:50:00	57.10578	17.98383	12	32	0	1	350	0.009	13.8	9	6.612	7.9	0	4	5	
2019-05-04 15:00:00	57.10428	17.97846	12	33	0	1	350	0.009	13.7	9	6.586	7.89	0	4	5	
2019-05-04 15:10:00	57.10308	17.97324	14	34	0	1	360	0.009	13.7	9	6.522	7.88	0	4	5	
2019-05-04 15:20:00	57.10146	17.96781	13	35	0	1	360	0.009	13.7	8	6.633	7.9	0	4	5	
2019-05-04 15:30:00	57.10008	17.9628	12	36	0	1	360	0.009	13.6	8	6.652	7.9	0	4	5	
2019-05-04 15:40:00	57.09555	17.9574	12	37	0	1	360	0.009	13.7	8	6.979	7.97	0	4	5	
2019-05-04 15:50:00	57.09054	17.95161	12	38	0	1	350	0.009	13.9	8	6.978	7.97	0	4	5	
2019-05-04 16:00:00	57.08586	17.94468	12	39	0	1	360	0.009	13.9	8	6.993	7.97	0	4	5	
2019-05-04 16:10:00	57.08163	17.93895	13	40	0	1	360	0.009	13.9	8	6.993	7.97	0	4	5	
2019-05-04 16:20:00	57.07779	17.9316	12	41	0	1	350	0.009	13.9	8	6.998	7.97	0	4	5	
2019-05-04 16:30:00	57.07458	17.9232	12	42	0	1	360	0.009	14	8	6.931	7.96	0	4	5	
2019-05-04 16:40:00	57.07155	17.92719	41	43	0	1	380	0.009	14.1	9	6.924	7.96	0	4	5	
2019-05-04 16:50:00	57.06828	17.93019	11	44	0	1	350	0.009	14.1	8	6.936	7.96	0	4	5	
2019-05-04 17:00:00	57.06552	17.93394	11	45	0	1	350	0.009	14.1	8	6.959	7.97	0	4	5	
2019-05-04 17:10:00	57.06159	17.93712	11	46	0	1	350	0.009	14.1	8	6.963	7.97	0	4	5	
2019-05-04 17:20:00	57.05898	17.94279	11	47	0	1	360	0.009	14.1	8	6.976	7.97	0	4	5	
2019-05-04 17:30:00	57.05607	17.94867	11	48	0	2	350	0.009	14	8	7.017	7.97	0	4	5	
2019-05-04 17:40:00	57.05331	17.9544	11	49	0	1	350	0.009	13.9	8	7.012	7.97	0	4	5	
2019-05-04 17:50:00	57.05079	17.96115	11	50	0	1	350	0.009	13.8	8	7.027	7.98	0	4	5	
2019-05-04 18:00:00	57.04839	17.96955	12	51	0	1	350	0.009	13.7	8	7.027	7.98	0	4	5	
2019-05-04 18:10:00	57.04299	17.96721	13	52	0	1	350	0.009	13.6	8	7.043	7.98	0	4	5	
2019-05-04 18:20:00	57.03705	17.96397	33	53	0	1	380	0.009	13.6	8	7.057	7.99	0	4	5	
2019-05-04 18:30:00	57.03168	17.96115	11	54	0	1	350	0.009	13.5	8	7.089	7.99	0	4	5	
2019-05-04 18:40:00	57.02595	17.95833	11	55	0	1	350	0.009	13.5	8	7.116	8	0	4	5	
2019-05-04 18:50:00	57.02034	17.95563	11	56	0	1	350	0.009	13.5	8	7.05	7.99	0	4	5	
2019-05-04 19:00:00	57.01506	17.95287	11	57	0	1	350	0.009	13.4	8	7.156	8.02	0	4	5	
2019-05-04 19:10:00	57.0102	17.94927	12	58	0	1	350	0.009	13.4	8	7.13	8.02	0	4	5	
2019-05-04 19:20:00	57.00558	17.9463	12	59	0	1	350	0.009	13.4	8	7.126	8.02	0	4	5	
2019-05-04 19:30:00	57.00096	17.94462	12	0	0	3	350	0.009	13.4	8	7.144	8.01	0	4	5	
2019-05-04 19:40:00	56.99946	17.9508	12	1	0	1	350	0.009	13.4	8	7.211	8.02	0	4	5	
2019-05-04 19:50:00	56.99736	17.95824	12	2	0	1	360	0.009	13.4	8	7.319	8.04	0	4	5	
2019-05-04 20:00:00	56.99532	17.96457	12	3	0	1	350	0.009	13.3	8	7.255	8.02	0	4	5	
2019-05-04 20:10:00	56.99088	17.9646	12	4	0	2	350	0.009	13.3	8	7.295	8.03	0	4	5	
2019-05-04 20:20:00	56.98581	17.96256	12	5	0	1	360	0.009	13.3	8	7.339	8.04	0	4	5	
2019-05-04 20:30:00	56.98086	17.95989	12	6	0	1	350	0.009	13.3	8	7.387	8.05	0	4	5	
2019-05-04 20:40:00	56.97606	17.95731	12	7	0	1	350	0.009	13.3	8	7.447	8.07	0	4	5	
2019-05-04 20:50:00	56.97126	17.95494	12	8	0	1	350	0.009	13.3	8	7.481	8.07	0	4	5	
2019-05-04 21:00:00	56.96652	17.95353	12	9	0	1	350	0.009	13.3	8	7.419	8.07	0	4	5	
2019-05-04 21:10:00	56.9619	17.95164	12	10	0	1	350	0.009	13.3	8	7.304	8.04	0	4	5	
2019-05-04 21:20:00	56.95743	17.9499	12	11	0	1	350	0.009	13.3	8	7.135	8.01	0	4	5	
2019-05-04 21:40:00	56.94879	17.9466	13	13	0		360	0.009	13.3	8	6.819	7.94	0	4	5	
2019-05-04 21:50:00	56.94453	17.94666	12	14	0	3	360	0.009	13.3	8	6.768	7.93	0	4	5	
2019-05-04 22:00:00	56.93982	17.94675	40	15	0	1	380	0.009	13.3	8	6.697	7.93	0	4	5	
2019-05-04 22:10:00	56.93541	17.94639	12	16	0	1	350	0.009	13.3	7	6.582	7.91	0	4	5	
2019-05-04 22:20:00	56.93067	17.94585	11	17	0	1	350	0.009	13.3	7	6.302	7.87	0	4	5	
2019-05-04 22:30:00	56.92602	17.94552	11	18	0	1	350	0.009	13.3	7	6.05	7.83	0	4	5	
2019-05-04 22:40:00	56.92167	17.94618	11	19	0	1	350	0.009	13.3	7	6.004	7.82	0	4	5	
2019-05-04 22:50:00	56.91744	17.94684	12	20	0	1	350	0.009	13.3	7	5.991	7.8	0	4	5	
2019-05-04 23:00:00	56.91348	17.94822	12	21	0	1	350	0.009	13.3	7	5.985	7.8	0	4	5	
2019-05-04 23:10:00	56.90943	17.94888	13	22	0	1	360	0.009	13.3	7	5.966	7.79	0	4	5	
2019-05-04 23:20:00	56.9052	17.9496	13	23	0	1	360	0.009	13.3	7	5.995	7.79	0	4	5	
2019-05-04 23:30:00	56.90127	17.95353	12	24	0	1	360	0.009	13.3	7	5.977	7.79	0	4	5	
2019-05-04 23:40:00	56.89719	17.95596	12	25	0	1	350	0.009	13.3	7	6.013	7.8	0	4	5	
2019-05-04 23:50:00	56.89293	17.95785	12	26	0	1	350	0.009	13.3	7	6.002	7.8	0	4	5	
2019-05-05 00:00:00	56.88846	17.9592	13	27	0	1	360	0.009	13.3	7	6.046	7.81	0	4	5	
2019-05-05 00:20:00	56.88018	17.96397	12	29	0		350	0.009	13.3	7	6.09	7.83	0	4	5	
2019-05-05 00:30:00	56.87661	17.96736	13	30	0	3	360	0.011	13.3	7	6.484	7.92	0	4	5	
2019-05-05 00:40:00	56.87385	17.96496	41	31	0	1	390	0.009	13.3	7	6.493	7.92	0	4	5	
2019-05-05 00:50:00	56.87136	17.96229	12	32	0	1	350	0.009	13.3	7	6.423	7.91	0	4	5	
2019-05-05 01:00:00	56.86872	17.95956	12	33	0	1	350	0.009	13.3	7	6.402	7.91	0	4	5	
2019-05-05 01:10:00	56.87094	17.96043	12	34	0	2	360	0.009	13.3	7	6.411	7.91	0	4	5	
2019-05-05 01:20:00	56.87367	17.96058	12	35	0	2	350	0.009	13.3	7	6.394	7.91	0	4	5	
2019-05-05 01:30:00	56.87667	17.96106	12	36	0	1	350	0.009	13.3	7	6.086	7.83	0	4	5	
2019-05-05 01:40:00	56.87502	17.96052	12	37	0	1	350	0.009	13.3	7	6.389	7.9	0	4	5	
2019-05-05 01:50:00	56.87283	17.96013	11	38	0	1	350	0.009	13.3	7	6.426	7.91	0	4	5	
2019-05-05 02:00:00	56.8704	17.95818	11	39	0	1	350	0.009	13.3	7	6.462	7.92	0	4	5	
2019-05-05 02:10:00	56.86791	17.95644	12	40	0	1	350	0.009	13.3	7	6.428	7.92	0	4	5	
2019-05-05 02:20:00	56.86584	17.95551	12	41	0	1	350	0.009	13.3	8	6.468	7.92	0	4	5	
2019-05-05 02:30:00	56.86335	17.95521	12	42	0	1	350	0.009	13.3	7	6.448	7.93	0	4	5	
2019-05-05 02:40:00	56.86092	17.95464	12	43	0	1	360	0.009	13.3	7	6.429	7.92	0	4	5	
2019-05-05 02:50:00	56.85855	17.95461	12	44	0	1	360	0.009	13.3	7	6.39	7.92	0	4	5	
2019-05-05 03:00:00	56.85555	17.95641	12	45	0	1	350	0.009	13.3	7	6.27	7.9	0	4	5	
2019-05-05 03:10:00	56.85294	17.95737	12	46	0	2	350	0.009	13.3	8	6.276	7.9	0	4	5	
2019-05-05 03:20:00	56.85075	17.95794	12	47	0	1	350	0.009	13.3	8	6.304	7.91	0	4	5	
2019-05-05 03:40:00	56.84535	17.95995	11	49	0		350	0.009	13.3	8	6.368	7.93	0	4	5	
2019-05-05 03:50:00	56.84229	17.96145	12	50	0	2	350	0.009	13.3	8	6.331	7.93	0	4	5	
2019-05-05 04:00:00	56.83893	17.96307	12	51	0	3	360	0.009	13.3	8	6.279	7.92	0	4	5	
2019-05-05 04:10:00	56.83578	17.96457	13	52	0	1	360	0.009	13.3	8	6.272	7.91	0	4	5	
2019-05-05 04:20:00	56.83269	17.96583	14	53	0	1	360	0.009	13.4	8	6.264	7.9	0	4	5	
2019-05-05 04:30:00	56.82993	17.96715	41	54	0	1	380	0.009	13.4	8	6.256	7.9	0	4	5	
2019-05-05 04:40:00	56.83257	17.96604	12	55	0	1	350	0.009	13.4	8	6.262	7.9	0	4	5	
2019-05-05 05:00:00	56.83974	17.96196	11	57	0		350	0.009	13.4	8	6.326	7.93	0	4	5	
2019-05-05 05:10:00	56.84256	17.95941	12	58	0	2	350	0.009	13.4	8	6.346	7.93	0	4	5	
2019-05-05 05:20:00	56.84577	17.95803	12	59	0	1	350	0.009	13.4	8	6.334	7.92	0	4	5	
2019-05-05 05:30:00	56.84889	17.95686	12	0	0	1	350	0.009	13.4	8	6.237	7.89	0	4	5	
2019-05-05 05:40:00	56.84682	17.958	12	1	0	1	350	0.009	13.4	8	6.303	7.91	0	4	5	
2019-05-05 05:50:00	56.84337	17.95905	12	2	0	1	350	0.009	13.4	8	6.326	7.92	0	4	5	
2019-05-05 06:10:00	56.84244	17.96016	41	4	0		380	0.009	13.4	9	6.332	7.92	0	4	5	
2019-05-05 06:20:00	56.84433	17.95848	12	5	0	1	350	0.009	13.5	8	6.302	7.91	0	4	5	
2019-05-05 06:30:00	56.84652	17.95623	12	6	0	1	360	0.009	13.5	8	6.221	7.88	0	4	5	
2019-05-05 06:40:00	56.84427	17.95905	12	7	0	1	350	0.009	13.4	8	6.295	7.9	0	4	5	
2019-05-05 06:50:00	56.84139	17.9604	12	8	0	1	360	0.009	13.4	8	6.345	7.92	0	4	5	
2019-05-05 07:00:00	56.83854	17.96265	14	9	0	1	360	0.009	13.4	8	6.375	7.93	0	4	5	
2019-05-05 07:10:00	56.83554	17.96493	41	10	0	1	380	0.009	13.4	9	6.4	7.94	0	4	5	
2019-05-05 07:20:00	56.8329	17.96688	12	11	0	1	350	0.009	13.4	8	6.338	7.93	0	4	5	
2019-05-05 07:30:00	56.82975	17.96868	12	12	0	1	350	0.009	13.4	8	6.34	7.92	0	4	5	
2019-05-05 07:40:00	56.82672	17.97021	12	13	0	2	360	0.009	13.4	8	6.333	7.92	0	4	5	
2019-05-05 07:50:00	56.82369	17.97129	12	14	0	1	350	0.009	13.4	8	6.355	7.92	0	4	5	
2019-05-05 08:00:00	56.82102	17.97234	12	15	0	1	350	0.009	13.4	8	6.357	7.92	0	4	5	
2019-05-05 08:10:00	56.81823	17.9742	12	16	0	1	350	0.009	13.4	8	6.277	7.9	0	4	5	
2019-05-05 08:20:00	56.81529	17.97624	12	17	0	1	350	0.009	13.4	8	6.318	7.91	0	4	5	
2019-05-05 08:30:00	56.81232	17.97798	12	18	0	1	350	0.009	13.4	8	6.262	7.89	0	4	5	
2019-05-05 08:40:00	56.80965	17.9796	13	19	0	1	60	0.009	13.4	8	6.162	7.86	1	4	0	
2019-05-05 08:50:00	56.80689	17.98101	12	20	0	1	350	0.009	13.4	8	6.166	7.86	0	4	5	
2019-05-05 09:00:00	56.80413	17.98284	13	21	0	1	360	0.009	13.4	8	6.236	7.88	0	4	5	
2019-05-05 09:10:00	56.80182	17.98512	13	22	0	1	360	0.009	13.4	8	6.285	7.89	0	4	5	
2019-05-05 09:20:00	56.79894	17.98725	41	23	0	1	380	0.009	13.4	8	6.344	7.91	0	4	5	
2019-05-05 09:30:00	56.79645	17.9898	11	24	0	1	350	0.009	13.4	8	6.204	7.89	0	4	5	
2019-05-05 09:40:00	56.79423	17.99223	11	25	0	1	350	0.009	13.5	8	6.028	7.83	0	4	5	
2019-05-05 09:50:00	56.79198	17.99466	11	26	0	1	350	0.009	13.5	8	6.049	7.84	0	4	5	
2019-05-05 10:00:00	56.78961	17.99658	12	27	0	2	350	0.009	13.5	8	6.084	7.85	0	4	5	
2019-05-05 10:10:00	56.79141	17.99391	12	28	0	1	350	0.009	13.6	8	6.072	7.84	0	4	5	
2019-05-05 10:20:00	56.79384	17.98956	12	29	0	1	350	0.009	13.6	9	6.128	7.87	0	4	5	
2019-05-05 10:30:00	56.79564	17.98548	12	30	0	1	350	0.009	13.6	9	6.441	7.93	0	4	5	
2019-05-05 10:40:00	56.79738	17.9811	12	31	0	1	350	0.009	13.7	9	6.366	7.91	0	4	5	
2019-05-05 10:50:00	56.79918	17.97687	12	32	0	1	360	0.009	13.8	9	6.324	7.9	0	4	5	
2019-05-05 11:00:00	56.80152	17.97255	13	33	0	1	350	0.009	13.9	9	6.497	7.95	0	4	5	
2019-05-05 11:10:00	56.80302	17.96724	41	34	0	1	380	0.009	13.9	10	6.574	7.96	0	4	5	
2019-05-05 11:20:00	56.80485	17.96259	12	35	0	1	350	0.009	13.9	9	6.61	7.97	0	4	5	
2019-05-05 11:30:00	56.80662	17.95815	12	36	0	3	350	0.009	13.9	9	6.573	7.95	0	4	5	
2019-05-05 11:40:00	56.80785	17.95458	12	37	0	1	350	0.009	13.9	9	6.499	7.89	0	4	5	
2019-05-05 11:50:00	56.80914	17.95008	13	38	0	1	360	0.009	13.9	9	6.343	7.84	0	4	5	
2019-05-05 12:00:00	56.81043	17.94513	41	39	0	1	380	0.009	13.9	10	6.245	7.79	0	4	5	
2019-05-05 12:10:00	56.81172	17.94057	12	40	0	1	360	0.009	13.9	9	6.193	7.77	0	4	5	
2019-05-05 12:20:00	56.81289	17.93598	12	41	0	1	350	0.009	13.9	9	6.137	7.75	0	4	5	
2019-05-05 12:30:00	56.81412	17.93097	12	42	0	1	350	0.009	13.9	9	6.073	7.73	0	4	5	
2019-05-05 12:40:00	56.81571	17.92566	12	43	0	1	360	0.009	14	9	6.042	7.72	0	4	5	
2019-05-05 12:50:00	56.81754	17.92089	12	44	0	2	350	0.009	13.9	9	6.037	7.72	0	4	5	
2019-05-05 13:00:00	56.8194	17.91594	12	45	0	1	60	0.009	14	9	6.103	7.73	1	4	0	
2019-05-05 13:10:00	56.82114	17.91093	13	46	0	1	360	0.009	14	8	6.125	7.73	0	4	5	
2019-05-05 13:20:00	56.82243	17.90448	13	47	0	1	350	0.009	14.1	9	6.089	7.72	0	4	5	
2019-05-05 13:30:00	56.82333	17.89878	14	48	0	1	360	0.009	14	9	6.119	7.73	0	4	5	
2019-05-05 13:40:00	56.82429	17.8923	15	49	0	1	360	0.009	14.1	9	6.087	7.72	0	4	5	
2019-05-05 13:50:00	56.82495	17.88594	32	50	0	1	370	0.009	14	9	6.059	7.72	0	4	5	
2019-05-05 14:00:00	56.82564	17.88078	11	51	0	1	350	0.009	14	9	6.083	7.73	0	4	5	
2019-05-05 14:10:00	56.82714	17.87457	11	52	0	1	350	0.009	14	9	6.054	7.72	0	4	5	
2019-05-05 14:20:00	56.82903	17.86785	11	53	0	1	350	0.009	14	9	6.122	7.74	0	4	5	
2019-05-05 14:30:00	56.83014	17.86143	11	54	0	1	360	0.009	14	8	6.257	7.78	0	4	5	
2019-05-05 14:40:00	56.83194	17.85489	11	55	0	1	350	0.009	14	9	6.277	7.79	0	4	5	
2019-05-05 14:50:00	56.83371	17.84886	11	56	0	1	350	0.009	14	9	6.33	7.8	0	4	5	
2019-05-05 15:00:00	56.83506	17.84331	12	57	0	1	350	0.009	14	9	6.321	7.8	0	4	5	
2019-05-05 15:10:00	56.83611	17.8383	12	58	0	1	360	0.009	14	9	6.318	7.79	0	4	5	
2019-05-05 15:20:00	56.8374	17.83281	12	59	0	1	350	0.009	14	9	6.235	7.77	0	4	5	
2019-05-05 15:30:00	56.83836	17.82705	41	0	0	1	380	0.009	14	9	6.255	7.77	0	4	5	
2019-05-05 15:40:00	56.8404	17.82102	12	1	0	1	350	0.009	14	9	6.182	7.75	0	4	5	
2019-05-05 15:50:00	56.8419	17.81424	12	2	0	1	350	0.009	14.1	8	6.143	7.74	0	4	5	
2019-05-05 16:00:00	56.84238	17.80893	12	3	0	1	360	0.009	14	9	6.097	7.73	0	4	5	
2019-05-05 16:10:00	56.84373	17.80359	12	4	0	1	360	0.009	14	8	6.07	7.72	0	4	5	
2019-05-05 16:20:00	56.84475	17.79774	12	5	0	2	350	0.009	13.8	8	6.036	7.71	0	4	5	
2019-05-05 16:30:00	56.84568	17.79159	12	6	0	3	350	0.009	13.8	8	6.054	7.72	0	4	5	
2019-05-05 16:40:00	56.84616	17.78538	12	7	0	1	360	0.009	13.7	8	6.102	7.73	0	4	5	
2019-05-05 16:50:00	56.84763	17.77893	13	8	0	2	360	0.009	13.6	8	6.223	7.77	0	4	5	
2019-05-05 17:00:00	56.8488	17.77221	12	9	0	1	350	0.009	13.6	8	6.276	7.78	0	4	5	
2019-05-05 17:10:00	56.85057	17.76558	12	10	0	1	360	0.009	13.6	8	6.309	7.79	0	4	5	
2019-05-05 17:20:00	56.85228	17.75874	12	11	0	1	60	0.009	13.5	8	6.344	7.8	1	4	0	
2019-05-05 17:30:00	56.8533	17.7516	12	12	0	1	350	0.009	13.5	8	6.366	7.81	0	4	5	
2019-05-05 17:40:00	56.85477	17.74473	12	13	0	1	350	0.009	13.5	8	6.411	7.83	0	4	5	
2019-05-05 17:50:00	56.85684	17.7375	21	14	0	1	360	0.009	13.5	8	6.443	7.83	0	4	5	
2019-05-05 18:00:00	56.8584	17.73102	40	15	0	1	380	0.009	13.5	8	6.436	7.83	0	4	5	
2019-05-05 18:10:00	56.85561	17.7363	12	16	0	1	350	0.009	13.4	8	6.42	7.83	0	4	5	
2019-05-05 18:20:00	56.85243	17.74164	12	17	0	1	350	0.009	13.4	8	6.401	7.82	0	4	5	
2019-05-05 18:30:00	56.8491	17.74797	12	18	0	1	350	0.009	13.4	8	6.371	7.82	0	4	5	
2019-05-05 18:40:00	56.85081	17.74347	12	19	0	3	350	0.009	13.4	8	6.372	7.82	0	4	5	
2019-05-05 18:50:00	56.853	17.7381	12	20	0	1	350	0.009	13.4	8	6.359	7.82	0	4	5	
2019-05-05 19:00:00	56.85573	17.73231	12	21	0	3	360	0.009	13.4	8	6.348	7.81	0	4	5	
2019-05-05 19:10:00	56.85828	17.72736	13	22	0	2	360	0.009	13.3	8	6.322	7.8	0	4	5	
2019-05-05 19:20:00	56.86062	17.72217	12	23	0	1	60	0.011	13.3	8	6.31	7.8	1	4	0	
2019-05-05 19:30:00	56.86365	17.71656	15	24	0	1	360	0.009	13.3	8	6.315	7.8	0	4	5	
2019-05-05 19:40:00	56.86041	17.72082	12	25	0	2	360	0.009	13.3	8	6.285	7.8	0	4	5	
2019-05-05 19:50:00	56.85672	17.72607	12	26	0	1	350	0.009	13.3	8	6.286	7.8	0	4	5	
2019-05-05 20:00:00	56.853	17.73204	14	27	0	1	360	0.009	13.3	8	6.26	7.79	0	4	5	
2019-05-05 20:10:00	56.85465	17.72847	16	28	0	1	360	0.009	13.3	8	6.265	7.79	0	4	5	
2019-05-05 20:20:00	56.85747	17.72301	41	29	0	1	380	0.009	13.3	8	6.261	7.79	0	4	5	
2019-05-05 20:30:00	56.85921	17.71719	12	30	0	1	350	0.009	13.3	8	6.224	7.78	0	4	5	
2019-05-05 20:40:00	56.86128	17.71182	12	31	0	1	360	0.009	13.3	8	6.215	7.78	0	4	5	
2019-05-05 20:50:00	56.86377	17.706	12	32	0	1	350	0.009	13.3	8	6.243	7.78	0	4	5	
2019-05-05 21:00:00	56.86587	17.7003	12	33	0	1	350	0.009	13.3	8	6.275	7.79	0	4	5	
2019-05-05 21:10:00	56.87118	17.70153	12	34	0	1	350	0.009	13.3	8	6.297	7.8	0	4	5	
2019-05-05 21:20:00	56.87718	17.70492	12	35	0	1	360	0.009	13.3	8	6.271	7.8	0	4	5	
2019-05-05 21:30:00	56.88309	17.70717	12	36	0	1	350	0.009	13.3	8	6.254	7.8	0	4	5	
2019-05-05 21:40:00	56.88861	17.71107	12	37	0	2	350	0.009	13.3	8	6.253	7.79	0	4	5	
2019-05-05 21:50:00	56.89233	17.71746	12	38	0	1	360	0.009	13.3	8	6.118	7.76	0	4	5	
2019-05-05 22:00:00	56.89638	17.72088	12	39	0	1	350	0.009	13.3	8	6.095	7.75	0	4	5	
2019-05-05 22:10:00	56.89971	17.7261	12	40	0	1	350	0.009	13.3	8	5.972	7.71	0	4	5	
2019-05-05 22:20:00	56.90355	17.73069	12	41	0	1	360	0.009	13.3	8	5.808	7.67	0	4	5	
2019-05-05 22:30:00	56.9088	17.73231	12	42	0	1	350	0.009	13.3	8	5.837	7.67	0	4	5	
2019-05-05 22:40:00	56.91393	17.73432	13	43	0	1	360	0.009	13.3	8	5.797	7.66	0	4	5	
2019-05-05 22:50:00	56.91903	17.73558	17	44	0	1	360	0.009	13.3	8	5.843	7.67	0	4	5	
2019-05-05 23:00:00	56.92362	17.73966	27	45	0	1	370	0.009	13.3	8	5.894	7.68	0	4	5	
2019-05-05 23:10:00	56.92854	17.74026	12	46	0	1	350	0.009	13.3	8	5.889	7.68	0	4	5	
2019-05-05 23:20:00	56.93355	17.74023	13	47	0	1	360	0.009	13.3	8	5.845	7.67	0	4	5	
2019-05-05 23:30:00	56.93859	17.74125	65	48	0	1	410	0.009	13.3	8	5.838	7.67	0	4	5	
2019-05-05 23:40:00	56.9433	17.74119	12	49	0	1	350	0.009	13.3	8	5.814	7.67	0	4	5	
2019-05-05 23:50:00	56.94822	17.74017	12	50	0	1	350	0.009	13.3	8	5.839	7.69	0	4	5	
2019-05-06 00:00:00	56.95341	17.74014	12	51	0	1	360	0.009	13.3	8	6.107	7.76	0	4	5	
2019-05-06 00:10:00	56.95845	17.74329	12	52	0	1	350	0.009	13.3	8	6.05	7.75	0	4	5	
2019-05-06 00:20:00	56.96427	17.74248	12	53	0	1	350	0.011	13.3	7	5.958	7.72	0	4	5	
2019-05-06 00:30:00	56.96919	17.74686	13	54	0	1	360	0.009	13.3	8	5.92	7.71	0	4	5	
2019-05-06 00:40:00	56.97372	17.74998	12	55	0	1	350	0.009	13.3	8	5.878	7.71	0	4	5	
2019-05-06 00:50:00	56.97891	17.75238	13	56	0	1	360	0.009	13.3	7	6.201	7.81	0	4	5	
2019-05-06 01:00:00	56.98356	17.75643	18	57	0	1	360	0.009	13.3	8	6.178	7.82	0	4	5	
2019-05-06 01:10:00	56.98833	17.76024	41	58	0	1	380	0.009	13.3	8	6.383	7.87	0	4	5	
2019-05-06 01:20:00	56.99205	17.76408	12	59	0	1	350	0.011	13.3	7	6.397	7.88	0	4	5	
2019-05-06 01:30:00	56.99736	17.76633	12	0	0	1	350	0.009	13.3	7	6.33	7.86	0	4	5	
2019-05-06 01:40:00	57.00246	17.76738	12	1	0	1	350	0.009	13.3	8	6.314	7.85	0	4	5	
2019-05-06 01:50:00	57.00792	17.77056	12	2	0	1	350	0.009	13.3	7	6.309	7.85	0	4	5	
2019-05-06 02:00:00	57.01344	17.77338	12	3	0	1	350	0.009	13.3	7	6.35	7.87	0	4	5	
2019-05-06 02:10:00	57.01905	17.77773	12	4	0	1	360	0.009	13.3	8	6.354	7.87	0	4	5	
2019-05-06 02:20:00	57.02478	17.7792	12	5	0	1	350	0.009	13.3	8	6.398	7.89	0	4	5	
2019-05-06 02:30:00	57.03006	17.7828	12	6	0	1	350	0.009	13.3	8	6.452	7.91	0	4	5	
2019-05-06 02:40:00	57.03588	17.78451	14	7	0	1	360	0.009	13.3	8	6.426	7.91	0	4	5	
2019-05-06 02:50:00	57.04158	17.7864	13	8	0	1	360	0.009	13.3	8	6.447	7.91	0	4	5	
2019-05-06 03:00:00	57.04785	17.78778	12	9	0	1	60	0.009	13.3	8	6.379	7.9	1	4	0	
2019-05-06 03:10:00	57.05385	17.79015	13	10	0	1	360	0.009	13.3	7	6.165	7.84	0	4	5	
2019-05-06 03:20:00	57.0594	17.79375	39	11	0	1	380	0.009	13.3	8	6.143	7.84	0	4	5	
2019-05-06 03:30:00	57.06399	17.79705	12	12	0	1	350	0.009	13.3	8	6.122	7.83	0	4	5	
2019-05-06 03:40:00	57.06906	17.79888	12	13	0	2	350	0.009	13.3	8	6.251	7.87	0	4	5	
2019-05-06 03:50:00	57.07254	17.80419	12	14	0	1	360	0.011	13.3	8	6.24	7.85	0	4	5	
2019-05-06 04:00:00	57.07686	17.80731	12	15	0	1	350	0.009	13.3	8	6.438	7.87	0	4	5	
2019-05-06 04:10:00	57.08151	17.81001	12	16	0	1	350	0.009	13.3	8	6.55	7.89	0	4	5	
2019-05-06 04:20:00	57.08568	17.81286	12	17	0	1	350	0.009	13.3	8	6.553	7.89	0	4	5	
2019-05-06 04:30:00	57.09054	17.8131	12	18	0	1	350	0.009	13.3	8	6.407	7.86	0	4	5	
2019-05-06 04:40:00	57.09591	17.81214	12	19	0	1	350	0.009	13.3	8	6.218	7.81	0	4	5	
2019-05-06 04:50:00	57.10098	17.81121	12	20	0	1	360	0.009	13.3	8	6.048	7.76	0	4	5	
2019-05-06 05:00:00	57.10605	17.81121	12	21	0	1	350	0.009	13.3	8	6.037	7.75	0	4	5	
2019-05-06 05:10:00	57.1107	17.8134	12	22	0	1	360	0.009	13.3	8	5.951	7.74	0	4	5	
2019-05-06 05:20:00	57.11589	17.81472	12	23	0	1	350	0.011	13.4	8	5.863	7.73	0	4	5	
2019-05-06 05:30:00	57.12114	17.81421	12	24	0	2	350	0.009	13.4	8	6.036	7.76	0	4	5	
2019-05-06 05:40:00	57.12606	17.81478	12	25	0	1	350	0.009	13.3	8	6.077	7.77	0	4	5	
2019-05-06 05:50:00	57.13056	17.81184	14	26	0	1	360	0.009	13.4	8	6.124	7.78	0	4	5	
2019-05-06 06:00:00	57.13533	17.80971	40	27	0	2	380	0.009	13.4	8	6.137	7.78	0	4	5	
2019-05-06 06:10:00	57.14007	17.81007	11	28	0	1	350	0.009	13.4	8	6.15	7.79	0	4	5	
2019-05-06 06:20:00	57.14511	17.80899	11	29	0	1	350	0.009	13.4	8	6.099	7.78	0	4	5	
2019-05-06 06:30:00	57.15006	17.80533	12	30	0	1	350	0.009	13.5	8	6.04	7.76	0	4	5	
2019-05-06 06:40:00	57.15516	17.80113	12	31	0	1	350	0.009	13.5	8	6.055	7.76	0	4	5	
2019-05-06 06:50:00	57.16047	17.80077	12	32	0	1	350	0.009	13.5	9	6.074	7.77	0	4	5	
2019-05-06 07:00:00	57.1659	17.79873	12	33	0	1	360	0.009	13.5	9	6.115	7.78	0	4	5	
2019-05-06 07:10:00	57.17085	17.79498	12	34	0	1	350	0.009	13.5	9	6.119	7.78	0	4	5	
2019-05-06 07:20:00	57.17595	17.79126	12	35	0	1	60	0.009	13.5	9	6.125	7.79	1	4	0	
2019-05-06 07:30:00	57.18111	17.79033	12	36	0	1	360	0.009	13.5	8	6.075	7.77	0	4	5	
2019-05-06 07:40:00	57.1866	17.78928	12	37	0	1	350	0.009	13.5	9	6.141	7.79	0	4	5	
2019-05-06 07:50:00	57.19191	17.78829	12	38	0	1	350	0.009	13.6	9	6.146	7.78	0	4	5	
2019-05-06 08:00:00	57.19746	17.78484	12	39	0	1	350	0.009	13.6	9	6.143	7.78	0	4	5	
2019-05-06 08:10:00	57.20265	17.78004	12	40	0	1	360	0.009	13.6	9	6.087	7.76	0	4	5	
2019-05-06 08:20:00	57.20796	17.77464	12	41	0	3	350	0.009	13.6	9	6.11	7.77	0	4	5	
2019-05-06 08:30:00	57.2133	17.76834	15	42	0	1	360	0.009	13.8	9	6.131	7.77	0	4	5	
2019-05-06 08:40:00	57.21825	17.76036	41	43	0	1	380	0.009	13.8	9	6.094	7.76	0	4	5	
2019-05-06 08:50:00	57.22188	17.75226	12	44	0	1	350	0.009	13.9	9	6.061	7.76	0	4	5	
2019-05-06 09:00:00	57.22572	17.74383	11	45	0	1	360	0.009	13.9	9	6.019	7.75	0	4	5	
2019-05-06 09:10:00	57.2247	17.75397	12	46	0	1	350	0.009	13.9	9	6.076	7.76	0	4	5	
2019-05-06 09:20:00	57.2229	17.76564	12	47	0	1	350	0.009	13.9	9	6.13	7.77	0	4	5	
2019-05-06 09:30:00	57.22242	17.77806	12	48	0	1	360	0.009	13.9	9	6.141	7.77	0	4	5	
2019-05-06 09:40:00	57.22152	17.79024	12	49	0	1	360	0.009	13.9	9	6.116	7.77	0	4	5	
2019-05-06 09:50:00	57.2211	17.80314	13	50	0	1	360	0.009	13.9	9	6.121	7.77	0	4	5	
2019-05-06 10:00:00	57.22005	17.81598	13	51	0	1	360	0.009	13.9	9	6.111	7.77	0	4	5	
2019-05-06 10:10:00	57.22284	17.80884	12	52	0	1	350	0.009	13.9	9	6.098	7.77	0	4	5	
2019-05-06 10:20:00	57.22581	17.79906	13	53	0	1	350	0.009	13.9	9	6.084	7.76	0	4	5	
2019-05-06 10:30:00	57.22842	17.7888	12	54	0	1	350	0.009	13.9	9	6.125	7.77	0	4	5	
2019-05-06 10:40:00	57.22821	17.77956	12	55	0	1	350	0.009	13.9	9	6.116	7.77	0	4	5	
2019-05-06 10:50:00	57.22785	17.77098	12	56	0	1	350	0.009	13.9	9	6.098	7.76	0	4	5	
2019-05-06 11:00:00	57.22761	17.76141	41	57	0	1	380	0.009	13.9	9	6.04	7.75	0	4	5	
2019-05-06 11:10:00	57.22524	17.76909	12	58	0	1	350	0.009	13.9	8	6.096	7.76	0	4	5	
2019-05-06 11:20:00	57.22227	17.77767	11	59	0	1	350	0.009	13.9	8	6.141	7.77	0	4	5	
2019-05-06 11:30:00	57.21939	17.78616	11	0	0	1	350	0.009	13.9	8	6.1	7.77	0	4	5	
2019-05-06 11:40:00	57.22086	17.77785	11	1	0	1	60	0.009	13.9	8	6.118	7.77	1	4	0	
2019-05-06 11:50:00	57.22308	17.76669	11	2	0	1	350	0.009	14	8	6.051	7.75	0	4	5	
2019-05-06 12:00:00	57.22401	17.75478	12	3	0	1	360	0.009	13.9	8	6.102	7.78	0	4	5	
2019-05-06 12:10:00	57.22278	17.76342	12	4	0	1	350	0.009	13.9	8	6.058	7.76	0	4	5	
2019-05-06 12:20:00	57.2214	17.77614	12	5	0	1	350	0.009	13.9	8	6.101	7.77	0	4	5	
2019-05-06 12:30:00	57.219	17.78841	12	6	0	1	350	0.009	13.9	8	6.107	7.77	0	4	5	
2019-05-06 12:40:00	57.22026	17.78103	11	7	0	1	350	0.009	14	8	6.106	7.77	0	4	5	
2019-05-06 12:50:00	57.22251	17.76981	13	8	0	1	360	0.009	14	9	6.029	7.75	0	4	5	
2019-05-06 13:00:00	57.22533	17.75847	38	9	0	1	380	0.009	14	9	6.121	7.78	0	4	5	
2019-05-06 13:10:00	57.22338	17.76846	12	10	0	1	350	0.009	14	8	5.993	7.74	0	4	5	
2019-05-06 13:20:00	57.22164	17.78121	12	11	0	1	350	0.009	14	8	6.073	7.76	0	4	5	
2019-05-06 13:30:00	57.21936	17.793	12	12	0	1	350	0.009	14.1	8	6.104	7.77	0	4	5	
2019-05-06 13:40:00	57.22098	17.78475	12	13	0	1	350	0.009	14	8	6.074	7.76	0	4	5	
2019-05-06 13:50:00	57.22383	17.77386	12	14	0	1	360	0.009	14.1	8	6.009	7.75	0	4	5	
2019-05-06 14:00:00	57.22857	17.76618	20	15	0	1	360	0.009	14.1	8	6.059	7.77	0	4	5	
2019-05-06 14:10:00	57.22788	17.77659	41	16	0	1	380	0.009	14	9	6.065	7.76	0	4	5	
2019-05-06 14:20:00	57.22647	17.7885	11	17	0	1	350	0.009	14	8	6.144	7.78	0	4	5	
2019-05-06 14:30:00	57.22413	17.80074	11	18	0	1	350	0.009	14.1	8	6.171	7.78	0	4	5	
2019-05-06 14:40:00	57.22119	17.81268	11	19	0	1	350	0.009	14.1	8	6.177	7.78	0	4	5	
2019-05-06 14:50:00	57.21918	17.82555	12	20	0	1	350	0.009	14	8	6.223	7.79	0	4	5	
2019-05-06 15:00:00	57.21879	17.83887	12	21	0	1	350	0.009	14.1	8	6.196	7.79	0	4	5	
2019-05-06 15:10:00	57.2184	17.85171	15	22	0	1	360	0.009	14	8	6.154	7.78	0	4	5	
2019-05-06 15:20:00	57.21801	17.86446	14	23	0	1	360	0.009	14.1	8	6.086	7.76	0	4	5	
2019-05-06 15:30:00	57.21789	17.87895	71	24	0	1	410	0.009	14	9	6.084	7.76	0	4	5	
2019-05-06 15:40:00	57.21762	17.89035	11	25	0	1	350	0.009	14.1	8	6.066	7.76	0	4	5	
2019-05-06 15:50:00	57.21636	17.90373	11	26	0	1	350	0.009	14	8	6.084	7.77	0	4	5	
2019-05-06 16:00:00	57.21573	17.91717	11	27	0	1	60	0.009	14	8	6.076	7.78	1	4	0	
2019-05-06 16:10:00	57.21639	17.92977	11	28	0	1	350	0.009	14.1	8	6.12	7.78	0	4	5	
2019-05-06 16:20:00	57.21648	17.94192	11	29	0	1	350	0.009	14	8	6.18	7.8	0	4	5	
2019-05-06 16:30:00	57.21762	17.95491	12	30	0	1	360	0.009	14	8	6.292	7.83	0	4	5	
2019-05-06 16:40:00	57.21921	17.96718	12	31	0	1	350	0.009	14.1	8	6.289	7.84	0	4	5	
2019-05-06 16:50:00	57.22056	17.979	12	32	0	1	360	0.009	14.1	8	6.471	7.87	0	4	5	
2019-05-06 17:00:00	57.22314	17.99067	12	33	0	1	360	0.009	14.1	8	6.507	7.88	0	4	5	
2019-05-06 17:10:00	57.2253	18.00237	12	34	0	1	350	0.009	14	8	6.789	7.95	0	4	5	
2019-05-06 17:20:00	57.22872	18.00639	12	35	0	1	350	0.009	13.9	8	6.836	7.96	0	4	5	
2019-05-06 17:30:00	57.2349	17.99916	12	36	0	1	350	0.009	13.8	8	6.633	7.92	0	4	5	
2019-05-06 17:40:00	57.23991	17.99052	13	37	0	1	360	0.009	13.7	8	6.485	7.88	0	4	5	
2019-05-06 17:50:00	57.24525	17.98281	12	38	0	2	350	0.009	13.6	8	6.373	7.86	0	4	5	
2019-05-06 18:00:00	57.25071	17.97603	40	39	0	1	380	0.009	13.6	9	6.312	7.84	0	4	5	
2019-05-06 18:10:00	57.25605	17.96994	12	40	0	1	360	0.009	13.5	8	6.194	7.81	0	4	5	
2019-05-06 18:20:00	57.26208	17.96967	12	41	0	1	350	0.009	13.5	8	6.187	7.81	0	4	5	
2019-05-06 18:30:00	57.26823	17.96601	12	42	0	1	350	0.009	13.5	8	6.171	7.81	0	4	5	
2019-05-06 18:40:00	57.27066	17.95968	12	43	0	1	360	0.009	13.4	8	6.155	7.8	0	4	5	
2019-05-06 18:50:00	57.27363	17.95392	12	44	0	1	350	0.009	13.4	8	6.097	7.79	0	4	5	
2019-05-06 19:00:00	57.27639	17.94906	12	45	0	1	350	0.009	13.4	8	6.111	7.79	0	4	5	
2019-05-06 19:10:00	57.27837	17.9424	12	46	0	1	350	0.009	13.4	8	5.972	7.76	0	4	5	
2019-05-06 19:20:00	57.28059	17.93598	12	47	0	1	350	0.009	13.4	8	5.876	7.72	0	4	5	
2019-05-06 19:30:00	57.28365	17.92905	12	48	0	1	350	0.009	13.4	8	5.795	7.69	0	4	5	
2019-05-06 19:40:00	57.28644	17.92134	12	49	0	1	350	0.009	13.4	8	5.573	7.61	0	4	5	
2019-05-06 19:50:00	57.2886	17.91456	12	50	0	1	350	0.009	13.3	8	5.455	7.58	0	4	5	
2019-05-06 20:00:00	57.29124	17.90775	13	51	0	1	360	0.009	13.3	8	5.515	7.61	0	4	5	
2019-05-06 20:10:00	57.29601	17.90919	13	52	0	1	360	0.009	13.3	8	5.522	7.61	0	4	5	
2019-05-06 20:20:00	57.30009	17.91363	16	53	0	1	360	0.009	13.3	8	5.509	7.61	0	4	5	
2019-05-06 20:30:00	57.30369	17.91642	15	54	0	1	360	0.009	13.3	7	5.524	7.61	0	4	5	
2019-05-06 20:40:00	57.30633	17.91225	41	55	0	1	380	0.009	13.3	8	5.491	7.59	0	4	5	
2019-05-06 20:50:00	57.30855	17.9073	11	56	0	1	350	0.009	13.3	7	5.428	7.57	0	4	5	
2019-05-06 21:00:00	57.31011	17.90085	11	57	0	1	350	0.009	13.3	7	5.321	7.54	0	4	5	
2019-05-06 21:10:00	57.31146	17.89452	11	58	0	1	350	0.009	13.3	7	5.244	7.52	0	4	5	
2019-05-06 21:20:00	57.31281	17.88873	11	59	0	1	350	0.009	13.3	7	5.26	7.52	0	4	5	
2019-05-06 21:30:00	57.31455	17.88348	12	0	0	1	350	0.009	13.3	7	5.282	7.53	0	4	5	
2019-05-06 21:40:00	57.31653	17.8782	12	1	0	1	350	0.009	13.3	7	5.519	7.6	0	4	5	
2019-05-06 21:50:00	57.3183	17.87343	12	2	0	1	350	0.009	13.3	7	5.479	7.6	0	4	5	
2019-05-06 22:00:00	57.31932	17.86926	12	3	0	1	360	0.009	13.3	7	5.401	7.58	0	4	5	
2019-05-06 22:10:00	57.3207	17.86494	12	4	0	1	360	0.009	13.3	7	5.339	7.57	0	4	5	
2019-05-06 22:20:00	57.3225	17.86134	12	5	0	1	350	0.009	13.3	7	5.369	7.57	0	4	5	
2019-05-06 22:30:00	57.32412	17.85912	11	6	0	1	350	0.009	13.3	7	5.389	7.57	0	4	5	
2019-05-06 22:40:00	57.32619	17.85564	11	7	0	1	350	0.009	13.3	7	5.361	7.57	0	4	5	
2019-05-06 22:50:00	57.32877	17.8521	11	8	0	1	350	0.009	13.3	7	5.366	7.56	0	4	5	
2019-05-06 23:00:00	57.33132	17.84838	11	9	0	2	350	0.009	13.3	7	5.29	7.55	0	4	5	
2019-05-06 23:10:00	57.32655	17.8494	12	10	0	1	350	0.009	13.3	7	5.386	7.57	0	4	5	
2019-05-06 23:20:00	57.32106	17.84973	17	11	0	1	360	0.009	13.3	7	5.361	7.57	0	4	5	
2019-05-06 23:30:00	57.31509	17.85141	12	12	0	1	360	0.009	13.3	7	5.389	7.57	0	4	5	
2019-05-06 23:40:00	57.30897	17.85159	18	13	0	1	360	0.009	13.3	7	5.309	7.56	0	4	5	
2019-05-06 23:50:00	57.30264	17.85126	41	14	0	3	380	0.009	13.3	7	5.447	7.59	0	4	5	
2019-05-07 00:00:00	57.29733	17.8509	12	15	0	1	350	0.009	13.3	7	5.364	7.56	0	4	5	
2019-05-07 00:10:00	57.29148	17.84979	12	16	0	1	350	0.009	13.3	7	5.218	7.52	0	4	5	
2019-05-07 00:20:00	57.28605	17.84868	12	17	0	1	350	0.009	13.3	7	5.159	7.5	0	4	5	
2019-05-07 00:30:00	57.28047	17.84844	12	18	0	1	350	0.009	13.3	7	5.265	7.53	0	4	5	
2019-05-07 00:40:00	57.27531	17.84904	12	19	0	1	350	0.009	13.3	7	5.31	7.55	0	4	5	
2019-05-07 00:50:00	57.27129	17.85015	12	20	0	1	350	0.009	13.3	7	5.306	7.55	0	4	5	
2019-05-07 01:00:00	57.26655	17.8521	13	21	0	1	360	0.009	13.3	7	5.358	7.57	0	4	5	
2019-05-07 01:10:00	57.2619	17.85531	41	22	0	1	380	0.009	13.3	7	5.466	7.6	0	4	5	
2019-05-07 01:20:00	57.25728	17.85834	11	23	0	1	350	0.009	13.3	7	5.478	7.6	0	4	5	
2019-05-07 01:30:00	57.2526	17.86188	12	24	0	1	360	0.009	13.3	7	5.49	7.6	0	4	5	
2019-05-07 01:40:00	57.24783	17.86575	12	25	0	1	360	0.009	13.3	7	5.495	7.6	0	4	5	
2019-05-07 01:50:00	57.24309	17.87028	11	26	0	1	350	0.009	13.3	7	5.502	7.6	0	4	5	
2019-05-07 02:00:00	57.23862	17.87472	12	27	0	1	360	0.009	13.3	7	5.498	7.6	0	4	5	
2019-05-07 02:10:00	57.23394	17.87952	12	28	0	1	350	0.009	13.3	7	5.534	7.61	0	4	5	
2019-05-07 02:20:00	57.2295	17.88363	12	29	0	1	360	0.009	13.3	7	5.576	7.62	0	4	5	
2019-05-07 02:30:00	57.22506	17.88831	12	30	0	1	350	0.009	13.3	7	5.615	7.63	0	4	5	
2019-05-07 02:40:00	57.22083	17.8941	12	31	0	1	350	0.009	13.3	7	5.668	7.65	0	4	5	
2019-05-07 02:50:00	57.21633	17.8989	12	32	0	1	360	0.009	13.3	7	5.734	7.68	0	4	5	
2019-05-07 03:00:00	57.21183	17.90355	12	33	0	1	140	0.009	13.3	7	5.795	7.69	6	4	0	
2019-05-07 03:10:00	57.20724	17.90802	13	34	0	3	140	0.009	13.3	7	5.798	7.68	6	4	0	
2019-05-07 03:20:00	57.2019	17.91324	79	35	0	1	420	0.009	13.3	8	5.811	7.69	0	4	5	
2019-05-07 03:30:00	57.19791	17.91609	12	36	0	2	350	0.009	13.3	7	5.778	7.69	0	4	5	
2019-05-07 03:40:00	57.19266	17.91975	12	37	0	3	140	0.009	13.3	7	5.823	7.71	6	4	0	
2019-05-07 03:50:00	57.18747	17.92152	11	38	0	3	140	0.009	13.3	7	5.952	7.75	6	4	0	
2019-05-07 04:00:00	57.18231	17.92308	12	39	0	3	140	0.009	13.3	7	5.991	7.76	6	4	0	
2019-05-07 04:10:00	57.17739	17.92443	12	40	0	1	140	0.009	13.3	7	6	7.77	6	4	0	
2019-05-07 04:20:00	57.17196	17.9259	12	41	0	1	350	0.009	13.3	7	6.007	7.77	0	4	5	
2019-05-07 04:30:00	57.16686	17.92845	12	42	0	1	440	0.009	13.3	7	6.021	7.77	0	4	6	
2019-05-07 04:40:00	57.16194	17.93016	12	43	0	1	140	0.009	13.3	8	6.052	7.77	6	4	0	
2019-05-07 04:50:00	57.15684	17.93211	13	44	0	1	140	0.009	13.3	7	6.088	7.77	6	4	0	
2019-05-07 05:00:00	57.15147	17.93262	71	45	0	1	200	0.009	13.3	8	6.173	7.8	6	4	0	
2019-05-07 05:10:00	57.14682	17.93259	13	46	0	1	140	0.009	13.3	7	6.239	7.82	6	4	0	
2019-05-07 05:20:00	57.14166	17.93151	13	47	0	1	140	0.009	13.3	7	6.342	7.85	6	4	0	
2019-05-07 05:30:00	57.13641	17.93067	13	48	0	1	140	0.009	13.3	7	6.371	7.86	6	4	0	
2019-05-07 05:40:00	57.13134	17.93046	12	49	0	1	140	0.009	13.4	7	6.382	7.86	6	4	0	
2019-05-07 05:50:00	57.12603	17.93067	41	50	0	1	170	0.009	13.4	7	6.407	7.87	6	4	0	
2019-05-07 06:00:00	57.1215	17.93256	11	51	0	1	140	0.009	13.4	7	6.438	7.88	6	4	0	
2019-05-07 06:10:00	57.11727	17.93511	11	52	0	1	140	0.009	13.4	7	6.483	7.88	6	4	0	
2019-05-07 06:20:00	57.11226	17.93622	12	53	0	1	140	0.009	13.4	7	6.48	7.88	6	4	0	
2019-05-07 06:30:00	57.10764	17.93739	12	54	0	1	360	0.009	13.4	7	6.461	7.87	0	4	5	
2019-05-07 06:40:00	57.10275	17.93916	12	55	0	1	350	0.009	13.5	8	6.491	7.88	0	4	5	
2019-05-07 06:50:00	57.09813	17.94087	12	56	0	1	350	0.009	13.4	8	6.391	7.86	0	4	5	
2019-05-07 07:00:00	57.09357	17.94285	12	57	0	1	350	0.009	13.5	8	6.422	7.87	0	4	5	
2019-05-07 07:10:00	57.08886	17.94552	12	58	0	1	350	0.009	13.4	8	6.46	7.88	0	4	5	
2019-05-07 07:20:00	57.08397	17.94777	12	59	0	1	350	0.009	13.5	8	6.514	7.89	0	4	5	
2019-05-07 07:30:00	57.07905	17.95137	12	0	0	1	360	0.009	13.4	8	6.56	7.9	0	4	5	
2019-05-07 07:40:00	57.07425	17.95401	13	1	0	1	360	0.009	13.4	8	6.553	7.9	0	4	5	
2019-05-07 08:00:00	57.06474	17.95974	40	3	0		380	0.009	13.4	9	6.301	7.84	0	4	5	
2019-05-07 08:10:00	57.05985	17.9622	13	4	0	1	360	0.009	13.4	8	6.103	7.79	0	4	5	
2019-05-07 08:20:00	57.05502	17.96424	12	5	0	1	350	0.009	13.4	8	6.191	7.81	0	4	5	
2019-05-07 08:30:00	57.04992	17.96736	13	6	0	1	360	0.009	13.4	8	6.325	7.85	0	4	5	
2019-05-07 08:40:00	57.04506	17.9712	13	7	0	1	350	0.009	13.4	8	6.461	7.89	0	4	5	
2019-05-07 08:50:00	57.04044	17.97513	41	8	0	1	380	0.009	13.4	9	6.402	7.88	0	4	5	
2019-05-07 09:00:00	57.03627	17.9796	11	9	0	1	350	0.009	13.4	8	6.234	7.86	0	4	5	
2019-05-07 09:10:00	57.03183	17.98344	11	10	0	1	350	0.009	13.4	8	6.226	7.85	0	4	5	
2019-05-07 09:20:00	57.02745	17.98776	11	11	0	2	360	0.009	13.4	8	6.301	7.87	0	4	5	
2019-05-07 09:30:00	57.02331	17.99244	11	12	0	2	350	0.009	13.4	8	6.306	7.87	0	4	5	
2019-05-07 09:40:00	57.02559	17.98926	12	13	0	1	350	0.009	13.5	8	6.323	7.87	0	4	5	
2019-05-07 09:50:00	57.0276	17.98386	12	14	0	1	360	0.009	13.6	8	6.342	7.88	0	4	5	
2019-05-07 10:00:00	57.03018	17.97843	12	15	0	2	350	0.009	13.5	8	6.247	7.86	0	4	5	
2019-05-07 10:10:00	57.03246	17.97228	12	16	0	1	350	0.009	13.5	9	6.227	7.85	0	4	5	
2019-05-07 10:20:00	57.03408	17.96547	12	17	0	1	350	0.009	13.6	8	6.445	7.9	0	4	5	
2019-05-07 10:30:00	57.03573	17.95821	12	18	0	1	350	0.009	13.6	8	6.475	7.9	0	4	5	
2019-05-07 10:40:00	57.03822	17.95164	12	19	0	1	60	0.009	13.7	9	6.478	7.89	1	4	0	
2019-05-07 10:50:00	57.04062	17.9442	12	20	0	1	350	0.009	13.9	8	6.399	7.87	0	4	5	
2019-05-07 11:00:00	57.04329	17.93787	12	21	0	1	350	0.009	13.9	9	6.32	7.84	0	4	5	
2019-05-07 11:10:00	57.04578	17.93244	12	22	0	1	350	0.009	13.9	9	6.226	7.82	0	4	5	
2019-05-07 11:20:00	57.04863	17.92605	12	23	0	1	350	0.009	13.9	9	6.174	7.8	0	4	5	
2019-05-07 11:30:00	57.05163	17.91996	12	24	0	1	350	0.009	13.9	9	6.239	7.82	0	4	5	
2019-05-07 11:40:00	57.0543	17.91327	12	25	0	1	350	0.009	13.9	9	6.278	7.83	0	4	5	
2019-05-07 11:50:00	57.0573	17.90595	12	26	0	1	350	0.009	13.9	9	6.336	7.85	0	4	5	
2019-05-07 12:00:00	57.06009	17.8983	40	27	0	1	390	0.009	13.9	9	6.311	7.84	0	4	5	
2019-05-07 12:10:00	57.06261	17.89185	11	28	0	1	350	0.009	13.9	9	6.224	7.82	0	4	5	
2019-05-07 12:20:00	57.06504	17.88495	11	29	0	1	350	0.009	13.9	9	6.228	7.81	0	4	5	
2019-05-07 12:30:00	57.06666	17.87787	12	30	0	1	350	0.009	14.1	9	6.186	7.8	0	4	5	
2019-05-07 12:40:00	57.06885	17.87007	12	31	0	1	350	0.009	14.1	9	6.166	7.8	0	4	5	
2019-05-07 12:50:00	57.07104	17.86245	12	32	0	1	360	0.009	13.9	8	6.138	7.79	0	4	5	
2019-05-07 13:00:00	57.07368	17.85483	12	33	0	1	350	0.009	14	9	6.127	7.79	0	4	5	
2019-05-07 13:10:00	57.07098	17.85936	12	34	0	1	350	0.009	14.1	8	6.133	7.79	0	4	5	
2019-05-07 13:20:00	57.06696	17.86506	12	35	0	1	350	0.009	14	8	6.157	7.8	0	4	5	
2019-05-07 13:30:00	57.0633	17.86998	12	36	0	1	350	0.009	14.1	8	6.174	7.8	0	4	5	
2019-05-07 13:40:00	57.05937	17.87556	12	37	0	1	350	0.009	14	8	6.171	7.8	0	4	5	
2019-05-07 13:50:00	57.05556	17.88084	12	38	0	1	360	0.009	14	8	6.158	7.8	0	4	5	
2019-05-07 14:00:00	57.0516	17.88582	12	39	0	1	350	0.009	14	8	6.126	7.79	0	4	5	
2019-05-07 14:10:00	57.04758	17.89137	12	40	0	2	350	0.009	14	8	6.207	7.81	0	4	5	
2019-05-07 14:20:00	57.04332	17.8965	65	41	0	1	410	0.011	14	9	6.391	7.86	0	4	5	
2019-05-07 14:30:00	57.03978	17.90067	12	42	0	1	350	0.011	14	9	6.538	7.91	0	4	5	
2019-05-07 14:40:00	57.03648	17.90526	12	43	0	1	350	0.009	14	8	6.474	7.9	0	4	5	
2019-05-07 14:50:00	57.03246	17.9103	12	44	0	1	350	0.009	14	8	6.288	7.86	0	4	5	
2019-05-07 15:00:00	57.02775	17.91444	12	45	0	1	350	0.009	13.9	9	6.256	7.85	0	4	5	
2019-05-07 15:10:00	57.02319	17.91909	12	46	0	1	350	0.009	14.1	8	6.2	7.84	0	4	5	
2019-05-07 15:20:00	57.01863	17.92341	13	47	0	1	360	0.009	13.9	8	6.281	7.85	0	4	5	
2019-05-07 15:30:00	57.01455	17.9289	41	48	0	1	380	0.009	14	9	6.314	7.86	0	4	5	
2019-05-07 15:40:00	57.01089	17.93316	12	49	0	1	350	0.009	14	8	6.322	7.86	0	4	5	
2019-05-07 15:50:00	57.00699	17.93832	12	50	0	1	360	0.009	14.1	8	6.251	7.84	0	4	5	
2019-05-07 16:20:00	56.99439	17.95572	13	53	0		360	0.009	14.1	8	6.155	7.82	0	4	5	
2019-05-07 16:30:00	56.99019	17.96082	41	54	0	2	470	0.009	14.1	9	6.117	7.81	0	4	6	
2019-05-07 16:40:00	56.98629	17.96544	12	55	0	1	140	0.009	14.1	9	6.125	7.8	6	4	0	
2019-05-07 16:50:00	56.98254	17.96985	12	56	0	1	140	0.009	14.1	8	6.13	7.8	6	4	0	
2019-05-07 17:00:00	56.97939	17.97462	12	57	0	1	140	0.009	14.1	8	6.136	7.8	6	4	0	
2019-05-07 17:10:00	56.97645	17.97897	12	58	0	1	140	0.009	14.1	8	6.159	7.81	6	4	0	
2019-05-07 17:20:00	56.97384	17.98251	12	59	0	2	140	0.009	14.1	7	6.182	7.81	6	4	0	
2019-05-07 17:30:00	56.97075	17.98686	12	0	0	1	140	0.009	14.1	7	6.227	7.82	6	4	0	
2019-05-07 17:40:00	56.97222	17.98527	12	1	0	1	140	0.009	14.1	7	6.187	7.81	6	4	0	
2019-05-07 17:50:00	56.97465	17.97978	13	2	0	1	140	0.009	14.1	7	6.165	7.81	6	4	0	
2019-05-07 18:00:00	56.97636	17.97357	41	3	0	1	170	0.009	14.1	8	6.138	7.8	6	4	0	
2019-05-07 18:10:00	56.97834	17.96928	12	4	0	1	140	0.009	14	7	6.118	7.8	6	4	0	
2019-05-07 18:20:00	56.98023	17.96409	12	5	0	1	140	0.009	14	7	6.096	7.79	6	4	0	
2019-05-07 18:30:00	56.98221	17.95845	12	6	0	1	140	0.009	13.9	7	6.074	7.79	6	4	0	
2019-05-07 18:40:00	56.98359	17.95155	12	7	0	1	140	0.009	13.9	7	6.067	7.79	6	4	0	
2019-05-07 18:50:00	56.98497	17.94495	12	8	0	1	140	0.009	13.9	7	6.065	7.79	6	4	0	
2019-05-07 19:00:00	56.9865	17.93865	16	9	0	1	140	0.009	13.8	7	6.062	7.79	6	4	0	
2019-05-07 19:10:00	56.98803	17.9331	13	10	0	1	140	0.009	13.8	7	6.071	7.8	6	4	0	
2019-05-07 19:20:00	56.99007	17.92824	12	11	0	1	140	0.009	13.8	7	6.093	7.8	6	4	0	
2019-05-07 19:30:00	56.99214	17.92404	17	12	0	1	140	0.011	13.7	7	6.093	7.81	6	4	0	
2019-05-07 19:40:00	56.99445	17.91876	13	13	0	1	140	0.009	13.7	7	6.11	7.81	6	4	0	
2019-05-07 19:50:00	56.99712	17.91417	14	14	0	1	140	0.009	13.7	7	6.109	7.81	6	4	0	
2019-05-07 20:00:00	56.99934	17.90988	13	15	0	1	140	0.009	13.7	7	6.11	7.81	6	4	0	
2019-05-07 20:10:00	57.00261	17.90562	41	16	0	1	170	0.009	13.7	7	6.111	7.81	6	4	0	
2019-05-07 20:20:00	57.00573	17.90178	12	17	0	1	140	0.009	13.6	7	6.113	7.81	6	4	0	
2019-05-07 20:30:00	57.00927	17.89902	12	18	0	1	140	0.009	13.6	7	6.105	7.81	6	4	0	
2019-05-07 20:40:00	57.01257	17.89593	11	19	0	1	140	0.009	13.6	7	6.171	7.83	6	4	0	
2019-05-07 20:50:00	57.01608	17.89368	11	20	0	2	140	0.009	13.6	7	6.24	7.85	6	4	0	
2019-05-07 21:00:00	57.01929	17.89116	12	21	0	1	140	0.009	13.6	7	6.25	7.86	6	4	0	
2019-05-07 21:10:00	57.01578	17.89395	12	22	0	1	140	0.009	13.6	7	6.244	7.85	6	4	0	
2019-05-07 21:20:00	57.01155	17.8965	13	23	0	1	140	0.009	13.6	7	6.202	7.84	6	4	0	
2019-05-07 21:30:00	57.00696	17.89836	12	24	0	1	140	0.009	13.5	7	6.101	7.81	6	4	0	
2019-05-07 21:40:00	57.00309	17.90085	12	25	0	1	140	0.009	13.5	7	6.098	7.81	6	4	0	
2019-05-07 21:50:00	56.9982	17.90322	12	26	0	1	140	0.009	13.5	7	6.104	7.81	6	4	0	
2019-05-07 22:00:00	56.99382	17.90541	12	27	0	1	140	0.009	13.5	7	6.099	7.81	6	4	0	
2019-05-07 22:10:00	56.98929	17.90775	13	28	0	1	140	0.009	13.5	7	6.095	7.81	6	4	0	
2019-05-07 22:20:00	56.98488	17.90943	13	29	0	1	140	0.011	13.5	7	6.114	7.81	6	4	0	
2019-05-07 22:30:00	56.98038	17.91093	15	30	0	1	140	0.009	13.5	7	6.111	7.81	6	4	0	
2019-05-07 22:40:00	56.97555	17.91159	31	31	0	1	160	0.009	13.5	7	6.084	7.8	6	4	0	
2019-05-07 22:50:00	56.97102	17.91168	12	32	0	1	140	0.009	13.5	7	5.886	7.75	6	4	0	
2019-05-07 23:00:00	56.96688	17.9121	12	33	0	1	140	0.009	13.5	7	5.886	7.74	6	4	0	
2019-05-07 23:10:00	56.96331	17.91312	12	34	0	1	140	0.009	13.5	7	5.974	7.76	6	4	0	
2019-05-07 23:20:00	56.95908	17.9142	12	35	0	1	140	0.009	13.5	7	6.202	7.82	6	4	0	
2019-05-07 23:30:00	56.95554	17.91468	12	36	0	1	140	0.009	13.4	7	6.374	7.86	6	4	0	
2019-05-07 23:40:00	56.95767	17.91411	12	37	0	1	140	0.009	13.4	7	6.2	7.82	6	4	0	
2019-05-07 23:50:00	56.96097	17.91192	12	38	0	1	140	0.009	13.4	7	5.965	7.76	6	4	0	
2019-05-08 00:00:00	56.9643	17.9103	16	39	0	1	140	0.011	13.4	7	5.889	7.74	6	4	0	
2019-05-08 00:10:00	56.96118	17.91192	16	40	0	1	140	0.009	13.4	7	5.985	7.77	6	4	0	
2019-05-08 00:20:00	56.95758	17.91309	41	41	0	1	170	0.009	13.4	7	6.05	7.78	6	4	0	
2019-05-08 00:30:00	56.95458	17.91408	11	42	0	1	140	0.009	13.4	7	6.298	7.84	6	4	0	
2019-05-08 00:40:00	56.9565	17.91372	11	43	0	1	140	0.009	13.4	7	6.121	7.8	6	4	0	
2019-05-08 00:50:00	56.95932	17.9118	11	44	0	1	140	0.009	13.4	7	5.971	7.76	6	4	0	
2019-05-08 01:00:00	56.96214	17.90874	11	45	0	1	140	0.009	13.4	7	5.908	7.75	6	4	0	
2019-05-08 01:10:00	56.96529	17.90685	11	46	0	1	140	0.009	13.4	7	5.917	7.76	6	4	0	
2019-05-08 01:20:00	56.96802	17.90451	11	47	0	1	140	0.009	13.4	7	6.084	7.81	6	4	0	
2019-05-08 01:30:00	56.97141	17.90139	11	48	0	1	140	0.009	13.4	7	6.11	7.82	6	4	0	
2019-05-08 01:50:00	56.96457	17.90412	11	50	0		140	0.009	13.4	7	6.017	7.79	6	4	0	
2019-05-08 02:00:00	56.96037	17.90517	11	51	0	1	140	0.009	13.4	7	5.909	7.75	6	4	0	
2019-05-08 02:10:00	56.96352	17.90196	11	52	0	1	140	0.009	13.4	7	6.038	7.79	6	4	0	
2019-05-08 02:20:00	56.96742	17.8971	12	53	0	1	140	0.009	13.4	7	6.113	7.82	6	4	0	
2019-05-08 02:30:00	56.97201	17.89362	11	54	0	1	140	0.009	13.4	7	6.089	7.81	6	4	0	
2019-05-08 02:40:00	56.96949	17.89521	12	55	0	1	140	0.009	13.4	7	6.101	7.82	6	4	0	
2019-05-08 02:50:00	56.96613	17.89626	11	56	0	1	140	0.009	13.4	7	6.121	7.82	6	4	0	
2019-05-08 03:00:00	56.96244	17.89788	12	57	0	1	140	0.009	13.4	7	6.002	7.78	6	4	0	
2019-05-08 03:10:00	56.9586	17.90058	41	58	0	1	170	0.009	13.4	7	5.948	7.76	6	4	0	
2019-05-08 03:20:00	56.95545	17.9016	12	59	0	1	140	0.009	13.4	7	6.078	7.79	6	4	0	
2019-05-08 03:30:00	56.95224	17.90391	12	0	0	1	140	0.009	13.4	7	6.392	7.86	6	4	0	
2019-05-08 03:40:00	56.95563	17.90112	12	1	0	1	140	0.009	13.4	7	6.171	7.81	6	4	0	
2019-05-08 03:50:00	56.96013	17.89743	11	2	0	1	140	0.009	13.4	7	5.924	7.76	6	4	0	
2019-05-08 04:00:00	56.96409	17.89338	12	3	0	1	140	0.009	13.4	7	6.108	7.82	6	4	0	
2019-05-08 04:10:00	56.96175	17.89641	12	4	0	1	140	0.009	13.4	7	5.982	7.78	6	4	0	
2019-05-08 04:20:00	56.95875	17.89983	11	5	0	3	140	0.009	13.4	7	5.962	7.76	6	4	0	
2019-05-08 04:30:00	56.95596	17.90394	12	6	0	1	140	0.009	13.4	7	6.182	7.82	6	4	0	
2019-05-08 04:40:00	56.9586	17.90151	12	7	0	1	140	0.009	13.5	7	5.968	7.76	6	4	0	
2019-05-08 04:50:00	56.96205	17.89713	13	8	0	1	140	0.009	13.5	7	5.982	7.78	6	4	0	
2019-05-08 05:00:00	56.96523	17.89113	13	9	0	1	140	0.009	13.6	7	6.118	7.82	6	4	0	
2019-05-08 05:10:00	56.96337	17.89536	13	10	0	1	140	0.009	13.6	7	6.078	7.8	6	4	0	
2019-05-08 05:20:00	56.96052	17.89893	13	11	0	1	140	0.009	13.7	7	5.971	7.77	6	4	0	
2019-05-08 05:30:00	56.95755	17.90217	12	12	0	1	140	0.009	13.9	7	6.21	7.82	6	4	0	
2019-05-08 05:40:00	56.9601	17.89962	41	13	0	1	170	0.009	13.9	7	5.975	7.77	6	4	0	
2019-05-08 05:50:00	56.9628	17.8953	12	14	0	1	140	0.009	14	7	6.073	7.8	6	4	0	
2019-05-08 06:00:00	56.96565	17.89086	13	15	0	1	140	0.009	14	7	6.141	7.83	6	4	0	
2019-05-08 06:10:00	56.96391	17.89464	13	16	0	1	140	0.009	14	7	6.137	7.82	6	4	0	
2019-05-08 06:20:00	56.96151	17.89842	12	17	0	1	140	0.009	14	7	5.979	7.77	6	4	0	
2019-05-08 06:30:00	56.95938	17.90292	12	18	0	1	140	0.009	14.1	7	5.995	7.77	6	4	0	
2019-05-08 06:40:00	56.95749	17.90724	12	19	0	1	140	0.009	14.1	7	6.342	7.85	6	4	0	
2019-05-08 06:50:00	56.95578	17.91102	12	20	0	2	140	0.009	14.1	7	6.433	7.87	6	4	0	
2019-05-08 07:00:00	56.95395	17.91627	12	21	0	1	140	0.009	14.1	7	6.45	7.87	6	4	0	
2019-05-08 07:10:00	56.95224	17.92128	12	22	0	1	140	0.009	14.1	7	6.476	7.88	6	4	0	
2019-05-08 07:20:00	56.95044	17.92638	12	23	0	1	140	0.009	14.1	7	6.361	7.85	6	4	0	
2019-05-08 07:30:00	56.94885	17.93106	41	24	0	1	170	0.009	14.1	8	6.38	7.86	6	4	0	
2019-05-08 07:40:00	56.95026	17.92767	12	25	0	1	140	0.009	14	7	6.435	7.87	6	4	0	
2019-05-08 07:50:00	56.95173	17.92236	12	26	0	1	140	0.009	14	7	6.547	7.9	6	4	0	
2019-05-08 08:00:00	56.95296	17.91702	12	27	0	2	140	0.009	14	8	6.606	7.91	6	4	0	
2019-05-08 08:10:00	56.95401	17.91174	11	28	0	1	140	0.009	14	8	6.6	7.91	6	4	0	
2019-05-08 08:20:00	56.9553	17.90718	11	29	0	1	140	0.009	14	8	6.592	7.91	6	4	0	
2019-05-08 08:30:00	56.95659	17.90169	12	30	0	1	140	0.009	14	8	6.569	7.9	6	4	0	
2019-05-08 08:40:00	56.95632	17.90688	12	31	0	1	140	0.009	14	8	6.605	7.91	6	4	0	
2019-05-08 08:50:00	56.95527	17.91342	11	32	0	1	140	0.009	14	8	6.662	7.92	6	4	0	
2019-05-08 09:00:00	56.95464	17.92086	11	33	0	1	140	0.009	14	8	6.617	7.91	6	4	0	
2019-05-08 09:10:00	56.95527	17.91627	12	34	0	1	140	0.009	14	8	6.629	7.91	6	4	0	
2019-05-08 09:20:00	56.95572	17.90856	41	35	0	1	170	0.011	14	9	6.63	7.92	6	4	0	
2019-05-08 09:30:00	56.95557	17.90133	11	36	0	1	140	0.009	14	8	6.529	7.89	6	4	0	
2019-05-08 09:40:00	56.95539	17.90751	12	37	0	1	140	0.009	14	8	6.54	7.89	6	4	0	
2019-05-08 09:50:00	56.95476	17.91435	12	38	0	1	140	0.009	14	8	6.616	7.91	6	4	0	
2019-05-08 10:00:00	56.95401	17.92113	12	39	0	1	140	0.009	13.9	8	6.667	7.92	6	4	0	
2019-05-08 10:10:00	56.9547	17.9169	12	40	0	1	140	0.011	14	8	6.624	7.91	6	4	0	
2019-05-08 10:20:00	56.95404	17.91144	12	41	0	1	140	0.009	13.9	8	6.608	7.91	6	4	0	
2019-05-08 10:30:00	56.95383	17.90487	11	42	0	1	140	0.009	14	8	6.623	7.91	6	4	0	
2019-05-08 10:40:00	56.95335	17.89785	12	43	0	1	140	0.009	13.9	9	6.342	7.85	6	4	0	
2019-05-08 10:50:00	56.95221	17.8911	11	44	0	1	140	0.009	13.9	9	6.411	7.89	6	4	0	
2019-05-08 11:00:00	56.95065	17.88471	11	45	0	1	140	0.009	13.9	9	6.369	7.87	6	4	0	
2019-05-08 11:10:00	56.94897	17.87838	12	46	1	1	20	0.009	13.9	8	6.334	7.86	9		0	
2019-05-08 11:20:00	56.94681	17.87238	12	47	0	1	20	0.009	13.9	8	6.189	7.82	9		0	
2019-05-08 11:30:00	56.94486	17.8659	12	48	0	1	20	0.009	13.9	8	6.143	7.81	9		0	
2019-05-08 11:40:00	56.943	17.85969	12	49	0	1	20	0.011	13.9	8	6.141	7.8	9		0	
2019-05-08 11:50:00	56.94102	17.85306	12	50	0	1	20	0.009	13.9	8	6.463	7.9	9		0	
2019-05-08 12:00:00	56.93862	17.8458	40	51	0	1	50	0.011	13.9	8	6.415	7.88	9		0	
2019-05-08 12:10:00	56.93682	17.83848	12	52	0	1	20	0.009	13.9	8	6.405	7.88	9		0	
2019-05-08 12:20:00	56.93397	17.83263	12	53	0	1	20	0.009	13.9	8	6.384	7.87	9		0	
2019-05-08 12:30:00	56.93133	17.826	12	54	0	1	20	0.009	13.9	8	6.366	7.86	9		0	
2019-05-08 12:40:00	56.92851	17.81943	12	55	0	1	20	0.009	13.9	8	6.426	7.87	9		0	
2019-05-08 12:50:00	56.92587	17.81268	12	56	0	1	20	0.009	13.9	8	6.656	7.93	9		0	
2019-05-08 13:00:00	56.92347	17.80629	12	57	0	1	20	0.009	14	8	6.681	7.93	9		0	
2019-05-08 13:10:00	56.92161	17.79945	12	58	0	1	20	0.009	14	8	6.704	7.94	9		0	
2019-05-08 13:20:00	56.91942	17.79216	12	59	1	2	140	0.009	13.9	8	6.748	7.95	6	4	0	
2019-05-08 13:30:00	56.91741	17.78481	12	0	0	1	140	0.009	14	8	6.806	7.96	6	4	0	
2019-05-08 13:40:00	56.91561	17.7771	12	1	0	2	140	0.009	14	8	6.91	7.98	6	4	0	
2019-05-08 13:50:00	56.91384	17.76978	12	2	0	2	140	0.009	14	8	6.93	7.99	6	4	0	
2019-05-08 14:00:00	56.91201	17.76282	12	3	0	1	140	0.009	14.1	8	7.001	8	6	4	0	
2019-05-08 14:10:00	56.91114	17.75352	12	4	0	2	140	0.011	14	8	6.751	7.94	6	4	0	
2019-05-08 14:20:00	56.90937	17.74545	41	5	0	1	170	0.009	14.1	8	6.357	7.84	6	4	0	
2019-05-08 14:30:00	56.9076	17.73825	11	6	0	1	140	0.009	14.1	8	6.257	7.8	6	4	0	
2019-05-08 14:40:00	56.90616	17.73084	11	7	0	1	140	0.009	14.1	8	6.184	7.78	6	4	0	
2019-05-08 14:50:00	56.90451	17.72406	12	8	0	1	140	0.009	14.1	8	6.104	7.76	6	4	0	
2019-05-08 15:00:00	56.90325	17.71632	12	9	0	1	140	0.009	14	8	6.101	7.75	6	4	0	
2019-05-08 15:10:00	56.90505	17.72022	12	10	0	2	140	0.009	14	8	6.109	7.76	6	4	0	
2019-05-08 15:20:00	56.90661	17.72583	12	11	0	1	140	0.009	14	7	6.147	7.77	6	4	0	
2019-05-08 15:30:00	56.90844	17.73183	12	12	0	1	140	0.009	14	8	6.223	7.8	6	4	0	
2019-05-08 15:40:00	56.91321	17.73567	12	13	0	1	140	0.009	14.1	8	6.277	7.81	6	4	0	
2019-05-08 15:50:00	56.91888	17.73843	12	14	0	1	140	0.009	14	8	6.328	7.83	6	4	0	
2019-05-08 16:00:00	56.92494	17.74158	12	15	0	1	140	0.009	14	7	6.381	7.85	6	4	0	
2019-05-08 16:10:00	56.93139	17.7453	12	16	0	1	140	0.009	14	8	6.413	7.86	6	4	0	
2019-05-08 16:20:00	56.93763	17.75034	41	17	0	1	170	0.009	14.1	8	6.393	7.86	6	4	0	
2019-05-08 16:30:00	56.9436	17.75307	11	18	0	1	140	0.009	14.1	8	6.406	7.87	6	4	0	
2019-05-08 16:40:00	56.95011	17.75424	12	19	0	1	140	0.009	14.1	8	6.393	7.88	6	4	0	
2019-05-08 16:50:00	56.95644	17.75667	11	20	0	1	140	0.009	14.1	8	6.525	7.92	6	4	0	
2019-05-08 17:00:00	56.9628	17.75988	11	21	0	1	140	0.009	14.1	8	6.617	7.94	6	4	0	
2019-05-08 17:10:00	56.9694	17.76324	11	22	0	1	140	0.009	14.1	8	6.651	7.95	6	4	0	
2019-05-08 17:20:00	56.97612	17.7663	11	23	0	3	140	0.009	14.1	8	6.666	7.95	6	4	0	
2019-05-08 17:30:00	56.98236	17.77113	11	24	0	2	140	0.009	14.1	8	6.63	7.95	6	4	0	
2019-05-08 17:40:00	56.98875	17.77614	11	25	0	1	140	0.009	14.1	8	6.574	7.94	6	4	0	
2019-05-08 17:50:00	56.99523	17.78037	11	26	0	1	140	0.009	14.2	8	6.4	7.9	6	4	0	
2019-05-08 18:00:00	57.00174	17.78463	12	27	0	1	140	0.009	14.1	7	6.53	7.91	6	4	0	
2019-05-08 18:10:00	57.00741	17.79093	11	28	0	1	140	0.009	14.1	7	6.507	7.9	6	4	0	
2019-05-08 18:20:00	57.01338	17.79645	12	29	0	1	140	0.009	14	7	6.38	7.86	6	4	0	
2019-05-08 18:30:00	57.01965	17.80206	13	30	0	1	140	0.009	14	7	6.274	7.83	6	4	0	
2019-05-08 18:40:00	57.02568	17.80821	13	31	0	1	140	0.009	13.9	7	6.236	7.82	6	4	0	
2019-05-08 18:50:00	57.03126	17.81547	14	32	0	1	140	0.009	13.9	7	6.249	7.82	6	4	0	
2019-05-08 19:00:00	57.03696	17.82312	41	33	0	2	170	0.009	13.8	8	6.279	7.82	6	4	0	
2019-05-08 19:10:00	57.03573	17.8149	12	34	0	1	140	0.009	13.8	7	6.287	7.82	6	4	0	
2019-05-08 19:20:00	57.03438	17.80362	12	35	0	1	140	0.009	13.8	7	6.302	7.83	6	4	0	
2019-05-08 19:30:00	57.03282	17.79258	12	36	0	1	140	0.009	13.8	7	6.314	7.83	6	4	0	
2019-05-08 19:40:00	57.03774	17.79576	12	37	0	1	140	0.009	13.7	7	6.323	7.83	6	4	0	
2019-05-08 19:50:00	57.04395	17.80074	12	38	0	1	140	0.009	13.7	7	6.344	7.83	6	4	0	
2019-05-08 20:00:00	57.05073	17.80368	12	39	0	1	140	0.009	13.7	7	6.347	7.83	6	4	0	
2019-05-08 20:10:00	57.05703	17.80851	12	40	0	1	140	0.009	13.7	7	6.363	7.84	6	4	0	
2019-05-08 20:20:00	57.06282	17.81487	12	41	0	1	140	0.009	13.6	7	6.35	7.83	6	4	0	
2019-05-08 20:30:00	57.06918	17.82024	12	42	0	1	140	0.009	13.6	7	6.3	7.82	6	4	0	
2019-05-08 20:40:00	57.07545	17.82621	12	43	0	1	140	0.009	13.6	7	6.259	7.81	6	4	0	
2019-05-08 20:50:00	57.08109	17.83416	41	44	0	1	170	0.009	13.6	8	6.177	7.78	6	4	0	
2019-05-08 21:00:00	57.08661	17.84091	11	45	0	1	140	0.009	13.6	7	5.921	7.7	6	4	0	
2019-05-08 21:10:00	57.08541	17.8317	11	46	0	2	140	0.009	13.6	7	5.896	7.7	6	4	0	
2019-05-08 21:20:00	57.08361	17.82039	12	47	0	1	140	0.009	13.6	7	5.908	7.7	6	4	0	
2019-05-08 21:30:00	57.08187	17.80923	11	48	0	1	140	0.009	13.6	7	5.898	7.7	6	4	0	
2019-05-08 21:40:00	57.08709	17.81247	12	49	0	1	140	0.009	13.5	7	5.807	7.67	6	4	0	
2019-05-08 21:50:00	57.09273	17.81772	12	50	0	1	140	0.009	13.5	7	5.718	7.65	6	4	0	
2019-05-08 22:00:00	57.09801	17.82456	12	51	0	1	140	0.009	13.5	7	5.705	7.65	6	4	0	
2019-05-08 22:10:00	57.1038	17.83137	12	52	0	1	140	0.011	13.5	7	5.771	7.67	6	4	0	
2019-05-08 22:20:00	57.1086	17.83989	12	53	0	1	140	0.009	13.5	7	5.853	7.7	6	4	0	
2019-05-08 22:30:00	57.11373	17.84817	12	54	0	1	140	0.009	13.5	7	5.881	7.71	6	4	0	
2019-05-08 22:40:00	57.11157	17.83863	12	55	0	1	140	0.009	13.5	7	5.883	7.71	6	4	0	
2019-05-08 22:50:00	57.10659	17.82975	12	56	0	1	140	0.009	13.5	7	5.854	7.7	6	4	0	
2019-05-08 23:00:00	57.102	17.82066	12	57	0	1	140	0.009	13.5	7	5.806	7.68	6	4	0	
2019-05-08 23:10:00	57.10659	17.82579	12	58	0	1	140	0.009	13.5	7	5.871	7.71	6	4	0	
2019-05-08 23:20:00	57.11175	17.83371	12	59	0	1	140	0.009	13.5	7	5.936	7.72	6	4	0	
2019-05-08 23:30:00	57.1173	17.84094	16	0	0	1	140	0.009	13.5	7	5.965	7.73	6	4	0	
2019-05-08 23:40:00	57.1236	17.84538	14	1	0	1	140	0.009	13.4	7	6.016	7.75	6	4	0	
2019-05-08 23:50:00	57.12972	17.85006	12	2	0	1	140	0.009	13.4	7	6.05	7.76	6	4	0	
2019-05-09 00:00:00	57.13602	17.85591	40	3	0	1	170	0.009	13.4	7	6.06	7.76	6	4	0	
2019-05-09 00:10:00	57.13383	17.84607	12	4	0	1	140	0.009	13.4	7	6.102	7.77	6	4	0	
2019-05-09 00:20:00	57.13116	17.83422	12	5	0	1	140	0.009	13.4	7	6.112	7.77	6	4	0	
2019-05-09 00:30:00	57.12852	17.82198	12	6	0	1	140	0.009	13.4	7	5.977	7.72	6	4	0	
2019-05-09 00:40:00	57.13299	17.82396	12	7	0	1	140	0.009	13.4	7	6.006	7.73	6	4	0	
2019-05-09 00:50:00	57.13914	17.82714	12	8	0	3	140	0.009	13.4	7	6.218	7.79	6	4	0	
2019-05-09 01:00:00	57.14481	17.83134	12	9	0	1	140	0.009	13.4	7	6.199	7.79	6	4	0	
2019-05-09 01:10:00	57.15075	17.83455	12	10	0	1	140	0.009	13.4	7	6.184	7.78	6	4	0	
2019-05-09 01:20:00	57.15681	17.83806	12	11	0	1	140	0.011	13.4	7	6.202	7.79	6	4	0	
2019-05-09 01:30:00	57.16293	17.84181	13	12	0	1	140	0.009	13.4	7	6.184	7.79	6	4	0	
2019-05-09 01:40:00	57.16863	17.84685	12	13	0	1	140	0.009	13.4	7	6.159	7.78	6	4	0	
2019-05-09 01:50:00	57.1749	17.85015	13	14	0	1	140	0.011	13.4	7	6.084	7.76	6	4	0	
2019-05-09 02:00:00	57.18132	17.85297	12	15	0	1	140	0.009	13.4	7	5.942	7.71	6	4	0	
2019-05-09 02:10:00	57.18726	17.85774	13	16	0	2	140	0.009	13.4	7	5.907	7.7	6	4	0	
2019-05-09 02:20:00	57.19362	17.86131	14	17	0	1	140	0.009	13.4	7	5.818	7.67	6	4	0	
2019-05-09 02:30:00	57.19977	17.86497	14	18	0	1	140	0.009	13.4	7	5.779	7.66	6	4	0	
2019-05-09 02:40:00	57.19722	17.85546	13	19	0	1	140	0.009	13.4	7	5.665	7.63	6	4	0	
2019-05-09 02:50:00	57.19335	17.84562	16	20	0	1	140	0.009	13.4	7	5.522	7.58	6	4	0	
2019-05-09 03:00:00	57.18924	17.83458	41	21	0	1	170	0.009	13.4	7	5.354	7.54	6	4	0	
2019-05-09 03:10:00	57.19446	17.83677	11	22	0	1	140	0.009	13.4	7	5.374	7.54	6	4	0	
2019-05-09 03:40:00	57.21288	17.85018	12	25	0		140	0.009	13.4	7	5.521	7.58	6	4	0	
2019-05-09 03:50:00	57.21894	17.85372	12	26	0	1	140	0.009	13.4	7	5.54	7.59	6	4	0	
2019-05-09 04:00:00	57.22527	17.85552	12	27	0	1	140	0.009	13.4	7	5.518	7.58	6	4	0	
2019-05-09 04:10:00	57.23157	17.8563	12	28	0	1	140	0.009	13.4	7	5.467	7.57	6	4	0	
2019-05-09 04:20:00	57.23796	17.85768	12	29	0	1	140	0.009	13.4	7	5.432	7.56	6	4	0	
2019-05-09 04:30:00	57.24423	17.86101	12	30	0	1	140	0.009	13.4	7	5.43	7.55	6	4	0	
2019-05-09 04:40:00	57.25059	17.86446	12	31	0	1	140	0.009	13.4	6	5.446	7.56	6	4	0	
2019-05-09 04:50:00	57.25647	17.86917	12	32	0	1	140	0.009	13.4	7	5.449	7.56	6	4	0	
2019-05-09 05:00:00	57.26277	17.87319	12	33	0	1	140	0.009	13.5	7	5.469	7.56	6	4	0	
2019-05-09 05:10:00	57.2688	17.87883	12	34	0	1	140	0.009	13.5	7	5.525	7.58	6	4	0	
2019-05-09 05:20:00	57.27447	17.88519	15	35	0	1	140	0.011	13.5	7	5.563	7.59	6	4	0	
2019-05-09 05:30:00	57.27969	17.89272	13	36	0	1	140	0.009	13.6	7	5.641	7.61	6	4	0	
2019-05-09 05:40:00	57.2763	17.88444	12	37	0	1	140	0.009	13.6	7	5.55	7.59	6	4	0	
2019-05-09 05:50:00	57.27132	17.87538	12	38	0	1	140	0.009	13.7	7	5.445	7.56	6	4	0	
2019-05-09 06:00:00	57.26646	17.86494	59	39	0	1	190	0.009	13.9	7	5.378	7.54	6	4	0	
2019-05-09 06:10:00	57.27099	17.86866	11	40	0	1	140	0.009	14.1	7	5.402	7.55	6	4	0	
2019-05-09 06:20:00	57.27588	17.87628	11	41	0	1	140	0.009	14	7	5.493	7.57	6	4	0	
2019-05-09 06:30:00	57.28062	17.88435	11	42	0	1	140	0.009	14	7	5.574	7.59	6	4	0	
2019-05-09 06:40:00	57.27894	17.87616	12	43	0	1	140	0.009	14	6	5.532	7.58	6	4	0	
2019-05-09 06:50:00	57.27513	17.86536	11	44	0	1	140	0.009	14	7	5.455	7.56	6	4	0	
2019-05-09 07:00:00	57.27222	17.85375	12	45	0	1	140	0.009	14	7	5.333	7.53	6	4	0	
2019-05-09 07:10:00	57.27699	17.85771	12	46	0	1	140	0.009	14	7	5.436	7.55	6	4	0	
2019-05-09 07:20:00	57.28239	17.86446	12	47	0	1	140	0.009	14	7	5.473	7.56	6	4	0	
2019-05-09 07:30:00	57.28767	17.87166	12	48	0	1	140	0.009	14.1	7	5.529	7.58	6	4	0	
2019-05-09 07:40:00	57.29274	17.87928	12	49	0	1	140	0.009	14	7	5.585	7.59	6	4	0	
2019-05-09 07:50:00	57.29865	17.88585	12	50	0	1	140	0.009	14	7	5.67	7.62	6	4	0	
2019-05-09 08:00:00	57.30483	17.89119	12	51	0	1	140	0.009	14	7	5.714	7.64	6	4	0	
2019-05-09 08:20:00	57.31566	17.9037	12	53	1	1	20	0.009	14	7	5.748	7.65	9		0	
2019-05-09 08:30:00	57.32163	17.91033	16	54	0	1	20	0.009	14	7	5.769	7.65	9		0	
2019-05-09 08:40:00	57.32712	17.9172	12	55	0	1	20	0.009	14	7	5.811	7.68	9		0	
2019-05-09 08:50:00	57.33333	17.92293	13	56	0	1	20	0.009	14	7	5.711	7.65	9		0	
2019-05-09 09:00:00	57.33882	17.931	41	57	0	1	50	0.009	14	7	5.712	7.65	9		0	
2019-05-09 09:10:00	57.34401	17.93799	11	58	0	1	20	0.011	14	7	5.662	7.64	9		0	
2019-05-09 09:20:00	57.34977	17.94309	14	59	0	2	20	0.009	14	7	5.5	7.59	9		0	
2019-05-09 09:30:00	57.35565	17.94822	13	0	0	1	20	0.009	14	7	5.53	7.58	9		0	
2019-05-09 09:40:00	57.36063	17.95557	15	1	0	1	20	0.009	14	7	5.723	7.59	9		0	
2019-05-09 09:50:00	57.36642	17.96244	41	2	0	2	50	0.009	14	7	5.916	7.64	9		0	
2019-05-09 10:00:00	57.37149	17.96982	12	3	0	1	20	0.009	14	7	6.008	7.68	9		0	
2019-05-09 10:10:00	57.37392	17.97717	13	4	0	1	20	0.009	14	7	6.17	7.77	9		0	
2019-05-09 10:20:00	57.37671	17.98497	12	5	0	1	20	0.009	14	7	6.123	7.78	9		0	
2019-05-09 10:30:00	57.37977	17.9928	13	6	0	1	20	0.009	13.9	7	6.254	7.82	9		0	
2019-05-09 10:40:00	57.37629	17.98809	13	7	0	1	20	0.009	13.9	7	6.02	7.75	9		0	
2019-05-09 10:50:00	57.37206	17.98239	12	8	0	1	20	0.009	13.9	7	6.173	7.78	9		0	
2019-05-09 11:00:00	57.36786	17.97789	12	9	0	1	20	0.009	13.9	7	6.161	7.76	9		0	
2019-05-09 11:10:00	57.37209	17.98728	41	10	0	1	50	0.009	13.9	7	6.037	7.75	9		0	
2019-05-09 11:20:00	57.37704	17.9955	12	11	0	1	20	0.009	13.9	7	6.346	7.84	9		0	
2019-05-09 11:30:00	57.38262	18.00363	12	12	0	2	20	0.009	13.9	7	6.185	7.79	9		0	
2019-05-09 11:40:00	57.37971	17.99973	11	13	0	1	20	0.009	13.9	7	6.216	7.8	9		0	
2019-05-09 11:50:00	57.37524	17.99466	12	14	0	1	20	0.009	13.9	7	6.377	7.85	9		0	
2019-05-09 12:00:00	57.37089	17.98926	12	15	0	1	20	0.009	13.9	7	6.064	7.76	9		0	
2019-05-09 12:10:00	57.37308	17.99538	12	16	0	1	20	0.009	13.9	7	6.388	7.85	9		0	
2019-05-09 12:20:00	57.37566	18.00327	13	17	0	1	20	0.009	13.9	7	5.985	7.74	9		0	
2019-05-09 12:30:00	57.37836	18.01188	12	18	0	1	20	0.009	13.9	7	5.984	7.75	9		0	
2019-05-09 12:40:00	57.375	18.00549	12	19	0	2	20	0.009	13.9	7	5.986	7.75	9		0	
2019-05-09 12:50:00	57.37077	17.99595	12	20	0	1	20	0.009	13.9	7	6.343	7.84	9		0	
2019-05-09 13:00:00	57.36612	17.98689	12	21	0	2	20	0.009	13.9	7	6.227	7.79	9		0	
2019-05-09 13:10:00	57.36966	17.9925	12	22	0	1	20	0.009	13.9	7	6.094	7.77	9		0	
2019-05-09 13:20:00	57.37389	18.00246	12	23	0	1	20	0.009	13.9	7	6.029	7.75	9		0	
2019-05-09 13:30:00	57.37863	18.01209	12	24	0	1	20	0.009	13.9	7	5.986	7.75	9		0	
2019-05-09 13:40:00	57.37653	18.00372	12	25	0	1	20	0.009	14	7	5.992	7.75	9		0	
2019-05-09 13:50:00	57.37299	17.99337	12	26	0	1	20	0.009	14	7	6.241	7.81	9		0	
2019-05-09 14:00:00	57.3684	17.98392	59	27	0	1	70	0.009	14	8	6.208	7.78	9		0	
2019-05-09 14:10:00	57.37371	17.99199	41	28	0	1	50	0.009	14	7	6.194	7.8	9		0	
2019-05-09 14:20:00	57.37884	17.99937	12	29	0	1	20	0.009	14	7	6.108	7.78	9		0	
2019-05-09 14:30:00	57.38508	18.00372	12	30	0	1	20	0.009	13.9	7	6.013	7.75	9		0	
2019-05-09 14:40:00	57.38292	17.99925	12	31	0	1	20	0.009	13.9	7	6.11	7.78	9		0	
2019-05-09 14:50:00	57.37908	17.99325	13	32	0	1	20	0.009	13.9	7	6.355	7.84	9		0	
2019-05-09 15:00:00	57.37527	17.98797	14	33	0	1	20	0.009	13.9	7	6.116	7.78	9		0	
2019-05-09 15:10:00	57.37185	17.98359	13	34	0	1	20	0.009	13.9	7	6.216	7.78	9		0	
2019-05-09 15:20:00	57.36855	17.97849	12	35	0	1	20	0.009	13.9	7	6.148	7.75	9		0	
2019-05-09 15:30:00	57.36543	17.97363	13	36	0	3	20	0.011	13.9	7	6.097	7.73	9		0	
2019-05-09 15:40:00	57.37056	17.97402	12	37	0	1	20	0.009	13.9	7	6.186	7.76	9		0	
2019-05-09 15:50:00	57.37707	17.97345	41	38	0	1	50	0.009	13.9	7	6.201	7.78	9		0	
2019-05-09 16:00:00	57.38256	17.97642	12	39	0	1	20	0.009	13.9	7	6.173	7.76	9		0	
2019-05-09 16:10:00	57.3807	17.97267	12	40	0	1	20	0.009	14.1	7	6.119	7.73	9		0	
2019-05-09 16:20:00	57.37758	17.9682	12	41	0	1	20	0.009	14.1	7	6.081	7.7	9		0	
2019-05-09 16:30:00	57.37533	17.96505	13	42	0	1	20	0.009	14	7	6.081	7.7	9		0	
2019-05-09 16:40:00	57.37755	17.96751	12	43	0	1	20	0.009	14	7	6.082	7.7	9		0	
2019-05-09 16:50:00	57.37959	17.9715	12	44	0	1	20	0.011	14	7	6.106	7.72	9		0	
2019-05-09 17:00:00	57.38181	17.97555	12	45	0	1	20	0.009	14	7	6.105	7.72	9		0	
2019-05-09 17:10:00	57.38334	17.97873	12	46	0	1	20	0.009	14	7	6.146	7.74	9		0	
2019-05-09 17:20:00	57.38574	17.98038	13	47	0	1	20	0.009	14	7	6.147	7.74	9		0	
2019-05-09 17:30:00	57.38823	17.98257	12	48	0	1	20	0.011	14	7	6.145	7.73	9		0	
2019-05-09 17:40:00	57.39009	17.98497	11	49	0	1	20	0.009	14	7	6.181	7.72	9		0	
2019-05-09 17:50:00	57.39165	17.98737	15	50	0	1	20	0.009	14	7	6.174	7.72	9		0	
2019-05-09 18:00:00	57.39333	17.98974	40	51	0	1	50	0.009	14	7	6.175	7.71	9		0	
2019-05-09 18:10:00	57.39525	17.99133	12	52	0	2	20	0.009	14	7	6.173	7.71	9		0	
2019-05-09 18:20:00	57.39714	17.99232	11	53	0	1	20	0.009	14	7	6.156	7.71	9		0	
2019-05-09 18:30:00	57.39936	17.99394	11	54	0	1	20	0.009	14	7	6.176	7.71	9		0	
2019-05-09 18:40:00	57.40152	17.99475	11	55	0	1	20	0.009	14	7	6.183	7.71	9		0	
2019-05-09 18:50:00	57.40359	17.99586	12	56	0	1	20	0.009	14	7	6.179	7.7	9		0	
2019-05-09 19:00:00	57.4059	17.99625	12	57	0	1	20	0.009	13.9	7	6.171	7.7	9		0	
2019-05-09 19:10:00	57.40386	17.99613	12	58	0	1	20	0.009	14	7	6.155	7.69	9		0	
2019-05-09 19:30:00	57.39726	17.99553	12	0	0		20	0.009	13.9	7	6.163	7.71	9		0	
2019-05-09 19:40:00	57.39369	17.99472	13	1	0	2	20	0.009	13.9	7	6.149	7.71	9		0	
2019-05-09 19:50:00	57.38979	17.99433	12	2	0	1	20	0.009	13.9	7	6.163	7.71	9		0	
2019-05-09 20:00:00	57.38589	17.99475	37	3	0	1	40	0.009	13.9	7	6.24	7.81	9		0	
2019-05-09 20:10:00	57.38745	17.99457	11	4	0	1	20	0.009	13.9	7	6.162	7.71	9		0	
2019-05-09 20:20:00	57.3888	17.99328	11	5	0	1	20	0.009	13.9	7	6.167	7.71	9		0	
2019-05-09 20:30:00	57.39084	17.98923	11	6	0	1	20	0.009	13.9	7	6.146	7.7	9		0	
2019-05-09 20:40:00	57.3918	17.99085	11	7	0	1	20	0.009	13.9	7	6.138	7.69	9		0	
2019-05-09 20:50:00	57.39213	17.99352	11	8	0	1	20	0.009	13.9	7	6.174	7.71	9		0	
2019-05-09 21:00:00	57.39288	17.99529	11	9	0	1	20	0.009	13.9	7	6.164	7.71	9		0	
2019-05-09 21:10:00	57.3933	17.99844	11	10	0	1	20	0.009	13.9	7	6.163	7.71	9		0	
2019-05-09 21:20:00	57.39327	18.0003	11	11	0	1	20	0.009	13.9	7	6.165	7.71	9		0	
2019-05-09 21:30:00	57.39288	18.00075	12	12	0	1	20	0.009	13.9	7	6.164	7.71	9		0	
2019-05-09 21:40:00	57.39243	18.0006	11	13	0	1	20	0.009	13.9	7	6.159	7.71	9		0	
2019-05-09 21:50:00	57.39186	18.00036	11	14	0	1	20	0.009	13.9	7	6.16	7.71	9		0	
2019-05-09 22:00:00	57.39222	17.99991	11	15	0	1	20	0.009	13.9	7	6.161	7.71	9		0	
2019-05-09 22:10:00	57.39192	17.99805	12	16	0	3	20	0.009	13.9	7	6.161	7.71	9		0	
2019-05-09 22:20:00	57.39342	17.99526	11	17	0	1	20	0.009	13.9	7	6.135	7.69	9		0	
2019-05-09 22:30:00	57.39501	17.9946	12	18	0	1	20	0.009	13.9	7	6.133	7.68	9		0	
2019-05-09 22:40:00	57.39663	17.99385	11	19	0	1	20	0.009	13.9	7	6.117	7.68	9		0	
2019-05-09 22:50:00	57.3981	17.99313	11	20	0	1	20	0.009	13.9	7	6.142	7.69	9		0	
2019-05-09 23:00:00	57.40005	17.99229	12	21	0	1	20	0.009	13.9	7	6.158	7.69	9		0	
2019-05-09 23:10:00	57.40146	17.99073	11	22	0	1	20	0.009	13.9	7	6.152	7.69	9		0	
2019-05-09 23:20:00	57.40152	17.98935	12	23	0	2	20	0.011	13.9	7	6.149	7.69	9		0	
2019-05-09 23:30:00	57.39903	17.9907	12	24	0	1	20	0.009	13.9	7	6.154	7.69	9		0	
2019-05-09 23:40:00	57.39663	17.99145	14	25	0	1	20	0.009	13.9	7	6.156	7.69	9		0	
2019-05-09 23:50:00	57.3948	17.99145	19	26	0	3	30	0.009	13.8	7	6.129	7.68	9		0	
2019-05-10 00:00:00	57.39291	17.99124	40	27	0	1	50	0.009	13.8	7	6.108	7.68	9		0	
2019-05-10 00:10:00	57.3912	17.99106	11	28	0	1	20	0.009	13.8	7	6.116	7.68	9		0	
2019-05-10 00:20:00	57.38928	17.9907	11	29	0	1	20	0.009	13.8	7	6.125	7.68	9		0	
2019-05-10 00:30:00	57.38724	17.99049	13	30	0	1	20	0.009	13.8	7	6.133	7.69	9		0	
2019-05-10 00:40:00	57.38526	17.99028	11	31	0	1	20	0.009	13.8	7	6.143	7.7	9		0	
2019-05-10 00:50:00	57.38238	17.99043	12	32	0	1	20	0.009	13.8	7	6.132	7.7	9		0	
2019-05-10 01:00:00	57.37971	17.99199	13	33	0	1	20	0.009	13.8	7	6.125	7.72	9		0	
2019-05-10 01:10:00	57.37773	17.99388	12	34	0	1	20	0.009	13.8	7	6.115	7.75	9		0	
2019-05-10 01:20:00	57.37662	17.99769	12	35	0	2	20	0.009	13.8	7	6.006	7.75	9		0	
2019-05-10 01:30:00	57.37563	18.00102	11	36	0	1	20	0.009	13.8	7	5.985	7.74	9		0	
2019-05-10 01:40:00	57.37467	18.00348	11	37	0	1	20	0.009	13.8	7	5.998	7.74	9		0	
2019-05-10 01:50:00	57.3735	18.00627	12	38	0	2	20	0.009	13.8	7	5.974	7.74	9		0	
2019-05-10 02:00:00	57.37275	18.00804	12	39	0	1	20	0.009	13.8	7	5.97	7.73	9		0	
2019-05-10 02:10:00	57.37188	18.01041	11	40	0	1	20	0.009	13.8	7	5.963	7.73	9		0	
2019-05-10 02:20:00	57.37113	18.01236	11	41	0	1	20	0.009	13.8	7	5.883	7.71	9		0	
2019-05-10 02:30:00	57.36969	18.01338	12	42	0	1	20	0.009	13.8	7	5.854	7.7	9		0	
2019-05-10 02:40:00	57.36762	18.01338	12	43	0	1	20	0.009	13.8	7	5.915	7.71	9		0	
2019-05-10 02:50:00	57.36555	18.01164	19	44	0	1	30	0.009	13.8	7	5.817	7.68	9		0	
2019-05-10 03:00:00	57.36357	18.00993	31	45	0	1	40	0.009	13.8	7	5.79	7.68	9		0	
2019-05-10 03:10:00	57.36543	18.01107	12	46	0	1	20	0.009	13.8	7	5.803	7.68	9		0	
2019-05-10 03:20:00	57.36774	18.01383	11	47	0	1	20	0.009	13.8	7	5.884	7.7	9		0	
2019-05-10 03:30:00	57.3696	18.01629	11	48	0	1	20	0.009	13.8	6	5.896	7.71	9		0	
2019-05-10 03:40:00	57.37152	18.01839	11	49	0	1	20	0.009	13.8	7	5.878	7.71	9		0	
2019-05-10 03:50:00	57.37311	18.02049	11	50	0	1	20	0.009	13.9	7	5.91	7.72	9		0	
2019-05-10 04:00:00	57.37449	18.02223	12	51	0	1	20	0.009	13.9	7	5.926	7.72	9		0	
2019-05-10 04:10:00	57.37377	18.02064	11	52	0	1	20	0.009	13.9	7	5.916	7.72	9		0	
2019-05-10 04:20:00	57.37401	18.02007	11	53	0	1	20	0.009	13.9	7	5.905	7.72	9		0	
2019-05-10 04:30:00	57.37572	18.02112	11	54	0	1	20	0.009	14	7	5.923	7.72	9		0	
2019-05-10 04:40:00	57.37581	18.02016	12	55	0	1	20	0.009	14	7	5.914	7.72	9		0	
2019-05-10 04:50:00	57.37596	18.01911	12	56	0	1	20	0.009	14.1	7	5.911	7.72	9		0	
2019-05-10 05:00:00	57.37812	18.01908	12	57	0	1	20	0.009	14.1	7	5.925	7.72	9		0	
2019-05-10 05:10:00	57.37941	18.02091	11	58	0	1	20	0.009	14.1	7	5.975	7.74	9		0	
2019-05-10 05:20:00	57.38052	18.02349	11	59	0	1	20	0.009	14.1	7	6.045	7.76	9		0	
2019-05-10 05:30:00	57.38196	18.02496	11	0	0	1	20	0.009	14.1	7	6.114	7.78	9		0	
2019-05-10 05:40:00	57.38301	18.02742	16	1	0	1	20	0.009	14	7	6.15	7.79	9		0	
2019-05-10 05:50:00	57.38334	18.02994	15	2	0	1	20	0.009	14	7	6.174	7.8	9		0	
2019-05-10 06:00:00	57.38403	18.03324	40	3	0	1	50	0.009	14	7	6.163	7.79	9		0	
2019-05-10 06:10:00	57.38478	18.03552	11	4	0	1	20	0.009	14	7	6.137	7.78	9		0	
2019-05-10 06:20:00	57.38574	18.03855	11	5	0	1	20	0.009	14	7	6.083	7.77	9		0	
2019-05-10 06:30:00	57.38655	18.04089	11	6	0	1	20	0.009	14	7	6.055	7.76	9		0	
2019-05-10 06:40:00	57.38736	18.04362	12	7	0	1	20	0.009	14	7	6.031	7.75	9		0	
2019-05-10 06:50:00	57.38826	18.04518	12	8	0	1	20	0.011	14	7	6.044	7.75	9		0	
2019-05-10 07:00:00	57.38916	18.048	12	9	0	1	20	0.009	14	7	6.018	7.75	9		0	
2019-05-10 07:10:00	57.38955	18.05061	12	10	0	1	20	0.009	14	7	6.105	7.76	9		0	
2019-05-10 07:20:00	57.38952	18.05454	12	11	0	1	20	0.009	14	7	6.518	7.87	9		0	
2019-05-10 07:30:00	57.38949	18.05862	12	12	0	1	20	0.009	14	8	6.667	7.91	9		0	
2019-05-10 07:40:00	57.38952	18.06204	12	13	0	1	20	0.009	14	7	6.73	7.93	9		0	
2019-05-10 07:50:00	57.38979	18.06612	12	14	0	1	20	0.009	14	7	6.759	7.93	9		0	
2019-05-10 08:00:00	57.38997	18.06888	13	15	0	1	20	0.009	14	7	6.799	7.94	9		0	
2019-05-10 08:10:00	57.39039	18.07161	12	16	0	1	20	0.009	14	7	6.85	7.95	9		0	
2019-05-10 08:20:00	57.39105	18.07353	13	17	0	1	20	0.009	14	8	6.746	7.93	9		0	
2019-05-10 08:30:00	57.39171	18.07554	14	18	0	2	20	0.009	14	8	6.716	7.92	9		0	
2019-05-10 08:40:00	57.3933	18.07653	12	19	0	1	20	0.009	13.9	8	6.728	7.92	9		0	
2019-05-10 08:50:00	57.39687	18.08865	41	20	0	1	50	0.009	13.9	8	6.575	7.88	9		0	
2019-05-10 09:00:00	57.40011	18.10713	11	21	0	1	20	0.009	13.9	8	7.869	8.19	9		0	
2019-05-10 09:10:00	57.40158	18.12729	11	22	0	1	20	0.009	13.9	8	8.267	8.28	9		0	
2019-05-10 09:20:00	57.40089	18.1515	11	23	0	1	20	0.009	13.9	8	9.264	8.51	9		0	
2019-05-10 09:30:00	57.40629	18.15705	12	24	0	1	20	0.009	13.9	8	10.674	8.88	9		0	
2019-05-10 09:42:07	57.40632	18.15702	11	0	0	0	20	0.011	14	10	10.729	8.89	9		0	
2019-05-10 09:50:00	57.40632	18.15708	12	1	0	1	20	0.009	14	9	10.839	8.91	9		0	
2019-05-10 10:00:00	57.40632	18.15705	12	2	1	2	140	0.009	14	10	10.796	8.9	6	2	0	
2019-05-10 10:10:00	57.40632	18.15687	12	3	0	1	140	0.009	14.1	10	10.949	8.92	6	2	0	
2019-05-10 10:20:00	57.40632	18.15702	12	4	0	1	140	0.009	14.1	11	10.865	8.92	6	2	0	
2019-05-10 10:30:00	57.40632	18.15702	13	5	0	1	140	0.009	14	11	10.991	8.95	6	2	0	
2019-05-14 06:40:00	57.40659	18.15687	14	2	0		20	0.009	13.9	7	11.505		9		0	
2019-05-31 08:31:41	60.34149	5.35569	12	0	0	0	350	0.009	13.8	23	10.041		0	2	5	
2019-05-31 08:40:00	60.34155	5.35566	12	1	0	1	350	0.009	13.8	21	9.445		0	2	5	
2019-05-31 08:57:06	60.34161	5.35569	12	0	0	0	350	0.011	14.1	19	10.25		0	2	5	
2019-05-31 09:30:00	60.34158	5.35569	11	3	0		350	0.009	14.1	17	9.651		0	2	5	
2019-05-31 09:40:00	60.34158	5.35569	11	4	0	1	350	0.009	14	17	10.195		0	2	5	
2019-05-31 09:50:00	60.34161	5.35569	11	5	0	1	350	0.009	14	17	11.74		0	2	5	
2019-05-31 10:00:00	60.34152	5.35563	11	6	0	2	350	0.009	14.1	18	10.815		0	2	5	
2019-05-31 10:10:00	60.34158	5.35569	11	7	0	1	350	0.009	14.1	18	11.032		0	2	5	
2019-05-31 10:20:00	60.34158	5.35572	12	8	0	3	350	0.009	14.1	18	11.184		0	2	5	
2019-05-31 10:30:00	60.34158	5.35563	12	9	0	2	350	0.009	14.1	18	11.049		0	2	5	
2019-05-31 10:40:00	60.34149	5.35575	11	10	0	1	350	0.009	14	18	10.372		0	2	5	
2019-05-31 10:50:00	60.34158	5.35572	11	11	0	1	350	0.009	14	18	10.972		0	2	5	
2019-05-31 11:00:00	60.34158	5.35569	12	12	0	1	360	0.009	14.1	18	10.744		0	2	5	
2019-05-31 11:45:11	60.34164	5.35563	11	0	0	0	350	0.011	14.2	19	10.962		0	2	5	
2019-05-31 12:10:00	60.34158	5.35566	12	2	0		80	0.009	14.1	18	11.082		6	2	0	
2019-05-31 12:20:00	60.34155	5.35578	11	3	0	3	80	0.009	14.1	17	11.548		6	2	0	
2019-05-31 12:30:00	60.34161	5.35569	11	4	0	1	350	0.009	14.1	17	11.499		0	2	5	
2019-05-31 12:40:00	60.34155	5.35566	11	5	0	1	80	0.009	14.1	17	10.552		6	2	0	
2019-05-31 12:50:00	60.34155	5.35563	11	6	0	1	80	0.009	14.1	17	10.514		6	2	0	
2019-06-04 08:27:59	60.34158	5.35566	11	0	0	0	360	0.009	14.1	21	13.83		0	2	5	
2019-06-04 08:40:00	60.34158	5.35566	11	1	0	1	350	0.009	14.1	18	13.128		0	2	5	
2019-06-28 14:30:00	57.37755	18.10911	13	1	0		350	0.009	14	21	15.462	9.83	0	8	5	
2019-06-28 14:40:00	57.37587	18.10443	42	2	0	2	380	0.009	14	21	15.631	9.87	0	8	5	
2019-06-28 14:50:00	57.37509	18.09858	11	3	0	1	350	0.009	14	21	15.751	9.89	0	8	5	
2019-06-28 15:00:00	57.37401	18.09207	11	4	0	1	350	0.009	14.1	20	15.883	9.92	0	8	5	
2019-06-28 15:10:00	57.37317	18.08556	12	5	0	1	350	0.009	14.1	20	15.995	9.96	0	8	5	
2019-06-28 15:20:00	57.37218	18.08022	12	6	0	1	350	0.009	14	20	16.009	9.95	0	8	5	
2019-06-28 15:30:00	57.37095	18.07548	12	7	0	1	350	0.009	14.1	19	16.026	9.95	0	8	5	
2019-06-28 15:40:00	57.36975	18.07122	12	8	0	1	350	0.009	14	19	15.857	9.9	0	8	5	
2019-06-28 15:50:00	57.36831	18.06726	12	9	0	1	350	0.009	13.9	19	15.637	9.86	0	8	5	
2019-06-28 16:00:00	57.36657	18.06432	13	10	0	1	350	0.009	14	19	15.295	9.79	0	8	5	
2019-06-28 16:10:00	57.36492	18.06147	12	11	0	2	360	0.009	14	19	15.323	9.78	0	8	5	
2019-06-28 16:20:00	57.36294	18.05913	12	12	0	1	350	0.009	13.9	19	15.323	9.79	0	8	5	
2019-06-28 16:30:00	57.36108	18.05682	12	13	0	1	350	0.009	14.1	19	15.348	9.78	0	8	5	
2019-06-28 16:40:00	57.35883	18.05484	12	14	0	1	350	0.009	14	19	15.372	9.79	0	8	5	
2019-06-28 16:50:00	57.3561	18.05448	12	15	0	1	350	0.009	14.1	19	15.18	9.71	0	8	5	
2019-06-28 17:00:00	57.35403	18.05484	12	16	0	1	350	0.009	14.1	19	15.349	9.76	0	8	5	
2019-06-28 17:10:00	57.35238	18.05496	13	17	0	1	350	0.009	14.1	18	15.249	9.72	0	8	5	
2019-06-28 17:20:00	57.35346	18.05613	42	18	0	1	380	0.009	14.1	19	15.286	9.72	0	8	5	
2019-06-28 17:30:00	57.35262	18.05742	12	19	0	1	350	0.009	14.1	18	15.26	9.71	0	8	5	
2019-06-28 17:40:00	57.35157	18.0579	12	20	0	1	350	0.009	14.1	18	15.168	9.68	0	8	5	
2019-06-28 17:50:00	57.35025	18.0582	12	21	0	1	350	0.009	14.1	18	15.2	9.67	0	8	5	
2019-06-28 18:00:00	57.34911	18.05826	12	22	0	1	360	0.009	14.1	18	15.085	9.63	0	8	5	
2019-06-28 18:10:00	57.3486	18.05889	12	23	0	1	350	0.009	14	18	14.98	9.58	0	8	5	
2019-06-28 18:20:00	57.34956	18.05988	12	24	0	1	350	0.009	13.9	18	15	9.6	0	8	5	
2019-06-28 18:30:00	57.35046	18.06066	12	25	0	1	350	0.009	13.8	18	15.009	9.6	0	8	5	
2019-06-28 18:40:00	57.35088	18.06183	12	26	0	1	350	0.009	13.7	18	15	9.59	0	8	5	
2019-06-28 18:50:00	57.35121	18.06303	12	27	0	1	350	0.009	13.6	17	14.989	9.59	0	8	5	
2019-06-28 19:00:00	57.3516	18.06471	12	28	0	1	350	0.009	13.6	17	14.998	9.59	0	8	5	
2019-06-28 19:10:00	57.35175	18.06702	12	29	0	1	350	0.009	13.6	17	15.048	9.63	0	8	5	
2019-06-28 19:20:00	57.35202	18.06861	12	30	0	1	360	0.009	13.5	17	15.052	9.63	0	8	5	
2019-06-28 19:30:00	57.35343	18.06939	12	31	0	1	350	0.009	13.5	17	15.102	9.71	0	8	5	
2019-06-28 19:40:00	57.35451	18.06921	12	32	0	1	350	0.009	13.5	17	15.097	9.73	0	8	5	
2019-06-28 19:50:00	57.35445	18.06846	12	33	0	1	350	0.009	13.4	17	15.136	9.74	0	8	5	
2019-06-28 20:00:00	57.35478	18.06834	41	34	0	1	380	0.009	13.4	17	14.986	9.7	0	8	5	
2019-06-28 20:10:00	57.3552	18.06834	11	35	0	1	350	0.009	13.4	16	14.992	9.73	0	8	5	
2019-06-28 20:20:00	57.35616	18.06501	11	36	0	1	350	0.009	13.4	16	15.084	9.77	0	8	5	
2019-06-28 20:30:00	57.35802	18.06264	11	37	0	1	350	0.009	13.4	16	14.997	9.75	0	8	5	
2019-06-28 20:40:00	57.36024	18.05997	11	38	0	1	350	0.009	13.4	16	15.077	9.77	0	8	5	
2019-06-28 20:50:00	57.36213	18.0567	11	39	0	1	350	0.009	13.3	16	15.609	9.89	0	8	5	
2019-06-28 21:00:00	57.36486	18.05223	11	40	0	1	350	0.009	13.3	16	14.926	9.68	0	8	5	
2019-06-28 21:10:00	57.36798	18.05364	11	41	0	1	350	0.009	13.3	16	14.285	9.5	0	8	5	
2019-06-28 21:20:00	57.37068	18.05547	13	42	0	1	350	0.009	13.3	16	14.533	9.59	0	8	5	
2019-06-28 21:30:00	57.37119	18.05016	12	43	0	1	350	0.009	13.3	16	14.019	9.46	0	8	5	
2019-06-28 21:40:00	57.37044	18.04488	12	44	0	1	350	0.009	13.3	16	14.934	9.71	0	8	5	
2019-06-28 21:50:00	57.37002	18.04701	12	45	0	1	350	0.009	13.3	16	14.051	9.48	0	8	5	
2019-06-28 22:00:00	57.36924	18.04965	42	46	0	1	380	0.009	13.3	16	13.69	9.35	0	8	5	
2019-06-28 22:10:00	57.3684	18.05145	11	47	0	1	360	0.009	13.3	16	13.967	9.42	0	8	5	
2019-06-28 22:20:00	57.36747	18.05388	11	48	0	1	350	0.009	13.3	16	14.886	9.68	0	8	5	
2019-06-28 22:30:00	57.36816	18.04962	12	49	0	1	350	0.009	13.3	16	13.827	9.38	0	8	5	
2019-06-28 22:40:00	57.36891	18.04437	11	50	0	1	350	0.009	13.3	16	13.659	9.35	0	8	5	
2019-06-28 22:50:00	57.36849	18.04638	11	51	0	1	350	0.009	13.3	15	13.546	9.3	0	8	5	
2019-06-28 23:00:00	57.36717	18.04989	12	52	0	1	350	0.009	13.3	16	14.381	9.53	0	8	5	
2019-06-28 23:10:00	57.36579	18.05406	11	53	0	1	350	0.009	13.3	16	14.923	9.71	0	8	5	
2019-06-28 23:20:00	57.3639	18.05838	11	54	0	1	350	0.009	13.3	16	14.879	9.71	0	8	5	
2019-06-28 23:30:00	57.3657	18.05448	11	55	0	1	350	0.009	13.3	16	14.804	9.69	0	8	5	
2019-06-28 23:40:00	57.36666	18.05007	12	56	0	3	350	0.009	13.3	16	14.479	9.59	0	8	5	
2019-06-28 23:50:00	57.36618	18.05442	12	57	0	1	350	0.009	13.3	16	14.889	9.71	0	8	5	
2019-06-29 00:00:00	57.36474	18.05901	12	58	0	1	350	0.009	13.3	16	14.643	9.64	0	8	5	
2019-06-29 00:10:00	57.36669	18.05688	12	59	0	1	350	0.009	13.3	16	14.82	9.68	0	8	5	
2019-06-29 00:20:00	57.3684	18.0534	12	0	0	1	350	0.009	13.3	16	14.398	9.57	0	8	5	
2019-06-29 00:30:00	57.36747	18.05829	13	1	0	3	350	0.009	13.3	16	14.694	9.65	0	8	5	
2019-06-29 00:40:00	57.36636	18.06228	12	2	0	1	350	0.009	13.3	16	14.432	9.58	0	8	5	
2019-06-29 00:50:00	57.36888	18.06042	12	3	0	1	350	0.009	13.3	16	14.625	9.64	0	8	5	
2019-06-29 01:00:00	57.37122	18.05766	12	4	0	1	350	0.009	13.3	16	14.183	9.52	0	8	5	
2019-06-29 01:10:00	57.37122	18.06075	12	5	0	1	350	0.009	13.3	16	14.371	9.57	0	8	5	
2019-06-29 01:20:00	57.37053	18.06477	15	6	0	1	360	0.009	13.3	16	14.491	9.59	0	8	5	
2019-06-29 01:30:00	57.36951	18.06906	42	7	0	1	380	0.009	13.3	16	14.145	9.49	0	8	5	
2019-06-29 01:40:00	57.36828	18.07359	11	8	0	1	350	0.009	13.3	16	14.143	9.5	0	8	5	
2019-06-29 01:50:00	57.3702	18.07365	11	9	0	1	350	0.009	13.3	16	14.155	9.51	0	8	5	
2019-06-29 02:00:00	57.37194	18.0717	11	10	0	1	350	0.009	13.3	16	14.249	9.53	0	8	5	
2019-06-29 02:10:00	57.37149	18.07557	11	11	0	1	360	0.009	13.3	16	14.126	9.51	0	8	5	
2019-06-29 02:20:00	57.37038	18.07941	11	12	0	1	350	0.009	13.3	16	14.092	9.49	0	8	5	
2019-06-29 02:30:00	57.37203	18.0783	12	13	0	1	350	0.009	13.3	16	14.115	9.51	0	8	5	
2019-06-29 02:40:00	57.37392	18.07599	12	14	0	1	350	0.009	13.3	16	14.294	9.55	0	8	5	
2019-06-29 02:50:00	57.37335	18.08007	11	15	0	1	350	0.009	13.3	16	14.164	9.52	0	8	5	
2019-06-29 03:00:00	57.37254	18.08463	42	16	0	3	380	0.009	13.3	16	14.074	9.5	0	8	5	
2019-06-29 03:10:00	57.37374	18.08307	11	17	0	1	350	0.009	13.3	16	14.156	9.52	0	8	5	
2019-06-29 03:20:00	57.37518	18.08043	11	18	0	1	350	0.009	13.3	16	14.231	9.53	0	8	5	
2019-06-29 03:30:00	57.3768	18.07782	11	19	0	1	350	0.009	13.3	16	14.098	9.49	0	8	5	
2019-06-29 03:40:00	57.37848	18.07503	12	20	0	1	360	0.009	13.3	16	14.07	9.5	0	8	5	
2019-06-29 03:50:00	57.37752	18.07947	11	21	0	1	350	0.009	13.3	16	14.04	9.5	0	8	5	
2019-06-29 04:00:00	57.37662	18.08313	12	22	0	1	360	0.009	13.3	16	14.128	9.52	0	8	5	
2019-06-29 04:10:00	57.37875	18.08202	12	23	0	2	350	0.009	13.3	16	14.111	9.52	0	8	5	
2019-06-29 04:20:00	57.38061	18.07947	12	24	0	1	350	0.009	13.3	16	14.097	9.52	0	8	5	
2019-06-29 04:30:00	57.37932	18.08385	12	25	0	1	350	0.009	13.3	16	14.065	9.51	0	8	5	
2019-06-29 04:40:00	57.37734	18.08616	12	26	0	1	350	0.009	13.3	16	14.062	9.49	0	8	5	
2019-06-29 04:50:00	57.37569	18.08832	11	27	0	1	350	0.009	13.3	16	14.06	9.49	0	8	5	
2019-06-29 05:00:00	57.37386	18.09123	12	28	0	1	350	0.009	13.3	16	13.996	9.46	0	8	5	
2019-06-29 05:10:00	57.37218	18.09375	12	29	0	1	350	0.009	13.3	16	13.794	9.4	0	8	5	
2019-06-29 05:20:00	57.37002	18.0966	12	30	0	3	350	0.009	13.3	16	13.881	9.42	0	8	5	
2019-06-29 05:30:00	57.37242	18.09639	12	31	0	1	350	0.009	13.4	16	13.82	9.4	0	8	5	
2019-06-29 05:40:00	57.37461	18.09507	11	32	0	1	350	0.009	13.4	16	14.008	9.46	0	8	5	
2019-06-29 05:50:00	57.37371	18.0969	12	33	0	1	360	0.011	13.4	16	13.889	9.42	0	8	5	
2019-06-29 06:00:00	57.3726	18.09897	41	34	0	1	380	0.009	13.4	16	13.886	9.42	0	8	5	
2019-06-29 06:10:00	57.37134	18.10101	12	35	0	1	350	0.009	13.4	16	13.987	9.44	0	8	5	
2019-06-29 06:20:00	57.36981	18.10368	12	36	0	1	350	0.009	13.4	16	14.093	9.47	0	8	5	
2019-06-29 06:30:00	57.37107	18.10278	12	37	0	2	350	0.009	13.4	16	14.027	9.45	0	8	5	
2019-06-29 06:40:00	57.37224	18.10131	12	38	0	1	350	0.009	13.5	16	13.917	9.42	0	8	5	
2019-06-29 06:50:00	57.37329	18.09954	11	39	0	1	350	0.009	13.5	17	13.854	9.4	0	8	5	
2019-06-29 07:00:00	57.37383	18.09849	11	40	0	1	350	0.009	13.5	17	13.998	9.45	0	8	5	
2019-06-29 07:10:00	57.37458	18.09705	12	41	0	1	350	0.009	13.5	17	14.143	9.49	0	8	5	
2019-06-29 07:20:00	57.37509	18.0957	12	42	0	1	350	0.009	13.5	17	14.175	9.51	0	8	5	
2019-06-29 07:30:00	57.37566	18.09438	12	43	0	1	350	0.009	13.5	17	14.134	9.48	0	8	5	
2019-06-29 07:40:00	57.37632	18.09282	14	44	0	1	350	0.009	13.5	18	14.249	9.52	0	8	5	
2019-06-29 07:50:00	57.37728	18.08946	12	45	0	1	350	0.009	13.5	18	14.829	9.66	0	8	5	
2019-06-29 08:00:00	57.37719	18.08562	42	46	0	1	380	0.009	13.6	18	15.064	9.68	0	8	5	
2019-06-29 08:10:00	57.37737	18.08181	12	47	0	1	350	0.009	13.5	18	15.102	9.68	0	8	5	
2019-06-29 08:20:00	57.37815	18.0774	12	48	0	1	350	0.009	13.5	18	15.577	9.78	0	8	5	
2019-06-29 08:30:00	57.37881	18.07188	12	49	0	1	350	0.009	13.6	18	15.719	9.82	0	8	5	
2019-06-29 08:40:00	57.37908	18.06615	12	50	0	1	350	0.009	13.9	18	15.927	9.87	0	8	5	
2019-06-29 08:50:00	57.37728	18.06975	12	51	0	1	350	0.009	14	18	15.763	9.84	0	8	5	
2019-06-29 09:00:00	57.37464	18.07428	13	52	0	1	360	0.009	13.9	18	15.724	9.82	0	8	5	
2019-06-29 09:10:00	57.3756	18.07074	12	53	0	1	350	0.009	14	18	15.639	9.81	0	8	5	
2019-06-29 09:20:00	57.37647	18.0633	12	54	0	1	350	0.009	14	18	15.898	9.89	0	8	5	
2019-06-29 09:30:00	57.37434	18.06714	12	55	0	1	350	0.009	14	18	15.795	9.85	0	8	5	
2019-06-29 09:40:00	57.37281	18.07068	12	56	0	1	350	0.009	14	18	15.762	9.83	0	8	5	
2019-06-29 09:50:00	57.37356	18.06927	12	57	0	1	350	0.009	13.9	18	15.788	9.84	0	8	5	
2019-06-29 10:00:00	57.37389	18.0669	14	58	0	1	350	0.009	14	19	15.804	9.86	0	8	5	
2019-06-29 10:10:00	57.37314	18.07017	12	59	0	1	350	0.009	13.9	19	15.743	9.83	0	8	5	
2019-06-29 10:20:00	57.37173	18.07392	12	0	0	1	350	0.009	14	19	15.741	9.82	0	8	5	
2019-06-29 10:30:00	57.37293	18.07152	13	1	0	1	350	0.009	13.9	20	15.723	9.82	0	8	5	
2019-06-29 10:40:00	57.37401	18.06825	12	2	0	1	350	0.009	13.9	20	15.857	9.85	0	8	5	
2019-06-29 10:50:00	57.37524	18.06516	42	3	0	1	380	0.009	13.9	20	15.856	9.87	0	8	5	
2019-06-29 11:00:00	57.37719	18.06192	11	4	0	1	350	0.009	13.9	20	15.608	9.8	0	8	5	
2019-06-29 11:10:00	57.37905	18.05826	12	5	0	1	350	0.009	14	20	15.762	9.84	0	8	5	
2019-06-29 11:20:00	57.38049	18.0555	12	6	0	1	350	0.009	13.9	20	16.034	9.92	0	8	5	
2019-06-29 11:30:00	57.38217	18.05229	11	7	0	1	350	0.009	14	20	16.083	9.93	0	8	5	
2019-06-29 11:40:00	57.38334	18.04989	12	8	0	1	350	0.009	13.9	20	16.317	9.98	0	8	5	
2019-06-29 11:50:00	57.38412	18.04824	12	9	0	1	350	0.009	14	20	16.366	9.99	0	8	5	
2019-06-29 12:00:00	57.38445	18.04662	12	10	0	1	350	0.009	14	20	16.548	10.03	0	8	5	
2019-06-29 12:10:00	57.38511	18.04521	12	11	0	1	350	0.009	14	21	16.657	10.05	0	8	5	
2019-06-29 12:20:00	57.38595	18.04368	12	12	0	1	350	0.009	14	21	16.752	10.07	0	8	5	
2019-06-29 12:30:00	57.38733	18.04191	12	13	0	1	350	0.009	14	21	16.747	10.08	0	8	5	
2019-06-29 12:40:00	57.3885	18.04023	12	14	0	1	350	0.009	14	22	16.705	10.06	0	8	5	
2019-06-29 12:50:00	57.38955	18.03879	42	15	0	1	380	0.009	14	22	16.869	10.1	0	8	5	
2019-06-29 13:00:00	57.39054	18.03771	12	16	0	1	350	0.009	14	22	16.933	10.11	0	8	5	
2019-06-29 13:10:00	57.39183	18.03651	12	17	0	1	350	0.009	14	22	16.954	10.13	0	8	5	
2019-06-29 13:20:00	57.39312	18.03549	11	18	0	1	350	0.009	14	22	17.103	10.17	0	8	5	
2019-06-29 13:30:00	57.39435	18.03492	12	19	0	1	350	0.009	14	22	17.264	10.2	0	8	5	
2019-06-29 13:40:00	57.39534	18.03375	11	20	0	1	350	0.009	14	23	17.485	10.25	0	8	5	
2019-06-29 13:50:00	57.39618	18.03246	11	21	0	1	350	0.009	14	23	17.439	10.25	0	8	5	
2019-06-29 14:00:00	57.39705	18.03093	11	22	0	1	350	0.009	14	23	17.593	10.29	0	8	5	
2019-06-29 14:10:00	57.39789	18.02976	12	23	0	1	350	0.009	14	23	17.699	10.31	0	8	5	
2019-06-29 14:20:00	57.39858	18.02919	12	24	0	1	350	0.009	14	22	17.753	10.32	0	8	5	
2019-06-29 14:30:00	57.3996	18.02742	12	25	0	2	360	0.009	14	23	17.847	10.36	0	8	5	
2019-06-29 14:40:00	57.40044	18.02619	24	26	0	2	360	0.009	14	23	17.835	10.35	0	8	5	
2019-06-29 14:50:00	57.40089	18.02565	42	27	0	1	380	0.009	14	23	17.905	10.36	0	8	5	
2019-06-29 15:00:00	57.40128	18.02514	12	28	0	1	350	0.009	14	22	17.99	10.38	0	8	5	
2019-06-29 15:10:00	57.4017	18.02523	11	29	0	1	350	0.009	14	22	17.978	10.38	0	8	5	
2019-06-29 15:20:00	57.40191	18.02538	12	30	0	1	350	0.009	14	22	17.927	10.37	0	8	5	
2019-06-29 15:30:00	57.40224	18.0252	12	31	0	1	350	0.009	14	22	18.009	10.38	0	8	5	
2019-06-29 15:40:00	57.40248	18.02571	12	32	0	1	350	0.009	14	22	18.126	10.4	0	8	5	
2019-06-29 15:50:00	57.4026	18.02511	12	33	0	2	350	0.009	14.1	22	18.148	10.4	0	8	5	
2019-06-29 16:00:00	57.4029	18.02424	12	34	0	1	350	0.009	14.1	22	18.076	10.4	0	8	5	
2019-06-29 16:10:00	57.40305	18.02334	12	35	0	1	350	0.009	14.1	22	18.061	10.4	0	8	5	
2019-06-29 16:20:00	57.40302	18.02268	12	36	0	1	350	0.009	14.1	22	18.03	10.37	0	8	5	
2019-06-29 16:30:00	57.40299	18.02199	12	37	0	1	350	0.009	14	21	18.078	10.39	0	8	5	
2019-06-29 16:40:00	57.40275	18.02094	12	38	0	1	350	0.009	13.9	21	18.129	10.39	0	8	5	
2019-06-29 16:50:00	57.40233	18.0195	12	39	0	1	350	0.009	13.9	21	18.166	10.39	0	8	5	
2019-06-29 17:00:00	57.40182	18.01755	17	40	0	1	360	0.009	13.8	21	18.153	10.38	0	8	5	
2019-06-29 17:10:00	57.40104	18.01581	12	41	0	1	350	0.009	13.7	21	18.159	10.36	0	8	5	
2019-06-29 17:20:00	57.40056	18.01377	14	42	0	1	360	0.009	13.7	21	18.144	10.36	0	8	5	
2019-06-29 17:30:00	57.40008	18.0117	13	43	0	1	350	0.009	13.6	20	18.204	10.34	0	8	5	
2019-06-29 17:40:00	57.3993	18.01032	42	44	0	1	380	0.009	13.6	21	18.177	10.31	0	8	5	
2019-06-29 17:50:00	57.39882	18.00825	11	45	0	1	350	0.009	13.6	20	18.114	10.29	0	8	5	
2019-06-29 18:00:00	57.39822	18.00546	11	46	0	2	350	0.009	13.6	20	18.04	10.25	0	8	5	
2019-06-29 18:10:00	57.39798	18.00177	11	47	0	2	350	0.009	13.5	20	17.962	10.22	0	8	5	
2019-06-29 18:20:00	57.39729	17.99874	11	48	0	1	350	0.009	13.5	20	17.92	10.21	0	8	5	
2019-06-29 18:30:00	57.39687	17.9949	12	49	0	1	360	0.009	13.5	20	17.929	10.19	0	8	5	
2019-06-29 18:40:00	57.39669	17.99112	11	50	0	3	350	0.009	13.5	20	17.852	10.16	0	8	5	
2019-06-29 18:50:00	57.39651	17.98749	11	51	0	1	350	0.009	13.4	20	17.821	10.17	0	8	5	
2019-06-29 19:00:00	57.39699	17.98425	11	52	0	1	350	0.009	13.4	20	17.799	10.17	0	8	5	
2019-06-29 19:10:00	57.39774	17.98203	11	53	0	1	360	0.009	13.4	20	17.746	10.15	0	8	5	
2019-06-29 19:20:00	57.3978	17.98065	11	54	0	1	350	0.009	13.4	20	17.71	10.14	0	8	5	
2019-06-29 19:30:00	57.39792	17.98098	11	55	0	1	350	0.009	13.4	20	17.683	10.13	0	8	5	
2019-06-29 19:40:00	57.39735	17.98017	11	56	0	1	350	0.009	13.4	20	17.657	10.12	0	8	5	
2019-06-29 19:50:00	57.39693	17.97852	11	57	0	1	360	0.009	13.4	19	17.641	10.11	0	8	5	
2019-06-29 20:00:00	57.39612	17.97726	41	58	0	1	380	0.009	13.3	20	17.636	10.1	0	8	5	
2019-06-29 20:10:00	57.39534	17.97621	12	59	0	1	350	0.009	13.3	19	17.642	10.09	0	8	5	
2019-06-29 20:20:00	57.39453	17.97534	11	0	0	1	350	0.009	13.3	19	17.643	10.13	0	8	5	
2019-06-29 20:30:00	57.39381	17.97369	11	1	0	1	350	0.009	13.3	19	17.629	10.12	0	8	5	
2019-06-29 20:40:00	57.39306	17.97072	11	2	0	1	350	0.009	13.3	19	17.688	10.14	0	8	5	
2019-06-29 20:50:00	57.39243	17.96742	12	3	0	1	350	0.009	13.3	19	17.661	10.13	0	8	5	
2019-06-29 21:00:00	57.39285	17.9631	12	4	0	1	350	0.009	13.3	19	17.729	10.15	0	8	5	
2019-06-29 21:10:00	57.3942	17.95863	12	5	0	1	350	0.009	13.3	19	17.704	10.15	0	8	5	
2019-06-29 21:20:00	57.39594	17.95449	12	6	0	1	350	0.009	13.3	19	17.781	10.18	0	8	5	
2019-06-29 21:30:00	57.39792	17.9508	12	7	0	1	350	0.009	13.3	19	17.78	10.17	0	8	5	
2019-06-29 21:40:00	57.39981	17.94672	12	8	0	3	350	0.009	13.3	19	17.75	10.16	0	8	5	
2019-06-29 21:50:00	57.40113	17.94276	13	9	0	1	360	0.009	13.3	19	17.739	10.16	0	8	5	
2019-06-29 22:00:00	57.40263	17.93862	13	10	0	1	350	0.009	13.3	19	17.775	10.17	0	8	5	
2019-06-29 22:10:00	57.40374	17.93604	13	11	0	1	360	0.009	13.3	19	17.789	10.17	0	8	5	
2019-06-29 22:20:00	57.40521	17.93178	13	12	0	2	350	0.009	13.3	19	17.761	10.18	0	8	5	
2019-06-29 22:30:00	57.40776	17.92683	42	13	0	1	380	0.009	13.3	20	17.793	10.19	0	8	5	
2019-06-29 22:40:00	57.40977	17.9232	12	14	0	2	350	0.009	13.3	19	17.795	10.2	0	8	5	
2019-06-29 22:50:00	57.41244	17.91915	12	15	0	1	350	0.009	13.3	19	17.804	10.21	0	8	5	
2019-06-29 23:00:00	57.41511	17.91561	11	16	0	1	350	0.009	13.3	19	17.805	10.22	0	8	5	
2019-06-29 23:10:00	57.41817	17.91243	12	17	0	1	350	0.009	13.3	19	17.801	10.24	0	8	5	
2019-06-29 23:20:00	57.42138	17.90952	12	18	0	1	350	0.009	13.3	19	17.786	10.24	0	8	5	
2019-06-29 23:40:00	57.42828	17.90229	12	20	0		350	0.009	13.3	20	17.779	10.27	0	8	5	
2019-06-29 23:50:00	57.43146	17.89845	11	21	0	1	350	0.009	13.3	19	17.796	10.27	0	8	5	
2019-06-30 00:00:00	57.435	17.89557	13	22	0	1	350	0.009	13.3	19	17.73	10.25	0	8	5	
2019-06-30 00:10:00	57.43806	17.89344	11	23	0	1	350	0.009	13.3	19	17.7	10.25	0	8	5	
2019-06-30 00:20:00	57.44142	17.89119	13	24	0	1	360	0.009	13.3	19	17.63	10.24	0	8	5	
2019-06-30 00:40:00	57.45027	17.88618	12	26	0		350	0.009	13.3	19	17.439	10.2	0	8	5	
2019-06-30 00:50:00	57.45498	17.88429	14	27	0	1	350	0.009	13.3	19	17.393	10.18	0	8	5	
2019-06-30 01:00:00	57.45936	17.88243	13	28	0	1	350	0.009	13.3	19	17.328	10.17	0	8	5	
2019-06-30 01:10:00	57.46386	17.88036	12	29	0	1	360	0.009	13.3	19	17.353	10.17	0	8	5	
2019-06-30 01:20:00	57.46797	17.87808	42	30	0	1	380	0.009	13.3	20	17.217	10.14	0	8	5	
2019-06-30 01:30:00	57.47181	17.87667	12	31	0	1	350	0.009	13.3	19	17.247	10.14	0	8	5	
2019-06-30 01:40:00	57.47547	17.8752	11	32	0	1	350	0.009	13.3	19	17.225	10.14	0	8	5	
2019-06-30 01:50:00	57.47931	17.87331	11	33	0	1	350	0.009	13.3	19	17.252	10.16	0	8	5	
2019-06-30 02:00:00	57.483	17.87142	12	34	0	1	350	0.009	13.3	19	17.156	10.14	0	8	5	
2019-06-30 02:20:00	57.48966	17.86644	12	36	0		350	0.009	13.3	19	17.227	10.16	0	8	5	
2019-06-30 02:30:00	57.49269	17.86407	12	37	0	1	350	0.009	13.3	19	17.273	10.19	0	8	5	
2019-06-30 02:40:00	57.4956	17.86152	13	38	0	1	350	0.009	13.3	19	17.255	10.19	0	8	5	
2019-06-30 02:50:00	57.49881	17.85963	13	39	0	2	360	0.009	13.3	19	17.358	10.25	0	8	5	
2019-06-30 03:00:00	57.50172	17.85786	12	40	0	1	350	0.009	13.3	19	17.407	10.29	0	8	5	
2019-06-30 03:10:00	57.50019	17.86092	13	41	0	1	350	0.009	13.3	19	17.308	10.24	0	8	5	
2019-06-30 03:20:00	57.49662	17.86491	42	42	0	1	380	0.009	13.3	19	17.239	10.2	0	8	5	
2019-06-30 03:30:00	57.49941	17.86362	12	43	0	1	350	0.009	13.3	19	17.318	10.24	0	8	5	
2019-06-30 03:40:00	57.50259	17.86086	12	44	0	1	350	0.009	13.3	19	17.404	10.3	0	8	5	
2019-06-30 03:50:00	57.49998	17.86584	12	45	0	1	350	0.009	13.3	19	17.315	10.24	0	8	5	
2019-06-30 04:00:00	57.49689	17.86914	12	46	0	2	350	0.009	13.4	19	17.209	10.19	0	8	5	
2019-06-30 04:10:00	57.49395	17.87274	12	47	0	1	350	0.009	13.4	19	17.209	10.17	0	8	5	
2019-06-30 04:20:00	57.49047	17.87688	12	48	0	1	350	0.009	13.4	19	17.154	10.15	0	8	5	
2019-06-30 04:30:00	57.49329	17.87559	12	49	0	1	350	0.009	13.4	19	17.186	10.17	0	8	5	
2019-06-30 04:40:00	57.49635	17.87382	12	50	0	1	360	0.009	13.4	19	17.206	10.18	0	8	5	
2019-06-30 04:50:00	57.49941	17.87307	12	51	0	1	350	0.009	13.4	19	17.303	10.23	0	8	5	
2019-06-30 05:00:00	57.5025	17.87163	13	52	0	1	350	0.009	13.4	19	17.37	10.28	0	8	5	
2019-06-30 05:10:00	57.50571	17.87058	13	53	0	1	350	0.009	13.4	19	17.53	10.34	0	8	5	
2019-06-30 05:20:00	57.50883	17.8686	42	54	0	1	380	0.009	13.4	19	17.544	10.35	0	8	5	
2019-06-30 05:30:00	57.51201	17.86743	12	55	0	1	350	0.009	13.4	19	17.521	10.35	0	8	5	
2019-06-30 05:50:00	57.51936	17.86446	12	57	0		350	0.009	13.4	19	17.728	10.41	0	8	5	
2019-06-30 06:00:00	57.52338	17.86305	12	58	0	1	350	0.009	13.5	19	17.663	10.39	0	8	5	
2019-06-30 06:10:00	57.52743	17.86128	12	59	0	2	350	0.009	13.5	19	17.626	10.38	0	8	5	
2019-06-30 06:20:00	57.53133	17.85993	12	0	0	1	350	0.009	13.5	19	17.593	10.37	0	8	5	
2019-06-30 06:30:00	57.53475	17.86011	12	1	0	1	350	0.009	13.5	19	17.61	10.38	0	8	5	
2019-06-30 06:40:00	57.53823	17.86011	12	2	0	1	350	0.009	13.5	19	17.626	10.38	0	8	5	
2019-06-30 06:50:00	57.54153	17.85993	12	3	0	1	350	0.009	13.5	19	17.635	10.37	0	8	5	
2019-06-30 07:00:00	57.54483	17.86008	12	4	0	1	350	0.009	13.5	20	17.642	10.35	0	8	5	
2019-06-30 07:10:00	57.5481	17.86038	12	5	0	1	350	0.009	13.5	20	17.63	10.33	0	8	5	
2019-06-30 07:20:00	57.55092	17.8596	12	6	0	1	350	0.009	13.5	20	17.622	10.31	0	8	5	
2019-06-30 07:30:00	57.55365	17.85861	12	7	0	3	350	0.009	13.6	20	17.669	10.3	0	8	5	
2019-06-30 07:40:00	57.55638	17.85741	12	8	0	1	350	0.009	13.6	20	17.653	10.28	0	8	5	
2019-06-30 07:50:00	57.55914	17.85636	14	9	0	1	350	0.009	14	20	17.599	10.24	0	8	5	
2019-06-30 08:00:00	57.56145	17.85432	41	10	0	1	380	0.009	13.9	20	17.601	10.22	0	8	5	
2019-06-30 08:10:00	57.56271	17.85216	11	11	0	1	350	0.009	14	20	17.579	10.2	0	8	5	
2019-06-30 08:20:00	57.56418	17.8494	12	12	0	1	350	0.009	14	20	17.614	10.19	0	8	5	
2019-06-30 08:30:00	57.56577	17.84772	12	13	0	1	350	0.009	14	20	17.684	10.19	0	8	5	
2019-06-30 08:40:00	57.56661	17.84697	12	14	0	1	350	0.009	14	20	17.716	10.2	0	8	5	
2019-06-30 08:50:00	57.56697	17.84661	12	15	0	2	350	0.009	14	20	17.727	10.2	0	8	5	
2019-06-30 09:00:00	57.56703	17.84619	12	16	0	1	350	0.009	14	20	17.766	10.21	0	8	5	
2019-06-30 09:10:00	57.56658	17.84616	12	17	0	1	350	0.009	14	20	17.823	10.22	0	8	5	
2019-06-30 09:20:00	57.56616	17.84607	12	18	0	1	350	0.009	14	21	17.859	10.22	0	8	5	
2019-06-30 09:30:00	57.56571	17.84409	12	19	0	1	350	0.009	14	21	17.928	10.24	0	8	5	
2019-06-30 09:40:00	57.56523	17.84175	11	20	0	1	350	0.009	14	22	17.962	10.24	0	8	5	
2019-06-30 09:50:00	57.56472	17.83872	12	21	0	1	350	0.009	14	22	17.982	10.24	0	8	5	
2019-06-30 10:00:00	57.56409	17.83608	12	22	0	1	350	0.009	14	22	18.002	10.24	0	8	5	
2019-06-30 10:10:00	57.56331	17.83233	12	23	0	1	350	0.009	14	22	18.062	10.26	0	8	5	
2019-06-30 10:20:00	57.5622	17.82657	12	24	0	1	350	0.009	14	22	18.027	10.23	0	8	5	
2019-06-30 10:40:00	57.55881	17.81319	42	26	0		380	0.009	13.9	22	18.047	10.21	0	8	5	
2019-06-30 10:50:00	57.56013	17.80698	11	27	0	2	360	0.009	14	22	18.105	10.2	0	8	5	
2019-06-30 11:00:00	57.56238	17.80104	12	28	0	1	350	0.009	14	22	18.155	10.21	0	8	5	
2019-06-30 11:10:00	57.56514	17.79492	12	29	0	2	350	0.009	13.9	22	18.199	10.21	0	8	5	
2019-06-30 11:20:00	57.56769	17.78988	11	30	0	1	350	0.009	13.9	22	18.16	10.19	0	8	5	
2019-06-30 11:30:00	57.57144	17.78673	12	31	0	2	350	0.009	14	22	18.261	10.21	0	8	5	
2019-06-30 11:40:00	57.57654	17.77929	12	32	0	1	350	0.009	14	23	18.244	10.2	0	8	5	
2019-06-30 11:50:00	57.58143	17.77113	12	33	0	1	350	0.009	14	22	18.183	10.18	0	8	5	
2019-06-30 12:00:00	57.58626	17.76222	13	34	0	1	350	0.009	14	22	18.242	10.2	0	8	5	
2019-06-30 12:10:00	57.59061	17.75247	12	35	0	1	350	0.009	13.9	22	18.222	10.21	0	8	5	
2019-06-30 12:20:00	57.59595	17.74458	12	36	0	1	350	0.009	13.9	22	18.165	10.21	0	8	5	
2019-06-30 12:30:00	57.60066	17.73648	13	37	0	1	350	0.009	13.9	21	18.174	10.2	0	8	5	
2019-06-30 12:40:00	57.60576	17.72766	12	38	0	1	350	0.009	14	21	18.083	10.17	0	8	5	
2019-06-30 12:50:00	57.61122	17.71908	42	39	0	1	380	0.009	14	21	18.066	10.17	0	8	5	
2019-06-30 13:00:00	57.61539	17.70966	12	40	0	1	350	0.009	14	21	17.997	10.15	0	8	5	
2019-06-30 13:10:00	57.61983	17.69988	11	41	0	3	350	0.009	14	21	17.97	10.14	0	8	5	
2019-06-30 13:20:00	57.62361	17.68881	12	42	0	1	350	0.009	14	21	18.003	10.15	0	8	5	
2019-06-30 13:30:00	57.62742	17.67744	11	43	0	2	350	0.009	14	21	18.032	10.15	0	8	5	
2019-06-30 13:40:00	57.63111	17.66619	11	44	0	2	360	0.009	14	21	18.051	10.16	0	8	5	
2019-06-30 13:50:00	57.63477	17.65599	11	45	0	1	350	0.009	14	21	18.077	10.17	0	8	5	
2019-06-30 14:00:00	57.63879	17.64522	11	46	0	1	350	0.009	14	21	18.078	10.16	0	8	5	
2019-06-30 14:10:00	57.64245	17.63436	11	47	0	1	350	0.009	14	20	18.038	10.15	0	8	5	
2019-06-30 14:20:00	57.64635	17.62404	12	48	0	1	350	0.009	14	20	17.99	10.14	0	8	5	
2019-06-30 14:30:00	57.65049	17.61402	12	49	0	1	350	0.009	14	20	18.026	10.15	0	8	5	
2019-06-30 14:40:00	57.6546	17.60328	41	50	0	1	380	0.009	14.1	21	17.983	10.13	0	8	5	
2019-06-30 14:50:00	57.65793	17.59317	11	51	0	1	350	0.009	14	20	17.88	10.11	0	8	5	
2019-06-30 15:00:00	57.66132	17.58219	12	52	0	1	350	0.009	14.1	20	17.909	10.12	0	8	5	
2019-06-30 15:10:00	57.66453	17.57112	12	53	0	2	350	0.009	14	20	17.847	10.11	0	8	5	
2019-06-30 15:20:00	57.66726	17.56011	12	54	0	1	350	0.009	14.1	20	17.711	10.08	0	8	5	
2019-06-30 15:30:00	57.66924	17.54916	12	55	0	1	350	0.009	14.1	20	17.789	10.1	0	8	5	
2019-06-30 15:40:00	57.6711	17.53794	12	56	0	1	350	0.009	14.1	20	17.808	10.12	0	8	5	
2019-06-30 15:50:00	57.67395	17.52711	12	57	0	1	350	0.009	14.1	20	17.768	10.12	0	8	5	
2019-06-30 16:00:00	57.67734	17.51655	12	58	0	1	350	0.009	14	20	17.887	10.18	0	8	5	
2019-06-30 16:10:00	57.68028	17.50644	12	59	0	1	350	0.009	14.1	20	17.834	10.18	0	8	5	
2019-06-30 16:20:00	57.68487	17.49714	12	0	0	1	350	0.009	14.1	20	17.843	10.18	0	8	5	
2019-06-30 16:30:00	57.68538	17.49018	12	1	0	1	350	0.009	14	20	17.747	10.16	0	8	5	
2019-06-30 16:40:00	57.68565	17.48352	12	2	0	1	350	0.009	13.9	20	17.795	10.17	0	8	5	
2019-06-30 16:50:00	57.6858	17.4777	12	3	0	1	350	0.009	13.8	20	17.688	10.14	0	8	5	
2019-06-30 17:00:00	57.68544	17.47245	12	4	0	1	350	0.009	13.7	20	17.718	10.13	0	8	5	
2019-06-30 17:10:00	57.68532	17.4663	12	5	0	1	350	0.009	13.7	20	17.756	10.13	0	8	5	
2019-06-30 17:20:00	57.68523	17.46006	13	6	0	1	350	0.009	13.6	20	17.736	10.11	0	8	5	
2019-06-30 17:30:00	57.68523	17.45376	12	7	0	1	350	0.009	13.6	20	17.683	10.09	0	8	5	
2019-06-30 17:40:00	57.68469	17.44848	13	8	0	1	350	0.009	13.5	20	17.656	10.07	0	8	5	
2019-06-30 17:50:00	57.68439	17.44311	13	9	0	1	360	0.009	13.5	20	17.609	10.05	0	8	5	
2019-06-30 18:00:00	57.68451	17.43807	41	10	0	1	380	0.009	13.5	20	17.582	10.03	0	8	5	
2019-06-30 18:10:00	57.68433	17.43276	12	11	0	1	350	0.009	13.5	20	17.531	10	0	8	5	
2019-06-30 18:20:00	57.68448	17.42871	12	12	0	1	350	0.011	13.5	19	17.467	9.98	0	8	5	
2019-06-30 18:30:00	57.68418	17.42325	12	13	0	1	350	0.009	13.4	19	17.441	9.97	0	8	5	
2019-06-30 18:40:00	57.68367	17.41785	11	14	0	1	350	0.009	13.4	19	17.432	9.96	0	8	5	
2019-06-30 18:50:00	57.68331	17.41221	12	15	0	1	350	0.009	13.4	19	17.456	9.96	0	8	5	
2019-06-30 19:00:00	57.68307	17.40696	12	16	0	1	350	0.009	13.4	19	17.474	9.95	0	8	5	
2019-06-30 19:10:00	57.68355	17.40156	12	17	0	3	350	0.009	13.4	19	17.511	9.95	0	8	5	
2019-06-30 19:20:00	57.68379	17.39721	12	18	0	1	350	0.009	13.4	19	17.51	9.94	0	8	5	
2019-06-30 19:30:00	57.68436	17.3925	12	19	0	2	350	0.009	13.4	19	17.473	9.93	0	8	5	
2019-06-30 19:40:00	57.68604	17.38878	12	20	0	1	350	0.009	13.3	19	17.488	9.93	0	8	5	
2019-06-30 19:50:00	57.68703	17.38701	15	21	0	1	360	0.009	13.3	19	17.452	9.92	0	8	5	
2019-06-30 20:00:00	57.68811	17.38545	13	22	0	1	350	0.009	13.3	19	17.463	9.92	0	8	5	
2019-06-30 20:10:00	57.6906	17.38251	42	23	0	1	380	0.009	13.3	20	17.439	9.91	0	8	5	
2019-06-30 20:20:00	57.69228	17.38005	11	24	0	1	350	0.011	13.3	19	17.419	9.91	0	8	5	
2019-06-30 20:30:00	57.69402	17.37708	11	25	0	1	350	0.009	13.3	19	17.383	9.9	0	8	5	
2019-06-30 20:40:00	57.69633	17.37474	11	26	0	1	350	0.009	13.3	19	17.395	9.9	0	8	5	
2019-06-30 20:50:00	57.69894	17.37225	12	27	0	1	350	0.009	13.3	19	17.374	9.9	0	8	5	
2019-06-30 21:00:00	57.70128	17.36883	12	28	0	1	350	0.009	13.3	19	17.362	9.9	0	8	5	
2019-06-30 21:10:00	57.70284	17.36535	12	29	0	1	350	0.011	13.3	19	17.333	9.9	0	8	5	
2019-06-30 21:30:00	57.69879	17.36322	12	31	0		350	0.009	13.3	19	17.276	9.89	0	8	5	
2019-06-30 21:40:00	57.69132	17.3643	12	32	0	2	350	0.009	13.3	19	17.248	9.87	0	8	5	
2019-06-30 21:50:00	57.68487	17.36484	13	33	0	1	350	0.011	13.3	19	17.211	9.86	0	8	5	
2019-06-30 22:00:00	57.67824	17.36463	42	34	0	1	380	0.009	13.3	19	17.194	9.85	0	8	5	
2019-06-30 22:10:00	57.6717	17.36418	12	35	0	2	350	0.009	13.3	19	17.191	9.84	0	8	5	
2019-06-30 22:20:00	57.66438	17.36364	12	36	0	2	350	0.011	13.3	19	17.191	9.84	0	8	5	
2019-06-30 22:40:00	57.64929	17.36181	12	38	0		350	0.009	13.3	19	17.148	9.84	0	8	5	
2019-06-30 23:00:00	57.63372	17.35734	42	40	0		380	0.009	13.3	19	17.038	9.82	0	8	5	
2019-06-30 23:10:00	57.6357	17.35512	12	41	0	1	350	0.009	13.3	19	17.028	9.82	0	8	5	
2019-06-30 23:20:00	57.63795	17.3526	12	42	0	1	350	0.009	13.3	19	16.998	9.81	0	8	5	
2019-06-30 23:30:00	57.63174	17.3511	42	43	0	1	380	0.009	13.3	19	16.956	9.81	0	8	5	
2019-06-30 23:50:00	57.6258	17.3463	12	45	0		350	0.009	13.3	19	16.895	9.8	0	8	5	
2019-07-01 00:00:00	57.62853	17.34315	12	46	0	1	350	0.011	13.3	19	16.887	9.79	0	8	5	
2019-07-01 00:10:00	57.6234	17.34099	12	47	0	1	350	0.009	13.3	19	16.829	9.78	0	8	5	
2019-07-01 00:20:00	57.61554	17.33691	71	48	0	1	410	0.009	13.3	19	16.744	9.77	0	8	5	
2019-07-01 00:30:00	57.61692	17.33682	12	49	0	1	350	0.011	13.3	19	16.731	9.76	0	8	5	
2019-07-01 00:40:00	57.61929	17.33331	12	50	0	1	350	0.011	13.3	19	16.772	9.77	0	8	5	
2019-07-01 00:50:00	57.61455	17.33367	12	51	0	1	350	0.011	13.3	19	16.737	9.77	0	8	5	
2019-07-01 01:00:00	57.60774	17.33061	12	52	0	1	350	0.009	13.3	18	16.665	9.75	0	8	5	
2019-07-01 01:10:00	57.60969	17.32671	12	53	0	1	350	0.011	13.3	19	16.706	9.76	0	8	5	
2019-07-01 01:20:00	57.61257	17.32152	12	54	0	1	350	0.011	13.3	18	16.719	9.76	0	8	5	
2019-07-01 01:30:00	57.61545	17.31645	12	55	0	1	350	0.009	13.3	18	16.697	9.75	0	8	5	
2019-07-01 01:40:00	57.61845	17.31144	12	56	0	2	350	0.011	13.3	19	16.74	9.75	0	8	5	
2019-07-01 01:50:00	57.61281	17.30916	12	57	0	1	350	0.011	13.3	19	16.661	9.74	0	8	5	
2019-07-01 02:00:00	57.60603	17.30595	56	58	0	1	400	0.009	13.3	19	16.634	9.75	0	8	5	
2019-07-01 02:10:00	57.60849	17.30178	12	59	0	1	350	0.009	13.3	19	16.616	9.74	0	8	5	
2019-07-01 02:20:00	57.61155	17.29617	12	0	0	1	350	0.011	13.3	18	16.6	9.73	0	8	5	
2019-07-01 02:30:00	57.60648	17.29335	13	1	0	1	350	0.009	13.3	18	16.58	9.73	0	8	5	
2019-07-01 02:40:00	57.60045	17.28969	12	2	0	1	350	0.009	13.3	18	16.568	9.74	0	8	5	
2019-07-01 02:50:00	57.59478	17.28615	12	3	0	1	350	0.009	13.3	18	16.492	9.72	0	8	5	
2019-07-01 03:00:00	57.58878	17.2827	13	4	0	1	350	0.009	13.3	18	16.443	9.71	0	8	5	
2019-07-01 03:10:00	57.59154	17.27982	13	5	0	1	350	0.009	13.3	18	16.455	9.71	0	8	5	
2019-07-01 03:20:00	57.59502	17.27457	12	6	0	1	60	0.011	13.3	18	16.483	9.72	1	8	0	
2019-07-01 03:30:00	57.59133	17.27193	12	7	0	1	350	0.011	13.4	18	16.429	9.7	0	8	5	
2019-07-01 03:40:00	57.58593	17.26845	12	8	0	1	350	0.011	13.4	18	16.415	9.7	0	8	5	
2019-07-01 03:50:00	57.58044	17.2653	39	9	0	1	380	0.009	13.4	19	16.482	9.72	0	8	5	
2019-07-01 04:00:00	57.57546	17.26227	12	10	0	1	350	0.009	13.4	18	16.525	9.73	0	8	5	
2019-07-01 04:10:00	57.57039	17.25861	12	11	0	1	350	0.011	13.4	18	16.551	9.74	0	8	5	
2019-07-01 04:20:00	57.5649	17.25561	13	12	0	1	350	0.011	13.4	18	16.61	9.76	0	8	5	
2019-07-01 04:30:00	57.56034	17.25327	13	13	0	1	350	0.009	13.4	18	16.65	9.77	0	8	5	
2019-07-01 04:50:00	57.55056	17.24916	14	15	0		360	0.011	13.4	18	16.715	9.79	0	8	5	
2019-07-01 05:00:00	57.546	17.24706	14	16	0	1	350	0.011	13.4	18	16.707	9.79	0	8	5	
2019-07-01 05:10:00	57.54003	17.25042	41	17	0	1	380	0.009	13.4	19	16.757	9.8	0	8	5	
2019-07-01 05:20:00	57.53424	17.25456	12	18	0	1	350	0.009	13.4	18	16.875	9.83	0	8	5	
2019-07-01 05:30:00	57.52911	17.26176	12	19	0	1	350	0.011	13.4	18	16.923	9.84	0	8	5	
2019-07-01 05:40:00	57.52299	17.26527	12	20	0	1	350	0.011	13.4	18	16.912	9.85	0	8	5	
2019-07-01 05:50:00	57.51735	17.27121	12	21	0	1	350	0.011	13.4	18	16.855	9.84	0	8	5	
2019-07-01 06:00:00	57.51225	17.27904	41	22	0	1	380	0.011	13.4	19	16.842	9.84	0	8	5	
2019-07-01 06:10:00	57.50829	17.28669	12	23	0	1	350	0.009	13.4	19	16.829	9.85	0	8	5	
2019-07-01 06:20:00	57.5037	17.29395	12	24	0	3	350	0.009	13.4	18	16.788	9.85	0	8	5	
2019-07-01 06:30:00	57.50025	17.30349	12	25	0	1	350	0.009	13.4	19	16.796	9.85	0	8	5	
2019-07-01 06:40:00	57.49686	17.31228	12	26	0	1	350	0.011	13.4	18	16.788	9.85	0	8	5	
2019-07-01 06:50:00	57.49248	17.32011	12	27	0	1	350	0.009	13.4	18	16.773	9.85	0	8	5	
2019-07-01 07:10:00	57.4833	17.33541	12	29	0		350	0.009	13.4	19	16.729	9.85	0	8	5	
2019-07-01 07:20:00	57.47733	17.34057	19	30	0	1	360	0.011	13.4	19	16.76	9.86	0	8	5	
2019-07-01 07:30:00	57.47241	17.34741	12	31	0	1	350	0.009	13.4	18	16.765	9.86	0	8	5	
2019-07-01 07:40:00	57.46767	17.35497	14	32	0	3	360	0.009	13.4	19	16.692	9.85	0	8	5	
2019-07-01 07:50:00	57.46179	17.36088	40	33	0	1	380	0.011	13.4	19	16.689	9.86	0	8	5	
2019-07-01 08:00:00	57.45663	17.36727	12	34	0	3	350	0.011	13.4	19	16.655	9.87	0	8	5	
2019-07-01 08:10:00	57.45102	17.37384	13	35	0	1	350	0.009	13.4	18	16.626	9.86	0	8	5	
2019-07-01 08:20:00	57.44625	17.382	12	36	0	1	350	0.009	13.4	18	16.66	9.87	0	8	5	
2019-07-01 08:30:00	57.4404	17.38806	12	37	0	1	350	0.011	13.4	18	16.633	9.87	0	8	5	
2019-07-01 08:40:00	57.4353	17.39631	12	38	0	1	350	0.011	13.4	18	16.516	9.87	0	8	5	
2019-07-01 08:50:00	57.42963	17.40408	12	39	0	1	350	0.009	13.4	19	16.499	9.89	0	8	5	
2019-07-01 09:00:00	57.42444	17.41287	12	40	0	1	350	0.009	13.4	18	16.522	9.92	0	8	5	
2019-07-01 09:10:00	57.42027	17.42307	13	41	0	1	360	0.009	13.4	18	16.583	9.95	0	8	5	
2019-07-01 09:20:00	57.41589	17.43318	12	42	0	1	350	0.009	13.4	18	16.68	10	0	8	5	
2019-07-01 09:30:00	57.41223	17.44437	12	43	0	1	350	0.009	13.5	18	16.738	10.04	0	8	5	
2019-07-01 09:40:00	57.40869	17.45637	12	44	0	1	350	0.011	13.5	18	16.777	10.08	0	8	5	
2019-07-01 09:50:00	57.40497	17.46672	13	45	0	1	350	0.011	13.5	19	16.795	10.11	0	8	5	
2019-07-01 10:00:00	57.40185	17.47881	40	46	0	1	380	0.011	13.6	19	16.822	10.13	0	8	5	
2019-07-01 10:10:00	57.40038	17.48973	12	47	0	1	350	0.009	13.6	19	16.828	10.15	0	8	5	
2019-07-01 10:20:00	57.39834	17.50224	12	48	0	1	350	0.009	13.5	19	16.616	10.14	0	8	5	
2019-07-01 10:30:00	57.39549	17.51451	11	49	0	1	350	0.009	13.5	19	16.613	10.14	0	8	5	
2019-07-01 10:40:00	57.39438	17.52753	11	50	0	2	360	0.009	13.6	19	16.562	10.12	0	8	5	
2019-07-01 10:50:00	57.39387	17.53953	11	51	0	3	350	0.009	13.6	19	16.574	10.13	0	8	5	
2019-07-01 11:00:00	57.39279	17.55135	12	52	0	1	350	0.011	13.8	19	16.642	10.14	0	8	5	
2019-07-01 11:10:00	57.39354	17.5626	12	53	0	1	350	0.009	13.9	19	16.691	10.15	0	8	5	
2019-07-01 11:20:00	57.39486	17.57391	41	54	0	1	380	0.009	13.9	19	16.709	10.15	0	8	5	
2019-07-01 11:30:00	57.39468	17.58357	12	55	0	1	350	0.009	14	19	16.761	10.17	0	8	5	
2019-07-01 11:40:00	57.3954	17.59296	11	56	0	1	350	0.009	14	19	16.787	10.17	0	8	5	
2019-07-01 11:50:00	57.39534	17.60232	12	57	0	1	350	0.009	13.9	19	16.789	10.16	0	8	5	
2019-07-01 12:00:00	57.39357	17.61141	12	58	0	2	350	0.009	13.9	19	16.816	10.17	0	8	5	
2019-07-01 12:10:00	57.39237	17.62062	11	59	0	1	350	0.011	13.9	19	16.821	10.16	0	8	5	
2019-07-01 12:20:00	57.39078	17.62977	11	0	0	1	350	0.009	14.1	19	16.856	10.17	0	8	5	
2019-07-01 12:30:00	57.38994	17.63832	12	1	0	1	350	0.009	14	19	16.835	10.16	0	8	5	
2019-07-01 12:40:00	57.38796	17.64696	11	2	0	1	360	0.009	13.9	19	16.88	10.17	0	8	5	
2019-07-01 12:50:00	57.38697	17.65728	12	3	0	1	350	0.009	13.9	20	16.874	10.16	0	8	5	
2019-07-01 13:00:00	57.38052	17.66412	12	4	0	1	350	0.009	14	19	16.876	10.15	0	8	5	
2019-07-01 13:10:00	57.37419	17.67228	12	5	0	1	350	0.011	14	19	16.911	10.16	0	8	5	
2019-07-01 13:20:00	57.36843	17.6808	12	6	0	1	350	0.009	14	19	16.966	10.17	0	8	5	
2019-07-01 13:30:00	57.36327	17.68959	12	7	0	1	350	0.009	14	19	17.022	10.19	0	8	5	
2019-07-01 13:40:00	57.35568	17.69193	12	8	0	1	350	0.009	14	19	17.072	10.22	0	8	5	
2019-07-01 13:50:00	57.34812	17.69295	12	9	0	1	350	0.009	14	19	17.078	10.22	0	8	5	
2019-07-01 14:00:00	57.33984	17.69523	40	10	0	3	380	0.011	14.1	19	17.05	10.2	0	8	5	
2019-07-01 14:10:00	57.33414	17.69463	11	11	0	1	350	0.009	14.1	19	17.03	10.12	0	8	5	
2019-07-01 14:20:00	57.32823	17.69475	11	12	0	1	350	0.011	14.1	19	16.982	10.14	0	8	5	
2019-07-01 14:30:00	57.32193	17.69445	12	13	0	1	350	0.009	14.1	19	16.972	10.12	0	8	5	
2019-07-01 14:40:00	57.31551	17.69421	11	14	0	1	350	0.009	14	19	16.931	10.1	0	8	5	
2019-07-01 14:50:00	57.31011	17.69403	12	15	0	1	350	0.009	13.9	19	16.936	10.1	0	8	5	
2019-07-01 15:00:00	57.30411	17.69388	11	16	0	2	360	0.009	14	19	16.928	10.1	0	8	5	
2019-07-01 15:10:00	57.29847	17.69511	12	17	0	2	350	0.009	14	19	16.923	10.1	0	8	5	
2019-07-01 15:20:00	57.29328	17.69634	12	18	0	1	350	0.009	14	19	16.956	10.12	0	8	5	
2019-07-01 15:30:00	57.288	17.69652	12	19	0	2	350	0.009	14	19	16.968	10.12	0	8	5	
2019-07-01 15:40:00	57.28329	17.69754	12	20	0	2	350	0.009	14	19	16.997	10.13	0	8	5	
2019-07-01 15:50:00	57.27888	17.69949	12	21	0	1	350	0.009	14	19	16.999	10.13	0	8	5	
2019-07-01 16:00:00	57.27483	17.70153	12	22	0	1	350	0.009	14.1	19	17.037	10.14	0	8	5	
2019-07-01 16:10:00	57.26937	17.70096	12	23	0	1	350	0.009	14	19	17.064	10.14	0	8	5	
2019-07-01 16:20:00	57.26442	17.70111	12	24	0	1	360	0.009	14	19	17.066	10.14	0	8	5	
2019-07-01 16:30:00	57.25941	17.70207	13	25	0	1	350	0.009	14.1	19	17.074	10.14	0	8	5	
2019-07-01 16:40:00	57.25368	17.70228	12	26	0	1	350	0.009	14.1	19	17.065	10.14	0	8	5	
2019-07-01 16:50:00	57.24816	17.70408	12	27	0	1	350	0.009	14.1	19	17.051	10.14	0	8	5	
2019-07-01 17:00:00	57.24306	17.70513	13	28	0	1	350	0.009	14.1	19	17.011	10.13	0	8	5	
2019-07-01 17:10:00	57.23763	17.70663	12	29	0	1	350	0.009	14.1	19	16.989	10.14	0	8	5	
2019-07-01 17:20:00	57.23214	17.70819	13	30	0	2	350	0.009	14.1	19	16.964	10.14	0	8	5	
2019-07-01 17:30:00	57.22671	17.70846	41	31	0	1	380	0.009	14.1	19	16.951	10.14	0	8	5	
2019-07-01 17:40:00	57.22155	17.70858	11	32	0	1	350	0.011	14	19	16.943	10.15	0	8	5	
2019-07-01 17:50:00	57.21657	17.70846	11	33	0	1	350	0.009	14	19	16.908	10.15	0	8	5	
2019-07-01 18:00:00	57.2115	17.70834	13	34	0	1	350	0.011	13.9	19	16.892	10.15	0	8	5	
2019-07-01 18:10:00	57.20748	17.70987	13	35	0	1	350	0.009	13.9	19	16.894	10.15	0	8	5	
2019-07-01 18:20:00	57.20319	17.7114	13	36	0	1	350	0.009	13.7	19	16.882	10.15	0	8	5	
2019-07-01 18:30:00	57.19974	17.72085	12	37	0	2	350	0.009	13.7	19	16.865	10.15	0	8	5	
2019-07-01 18:40:00	57.19665	17.73072	12	38	0	1	350	0.009	13.6	19	16.882	10.16	0	8	5	
2019-07-01 18:50:00	57.19569	17.74155	12	39	0	1	350	0.009	13.6	19	16.892	10.16	0	8	5	
2019-07-01 19:00:00	57.19263	17.7522	12	40	0	2	350	0.011	13.5	19	16.916	10.17	0	8	5	
2019-07-01 19:10:00	57.1896	17.76249	12	41	0	1	350	0.011	13.5	19	16.908	10.17	0	8	5	
2019-07-01 19:20:00	57.18684	17.77203	12	42	0	1	350	0.009	13.5	18	16.897	10.17	0	8	5	
2019-07-01 19:30:00	57.18222	17.78112	13	43	0	1	350	0.009	13.4	18	16.875	10.16	0	8	5	
2019-07-01 19:40:00	57.17661	17.78889	41	44	0	1	380	0.009	13.4	19	16.851	10.16	0	8	5	
2019-07-01 19:50:00	57.17952	17.78685	12	45	0	1	350	0.009	13.4	19	16.871	10.17	0	8	5	
2019-07-01 20:00:00	57.18309	17.78427	12	46	0	1	350	0.011	13.4	19	16.897	10.16	0	8	5	
2019-07-01 20:10:00	57.18612	17.78163	12	47	0	2	350	0.011	13.4	19	16.903	10.17	0	8	5	
2019-07-01 20:20:00	57.18972	17.77926	12	48	0	1	350	0.011	13.3	18	16.916	10.17	0	8	5	
2019-07-01 20:30:00	57.19311	17.77746	12	49	0	1	360	0.011	13.3	19	16.932	10.17	0	8	5	
2019-07-01 20:40:00	57.19665	17.77605	13	50	0	1	350	0.009	13.3	18	16.939	10.17	0	8	5	
2019-07-01 20:50:00	57.1998	17.78328	13	51	0	1	350	0.009	13.3	18	17.004	10.19	0	8	5	
2019-07-01 21:00:00	57.20331	17.79066	12	52	0	1	350	0.009	13.3	19	17.019	10.19	0	8	5	
2019-07-01 21:10:00	57.20742	17.79831	40	53	0	1	380	0.011	13.3	19	17.017	10.19	0	8	5	
2019-07-01 21:20:00	57.21345	17.802	13	54	0	1	350	0.009	13.3	18	16.978	10.17	0	8	5	
2019-07-01 21:30:00	57.21999	17.79921	12	55	0	1	350	0.011	13.3	19	16.926	10.14	0	8	5	
2019-07-01 21:40:00	57.22641	17.79609	12	56	0	1	350	0.009	13.3	19	16.922	10.12	0	8	5	
2019-07-01 21:50:00	57.23286	17.7933	13	57	0	1	350	0.009	13.3	19	16.921	10.11	0	8	5	
2019-07-01 22:00:00	57.23964	17.79324	11	58	0	1	350	0.011	13.3	19	16.942	10.11	0	8	5	
2019-07-01 22:10:00	57.23469	17.79906	12	59	0	1	350	0.011	13.3	18	16.918	10.11	0	8	5	
2019-07-01 22:20:00	57.22881	17.80581	12	0	0	1	350	0.011	13.3	18	16.885	10.11	0	8	5	
2019-07-01 22:30:00	57.23313	17.80632	12	1	0	1	360	0.011	13.3	18	16.908	10.11	0	8	5	
2019-07-01 22:40:00	57.23925	17.80245	12	2	0	1	350	0.011	13.3	19	16.919	10.1	0	8	5	
2019-07-01 22:50:00	57.2361	17.80725	12	3	0	2	350	0.011	13.3	19	16.898	10.1	0	8	5	
2019-07-01 23:00:00	57.23055	17.81646	12	4	0	1	350	0.009	13.3	19	16.876	10.1	0	8	5	
2019-07-01 23:10:00	57.23583	17.81553	12	5	0	1	350	0.009	13.3	19	16.905	10.1	0	8	5	
2019-07-01 23:20:00	57.24255	17.81331	12	6	0	1	350	0.011	13.3	18	16.898	10.1	0	8	5	
2019-07-01 23:30:00	57.23736	17.8209	41	7	0	1	380	0.011	13.3	19	16.894	10.1	0	8	5	
2019-07-01 23:40:00	57.23157	17.82828	12	8	0	1	350	0.011	13.3	19	16.886	10.1	0	8	5	
2019-07-01 23:50:00	57.23643	17.82753	12	9	0	1	350	0.011	13.3	19	16.896	10.11	0	8	5	
2019-07-02 00:00:00	57.24291	17.82396	41	10	0	1	380	0.009	13.3	19	16.89	10.1	0	8	5	
2019-07-02 00:10:00	57.24864	17.82108	12	11	0	1	350	0.011	13.3	19	16.867	10.1	0	8	5	
2019-07-02 00:20:00	57.25482	17.81682	12	12	0	1	350	0.011	13.3	19	16.868	10.1	0	8	5	
2019-07-02 00:30:00	57.24975	17.82282	20	13	0	1	370	0.009	13.3	19	16.847	10.09	0	8	5	
2019-07-02 00:40:00	57.24297	17.82852	12	14	0	1	350	0.011	13.3	18	16.852	10.09	0	8	5	
2019-07-02 00:50:00	57.24825	17.8278	12	15	0	1	350	0.009	13.3	19	16.841	10.09	0	8	5	
2019-07-02 01:00:00	57.25431	17.82543	12	16	0	1	350	0.009	13.3	18	16.855	10.1	0	8	5	
2019-07-02 01:10:00	57.24906	17.83038	41	17	0	1	380	0.009	13.3	19	16.836	10.09	0	8	5	
2019-07-02 01:20:00	57.24288	17.83791	12	18	0	1	350	0.009	13.3	19	16.825	10.09	0	8	5	
2019-07-02 01:30:00	57.24732	17.83794	12	19	0	1	350	0.009	13.3	19	16.814	10.09	0	8	5	
2019-07-02 01:50:00	57.25917	17.83326	12	21	0		350	0.011	13.3	19	16.825	10.1	0	8	5	
2019-07-02 02:00:00	57.2649	17.83053	12	22	0	1	350	0.009	13.3	19	16.825	10.1	0	8	5	
2019-07-02 02:10:00	57.2598	17.83848	12	23	0	3	350	0.011	13.3	19	16.81	10.1	0	8	5	
2019-07-02 02:20:00	57.25296	17.84622	12	24	0	1	350	0.009	13.3	19	16.808	10.1	0	8	5	
2019-07-02 02:30:00	57.25761	17.84511	41	25	0	1	380	0.011	13.3	19	16.804	10.1	0	8	5	
2019-07-02 02:40:00	57.26235	17.84157	12	26	0	1	350	0.009	13.3	19	16.786	10.09	0	8	5	
2019-07-02 02:50:00	57.26772	17.8389	12	27	0	1	350	0.011	13.3	19	16.791	10.09	0	8	5	
2019-07-02 03:00:00	57.273	17.83611	14	28	0	1	360	0.009	13.3	19	16.761	10.09	0	8	5	
2019-07-02 03:10:00	57.26658	17.84169	12	29	0	1	350	0.009	13.3	18	16.775	10.09	0	8	5	
2019-07-02 03:20:00	57.25848	17.84673	12	30	0	1	60	0.011	13.3	18	16.764	10.09	1	8	0	
2019-07-02 03:30:00	57.2613	17.84856	12	31	0	1	350	0.011	13.3	18	16.772	10.09	0	8	5	
2019-07-02 03:40:00	57.26622	17.84898	12	32	0	1	350	0.011	13.3	18	16.738	10.08	0	8	5	
2019-07-02 03:50:00	57.27204	17.85027	37	33	0	1	380	0.009	13.3	19	16.706	10.08	0	8	5	
2019-07-02 04:00:00	57.27723	17.85252	12	34	0	1	350	0.011	13.4	18	16.709	10.08	0	8	5	
2019-07-02 04:10:00	57.2829	17.85339	11	35	0	1	350	0.009	13.3	18	16.729	10.11	0	8	5	
2019-07-02 04:20:00	57.28794	17.85189	12	36	0	2	350	0.009	13.4	18	16.684	10.12	0	8	5	
2019-07-02 04:30:00	57.28212	17.85717	11	37	0	1	350	0.011	13.3	18	16.724	10.12	0	8	5	
2019-07-02 04:40:00	57.27441	17.86248	12	38	0	1	350	0.009	13.3	18	16.731	10.11	0	8	5	
2019-07-02 04:50:00	57.27762	17.86425	12	39	0	1	350	0.009	13.3	18	16.724	10.12	0	8	5	
2019-07-02 05:00:00	57.28278	17.86308	12	40	0	1	350	0.009	13.3	18	16.618	10.09	0	8	5	
2019-07-02 05:10:00	57.28827	17.86233	12	41	0	1	350	0.011	13.3	18	16.469	10.04	0	8	5	
2019-07-02 05:20:00	57.2937	17.86002	13	42	0	3	350	0.011	13.4	18	16.39	10.03	0	8	5	
2019-07-02 05:30:00	57.28818	17.86473	13	43	0	1	350	0.011	13.4	18	16.392	10.03	0	8	5	
2019-07-02 05:40:00	57.27969	17.86836	71	44	0	1	410	0.009	13.4	19	16.472	10.04	0	8	5	
2019-07-02 05:50:00	57.28449	17.86536	11	45	0	1	360	0.011	13.4	19	16.366	10.02	0	8	5	
2019-07-02 06:00:00	57.28947	17.86197	12	46	0	1	350	0.009	13.4	18	16.277	10	0	8	5	
2019-07-02 06:10:00	57.2829	17.86569	12	47	0	1	350	0.009	13.4	18	16.296	10	0	8	5	
2019-07-02 06:20:00	57.27471	17.86806	12	48	0	1	350	0.009	13.4	18	16.416	10.03	0	8	5	
2019-07-02 06:30:00	57.27738	17.8659	12	49	0	1	350	0.011	13.4	18	16.327	10	0	8	5	
2019-07-02 06:50:00	57.27717	17.87217	12	51	0		350	0.009	13.4	18	16.141	9.92	0	8	5	
2019-07-02 07:00:00	57.27012	17.8788	12	52	0	2	350	0.011	13.4	18	16.308	9.99	0	8	5	
2019-07-02 07:10:00	57.27306	17.87691	12	53	0	1	350	0.011	13.4	18	16.15	9.91	0	8	5	
2019-07-02 07:20:00	57.27861	17.87451	12	54	0	1	350	0.009	13.4	18	16.084	9.88	0	8	5	
2019-07-02 07:30:00	57.27375	17.87973	12	55	0	1	350	0.011	13.4	18	16.153	9.89	0	8	5	
2019-07-02 07:40:00	57.26682	17.88363	12	56	0	1	360	0.009	13.4	18	16.242	9.96	0	8	5	
2019-07-02 07:50:00	57.27084	17.88312	12	57	0	1	350	0.011	13.4	18	16.169	9.9	0	8	5	
2019-07-02 08:00:00	57.27714	17.88186	65	58	0	1	410	0.011	13.4	19	16.169	9.88	0	8	5	
2019-07-02 08:10:00	57.28239	17.88138	12	59	0	1	350	0.011	13.4	18	16.276	9.9	0	8	5	
2019-07-02 08:20:00	57.28803	17.8779	12	0	0	1	350	0.009	13.4	18	16.32	9.92	0	8	5	
2019-07-02 08:30:00	57.294	17.87475	12	1	0	1	350	0.009	13.4	18	16.385	9.95	0	8	5	
2019-07-02 08:40:00	57.30015	17.87367	12	2	0	1	350	0.009	13.4	18	16.549	10.02	0	8	5	
2019-07-02 09:00:00	57.31263	17.87343	12	4	0		350	0.009	13.4	18	16.425	9.96	0	8	5	
2019-07-02 09:10:00	57.31884	17.87136	13	5	0	3	350	0.011	13.4	18	16.387	9.95	0	8	5	
2019-07-02 09:20:00	57.31338	17.87385	13	6	0	1	350	0.011	13.4	18	16.414	9.96	0	8	5	
2019-07-02 09:30:00	57.30666	17.87343	12	7	0	1	350	0.009	13.4	18	16.468	9.98	0	8	5	
2019-07-02 09:40:00	57.29973	17.87697	13	8	0	1	350	0.011	13.4	18	16.518	10.01	0	8	5	
2019-07-02 09:50:00	57.29259	17.88033	12	9	0	1	350	0.009	13.4	18	16.558	10.03	0	8	5	
2019-07-02 10:00:00	57.28515	17.88381	41	10	0	1	380	0.009	13.4	18	16.526	10.02	0	8	5	
2019-07-02 10:10:00	57.27807	17.88501	11	11	0	1	350	0.009	13.4	18	16.367	9.93	0	8	5	
2019-07-02 10:20:00	57.27072	17.88738	12	12	0	1	350	0.011	13.4	18	16.267	9.9	0	8	5	
2019-07-02 10:30:00	57.26493	17.88639	12	13	0	1	350	0.011	13.4	18	16.162	9.87	0	8	5	
2019-07-02 10:40:00	57.25893	17.88576	13	14	0	1	350	0.009	13.4	18	16.123	9.88	0	8	5	
2019-07-02 10:50:00	57.25323	17.88444	14	15	0	2	350	0.009	13.4	18	16.126	9.93	0	8	5	
2019-07-02 11:00:00	57.24798	17.88303	12	16	0	1	350	0.011	13.4	18	16.164	9.96	0	8	5	
2019-07-02 11:10:00	57.24231	17.88174	12	17	0	1	350	0.009	13.4	18	16.259	10	0	8	5	
2019-07-02 11:20:00	57.23661	17.8794	59	18	0	1	400	0.011	13.4	18	16.403	10.05	0	8	5	
2019-07-02 11:30:00	57.23178	17.87658	12	19	0	1	350	0.011	13.4	18	16.464	10.06	0	8	5	
2019-07-02 11:40:00	57.22686	17.87292	12	20	0	1	350	0.011	13.4	18	16.491	10.06	0	8	5	
2019-07-02 11:50:00	57.22185	17.86998	12	21	0	1	360	0.009	13.4	18	16.475	10.04	0	8	5	
2019-07-02 12:00:00	57.21603	17.86755	12	22	0	2	350	0.009	13.4	18	16.433	10.03	0	8	5	
2019-07-02 12:10:00	57.21027	17.86464	41	23	0	1	380	0.009	13.4	18	16.4	10.02	0	8	5	
2019-07-02 12:20:00	57.20496	17.86317	11	24	0	3	350	0.011	13.5	18	16.353	10.01	0	8	5	
2019-07-02 12:30:00	57.1998	17.86116	11	25	0	1	350	0.009	13.5	18	16.338	10	0	8	5	
2019-07-02 12:40:00	57.19428	17.85933	11	26	0	1	350	0.009	13.5	18	16.321	10	0	8	5	
2019-07-02 12:50:00	57.18903	17.85666	11	27	0	1	350	0.009	13.4	18	16.279	9.98	0	8	5	
2019-07-02 13:00:00	57.18384	17.85513	12	28	0	1	350	0.011	13.4	18	16.261	9.98	0	8	5	
2019-07-02 13:10:00	57.1785	17.85258	11	29	0	1	350	0.009	13.4	18	16.222	9.96	0	8	5	
2019-07-02 13:20:00	57.17295	17.85075	12	30	0	1	350	0.009	13.4	18	16.175	9.95	0	8	5	
2019-07-02 13:30:00	57.16782	17.84943	12	31	0	1	350	0.009	13.4	18	16.179	9.95	0	8	5	
2019-07-02 13:40:00	57.16329	17.84865	12	32	0	1	350	0.009	13.5	18	16.207	9.96	0	8	5	
2019-07-02 13:50:00	57.15891	17.8488	12	33	0	2	350	0.009	13.6	18	16.224	9.96	0	8	5	
2019-07-02 14:00:00	57.15516	17.85018	12	34	0	1	350	0.011	13.6	18	16.172	9.96	0	8	5	
2019-07-02 14:10:00	57.15099	17.85132	12	35	0	1	360	0.009	13.6	18	16.169	9.96	0	8	5	
2019-07-02 14:20:00	57.14577	17.85012	13	36	0	2	350	0.009	13.5	18	16.126	9.95	0	8	5	
2019-07-02 14:40:00	57.13773	17.83986	12	38	0		350	0.011	13.5	18	16.055	9.95	0	8	5	
2019-07-02 14:50:00	57.13338	17.83428	12	39	0	3	350	0.011	13.5	18	16.022	9.95	0	8	5	
2019-07-02 15:00:00	57.13014	17.82834	13	40	0	1	350	0.009	13.5	18	16.007	9.95	0	8	5	
2019-07-02 15:10:00	57.12666	17.82309	41	41	0	1	380	0.011	13.5	18	15.994	9.96	0	8	5	
2019-07-02 15:20:00	57.12405	17.81799	11	42	0	1	350	0.009	13.5	18	15.977	9.96	0	8	5	
2019-07-02 15:30:00	57.12195	17.81247	12	43	0	1	350	0.011	13.5	18	15.959	9.95	0	8	5	
2019-07-02 15:40:00	57.12015	17.80635	12	44	0	1	350	0.011	13.5	18	15.946	9.95	0	8	5	
2019-07-02 15:50:00	57.11835	17.79771	12	45	0	2	350	0.011	13.5	18	15.943	9.94	0	8	5	
2019-07-02 16:00:00	57.11685	17.78928	11	46	0	1	360	0.011	13.5	18	15.942	9.94	0	8	5	
2019-07-02 16:10:00	57.11508	17.78106	11	47	0	1	350	0.011	13.4	18	15.929	9.94	0	8	5	
2019-07-02 16:20:00	57.11316	17.7729	12	48	0	1	350	0.009	13.4	18	15.928	9.94	0	8	5	
2019-07-02 16:30:00	57.11103	17.76453	12	49	0	1	350	0.011	13.4	17	15.897	9.93	0	8	5	
2019-07-02 16:40:00	57.10863	17.75637	12	50	0	1	350	0.011	13.4	17	15.896	9.92	0	8	5	
2019-07-02 16:50:00	57.10569	17.7483	11	51	0	1	350	0.011	13.4	17	15.878	9.92	0	8	5	
2019-07-02 17:00:00	57.10227	17.74044	12	52	0	1	350	0.011	13.4	17	15.863	9.91	0	8	5	
2019-07-02 17:10:00	57.09873	17.73315	12	53	0	1	350	0.011	13.4	17	15.835	9.9	0	8	5	
2019-07-02 17:20:00	57.09465	17.72484	12	54	0	1	350	0.011	13.4	17	15.843	9.91	0	8	5	
2019-07-02 17:30:00	57.09093	17.71719	13	55	0	1	350	0.009	13.4	17	15.826	9.91	0	8	5	
2019-07-02 17:40:00	57.08655	17.70936	13	56	0	1	350	0.009	13.4	18	15.82	9.91	0	8	5	
2019-07-02 17:50:00	57.0825	17.7006	41	57	0	1	380	0.009	13.4	18	15.775	9.9	0	8	5	
2019-07-02 18:00:00	57.07899	17.69268	12	58	0	1	350	0.009	13.4	17	15.762	9.9	0	8	5	
2019-07-02 18:10:00	57.07473	17.68344	11	59	0	1	350	0.009	13.4	17	15.738	9.9	0	8	5	
2019-07-02 18:20:00	57.07083	17.67438	12	0	0	1	350	0.009	13.3	17	15.734	9.9	0	8	5	
2019-07-02 18:30:00	57.06678	17.66544	11	1	0	1	350	0.009	13.3	17	15.729	9.9	0	8	5	
2019-07-02 18:40:00	57.06216	17.65716	12	2	0	3	350	0.009	13.3	17	15.711	9.9	0	8	5	
2019-07-02 18:50:00	57.05802	17.64822	11	3	0	1	350	0.009	13.3	17	15.723	9.9	0	8	5	
2019-07-02 19:00:00	57.05394	17.63853	11	4	0	2	350	0.009	13.3	17	15.717	9.9	0	8	5	
2019-07-02 19:10:00	57.04926	17.62956	11	5	0	1	350	0.009	13.3	17	15.743	9.91	0	8	5	
2019-07-02 19:20:00	57.04425	17.62119	12	6	0	1	350	0.009	13.3	17	15.71	9.9	0	8	5	
2019-07-02 19:30:00	57.03966	17.61243	12	7	0	1	350	0.011	13.3	17	15.653	9.88	0	8	5	
2019-07-02 19:40:00	57.03462	17.60277	12	8	0	2	350	0.011	13.3	17	15.597	9.87	0	8	5	
2019-07-02 19:50:00	57.03006	17.59311	12	9	0	1	350	0.009	13.3	17	15.582	9.87	0	8	5	
2019-07-02 20:00:00	57.02535	17.5827	40	10	0	1	380	0.011	13.3	17	15.527	9.86	0	8	5	
2019-07-02 20:10:00	57.02142	17.5734	11	11	0	1	350	0.009	13.3	17	15.417	9.84	0	8	5	
2019-07-02 20:20:00	57.0171	17.56326	11	12	0	1	350	0.009	13.3	17	15.36	9.82	0	8	5	
2019-07-02 20:30:00	57.01338	17.55288	12	13	0	1	350	0.009	13.3	17	15.276	9.8	0	8	5	
2019-07-02 20:40:00	57.00954	17.54142	12	14	0	1	350	0.009	13.3	17	15.171	9.76	0	8	5	
2019-07-02 20:50:00	57.00627	17.5308	12	15	0	1	350	0.009	13.3	17	15.089	9.72	0	8	5	
2019-07-02 21:00:00	57.0027	17.51973	12	16	0	1	350	0.009	13.3	17	15.007	9.69	0	8	5	
2019-07-02 21:10:00	56.99907	17.50977	12	17	0	1	350	0.009	13.3	17	14.907	9.65	0	8	5	
2019-07-02 21:20:00	56.99613	17.50083	13	18	0	1	360	0.009	13.3	17	14.861	9.63	0	8	5	
2019-07-02 21:30:00	56.99316	17.49294	13	19	0	2	360	0.009	13.3	17	14.855	9.63	0	8	5	
2019-07-02 21:40:00	56.98944	17.4849	13	20	0	1	350	0.009	13.3	17	14.819	9.61	0	8	5	
2019-07-02 21:50:00	56.98482	17.47704	12	21	0	2	350	0.009	13.3	16	14.771	9.6	0	8	5	
2019-07-02 22:00:00	56.97948	17.47011	12	22	0	1	350	0.009	13.3	16	14.719	9.59	0	8	5	
2019-07-02 22:10:00	56.97474	17.46441	41	23	0	1	380	0.009	13.3	17	14.701	9.58	0	8	5	
2019-07-02 22:20:00	56.96991	17.46003	12	24	0	2	350	0.009	13.3	17	14.778	9.6	0	8	5	
2019-07-02 22:30:00	56.97243	17.45526	12	25	0	3	350	0.009	13.3	16	14.736	9.59	0	8	5	
2019-07-02 22:40:00	56.9763	17.44944	11	26	0	2	350	0.009	13.3	16	14.666	9.58	0	8	5	
2019-07-02 22:50:00	56.97366	17.44863	11	27	0	1	350	0.009	13.3	16	14.709	9.58	0	8	5	
2019-07-02 23:00:00	56.97051	17.44638	12	28	0	1	350	0.009	13.3	16	14.763	9.59	0	8	5	
2019-07-02 23:10:00	56.97342	17.44206	12	29	0	1	350	0.009	13.3	16	14.725	9.59	0	8	5	
2019-07-02 23:20:00	56.9778	17.43735	14	30	0	1	360	0.011	13.3	16	14.664	9.58	0	8	5	
2019-07-02 23:30:00	56.97537	17.43558	13	31	0	1	350	0.009	13.3	16	14.704	9.58	0	8	5	
2019-07-02 23:40:00	56.9724	17.43237	41	32	0	1	380	0.009	13.3	17	14.752	9.59	0	8	5	
2019-07-02 23:50:00	56.96958	17.4294	12	33	0	2	350	0.011	13.3	16	14.776	9.59	0	8	5	
2019-07-03 00:00:00	56.96721	17.4264	11	34	0	1	350	0.009	13.3	16	14.828	9.6	0	8	5	
2019-07-03 00:10:00	56.96448	17.42316	12	35	0	1	350	0.009	13.3	16	14.862	9.61	0	8	5	
2019-07-03 00:20:00	56.96106	17.42007	11	36	0	1	350	0.009	13.3	16	14.908	9.62	0	8	5	
2019-07-03 00:30:00	56.95761	17.41695	11	37	0	1	350	0.009	13.3	16	14.884	9.62	0	8	5	
2019-07-03 00:40:00	56.95377	17.41449	11	38	0	3	350	0.009	13.3	16	14.93	9.63	0	8	5	
2019-07-03 00:50:00	56.95848	17.41227	11	39	0	1	350	0.009	13.3	16	14.877	9.62	0	8	5	
2019-07-03 01:00:00	56.96403	17.40966	11	40	0	1	350	0.009	13.3	16	14.842	9.61	0	8	5	
2019-07-03 01:10:00	56.96115	17.40768	12	41	0	1	350	0.009	13.3	16	14.88	9.62	0	8	5	
2019-07-03 01:20:00	56.95776	17.40477	12	42	0	1	350	0.009	13.3	16	14.913	9.62	0	8	5	
2019-07-03 01:30:00	56.95491	17.40234	12	43	0	1	350	0.011	13.3	16	14.962	9.63	0	8	5	
2019-07-03 01:40:00	56.95149	17.39931	11	44	0	1	350	0.011	13.3	16	15.032	9.64	0	8	5	
2019-07-03 01:50:00	56.94795	17.3967	12	45	0	1	350	0.009	13.3	16	15.104	9.65	0	8	5	
2019-07-03 02:00:00	56.94471	17.39454	64	46	0	1	400	0.009	13.3	17	15.165	9.66	0	8	5	
2019-07-03 02:10:00	56.94951	17.39514	12	47	0	3	350	0.011	13.3	17	15.106	9.65	0	8	5	
2019-07-03 02:20:00	56.95479	17.39544	11	48	0	1	350	0.009	13.3	16	15.037	9.64	0	8	5	
2019-07-03 02:30:00	56.95188	17.39493	13	49	0	1	350	0.009	13.3	16	15.085	9.65	0	8	5	
2019-07-03 02:40:00	56.94858	17.39289	12	50	0	1	360	0.009	13.3	16	15.153	9.66	0	8	5	
2019-07-03 02:50:00	56.9448	17.39031	14	51	0	1	350	0.011	13.3	16	15.263	9.68	0	8	5	
2019-07-03 03:00:00	56.94096	17.38818	14	52	0	1	360	0.009	13.3	16	15.369	9.7	0	8	5	
2019-07-03 03:10:00	56.93718	17.3859	14	53	0	1	350	0.009	13.3	17	15.467	9.72	0	8	5	
2019-07-03 03:20:00	56.93301	17.38362	12	54	0	1	350	0.011	13.3	17	15.557	9.74	0	8	5	
2019-07-03 03:30:00	56.93712	17.38599	12	55	0	1	350	0.009	13.3	17	15.488	9.72	0	8	5	
2019-07-03 03:40:00	56.94189	17.38857	41	56	0	2	380	0.009	13.3	17	15.406	9.71	0	8	5	
2019-07-03 03:50:00	56.93874	17.38848	12	57	0	1	350	0.009	13.3	17	15.472	9.72	0	8	5	
2019-07-03 04:00:00	56.93445	17.38686	11	58	0	3	350	0.009	13.4	17	15.554	9.74	0	8	5	
2019-07-03 04:10:00	56.93787	17.38983	11	59	0	1	350	0.011	13.4	17	15.498	9.73	0	8	5	
2019-07-03 04:20:00	56.94111	17.39292	11	0	0	2	50	0.011	13.4	17	15.442	9.71	1	8	0	
2019-07-03 04:30:00	56.93751	17.39319	11	1	0	1	350	0.009	13.4	16	15.497	9.72	0	8	5	
2019-07-03 04:40:00	56.93244	17.39172	11	2	0	1	360	0.011	13.4	17	15.563	9.74	0	8	5	
2019-07-03 04:50:00	56.93538	17.39526	11	3	0	1	350	0.011	13.4	17	15.503	9.73	0	8	5	
2019-07-03 05:00:00	56.93895	17.39823	12	4	0	1	350	0.011	13.4	17	15.441	9.71	0	8	5	
2019-07-03 05:10:00	56.9346	17.39841	12	5	0	1	350	0.009	13.4	17	15.503	9.73	0	8	5	
2019-07-03 05:20:00	56.92968	17.39757	12	6	0	1	350	0.009	13.4	17	15.585	9.74	0	8	5	
2019-07-03 05:30:00	56.92455	17.3967	12	7	0	1	350	0.009	13.5	17	15.635	9.75	0	8	5	
2019-07-03 05:40:00	56.91945	17.39625	13	8	0	1	60	0.009	13.5	17	15.705	9.77	1	8	0	
2019-07-03 05:50:00	56.91438	17.39502	13	9	0	1	350	0.009	13.5	17	15.736	9.78	0	8	5	
2019-07-03 06:00:00	56.9088	17.39328	40	10	0	1	380	0.011	13.5	17	15.766	9.79	0	8	5	
2019-07-03 06:10:00	56.90376	17.39142	12	11	0	1	350	0.009	13.5	17	15.774	9.8	0	8	5	
2019-07-03 06:20:00	56.89815	17.38956	12	12	0	1	350	0.009	13.5	17	15.778	9.8	0	8	5	
2019-07-03 06:30:00	56.89293	17.38815	12	13	0	1	350	0.009	13.5	17	15.793	9.81	0	8	5	
2019-07-03 06:50:00	56.88234	17.38515	12	15	0		350	0.011	13.5	17	15.816	9.82	0	8	5	
2019-07-03 07:00:00	56.87709	17.38392	12	16	0	1	350	0.011	13.5	17	15.85	9.83	0	8	5	
2019-07-03 07:20:00	56.86518	17.38107	12	18	0		350	0.009	13.5	18	15.905	9.85	0	8	5	
2019-07-03 07:40:00	56.85366	17.37681	12	20	0		350	0.011	13.6	18	15.95	9.88	0	8	5	
2019-07-03 07:50:00	56.84757	17.37456	12	21	0	1	350	0.009	13.7	18	15.958	9.89	0	8	5	
2019-07-03 08:00:00	56.84151	17.37177	12	22	0	1	350	0.009	13.9	18	15.952	9.89	0	8	5	
2019-07-03 08:10:00	56.83563	17.3682	68	23	0	1	410	0.011	13.9	18	15.945	9.9	0	8	5	
2019-07-03 08:20:00	56.83035	17.36562	11	24	0	1	350	0.011	14	18	15.932	9.91	0	8	5	
2019-07-03 08:30:00	56.82495	17.3628	12	25	0	1	350	0.009	13.9	18	15.89	9.9	0	8	5	
2019-07-03 08:40:00	56.81892	17.36007	12	26	0	1	350	0.009	14	18	15.862	9.91	0	8	5	
2019-07-03 09:00:00	56.80809	17.35341	12	28	0		350	0.009	14	18	15.906	9.94	0	8	5	
2019-07-03 09:10:00	56.80278	17.35065	12	29	0	1	350	0.011	14	18	15.924	9.95	0	8	5	
2019-07-03 09:20:00	56.79702	17.34591	12	30	0	1	350	0.009	14	18	15.887	9.95	0	8	5	
2019-07-03 09:30:00	56.79105	17.34003	12	31	0	1	350	0.009	14	18	15.807	9.93	0	8	5	
2019-07-03 09:40:00	56.78502	17.33337	12	32	0	1	350	0.009	14	18	15.721	9.92	0	8	5	
2019-07-03 09:50:00	56.77947	17.32722	12	33	0	1	350	0.009	14	17	15.67	9.91	0	8	5	
2019-07-03 10:00:00	56.77437	17.32074	13	34	0	1	350	0.009	14	17	15.67	9.91	0	8	5	
2019-07-03 10:10:00	56.76954	17.31522	12	35	0	1	350	0.009	14	17	15.674	9.9	0	8	5	
2019-07-03 10:20:00	56.76507	17.31069	12	36	0	1	350	0.009	14	18	15.677	9.9	0	8	5	
2019-07-03 10:30:00	56.76576	17.30805	41	37	0	1	380	0.011	14	18	15.717	9.91	0	8	5	
2019-07-03 10:40:00	56.76729	17.30397	12	38	0	1	350	0.009	13.9	18	15.723	9.91	0	8	5	
2019-07-03 10:50:00	56.76894	17.30022	11	39	0	1	50	0.011	13.9	18	15.743	9.92	1	8	0	
2019-07-03 11:00:00	56.7705	17.29656	12	40	0	1	350	0.009	14	17	15.77	9.92	0	8	5	
2019-07-03 11:10:00	56.77323	17.29284	11	41	0	1	350	0.011	13.9	18	15.789	9.93	0	8	5	
2019-07-03 11:20:00	56.77623	17.2893	11	42	0	2	350	0.009	13.9	18	15.754	9.91	0	8	5	
2019-07-03 11:30:00	56.77914	17.28573	12	43	0	1	350	0.009	14	18	15.828	9.93	0	8	5	
2019-07-03 11:40:00	56.7819	17.28351	12	44	0	1	350	0.009	13.9	18	15.919	9.96	0	8	5	
2019-07-03 11:50:00	56.78463	17.28063	12	45	0	1	350	0.009	13.9	18	15.945	9.96	0	8	5	
2019-07-03 12:00:00	56.78817	17.27817	12	46	0	1	350	0.009	13.9	18	16.023	9.97	0	8	5	
2019-07-03 12:10:00	56.79099	17.27646	12	47	0	1	350	0.009	14	18	16.046	9.97	0	8	5	
2019-07-03 12:20:00	56.7933	17.27424	13	48	0	1	350	0.009	13.9	18	16.093	9.98	0	8	5	
2019-07-03 12:30:00	56.79588	17.2722	12	49	0	1	60	0.009	13.9	18	16.129	9.98	1	8	0	
2019-07-03 12:40:00	56.79846	17.27064	41	50	0	1	380	0.009	13.9	18	16.137	9.98	0	8	5	
2019-07-03 12:50:00	56.80029	17.2686	12	51	0	1	350	0.009	14	18	16.187	9.99	0	8	5	
2019-07-03 13:00:00	56.80437	17.26473	12	52	0	1	350	0.009	13.9	18	16.175	9.98	0	8	5	
2019-07-03 13:10:00	56.81001	17.25756	12	53	0	2	60	0.009	14.1	18	16.186	9.97	1	8	0	
2019-07-03 13:20:00	56.81538	17.25303	11	54	0	1	350	0.009	14	17	16.154	9.95	0	8	5	
2019-07-03 13:30:00	56.81988	17.25207	12	55	0	1	60	0.009	14	18	16.18	9.96	1	8	0	
2019-07-03 13:40:00	56.8236	17.25405	12	56	0	3	360	0.009	14	17	16.212	9.96	0	8	5	
2019-07-03 14:00:00	56.83023	17.25246	12	58	0		350	0.009	14	18	16.215	9.95	0	8	5	
2019-07-03 14:10:00	56.83626	17.24775	12	59	0	2	350	0.011	14.1	18	16.188	9.94	0	8	5	
2019-07-03 14:20:00	56.84256	17.24397	11	0	0	1	360	0.009	14.1	18	16.187	9.94	0	8	5	
2019-07-03 14:30:00	56.84823	17.238	11	1	0	1	350	0.009	14.1	18	16.176	9.93	0	8	5	
2019-07-03 14:40:00	56.85162	17.23746	12	2	0	1	350	0.009	14.1	18	16.16	9.93	0	8	5	
2019-07-03 14:50:00	56.85474	17.23635	12	3	0	1	350	0.009	14.1	18	16.151	9.92	0	8	5	
2019-07-03 15:00:00	56.85759	17.23515	14	4	0	1	360	0.009	14.1	17	16.183	9.93	0	8	5	
2019-07-03 15:10:00	56.86071	17.23422	41	5	0	1	380	0.009	14.1	18	16.159	9.92	0	8	5	
2019-07-03 15:20:00	56.86437	17.23347	11	6	0	1	350	0.009	14.1	18	16.145	9.92	0	8	5	
2019-07-03 15:30:00	56.86917	17.23191	11	7	0	1	60	0.009	14.1	17	16.115	9.9	1	8	0	
2019-07-03 15:40:00	56.87415	17.23245	11	8	0	2	350	0.009	14.1	17	16.116	9.9	0	8	5	
2019-07-03 15:50:00	56.88003	17.23473	11	9	0	2	350	0.009	14	17	16.06	9.88	0	8	5	
2019-07-03 16:00:00	56.886	17.23788	12	10	0	1	350	0.009	14.1	17	16.021	9.86	0	8	5	
2019-07-03 16:20:00	56.89626	17.24496	12	12	0		350	0.009	14.1	18	15.973	9.85	0	8	5	
2019-07-03 16:30:00	56.90058	17.24781	12	13	0	1	350	0.009	14.1	18	15.957	9.85	0	8	5	
2019-07-03 16:40:00	56.90475	17.25222	12	14	0	1	350	0.009	14.1	17	15.927	9.84	0	8	5	
2019-07-03 16:50:00	56.90916	17.25705	12	15	0	1	50	0.009	14	18	15.904	9.83	1	8	0	
2019-07-03 17:00:00	56.91381	17.26077	12	16	0	1	60	0.009	14.1	17	15.868	9.82	1	8	0	
2019-07-03 17:10:00	56.91834	17.26527	12	17	0	1	350	0.009	14.1	17	15.834	9.81	0	8	5	
2019-07-03 17:20:00	56.92287	17.26977	12	18	0	1	60	0.009	14.1	17	15.785	9.8	1	8	0	
2019-07-03 17:30:00	56.92749	17.27415	12	19	0	1	350	0.009	14.1	17	15.755	9.79	0	8	5	
2019-07-03 17:40:00	56.93175	17.2788	12	20	0	1	350	0.009	14.1	17	15.717	9.79	0	8	5	
2019-07-03 17:50:00	56.9355	17.28342	12	21	0	1	350	0.009	14.1	17	15.651	9.77	0	8	5	
2019-07-03 18:00:00	56.93931	17.28846	40	22	0	3	380	0.009	14.1	18	15.536	9.75	0	8	5	
2019-07-03 18:10:00	56.94276	17.29185	12	23	0	1	350	0.009	14	17	15.412	9.72	0	8	5	
2019-07-03 18:20:00	56.94699	17.29521	12	24	0	1	350	0.009	13.9	17	15.254	9.68	0	8	5	
2019-07-03 18:30:00	56.95122	17.2986	12	25	0	1	350	0.009	13.8	17	15.156	9.66	0	8	5	
2019-07-03 18:40:00	56.95428	17.30283	12	26	0	2	350	0.009	13.7	17	15.07	9.63	0	8	5	
2019-07-03 18:50:00	56.95737	17.30793	12	27	0	2	350	0.009	13.6	17	14.994	9.61	0	8	5	
2019-07-03 19:00:00	56.96022	17.3127	12	28	0	1	350	0.009	13.6	17	14.941	9.6	0	8	5	
2019-07-03 19:10:00	56.96313	17.31669	12	29	0	1	350	0.009	13.5	17	14.912	9.59	0	8	5	
2019-07-03 19:20:00	56.96583	17.31996	12	30	0	2	350	0.011	13.5	17	14.895	9.59	0	8	5	
2019-07-03 19:30:00	56.96889	17.32233	12	31	0	1	350	0.009	13.5	17	14.867	9.59	0	8	5	
2019-07-03 19:40:00	56.97129	17.32419	13	32	0	1	350	0.009	13.5	17	14.867	9.59	0	8	5	
2019-07-03 19:50:00	56.97357	17.32533	13	33	0	1	350	0.009	13.4	17	14.892	9.6	0	8	5	
2019-07-03 20:20:00	56.98074	17.32875	12	36	0		360	0.009	13.4	17	14.931	9.6	0	8	5	
2019-07-03 20:30:00	56.98299	17.3295	12	37	0	1	350	0.009	13.4	17	14.954	9.6	0	8	5	
2019-07-03 20:40:00	56.98545	17.32956	12	38	0	1	350	0.009	13.4	17	14.962	9.6	0	8	5	
2019-07-03 20:50:00	56.98722	17.32908	12	39	0	1	350	0.011	13.3	16	14.961	9.59	0	8	5	
2019-07-03 21:00:00	56.98977	17.32887	13	40	0	1	350	0.011	13.3	17	14.983	9.6	0	8	5	
2019-07-03 21:10:00	56.99232	17.32812	13	41	0	1	350	0.009	13.3	17	15.001	9.6	0	8	5	
2019-07-03 21:20:00	56.99475	17.32683	41	42	0	1	380	0.009	13.3	17	15.035	9.6	0	8	5	
2019-07-03 21:30:00	56.99691	17.32581	12	43	0	1	350	0.009	13.3	16	15.057	9.61	0	8	5	
2019-07-03 21:40:00	56.99922	17.32362	11	44	0	1	350	0.009	13.3	17	15.069	9.61	0	8	5	
2019-07-03 21:50:00	57.00192	17.32197	11	45	0	1	350	0.009	13.3	16	15.083	9.6	0	8	5	
2019-07-03 22:00:00	57.00438	17.32035	11	46	0	1	350	0.011	13.3	16	15.088	9.6	0	8	5	
2019-07-03 22:10:00	57.00693	17.31834	11	47	0	1	350	0.009	13.3	16	15.127	9.61	0	8	5	
2019-07-03 22:20:00	57.00951	17.31753	11	48	0	2	350	0.011	13.3	17	15.167	9.62	0	8	5	
2019-07-03 22:30:00	57.01329	17.32185	12	49	0	2	350	0.009	13.3	17	15.207	9.63	0	8	5	
2019-07-03 23:00:00	57.02643	17.33475	12	52	0		360	0.009	13.3	17	15.354	9.67	0	8	5	
2019-07-03 23:10:00	57.03111	17.33697	12	53	0	3	350	0.009	13.3	17	15.405	9.7	0	8	5	
2019-07-03 23:20:00	57.03579	17.34111	12	54	0	1	350	0.011	13.3	17	15.464	9.72	0	8	5	
2019-07-03 23:30:00	57.0399	17.34639	15	55	0	1	360	0.009	13.3	17	15.452	9.72	0	8	5	
2019-07-03 23:40:00	57.04392	17.35338	41	56	0	1	380	0.009	13.3	17	15.445	9.72	0	8	5	
2019-07-03 23:50:00	57.04827	17.35692	12	57	0	1	360	0.011	13.3	17	15.447	9.73	0	8	5	
2019-07-04 00:00:00	57.05298	17.36049	12	58	0	1	350	0.011	13.3	17	15.435	9.73	0	8	5	
2019-07-04 00:10:00	57.05709	17.36709	15	59	0	1	360	0.009	13.3	17	15.425	9.74	0	8	5	
2019-07-04 00:20:00	57.06132	17.37288	12	0	0	1	350	0.009	13.3	17	15.429	9.75	0	8	5	
2019-07-04 00:30:00	57.06564	17.37807	13	1	0	1	350	0.009	13.3	17	15.44	9.76	0	8	5	
2019-07-04 00:40:00	57.06996	17.38284	12	2	0	1	350	0.011	13.3	17	15.456	9.77	0	8	5	
2019-07-04 00:50:00	57.07371	17.38926	12	3	0	1	350	0.009	13.3	17	15.476	9.77	0	8	5	
2019-07-04 01:00:00	57.07797	17.3946	12	4	0	1	350	0.009	13.3	17	15.482	9.78	0	8	5	
2019-07-04 01:10:00	57.08172	17.40207	35	5	0	1	380	0.009	13.3	17	15.492	9.78	0	8	5	
2019-07-04 01:20:00	57.0855	17.40864	12	6	0	1	60	0.009	13.3	17	15.482	9.78	1	8	0	
2019-07-04 01:30:00	57.08925	17.41548	11	7	0	1	350	0.011	13.3	16	15.472	9.78	0	8	5	
2019-07-04 01:40:00	57.09348	17.42223	11	8	0	1	350	0.011	13.3	17	15.448	9.78	0	8	5	
2019-07-04 01:50:00	57.0978	17.42754	12	9	0	1	350	0.011	13.3	17	15.463	9.81	0	8	5	
2019-07-04 02:00:00	57.102	17.43414	12	10	0	1	350	0.009	13.3	17	15.449	9.84	0	8	5	
2019-07-04 02:10:00	57.10662	17.43927	12	11	0	1	350	0.009	13.3	17	15.45	9.85	0	8	5	
2019-07-04 02:20:00	57.1113	17.44422	13	12	0	1	350	0.009	13.3	17	15.438	9.85	0	8	5	
2019-07-04 02:30:00	57.11625	17.44977	41	13	0	1	380	0.009	13.3	17	15.4	9.83	0	8	5	
2019-07-04 02:40:00	57.12075	17.45457	13	14	0	1	350	0.011	13.3	17	15.332	9.81	0	8	5	
2019-07-04 02:50:00	57.12318	17.46219	12	15	0	3	350	0.009	13.3	17	15.322	9.81	0	8	5	
2019-07-04 03:00:00	57.12747	17.46849	12	16	0	1	350	0.009	13.3	17	15.279	9.8	0	8	5	
2019-07-04 03:10:00	57.13185	17.47503	12	17	0	1	350	0.009	13.3	17	15.3	9.81	0	8	5	
2019-07-04 03:20:00	57.13755	17.47983	12	18	0	1	350	0.009	13.3	17	15.317	9.81	0	8	5	
2019-07-04 03:30:00	57.14352	17.48397	12	19	0	1	350	0.009	13.3	17	15.337	9.82	0	8	5	
2019-07-04 03:40:00	57.14952	17.48898	12	20	0	1	350	0.009	13.3	17	15.356	9.82	0	8	5	
2019-07-04 03:50:00	57.15519	17.49429	13	21	0	1	360	0.009	13.3	17	15.376	9.83	0	8	5	
2019-07-04 04:00:00	57.16119	17.49813	15	22	0	1	360	0.009	13.3	17	15.366	9.83	0	8	5	
2019-07-04 04:10:00	57.16728	17.50236	15	23	0	1	360	0.009	13.3	17	15.32	9.82	0	8	5	
2019-07-04 04:20:00	57.17337	17.50788	14	24	0	1	350	0.009	13.3	17	15.258	9.81	0	8	5	
2019-07-04 04:30:00	57.16929	17.51472	38	25	0	1	380	0.009	13.3	17	15.246	9.8	0	8	5	
2019-07-04 04:40:00	57.1647	17.52024	11	26	0	1	350	0.009	13.4	17	15.222	9.8	0	8	5	
2019-07-04 04:50:00	57.15972	17.52561	11	27	0	3	50	0.011	13.4	17	15.225	9.8	1	8	0	
2019-07-04 05:00:00	57.15507	17.53182	12	28	0	1	350	0.011	13.4	16	15.207	9.79	0	8	5	
2019-07-04 05:10:00	57.15078	17.53872	12	29	0	1	350	0.011	13.4	17	15.215	9.78	0	8	5	
2019-07-04 05:20:00	57.14631	17.54538	12	30	0	1	60	0.011	13.4	16	15.202	9.78	1	8	0	
2019-07-04 05:30:00	57.14181	17.55135	41	31	0	2	380	0.009	13.4	17	15.195	9.78	0	8	5	
2019-07-04 05:40:00	57.13707	17.55717	12	32	0	1	350	0.009	13.4	17	15.195	9.78	0	8	5	
2019-07-04 05:50:00	57.14103	17.56329	12	33	0	1	350	0.009	13.4	17	15.233	9.79	0	8	5	
2019-07-04 06:00:00	57.14775	17.56815	12	34	0	1	350	0.009	13.4	17	15.224	9.78	0	8	5	
2019-07-04 06:10:00	57.15411	17.57403	13	35	0	1	350	0.009	13.4	17	15.246	9.79	0	8	5	
2019-07-04 06:20:00	57.16038	17.57919	12	36	0	1	350	0.009	13.5	17	15.289	9.79	0	8	5	
2019-07-04 06:30:00	57.16641	17.58528	12	37	0	1	360	0.009	13.5	17	15.336	9.79	0	8	5	
2019-07-04 06:40:00	57.17277	17.59191	12	38	0	1	350	0.009	13.4	17	15.42	9.78	0	8	5	
2019-07-04 06:50:00	57.17934	17.59737	13	39	0	1	350	0.009	13.5	17	15.509	9.79	0	8	5	
2019-07-04 07:00:00	57.18474	17.60493	12	40	0	1	350	0.009	13.5	17	15.6	9.8	0	8	5	
2019-07-04 07:10:00	57.1911	17.60994	13	41	0	1	350	0.009	13.5	17	15.646	9.81	0	8	5	
2019-07-04 07:20:00	57.19722	17.61627	13	42	0	1	350	0.009	13.5	17	15.657	9.81	0	8	5	
2019-07-04 07:30:00	57.20301	17.62362	13	43	0	2	360	0.009	13.5	17	15.627	9.8	0	8	5	
2019-07-04 07:40:00	57.2091	17.6307	13	44	0	1	350	0.011	13.5	17	15.553	9.79	0	8	5	
2019-07-04 07:50:00	57.2154	17.63754	13	45	0	1	350	0.011	13.6	17	15.55	9.79	0	8	5	
2019-07-04 08:00:00	57.22188	17.64426	40	46	0	1	380	0.009	13.6	18	15.515	9.83	0	8	5	
2019-07-04 08:10:00	57.22746	17.65068	12	47	0	1	350	0.009	13.7	17	15.505	9.84	0	8	5	
2019-07-04 08:20:00	57.23277	17.65848	11	48	0	1	350	0.009	14	17	15.486	9.84	0	8	5	
2019-07-04 08:30:00	57.22878	17.66847	12	49	0	1	350	0.009	13.9	17	15.507	9.84	0	8	5	
2019-07-04 08:40:00	57.22398	17.67939	12	50	0	1	350	0.009	14.1	17	15.55	9.85	0	8	5	
2019-07-04 08:50:00	57.21924	17.69094	12	51	0	1	350	0.009	13.9	17	15.571	9.86	0	8	5	
2019-07-04 09:00:00	57.21462	17.70198	12	52	0	1	350	0.009	14	17	15.63	9.87	0	8	5	
2019-07-04 09:10:00	57.20961	17.71221	18	53	0	1	360	0.009	14	17	15.663	9.88	0	8	5	
2019-07-04 09:20:00	57.20514	17.72331	13	54	0	1	350	0.009	14	17	15.689	9.88	0	8	5	
2019-07-04 09:30:00	57.20004	17.73447	16	55	0	1	360	0.009	14	17	15.735	9.88	0	8	5	
2019-07-04 09:40:00	57.19515	17.74527	16	56	0	1	360	0.009	14	17	15.774	9.88	0	8	5	
2019-07-04 09:50:00	57.19977	17.75208	41	57	0	1	380	0.009	13.9	18	15.797	9.88	0	8	5	
2019-07-04 10:00:00	57.20484	17.75871	13	58	0	1	350	0.009	13.9	18	15.776	9.86	0	8	5	
2019-07-04 10:10:00	57.20898	17.76612	12	59	0	1	350	0.009	13.9	18	15.774	9.84	0	8	5	
2019-07-04 10:20:00	57.21318	17.77374	12	0	0	1	360	0.009	13.9	18	15.74	9.81	0	8	5	
2019-07-04 10:30:00	57.21738	17.78031	12	1	0	1	350	0.009	13.9	18	15.717	9.8	0	8	5	
2019-07-04 10:40:00	57.22131	17.78643	12	2	0	1	350	0.009	13.9	18	15.676	9.77	0	8	5	
2019-07-04 10:50:00	57.22563	17.79183	12	3	0	2	350	0.009	13.9	18	15.658	9.76	0	8	5	
2019-07-04 11:00:00	57.22923	17.79762	12	4	0	1	350	0.009	13.9	18	15.649	9.76	0	8	5	
2019-07-04 11:10:00	57.23334	17.80317	12	5	0	1	350	0.009	13.9	18	15.651	9.75	0	8	5	
2019-07-04 11:20:00	57.23754	17.80701	12	6	0	1	350	0.009	13.9	18	15.639	9.75	0	8	5	
2019-07-04 11:30:00	57.24162	17.81184	41	7	0	1	380	0.009	14	18	15.658	9.75	0	8	5	
2019-07-04 11:40:00	57.24474	17.81553	12	8	0	1	350	0.009	14	18	15.69	9.76	0	8	5	
2019-07-04 11:50:00	57.24858	17.8158	12	9	0	1	350	0.009	14	18	15.696	9.76	0	8	5	
2019-07-04 12:00:00	57.25197	17.8152	12	10	0	2	360	0.009	14	18	15.663	9.75	0	8	5	
2019-07-04 12:10:00	57.25563	17.81472	13	11	0	1	350	0.009	14	18	15.658	9.74	0	8	5	
2019-07-04 12:20:00	57.25875	17.8125	12	12	0	1	350	0.009	14	18	15.638	9.73	0	8	5	
2019-07-04 12:30:00	57.26163	17.80752	14	13	0	1	360	0.009	13.9	18	15.658	9.74	0	8	5	
2019-07-04 12:40:00	57.26445	17.80179	13	14	0	1	350	0.009	14	18	15.673	9.74	0	8	5	
2019-07-04 12:50:00	57.26739	17.79621	13	15	0	1	360	0.009	13.9	18	15.675	9.73	0	8	5	
2019-07-04 13:10:00	57.27117	17.79924	13	17	0		350	0.009	13.8	17	15.715	9.73	0	8	5	
2019-07-04 13:20:00	57.27066	17.81175	12	18	0	1	350	0.009	13.8	17	15.681	9.72	0	8	5	
2019-07-04 13:30:00	57.26991	17.82405	13	19	0	1	350	0.009	13.8	17	15.666	9.72	0	8	5	
2019-07-04 13:40:00	57.26964	17.8362	18	20	0	1	360	0.009	13.7	17	15.711	9.74	0	8	5	
2019-07-04 13:50:00	57.26673	17.84604	41	21	0	1	380	0.009	13.7	18	15.795	9.78	0	8	5	
2019-07-04 14:00:00	57.25971	17.8512	11	22	0	1	350	0.009	13.8	17	15.801	9.79	0	8	5	
2019-07-04 14:10:00	57.25176	17.85462	12	23	0	1	350	0.009	14.1	17	15.824	9.8	0	8	5	
2019-07-04 14:20:00	57.25518	17.84868	12	24	0	1	350	0.009	14.1	17	15.784	9.78	0	8	5	
2019-07-04 14:30:00	57.25902	17.83905	12	25	0	1	350	0.009	14.1	17	15.76	9.77	0	8	5	
2019-07-04 14:40:00	57.26271	17.82909	12	26	0	1	350	0.009	14.1	18	15.702	9.74	0	8	5	
2019-07-04 14:50:00	57.25755	17.83341	12	27	0	1	350	0.009	14.1	17	15.715	9.75	0	8	5	
2019-07-04 15:00:00	57.25044	17.83887	12	28	0	1	360	0.009	14.1	17	15.726	9.76	0	8	5	
2019-07-04 15:10:00	57.24324	17.84472	12	29	0	1	50	0.009	14.1	17	15.776	9.78	1	8	0	
2019-07-04 15:20:00	57.23727	17.84811	12	30	0	1	350	0.011	14.1	17	15.804	9.8	0	8	5	
2019-07-04 15:30:00	57.23166	17.85102	12	31	0	1	60	0.009	14.1	17	15.805	9.8	1	8	0	
2019-07-04 15:40:00	57.22611	17.85411	13	32	0	1	350	0.009	14.1	17	15.819	9.81	0	8	5	
2019-07-04 15:50:00	57.22065	17.85765	13	33	0	1	350	0.009	14.1	17	15.824	9.81	0	8	5	
2019-07-04 16:00:00	57.21489	17.86131	40	34	0	1	380	0.009	14	18	15.831	9.81	0	8	5	
2019-07-04 16:10:00	57.21735	17.86182	12	35	0	1	350	0.009	13.9	17	15.821	9.81	0	8	5	
2019-07-04 16:20:00	57.22071	17.85099	12	36	0	1	350	0.009	13.8	17	15.781	9.8	0	8	5	
2019-07-04 16:30:00	57.2247	17.84052	12	37	0	1	350	0.009	13.8	17	15.747	9.78	0	8	5	
2019-07-04 16:40:00	57.22917	17.8311	12	38	0	1	350	0.011	13.7	17	15.663	9.76	0	8	5	
2019-07-04 16:50:00	57.23355	17.82147	13	39	0	1	350	0.011	13.7	17	15.615	9.73	0	8	5	
2019-07-04 17:00:00	57.23748	17.8164	13	40	0	1	350	0.011	13.6	17	15.564	9.72	0	8	5	
2019-07-04 17:10:00	57.24246	17.808	12	41	0	1	50	0.011	13.6	17	15.537	9.7	1	8	0	
2019-07-04 17:20:00	57.24801	17.80047	12	42	0	1	350	0.009	13.7	17	15.518	9.7	0	8	5	
2019-07-04 17:30:00	57.25326	17.79309	12	43	0	3	360	0.011	13.6	17	15.516	9.69	0	8	5	
2019-07-04 17:40:00	57.25905	17.78694	12	44	0	1	360	0.009	13.6	17	15.509	9.69	0	8	5	
2019-07-04 17:50:00	57.26469	17.78076	12	45	0	1	350	0.009	13.6	17	15.541	9.69	0	8	5	
2019-07-04 18:00:00	57.2703	17.7747	12	46	0	1	350	0.009	13.5	17	15.565	9.69	0	8	5	
2019-07-04 18:10:00	57.27591	17.76861	12	47	0	1	350	0.011	13.5	17	15.592	9.69	0	8	5	
2019-07-04 18:20:00	57.28209	17.76372	12	48	0	1	350	0.009	13.5	17	15.616	9.69	0	8	5	
2019-07-04 18:30:00	57.28803	17.75841	13	49	0	1	350	0.011	13.5	17	15.601	9.69	0	8	5	
2019-07-04 18:40:00	57.29412	17.75388	13	50	0	1	350	0.009	13.4	17	15.598	9.69	0	8	5	
2019-07-04 18:50:00	57.30012	17.7495	14	51	0	1	360	0.009	13.4	17	15.617	9.69	0	8	5	
2019-07-04 19:00:00	57.30666	17.74593	41	52	0	1	380	0.009	13.4	18	15.596	9.68	0	8	5	
2019-07-04 19:10:00	57.31254	17.74287	12	53	0	2	350	0.009	13.4	17	15.576	9.68	0	8	5	
2019-07-04 19:20:00	57.31779	17.73855	11	54	0	1	350	0.011	13.4	17	15.57	9.69	0	8	5	
2019-07-04 19:30:00	57.32088	17.7483	13	55	0	1	350	0.009	13.4	17	15.541	9.67	0	8	5	
2019-07-04 19:40:00	57.32523	17.76078	16	56	0	1	360	0.009	13.4	17	15.519	9.67	0	8	5	
2019-07-04 19:50:00	57.32907	17.77284	13	57	0	1	350	0.011	13.4	17	15.473	9.66	0	8	5	
2019-07-04 20:00:00	57.33258	17.78562	13	58	0	1	360	0.009	13.3	17	15.431	9.65	0	8	5	
2019-07-04 20:10:00	57.33324	17.79966	12	59	0	1	350	0.009	13.3	17	15.411	9.66	0	8	5	
2019-07-04 20:20:00	57.33555	17.8122	39	0	0	1	380	0.011	13.3	17	15.418	9.68	0	8	5	
2019-07-04 20:30:00	57.33786	17.82252	12	1	0	1	350	0.011	13.3	17	15.424	9.68	0	8	5	
2019-07-04 20:40:00	57.34002	17.83344	12	2	0	1	350	0.011	13.3	17	15.439	9.69	0	8	5	
2019-07-04 20:50:00	57.3432	17.83449	11	3	0	1	350	0.009	13.3	17	15.42	9.69	0	8	5	
2019-07-04 21:00:00	57.34638	17.83392	12	4	0	2	350	0.009	13.3	17	15.414	9.69	0	8	5	
2019-07-04 21:10:00	57.34947	17.83158	12	5	0	2	350	0.011	13.3	17	15.401	9.68	0	8	5	
2019-07-04 21:20:00	57.35205	17.82948	12	6	0	1	350	0.011	13.3	17	15.376	9.67	0	8	5	
2019-07-04 21:30:00	57.35442	17.82738	12	7	0	1	350	0.009	13.3	17	15.378	9.67	0	8	5	
2019-07-04 21:40:00	57.35712	17.82639	12	8	0	1	350	0.011	13.3	17	15.364	9.67	0	8	5	
2019-07-04 21:50:00	57.35964	17.82618	12	9	0	1	350	0.009	13.3	17	15.374	9.68	0	8	5	
2019-07-04 22:00:00	57.36231	17.82561	12	10	0	3	350	0.009	13.3	17	15.373	9.68	0	8	5	
2019-07-04 22:10:00	57.36504	17.82624	12	11	0	1	350	0.011	13.3	17	15.379	9.69	0	8	5	
2019-07-04 22:20:00	57.36774	17.82618	12	12	0	1	350	0.009	13.3	17	15.393	9.7	0	8	5	
2019-07-04 22:30:00	57.3702	17.82636	12	13	0	1	350	0.009	13.3	17	15.397	9.71	0	8	5	
2019-07-04 22:40:00	57.37284	17.82651	13	14	0	1	350	0.009	13.3	17	15.431	9.72	0	8	5	
2019-07-04 22:50:00	57.3759	17.82687	14	15	0	1	350	0.009	13.3	17	15.491	9.75	0	8	5	
2019-07-04 23:00:00	57.37854	17.82834	41	16	0	1	380	0.011	13.3	17	15.541	9.77	0	8	5	
2019-07-04 23:10:00	57.38079	17.82939	12	17	0	1	360	0.009	13.3	17	15.534	9.76	0	8	5	
2019-07-04 23:20:00	57.3834	17.8296	11	18	0	1	360	0.009	13.3	17	15.543	9.75	0	8	5	
2019-07-04 23:30:00	57.3858	17.82855	12	19	0	3	350	0.011	13.3	17	15.526	9.74	0	8	5	
2019-07-04 23:40:00	57.38817	17.82777	12	20	0	1	350	0.009	13.3	17	15.511	9.73	0	8	5	
2019-07-04 23:50:00	57.39084	17.82669	14	21	0	1	350	0.011	13.3	17	15.507	9.71	0	8	5	
2019-07-05 00:00:00	57.39378	17.82456	41	22	0	1	380	0.011	13.3	17	15.494	9.7	0	8	5	
2019-07-05 00:10:00	57.39624	17.82177	12	23	0	1	360	0.009	13.3	17	15.457	9.68	0	8	5	
2019-07-05 00:20:00	57.39891	17.82003	12	24	0	1	350	0.011	13.3	17	15.431	9.65	0	8	5	
2019-07-05 00:30:00	57.40128	17.81916	12	25	0	1	350	0.011	13.3	17	15.421	9.64	0	8	5	
2019-07-05 00:40:00	57.40428	17.81871	12	26	0	1	350	0.009	13.3	17	15.393	9.63	0	8	5	
2019-07-05 00:50:00	57.40722	17.81811	13	27	0	1	350	0.009	13.3	17	15.356	9.61	0	8	5	
2019-07-05 01:00:00	57.41001	17.81622	41	28	0	1	380	0.011	13.3	17	15.33	9.59	0	8	5	
2019-07-05 01:10:00	57.41226	17.8146	12	29	0	1	350	0.011	13.3	17	15.319	9.58	0	8	5	
2019-07-05 01:20:00	57.4152	17.81265	12	30	0	1	350	0.009	13.3	17	15.287	9.57	0	8	5	
2019-07-05 01:30:00	57.41733	17.81154	12	31	0	1	350	0.011	13.3	17	15.263	9.55	0	8	5	
2019-07-05 01:40:00	57.42072	17.80935	12	32	0	1	60	0.011	13.3	17	15.276	9.54	1	8	0	
2019-07-05 01:50:00	57.42369	17.8074	12	33	0	1	350	0.009	13.3	16	15.281	9.54	0	8	5	
2019-07-05 02:00:00	57.42678	17.80521	12	34	0	1	350	0.011	13.3	17	15.267	9.53	0	8	5	
2019-07-05 02:20:00	57.43362	17.80077	12	36	0		350	0.011	13.3	17	15.255	9.51	0	8	5	
2019-07-05 02:30:00	57.43713	17.79885	12	37	0	1	350	0.009	13.3	17	15.224	9.5	0	8	5	
2019-07-05 02:40:00	57.44052	17.79711	12	38	0	1	350	0.009	13.3	17	15.181	9.49	0	8	5	
2019-07-05 02:50:00	57.4437	17.79549	12	39	0	1	350	0.011	13.3	17	15.155	9.49	0	8	5	
2019-07-05 03:10:00	57.45111	17.79114	12	41	0		350	0.011	13.3	17	15.054	9.48	0	8	5	
2019-07-05 03:20:00	57.4548	17.78886	12	42	0	1	350	0.009	13.3	17	15.009	9.49	0	8	5	
2019-07-05 03:30:00	57.45882	17.78772	12	43	0	1	350	0.009	13.3	17	14.966	9.49	0	8	5	
2019-07-05 03:40:00	57.46272	17.78595	13	44	0	1	350	0.011	13.3	17	14.942	9.49	0	8	5	
2019-07-05 03:50:00	57.46662	17.7837	41	45	0	1	380	0.011	13.3	17	14.912	9.48	0	8	5	
2019-07-05 04:00:00	57.47061	17.78196	13	46	0	1	350	0.011	13.3	17	14.869	9.48	0	8	5	
2019-07-05 04:10:00	57.47451	17.78085	12	47	0	1	350	0.009	13.3	17	14.843	9.47	0	8	5	
2019-07-05 04:20:00	57.47841	17.78115	13	48	0	1	350	0.009	13.3	17	14.798	9.46	0	8	5	
2019-07-05 04:30:00	57.48279	17.78109	14	49	0	1	360	0.009	13.4	17	14.752	9.46	0	8	5	
2019-07-05 04:40:00	57.48696	17.78046	12	50	0	1	360	0.009	13.4	16	14.756	9.46	0	8	5	
2019-07-05 04:50:00	57.49167	17.78004	19	51	0	1	360	0.011	13.4	17	14.773	9.47	0	8	5	
2019-07-05 05:00:00	57.49599	17.78001	41	52	0	1	380	0.011	13.4	17	14.846	9.48	0	8	5	
2019-07-05 05:10:00	57.4998	17.77995	16	53	0	2	360	0.009	13.4	17	14.912	9.49	0	8	5	
2019-07-05 05:20:00	57.50406	17.78022	15	54	0	1	360	0.011	13.4	17	15.005	9.51	0	8	5	
2019-07-05 05:30:00	57.50904	17.78094	43	55	0	1	380	0.011	13.4	17	15.064	9.51	0	8	5	
2019-07-05 05:40:00	57.51261	17.78244	45	56	0	1	390	0.009	13.4	17	15.138	9.53	0	8	5	
2019-07-05 05:50:00	57.51684	17.7837	26	57	0	1	370	0.011	13.4	17	15.188	9.55	0	8	5	
2019-07-05 06:00:00	57.52149	17.78421	42	58	0	1	380	0.011	13.4	17	15.207	9.56	0	8	5	
2019-07-05 06:10:00	57.52566	17.78529	12	59	0	1	350	0.009	13.4	17	15.241	9.58	0	8	5	
2019-07-05 06:20:00	57.53043	17.78604	12	0	0	1	350	0.009	13.5	17	15.26	9.58	0	8	5	
2019-07-05 06:30:00	57.53511	17.78835	12	1	0	1	350	0.009	13.4	17	15.236	9.57	0	8	5	
2019-07-05 06:40:00	57.53991	17.78988	12	2	0	1	350	0.011	13.5	17	15.273	9.58	0	8	5	
2019-07-05 06:50:00	57.54459	17.79084	12	3	0	1	360	0.011	13.5	17	15.321	9.58	0	8	5	
2019-07-05 07:00:00	57.54945	17.79258	41	4	0	1	380	0.011	13.4	17	15.322	9.57	0	8	5	
2019-07-05 07:10:00	57.55398	17.79348	12	5	0	1	350	0.011	13.5	17	15.303	9.57	0	8	5	
2019-07-05 07:20:00	57.55878	17.79471	12	6	0	1	350	0.009	13.5	17	15.279	9.56	0	8	5	
2019-07-05 07:30:00	57.56313	17.79651	11	7	0	1	350	0.011	13.5	17	15.349	9.57	0	8	5	
2019-07-05 07:40:00	57.56763	17.79789	12	8	0	1	350	0.011	13.6	17	15.319	9.55	0	8	5	
2019-07-05 07:50:00	57.57186	17.79939	12	9	0	1	350	0.009	13.6	17	15.304	9.53	0	8	5	
2019-07-05 08:00:00	57.576	17.8014	12	10	0	1	350	0.009	13.6	17	15.255	9.51	0	8	5	
2019-07-05 08:10:00	57.58014	17.80314	12	11	0	1	350	0.009	13.7	17	15.207	9.47	0	8	5	
2019-07-05 08:20:00	57.5841	17.80593	12	12	0	1	350	0.009	13.9	17	15.142	9.44	0	8	5	
2019-07-05 08:30:00	57.58794	17.80806	13	13	0	1	350	0.009	13.9	17	15.094	9.41	0	8	5	
2019-07-05 08:40:00	57.59193	17.81025	12	14	0	1	350	0.009	13.9	17	14.987	9.37	0	8	5	
2019-07-05 08:50:00	57.5958	17.81286	12	15	0	1	350	0.009	13.9	17	14.952	9.36	0	8	5	
2019-07-05 09:00:00	57.59952	17.81553	12	16	0	1	350	0.009	13.9	17	14.937	9.35	0	8	5	
2019-07-05 09:10:00	57.60297	17.81808	12	17	0	2	350	0.009	14.1	17	14.926	9.35	0	8	5	
2019-07-05 09:20:00	57.6066	17.82111	14	18	0	2	350	0.009	14.1	17	14.96	9.37	0	8	5	
2019-07-05 09:30:00	57.61035	17.82387	14	19	0	1	360	0.009	13.9	17	14.991	9.38	0	8	5	
2019-07-05 09:40:00	57.61431	17.8266	43	20	0	1	380	0.009	13.9	17	15.005	9.39	0	8	5	
2019-07-05 09:50:00	57.61782	17.82978	41	21	0	1	380	0.011	13.9	17	15.032	9.39	0	8	5	
2019-07-05 10:00:00	57.621	17.83254	12	22	0	1	350	0.009	13.9	17	14.995	9.38	0	8	5	
2019-07-05 10:10:00	57.6246	17.83569	12	23	0	1	360	0.009	14.1	17	14.959	9.36	0	8	5	
2019-07-05 10:20:00	57.62772	17.83812	16	24	0	1	360	0.009	14	17	14.912	9.34	0	8	5	
2019-07-05 10:30:00	57.63069	17.8413	41	25	0	1	380	0.011	13.9	17	14.873	9.32	0	8	5	
2019-07-05 10:40:00	57.63378	17.84364	11	26	0	1	350	0.009	13.9	17	14.843	9.3	0	8	5	
2019-07-05 10:50:00	57.63711	17.84622	11	27	0	2	350	0.009	14	17	14.826	9.29	0	8	5	
2019-07-05 11:00:00	57.63993	17.84895	12	28	0	2	350	0.009	14	17	14.772	9.27	0	8	5	
2019-07-05 11:10:00	57.64311	17.85138	12	29	0	1	350	0.009	13.9	17	14.726	9.26	0	8	5	
2019-07-05 11:20:00	57.64614	17.85318	12	30	0	1	350	0.009	14	17	14.739	9.27	0	8	5	
2019-07-05 11:30:00	57.64929	17.85456	12	31	0	1	350	0.009	14	17	14.767	9.27	0	8	5	
2019-07-05 11:40:00	57.65271	17.8557	12	32	0	1	350	0.009	14	17	14.781	9.27	0	8	5	
2019-07-05 11:50:00	57.64566	17.85201	11	33	0	1	350	0.009	14	17	14.774	9.27	0	8	5	
2019-07-05 12:00:00	57.63804	17.84397	11	34	0	1	350	0.009	14	17	14.709	9.25	0	8	5	
2019-07-05 12:10:00	57.62955	17.84208	12	35	0	1	350	0.009	14	17	14.785	9.28	0	8	5	
2019-07-05 12:20:00	57.62088	17.84094	12	36	0	1	350	0.009	13.9	17	14.888	9.32	0	8	5	
2019-07-05 12:30:00	57.61239	17.83833	41	37	0	1	380	0.009	14	17	14.925	9.34	0	8	5	
2019-07-05 12:40:00	57.60447	17.83722	13	38	0	1	350	0.009	14	17	14.989	9.37	0	8	5	
2019-07-05 12:50:00	57.59724	17.83041	12	39	0	1	350	0.009	14	17	15.002	9.38	0	8	5	
2019-07-05 13:00:00	57.58956	17.8254	13	40	0	1	350	0.009	13.9	17	15.079	9.41	0	8	5	
2019-07-05 13:10:00	57.58116	17.82375	14	41	0	1	360	0.009	14	17	15.023	9.4	0	8	5	
2019-07-05 13:20:00	57.57363	17.8254	14	42	0	2	350	0.011	14	17	14.994	9.38	0	8	5	
2019-07-05 13:30:00	57.56589	17.82303	14	43	0	1	350	0.009	14.1	17	15.013	9.38	0	8	5	
2019-07-05 13:40:00	57.55935	17.8128	41	44	0	1	380	0.009	14	17	15.039	9.39	0	8	5	
2019-07-05 13:50:00	57.5523	17.80941	11	45	0	2	350	0.009	14	17	15.093	9.41	0	8	5	
2019-07-05 14:10:00	57.53946	17.81169	12	47	0		350	0.009	14	17	15.243	9.48	0	8	5	
2019-07-05 14:20:00	57.53436	17.81541	12	48	0	1	350	0.009	14	17	15.348	9.54	0	8	5	
2019-07-05 14:40:00	57.52206	17.81403	12	50	0		350	0.009	14	17	15.391	9.57	0	8	5	
2019-07-05 14:50:00	57.51462	17.81148	12	51	0	1	350	0.009	14	17	15.39	9.58	0	8	5	
2019-07-05 15:00:00	57.50805	17.81283	13	52	0	1	350	0.009	14	17	15.363	9.57	0	8	5	
2019-07-05 15:10:00	57.50217	17.81676	12	53	0	1	350	0.009	14	17	15.348	9.56	0	8	5	
2019-07-05 15:20:00	57.49563	17.81706	12	54	0	1	350	0.009	14.1	17	15.364	9.56	0	8	5	
2019-07-05 15:30:00	57.48891	17.81841	12	55	0	1	350	0.009	14	17	15.369	9.57	0	8	5	
2019-07-05 15:40:00	57.48183	17.81505	12	56	0	2	360	0.009	14	17	15.349	9.56	0	8	5	
2019-07-05 15:50:00	57.47484	17.81238	12	57	0	1	350	0.009	14.1	17	15.333	9.56	0	8	5	
2019-07-05 16:00:00	57.4701	17.7984	125	58	0	1	470	0.009	14.2	18	15.288	9.56	0	8	5	
2019-07-05 16:10:00	57.46851	17.78721	12	59	0	1	350	0.009	14	17	15.268	9.56	0	8	5	
2019-07-05 16:20:00	57.46617	17.77452	12	0	0	1	350	0.009	14.1	17	15.228	9.55	0	8	5	
2019-07-05 16:30:00	57.46311	17.7663	12	1	0	1	350	0.009	14	17	15.203	9.56	0	8	5	
2019-07-05 16:40:00	57.46056	17.75886	11	2	0	1	350	0.009	14.1	17	15.197	9.57	0	8	5	
2019-07-05 16:50:00	57.45834	17.75283	12	3	0	1	350	0.009	14.1	17	15.158	9.57	0	8	5	
2019-07-05 17:00:00	57.45678	17.74758	12	4	0	1	350	0.011	14.1	17	15.123	9.56	0	8	5	
2019-07-05 17:10:00	57.45498	17.748	11	5	0	1	350	0.009	14	17	15.118	9.56	0	8	5	
2019-07-05 17:20:00	57.45369	17.74905	12	6	0	1	350	0.009	14.1	17	15.117	9.56	0	8	5	
2019-07-05 17:30:00	57.45363	17.75136	12	7	0	1	350	0.009	14.1	17	15.12	9.56	0	8	5	
2019-07-05 17:40:00	57.45096	17.75373	12	8	0	1	350	0.009	14	17	15.096	9.55	0	8	5	
2019-07-05 17:50:00	57.44901	17.75439	12	9	0	1	350	0.011	13.9	17	15.095	9.55	0	8	5	
2019-07-05 18:00:00	57.44727	17.75463	12	10	0	1	350	0.011	13.9	17	15.098	9.55	0	8	5	
2019-07-05 18:10:00	57.44643	17.75526	12	11	0	1	350	0.009	13.8	17	15.081	9.55	0	8	5	
2019-07-05 18:20:00	57.44646	17.75607	12	12	0	1	350	0.009	13.7	16	15.076	9.55	0	8	5	
2019-07-05 18:30:00	57.44769	17.75754	12	13	0	3	360	0.009	13.7	17	15.077	9.54	0	8	5	
2019-07-05 18:40:00	57.44955	17.75868	12	14	0	1	350	0.009	13.6	16	15.053	9.53	0	8	5	
2019-07-05 19:00:00	57.45021	17.76633	12	16	0		350	0.009	13.5	17	15.063	9.52	0	8	5	
2019-07-05 19:10:00	57.4494	17.76465	12	17	0	1	350	0.009	13.5	16	15.068	9.53	0	8	5	
2019-07-05 19:20:00	57.44928	17.76336	12	18	0	1	350	0.009	13.5	16	15.055	9.52	0	8	5	
2019-07-05 19:30:00	57.44937	17.76252	13	19	0	1	360	0.009	13.4	16	15.045	9.52	0	8	5	
2019-07-05 19:40:00	57.44937	17.7612	15	20	0	1	360	0.011	13.4	16	15.049	9.53	0	8	5	
2019-07-05 19:50:00	57.44967	17.76084	41	21	0	1	380	0.009	13.4	16	15.041	9.53	0	8	5	
2019-07-05 20:00:00	57.44994	17.7609	11	22	0	1	350	0.009	13.4	16	15.031	9.52	0	8	5	
2019-07-05 20:10:00	57.45036	17.76183	12	23	0	1	350	0.011	13.4	16	15.034	9.52	0	8	5	
2019-07-05 20:20:00	57.45063	17.76279	11	24	0	2	360	0.011	13.4	16	15.027	9.52	0	8	5	
2019-07-05 20:30:00	57.45096	17.76396	11	25	0	1	350	0.009	13.3	16	15.025	9.52	0	8	5	
2019-07-05 20:40:00	57.45129	17.76591	11	26	0	1	350	0.009	13.3	16	15.007	9.52	0	8	5	
2019-07-05 20:50:00	57.45051	17.76693	12	27	0	1	350	0.011	13.3	16	15.013	9.52	0	8	5	
2019-07-05 21:00:00	57.44937	17.76864	12	28	0	1	360	0.011	13.3	16	14.998	9.51	0	8	5	
2019-07-05 21:10:00	57.44742	17.76678	12	29	0	1	350	0.011	13.3	16	14.998	9.53	0	8	5	
2019-07-05 21:20:00	57.44547	17.76498	11	30	0	1	350	0.009	13.3	16	14.961	9.52	0	8	5	
2019-07-05 21:30:00	57.44397	17.76447	11	31	0	3	350	0.011	13.3	16	14.945	9.52	0	8	5	
2019-07-05 21:40:00	57.44247	17.7657	12	32	0	3	350	0.011	13.3	16	14.931	9.51	0	8	5	
2019-07-05 21:50:00	57.44079	17.76633	12	33	0	1	350	0.009	13.3	16	14.914	9.51	0	8	5	
2019-07-05 22:10:00	57.43737	17.77068	12	35	0		350	0.009	13.3	16	14.894	9.5	0	8	5	
2019-07-05 22:20:00	57.43533	17.77209	11	36	0	1	350	0.009	13.3	16	14.885	9.49	0	8	5	
2019-07-05 22:30:00	57.43356	17.77578	11	37	0	1	350	0.009	13.3	16	14.877	9.5	0	8	5	
2019-07-05 22:40:00	57.4323	17.78067	11	38	0	1	350	0.009	13.3	16	14.904	9.51	0	8	5	
2019-07-05 22:50:00	57.43152	17.78652	11	39	0	1	350	0.011	13.3	15	14.904	9.5	0	8	5	
2019-07-05 23:00:00	57.43101	17.79279	12	40	0	1	350	0.009	13.3	15	14.914	9.5	0	8	5	
2019-07-05 23:10:00	57.43068	17.80023	41	41	0	1	380	0.011	13.3	16	14.989	9.51	0	8	5	
2019-07-05 23:20:00	57.43044	17.80755	12	42	0	1	350	0.009	13.3	16	15.107	9.54	0	8	5	
2019-07-05 23:30:00	57.42894	17.81487	11	43	0	1	350	0.009	13.3	16	15.162	9.56	0	8	5	
2019-07-05 23:40:00	57.42768	17.82303	12	44	0	1	350	0.011	13.3	16	15.218	9.58	0	8	5	
2019-07-05 23:50:00	57.42546	17.83266	12	45	0	1	350	0.009	13.3	15	15.315	9.61	0	8	5	
2019-07-06 00:00:00	57.42129	17.84241	12	46	0	1	50	0.009	13.3	15	15.599	9.71	1	8	0	
2019-07-06 00:10:00	57.41529	17.8491	12	47	0	1	350	0.009	13.3	15	15.69	9.73	0	8	5	
2019-07-06 00:20:00	57.4083	17.853	12	48	0	1	350	0.011	13.3	16	15.737	9.74	0	8	5	
2019-07-06 00:30:00	57.40113	17.85678	12	49	0	1	350	0.011	13.3	16	15.737	9.74	0	8	5	
2019-07-06 00:40:00	57.39417	17.8581	12	50	0	1	350	0.009	13.3	16	15.685	9.73	0	8	5	
2019-07-06 00:50:00	57.38724	17.85975	13	51	0	1	350	0.009	13.3	16	15.625	9.72	0	8	5	
2019-07-06 01:00:00	57.37974	17.86275	41	52	0	1	380	0.009	13.3	17	15.627	9.72	0	8	5	
2019-07-06 01:10:00	57.37275	17.86527	11	53	0	1	350	0.009	13.3	16	15.583	9.71	0	8	5	
2019-07-06 01:20:00	57.36564	17.8689	11	54	0	1	350	0.011	13.3	16	15.585	9.71	0	8	5	
2019-07-06 01:30:00	57.35862	17.87271	11	55	0	2	350	0.009	13.3	17	15.583	9.71	0	8	5	
2019-07-06 01:40:00	57.35136	17.87328	12	56	0	1	360	0.011	13.3	16	15.534	9.7	0	8	5	
2019-07-06 01:50:00	57.34395	17.87526	11	57	0	1	350	0.009	13.3	17	15.508	9.69	0	8	5	
2019-07-06 02:00:00	57.33639	17.87679	11	58	0	1	350	0.009	13.3	17	15.5	9.69	0	8	5	
2019-07-06 02:10:00	57.33879	17.88489	11	59	0	1	350	0.009	13.3	17	15.592	9.71	0	8	5	
2019-07-06 02:20:00	57.34212	17.89377	12	0	0	1	350	0.011	13.3	17	15.703	9.73	0	8	5	
2019-07-06 02:30:00	57.33654	17.89884	12	1	0	2	350	0.009	13.3	17	15.719	9.74	0	8	5	
2019-07-06 02:40:00	57.32871	17.90061	12	2	0	3	350	0.009	13.3	17	15.714	9.74	0	8	5	
2019-07-06 02:50:00	57.32091	17.90106	12	3	0	1	350	0.011	13.3	17	15.706	9.74	0	8	5	
2019-07-06 03:00:00	57.31323	17.9055	41	4	0	1	380	0.009	13.3	17	15.733	9.75	0	8	5	
2019-07-06 03:10:00	57.30639	17.91111	11	5	0	1	350	0.009	13.3	17	15.767	9.75	0	8	5	
2019-07-06 03:20:00	57.29895	17.91258	12	6	0	3	350	0.009	13.3	17	15.776	9.76	0	8	5	
2019-07-06 03:30:00	57.29166	17.91384	12	7	0	1	350	0.011	13.3	17	15.768	9.76	0	8	5	
2019-07-06 03:40:00	57.28425	17.9142	12	8	0	1	350	0.009	13.4	17	15.748	9.76	0	8	5	
2019-07-06 03:50:00	57.27669	17.91375	12	9	0	1	360	0.009	13.3	17	15.709	9.75	0	8	5	
2019-07-06 04:00:00	57.27567	17.92326	12	10	0	1	350	0.009	13.3	17	15.603	9.74	0	8	5	
2019-07-06 04:10:00	57.27102	17.919	12	11	0	1	350	0.009	13.4	17	15.655	9.74	0	8	5	
2019-07-06 04:20:00	57.27144	17.92251	12	12	0	2	350	0.011	13.3	17	15.604	9.73	0	8	5	
2019-07-06 04:30:00	57.2727	17.92473	12	13	0	1	350	0.009	13.4	17	15.574	9.73	0	8	5	
2019-07-06 04:40:00	57.27393	17.92806	11	14	0	1	350	0.009	13.3	17	15.561	9.73	0	8	5	
2019-07-06 04:50:00	57.27504	17.93064	13	15	0	1	350	0.009	13.3	17	15.588	9.73	0	8	5	
2019-07-06 05:00:00	57.27636	17.9325	14	16	0	1	360	0.009	13.4	17	15.632	9.74	0	8	5	
2019-07-06 05:10:00	57.27726	17.93493	36	17	0	1	380	0.009	13.4	17	15.668	9.75	0	8	5	
2019-07-06 05:20:00	57.27804	17.93724	12	18	0	1	350	0.011	13.4	17	15.689	9.75	0	8	5	
2019-07-06 05:30:00	57.27837	17.9394	12	19	0	1	350	0.009	13.4	17	15.728	9.76	0	8	5	
2019-07-06 05:40:00	57.27855	17.94168	55	20	0	1	400	0.009	13.4	17	15.769	9.76	0	8	5	
2019-07-06 05:50:00	57.27828	17.943	12	21	0	1	350	0.011	13.4	17	15.799	9.77	0	8	5	
2019-07-06 06:00:00	57.27423	17.94189	12	22	0	2	350	0.009	13.4	17	15.78	9.77	0	8	5	
2019-07-06 06:10:00	57.27126	17.94153	12	23	0	1	350	0.011	13.5	17	15.775	9.77	0	8	5	
2019-07-06 06:20:00	57.27117	17.94159	12	24	0	1	350	0.009	13.4	17	15.824	9.78	0	8	5	
2019-07-06 06:30:00	57.27108	17.94156	12	25	0	1	350	0.009	13.5	17	15.86	9.78	0	8	5	
2019-07-06 06:40:00	57.27087	17.94117	12	26	0	1	50	0.009	13.5	17	15.896	9.79	1	8	0	
2019-07-06 06:50:00	57.2706	17.94057	12	27	0	2	360	0.009	13.5	17	15.937	9.8	0	8	5	
2019-07-06 07:00:00	57.27096	17.93814	12	28	0	1	350	0.011	13.5	17	15.962	9.81	0	8	5	
2019-07-06 07:10:00	57.27159	17.93484	12	29	0	1	350	0.011	13.5	17	15.989	9.81	0	8	5	
2019-07-06 07:20:00	57.27222	17.93298	12	30	0	1	350	0.009	13.5	18	16.016	9.82	0	8	5	
2019-07-06 07:30:00	57.27351	17.93457	12	31	0	1	350	0.009	13.5	18	16.02	9.82	0	8	5	
2019-07-06 07:40:00	57.27507	17.93577	13	32	0	2	350	0.009	13.5	18	16.01	9.81	0	8	5	
2019-07-06 07:50:00	57.27666	17.93856	41	33	0	1	380	0.009	13.6	18	15.97	9.77	0	8	5	
2019-07-06 08:00:00	57.27831	17.94087	12	34	0	1	60	0.009	13.6	18	15.995	9.77	1	8	0	
2019-07-06 08:10:00	57.28017	17.94141	12	35	0	1	350	0.009	13.9	18	15.966	9.77	0	8	5	
2019-07-06 08:20:00	57.28257	17.94441	12	36	0	1	350	0.009	14	18	15.286	9.62	0	8	5	
2019-07-06 08:30:00	57.28557	17.94378	12	37	0	1	350	0.009	13.9	18	15.933	9.75	0	8	5	
2019-07-06 08:40:00	57.28815	17.94327	12	38	0	1	360	0.009	13.9	18	16.013	9.77	0	8	5	
2019-07-06 08:50:00	57.29043	17.94363	12	39	0	1	350	0.009	13.9	18	16.065	9.78	0	8	5	
2019-07-06 09:00:00	57.29268	17.94549	13	40	0	1	350	0.011	13.9	18	16.096	9.8	0	8	5	
2019-07-06 09:10:00	57.29559	17.94591	13	41	0	1	350	0.009	13.9	18	16.147	9.81	0	8	5	
2019-07-06 09:30:00	57.29862	17.93448	14	43	0		350	0.009	13.9	19	16.222	9.82	0	8	5	
2019-07-06 09:40:00	57.30054	17.9283	71	44	0	1	410	0.009	13.9	19	16.253	9.83	0	8	5	
2019-07-06 09:50:00	57.30216	17.92281	12	45	0	1	360	0.009	13.9	19	16.284	9.83	0	8	5	
2019-07-06 10:00:00	57.30405	17.91717	11	46	0	1	350	0.011	13.9	19	16.287	9.84	0	8	5	
2019-07-06 10:10:00	57.30618	17.91141	12	47	0	1	350	0.009	13.9	18	16.307	9.84	0	8	5	
2019-07-06 10:20:00	57.30792	17.90619	12	48	0	1	350	0.009	13.9	18	16.321	9.84	0	8	5	
2019-07-06 10:30:00	57.30963	17.89935	12	49	0	1	350	0.009	13.9	18	16.346	9.85	0	8	5	
2019-07-06 10:50:00	57.31287	17.88624	12	51	0		350	0.009	13.9	19	16.326	9.86	0	8	5	
2019-07-06 11:00:00	57.31464	17.87967	11	52	0	1	350	0.009	13.9	19	16.357	9.87	0	8	5	
2019-07-06 11:10:00	57.31626	17.87355	12	53	0	1	350	0.009	13.9	19	16.38	9.88	0	8	5	
2019-07-06 11:20:00	57.31788	17.86761	41	54	0	2	380	0.011	13.9	19	16.401	9.9	0	8	5	
2019-07-06 11:30:00	57.31941	17.86218	11	55	0	1	350	0.009	13.9	19	16.381	9.9	0	8	5	
2019-07-06 11:40:00	57.32079	17.85594	11	56	0	1	350	0.009	13.9	19	16.329	9.89	0	8	5	
2019-07-06 11:50:00	57.3228	17.84949	11	57	0	1	350	0.009	13.9	18	16.164	9.85	0	8	5	
2019-07-06 12:00:00	57.32397	17.84328	11	58	0	1	350	0.009	13.9	18	15.995	9.8	0	8	5	
2019-07-06 12:10:00	57.32526	17.83704	11	59	0	1	350	0.009	13.9	19	15.865	9.77	0	8	5	
2019-07-06 12:20:00	57.32709	17.83101	12	0	0	1	350	0.009	13.9	18	15.735	9.74	0	8	5	
2019-07-06 12:30:00	57.32829	17.82477	12	1	0	1	350	0.009	13.9	18	15.567	9.68	0	8	5	
2019-07-06 12:40:00	57.32946	17.81952	12	2	0	1	360	0.009	13.9	18	15.419	9.63	0	8	5	
2019-07-06 12:50:00	57.33063	17.81343	12	3	0	1	350	0.009	14	18	15.281	9.58	0	8	5	
2019-07-06 13:00:00	57.33198	17.8083	15	4	0	1	360	0.009	14	18	15.276	9.57	0	8	5	
2019-07-06 13:10:00	57.33306	17.80299	12	5	0	2	350	0.009	14	18	15.303	9.58	0	8	5	
2019-07-06 13:20:00	57.33351	17.79777	12	6	0	1	350	0.009	14	18	15.33	9.58	0	8	5	
2019-07-06 13:30:00	57.33408	17.79207	12	7	0	2	350	0.009	14	18	15.339	9.59	0	8	5	
2019-07-06 13:50:00	57.33477	17.78211	41	9	0		380	0.009	14	18	15.369	9.62	0	8	5	
2019-07-06 14:00:00	57.33492	17.77767	11	10	0	3	350	0.009	14	18	15.404	9.64	0	8	5	
2019-07-06 14:10:00	57.33525	17.77332	12	11	0	1	350	0.009	14	18	15.403	9.64	0	8	5	
2019-07-06 14:20:00	57.33516	17.76954	11	12	0	1	350	0.009	14	17	15.398	9.64	0	8	5	
2019-07-06 14:30:00	57.33471	17.76561	12	13	0	1	350	0.009	14.1	18	15.411	9.64	0	8	5	
2019-07-06 14:40:00	57.33417	17.7624	12	14	0	1	350	0.009	14	17	15.389	9.64	0	8	5	
2019-07-06 14:50:00	57.33402	17.75829	12	15	0	1	350	0.011	14	17	15.428	9.66	0	8	5	
2019-07-06 15:00:00	57.33366	17.7543	12	16	0	1	350	0.009	14.1	17	15.338	9.65	0	8	5	
2019-07-06 15:10:00	57.33402	17.74884	15	17	0	1	360	0.009	14.1	17	15.416	9.69	0	8	5	
2019-07-06 15:20:00	57.33363	17.74419	13	18	0	1	60	0.009	14.1	17	15.408	9.7	1	8	0	
2019-07-06 15:30:00	57.33306	17.73918	13	19	0	1	60	0.009	14.1	17	15.419	9.71	1	8	0	
2019-07-06 15:40:00	57.33273	17.73366	13	20	0	1	350	0.009	14.1	17	15.357	9.69	0	8	5	
2019-07-06 15:50:00	57.33252	17.7297	13	21	0	1	350	0.011	14.1	17	15.313	9.68	0	8	5	
2019-07-06 16:00:00	57.33228	17.72325	40	22	0	1	380	0.009	14.1	17	15.246	9.66	0	8	5	
2019-07-06 16:10:00	57.33195	17.71755	12	23	0	1	350	0.009	14.1	17	15.198	9.64	0	8	5	
2019-07-06 16:20:00	57.33156	17.71203	12	24	0	1	350	0.009	14	17	15.129	9.62	0	8	5	
2019-07-06 16:30:00	57.33147	17.70546	13	25	0	1	350	0.009	13.9	17	15.087	9.6	0	8	5	
2019-07-06 16:40:00	57.33174	17.69913	12	26	0	1	350	0.009	13.9	17	15.074	9.6	0	8	5	
2019-07-06 16:50:00	57.3318	17.6937	14	27	0	1	350	0.009	13.9	17	15.062	9.59	0	8	5	
2019-07-06 17:00:00	57.33123	17.68752	13	28	0	1	350	0.009	13.8	17	15.044	9.59	0	8	5	
2019-07-06 17:10:00	57.33036	17.68068	14	29	0	1	350	0.009	13.7	17	14.968	9.57	0	8	5	
2019-07-06 17:20:00	57.32946	17.67366	14	30	0	1	360	0.009	13.7	17	14.93	9.56	0	8	5	
2019-07-06 17:40:00	57.32787	17.65758	12	32	0		350	0.009	13.6	17	14.847	9.53	0	8	5	
2019-07-06 17:50:00	57.32766	17.65011	12	33	0	2	350	0.009	13.6	17	14.853	9.53	0	8	5	
2019-07-06 18:00:00	57.3267	17.64291	11	34	0	1	350	0.011	13.5	17	14.841	9.52	0	8	5	
2019-07-06 18:10:00	57.32586	17.63502	11	35	0	1	350	0.009	13.5	17	14.862	9.53	0	8	5	
2019-07-06 18:20:00	57.32514	17.62755	11	36	0	1	350	0.009	13.5	17	14.878	9.53	0	8	5	
2019-07-06 18:30:00	57.32532	17.62017	11	37	0	1	50	0.009	13.4	17	14.892	9.54	1	8	0	
2019-07-06 18:40:00	57.32532	17.61261	12	38	0	1	350	0.011	13.4	16	14.94	9.55	0	8	5	
2019-07-06 18:50:00	57.32559	17.60562	11	39	0	1	350	0.009	13.4	16	14.943	9.55	0	8	5	
2019-07-06 19:00:00	57.32622	17.59812	11	40	0	1	350	0.009	13.4	16	14.956	9.55	0	8	5	
2019-07-06 19:10:00	57.32646	17.59104	11	41	0	1	350	0.011	13.4	16	14.971	9.55	0	8	5	
2019-07-06 19:20:00	57.32679	17.58405	12	42	0	1	350	0.009	13.4	16	14.995	9.56	0	8	5	
2019-07-06 19:30:00	57.32661	17.57802	11	43	0	1	350	0.011	13.3	16	15.009	9.56	0	8	5	
2019-07-06 19:40:00	57.32637	17.57142	12	44	0	1	350	0.009	13.4	16	15	9.55	0	8	5	
2019-07-06 19:50:00	57.32574	17.56428	12	45	0	1	350	0.009	13.4	16	14.987	9.55	0	8	5	
2019-07-06 20:00:00	57.32472	17.55696	40	46	0	1	380	0.009	13.3	17	14.971	9.54	0	8	5	
2019-07-06 20:10:00	57.32403	17.55177	12	47	0	1	350	0.009	13.3	17	14.977	9.54	0	8	5	
2019-07-06 20:20:00	57.32346	17.54637	12	48	0	1	350	0.009	13.3	16	14.975	9.54	0	8	5	
2019-07-06 20:30:00	57.32322	17.54103	13	49	0	1	350	0.011	13.3	16	14.957	9.54	0	8	5	
2019-07-06 20:40:00	57.32322	17.53617	12	50	0	1	350	0.009	13.3	16	14.956	9.54	0	8	5	
2019-07-06 20:50:00	57.32361	17.53047	13	51	0	1	350	0.011	13.3	16	14.95	9.53	0	8	5	
2019-07-06 21:00:00	57.32331	17.52513	12	52	0	1	360	0.009	13.3	16	14.935	9.53	0	8	5	
2019-07-06 21:10:00	57.3234	17.5194	12	53	0	1	350	0.009	13.3	16	14.939	9.52	0	8	5	
2019-07-06 21:20:00	57.32403	17.5131	12	54	0	1	350	0.009	13.3	16	14.96	9.52	0	8	5	
2019-07-06 21:30:00	57.32592	17.50668	12	55	0	1	350	0.011	13.3	16	14.971	9.51	0	8	5	
2019-07-06 21:40:00	57.32877	17.49993	12	56	0	2	350	0.009	13.3	16	14.964	9.5	0	8	5	
2019-07-06 21:50:00	57.33231	17.4951	12	57	0	1	350	0.011	13.3	16	14.946	9.48	0	8	5	
2019-07-06 22:00:00	57.33573	17.49075	12	58	0	1	350	0.009	13.3	16	14.917	9.47	0	8	5	
2019-07-06 22:10:00	57.33933	17.4867	12	59	0	1	350	0.009	13.3	17	14.936	9.46	0	8	5	
2019-07-06 22:20:00	57.34353	17.48316	14	0	0	1	360	0.009	13.3	17	14.914	9.44	0	8	5	
2019-07-06 22:40:00	57.351	17.47569	12	2	0		360	0.009	13.3	17	14.869	9.41	0	8	5	
2019-07-06 22:50:00	57.35502	17.47188	12	3	0	1	350	0.009	13.3	17	14.859	9.41	0	8	5	
2019-07-06 23:00:00	57.3588	17.46876	13	4	0	1	350	0.009	13.3	17	14.85	9.4	0	8	5	
2019-07-06 23:10:00	57.35412	17.46729	41	5	0	1	80	0.009	13.3	17	14.842	9.41	1	8	0	
2019-07-06 23:20:00	57.34881	17.46618	12	6	0	1	350	0.009	13.3	16	14.833	9.41	0	8	5	
2019-07-06 23:30:00	57.34341	17.46474	12	7	0	1	350	0.009	13.3	16	14.84	9.41	0	8	5	
2019-07-06 23:40:00	57.3381	17.46312	12	8	0	2	350	0.009	13.3	16	14.851	9.42	0	8	5	
2019-07-06 23:50:00	57.333	17.46201	12	9	0	1	350	0.011	13.3	16	14.847	9.43	0	8	5	
2019-07-07 00:00:00	57.3273	17.46105	57	10	0	1	400	0.011	13.3	17	14.843	9.44	0	8	5	
2019-07-07 00:10:00	57.32262	17.45985	12	11	0	1	350	0.011	13.3	16	14.822	9.44	0	8	5	
2019-07-07 00:20:00	57.31725	17.45922	12	12	0	1	350	0.009	13.3	16	14.793	9.45	0	8	5	
2019-07-07 00:30:00	57.31224	17.45844	12	13	0	1	350	0.009	13.3	16	14.757	9.44	0	8	5	
2019-07-07 00:40:00	57.30726	17.45802	12	14	0	1	360	0.009	13.3	16	14.734	9.44	0	8	5	
2019-07-07 00:50:00	57.30213	17.4579	12	15	0	1	350	0.011	13.3	16	14.744	9.45	0	8	5	
2019-07-07 01:00:00	57.29643	17.45829	12	16	0	1	350	0.009	13.3	16	14.759	9.46	0	8	5	
2019-07-07 01:10:00	57.29142	17.45682	12	17	0	3	350	0.009	13.3	16	14.748	9.47	0	8	5	
2019-07-07 01:20:00	57.28605	17.45664	12	18	0	1	360	0.011	13.3	16	14.692	9.46	0	8	5	
2019-07-07 01:30:00	57.28089	17.45601	12	19	0	1	350	0.011	13.3	16	14.636	9.46	0	8	5	
2019-07-07 01:40:00	57.27585	17.45481	12	20	0	1	350	0.011	13.3	16	14.578	9.47	0	8	5	
2019-07-07 01:50:00	57.27123	17.45379	12	21	0	1	350	0.009	13.3	16	14.533	9.47	0	8	5	
2019-07-07 02:00:00	57.26631	17.4528	12	22	0	1	360	0.009	13.3	16	14.528	9.5	0	8	5	
2019-07-07 02:10:00	57.26139	17.45133	33	23	0	1	370	0.009	13.3	16	14.695	9.54	0	8	5	
2019-07-07 02:30:00	57.25173	17.44914	13	25	0		350	0.011	13.3	16	14.932	9.59	0	8	5	
2019-07-07 02:40:00	57.24723	17.44722	13	26	0	2	350	0.009	13.3	16	14.893	9.57	0	8	5	
2019-07-07 02:50:00	57.25005	17.44752	36	27	0	1	80	0.009	13.3	17	14.939	9.59	1	8	0	
2019-07-07 03:00:00	57.25374	17.44698	14	28	0	1	350	0.011	13.3	16	14.83	9.56	0	8	5	
2019-07-07 03:10:00	57.2577	17.44767	12	29	0	1	350	0.009	13.3	16	14.702	9.54	0	8	5	
2019-07-07 03:20:00	57.26115	17.44773	12	30	0	1	350	0.009	13.3	16	14.558	9.51	0	8	5	
2019-07-07 03:30:00	57.26481	17.44878	12	31	0	1	350	0.009	13.3	16	14.52	9.47	0	8	5	
2019-07-07 03:40:00	57.26766	17.4495	12	32	0	1	350	0.011	13.3	16	14.565	9.46	0	8	5	
2019-07-07 03:50:00	57.27069	17.44983	125	33	0	1	470	0.009	13.3	17	14.604	9.45	0	8	5	
2019-07-07 04:00:00	57.27252	17.45037	12	34	0	1	350	0.011	13.3	16	14.629	9.45	0	8	5	
2019-07-07 04:10:00	57.27444	17.45082	11	35	0	1	350	0.011	13.3	16	14.648	9.45	0	8	5	
2019-07-07 04:20:00	57.27645	17.45169	12	36	0	1	350	0.009	13.3	16	14.669	9.44	0	8	5	
2019-07-07 04:30:00	57.27813	17.45391	11	37	0	1	350	0.009	13.3	16	14.687	9.45	0	8	5	
2019-07-07 04:40:00	57.27984	17.45541	11	38	0	1	350	0.011	13.3	16	14.692	9.45	0	8	5	
2019-07-07 04:50:00	57.28113	17.45772	12	39	0	1	350	0.011	13.3	16	14.692	9.44	0	8	5	
2019-07-07 05:00:00	57.28233	17.46108	12	40	0	1	350	0.009	13.3	16	14.694	9.45	0	8	5	
2019-07-07 05:10:00	57.28434	17.46489	12	41	0	1	350	0.009	13.3	16	14.699	9.45	0	8	5	
2019-07-07 05:20:00	57.28641	17.46843	12	42	0	1	350	0.009	13.3	16	14.692	9.44	0	8	5	
2019-07-07 05:30:00	57.28809	17.47248	12	43	0	1	350	0.009	13.3	16	14.698	9.45	0	8	5	
2019-07-07 05:40:00	57.28926	17.4759	13	44	0	1	350	0.009	13.3	16	14.705	9.45	0	8	5	
2019-07-07 05:50:00	57.28755	17.47989	13	45	0	1	360	0.011	13.4	16	14.716	9.46	0	8	5	
2019-07-07 06:00:00	57.28533	17.48673	40	46	0	1	380	0.009	13.4	16	14.724	9.47	0	8	5	
2019-07-07 06:10:00	57.28125	17.48241	12	47	0	1	350	0.009	13.4	16	14.73	9.47	0	8	5	
2019-07-07 06:20:00	57.27708	17.47842	11	48	0	1	350	0.011	13.4	16	14.734	9.47	0	8	5	
2019-07-07 06:30:00	57.27669	17.47053	11	49	0	1	360	0.009	13.4	16	14.72	9.46	0	8	5	
2019-07-07 06:40:00	57.27771	17.4612	12	50	0	2	350	0.009	13.4	16	14.708	9.44	0	8	5	
2019-07-07 06:50:00	57.27957	17.4519	12	51	0	1	350	0.009	13.4	16	14.703	9.43	0	8	5	
2019-07-07 07:00:00	57.28137	17.44233	11	52	0	1	360	0.009	13.5	16	14.714	9.42	0	8	5	
2019-07-07 07:10:00	57.28239	17.43381	11	53	0	1	350	0.009	13.4	16	14.716	9.42	0	8	5	
2019-07-07 07:20:00	57.28296	17.42397	11	54	0	1	350	0.009	13.5	16	14.725	9.41	0	8	5	
2019-07-07 07:30:00	57.2832	17.41479	12	55	0	1	350	0.009	13.5	16	14.709	9.4	0	8	5	
2019-07-07 07:40:00	57.2832	17.40591	12	56	0	1	350	0.009	13.5	16	14.712	9.41	0	8	5	
2019-07-07 07:50:00	57.2835	17.39724	12	57	0	1	60	0.009	13.5	16	14.693	9.42	1	8	0	
2019-07-07 08:00:00	57.28299	17.38824	12	58	0	1	350	0.009	13.5	16	14.658	9.41	0	8	5	
2019-07-07 08:10:00	57.28269	17.3784	12	59	0	1	350	0.009	13.5	16	14.639	9.42	0	8	5	
2019-07-07 08:20:00	57.28284	17.36943	12	0	0	1	350	0.009	13.5	16	14.714	9.45	0	8	5	
2019-07-07 08:30:00	57.28251	17.36004	12	1	0	1	350	0.009	13.6	16	14.778	9.48	0	8	5	
2019-07-07 08:40:00	57.28185	17.35008	50	2	0	1	390	0.011	13.5	17	14.835	9.5	0	8	5	
2019-07-07 08:50:00	57.28029	17.34222	20	3	0	1	360	0.011	13.5	17	14.877	9.52	0	8	5	
2019-07-07 09:00:00	57.27966	17.33181	20	4	0	1	360	0.009	13.5	17	14.96	9.54	0	8	5	
2019-07-07 09:10:00	57.27861	17.32182	20	5	0	1	360	0.009	13.5	17	15.018	9.55	0	8	5	
2019-07-07 09:20:00	57.27732	17.31225	21	6	0	1	360	0.009	13.5	17	15.047	9.56	0	8	5	
2019-07-07 09:30:00	57.27624	17.30325	32	7	0	1	370	0.009	14	17	15.046	9.57	0	8	5	
2019-07-07 09:40:00	57.27594	17.29293	21	8	0	1	360	0.009	13.9	17	15.045	9.56	0	8	5	
2019-07-07 09:50:00	57.27648	17.28132	117	9	0	1	460	0.009	13.9	18	15.12	9.56	0	8	5	
2019-07-07 10:00:00	57.27624	17.27301	41	10	0	1	380	0.009	13.9	17	15.143	9.56	0	8	5	
2019-07-07 10:10:00	57.27624	17.27301		11	0	1	650	0.009	13.9	18	15.28	9.56	0	8	5	
2019-07-07 10:30:00	57.279	17.24073	150	12	0	1	490	0.011	13.9	18	15.326	9.56	0	8	5	
2019-07-07 10:40:00	57.28008	17.23047	192	13	0	1	530	0.009	14	18	15.397	9.57	0	8	5	
2019-07-07 10:50:00	57.28029	17.22033	161	14	0	1	500	0.009	13.9	18	15.585	9.62	0	8	5	
2019-07-07 11:00:00	57.28029	17.22033		15	0	1	650	0.011	13.9	18	15.678	9.66	0	8	5	
2019-07-07 11:20:00	57.28077	17.19522	230	16	0	2	570	0.009	13.9	18	15.894	9.72	0	8	5	
2019-07-07 11:30:00	57.27915	17.20236	11	17	0	1	350	0.009	14.1	18	15.737	9.67	0	8	5	
2019-07-07 11:40:00	57.27699	17.21328	11	18	0	1	350	0.011	13.9	17	15.654	9.64	0	8	5	
2019-07-07 11:50:00	57.27312	17.22381	12	19	0	1	350	0.009	13.9	17	15.375	9.57	0	8	5	
2019-07-07 12:00:00	57.26991	17.23458	11	20	0	1	350	0.009	14	17	15.333	9.57	0	8	5	
2019-07-07 12:10:00	57.26565	17.24478	12	21	0	1	350	0.009	13.9	17	15.317	9.57	0	8	5	
2019-07-07 12:20:00	57.26112	17.25426	12	22	0	1	350	0.009	13.9	17	15.222	9.57	0	8	5	
2019-07-07 12:30:00	57.25674	17.26407	12	23	0	1	350	0.009	13.9	17	15.124	9.56	0	8	5	
2019-07-07 12:40:00	57.2523	17.27364	11	24	0	1	350	0.009	13.9	17	15.069	9.56	0	8	5	
2019-07-07 12:50:00	57.24831	17.283	12	25	0	1	350	0.009	13.9	17	15.11	9.57	0	8	5	
2019-07-07 13:00:00	57.24345	17.29158	12	26	0	1	350	0.009	13.9	17	15.102	9.57	0	8	5	
2019-07-07 13:10:00	57.23892	17.30004	11	27	0	1	350	0.009	13.9	17	15.03	9.56	0	8	5	
2019-07-07 13:20:00	57.23436	17.30835	12	28	0	1	350	0.009	13.9	17	14.885	9.51	0	8	5	
2019-07-07 13:30:00	57.22941	17.31555	12	29	0	1	360	0.009	14	17	14.854	9.5	0	8	5	
2019-07-07 13:40:00	57.22494	17.32239	12	30	0	1	350	0.009	13.9	17	14.75	9.46	0	8	5	
2019-07-07 14:00:00	57.21504	17.30622	40	32	0		380	0.009	13.9	17	15.032	9.57	0	8	5	
2019-07-07 14:10:00	57.21489	17.29677	12	33	0	1	350	0.009	13.9	17	15.086	9.58	0	8	5	
2019-07-07 14:20:00	57.21486	17.28834	12	34	0	1	350	0.009	13.9	17	15.071	9.58	0	8	5	
2019-07-07 14:30:00	57.21429	17.29248	12	35	0	1	350	0.009	14	17	15.081	9.58	0	8	5	
2019-07-07 14:40:00	57.21447	17.29755	12	36	0	1	350	0.009	14	17	15.01	9.56	0	8	5	
2019-07-07 14:50:00	57.21384	17.29008	12	37	0	1	350	0.009	14	17	15.079	9.58	0	8	5	
2019-07-07 15:00:00	57.21351	17.28129	12	38	0	1	350	0.009	13.9	17	15.087	9.58	0	8	5	
2019-07-07 15:10:00	57.21273	17.28465	12	39	0	1	350	0.009	13.9	17	15.101	9.59	0	8	5	
2019-07-07 15:20:00	57.21189	17.28957	12	40	0	2	350	0.009	14	17	15.037	9.56	0	8	5	
2019-07-07 15:30:00	57.21219	17.29386	12	41	0	1	350	0.009	14	17	14.968	9.55	0	8	5	
2019-07-07 15:40:00	57.21243	17.29914	12	42	0	1	350	0.009	14	17	14.856	9.49	0	8	5	
2019-07-07 15:50:00	57.21303	17.3037	12	43	0	1	350	0.009	14	17	14.836	9.49	0	8	5	
2019-07-07 16:00:00	57.21396	17.30832	12	44	0	1	350	0.009	14	17	14.831	9.48	0	8	5	
2019-07-07 16:10:00	57.21438	17.31309	12	45	0	1	350	0.009	14	17	14.828	9.48	0	8	5	
2019-07-07 16:20:00	57.21474	17.31738	12	46	0	1	350	0.009	14	17	14.823	9.48	0	8	5	
2019-07-07 16:30:00	57.21543	17.32209	12	47	0	1	350	0.009	13.9	17	14.815	9.47	0	8	5	
2019-07-07 16:40:00	57.21639	17.32629	12	48	0	2	350	0.009	14.1	17	14.816	9.47	0	8	5	
2019-07-07 16:50:00	57.2172	17.33028	12	49	0	1	350	0.009	14.1	17	14.828	9.47	0	8	5	
2019-07-07 17:00:00	57.21795	17.33409	12	50	0	1	350	0.009	14	17	14.826	9.48	0	8	5	
2019-07-07 17:10:00	57.21861	17.33802	12	51	0	1	350	0.009	14.1	17	14.825	9.47	0	8	5	
2019-07-07 17:20:00	57.21969	17.34153	12	52	0	1	350	0.009	14.1	17	14.831	9.48	0	8	5	
2019-07-07 17:30:00	57.22095	17.34585	41	53	0	1	380	0.009	14.1	17	14.833	9.48	0	8	5	
2019-07-07 17:40:00	57.222	17.35029	12	54	0	1	350	0.009	14.1	17	14.828	9.48	0	8	5	
2019-07-07 17:50:00	57.22293	17.35464	11	55	0	1	350	0.009	14.1	17	14.842	9.48	0	8	5	
2019-07-07 18:00:00	57.22431	17.35884	11	56	0	1	350	0.009	14.1	17	14.839	9.49	0	8	5	
2019-07-07 18:10:00	57.22569	17.36298	11	57	0	1	350	0.009	14.1	17	14.837	9.49	0	8	5	
2019-07-07 18:20:00	57.22731	17.36703	11	58	0	1	350	0.009	14.1	17	14.827	9.49	0	8	5	
2019-07-07 18:30:00	57.22926	17.37102	11	59	0	2	350	0.009	14	16	14.818	9.49	0	8	5	
2019-07-07 18:40:00	57.23109	17.37456	12	0	0	1	350	0.009	13.9	16	14.816	9.5	0	8	5	
2019-07-07 18:50:00	57.23295	17.37852	12	1	0	1	350	0.009	13.8	17	14.807	9.49	0	8	5	
2019-07-07 19:00:00	57.23478	17.38215	12	2	0	1	350	0.009	13.7	16	14.795	9.5	0	8	5	
2019-07-07 19:10:00	57.23571	17.38635	12	3	0	1	350	0.009	13.6	16	14.785	9.5	0	8	5	
2019-07-07 19:20:00	57.23751	17.39034	12	4	0	1	350	0.009	13.6	16	14.784	9.5	0	8	5	
2019-07-07 19:30:00	57.23937	17.39427	11	5	0	1	350	0.009	13.5	16	14.774	9.5	0	8	5	
2019-07-07 19:40:00	57.24099	17.39829	12	6	0	1	360	0.009	13.5	16	14.77	9.5	0	8	5	
2019-07-07 19:50:00	57.24273	17.40219	12	7	0	1	350	0.009	13.5	16	14.773	9.5	0	8	5	
2019-07-07 20:00:00	57.24447	17.40606	40	8	0	1	80	0.009	13.4	17	14.773	9.5	1	8	0	
2019-07-07 20:10:00	57.24588	17.40939	11	9	0	1	350	0.009	13.4	16	14.773	9.5	0	8	5	
2019-07-07 20:20:00	57.24723	17.41329	12	10	0	1	350	0.011	13.4	16	14.761	9.49	0	8	5	
2019-07-07 20:30:00	57.24861	17.41605	12	11	0	1	350	0.009	13.4	16	14.764	9.49	0	8	5	
2019-07-07 20:40:00	57.25014	17.41887	12	12	0	2	350	0.009	13.4	16	14.765	9.5	0	8	5	
2019-07-07 20:50:00	57.2517	17.42193	12	13	0	1	350	0.009	13.4	16	14.762	9.5	0	8	5	
2019-07-07 21:00:00	57.25338	17.42466	12	14	0	1	350	0.009	13.3	16	14.779	9.5	0	8	5	
2019-07-07 21:10:00	57.255	17.42829	12	15	0	1	350	0.011	13.3	16	14.797	9.51	0	8	5	
2019-07-07 21:20:00	57.25635	17.4315	13	16	0	1	350	0.009	13.3	16	14.806	9.51	0	8	5	
2019-07-07 21:30:00	57.25761	17.43417	12	17	0	1	350	0.009	13.3	16	14.819	9.52	0	8	5	
2019-07-07 21:40:00	57.25926	17.43663	12	18	0	1	360	0.009	13.3	16	14.833	9.52	0	8	5	
2019-07-07 21:50:00	57.26112	17.439	41	19	0	1	380	0.011	13.3	16	14.862	9.53	0	8	5	
2019-07-07 22:00:00	57.26271	17.44113	12	20	0	1	350	0.009	13.3	16	14.874	9.53	0	8	5	
2019-07-07 22:10:00	57.26412	17.44329	12	21	0	1	350	0.009	13.3	16	14.895	9.53	0	8	5	
2019-07-07 22:20:00	57.26523	17.44527	12	22	0	1	350	0.009	13.3	16	14.898	9.53	0	8	5	
2019-07-07 22:30:00	57.26658	17.44755	12	23	0	1	350	0.011	13.3	16	14.903	9.53	0	8	5	
2019-07-07 22:40:00	57.26835	17.44977	12	24	0	1	350	0.011	13.3	16	14.911	9.52	0	8	5	
2019-07-07 22:50:00	57.27018	17.45259	13	25	0	1	350	0.009	13.3	16	14.913	9.52	0	8	5	
2019-07-07 23:00:00	57.27225	17.45583	14	26	0	1	360	0.009	13.3	16	14.919	9.52	0	8	5	
2019-07-07 23:10:00	57.27474	17.45949	12	27	0	1	350	0.009	13.3	16	14.916	9.51	0	8	5	
2019-07-07 23:20:00	57.27723	17.46258	14	28	0	1	360	0.009	13.3	16	14.921	9.51	0	8	5	
2019-07-07 23:30:00	57.27786	17.47035	12	29	0	1	350	0.011	13.3	16	14.913	9.51	0	8	5	
2019-07-07 23:40:00	57.27789	17.47917	11	30	0	1	350	0.009	13.3	16	14.907	9.52	0	8	5	
2019-07-07 23:50:00	57.27843	17.48898	40	31	0	1	380	0.009	13.3	17	14.907	9.53	0	8	5	
2019-07-08 00:00:00	57.27888	17.49804	11	32	0	1	360	0.009	13.3	16	14.912	9.53	0	8	5	
2019-07-08 00:10:00	57.27978	17.50695	11	33	0	1	350	0.009	13.3	16	14.921	9.54	0	8	5	
2019-07-08 00:20:00	57.27969	17.517	11	34	0	1	350	0.011	13.3	16	14.926	9.54	0	8	5	
2019-07-08 00:30:00	57.27939	17.52684	12	35	0	1	360	0.009	13.3	16	14.932	9.55	0	8	5	
2019-07-08 00:40:00	57.27897	17.53599	12	36	0	1	350	0.009	13.3	16	14.951	9.56	0	8	5	
2019-07-08 00:50:00	57.28116	17.54052	12	37	0	1	350	0.011	13.3	16	14.971	9.56	0	8	5	
2019-07-08 01:00:00	57.28353	17.54349	11	38	0	1	350	0.009	13.3	16	14.976	9.55	0	8	5	
2019-07-08 01:10:00	57.28347	17.55093	12	39	0	1	350	0.009	13.3	16	14.984	9.55	0	8	5	
2019-07-08 01:20:00	57.28191	17.56011	11	40	0	1	360	0.011	13.3	16	14.983	9.55	0	8	5	
2019-07-08 01:30:00	57.28011	17.56938	12	41	0	1	350	0.009	13.3	16	15.002	9.56	0	8	5	
2019-07-08 01:40:00	57.27891	17.57862	12	42	0	1	350	0.009	13.3	16	15.016	9.56	0	8	5	
2019-07-08 01:50:00	57.28062	17.58363	12	43	0	1	350	0.009	13.3	16	15.034	9.56	0	8	5	
2019-07-08 02:00:00	57.2832	17.58873	40	44	0	1	380	0.009	13.3	17	15.037	9.54	0	8	5	
2019-07-08 02:10:00	57.28281	17.59764	12	45	0	1	350	0.009	13.3	16	15.031	9.53	0	8	5	
2019-07-08 02:20:00	57.28062	17.60655	12	46	0	1	360	0.011	13.3	16	15.019	9.53	0	8	5	
2019-07-08 02:30:00	57.28254	17.61159	12	47	0	1	350	0.011	13.3	16	15.002	9.52	0	8	5	
2019-07-08 02:40:00	57.28521	17.61579	12	48	0	3	350	0.009	13.3	16	14.975	9.5	0	8	5	
2019-07-08 02:50:00	57.28476	17.62581	12	49	0	1	350	0.011	13.3	16	14.939	9.49	0	8	5	
2019-07-08 03:00:00	57.28455	17.63685	12	50	0	2	350	0.011	13.3	16	14.919	9.49	0	8	5	
2019-07-08 03:10:00	57.28431	17.64741	12	51	0	2	350	0.009	13.3	16	14.922	9.49	0	8	5	
2019-07-08 03:20:00	57.28344	17.65761	13	52	0	1	350	0.009	13.3	16	14.922	9.49	0	8	5	
2019-07-08 03:30:00	57.28575	17.66283	13	53	0	1	350	0.009	13.3	16	14.915	9.49	0	8	5	
2019-07-08 03:40:00	57.28878	17.66631	13	54	0	1	350	0.009	13.3	16	14.89	9.49	0	8	5	
2019-07-08 03:50:00	57.29004	17.67585	12	55	0	1	350	0.011	13.3	16	14.897	9.49	0	8	5	
2019-07-08 04:00:00	57.29091	17.68596	12	56	0	1	350	0.009	13.3	16	14.858	9.48	0	8	5	
2019-07-08 04:10:00	57.29193	17.69568	12	57	0	1	360	0.011	13.3	16	14.899	9.49	0	8	5	
2019-07-08 04:20:00	57.29178	17.70552	14	58	0	1	350	0.009	13.3	17	15.02	9.53	0	8	5	
2019-07-08 04:30:00	57.29157	17.71545	41	59	0	1	380	0.009	13.3	17	15.32	9.62	0	8	5	
2019-07-08 04:40:00	57.29235	17.72451	11	0	0	1	350	0.009	13.3	16	15.527	9.68	0	8	5	
2019-07-08 04:50:00	57.29337	17.73429	12	1	0	1	350	0.009	13.3	17	15.653	9.71	0	8	5	
2019-07-08 05:00:00	57.29349	17.7447	12	2	0	1	350	0.009	13.4	17	15.704	9.71	0	8	5	
2019-07-08 05:10:00	57.29322	17.75454	12	3	0	1	360	0.009	13.4	17	15.645	9.66	0	8	5	
2019-07-08 05:20:00	57.29367	17.76477	12	4	0	1	350	0.011	13.4	17	15.549	9.55	0	8	5	
2019-07-08 05:30:00	57.29487	17.77416	11	5	0	1	350	0.009	13.4	17	15.581	9.48	0	8	5	
2019-07-08 05:40:00	57.29613	17.7834	12	6	0	1	50	0.009	13.3	17	15.539	9.44	1	8	0	
2019-07-08 05:50:00	57.29664	17.79318	12	7	0	1	350	0.011	13.3	17	15.532	9.45	0	8	5	
2019-07-08 06:00:00	57.29721	17.80323	12	8	0	1	350	0.011	13.3	17	15.702	9.54	0	8	5	
2019-07-08 06:10:00	57.29775	17.8143	11	9	0	3	350	0.011	13.3	17	15.845	9.63	0	8	5	
2019-07-08 06:20:00	57.29742	17.82474	12	10	0	1	360	0.009	13.3	17	15.632	9.59	0	8	5	
2019-07-08 06:30:00	57.29694	17.83497	12	11	0	1	350	0.009	13.3	17	15.312	9.53	0	8	5	
2019-07-08 06:40:00	57.29559	17.84586	12	12	0	1	350	0.011	13.3	17	15.078	9.51	0	8	5	
2019-07-08 06:50:00	57.29427	17.85384	12	13	0	1	350	0.011	13.3	17	14.828	9.47	0	8	5	
2019-07-08 07:00:00	57.29412	17.8617	12	14	0	1	350	0.009	13.4	17	14.762	9.45	0	8	5	
2019-07-08 07:10:00	57.29265	17.87229	12	15	0	1	350	0.009	13.4	17	14.66	9.43	0	8	5	
2019-07-08 07:20:00	57.28998	17.88171	12	16	0	1	360	0.009	13.4	17	14.784	9.48	0	8	5	
2019-07-08 07:30:00	57.28431	17.88126	13	17	0	1	350	0.011	13.4	17	15.015	9.53	0	8	5	
2019-07-08 07:40:00	57.27762	17.8797	15	18	0	1	360	0.011	13.4	17	15.091	9.56	0	8	5	
2019-07-08 07:50:00	57.27873	17.88453	41	19	0	1	380	0.009	13.5	17	15.086	9.56	0	8	5	
2019-07-08 08:00:00	57.2805	17.88855	12	20	0	1	350	0.009	13.5	17	15.097	9.55	0	8	5	
2019-07-08 08:10:00	57.27771	17.88321	18	21	0	1	360	0.011	13.5	17	15.088	9.55	0	8	5	
2019-07-08 08:20:00	57.27435	17.87649	28	22	0	1	370	0.009	13.5	17	15.113	9.56	0	8	5	
2019-07-08 08:30:00	57.27558	17.88078	41	23	0	1	380	0.009	13.5	17	15.094	9.55	0	8	5	
2019-07-08 08:40:00	57.27729	17.88549	11	24	0	1	350	0.009	13.5	17	15.082	9.55	0	8	5	
2019-07-08 08:50:00	57.27891	17.89062	11	25	0	1	350	0.011	13.5	17	15.093	9.55	0	8	5	
2019-07-08 09:00:00	57.28041	17.89551	11	26	0	1	350	0.011	13.5	17	15.063	9.55	0	8	5	
2019-07-08 09:10:00	57.28188	17.89995	11	27	0	1	50	0.009	13.5	17	15.014	9.54	1	8	0	
2019-07-08 09:20:00	57.28338	17.90496	11	28	0	1	350	0.009	13.5	17	14.879	9.5	0	8	5	
2019-07-08 09:30:00	57.28515	17.91018	12	29	0	1	350	0.009	13.5	17	14.762	9.48	0	8	5	
2019-07-08 09:40:00	57.28668	17.91501	12	30	0	1	350	0.011	13.5	17	14.692	9.47	0	8	5	
2019-07-08 09:50:00	57.28806	17.91918	12	31	0	1	360	0.009	13.6	17	14.638	9.45	0	8	5	
2019-07-08 10:00:00	57.28968	17.92437	13	32	0	1	350	0.009	13.6	17	14.806	9.48	0	8	5	
2019-07-08 10:10:00	57.29118	17.92872	41	33	0	1	380	0.009	13.8	17	14.921	9.52	0	8	5	
2019-07-08 10:20:00	57.29199	17.93238	12	34	0	1	350	0.009	14	17	14.929	9.53	0	8	5	
2019-07-08 10:30:00	57.29277	17.9376	12	35	0	1	350	0.009	14	17	15.001	9.55	0	8	5	
2019-07-08 10:40:00	57.29361	17.94225	11	36	0	1	350	0.009	14	17	15.021	9.56	0	8	5	
2019-07-08 10:50:00	57.2913	17.93766	41	37	0	1	380	0.009	14	17	15.012	9.56	0	8	5	
2019-07-08 11:00:00	57.28938	17.93259	11	38	0	1	350	0.011	14	17	14.961	9.53	0	8	5	
2019-07-08 11:10:00	57.28731	17.92722	12	39	0	1	350	0.009	14	17	14.914	9.5	0	8	5	
2019-07-08 11:20:00	57.28494	17.92212	12	40	0	1	350	0.009	14.1	17	14.845	9.47	0	8	5	
2019-07-08 11:30:00	57.28242	17.91729	11	41	0	1	350	0.009	14.1	17	14.772	9.45	0	8	5	
2019-07-08 11:40:00	57.27954	17.91282	12	42	0	1	350	0.009	14.1	17	14.74	9.44	0	8	5	
2019-07-08 11:50:00	57.27699	17.91006	12	43	0	1	350	0.009	14.1	17	14.79	9.44	0	8	5	
2019-07-08 12:00:00	57.27426	17.90541	11	44	0	1	350	0.009	14.1	17	14.85	9.41	0	8	5	
2019-07-08 12:10:00	57.2721	17.90076	11	45	0	1	350	0.009	14.1	17	14.895	9.42	0	8	5	
2019-07-08 12:20:00	57.26949	17.89647	12	46	0	1	350	0.009	14	17	14.917	9.46	0	8	5	
2019-07-08 12:30:00	57.26697	17.89416	12	47	0	1	350	0.009	14	17	14.858	9.48	0	8	5	
2019-07-08 12:40:00	57.2643	17.89209	12	48	0	1	360	0.009	14.1	17	14.825	9.47	0	8	5	
2019-07-08 12:50:00	57.26127	17.89125	12	49	0	1	350	0.009	14.1	17	14.75	9.44	0	8	5	
2019-07-08 13:00:00	57.25794	17.8908	12	50	0	1	350	0.009	14.1	17	14.874	9.46	0	8	5	
2019-07-08 13:10:00	57.25479	17.89026	12	51	0	1	50	0.009	14.1	17	14.979	9.48	1	8	0	
2019-07-08 13:20:00	57.25155	17.88987	12	52	0	1	350	0.009	14.1	16	15.046	9.5	0	8	5	
2019-07-08 13:30:00	57.24789	17.88972	14	53	0	1	360	0.009	14.1	17	15.091	9.52	0	8	5	
2019-07-08 13:40:00	57.24378	17.88915	41	54	0	1	380	0.009	14.1	17	15.19	9.54	0	8	5	
2019-07-08 13:50:00	57.24024	17.88867	12	55	0	1	350	0.009	14.1	17	15.252	9.56	0	8	5	
2019-07-08 14:00:00	57.23625	17.88834	11	56	0	1	360	0.009	14	17	15.297	9.57	0	8	5	
2019-07-08 14:10:00	57.23199	17.88834	12	57	0	2	350	0.009	14.1	17	15.252	9.57	0	8	5	
2019-07-08 14:20:00	57.22767	17.88813	12	58	0	1	350	0.009	14.1	17	15.318	9.59	0	8	5	
2019-07-08 14:30:00	57.22335	17.88825	11	59	0	1	350	0.009	14.2	17	15.338	9.61	0	8	5	
2019-07-08 14:40:00	57.21945	17.88852	11	0	0	1	350	0.009	14.1	17	15.315	9.61	0	8	5	
2019-07-08 14:50:00	57.21552	17.88852	12	1	0	1	350	0.009	14.1	17	15.337	9.62	0	8	5	
2019-07-08 15:00:00	57.21168	17.88888	12	2	0	1	350	0.011	14	17	15.362	9.64	0	8	5	
2019-07-08 15:10:00	57.20772	17.88852	12	3	0	1	350	0.009	14.1	17	15.342	9.64	0	8	5	
2019-07-08 15:20:00	57.20394	17.88801	12	4	0	1	350	0.009	14.1	17	15.331	9.64	0	8	5	
2019-07-08 15:30:00	57.19977	17.88681	12	5	0	1	350	0.009	14.1	17	15.315	9.64	0	8	5	
2019-07-08 16:00:00	57.18666	17.88552	40	8	0		380	0.009	14.1	18	14.969	9.54	0	8	5	
2019-07-08 16:10:00	57.18276	17.88648	11	9	0	2	350	0.009	14.1	17	15.215	9.58	0	8	5	
2019-07-08 16:20:00	57.17835	17.88807	11	10	0	1	350	0.009	14.1	17	15.452	9.55	0	8	5	
2019-07-08 16:30:00	57.1737	17.88927	12	11	0	1	350	0.009	14.1	17	15.569	9.56	0	8	5	
2019-07-08 16:40:00	57.16938	17.8899	12	12	0	1	350	0.009	14.1	17	15.607	9.54	0	8	5	
2019-07-08 16:50:00	57.16554	17.88999	12	13	0	1	350	0.009	14.1	17	15.639	9.54	0	8	5	
2019-07-08 17:00:00	57.16239	17.88996	12	14	0	1	350	0.009	14	17	15.651	9.54	0	8	5	
2019-07-08 17:10:00	57.1593	17.88963	11	15	0	1	350	0.009	13.9	17	15.68	9.54	0	8	5	
2019-07-08 17:20:00	57.15621	17.88903	12	16	0	1	350	0.009	13.8	17	15.691	9.54	0	8	5	
2019-07-08 17:30:00	57.15285	17.8878	12	17	0	1	350	0.009	13.7	17	15.716	9.54	0	8	5	
2019-07-08 17:40:00	57.1503	17.88603	12	18	0	1	350	0.011	13.7	17	15.739	9.55	0	8	5	
2019-07-08 18:00:00	57.14574	17.87535	12	20	0		350	0.009	13.6	17	15.81	9.58	0	8	5	
2019-07-08 18:10:00	57.14415	17.87142	12	21	0	1	350	0.009	13.5	17	15.813	9.6	0	8	5	
2019-07-08 18:20:00	57.14223	17.86857	11	22	0	3	350	0.009	13.5	17	15.721	9.58	0	8	5	
2019-07-08 18:30:00	57.13992	17.86629	12	23	0	1	350	0.011	13.5	17	15.713	9.57	0	8	5	
2019-07-08 18:40:00	57.13779	17.8638	11	24	0	3	350	0.011	13.4	17	15.71	9.57	0	8	5	
2019-07-08 18:50:00	57.13602	17.86113	11	25	0	1	350	0.009	13.4	17	15.696	9.57	0	8	5	
2019-07-08 19:00:00	57.13464	17.85939	11	26	0	1	350	0.009	13.4	17	15.687	9.56	0	8	5	
2019-07-08 19:10:00	57.13293	17.85741	12	27	0	1	350	0.009	13.4	17	15.675	9.55	0	8	5	
2019-07-08 19:20:00	57.13077	17.85411	11	28	0	1	350	0.009	13.4	17	15.683	9.55	0	8	5	
2019-07-08 19:30:00	57.12837	17.85018	12	29	0	1	350	0.009	13.4	17	15.695	9.56	0	8	5	
2019-07-08 19:40:00	57.126	17.84577	13	30	0	1	360	0.009	13.4	17	15.671	9.55	0	8	5	
2019-07-08 19:50:00	57.123	17.84046	13	31	0	1	350	0.009	13.3	17	15.635	9.53	0	8	5	
2019-07-08 20:00:00	57.12027	17.83464	40	32	0	1	380	0.009	13.3	17	15.614	9.52	0	8	5	
2019-07-08 20:10:00	57.11829	17.82972	12	33	0	1	350	0.009	13.3	17	15.599	9.51	0	8	5	
2019-07-08 20:20:00	57.11649	17.82435	12	34	0	1	350	0.009	13.3	17	15.59	9.5	0	8	5	
2019-07-08 20:30:00	57.1146	17.81844	11	35	0	1	350	0.009	13.3	17	15.575	9.5	0	8	5	
2019-07-08 20:40:00	57.11295	17.81307	12	36	0	1	350	0.009	13.3	17	15.56	9.49	0	8	5	
2019-07-08 20:50:00	57.11124	17.80821	12	37	0	1	350	0.009	13.3	17	15.562	9.5	0	8	5	
2019-07-08 21:00:00	57.10902	17.80251	12	38	0	2	350	0.011	13.3	17	15.581	9.51	0	8	5	
2019-07-08 21:10:00	57.10686	17.79543	11	39	0	2	350	0.011	13.3	17	15.595	9.54	0	8	5	
2019-07-08 21:20:00	57.10467	17.78847	11	40	0	2	350	0.011	13.3	17	15.606	9.57	0	8	5	
2019-07-08 21:30:00	57.10281	17.78091	11	41	0	1	360	0.009	13.3	17	15.816	9.72	0	8	5	
2019-07-08 21:40:00	57.10131	17.77413	12	42	0	1	350	0.009	13.3	17	15.844	9.74	0	8	5	
2019-07-08 21:50:00	57.09972	17.76804	12	43	0	1	50	0.009	13.3	17	15.832	9.75	1	8	0	
2019-07-08 22:00:00	57.09831	17.76231	12	44	0	1	350	0.011	13.3	17	15.839	9.76	0	8	5	
2019-07-08 22:20:00	57.09462	17.74947	12	46	0		350	0.009	13.3	17	15.631	9.7	0	8	5	
2019-07-08 22:30:00	57.09303	17.74338	14	47	0	2	360	0.009	13.3	17	15.579	9.69	0	8	5	
2019-07-08 22:40:00	57.09144	17.73729	40	48	0	1	380	0.011	13.3	17	15.479	9.66	0	8	5	
2019-07-08 22:50:00	57.09009	17.73225	12	49	0	1	350	0.011	13.3	17	15.471	9.65	0	8	5	
2019-07-08 23:00:00	57.08862	17.7267	12	50	0	1	350	0.009	13.3	17	15.447	9.65	0	8	5	
2019-07-08 23:10:00	57.08751	17.72145	12	51	0	1	350	0.009	13.3	17	15.246	9.6	0	8	5	
2019-07-08 23:20:00	57.08646	17.71539	13	52	0	1	350	0.009	13.3	17	15.282	9.62	0	8	5	
2019-07-08 23:40:00	57.08379	17.70243	12	54	0	1	350	0.011	13.3	17	15.31	9.66	0	8	5	
2019-07-08 23:50:00	57.08268	17.69643	12	55	0	2	350	0.011	13.3	17	15.295	9.67	0	8	5	
2019-07-09 00:00:00	57.08172	17.69064	12	56	0	1	350	0.009	13.3	17	15.272	9.67	0	8	5	
2019-07-09 00:10:00	57.08085	17.68389	12	57	0	1	350	0.011	13.3	17	15.228	9.66	0	8	5	
2019-07-09 00:20:00	57.08037	17.67675	12	58	0	1	360	0.009	13.3	17	15.124	9.64	0	8	5	
2019-07-09 00:30:00	57.08013	17.67021	12	59	0	1	350	0.009	13.3	17	14.986	9.61	0	8	5	
2019-07-09 00:50:00	57.07872	17.65488	41	1	0	1	380	0.009	13.3	17	14.823	9.57	0	8	5	
2019-07-09 01:00:00	57.07875	17.64795	12	2	0	1	350	0.009	13.3	17	14.841	9.57	0	8	5	
2019-07-09 01:10:00	57.07878	17.64015	12	3	0	1	350	0.009	13.3	17	14.887	9.58	0	8	5	
2019-07-09 01:20:00	57.07941	17.63337	12	4	0	1	350	0.011	13.3	17	14.926	9.59	0	8	5	
2019-07-09 01:30:00	57.08031	17.62626	12	5	0	1	350	0.009	13.3	17	14.915	9.58	0	8	5	
2019-07-09 01:40:00	57.08094	17.61867	12	6	0	1	350	0.009	13.3	17	14.918	9.58	0	8	5	
2019-07-09 01:50:00	57.08157	17.61132	12	7	0	1	350	0.011	13.3	16	14.895	9.58	0	8	5	
2019-07-09 02:00:00	57.08181	17.60355	12	8	0	1	350	0.009	13.3	17	14.96	9.59	0	8	5	
2019-07-09 02:10:00	57.08262	17.59542	41	9	0	1	380	0.011	13.3	17	14.928	9.59	0	8	5	
2019-07-09 02:20:00	57.08301	17.58819	12	10	0	1	350	0.009	13.3	16	14.997	9.62	0	8	5	
2019-07-09 02:30:00	57.08388	17.58114	12	11	0	1	350	0.009	13.3	17	15.037	9.65	0	8	5	
2019-07-09 02:40:00	57.08517	17.57427	12	12	0	1	350	0.011	13.3	17	15.047	9.66	0	8	5	
2019-07-09 02:50:00	57.08598	17.56767	12	13	0	1	350	0.011	13.3	17	15.008	9.66	0	8	5	
2019-07-09 03:00:00	57.08652	17.56002	12	14	0	1	360	0.009	13.3	17	14.974	9.65	0	8	5	
2019-07-09 03:10:00	57.08709	17.55177	12	15	0	1	350	0.009	13.3	17	15.002	9.67	0	8	5	
2019-07-09 03:20:00	57.0876	17.54349	15	16	0	1	360	0.009	13.3	17	15.014	9.69	0	8	5	
2019-07-09 03:30:00	57.08811	17.53536	16	17	0	1	360	0.009	13.3	17	15.01	9.7	0	8	5	
2019-07-09 03:40:00	57.08886	17.52651	41	18	0	1	380	0.009	13.3	17	14.989	9.71	0	8	5	
2019-07-09 03:50:00	57.08895	17.51832	12	19	0	1	350	0.011	13.3	17	14.985	9.72	0	8	5	
2019-07-09 04:00:00	57.0894	17.51055	12	20	0	1	350	0.009	13.3	16	14.932	9.71	0	8	5	
2019-07-09 04:10:00	57.08979	17.50368	12	21	0	1	350	0.009	13.3	17	14.948	9.72	0	8	5	
2019-07-09 04:20:00	57.09018	17.49588	12	22	0	1	350	0.009	13.3	17	14.923	9.71	0	8	5	
2019-07-09 04:30:00	57.09066	17.4876	12	23	0	1	350	0.009	13.3	17	14.928	9.71	0	8	5	
2019-07-09 04:40:00	57.0912	17.47869	12	24	0	1	350	0.011	13.3	17	14.813	9.68	0	8	5	
2019-07-09 04:50:00	57.09192	17.4702	12	25	0	1	350	0.009	13.3	16	14.821	9.68	0	8	5	
2019-07-09 05:00:00	57.09213	17.46138	13	26	0	1	350	0.011	13.3	17	14.807	9.68	0	8	5	
2019-07-09 05:10:00	57.09192	17.45097	41	27	0	1	380	0.009	13.3	17	14.825	9.7	0	8	5	
2019-07-09 05:20:00	57.09192	17.44161	12	28	0	1	350	0.009	13.3	17	14.816	9.69	0	8	5	
2019-07-09 05:30:00	57.09198	17.43234	12	29	0	1	350	0.009	13.3	16	14.848	9.7	0	8	5	
2019-07-09 05:40:00	57.09168	17.42289	12	30	0	1	350	0.009	13.3	16	14.849	9.7	0	8	5	
2019-07-09 05:50:00	57.09213	17.41305	12	31	0	1	350	0.009	13.3	17	14.894	9.7	0	8	5	
2019-07-09 06:00:00	57.09249	17.40279	12	32	0	1	350	0.011	13.3	16	14.929	9.71	0	8	5	
2019-07-09 06:10:00	57.09246	17.39268	12	33	0	1	350	0.011	13.3	16	14.94	9.71	0	8	5	
2019-07-09 06:20:00	57.0924	17.3832	12	34	0	1	350	0.009	13.3	16	14.951	9.72	0	8	5	
2019-07-09 06:30:00	57.09225	17.37294	12	35	0	1	350	0.009	13.3	16	14.96	9.72	0	8	5	
2019-07-09 06:40:00	57.09165	17.36307	12	36	0	1	350	0.011	13.3	16	14.949	9.71	0	8	5	
2019-07-09 07:10:00	57.08997	17.33385	12	39	0		360	0.009	13.3	17	14.997	9.72	0	8	5	
2019-07-09 07:20:00	57.08943	17.32302	12	40	0	3	350	0.011	13.3	17	15.025	9.72	0	8	5	
2019-07-09 07:30:00	57.09054	17.32788	12	41	0	2	350	0.011	13.3	17	15.001	9.72	0	8	5	
2019-07-09 07:40:00	57.09231	17.33376	13	42	0	1	350	0.011	13.3	17	14.999	9.72	0	8	5	
2019-07-09 07:50:00	57.09471	17.33979	14	43	0	1	350	0.009	13.3	17	15.001	9.72	0	8	5	
2019-07-09 08:00:00	57.09753	17.34639	58	44	0	1	400	0.009	13.3	17	14.995	9.72	0	8	5	
2019-07-09 08:10:00	57.09999	17.35164	12	45	0	1	350	0.009	13.3	17	14.989	9.71	0	8	5	
2019-07-09 08:20:00	57.10308	17.35722	12	46	0	1	350	0.009	13.3	17	14.986	9.71	0	8	5	
2019-07-09 08:30:00	57.10626	17.36214	11	47	0	1	350	0.009	13.3	17	14.969	9.7	0	8	5	
2019-07-09 08:40:00	57.10929	17.36709	12	48	0	1	350	0.009	13.3	17	14.976	9.7	0	8	5	
2019-07-09 08:50:00	57.11211	17.37225	12	49	0	1	350	0.009	13.4	17	14.958	9.69	0	8	5	
2019-07-09 09:00:00	57.11502	17.37798	11	50	0	1	50	0.011	13.4	16	14.944	9.69	1	8	0	
2019-07-09 09:10:00	57.1179	17.38326	11	51	0	2	50	0.011	13.4	16	14.924	9.69	1	8	0	
2019-07-09 09:20:00	57.12114	17.38896	12	52	0	2	350	0.009	13.4	16	14.916	9.69	0	8	5	
2019-07-09 09:30:00	57.12435	17.39472	15	53	0	1	360	0.009	13.4	17	14.904	9.69	0	8	5	
2019-07-09 09:40:00	57.12765	17.39994	11	54	0	1	350	0.009	13.4	17	14.899	9.69	0	8	5	
2019-07-09 09:50:00	57.13104	17.40552	12	55	0	2	350	0.011	13.4	17	14.95	9.7	0	8	5	
2019-07-09 10:00:00	57.13413	17.41074	25	56	0	1	370	0.011	13.4	17	14.955	9.69	0	8	5	
2019-07-09 10:10:00	57.13683	17.41749	41	57	0	1	380	0.009	13.4	17	14.95	9.67	0	8	5	
2019-07-09 10:20:00	57.1398	17.42373	12	58	0	1	350	0.011	13.4	17	14.942	9.67	0	8	5	
2019-07-09 10:30:00	57.14247	17.43108	13	59	0	1	350	0.011	13.4	17	14.945	9.65	0	8	5	
2019-07-09 10:40:00	57.14556	17.43699	13	0	0	1	350	0.011	13.4	17	14.953	9.65	0	8	5	
2019-07-09 10:50:00	57.14874	17.44434	66	1	0	1	410	0.009	13.4	17	14.972	9.64	0	8	5	
2019-07-09 11:00:00	57.15114	17.45085	11	2	0	1	350	0.009	13.4	17	14.971	9.64	0	8	5	
2019-07-09 11:10:00	57.15393	17.45853	12	3	0	3	350	0.009	13.4	17	14.971	9.63	0	8	5	
2019-07-09 11:20:00	57.15693	17.46579	12	4	0	1	360	0.009	13.4	17	14.974	9.63	0	8	5	
2019-07-09 11:30:00	57.15939	17.47293	12	5	0	1	350	0.009	13.4	17	14.958	9.62	0	8	5	
2019-07-09 11:40:00	57.16146	17.4807	12	6	0	1	350	0.009	13.4	17	14.94	9.61	0	8	5	
2019-07-09 11:50:00	57.1635	17.48877	11	7	0	1	350	0.009	13.4	17	14.904	9.6	0	8	5	
2019-07-09 12:00:00	57.1662	17.4966	12	8	0	1	360	0.009	13.4	17	14.86	9.59	0	8	5	
2019-07-09 12:10:00	57.16899	17.50455	12	9	0	1	350	0.009	13.4	17	14.761	9.56	0	8	5	
2019-07-09 12:20:00	57.17085	17.51295	12	10	0	1	360	0.011	13.5	17	14.675	9.55	0	8	5	
2019-07-09 12:30:00	57.17196	17.52132	13	11	0	2	350	0.009	13.5	17	14.589	9.53	0	8	5	
2019-07-09 12:40:00	57.17334	17.52822	13	12	0	1	350	0.011	13.5	17	14.641	9.54	0	8	5	
2019-07-09 12:50:00	57.1749	17.53617	13	13	0	1	350	0.011	13.4	17	14.63	9.54	0	8	5	
2019-07-09 13:00:00	57.17613	17.54448	15	14	0	1	360	0.011	13.4	17	14.623	9.54	0	8	5	
2019-07-09 13:10:00	57.17724	17.55273	15	15	0	1	60	0.009	13.4	17	14.632	9.54	1	8	0	
2019-07-09 13:20:00	57.1788	17.56116	18	16	0	1	360	0.011	13.4	16	14.613	9.54	0	8	5	
2019-07-09 13:30:00	57.17985	17.57022	41	17	0	2	380	0.009	13.4	17	14.56	9.53	0	8	5	
2019-07-09 13:40:00	57.18129	17.5785	12	18	0	2	50	0.009	13.4	17	14.525	9.52	1	8	0	
2019-07-09 13:50:00	57.1815	17.58708	15	19	0	1	360	0.009	13.4	16	14.563	9.52	0	8	5	
2019-07-09 14:00:00	57.18228	17.59587	40	20	0	2	380	0.009	13.4	17	14.636	9.54	0	8	5	
2019-07-09 14:10:00	57.18384	17.60403	11	21	0	1	350	0.009	13.4	16	14.64	9.54	0	8	5	
2019-07-09 14:20:00	57.18597	17.61207	12	22	0	1	350	0.009	13.4	16	14.751	9.56	0	8	5	
2019-07-09 14:30:00	57.18798	17.62008	11	23	0	1	350	0.011	13.4	16	14.773	9.56	0	8	5	
2019-07-09 14:40:00	57.19032	17.62842	12	24	0	1	350	0.009	13.4	17	14.8	9.56	0	8	5	
2019-07-09 14:50:00	57.19251	17.63631	12	25	0	1	350	0.009	13.4	16	14.773	9.55	0	8	5	
2019-07-09 15:00:00	57.19497	17.64501	12	26	0	1	350	0.009	13.4	16	14.809	9.56	0	8	5	
2019-07-09 15:10:00	57.19698	17.65314	12	27	0	1	350	0.009	13.4	16	14.851	9.57	0	8	5	
2019-07-09 15:20:00	57.19806	17.66073	12	28	0	1	350	0.009	13.4	17	15.064	9.58	0	8	5	
2019-07-09 15:30:00	57.19752	17.66649	11	29	0	1	360	0.009	13.4	16	15.191	9.59	0	8	5	
2019-07-09 15:40:00	57.19797	17.67342	12	30	0	1	350	0.009	13.4	17	15.226	9.59	0	8	5	
2019-07-09 15:50:00	57.19932	17.67945	12	31	0	1	350	0.009	13.4	17	15.235	9.58	0	8	5	
2019-07-09 16:00:00	57.20121	17.68701	13	32	0	1	350	0.009	13.4	17	15.259	9.58	0	8	5	
2019-07-09 16:10:00	57.2022	17.69415	12	33	0	1	350	0.009	13.4	17	15.31	9.56	0	8	5	
2019-07-09 16:20:00	57.20337	17.70171	12	34	0	1	350	0.009	13.4	17	15.265	9.49	0	8	5	
2019-07-09 16:30:00	57.20505	17.70945	16	35	0	1	360	0.009	13.4	17	15.142	9.39	0	8	5	
2019-07-09 16:40:00	57.20691	17.71695	13	36	0	1	360	0.011	13.4	17	15.041	9.31	0	8	5	
2019-07-09 16:50:00	57.20889	17.72448	26	37	0	1	370	0.011	13.4	17	15.03	9.27	0	8	5	
2019-07-09 17:00:00	57.2103	17.73213	41	38	0	1	380	0.009	13.4	17	15.022	9.25	0	8	5	
2019-07-09 17:10:00	57.21162	17.73861	12	39	0	1	350	0.009	13.4	17	14.931	9.2	0	8	5	
2019-07-09 17:20:00	57.21138	17.74569	12	40	0	1	350	0.009	13.4	17	14.858	9.17	0	8	5	
2019-07-09 17:30:00	57.21186	17.75178	12	41	0	1	350	0.009	13.4	17	14.791	9.15	0	8	5	
2019-07-09 17:40:00	57.21162	17.75874	12	42	0	1	350	0.011	13.3	17	14.508	9.08	0	8	5	
2019-07-09 17:50:00	57.21231	17.76486	11	43	0	1	350	0.009	13.3	17	14.313	9.03	0	8	5	
2019-07-09 18:00:00	57.21303	17.77125	12	44	0	1	350	0.009	13.3	16	14.328	9.06	0	8	5	
2019-07-09 18:10:00	57.21348	17.77782	12	45	0	1	350	0.009	13.3	16	14.339	9.09	0	8	5	
2019-07-09 18:20:00	57.21402	17.78433	12	46	0	1	60	0.009	13.3	16	14.099	9.06	1	8	0	
2019-07-09 18:30:00	57.21417	17.79015	12	47	0	2	50	0.009	13.3	16	14.083	9.05	1	8	0	
2019-07-09 18:40:00	57.21276	17.7966	12	48	0	1	350	0.009	13.4	15	13.95	9.02	0	8	5	
2019-07-09 18:50:00	57.21129	17.80311	12	49	0	1	50	0.009	13.3	16	13.739	8.98	1	8	0	
2019-07-09 19:00:00	57.20844	17.80683	12	50	0	1	350	0.009	13.3	15	13.451	8.93	0	8	5	
2019-07-09 19:10:00	57.20547	17.8125	12	51	0	1	50	0.009	13.3	16	12.933	8.84	1	8	0	
2019-07-09 19:20:00	57.20307	17.8173	12	52	0	2	350	0.011	13.3	15	12.817	8.81	0	8	5	
2019-07-09 19:30:00	57.20061	17.82093	12	53	0	1	350	0.009	13.3	15	12.548	8.76	0	8	5	
2019-07-09 19:40:00	57.19782	17.82312	12	54	0	1	350	0.009	13.3	15	12.123	8.69	0	8	5	
2019-07-09 19:50:00	57.19575	17.82669	12	55	0	1	350	0.009	13.3	15	12.639	8.84	0	8	5	
2019-07-09 20:00:00	57.19413	17.83116	40	56	0	1	380	0.011	13.3	15	13.139	9	0	8	5	
2019-07-09 20:10:00	57.19407	17.83551	12	57	0	1	350	0.011	13.3	15	13.279	9.05	0	8	5	
2019-07-09 20:20:00	57.19398	17.83977	12	58	0	1	350	0.011	13.3	15	13.365	9.08	0	8	5	
2019-07-09 20:30:00	57.19404	17.84379	12	59	0	1	350	0.011	13.3	15	13.466	9.13	0	8	5	
2019-07-09 20:40:00	57.19428	17.84832	12	0	0	1	350	0.009	13.3	15	13.521	9.14	0	8	5	
2019-07-09 20:50:00	57.19464	17.85186	12	1	0	1	350	0.011	13.3	15	13.56	9.15	0	8	5	
2019-07-09 21:00:00	57.19479	17.85528	12	2	0	1	350	0.009	13.3	15	13.536	9.14	0	8	5	
2019-07-09 21:10:00	57.19488	17.85882	12	3	0	1	350	0.009	13.3	15	13.478	9.12	0	8	5	
2019-07-09 21:30:00	57.19476	17.86635	12	5	0		350	0.011	13.3	15	13.327	9.07	0	8	5	
2019-07-09 21:40:00	57.19461	17.86956	12	6	0	2	350	0.011	13.3	15	13.271	9.06	0	8	5	
2019-07-09 21:50:00	57.1941	17.87184	12	7	0	1	350	0.009	13.3	15	13.257	9.06	0	8	5	
2019-07-09 22:00:00	57.19386	17.8734	12	8	0	1	350	0.009	13.3	15	13.274	9.06	0	8	5	
2019-07-09 22:10:00	57.19329	17.8758	12	9	0	1	350	0.011	13.3	15	13.302	9.07	0	8	5	
2019-07-09 22:20:00	57.19308	17.87664	13	10	0	1	350	0.009	13.3	15	13.303	9.07	0	8	5	
2019-07-09 22:30:00	57.19251	17.87562	16	11	0	1	360	0.009	13.3	15	13.301	9.07	0	8	5	
2019-07-09 22:40:00	57.192	17.8749	41	12	0	1	380	0.009	13.3	15	13.287	9.07	0	8	5	
2019-07-09 22:50:00	57.19149	17.87427	11	13	0	1	350	0.009	13.3	15	13.255	9.06	0	8	5	
2019-07-09 23:00:00	57.19098	17.87388	11	14	0	1	350	0.011	13.3	14	13.242	9.06	0	8	5	
2019-07-09 23:10:00	57.19065	17.87289	11	15	0	3	360	0.009	13.3	14	13.238	9.05	0	8	5	
2019-07-09 23:20:00	57.19068	17.87085	11	16	0	1	350	0.011	13.3	14	13.227	9.05	0	8	5	
2019-07-09 23:30:00	57.19095	17.86836	11	17	0	1	350	0.009	13.3	14	13.239	9.05	0	8	5	
2019-07-09 23:40:00	57.19119	17.86596	12	18	0	1	350	0.009	13.3	14	13.271	9.06	0	8	5	
2019-07-09 23:50:00	57.19143	17.86344	12	19	0	1	350	0.009	13.3	14	13.285	9.07	0	8	5	
2019-07-10 00:00:00	57.19182	17.86041	12	20	0	1	350	0.009	13.3	14	13.33	9.1	0	8	5	
2019-07-10 00:10:00	57.19248	17.85684	12	21	0	1	350	0.009	13.3	14	13.419	9.14	0	8	5	
2019-07-10 00:20:00	57.19317	17.85285	12	22	0	1	350	0.009	13.3	14	13.483	9.17	0	8	5	
2019-07-10 00:30:00	57.19383	17.84802	12	23	0	1	350	0.009	13.3	14	13.551	9.19	0	8	5	
2019-07-10 00:40:00	57.19434	17.84289	12	24	0	1	350	0.009	13.3	14	13.613	9.21	0	8	5	
2019-07-10 00:50:00	57.19431	17.8386	12	25	0	1	350	0.009	13.3	14	13.628	9.22	0	8	5	
2019-07-10 01:00:00	57.19425	17.83434	12	26	0	1	350	0.009	13.3	14	13.6	9.2	0	8	5	
2019-07-10 01:10:00	57.19413	17.82663	12	27	0	1	350	0.009	13.3	15	13.37	9.12	0	8	5	
2019-07-10 01:20:00	57.19371	17.81823	12	28	0	1	350	0.009	13.3	15	12.258	8.72	0	8	5	
2019-07-10 01:30:00	57.19353	17.81178	12	29	0	1	350	0.009	13.3	14	12.378	8.74	0	8	5	
2019-07-10 01:40:00	57.19413	17.80674	12	30	0	1	350	0.009	13.3	14	12.343	8.74	0	8	5	
2019-07-10 01:50:00	57.19539	17.80212	13	31	0	1	350	0.009	13.3	14	12.221	8.72	0	8	5	
2019-07-10 02:00:00	57.19599	17.799	40	32	0	1	380	0.009	13.3	15	12.294	8.74	0	8	5	
2019-07-10 02:10:00	57.19623	17.79639	11	33	0	1	360	0.009	13.3	14	12.385	8.76	0	8	5	
2019-07-10 02:20:00	57.19623	17.79333	12	34	0	1	350	0.009	13.3	14	12.383	8.75	0	8	5	
2019-07-10 02:30:00	57.19626	17.78829	12	35	0	1	350	0.009	13.3	14	12.143	8.69	0	8	5	
2019-07-10 02:40:00	57.19653	17.78292	12	36	0	1	350	0.011	13.3	14	11.354	8.54	0	8	5	
2019-07-10 02:50:00	57.19686	17.77785	12	37	0	1	350	0.009	13.3	14	12.955	8.82	0	8	5	
2019-07-10 03:00:00	57.19686	17.77257	12	38	0	1	350	0.011	13.3	14	13.428	8.92	0	8	5	
2019-07-10 03:10:00	57.19704	17.76705	12	39	0	1	350	0.011	13.3	14	13.604	8.95	0	8	5	
2019-07-10 03:20:00	57.19698	17.76075	12	40	0	1	350	0.009	13.3	14	13.894	9.01	0	8	5	
2019-07-10 03:30:00	57.19644	17.76855	12	41	0	1	350	0.011	13.3	14	13.224	8.87	0	8	5	
2019-07-10 03:40:00	57.19608	17.77605	12	42	0	1	350	0.009	13.3	14	11.893	8.64	0	8	5	
2019-07-10 03:50:00	57.19563	17.78421	12	43	0	1	50	0.011	13.3	14	11.479	8.57	1	8	0	
2019-07-10 04:00:00	57.19575	17.79063	12	44	0	1	350	0.009	13.3	14	11.449	8.59	0	8	5	
2019-07-10 04:10:00	57.19587	17.79699	13	45	0	1	350	0.009	13.3	14	11.745	8.63	0	8	5	
2019-07-10 04:20:00	57.19557	17.80449	13	46	0	1	350	0.011	13.3	14	11.428	8.56	0	8	5	
2019-07-10 04:30:00	57.19488	17.80959	14	47	0	1	360	0.009	13.3	14	12.559	8.9	0	8	5	
2019-07-10 04:40:00	57.19428	17.81511	38	48	0	1	380	0.009	13.3	14	12.84	8.98	0	8	5	
2019-07-10 04:50:00	57.19398	17.82024	12	49	0	1	350	0.009	13.3	14	13.288	9.12	0	8	5	
2019-07-10 05:10:00	57.19497	17.83095	11	51	0		360	0.011	13.3	14	13.606	9.22	0	8	5	
2019-07-10 05:20:00	57.19566	17.83629	12	52	0	3	350	0.009	13.3	14	13.631	9.24	0	8	5	
2019-07-10 05:30:00	57.19629	17.84166	12	53	0	2	350	0.009	13.3	14	13.663	9.24	0	8	5	
2019-07-10 05:40:00	57.19692	17.84694	12	54	0	2	350	0.009	13.3	15	13.646	9.24	0	8	5	
2019-07-10 05:50:00	57.19785	17.85126	12	55	0	1	350	0.009	13.3	15	13.661	9.25	0	8	5	
2019-07-10 06:00:00	57.19911	17.85648	12	56	0	1	350	0.011	13.4	15	13.676	9.25	0	8	5	
2019-07-10 06:10:00	57.20061	17.86194	13	57	0	2	350	0.009	13.4	15	13.648	9.25	0	8	5	
2019-07-10 06:20:00	57.20184	17.86689	13	58	0	1	350	0.011	13.4	15	13.646	9.25	0	8	5	
2019-07-10 06:30:00	57.20247	17.87205	12	59	0	1	350	0.009	13.4	15	13.62	9.24	0	8	5	
2019-07-10 06:40:00	57.20361	17.87727	12	0	0	1	350	0.011	13.4	15	13.54	9.22	0	8	5	
2019-07-10 06:50:00	57.20439	17.88219	18	1	0	1	360	0.011	13.4	15	13.474	9.2	0	8	5	
2019-07-10 07:00:00	57.2052	17.88762	37	2	0	1	380	0.009	13.4	15	13.483	9.19	0	8	5	
2019-07-10 07:10:00	57.20574	17.8923	11	3	0	1	350	0.009	13.4	15	13.34	9.15	0	8	5	
2019-07-10 07:20:00	57.20661	17.89716	11	4	0	1	350	0.009	13.4	15	12.793	9	0	8	5	
2019-07-10 07:30:00	57.20733	17.90193	12	5	0	1	350	0.009	13.4	15	12.628	9.01	0	8	5	
2019-07-10 07:40:00	57.2079	17.90715	12	6	0	1	350	0.011	13.4	15	12.567	9.04	0	8	5	
2019-07-10 07:50:00	57.20871	17.91219	12	7	0	1	350	0.009	13.4	15	12.448	8.99	0	8	5	
2019-07-10 08:00:00	57.2094	17.9172	12	8	0	1	350	0.011	13.4	15	12.033	8.9	0	8	5	
2019-07-10 08:10:00	57.21	17.92293	12	9	0	1	350	0.009	13.4	15	11.185	8.74	0	8	5	
2019-07-10 08:20:00	57.21141	17.9289	12	10	0	1	350	0.009	13.4	15	12.366	9	0	8	5	
2019-07-10 08:30:00	57.21324	17.93439	13	11	0	1	350	0.009	13.5	15	12.517	9.01	0	8	5	
2019-07-10 08:40:00	57.21507	17.94096	13	12	0	2	350	0.009	13.4	15	12.44	9	0	8	5	
2019-07-10 08:50:00	57.21684	17.94705	13	13	0	1	350	0.009	13.5	15	12.465	8.99	0	8	5	
2019-07-10 09:00:00	57.21894	17.95239	13	14	0	1	350	0.009	13.5	14	12.548	8.99	0	8	5	
2019-07-10 09:10:00	57.22119	17.95821	13	15	0	2	350	0.009	13.4	15	12.168	8.92	0	8	5	
2019-07-10 09:20:00	57.22314	17.96451	41	16	0	1	380	0.009	13.4	15	11.522	8.81	0	8	5	
2019-07-10 09:30:00	57.22485	17.96991	11	17	0	1	350	0.009	13.5	14	10.934	8.7	0	8	5	
2019-07-10 09:40:00	57.22683	17.97537	12	18	0	1	350	0.009	13.4	14	12.075	8.92	0	8	5	
2019-07-10 09:50:00	57.22872	17.98164	12	19	0	1	350	0.011	13.5	14	12.291	8.96	0	8	5	
2019-07-10 10:00:00	57.23079	17.98695	11	20	0	1	350	0.011	13.6	14	12.541	9.01	0	8	5	
2019-07-10 10:10:00	57.23238	17.99097	11	21	0	1	350	0.009	13.6	14	12.55	9	0	8	5	
2019-07-10 10:20:00	57.23412	17.99598	12	22	0	1	350	0.009	13.5	14	12.393	8.97	0	8	5	
2019-07-10 10:30:00	57.23613	18.00078	12	23	0	2	350	0.009	13.5	15	12.432	8.98	0	8	5	
2019-07-10 10:40:00	57.2385	18.00612	11	24	0	1	350	0.009	13.5	15	12.284	8.95	0	8	5	
2019-07-10 10:50:00	57.24075	18.00999	12	25	0	1	360	0.011	13.5	15	12.262	8.96	0	8	5	
2019-07-10 11:00:00	57.24327	18.01482	41	26	0	1	380	0.009	13.6	15	12.315	8.98	0	8	5	
2019-07-10 11:10:00	57.24564	18.01866	12	27	0	1	360	0.009	13.5	15	12.31	8.98	0	8	5	
2019-07-10 11:20:00	57.24813	18.02244	12	28	0	1	350	0.011	13.5	15	12.345	8.99	0	8	5	
2019-07-10 11:30:00	57.25059	18.02712	12	29	0	1	350	0.009	13.5	15	12.365	9	0	8	5	
2019-07-10 11:40:00	57.25287	18.03201	12	30	0	1	350	0.009	13.5	15	12.417	9.01	0	8	5	
2019-07-10 11:50:00	57.25497	18.03765	12	31	0	2	350	0.009	13.5	15	12.408	9.01	0	8	5	
2019-07-10 12:00:00	57.25713	18.04362	12	32	0	1	350	0.009	13.5	15	12.423	9	0	8	5	
2019-07-10 12:10:00	57.25911	18.04926	19	33	0	1	360	0.009	13.6	15	12.459	9	0	8	5	
2019-07-10 12:20:00	57.2604	18.0546	16	34	0	1	360	0.009	13.7	15	12.355	8.96	0	8	5	
2019-07-10 12:30:00	57.26241	18.05877	18	35	0	1	360	0.009	13.7	15	12.368	8.96	0	8	5	
2019-07-10 12:40:00	57.26352	18.06381	41	36	0	1	380	0.009	14	15	12.129	8.93	0	8	5	
2019-07-10 13:00:00	57.26286	18.05721	11	38	0		350	0.009	14	15	12.433	8.97	0	8	5	
2019-07-10 13:10:00	57.26259	18.0522	12	39	0	2	350	0.009	14	15	12.497	8.99	0	8	5	
2019-07-10 13:20:00	57.26253	18.04839	11	40	0	1	350	0.009	14	14	12.571	9.01	0	8	5	
2019-07-10 13:30:00	57.26238	18.0447	12	41	0	1	350	0.009	13.9	14	12.632	9.03	0	8	5	
2019-07-10 13:40:00	57.26199	18.04143	12	42	0	1	350	0.009	13.9	14	12.634	9.04	0	8	5	
2019-07-10 13:50:00	57.2616	18.03699	12	43	0	1	350	0.009	13.8	15	12.623	9.04	0	8	5	
2019-07-10 14:00:00	57.26121	18.03225	12	44	0	1	350	0.009	13.7	15	12.685	9.04	0	8	5	
2019-07-10 14:20:00	57.25974	18.02247	12	46	0		350	0.009	13.7	15	12.773	9.05	0	8	5	
2019-07-10 14:30:00	57.25899	18.01677	12	47	0	2	350	0.009	13.8	15	12.607	9.02	0	8	5	
2019-07-10 14:40:00	57.26091	18.01986	12	48	0	1	350	0.011	13.9	15	12.694	9.04	0	8	5	
2019-07-10 14:50:00	57.26385	18.02316	12	49	0	1	350	0.009	14	15	12.8	9.06	0	8	5	
2019-07-10 15:00:00	57.2667	18.02607	12	50	0	1	350	0.009	14	15	12.837	9.07	0	8	5	
2019-07-10 15:10:00	57.2694	18.02904	12	51	0	1	350	0.009	14	15	12.841	9.07	0	8	5	
2019-07-10 15:20:00	57.27186	18.03168	12	52	0	1	350	0.009	14	15	12.948	9.09	0	8	5	
2019-07-10 15:30:00	57.27411	18.03405	12	53	0	1	350	0.009	14	15	12.995	9.1	0	8	5	
2019-07-10 15:40:00	57.27618	18.03642	12	54	0	1	350	0.009	14	15	12.978	9.1	0	8	5	
2019-07-10 15:50:00	57.27825	18.03933	41	55	0	1	380	0.009	14	16	12.963	9.11	0	8	5	
2019-07-10 16:00:00	57.27996	18.0414	11	56	0	1	350	0.011	14	15	12.898	9.1	0	8	5	
2019-07-10 16:10:00	57.28191	18.04419	11	57	0	1	350	0.009	14	15	12.784	9.09	0	8	5	
2019-07-10 16:20:00	57.28317	18.04653	11	58	0	1	350	0.009	14	15	12.572	9.06	0	8	5	
2019-07-10 16:30:00	57.2835	18.04923	11	59	0	1	350	0.009	14.1	15	12.557	9.06	0	8	5	
2019-07-10 16:40:00	57.28539	18.0522	11	0	0	1	350	0.009	14.1	15	11.661	8.88	0	8	5	
2019-07-10 16:50:00	57.28593	18.05121	11	1	0	1	350	0.009	14	15	12.479	9.05	0	8	5	
2019-07-10 17:00:00	57.28665	18.04959	11	2	0	1	360	0.009	13.9	15	12.418	9.04	0	8	5	
2019-07-10 17:10:00	57.28758	18.04821	11	3	0	2	350	0.011	13.8	15	12.379	9.03	0	8	5	
2019-07-10 17:20:00	57.28851	18.04644	12	4	0	1	350	0.009	13.7	15	11.94	8.95	0	8	5	
2019-07-10 17:30:00	57.28953	18.04416	11	5	0	1	360	0.011	13.7	15	11.318	8.83	0	8	5	
2019-07-10 17:40:00	57.29067	18.04203	12	6	0	1	350	0.009	13.6	14	11.083	8.78	0	8	5	
2019-07-10 17:50:00	57.2919	18.03984	11	7	0	1	350	0.011	13.6	14	10.858	8.74	0	8	5	
2019-07-10 18:00:00	57.29289	18.03819	40	8	0	1	380	0.011	13.5	14	10.585	8.69	0	8	5	
2019-07-10 18:10:00	57.29364	18.03618	12	9	0	1	350	0.009	13.5	14	10.395	8.65	0	8	5	
2019-07-10 18:20:00	57.29436	18.03528	11	10	0	1	350	0.009	13.5	14	10.423	8.66	0	8	5	
2019-07-10 18:30:00	57.29499	18.03414	11	11	0	1	350	0.011	13.5	13	10.459	8.66	0	8	5	
2019-07-10 18:40:00	57.29538	18.03198	11	12	0	1	350	0.011	13.5	13	10.65	8.7	0	8	5	
2019-07-10 18:50:00	57.29592	18.0291	11	13	0	1	350	0.011	13.4	13	11.143	8.79	0	8	5	
2019-07-10 19:00:00	57.29676	18.02625	11	14	0	1	350	0.011	13.4	13	11.22	8.81	0	8	5	
2019-07-10 19:10:00	57.29757	18.02421	12	15	0	1	350	0.009	13.4	13	11.349	8.83	0	8	5	
2019-07-10 19:20:00	57.29808	18.0228	12	16	0	1	350	0.009	13.4	13	11.561	8.87	0	8	5	
2019-07-10 19:30:00	57.29853	18.02196	11	17	0	1	350	0.009	13.4	13	11.642	8.89	0	8	5	
2019-07-10 19:40:00	57.29892	18.0216	12	18	0	1	350	0.011	13.4	13	11.769	8.91	0	8	5	
2019-07-10 19:50:00	57.29949	18.02157	12	19	0	1	350	0.011	13.3	13	11.832	8.92	0	8	5	
2019-07-10 20:00:00	57.29994	18.02151	12	20	0	1	350	0.011	13.3	13	11.924	8.94	0	8	5	
2019-07-10 20:10:00	57.30018	18.02061	13	21	0	1	350	0.009	13.3	13	12.338	9.02	0	8	5	
2019-07-10 20:20:00	57.30051	18.02016	12	22	0	1	350	0.009	13.3	13	12.6	9.06	0	8	5	
2019-07-10 20:30:00	57.30075	18.01989	13	23	0	1	350	0.009	13.3	13	12.72	9.08	0	8	5	
2019-07-10 20:40:00	57.30093	18.01752	41	24	0	1	390	0.009	13.3	13	12.656	9.08	0	8	5	
2019-07-10 20:50:00	57.30117	18.01515	11	25	0	1	350	0.009	13.3	13	12.571	9.07	0	8	5	
2019-07-10 21:00:00	57.30144	18.01341	11	26	0	1	350	0.009	13.3	13	12.569	9.06	0	8	5	
2019-07-10 21:10:00	57.30186	18.01302	11	27	0	2	350	0.009	13.3	13	12.583	9.06	0	8	5	
2019-07-10 21:20:00	57.30222	18.01269	11	28	0	1	350	0.009	13.3	13	12.594	9.06	0	8	5	
2019-07-10 21:30:00	57.30249	18.01233	11	29	0	1	350	0.011	13.3	13	12.545	9.06	0	8	5	
2019-07-10 21:40:00	57.30291	18.01239	12	30	0	1	350	0.011	13.3	13	12.538	9.05	0	8	5	
2019-07-10 21:50:00	57.30321	18.01224	12	31	0	1	350	0.011	13.3	13	12.532	9.05	0	8	5	
2019-07-10 22:00:00	57.30354	18.01212	12	32	0	1	350	0.009	13.3	13	12.506	9.05	0	8	5	
2019-07-10 22:20:00	57.30426	18.01218	12	34	0		350	0.011	13.3	13	12.476	9.04	0	8	5	
2019-07-10 22:30:00	57.30453	18.01218	12	35	0	1	350	0.009	13.3	13	12.439	9.04	0	8	5	
2019-07-10 22:40:00	57.30495	18.01209	12	36	0	1	350	0.011	13.3	13	12.429	9.03	0	8	5	
2019-07-10 22:50:00	57.30516	18.01188	11	37	0	1	350	0.009	13.3	13	12.389	9.03	0	8	5	
2019-07-10 23:00:00	57.30498	18.01194	11	38	0	1	350	0.009	13.3	13	12.244	9	0	8	5	
2019-07-10 23:10:00	57.30426	18.01233	12	39	0	1	350	0.011	13.3	13	11.314	8.83	0	8	5	
2019-07-10 23:20:00	57.30357	18.01347	12	40	0	1	350	0.011	13.3	13	11.633	8.88	0	8	5	
2019-07-10 23:30:00	57.30276	18.015	19	41	0	1	360	0.011	13.3	13	11.936	8.94	0	8	5	
2019-07-10 23:40:00	57.3045	18.0156	40	42	0	1	380	0.009	13.3	13	11.834	8.92	0	8	5	
2019-07-10 23:50:00	57.30651	18.01677	12	43	0	1	350	0.011	13.3	13	12.452	9.03	0	8	5	
2019-07-11 00:00:00	57.30831	18.01908	12	44	0	1	350	0.009	13.3	13	12.564	9.03	0	8	5	
2019-07-11 00:10:00	57.31026	18.02298	12	45	0	1	50	0.009	13.3	13	12.594	9.02	1	8	0	
2019-07-11 00:20:00	57.31263	18.0261	11	46	0	1	350	0.011	13.3	13	12.61	9.03	0	8	5	
2019-07-11 00:30:00	57.31479	18.02856	12	47	0	1	350	0.009	13.3	13	12.694	9.06	0	8	5	
2019-07-11 00:40:00	57.31692	18.03048	13	48	0	1	350	0.009	13.3	13	12.692	9.05	0	8	5	
2019-07-11 00:50:00	57.31845	18.03336	12	49	0	1	350	0.009	13.3	13	12.655	9.03	0	8	5	
2019-07-11 01:00:00	57.32052	18.03549	13	50	0	1	350	0.009	13.3	13	12.66	9.04	0	8	5	
2019-07-11 01:10:00	57.32256	18.03861	12	51	0	1	360	0.011	13.3	14	12.693	9.04	0	8	5	
2019-07-11 01:20:00	57.32475	18.04086	12	52	0	1	350	0.011	13.3	13	12.489	9.01	0	8	5	
2019-07-11 01:30:00	57.32688	18.04497	12	53	0	1	350	0.011	13.3	14	11.381	8.82	0	8	5	
2019-07-11 01:40:00	57.32868	18.04965	13	54	0	1	350	0.009	13.3	13	11.279	8.8	0	8	5	
2019-07-11 01:50:00	57.33054	18.05097	12	55	0	1	350	0.011	13.3	13	10.9	8.72	0	8	5	
2019-07-11 02:00:00	57.33204	18.05052	40	56	0	1	80	0.009	13.3	14	10.827	8.71	1	8	0	
2019-07-11 02:10:00	57.33348	18.04989	12	57	0	1	350	0.009	13.3	13	10.862	8.72	0	8	5	
2019-07-11 02:20:00	57.33465	18.04959	12	58	0	1	350	0.009	13.3	13	10.734	8.69	0	8	5	
2019-07-11 02:30:00	57.33513	18.04902	12	59	0	1	60	0.009	13.3	13	10.861	8.7	1	8	0	
2019-07-11 02:40:00	57.33543	18.04833	12	0	0	1	350	0.011	13.3	12	10.84	8.7	0	8	5	
2019-07-11 02:50:00	57.33582	18.04779	12	1	0	1	350	0.011	13.3	12	10.763	8.7	0	8	5	
2019-07-11 03:00:00	57.33663	18.04683	12	2	0	1	350	0.011	13.3	12	10.871	8.71	0	8	5	
2019-07-11 03:10:00	57.33708	18.04584	13	3	0	1	350	0.011	13.3	12	10.863	8.7	0	8	5	
2019-07-11 03:20:00	57.33729	18.0462	11	4	0	1	360	0.011	13.3	12	10.809	8.7	0	8	5	
2019-07-11 03:30:00	57.33741	18.05082	12	5	0	1	350	0.009	13.3	13	11.151	8.75	0	8	5	
2019-07-11 03:40:00	57.33795	18.05337	11	6	0	1	350	0.009	13.3	13	11.384	8.79	0	8	5	
2019-07-11 03:50:00	57.33897	18.05388	12	7	0	1	350	0.009	13.3	13	11.362	8.79	0	8	5	
2019-07-11 04:00:00	57.34023	18.054	15	8	0	1	360	0.011	13.3	13	11.095	8.75	0	8	5	
2019-07-11 04:10:00	57.34167	18.05421	14	9	0	1	360	0.011	13.3	13	11.17	8.76	0	8	5	
2019-07-11 04:20:00	57.34299	18.05454	13	10	0	1	350	0.011	13.3	13	11.319	8.78	0	8	5	
2019-07-11 04:30:00	57.34308	18.05394	41	11	0	1	380	0.009	13.4	14	11.336	8.78	0	8	5	
2019-07-11 04:40:00	57.34302	18.05424	11	12	0	1	350	0.011	13.3	13	11.34	8.78	0	8	5	
2019-07-11 04:50:00	57.34323	18.05469	11	13	0	1	350	0.009	13.4	13	11.38	8.78	0	8	5	
2019-07-11 05:00:00	57.34347	18.05415	12	14	0	1	350	0.009	13.4	13	11.421	8.79	0	8	5	
2019-07-11 05:10:00	57.34302	18.05295	11	15	0	1	350	0.011	13.4	14	11.356	8.79	0	8	5	
2019-07-11 05:20:00	57.34377	18.05385	12	16	0	1	350	0.011	13.4	14	11.447	8.79	0	8	5	
2019-07-11 05:30:00	57.34407	18.0546	12	17	0	1	350	0.009	13.4	14	11.396	8.78	0	8	5	
2019-07-11 05:40:00	57.3444	18.05436	12	18	0	1	350	0.011	13.4	14	11.439	8.79	0	8	5	
2019-07-11 05:50:00	57.3447	18.05403	12	19	0	1	350	0.009	13.4	14	11.495	8.81	0	8	5	
2019-07-11 06:00:00	57.34515	18.0537	11	20	0	3	350	0.009	13.4	14	11.597	8.82	0	8	5	
2019-07-11 06:10:00	57.34548	18.05337	11	21	0	1	350	0.009	13.4	14	11.687	8.84	0	8	5	
2019-07-11 06:20:00	57.34575	18.05319	12	22	0	1	350	0.011	13.4	14	11.849	8.87	0	8	5	
2019-07-11 06:30:00	57.34644	18.05271	12	23	0	1	350	0.011	13.4	15	11.921	8.88	0	8	5	
2019-07-11 06:40:00	57.34749	18.05193	11	24	0	1	350	0.009	13.5	15	11.948	8.89	0	8	5	
2019-07-11 06:50:00	57.34845	18.05127	12	25	0	2	360	0.011	13.4	15	11.97	8.89	0	8	5	
2019-07-11 07:00:00	57.34959	18.05046	12	26	0	1	350	0.009	13.5	15	11.974	8.89	0	8	5	
2019-07-11 07:10:00	57.35064	18.05022	12	27	0	2	50	0.009	13.5	15	12.115	8.92	1	8	0	
2019-07-11 07:20:00	57.35181	18.04992	11	28	0	1	350	0.011	13.5	15	12.153	8.92	0	8	5	
2019-07-11 07:30:00	57.35325	18.04986	11	29	0	1	350	0.009	13.5	15	12.267	8.94	0	8	5	
2019-07-11 07:40:00	57.3546	18.05085	13	30	0	2	350	0.009	13.5	16	12.376	8.96	0	8	5	
2019-07-11 07:50:00	57.35571	18.05262	12	31	0	1	350	0.009	13.5	16	12.459	8.97	0	8	5	
2019-07-11 08:00:00	57.35709	18.05382	40	32	0	1	380	0.011	13.5	17	12.567	8.99	0	8	5	
2019-07-11 08:10:00	57.35826	18.05559	11	33	0	1	350	0.009	13.4	16	12.706	9.02	0	8	5	
2019-07-11 08:20:00	57.35877	18.05805	11	34	0	1	350	0.011	13.5	16	12.81	9.03	0	8	5	
2019-07-11 08:30:00	57.35979	18.05793	12	35	0	1	350	0.009	13.5	17	12.857	9.04	0	8	5	
2019-07-11 08:40:00	57.36024	18.05769	12	36	0	1	350	0.009	13.6	17	12.92	9.05	0	8	5	
2019-07-11 08:50:00	57.36078	18.05685	11	37	0	1	350	0.011	13.5	17	13.086	9.09	0	8	5	
2019-07-11 09:00:00	57.36195	18.05502	12	38	0	1	360	0.009	13.6	17	13.108	9.1	0	8	5	
2019-07-11 09:10:00	57.36318	18.05409	11	39	0	2	350	0.009	13.6	17	13.231	9.12	0	8	5	
2019-07-11 09:20:00	57.36462	18.05535	12	40	0	1	350	0.009	13.6	18	13.235	9.12	0	8	5	
2019-07-11 09:30:00	57.36555	18.05505	11	41	0	1	350	0.011	13.7	18	13.255	9.13	0	8	5	
2019-07-11 09:40:00	57.36624	18.05481	11	42	0	1	350	0.009	14.1	18	13.415	9.16	0	8	5	
2019-07-11 09:50:00	57.36732	18.05457	12	43	1	1	20	0.009	14	19	13.253	9.12	9		0	
2019-07-11 10:00:00	57.36873	18.05421	12	44	0	1	20	0.009	13.9	18	12.933	9.05	9		0	
2019-07-11 10:10:00	57.37011	18.05463	12	45	0	1	20	0.011	13.9	17	12.848	9.04	9		0	
2019-07-11 12:06:41	57.36327	18.06372	23	0	0	0	370	0.011	14.1	19	13.677	9.22	0	8	5	
2019-07-11 12:20:00	57.36489	18.06546	12	1	1	1	350	0.009	14.1	18	13.623	9.2	0	8	5	
2019-07-11 12:30:00	57.36636	18.06618	11	2	0	1	350	0.009	14	18	13.354	9.14	0	8	5	
2019-07-11 12:40:00	57.36789	18.06768	11	3	0	3	350	0.009	14	18	13.479	9.17	0	8	5	
2019-07-11 12:50:00	57.36948	18.06954	11	4	0	1	350	0.009	14.2	18	13.4	9.15	0	8	5	
2019-07-11 13:00:00	57.37131	18.07251	11	5	0	1	350	0.009	14	17	13.163	9.1	0	8	5	
2019-07-11 13:10:00	57.37287	18.07542	11	6	0	1	350	0.009	14.1	17	13.227	9.11	0	8	5	
2019-07-11 13:20:00	57.37407	18.07776	11	7	0	1	350	0.009	13.9	17	13.395	9.15	0	8	5	
2019-07-11 13:30:00	57.37488	18.07968	12	8	0	1	350	0.009	14.1	16	13.395	9.15	0	8	5	
2019-07-11 13:40:00	57.37578	18.08193	12	9	0	1	350	0.009	14	16	13.317	9.13	0	8	5	
2019-07-11 13:50:00	57.37683	18.08466	12	10	0	1	360	0.009	14	16	12.867	9.03	0	8	5	
2019-07-11 14:00:00	57.37767	18.08721	12	11	0	1	350	0.009	14.1	16	12.68	9	0	8	5	
2019-07-11 14:10:00	57.37833	18.08979	13	12	0	1	350	0.009	14.2	16	12.525	8.99	0	8	5	
2019-07-11 14:20:00	57.37857	18.09171	13	13	0	1	350	0.009	14.1	16	12.404	8.98	0	8	5	
2019-07-11 14:30:00	57.37773	18.08997	15	14	0	1	360	0.009	14.1	15	12.404	8.97	0	8	5	
2019-07-11 14:40:00	57.37722	18.08703	42	15	0	1	380	0.009	14.1	16	12.5	8.98	0	8	5	
2019-07-11 14:50:00	57.37665	18.0852	11	16	0	1	360	0.009	14.1	15	12.5	8.96	0	8	5	
2019-07-11 15:00:00	57.37614	18.08292	12	17	0	1	360	0.009	14.1	15	12.571	8.97	0	8	5	
2019-07-11 15:10:00	57.3756	18.08052	11	18	0	1	350	0.009	14.1	15	12.634	8.98	0	8	5	
2019-07-11 15:20:00	57.37479	18.07842	11	19	0	1	350	0.009	14.1	15	12.813	9.02	0	8	5	
2019-07-11 15:30:00	57.37401	18.0759	11	20	0	1	350	0.009	14.1	15	12.883	9.04	0	8	5	
2019-07-11 15:40:00	57.37338	18.07284	11	21	0	1	360	0.009	14.2	15	12.896	9.04	0	8	5	
2019-07-11 15:50:00	57.37281	18.06954	11	22	0	1	350	0.009	14.2	15	12.949	9.06	0	8	5	
2019-07-11 16:00:00	57.37209	18.06669	12	23	0	1	350	0.009	14.1	15	12.991	9.07	0	8	5	
2019-07-11 16:10:00	57.37155	18.06348	11	24	0	1	350	0.009	14.2	15	13.062	9.09	0	8	5	
2019-07-11 16:20:00	57.37095	18.06078	12	25	0	1	350	0.009	14.1	15	13.121	9.1	0	8	5	
2019-07-11 16:30:00	57.37041	18.0573	13	26	0	1	350	0.009	14.1	15	13.226	9.12	0	8	5	
2019-07-11 16:40:00	57.37026	18.05289	12	27	0	1	350	0.009	14.1	15	13.277	9.13	0	8	5	
2019-07-11 16:50:00	57.3705	18.04827	12	28	0	1	350	0.009	14	15	13.285	9.14	0	8	5	
2019-07-11 17:00:00	57.37077	18.04335	12	29	0	1	350	0.009	13.9	15	13.286	9.14	0	8	5	
2019-07-11 17:10:00	57.37134	18.03819	12	30	0	2	350	0.009	13.9	16	12.848	9.05	0	8	5	
2019-07-11 17:20:00	57.37221	18.033	13	31	0	1	350	0.009	13.9	15	12.873	9.06	0	8	5	
2019-07-11 17:30:00	57.37311	18.02868	12	32	0	1	350	0.009	13.8	15	12.856	9.05	0	8	5	
2019-07-11 17:40:00	57.37422	18.02421	13	33	0	1	350	0.009	13.7	15	12.884	9.06	0	8	5	
2019-07-11 17:50:00	57.37521	18.02046	12	34	0	2	350	0.009	13.7	15	12.781	9.04	0	8	5	
2019-07-11 18:00:00	57.37623	18.01704	41	35	0	1	380	0.009	13.6	15	12.788	9.04	0	8	5	
2019-07-11 18:10:00	57.37674	18.01659	11	36	0	1	350	0.009	13.6	15	12.801	9.04	0	8	5	
2019-07-11 18:20:00	57.3777	18.01617	12	37	0	1	350	0.009	13.5	15	12.784	9.04	0	8	5	
2019-07-11 18:30:00	57.37818	18.01347	11	38	0	1	350	0.009	13.5	15	12.83	9.05	0	8	5	
2019-07-11 18:40:00	57.37929	18.00993	11	39	0	1	350	0.009	13.5	15	12.764	9.04	0	8	5	
2019-07-11 18:50:00	57.38046	18.00648	11	40	0	1	360	0.009	13.5	15	12.822	9.05	0	8	5	
2019-07-11 19:00:00	57.38169	18.00282	11	41	0	1	350	0.009	13.4	14	12.848	9.06	0	8	5	
2019-07-11 19:10:00	57.38253	17.99949	12	42	0	1	350	0.009	13.4	14	12.867	9.08	0	8	5	
2019-07-11 19:20:00	57.38415	17.99544	12	43	0	2	350	0.009	13.4	14	13.019	9.12	0	8	5	
2019-07-11 19:30:00	57.38583	17.99115	12	44	0	1	350	0.009	13.4	14	13.16	9.13	0	8	5	
2019-07-11 19:40:00	57.38724	17.98788	12	45	0	1	350	0.009	13.4	14	13.137	9.14	0	8	5	
2019-07-11 19:50:00	57.38811	17.98539	18	46	0	2	360	0.009	13.4	14	13.282	9.21	0	8	5	
2019-07-11 20:00:00	57.38913	17.98257	12	47	0	1	350	0.009	13.3	14	13.4	9.24	0	8	5	
2019-07-11 20:10:00	57.39027	17.97936	12	48	0	1	350	0.009	13.3	14	13.406	9.23	0	8	5	
2019-07-11 20:20:00	57.39147	17.97534	12	49	0	1	350	0.009	13.3	14	13.251	9.16	0	8	5	
2019-07-11 20:30:00	57.39243	17.9712	41	50	0	1	380	0.009	13.3	15	13.198	9.09	0	8	5	
2019-07-11 20:40:00	57.39354	17.9673	11	51	0	1	350	0.009	13.3	14	13.469	9.14	0	8	5	
2019-07-11 20:50:00	57.39471	17.96439	11	52	0	1	350	0.009	13.3	14	13.706	9.19	0	8	5	
2019-07-11 21:00:00	57.39594	17.9619	11	53	0	1	350	0.009	13.3	14	13.835	9.22	0	8	5	
2019-07-11 21:10:00	57.39708	17.95974	11	54	0	1	350	0.009	13.3	14	13.886	9.23	0	8	5	
2019-07-11 21:20:00	57.39795	17.95779	12	55	0	1	350	0.009	13.3	15	13.899	9.23	0	8	5	
2019-07-11 21:30:00	57.39888	17.95584	11	56	0	1	350	0.009	13.3	15	13.899	9.23	0	8	5	
2019-07-11 21:40:00	57.39939	17.95425	12	57	0	1	350	0.011	13.3	15	13.896	9.23	0	8	5	
2019-07-11 22:00:00	57.40092	17.95101	12	59	0		350	0.009	13.3	15	13.884	9.23	0	8	5	
2019-07-11 22:10:00	57.4017	17.94984	11	0	0	1	350	0.009	13.3	15	13.897	9.23	0	8	5	
2019-07-11 22:20:00	57.40257	17.94789	11	1	0	1	350	0.009	13.3	15	13.922	9.24	0	8	5	
2019-07-11 22:30:00	57.40395	17.9463	11	2	0	1	350	0.009	13.3	15	13.919	9.24	0	8	5	
2019-07-11 22:40:00	57.40524	17.94486	12	3	0	1	350	0.009	13.3	15	13.896	9.23	0	8	5	
2019-07-11 22:50:00	57.40635	17.94339	12	4	0	1	360	0.009	13.3	15	13.892	9.23	0	8	5	
2019-07-11 23:00:00	57.40737	17.94234	22	5	0	1	70	0.009	13.3	15	13.889	9.23	1	8	0	
2019-07-11 23:10:00	57.40797	17.94078	41	6	0	1	380	0.009	13.3	15	13.902	9.24	0	8	5	
2019-07-11 23:20:00	57.40887	17.9397	11	7	0	1	360	0.009	13.3	15	13.916	9.24	0	8	5	
2019-07-11 23:30:00	57.4098	17.93844	12	8	0	1	350	0.009	13.3	15	13.913	9.24	0	8	5	
2019-07-11 23:40:00	57.41091	17.93721	12	9	0	1	350	0.009	13.3	15	13.882	9.24	0	8	5	
2019-07-11 23:50:00	57.41232	17.93586	11	10	0	1	350	0.009	13.3	15	13.746	9.22	0	8	5	
2019-07-12 00:00:00	57.41412	17.93358	12	11	0	1	350	0.009	13.3	15	13.423	9.17	0	8	5	
2019-07-12 00:10:00	57.4155	17.92956	11	12	0	2	350	0.009	13.3	15	13.476	9.17	0	8	5	
2019-07-12 00:20:00	57.41628	17.92536	12	13	0	1	350	0.009	13.3	15	13.606	9.22	0	8	5	
2019-07-12 00:30:00	57.41679	17.92083	12	14	0	1	350	0.009	13.3	15	13.826	9.24	0	8	5	
2019-07-12 00:40:00	57.41709	17.91567	12	15	0	1	360	0.009	13.3	15	14.04	9.27	0	8	5	
2019-07-12 00:50:00	57.41673	17.91183	12	16	0	1	350	0.009	13.3	15	13.933	9.24	0	8	5	
2019-07-12 01:00:00	57.41568	17.90574	12	17	0	1	350	0.009	13.3	15	14.2	9.06	0	8	5	
2019-07-12 01:10:00	57.41415	17.89941	12	18	0	1	350	0.009	13.3	15	14.368	9.04	0	8	5	
2019-07-12 01:20:00	57.41241	17.8929	12	19	0	1	350	0.009	13.3	15	14.628	9.08	0	8	5	
2019-07-12 01:30:00	57.41106	17.88771	14	20	0	1	360	0.009	13.3	15	14.757	9.08	0	8	5	
2019-07-12 01:40:00	57.4098	17.8815	41	21	0	1	380	0.009	13.3	16	14.963	9.11	0	8	5	
2019-07-12 01:50:00	57.40866	17.87607	11	22	0	3	350	0.009	13.3	16	15.115	9.15	0	8	5	
2019-07-12 02:00:00	57.40671	17.86926	11	23	0	1	350	0.009	13.3	15	15.219	9.17	0	8	5	
2019-07-12 02:10:00	57.40572	17.8629	12	24	0	1	350	0.009	13.3	16	15.3	9.2	0	8	5	
2019-07-12 02:20:00	57.40497	17.85729	12	25	0	1	350	0.009	13.3	16	15.365	9.22	0	8	5	
2019-07-12 02:30:00	57.40437	17.85138	12	26	0	1	350	0.009	13.3	16	15.42	9.24	0	8	5	
2019-07-12 02:40:00	57.40371	17.84562	12	27	0	1	360	0.009	13.3	16	15.457	9.24	0	8	5	
2019-07-12 02:50:00	57.40275	17.84028	12	28	0	1	350	0.009	13.3	16	15.483	9.24	0	8	5	
2019-07-12 03:00:00	57.40227	17.83473	12	29	0	1	360	0.009	13.3	16	15.506	9.25	0	8	5	
2019-07-12 03:10:00	57.4023	17.82939	12	30	0	1	350	0.009	13.3	16	15.518	9.26	0	8	5	
2019-07-12 03:20:00	57.40227	17.82429	12	31	0	1	350	0.009	13.3	16	15.494	9.25	0	8	5	
2019-07-12 03:30:00	57.40254	17.81811	12	32	0	1	350	0.009	13.3	16	15.384	9.2	0	8	5	
2019-07-12 03:40:00	57.40239	17.81214	11	33	0	1	350	0.009	13.3	16	15.286	9.15	0	8	5	
2019-07-12 03:50:00	57.40176	17.80653	12	34	0	1	350	0.009	13.3	16	15.113	9.06	0	8	5	
2019-07-12 04:00:00	57.40164	17.80224	40	35	0	1	380	0.009	13.3	17	15.067	9.03	0	8	5	
2019-07-12 04:10:00	57.40164	17.79852	11	36	0	1	350	0.009	13.3	17	15.006	9.01	0	8	5	
2019-07-12 04:20:00	57.40167	17.79336	11	37	0	1	350	0.009	13.3	16	14.981	9	0	8	5	
2019-07-12 04:30:00	57.40161	17.78874	12	38	0	1	350	0.009	13.4	16	14.942	8.97	0	8	5	
2019-07-12 04:40:00	57.40152	17.78385	11	39	0	1	350	0.009	13.3	16	14.816	8.93	0	8	5	
2019-07-12 04:50:00	57.40173	17.77791	12	40	0	1	360	0.009	13.4	16	14.867	8.93	0	8	5	
2019-07-12 05:00:00	57.40188	17.77182	12	41	0	1	360	0.009	13.4	17	14.886	8.94	0	8	5	
2019-07-12 05:10:00	57.40203	17.7657	13	42	0	1	350	0.011	13.4	16	14.922	8.96	0	8	5	
2019-07-12 05:20:00	57.40209	17.75931	41	43	0	1	380	0.009	13.4	17	14.916	8.96	0	8	5	
2019-07-12 05:30:00	57.40263	17.75385	12	44	0	2	350	0.009	13.4	17	14.92	8.98	0	8	5	
2019-07-12 05:40:00	57.40305	17.74872	12	45	0	1	350	0.009	13.4	17	14.93	8.98	0	8	5	
2019-07-12 05:50:00	57.4035	17.7435	12	46	0	1	350	0.009	13.4	17	14.93	8.97	0	8	5	
2019-07-12 06:00:00	57.40425	17.73831	12	47	0	2	350	0.009	13.4	17	14.969	8.98	0	8	5	
2019-07-12 06:10:00	57.40446	17.73318	11	48	0	1	350	0.011	13.4	17	15.005	9	0	8	5	
2019-07-12 06:20:00	57.40506	17.7276	11	49	0	1	350	0.009	13.5	17	15.036	9.03	0	8	5	
2019-07-12 06:30:00	57.40554	17.72328	12	50	0	1	350	0.009	13.5	17	15.049	9.05	0	8	5	
2019-07-12 06:40:00	57.40596	17.71914	11	51	0	1	350	0.009	13.5	17	15.193	9.13	0	8	5	
2019-07-12 06:50:00	57.40644	17.71368	12	52	0	1	360	0.009	13.5	17	15.358	9.22	0	8	5	
2019-07-12 07:00:00	57.40776	17.70867	12	53	0	2	350	0.009	13.5	17	15.394	9.24	0	8	5	
2019-07-12 07:10:00	57.40905	17.7036	12	54	0	1	350	0.009	13.5	17	15.403	9.25	0	8	5	
2019-07-12 07:20:00	57.41019	17.69904	12	55	0	1	350	0.009	13.5	18	15.442	9.26	0	8	5	
2019-07-12 07:30:00	57.41109	17.69484	13	56	0	1	350	0.009	13.5	18	15.469	9.27	0	8	5	
2019-07-12 07:40:00	57.41244	17.69049	12	57	0	1	350	0.009	13.5	18	15.481	9.26	0	8	5	
2019-07-12 07:50:00	57.41415	17.68665	13	58	0	1	350	0.009	13.6	18	15.514	9.27	0	8	5	
2019-07-12 08:00:00	57.41583	17.68299	40	59	0	1	380	0.009	13.6	18	15.53	9.27	0	8	5	
2019-07-12 08:10:00	57.41763	17.67957	11	0	0	1	350	0.009	13.9	18	15.564	9.28	0	8	5	
2019-07-12 08:20:00	57.41934	17.67492	11	1	0	1	350	0.009	13.9	18	15.584	9.28	0	8	5	
2019-07-12 08:30:00	57.42087	17.67048	11	2	0	1	350	0.009	14	18	15.534	9.25	0	8	5	
2019-07-12 08:40:00	57.42279	17.66703	11	3	0	1	350	0.009	14	18	15.6	9.27	0	8	5	
2019-07-12 08:50:00	57.42465	17.66313	12	4	0	1	350	0.009	14	19	15.597	9.25	0	8	5	
2019-07-12 09:00:00	57.42657	17.65911	11	5	0	1	350	0.009	14	19	15.663	9.26	0	8	5	
2019-07-12 09:10:00	57.42837	17.65479	11	6	0	1	350	0.009	14	19	15.73	9.28	0	8	5	
2019-07-12 09:20:00	57.43011	17.65077	11	7	0	1	350	0.009	14	19	15.686	9.28	0	8	5	
2019-07-12 09:30:00	57.43158	17.64645	12	8	0	1	350	0.009	13.9	19	15.735	9.31	0	8	5	
2019-07-12 09:40:00	57.43344	17.64219	12	9	0	1	350	0.009	13.9	19	15.8	9.34	0	8	5	
2019-07-12 09:50:00	57.43542	17.63802	12	10	0	1	350	0.009	13.9	19	15.766	9.33	0	8	5	
2019-07-12 10:00:00	57.43761	17.63298	137	11	0	3	480	0.011	13.9	20	15.79	9.34	0	8	5	
2019-07-12 10:10:00	57.43884	17.63025	11	12	0	1	350	0.009	14	19	15.872	9.37	0	8	5	
2019-07-12 10:20:00	57.44052	17.62668	11	13	0	1	350	0.009	14	19	15.875	9.38	0	8	5	
2019-07-12 10:30:00	57.44253	17.62353	11	14	0	1	350	0.009	14	19	15.977	9.4	0	8	5	
2019-07-12 10:40:00	57.44478	17.62077	11	15	0	1	350	0.009	13.9	19	16.073	9.43	0	8	5	
2019-07-12 10:50:00	57.44706	17.61846	12	16	0	1	350	0.009	13.9	19	16.065	9.44	0	8	5	
2019-07-12 11:00:00	57.44916	17.61657	12	17	0	1	350	0.009	13.9	19	16.195	9.47	0	8	5	
2019-07-12 11:10:00	57.45153	17.61477	12	18	0	3	350	0.009	13.9	20	16.234	9.49	0	8	5	
2019-07-12 11:20:00	57.45345	17.61285	12	19	0	1	350	0.009	13.9	20	16.35	9.52	0	8	5	
2019-07-12 11:30:00	57.45468	17.61117	12	20	0	1	350	0.009	13.9	20	16.407	9.54	0	8	5	
2019-07-12 11:40:00	57.45639	17.60946	12	21	0	1	350	0.009	14	20	16.485	9.56	0	8	5	
2019-07-12 11:50:00	57.4587	17.60721	12	22	0	1	350	0.009	14	20	16.519	9.57	0	8	5	
2019-07-12 12:00:00	57.46122	17.60463	41	23	0	1	380	0.009	14	21	16.558	9.58	0	8	5	
2019-07-12 12:10:00	57.46365	17.60256	12	24	0	1	350	0.009	14	20	16.654	9.61	0	8	5	
2019-07-12 12:20:00	57.46626	17.59998	12	25	0	1	350	0.009	13.9	20	16.637	9.63	0	8	5	
2019-07-12 12:30:00	57.4686	17.5971	11	26	0	1	350	0.009	13.9	20	16.738	9.66	0	8	5	
2019-07-12 12:40:00	57.47079	17.59407	12	27	0	2	350	0.009	14	20	16.789	9.68	0	8	5	
2019-07-12 12:50:00	57.47256	17.59197	11	28	0	1	350	0.009	14	20	16.769	9.7	0	8	5	
2019-07-12 13:00:00	57.47388	17.59029	11	29	0	3	350	0.009	14	20	16.867	9.72	0	8	5	
2019-07-12 13:20:00	57.47706	17.58642	11	31	0		350	0.009	14	20	16.903	9.75	0	8	5	
2019-07-12 13:30:00	57.47856	17.58393	12	32	0	1	360	0.009	14	20	16.951	9.76	0	8	5	
2019-07-12 13:40:00	57.48045	17.58183	12	33	0	1	350	0.009	14	20	16.993	9.78	0	8	5	
2019-07-12 13:50:00	57.48285	17.57889	12	34	0	1	350	0.009	14	20	17.08	9.81	0	8	5	
2019-07-12 14:00:00	57.48504	17.57658	22	35	0	2	360	0.009	14	20	16.999	9.81	0	8	5	
2019-07-12 14:10:00	57.48414	17.5806	41	36	0	1	380	0.009	13.9	20	17.099	9.82	0	8	5	
2019-07-12 14:20:00	57.48312	17.58603	12	37	0	1	350	0.009	14	20	16.968	9.78	0	8	5	
2019-07-12 14:30:00	57.48153	17.59155	12	38	0	1	350	0.009	14	19	16.908	9.76	0	8	5	
2019-07-12 14:40:00	57.4803	17.59623	12	39	0	1	350	0.009	14	19	16.89	9.73	0	8	5	
2019-07-12 14:50:00	57.47895	17.60079	12	40	0	1	350	0.009	14	19	16.847	9.71	0	8	5	
2019-07-12 15:00:00	57.47787	17.60484	12	41	0	1	360	0.009	14	19	16.835	9.7	0	8	5	
2019-07-12 15:10:00	57.47673	17.6088	12	42	0	1	350	0.009	14	19	16.801	9.68	0	8	5	
2019-07-12 15:20:00	57.47487	17.61312	12	43	0	1	350	0.009	14	19	16.794	9.67	0	8	5	
2019-07-12 15:30:00	57.47331	17.61762	12	44	0	1	350	0.009	14	19	16.76	9.65	0	8	5	
2019-07-12 15:40:00	57.4719	17.62269	12	45	0	1	350	0.009	14	19	16.661	9.62	0	8	5	
2019-07-12 15:50:00	57.47058	17.62728	12	46	0	1	350	0.009	14.1	19	16.586	9.59	0	8	5	
2019-07-12 16:00:00	57.46935	17.63202	12	47	0	1	350	0.009	14.2	19	16.509	9.56	0	8	5	
2019-07-12 16:10:00	57.46779	17.6373	12	48	0	1	350	0.009	14.1	19	16.429	9.53	0	8	5	
2019-07-12 16:20:00	57.46632	17.64222	12	49	0	2	350	0.009	14.1	19	16.278	9.5	0	8	5	
2019-07-12 16:30:00	57.46491	17.64543	12	50	0	1	350	0.009	14.1	19	16.286	9.48	0	8	5	
2019-07-12 16:40:00	57.46365	17.64906	12	51	0	1	360	0.009	14	18	16.182	9.45	0	8	5	
2019-07-12 16:50:00	57.46491	17.6457	12	52	0	3	350	0.009	14	18	16.265	9.47	0	8	5	
2019-07-12 17:00:00	57.46722	17.64141	12	53	0	1	350	0.009	13.9	18	16.278	9.49	0	8	5	
2019-07-12 17:10:00	57.46566	17.64396	41	54	0	2	380	0.009	13.8	18	16.267	9.48	0	8	5	
2019-07-12 17:20:00	57.46449	17.6469	12	55	0	1	350	0.009	13.7	18	16.181	9.45	0	8	5	
2019-07-12 17:40:00	57.46239	17.6529	11	57	0		350	0.009	13.6	18	16.129	9.43	0	8	5	
2019-07-12 17:50:00	57.46065	17.65518	11	58	0	1	360	0.009	13.6	18	16.137	9.43	0	8	5	
2019-07-12 18:00:00	57.45891	17.65668	12	59	0	1	350	0.009	13.6	18	16.157	9.43	0	8	5	
2019-07-12 18:10:00	57.45888	17.65368	11	0	0	1	350	0.009	13.5	18	16.185	9.43	0	8	5	
2019-07-12 18:20:00	57.46047	17.65113	11	1	0	1	350	0.009	13.5	18	16.123	9.43	0	8	5	
2019-07-12 18:30:00	57.46206	17.64939	11	2	0	1	350	0.009	13.5	18	16.106	9.43	0	8	5	
2019-07-12 18:40:00	57.46311	17.6475	12	3	0	1	360	0.009	13.5	18	16.115	9.43	0	8	5	
2019-07-12 18:50:00	57.46395	17.64561	11	4	0	1	350	0.009	13.4	18	16.112	9.43	0	8	5	
2019-07-12 19:00:00	57.46524	17.64444	12	5	0	1	350	0.009	13.4	18	16.11	9.42	0	8	5	
2019-07-12 19:10:00	57.46749	17.64417	12	6	0	1	350	0.011	13.4	18	16.096	9.42	0	8	5	
2019-07-12 19:20:00	57.47052	17.64549	14	7	0	1	350	0.009	13.4	18	16.071	9.41	0	8	5	
2019-07-12 19:30:00	57.47406	17.64786	13	8	0	1	350	0.009	13.4	17	16.011	9.4	0	8	5	
2019-07-12 19:40:00	57.47787	17.6502	14	9	0	1	360	0.009	13.4	17	15.977	9.37	0	8	5	
2019-07-12 19:50:00	57.48201	17.65284	41	10	0	1	380	0.009	13.3	18	15.893	9.32	0	8	5	
2019-07-12 20:00:00	57.48555	17.65584	12	11	0	1	350	0.009	13.3	17	15.822	9.27	0	8	5	
2019-07-12 20:10:00	57.48882	17.65875	11	12	0	1	360	0.009	13.3	17	15.709	9.23	0	8	5	
2019-07-12 20:20:00	57.49209	17.66166	12	13	0	1	350	0.009	13.3	17	15.67	9.21	0	8	5	
2019-07-12 20:30:00	57.49527	17.66481	12	14	0	1	350	0.009	13.3	17	15.678	9.19	0	8	5	
2019-07-12 20:40:00	57.49848	17.66901	12	15	0	1	350	0.009	13.3	17	15.649	9.19	0	8	5	
2019-07-12 20:50:00	57.50142	17.67345	13	16	0	1	350	0.009	13.3	17	15.573	9.17	0	8	5	
2019-07-12 21:00:00	57.50436	17.67714	13	17	0	1	350	0.009	13.3	17	15.556	9.17	0	8	5	
2019-07-12 21:10:00	57.50757	17.68059	12	18	0	1	350	0.009	13.3	17	15.586	9.19	0	8	5	
2019-07-12 21:20:00	57.51039	17.68398	12	19	0	3	350	0.009	13.3	17	15.598	9.2	0	8	5	
2019-07-12 21:30:00	57.513	17.68728	16	20	0	3	360	0.009	13.3	17	15.643	9.22	0	8	5	
2019-07-12 21:40:00	57.51609	17.69133	12	21	0	1	350	0.009	13.3	17	15.665	9.24	0	8	5	
2019-07-12 21:50:00	57.51942	17.69544	12	22	0	1	350	0.009	13.3	17	15.598	9.23	0	8	5	
2019-07-12 22:00:00	57.52224	17.69985	40	23	0	1	380	0.011	13.3	17	15.623	9.25	0	8	5	
2019-07-12 22:10:00	57.52452	17.70372	11	24	0	1	350	0.009	13.3	17	15.777	9.3	0	8	5	
2019-07-12 22:20:00	57.52683	17.70855	12	25	0	1	350	0.009	13.3	17	15.761	9.28	0	8	5	
2019-07-12 22:30:00	57.52929	17.71323	12	26	0	1	350	0.009	13.3	17	15.738	9.28	0	8	5	
2019-07-12 22:40:00	57.53169	17.71824	41	27	0	2	380	0.009	13.3	17	15.701	9.25	0	8	5	
2019-07-12 22:50:00	57.53334	17.72244	12	28	0	1	350	0.009	13.3	17	15.641	9.23	0	8	5	
2019-07-12 23:00:00	57.53472	17.72703	12	29	0	1	360	0.009	13.3	17	15.572	9.22	0	8	5	
2019-07-12 23:10:00	57.5358	17.7309	12	30	0	1	350	0.009	13.3	17	15.58	9.21	0	8	5	
2019-07-12 23:20:00	57.5364	17.73456	12	31	0	1	350	0.009	13.3	17	15.584	9.21	0	8	5	
2019-07-12 23:30:00	57.53745	17.73822	12	32	0	1	350	0.009	13.3	17	15.585	9.21	0	8	5	
2019-07-12 23:40:00	57.53796	17.74203	12	33	0	1	350	0.009	13.3	17	15.581	9.21	0	8	5	
2019-07-12 23:50:00	57.53838	17.74698	13	34	0	1	350	0.009	13.3	17	15.579	9.21	0	8	5	
2019-07-13 00:00:00	57.53862	17.75136	12	35	0	1	350	0.009	13.3	17	15.53	9.2	0	8	5	
2019-07-13 00:10:00	57.53898	17.75529	12	36	0	1	350	0.009	13.3	17	15.523	9.2	0	8	5	
2019-07-13 00:20:00	57.53928	17.7597	12	37	0	1	350	0.011	13.3	17	15.539	9.21	0	8	5	
2019-07-13 00:30:00	57.53925	17.76417	12	38	0	1	350	0.009	13.3	17	15.507	9.2	0	8	5	
2019-07-13 00:40:00	57.53904	17.76909	12	39	0	1	350	0.009	13.3	17	15.469	9.19	0	8	5	
2019-07-13 00:50:00	57.53874	17.77413	12	40	0	1	350	0.009	13.3	17	15.413	9.17	0	8	5	
2019-07-13 01:00:00	57.53829	17.77854	13	41	0	1	350	0.009	13.3	17	15.353	9.15	0	8	5	
2019-07-13 01:10:00	57.53895	17.77878	12	42	0	1	350	0.009	13.3	17	15.394	9.17	0	8	5	
2019-07-13 01:20:00	57.53913	17.77806	12	43	0	1	350	0.009	13.3	17	15.425	9.18	0	8	5	
2019-07-13 01:30:00	57.54072	17.77791	14	44	0	1	360	0.009	13.3	17	15.462	9.19	0	8	5	
2019-07-13 01:40:00	57.54198	17.778	13	45	0	1	350	0.009	13.3	17	15.476	9.19	0	8	5	
2019-07-13 01:50:00	57.54207	17.77458	41	46	0	1	380	0.009	13.3	17	15.464	9.2	0	8	5	
2019-07-13 02:00:00	57.54243	17.77083	11	47	0	3	350	0.009	13.3	17	15.498	9.2	0	8	5	
2019-07-13 02:10:00	57.5427	17.76645	11	48	0	1	350	0.009	13.3	17	15.533	9.2	0	8	5	
2019-07-13 02:20:00	57.54321	17.76204	12	49	0	1	350	0.009	13.3	17	15.537	9.2	0	8	5	
2019-07-13 02:30:00	57.54408	17.75763	11	50	0	1	350	0.009	13.3	17	15.546	9.22	0	8	5	
2019-07-13 02:40:00	57.54438	17.75256	12	51	0	1	350	0.009	13.3	17	15.589	9.23	0	8	5	
2019-07-13 02:50:00	57.54489	17.74761	12	52	0	2	350	0.009	13.3	17	15.61	9.25	0	8	5	
2019-07-13 03:00:00	57.54546	17.7432	12	53	0	1	350	0.009	13.3	17	15.622	9.26	0	8	5	
2019-07-13 03:10:00	57.54693	17.73936	12	54	0	1	350	0.009	13.3	17	15.646	9.27	0	8	5	
2019-07-13 03:20:00	57.54837	17.73504	12	55	0	1	350	0.009	13.3	17	15.56	9.25	0	8	5	
2019-07-13 03:30:00	57.55113	17.7336	12	56	0	2	350	0.009	13.3	17	15.508	9.23	0	8	5	
2019-07-13 03:40:00	57.55401	17.7318	12	57	0	1	350	0.009	13.3	17	15.508	9.23	0	8	5	
2019-07-13 03:50:00	57.55605	17.72895	12	58	0	1	350	0.009	13.3	17	15.57	9.25	0	8	5	
2019-07-13 04:00:00	57.5583	17.72661	40	59	0	1	380	0.009	13.3	17	15.599	9.24	0	8	5	
2019-07-13 04:10:00	57.56019	17.72361	11	0	0	1	350	0.009	13.3	17	15.633	9.24	0	8	5	
2019-07-13 04:20:00	57.56226	17.71986	11	1	0	1	350	0.009	13.3	17	15.595	9.23	0	8	5	
2019-07-13 04:30:00	57.56433	17.71566	12	2	0	1	350	0.009	13.4	17	15.594	9.23	0	8	5	
2019-07-13 04:40:00	57.56562	17.71146	12	3	0	1	350	0.009	13.4	17	15.636	9.25	0	8	5	
2019-07-13 04:50:00	57.56787	17.70834	15	4	0	1	360	0.009	13.4	17	15.655	9.27	0	8	5	
2019-07-13 05:00:00	57.56952	17.70363	20	5	0	1	370	0.009	13.4	17	15.679	9.29	0	8	5	
2019-07-13 05:10:00	57.5715	17.69922	41	6	0	1	380	0.009	13.4	18	15.724	9.32	0	8	5	
2019-07-13 05:20:00	57.57321	17.69481	12	7	0	1	350	0.009	13.4	18	15.733	9.34	0	8	5	
2019-07-13 05:30:00	57.57456	17.68923	12	8	0	1	350	0.009	13.4	18	15.767	9.36	0	8	5	
2019-07-13 05:40:00	57.57609	17.68413	12	9	0	1	350	0.009	13.4	18	15.823	9.39	0	8	5	
2019-07-13 05:50:00	57.57789	17.67981	12	10	0	1	350	0.009	13.4	18	15.887	9.42	0	8	5	
2019-07-13 06:00:00	57.58002	17.67534	12	11	0	1	350	0.009	13.4	18	15.927	9.43	0	8	5	
2019-07-13 06:20:00	57.58371	17.667	12	13	0		350	0.009	13.5	19	16.028	9.49	0	8	5	
2019-07-13 06:30:00	57.58458	17.66244	12	14	0	1	350	0.009	13.5	19	16.037	9.48	0	8	5	
2019-07-13 06:40:00	57.58599	17.65887	12	15	0	1	350	0.009	13.5	19	16.072	9.49	0	8	5	
2019-07-13 06:50:00	57.58788	17.65569	12	16	0	1	350	0.009	13.5	19	16.075	9.5	0	8	5	
2019-07-13 07:00:00	57.58896	17.6517	12	17	0	1	350	0.009	13.5	20	16.089	9.5	0	8	5	
2019-07-13 07:10:00	57.58962	17.64627	12	18	0	1	350	0.009	13.4	20	16.117	9.5	0	8	5	
2019-07-13 07:20:00	57.59025	17.64117	12	19	0	1	350	0.009	13.5	20	16.137	9.51	0	8	5	
2019-07-13 07:30:00	57.59088	17.63628	37	20	0	1	380	0.009	13.5	20	16.115	9.5	0	8	5	
2019-07-13 07:40:00	57.5907	17.63205	12	21	0	1	350	0.011	13.5	20	16.146	9.5	0	8	5	
2019-07-13 07:50:00	57.59229	17.63214	12	22	0	1	350	0.011	13.5	20	16.163	9.51	0	8	5	
2019-07-13 08:00:00	57.59406	17.63208	12	23	0	1	350	0.011	13.5	20	16.216	9.53	0	8	5	
2019-07-13 08:10:00	57.59544	17.63262	12	24	0	1	350	0.009	13.5	20	16.289	9.55	0	8	5	
2019-07-13 08:20:00	57.59637	17.63286	11	25	0	1	350	0.009	13.5	20	16.348	9.56	0	8	5	
2019-07-13 08:30:00	57.59694	17.63256	11	26	0	1	350	0.009	13.5	20	16.39	9.57	0	8	5	
2019-07-13 08:40:00	57.59802	17.63307	11	27	0	2	350	0.009	13.6	20	16.381	9.57	0	8	5	
2019-07-13 08:50:00	57.59862	17.63274	11	28	0	1	350	0.009	13.6	20	16.422	9.58	0	8	5	
2019-07-13 09:00:00	57.59913	17.63214	11	29	0	1	350	0.009	13.9	20	16.654	9.63	0	8	5	
2019-07-13 09:10:00	57.59958	17.63109	11	30	0	1	360	0.009	14	21	16.834	9.68	0	8	5	
2019-07-13 09:20:00	57.60054	17.62998	12	31	0	1	350	0.009	14	21	17.193	9.75	0	8	5	
2019-07-13 09:30:00	57.60168	17.6286	11	32	0	1	350	0.009	14	22	16.877	9.69	0	8	5	
2019-07-13 09:40:00	57.60243	17.62662	12	33	0	1	350	0.009	14	23	17.066	9.74	0	8	5	
2019-07-13 10:00:00	57.60354	17.62374	11	35	0		350	0.009	14	23	16.85	9.68	0	8	5	
2019-07-13 10:10:00	57.60393	17.62215	12	36	0	1	350	0.009	14.1	23	17.126	9.74	0	8	5	
2019-07-13 10:20:00	57.60444	17.62062	11	37	0	2	350	0.009	14	23	17.605	9.84	0	8	5	
2019-07-13 10:30:00	57.60441	17.61972	11	38	0	1	350	0.009	14	23	17.653	9.87	0	8	5	
2019-07-13 10:40:00	57.60492	17.61825	12	39	0	1	360	0.009	14	23	18.034	9.95	0	8	5	
2019-07-13 10:50:00	57.60555	17.61681	12	40	0	1	350	0.009	14	23	18.169	9.97	0	8	5	
2019-07-13 11:00:00	57.6054	17.61555	12	41	0	1	350	0.009	14	23	18.368	10.02	0	8	5	
2019-07-13 11:10:00	57.60477	17.61306	12	42	0	1	350	0.009	14.1	24	17.992	9.93	0	8	5	
2019-07-13 11:20:00	57.60369	17.61078	12	43	0	1	70	0.009	14	24	17.608	9.84	1	8	0	
2019-07-13 11:30:00	57.60195	17.60958	14	44	0	1	360	0.009	14.1	23	17.594	9.84	0	8	5	
2019-07-13 11:40:00	57.60006	17.60835	13	45	0	3	350	0.009	14.1	23	17.447	9.81	0	8	5	
2019-07-13 11:50:00	57.60168	17.60331	12	46	0	1	350	0.009	14	23	17.253	9.76	0	8	5	
2019-07-13 12:00:00	57.60486	17.59872	40	47	0	1	380	0.009	14	23	17.079	9.72	0	8	5	
2019-07-13 12:10:00	57.60774	17.59548	12	48	0	1	350	0.009	14	22	17.129	9.73	0	8	5	
2019-07-13 12:20:00	57.61095	17.59182	12	49	0	1	360	0.009	14	22	16.91	9.68	0	8	5	
2019-07-13 12:30:00	57.61422	17.58873	11	50	0	1	350	0.009	14	21	16.931	9.68	0	8	5	
2019-07-13 12:40:00	57.6177	17.58594	11	51	0	1	350	0.009	14	21	16.966	9.7	0	8	5	
2019-07-13 12:50:00	57.6213	17.58297	11	52	0	1	350	0.009	14	21	16.901	9.69	0	8	5	
2019-07-13 13:00:00	57.62499	17.58081	12	53	0	1	350	0.009	14	21	16.833	9.67	0	8	5	
2019-07-13 13:10:00	57.62832	17.57868	12	54	0	1	350	0.009	14	21	16.915	9.69	0	8	5	
2019-07-13 13:20:00	57.63165	17.57637	12	55	0	1	350	0.009	14	20	17.04	9.72	0	8	5	
2019-07-13 13:30:00	57.6351	17.57415	12	56	0	1	360	0.009	14	20	17.136	9.75	0	8	5	
2019-07-13 13:40:00	57.63834	17.57238	12	57	0	1	350	0.009	14	20	17.495	9.83	0	8	5	
2019-07-13 13:50:00	57.64173	17.57097	12	58	0	1	350	0.009	14	20	17.456	9.83	0	8	5	
2019-07-13 14:00:00	57.64506	17.57004	12	59	0	1	350	0.009	14	20	17.486	9.83	0	8	5	
2019-07-13 14:10:00	57.64851	17.5692	12	0	0	1	350	0.009	14	20	17.443	9.83	0	8	5	
2019-07-13 14:20:00	57.65151	17.56839	41	1	0	2	380	0.009	14	20	17.443	9.84	0	8	5	
2019-07-13 14:30:00	57.65424	17.5677	11	2	0	1	350	0.009	14	20	17.38	9.83	0	8	5	
2019-07-13 14:40:00	57.6567	17.56623	11	3	0	1	350	0.011	14	20	17.351	9.83	0	8	5	
2019-07-13 14:50:00	57.65943	17.56521	11	4	0	1	350	0.009	14	20	17.451	9.85	0	8	5	
2019-07-13 15:00:00	57.66168	17.56458	12	5	0	1	350	0.009	14	20	17.479	9.86	0	8	5	
2019-07-13 15:10:00	57.66402	17.56392	11	6	0	1	350	0.009	14	20	17.502	9.87	0	8	5	
2019-07-13 15:20:00	57.66612	17.5635	12	7	0	1	350	0.009	14	20	17.509	9.88	0	8	5	
2019-07-13 15:30:00	57.66867	17.56266	12	8	0	2	350	0.009	14	20	17.556	9.9	0	8	5	
2019-07-13 15:40:00	57.67056	17.56146	12	9	0	2	350	0.009	13.9	20	17.53	9.91	0	8	5	
2019-07-13 15:50:00	57.67221	17.56056	12	10	0	1	350	0.009	14	20	17.545	9.91	0	8	5	
2019-07-13 16:00:00	57.67332	17.55996	11	11	0	1	350	0.009	14.1	20	17.576	9.92	0	8	5	
2019-07-13 16:10:00	57.67407	17.55957	12	12	0	1	350	0.009	14.1	20	17.598	9.93	0	8	5	
2019-07-13 16:20:00	57.67482	17.55924	12	13	0	1	350	0.009	14.1	20	17.592	9.93	0	8	5	
2019-07-13 16:30:00	57.67542	17.55909	12	14	0	1	350	0.009	14.1	19	17.614	9.94	0	8	5	
2019-07-13 16:40:00	57.67566	17.55912	12	15	0	1	350	0.009	14.1	20	17.607	9.93	0	8	5	
2019-07-13 16:50:00	57.6759	17.55906	12	16	0	1	350	0.009	14.1	20	17.617	9.93	0	8	5	
2019-07-13 17:00:00	57.67599	17.55921	12	17	0	1	360	0.009	14.1	20	17.616	9.94	0	8	5	
2019-07-13 17:10:00	57.67557	17.5599	14	18	0	1	350	0.009	14.1	20	17.578	9.93	0	8	5	
2019-07-13 17:20:00	57.67485	17.55849	13	19	0	2	350	0.009	14.1	20	17.582	9.92	0	8	5	
2019-07-13 17:30:00	57.67503	17.56152	13	20	0	1	350	0.009	14.1	20	17.567	9.92	0	8	5	
2019-07-13 17:40:00	57.67557	17.56485	12	21	0	1	350	0.009	14.1	20	17.494	9.91	0	8	5	
2019-07-13 17:50:00	57.67602	17.56773	15	22	0	2	360	0.009	14.1	20	17.447	9.89	0	8	5	
2019-07-13 18:00:00	57.6762	17.57076	40	23	0	1	380	0.009	14.1	20	17.375	9.88	0	8	5	
2019-07-13 18:10:00	57.67653	17.57334	11	24	0	2	350	0.009	14	20	17.296	9.85	0	8	5	
2019-07-13 18:20:00	57.67698	17.57556	11	25	0	1	350	0.009	13.9	20	17.423	9.88	0	8	5	
2019-07-13 18:30:00	57.67743	17.57784	11	26	0	1	350	0.009	13.8	19	17.429	9.88	0	8	5	
2019-07-13 18:40:00	57.6777	17.57985	11	27	0	1	350	0.009	13.7	19	17.382	9.87	0	8	5	
2019-07-13 18:50:00	57.67764	17.57955	11	28	0	2	350	0.009	13.7	19	17.365	9.87	0	8	5	
2019-07-13 19:00:00	57.67788	17.58027	12	29	0	1	350	0.009	13.6	19	17.333	9.85	0	8	5	
2019-07-13 19:10:00	57.6792	17.58201	12	30	0	1	350	0.009	13.6	19	16.601	9.7	0	8	5	
2019-07-13 19:20:00	57.68115	17.58285	11	31	0	1	350	0.009	13.5	19	17.378	9.85	0	8	5	
2019-07-13 19:30:00	57.68355	17.58174	12	32	0	1	350	0.009	13.5	18	17.254	9.85	0	8	5	
2019-07-13 19:40:00	57.68607	17.58057	12	33	0	1	350	0.009	13.5	18	17.382	9.88	0	8	5	
2019-07-13 19:50:00	57.68844	17.58015	12	34	0	1	350	0.009	13.4	18	17.352	9.88	0	8	5	
2019-07-13 20:00:00	57.69063	17.58	12	35	0	1	360	0.009	13.4	18	17.308	9.87	0	8	5	
2019-07-13 20:10:00	57.69276	17.57991	11	36	0	1	350	0.009	13.4	18	17.339	9.88	0	8	5	
2019-07-13 20:20:00	57.69507	17.57955	12	37	0	1	350	0.009	13.4	18	17.399	9.9	0	8	5	
2019-07-13 20:30:00	57.69735	17.5794	12	38	0	1	350	0.011	13.4	18	17.369	9.9	0	8	5	
2019-07-13 20:40:00	57.70011	17.57913	13	39	0	1	350	0.009	13.3	18	17.453	9.94	0	8	5	
2019-07-13 20:50:00	57.70284	17.5785	13	40	0	1	350	0.011	13.4	18	17.36	9.94	0	8	5	
2019-07-13 21:00:00	57.70578	17.57817	13	41	0	1	350	0.009	13.3	18	17.347	9.94	0	8	5	
2019-07-13 21:10:00	57.70833	17.57823	12	42	0	1	350	0.009	13.3	18	17.452	9.97	0	8	5	
2019-07-13 21:20:00	57.711	17.57868	13	43	0	1	350	0.009	13.3	18	17.361	9.96	0	8	5	
2019-07-13 21:40:00	57.71604	17.57883	12	45	0		350	0.009	13.3	19	17.087	9.9	0	8	5	
2019-07-13 21:50:00	57.71766	17.57853	12	46	0	1	350	0.009	13.3	18	17.086	9.89	0	8	5	
2019-07-13 22:00:00	57.71862	17.57877	12	47	0	2	350	0.009	13.3	18	17.094	9.9	0	8	5	
2019-07-13 22:10:00	57.71697	17.57868	12	48	0	1	350	0.009	13.3	18	17.049	9.89	0	8	5	
2019-07-13 22:20:00	57.71538	17.57727	13	49	0	1	350	0.009	13.3	18	17.055	9.89	0	8	5	
2019-07-13 22:30:00	57.71706	17.57727	12	50	0	1	350	0.009	13.3	18	17.021	9.88	0	8	5	
2019-07-13 22:40:00	57.71865	17.57631	13	51	0	1	350	0.009	13.3	18	17.054	9.88	0	8	5	
2019-07-13 22:50:00	57.71757	17.57625	12	52	0	1	350	0.009	13.3	18	16.992	9.87	0	8	5	
2019-07-13 23:00:00	57.71643	17.57571	41	53	0	1	380	0.011	13.3	18	17.023	9.88	0	8	5	
2019-07-13 23:10:00	57.71562	17.5743	12	54	0	1	350	0.009	13.3	18	16.999	9.88	0	8	5	
2019-07-13 23:20:00	57.71424	17.57217	12	55	0	1	350	0.009	13.3	18	17.028	9.88	0	8	5	
2019-07-13 23:30:00	57.71298	17.57016	12	56	0	1	350	0.009	13.3	18	17.132	9.9	0	8	5	
2019-07-13 23:40:00	57.71157	17.56803	12	57	0	1	350	0.009	13.3	18	17.167	9.91	0	8	5	
2019-07-13 23:50:00	57.71013	17.56593	12	58	0	1	360	0.009	13.3	18	17.191	9.92	0	8	5	
2019-07-14 00:10:00	57.70734	17.56215	13	0	0		350	0.011	13.3	18	17.127	9.89	0	8	5	
2019-07-14 00:20:00	57.70551	17.56026	13	1	0	1	350	0.009	13.3	18	17.08	9.88	0	8	5	
2019-07-14 00:30:00	57.70341	17.55867	12	2	0	1	350	0.009	13.3	18	17.048	9.87	0	8	5	
2019-07-14 00:40:00	57.70101	17.5572	11	3	0	1	350	0.009	13.3	18	16.935	9.83	0	8	5	
2019-07-14 00:50:00	57.69909	17.55588	12	4	0	1	350	0.009	13.3	18	16.87	9.81	0	8	5	
2019-07-14 01:00:00	57.69777	17.55486	14	5	0	1	360	0.009	13.3	18	16.816	9.79	0	8	5	
2019-07-14 01:10:00	57.69627	17.55309	41	6	0	1	380	0.011	13.3	18	16.835	9.78	0	8	5	
2019-07-14 01:20:00	57.69501	17.55129	11	7	0	1	350	0.009	13.3	18	16.862	9.78	0	8	5	
2019-07-14 01:30:00	57.69351	17.54895	12	8	0	1	350	0.009	13.3	18	16.868	9.78	0	8	5	
2019-07-14 01:40:00	57.69216	17.54517	13	9	0	1	350	0.009	13.3	18	16.844	9.77	0	8	5	
2019-07-14 01:50:00	57.69069	17.54109	12	10	0	1	350	0.009	13.3	18	16.848	9.77	0	8	5	
2019-07-14 02:00:00	57.68916	17.53536	12	11	0	1	350	0.009	13.3	18	16.862	9.78	0	8	5	
2019-07-14 02:10:00	57.68772	17.5305	12	12	0	1	350	0.009	13.3	18	16.909	9.79	0	8	5	
2019-07-14 02:20:00	57.68661	17.5257	12	13	0	1	350	0.009	13.3	18	16.884	9.78	0	8	5	
2019-07-14 02:30:00	57.68553	17.52012	12	14	0	2	350	0.009	13.3	18	16.85	9.78	0	8	5	
2019-07-14 02:40:00	57.68496	17.51442	12	15	0	1	350	0.009	13.3	18	16.841	9.78	0	8	5	
2019-07-14 02:50:00	57.68448	17.50779	12	16	0	1	350	0.011	13.3	18	16.791	9.78	0	8	5	
2019-07-14 03:00:00	57.68433	17.50152	13	17	0	1	350	0.009	13.3	18	16.702	9.77	0	8	5	
2019-07-14 03:10:00	57.6852	17.49561	12	18	0	1	350	0.009	13.3	18	16.63	9.77	0	8	5	
2019-07-14 03:20:00	57.68619	17.48985	12	19	0	1	350	0.009	13.3	18	16.688	9.8	0	8	5	
2019-07-14 03:30:00	57.68748	17.48436	13	20	0	1	350	0.009	13.3	18	16.834	9.85	0	8	5	
2019-07-14 03:40:00	57.68808	17.4783	12	21	0	1	360	0.009	13.3	18	16.821	9.85	0	8	5	
2019-07-14 03:50:00	57.68877	17.47218	41	22	0	1	380	0.009	13.3	19	16.753	9.84	0	8	5	
2019-07-14 04:00:00	57.68928	17.4672	12	23	0	1	350	0.009	13.3	18	16.692	9.82	0	8	5	
2019-07-14 04:10:00	57.69015	17.46234	12	24	0	1	350	0.009	13.3	18	16.617	9.79	0	8	5	
2019-07-14 04:20:00	57.6909	17.45637	12	25	0	1	350	0.009	13.3	18	16.456	9.68	0	8	5	
2019-07-14 04:30:00	57.69138	17.45106	12	26	0	1	350	0.009	13.4	18	16.362	9.63	0	8	5	
2019-07-14 04:40:00	57.69201	17.44605	12	27	0	1	350	0.011	13.4	18	16.305	9.62	0	8	5	
2019-07-14 04:50:00	57.69222	17.4414	12	28	0	1	350	0.009	13.4	18	16.288	9.62	0	8	5	
2019-07-14 05:00:00	57.69225	17.43663	12	29	0	1	350	0.009	13.4	18	16.16	9.59	0	8	5	
2019-07-14 05:10:00	57.69189	17.43075	41	30	0	1	380	0.009	13.4	18	16.244	9.64	0	8	5	
2019-07-14 05:20:00	57.6918	17.42649	12	31	0	1	350	0.009	13.4	18	16.239	9.64	0	8	5	
2019-07-14 05:30:00	57.69144	17.42142	12	32	0	1	350	0.009	13.4	18	16.248	9.65	0	8	5	
2019-07-14 05:40:00	57.69099	17.4156	11	33	0	1	360	0.009	13.4	18	16.269	9.66	0	8	5	
2019-07-14 05:50:00	57.69045	17.4102	12	34	0	1	350	0.011	13.5	18	16.244	9.65	0	8	5	
2019-07-14 06:00:00	57.68982	17.40378	12	35	0	1	350	0.009	13.4	18	16.089	9.62	0	8	5	
2019-07-14 06:10:00	57.68973	17.39844	12	36	0	1	350	0.011	13.4	18	16.015	9.6	0	8	5	
2019-07-14 06:20:00	57.68955	17.39238	12	37	0	1	350	0.009	13.5	18	16.07	9.62	0	8	5	
2019-07-14 06:30:00	57.68865	17.39583	12	38	0	1	350	0.009	13.4	18	16.026	9.61	0	8	5	
2019-07-14 06:40:00	57.68811	17.40015	12	39	0	1	350	0.009	13.4	18	16.063	9.62	0	8	5	
2019-07-14 06:50:00	57.68406	17.40324	12	40	0	1	350	0.009	13.4	18	16.17	9.64	0	8	5	
2019-07-14 07:00:00	57.6798	17.40672	13	41	0	1	350	0.009	13.5	18	16.283	9.66	0	8	5	
2019-07-14 07:10:00	57.67626	17.40207	15	42	0	1	360	0.009	13.5	18	16.315	9.67	0	8	5	
2019-07-14 07:20:00	57.67248	17.39649	41	43	0	1	380	0.009	13.5	18	16.396	9.69	0	8	5	
2019-07-14 07:30:00	57.66951	17.39049	12	44	0	1	350	0.009	13.5	18	16.47	9.71	0	8	5	
2019-07-14 07:40:00	57.66603	17.3853	12	45	0	1	350	0.009	13.5	19	16.541	9.72	0	8	5	
2019-07-14 07:50:00	57.66216	17.37954	12	46	0	1	350	0.009	13.6	19	16.22	9.65	0	8	5	
2019-07-14 08:00:00	57.6585	17.37333	12	47	0	1	350	0.009	13.6	19	16.233	9.63	0	8	5	
2019-07-14 08:10:00	57.65475	17.36775	12	48	0	1	350	0.009	13.7	19	16.324	9.65	0	8	5	
2019-07-14 08:20:00	57.65067	17.36214	13	49	0	1	350	0.009	13.9	19	16.44	9.67	0	8	5	
2019-07-14 08:30:00	57.64635	17.35671	13	50	0	1	350	0.009	14	19	16.164	9.58	0	8	5	
2019-07-14 08:40:00	57.64269	17.35041	12	51	0	1	350	0.009	14	19	16.224	9.57	0	8	5	
2019-07-14 08:50:00	57.63903	17.34465	12	52	0	1	350	0.009	14	20	16.454	9.63	0	8	5	
2019-07-14 09:00:00	57.63492	17.33946	12	53	0	1	350	0.009	14	19	16.617	9.67	0	8	5	
2019-07-14 09:10:00	57.63081	17.33397	12	54	0	1	350	0.009	14	20	16.648	9.66	0	8	5	
2019-07-14 09:20:00	57.6279	17.32629	12	55	0	2	350	0.009	14	19	16.71	9.67	0	8	5	
2019-07-14 09:30:00	57.62499	17.31891	12	56	0	1	350	0.009	14	19	16.702	9.66	0	8	5	
2019-07-14 09:40:00	57.6222	17.31207	12	57	0	1	350	0.009	14	19	16.642	9.65	0	8	5	
2019-07-14 09:50:00	57.61917	17.30475	41	58	0	1	380	0.009	14	20	16.727	9.67	0	8	5	
2019-07-14 10:00:00	57.61638	17.29833	12	59	0	1	360	0.009	14	19	16.656	9.65	0	8	5	
2019-07-14 10:10:00	57.61449	17.29041	12	0	0	1	350	0.009	14	19	16.627	9.64	0	8	5	
2019-07-14 10:20:00	57.61236	17.28423	12	1	0	1	360	0.009	14	19	16.614	9.64	0	8	5	
2019-07-14 10:30:00	57.61029	17.27874	11	2	0	1	350	0.009	14	19	16.577	9.63	0	8	5	
2019-07-14 10:40:00	57.60807	17.27415	12	3	0	2	350	0.009	14	19	16.679	9.65	0	8	5	
2019-07-14 10:50:00	57.60579	17.26938	12	4	0	2	350	0.009	14	19	16.719	9.65	0	8	5	
2019-07-14 11:00:00	57.60342	17.26485	12	5	0	1	350	0.009	13.9	19	16.929	9.7	0	8	5	
2019-07-14 11:10:00	57.60114	17.2605	12	6	0	1	350	0.009	13.8	19	16.98	9.72	0	8	5	
2019-07-14 11:20:00	57.59901	17.25744	13	7	0	1	350	0.009	14	19	17.087	9.74	0	8	5	
2019-07-14 11:30:00	57.59757	17.2536	14	8	0	1	360	0.009	13.9	19	17.201	9.77	0	8	5	
2019-07-14 11:40:00	57.5952	17.25045	12	9	0	1	350	0.009	13.8	19	17.213	9.77	0	8	5	
2019-07-14 11:50:00	57.59307	17.24658	41	10	0	1	380	0.009	13.7	19	17.304	9.8	0	8	5	
2019-07-14 12:00:00	57.59112	17.24427	12	11	0	2	350	0.009	13.7	19	17.41	9.83	0	8	5	
2019-07-14 12:10:00	57.59004	17.24079	12	12	0	3	350	0.009	13.7	19	17.515	9.86	0	8	5	
2019-07-14 12:20:00	57.58893	17.23737	12	13	0	1	350	0.009	13.6	19	17.651	9.9	0	8	5	
2019-07-14 12:30:00	57.58842	17.23404	11	14	0	1	350	0.009	13.7	19	17.718	9.93	0	8	5	
2019-07-14 12:40:00	57.5874	17.23179	12	15	0	1	350	0.009	13.6	19	17.806	9.96	0	8	5	
2019-07-14 12:50:00	57.58728	17.22999	12	16	0	3	350	0.009	13.7	20	17.876	9.98	0	8	5	
2019-07-14 13:00:00	57.5874	17.22804	12	17	0	1	350	0.009	13.9	20	17.936	10	0	8	5	
2019-07-14 13:10:00	57.5877	17.22603	12	18	0	1	350	0.009	14.1	20	17.986	10.02	0	8	5	
2019-07-14 13:20:00	57.58782	17.22366	12	19	0	1	360	0.009	14.1	20	18.056	10.04	0	8	5	
2019-07-14 13:30:00	57.58848	17.22129	11	20	0	1	350	0.009	14.1	20	18.293	10.1	0	8	5	
2019-07-14 13:40:00	57.58902	17.21901	12	21	0	1	350	0.009	14.1	20	18.289	10.09	0	8	5	
2019-07-14 13:50:00	57.58983	17.2161	11	22	0	1	350	0.009	14.1	20	18.646	10.18	0	8	5	
2019-07-14 14:00:00	57.59073	17.2128	40	23	0	1	380	0.009	14.1	21	18.327	10.1	0	8	5	
2019-07-14 14:10:00	57.59187	17.2107	11	24	0	1	350	0.009	14.1	21	18.581	10.17	0	8	5	
2019-07-14 14:20:00	57.59322	17.20968	12	25	0	1	350	0.009	14	21	18.35	10.12	0	8	5	
2019-07-14 14:30:00	57.59421	17.208	12	26	0	1	360	0.009	14	21	18.429	10.14	0	8	5	
2019-07-14 14:40:00	57.59544	17.20623	12	27	0	1	350	0.009	14	22	18.455	10.15	0	8	5	
2019-07-14 14:50:00	57.59475	17.20287	12	28	0	1	350	0.009	14	22	18.425	10.14	0	8	5	
2019-07-14 15:00:00	57.59274	17.2017	12	29	0	1	350	0.009	14.1	22	18.483	10.15	0	8	5	
2019-07-14 15:10:00	57.59112	17.20035	12	30	0	1	360	0.009	14.1	22	18.304	10.11	0	8	5	
2019-07-14 15:20:00	57.58914	17.19993	12	31	0	1	350	0.009	14.1	21	18.127	10.06	0	8	5	
2019-07-14 15:30:00	57.58971	17.19627	11	32	0	1	350	0.009	14	21	18.001	10.02	0	8	5	
2019-07-14 15:40:00	57.59223	17.19417	12	33	0	1	350	0.009	14	21	18.073	10.05	0	8	5	
2019-07-14 15:50:00	57.59205	17.19021	11	34	0	1	350	0.009	13.9	21	18.035	10.02	0	8	5	
2019-07-14 16:00:00	57.59106	17.18721	12	35	0	1	350	0.009	13.8	21	18.092	10.01	0	8	5	
2019-07-14 16:10:00	57.59004	17.18403	12	36	0	1	350	0.011	13.8	21	17.953	9.94	0	8	5	
2019-07-14 16:20:00	57.58893	17.18061	12	37	0	1	350	0.009	13.7	20	17.829	9.89	0	8	5	
2019-07-14 16:30:00	57.58818	17.1765	12	38	0	1	350	0.009	13.6	20	17.806	9.88	0	8	5	
2019-07-14 16:40:00	57.58773	17.17224	13	39	0	1	350	0.009	13.6	20	17.735	9.85	0	8	5	
2019-07-14 16:50:00	57.58821	17.17908	13	40	0	1	350	0.009	13.7	20	17.686	9.84	0	8	5	
2019-07-14 17:00:00	57.58788	17.18733	41	41	0	3	380	0.009	13.9	20	17.672	9.85	0	8	5	
2019-07-14 17:10:00	57.58779	17.1951	12	42	0	3	350	0.009	14	20	17.594	9.83	0	8	5	
2019-07-14 17:20:00	57.58698	17.20293	11	43	0	1	350	0.009	14.1	20	17.611	9.84	0	8	5	
2019-07-14 17:30:00	57.58578	17.21016	11	44	0	1	350	0.009	14.1	19	17.608	9.84	0	8	5	
2019-07-14 17:40:00	57.5856	17.21859	11	45	0	1	350	0.009	14.1	19	17.659	9.87	0	8	5	
2019-07-14 17:50:00	57.58581	17.21661	11	46	0	2	350	0.009	13.9	19	17.547	9.84	0	8	5	
2019-07-14 18:00:00	57.58509	17.21334	11	47	0	1	350	0.009	13.8	19	17.43	9.8	0	8	5	
2019-07-14 18:10:00	57.58467	17.21982	11	48	0	1	350	0.009	13.8	19	17.451	9.81	0	8	5	
2019-07-14 18:20:00	57.58377	17.22729	11	49	0	1	60	0.009	13.8	19	17.459	9.83	1	8	0	
2019-07-14 18:30:00	57.58362	17.22534	11	50	0	1	350	0.009	13.8	19	17.4	9.81	0	8	5	
2019-07-14 18:40:00	57.58347	17.22213	11	51	0	1	350	0.009	13.7	19	17.322	9.79	0	8	5	
2019-07-14 18:50:00	57.58299	17.21901	11	52	0	1	360	0.009	13.6	19	17.236	9.76	0	8	5	
2019-07-14 19:00:00	57.58386	17.21784	11	53	0	2	350	0.009	13.6	19	17.288	9.78	0	8	5	
2019-07-14 19:10:00	57.58179	17.22393	11	54	0	1	350	0.009	13.5	19	17.222	9.76	0	8	5	
2019-07-14 19:20:00	57.57903	17.22894	12	55	0	1	360	0.009	13.5	19	17.148	9.74	0	8	5	
2019-07-14 19:30:00	57.57654	17.23326	11	56	0	1	350	0.009	13.5	19	17.115	9.72	0	8	5	
2019-07-14 19:40:00	57.57339	17.23791	11	57	0	1	350	0.009	13.4	19	17.104	9.71	0	8	5	
2019-07-14 19:50:00	57.5706	17.24217	13	58	0	1	350	0.009	13.4	19	17.069	9.69	0	8	5	
2019-07-14 20:00:00	57.5673	17.24694	40	59	0	3	380	0.009	13.4	19	17.007	9.67	0	8	5	
2019-07-14 20:10:00	57.56418	17.25042	11	0	0	1	350	0.009	13.4	19	16.997	9.67	0	8	5	
2019-07-14 20:20:00	57.56082	17.25447	11	1	0	1	350	0.009	13.4	19	16.963	9.68	0	8	5	
2019-07-14 20:30:00	57.55737	17.25837	12	2	0	1	350	0.009	13.4	19	16.919	9.69	0	8	5	
2019-07-14 20:40:00	57.55383	17.26245	12	3	0	1	350	0.009	13.3	19	16.936	9.71	0	8	5	
2019-07-14 20:50:00	57.55014	17.2659	12	4	0	1	350	0.011	13.3	18	16.945	9.75	0	8	5	
2019-07-14 21:00:00	57.546	17.2695	12	5	0	1	350	0.009	13.3	19	17.018	9.81	0	8	5	
2019-07-14 21:10:00	57.54174	17.27253	11	6	0	2	350	0.009	13.3	18	17.163	9.89	0	8	5	
2019-07-14 21:20:00	57.53751	17.27559	13	7	0	1	360	0.011	13.3	19	17.158	9.92	0	8	5	
2019-07-14 21:30:00	57.53337	17.27832	12	8	0	1	350	0.009	13.3	18	17.054	9.93	0	8	5	
2019-07-14 21:40:00	57.52974	17.28003	12	9	0	2	350	0.009	13.3	19	16.924	9.91	0	8	5	
2019-07-14 22:00:00	57.52164	17.28432	12	11	0		350	0.009	13.3	19	16.799	9.9	0	8	5	
2019-07-14 22:10:00	57.51738	17.28621	12	12	0	2	350	0.009	13.3	19	16.889	9.92	0	8	5	
2019-07-14 22:20:00	57.5133	17.28783	12	13	0	2	350	0.009	13.3	19	17.009	9.95	0	8	5	
2019-07-14 22:30:00	57.50895	17.28936	41	14	0	1	380	0.009	13.3	19	16.989	9.94	0	8	5	
2019-07-14 22:40:00	57.50517	17.2908	11	15	0	1	350	0.011	13.3	19	16.942	9.93	0	8	5	
2019-07-14 22:50:00	57.50124	17.29239	12	16	0	1	350	0.009	13.3	18	16.858	9.91	0	8	5	
2019-07-14 23:00:00	57.49743	17.29395	11	17	0	2	350	0.009	13.3	19	16.828	9.9	0	8	5	
2019-07-14 23:10:00	57.49341	17.29548	11	18	0	1	350	0.009	13.3	18	16.807	9.9	0	8	5	
2019-07-14 23:20:00	57.48984	17.2971	12	19	0	1	350	0.009	13.3	18	16.756	9.89	0	8	5	
2019-07-14 23:30:00	57.48615	17.29905	12	20	0	1	350	0.011	13.3	18	16.724	9.88	0	8	5	
2019-07-14 23:40:00	57.48291	17.30067	11	21	0	1	350	0.009	13.3	18	16.702	9.87	0	8	5	
2019-07-14 23:50:00	57.47934	17.30226	12	22	0	1	350	0.009	13.3	18	16.691	9.87	0	8	5	
2019-07-15 00:00:00	57.47616	17.30433	11	23	0	2	350	0.009	13.3	18	16.8	9.89	0	8	5	
2019-07-15 00:10:00	57.47352	17.30661	12	24	0	1	350	0.009	13.3	18	16.864	9.9	0	8	5	
2019-07-15 00:20:00	57.47031	17.30787	12	25	0	1	350	0.009	13.3	18	16.884	9.9	0	8	5	
2019-07-15 00:30:00	57.46719	17.30901	13	26	0	3	350	0.009	13.3	18	16.875	9.9	0	8	5	
2019-07-15 00:40:00	57.46464	17.31012	11	27	0	1	350	0.009	13.3	18	16.851	9.9	0	8	5	
2019-07-15 00:50:00	57.46206	17.31081	13	28	0	1	350	0.011	13.3	18	16.798	9.88	0	8	5	
2019-07-15 01:00:00	57.45963	17.31156	12	29	0	1	350	0.009	13.3	18	16.76	9.87	0	8	5	
2019-07-15 01:10:00	57.4569	17.31204	12	30	0	1	360	0.009	13.3	18	16.772	9.87	0	8	5	
2019-07-15 01:20:00	57.45414	17.31264	13	31	0	1	350	0.011	13.3	18	16.758	9.86	0	8	5	
2019-07-15 01:30:00	57.45153	17.3133	13	32	0	2	350	0.009	13.3	18	16.735	9.85	0	8	5	
2019-07-15 01:40:00	57.4482	17.31426	41	33	0	1	380	0.009	13.3	18	16.724	9.85	0	8	5	
2019-07-15 01:50:00	57.44499	17.31459	12	34	0	1	350	0.009	13.3	18	16.657	9.83	0	8	5	
2019-07-15 02:00:00	57.44139	17.31447	12	35	0	1	350	0.009	13.3	18	16.678	9.82	0	8	5	
2019-07-15 02:10:00	57.4377	17.31405	12	36	0	3	350	0.009	13.3	18	16.725	9.83	0	8	5	
2019-07-15 02:20:00	57.43467	17.31372	12	37	0	1	350	0.009	13.3	18	16.716	9.82	0	8	5	
2019-07-15 02:30:00	57.43116	17.31273	12	38	0	2	350	0.009	13.3	18	16.671	9.8	0	8	5	
2019-07-15 02:40:00	57.42795	17.31183	12	39	0	1	350	0.011	13.3	18	16.687	9.79	0	8	5	
2019-07-15 02:50:00	57.42492	17.31144	12	40	0	1	350	0.009	13.3	18	16.697	9.79	0	8	5	
2019-07-15 03:00:00	57.42177	17.31105	12	41	0	1	350	0.009	13.3	18	16.707	9.78	0	8	5	
2019-07-15 03:10:00	57.41901	17.31126	13	42	0	1	350	0.009	13.3	18	16.716	9.77	0	8	5	
2019-07-15 03:20:00	57.41556	17.31132	14	43	0	1	360	0.009	13.3	18	16.671	9.75	0	8	5	
2019-07-15 03:30:00	57.41187	17.31075	21	44	0	1	360	0.009	13.3	18	16.631	9.74	0	8	5	
2019-07-15 03:40:00	57.40872	17.3103	16	45	0	1	360	0.011	13.3	18	16.613	9.74	0	8	5	
2019-07-15 03:50:00	57.40464	17.31018	16	46	0	1	360	0.009	13.3	18	16.577	9.73	0	8	5	
2019-07-15 04:00:00	57.40077	17.30949	40	47	0	1	380	0.009	13.3	18	16.596	9.73	0	8	5	
2019-07-15 04:10:00	57.39705	17.30862	12	48	0	3	350	0.009	13.3	18	16.61	9.73	0	8	5	
2019-07-15 04:20:00	57.39348	17.30748	12	49	0	1	350	0.009	13.4	18	16.633	9.74	0	8	5	
2019-07-15 04:30:00	57.38967	17.30694	12	50	0	1	350	0.009	13.4	18	16.65	9.74	0	8	5	
2019-07-15 04:40:00	57.38613	17.30595	13	51	0	1	350	0.009	13.4	18	16.685	9.75	0	8	5	
2019-07-15 04:50:00	57.38265	17.30487	14	52	0	1	360	0.009	13.4	18	16.684	9.75	0	8	5	
2019-07-15 05:00:00	57.37902	17.30304	41	53	0	1	380	0.009	13.4	19	16.696	9.76	0	8	5	
2019-07-15 05:10:00	57.3759	17.3019	11	54	0	1	350	0.011	13.4	18	16.702	9.77	0	8	5	
2019-07-15 05:20:00	57.37302	17.30136	11	55	0	1	350	0.011	13.4	18	16.695	9.77	0	8	5	
2019-07-15 05:40:00	57.36654	17.30898	12	57	0		350	0.009	13.4	18	16.793	9.78	0	8	5	
2019-07-15 05:50:00	57.36384	17.31408	12	58	0	2	350	0.009	13.4	18	16.822	9.77	0	8	5	
2019-07-15 06:00:00	57.36105	17.31927	12	59	0	1	350	0.009	13.4	19	16.822	9.76	0	8	5	
2019-07-15 06:10:00	57.35802	17.31891	12	0	0	1	350	0.009	13.4	19	16.843	9.76	0	8	5	
2019-07-15 06:20:00	57.35517	17.31789	12	1	0	2	350	0.009	13.4	19	16.857	9.76	0	8	5	
2019-07-15 06:30:00	57.35235	17.31702	13	2	0	1	350	0.009	13.4	19	16.85	9.76	0	8	5	
2019-07-15 06:40:00	57.35016	17.31732	12	3	0	1	350	0.011	13.4	19	16.81	9.75	0	8	5	
2019-07-15 06:50:00	57.34905	17.32203	13	4	0	1	350	0.009	13.4	19	16.877	9.76	0	8	5	
2019-07-15 07:00:00	57.34818	17.32698	13	5	0	1	350	0.009	13.4	19	16.881	9.75	0	8	5	
2019-07-15 07:10:00	57.34629	17.32848	13	6	0	1	350	0.011	13.4	19	16.923	9.76	0	8	5	
2019-07-15 07:20:00	57.34416	17.32998	41	7	0	1	390	0.009	13.4	19	16.949	9.76	0	8	5	
2019-07-15 07:30:00	57.34173	17.33073	12	8	0	1	350	0.009	13.4	19	16.95	9.76	0	8	5	
2019-07-15 07:40:00	57.33909	17.33178	12	9	0	1	350	0.011	13.4	19	16.927	9.76	0	8	5	
2019-07-15 07:50:00	57.33648	17.33322	12	10	0	1	350	0.009	13.4	19	16.932	9.76	0	8	5	
2019-07-15 08:00:00	57.33363	17.33532	12	11	0	2	350	0.009	13.4	19	16.913	9.76	0	8	5	
2019-07-15 08:10:00	57.33066	17.33757	12	12	0	1	350	0.009	13.4	19	16.903	9.76	0	8	5	
2019-07-15 08:20:00	57.32823	17.33955	12	13	0	1	350	0.009	13.4	19	16.921	9.77	0	8	5	
2019-07-15 08:30:00	57.32601	17.34351	12	14	0	1	350	0.009	13.4	19	16.946	9.77	0	8	5	
2019-07-15 08:40:00	57.32415	17.34726	12	15	0	1	350	0.009	13.5	19	16.973	9.78	0	8	5	
2019-07-15 08:50:00	57.32181	17.35026	11	16	0	1	350	0.009	13.4	19	17.023	9.79	0	8	5	
2019-07-15 09:00:00	57.31983	17.35275	12	17	0	1	350	0.009	13.4	19	17.051	9.8	0	8	5	
2019-07-15 09:10:00	57.31773	17.35584	12	18	0	1	350	0.009	13.5	19	17.096	9.81	0	8	5	
2019-07-15 09:20:00	57.31575	17.3586	12	19	0	1	350	0.011	13.5	19	17.124	9.82	0	8	5	
2019-07-15 09:30:00	57.31365	17.361	13	20	0	1	350	0.009	13.5	19	17.098	9.82	0	8	5	
2019-07-15 09:40:00	57.31173	17.36295	41	21	0	1	380	0.009	13.5	20	17.122	9.83	0	8	5	
2019-07-15 09:50:00	57.3096	17.36643	12	22	0	1	350	0.009	13.5	19	17.064	9.82	0	8	5	
2019-07-15 10:00:00	57.30765	17.37234	11	23	0	1	350	0.009	13.5	19	16.992	9.81	0	8	5	
2019-07-15 10:10:00	57.306	17.37669	13	24	0	1	350	0.011	13.5	19	16.974	9.82	0	8	5	
2019-07-15 10:20:00	57.3042	17.38206	13	25	0	1	350	0.009	13.6	19	16.977	9.83	0	8	5	
2019-07-15 10:30:00	57.3024	17.38833	13	26	0	1	350	0.011	13.7	19	17.1	9.94	0	8	5	
2019-07-15 10:40:00	57.30087	17.39478	13	27	0	1	350	0.009	13.9	19	17.204	9.96	0	8	5	
2019-07-15 10:50:00	57.29949	17.40228	12	28	0	1	350	0.009	13.9	19	17.304	9.98	0	8	5	
2019-07-15 11:00:00	57.29823	17.4099	13	29	0	1	350	0.009	14	19	17.266	9.96	0	8	5	
2019-07-15 11:10:00	57.29715	17.4174	14	30	0	1	350	0.009	13.9	19	17.213	9.95	0	8	5	
2019-07-15 11:20:00	57.29634	17.42472	12	31	0	1	350	0.009	13.9	19	17.203	9.97	0	8	5	
2019-07-15 11:30:00	57.29589	17.43129	13	32	0	1	360	0.009	14	19	17.254	10	0	8	5	
2019-07-15 11:40:00	57.29511	17.43855	13	33	0	1	350	0.009	13.9	20	17.342	10.02	0	8	5	
2019-07-15 11:50:00	57.29367	17.44689	41	34	0	1	380	0.009	14	20	17.287	10.01	0	8	5	
2019-07-15 12:00:00	57.29205	17.45487	14	35	0	1	350	0.011	14	19	17.289	9.99	0	8	5	
2019-07-15 12:10:00	57.2901	17.46369	13	36	0	1	350	0.009	14	19	17.204	9.96	0	8	5	
2019-07-15 12:20:00	57.28845	17.47254	13	37	0	1	350	0.009	13.9	19	17.11	9.92	0	8	5	
2019-07-15 12:30:00	57.28884	17.46789	12	38	0	2	60	0.009	14.1	19	17.1	9.92	1	8	0	
2019-07-15 12:40:00	57.28896	17.45991	12	39	0	1	350	0.009	14.1	19	17.055	9.92	0	8	5	
2019-07-15 12:50:00	57.28893	17.45169	13	40	0	2	350	0.009	14	19	17.1	9.94	0	8	5	
2019-07-15 13:10:00	57.29106	17.45463	13	42	0		350	0.009	13.9	19	17.083	9.94	0	8	5	
2019-07-15 13:30:00	57.29091	17.4822	12	44	0		350	0.009	14	19	16.822	9.86	0	8	5	
2019-07-15 13:40:00	57.29073	17.49672	12	45	0	2	350	0.009	14.1	19	16.552	9.7	0	8	5	
2019-07-15 13:50:00	57.28893	17.5098	12	46	0	1	360	0.009	14.1	19	16.572	9.61	0	8	5	
2019-07-15 14:00:00	57.2877	17.52351	12	47	0	1	350	0.009	14.1	19	16.473	9.47	0	8	5	
2019-07-15 14:10:00	57.28608	17.53674	12	48	0	1	350	0.009	14.1	19	16.188	9.34	0	8	5	
2019-07-15 14:20:00	57.28428	17.54985	12	49	0	1	350	0.009	14.1	19	16.022	9.28	0	8	5	
2019-07-15 14:30:00	57.28257	17.56353	12	50	0	1	350	0.009	14.2	18	15.934	9.27	0	8	5	
2019-07-15 14:40:00	57.28026	17.5764	12	51	0	1	350	0.009	14.1	18	15.946	9.29	0	8	5	
2019-07-15 14:50:00	57.27801	17.59038	12	52	0	1	350	0.009	14	18	15.845	9.28	0	8	5	
2019-07-15 15:00:00	57.27597	17.60487	12	53	0	1	350	0.009	14	18	15.87	9.3	0	8	5	
2019-07-15 15:10:00	57.27366	17.61876	12	54	0	1	350	0.009	13.9	18	15.933	9.32	0	8	5	
2019-07-15 15:20:00	57.27099	17.63268	12	55	0	1	350	0.009	13.8	18	15.917	9.3	0	8	5	
2019-07-15 15:30:00	57.26775	17.64666	12	56	0	1	350	0.009	13.7	18	15.855	9.29	0	8	5	
2019-07-15 15:40:00	57.26475	17.66112	12	57	0	1	350	0.009	13.8	18	15.835	9.28	0	8	5	
2019-07-15 15:50:00	57.26673	17.65566	12	58	0	1	360	0.009	13.8	18	15.843	9.28	0	8	5	
2019-07-15 16:00:00	57.26973	17.64624	40	59	0	1	380	0.009	13.8	18	15.834	9.29	0	8	5	
2019-07-15 16:10:00	57.27315	17.6388	12	0	0	2	350	0.009	13.7	18	15.834	9.3	0	8	5	
2019-07-15 16:20:00	57.27702	17.63106	12	1	0	1	350	0.011	13.7	18	15.808	9.29	0	8	5	
2019-07-15 16:30:00	57.27498	17.64342	12	2	0	2	350	0.009	13.7	18	15.83	9.3	0	8	5	
2019-07-15 16:40:00	57.27291	17.65734	12	3	0	1	350	0.009	13.7	18	15.798	9.29	0	8	5	
2019-07-15 16:50:00	57.27624	17.65752	12	4	0	1	350	0.009	13.7	18	15.822	9.29	0	8	5	
2019-07-15 17:00:00	57.28077	17.6589	12	5	0	2	350	0.009	13.6	18	15.868	9.31	0	8	5	
2019-07-15 17:10:00	57.28332	17.66454	12	6	0	1	350	0.009	13.6	18	15.92	9.32	0	8	5	
2019-07-15 17:20:00	57.28353	17.67126	12	7	0	1	350	0.011	13.5	18	15.938	9.33	0	8	5	
2019-07-15 17:30:00	57.28353	17.67771	12	8	0	1	350	0.009	13.5	18	15.962	9.34	0	8	5	
2019-07-15 17:40:00	57.28161	17.68398	12	9	0	1	350	0.009	13.5	18	15.941	9.34	0	8	5	
2019-07-15 17:50:00	57.28008	17.69019	12	10	0	1	360	0.009	13.5	18	15.943	9.34	0	8	5	
2019-07-15 18:00:00	57.27828	17.69658	12	11	0	1	350	0.009	13.5	18	15.922	9.33	0	8	5	
2019-07-15 18:10:00	57.27585	17.70261	13	12	0	1	350	0.009	13.4	18	15.935	9.34	0	8	5	
2019-07-15 18:20:00	57.26967	17.70477	14	13	0	1	360	0.009	13.4	18	15.874	9.32	0	8	5	
2019-07-15 18:30:00	57.26412	17.70729	15	14	0	1	360	0.009	13.4	18	15.837	9.31	0	8	5	
2019-07-15 18:40:00	57.25848	17.70786	41	15	0	2	380	0.009	13.4	18	15.844	9.3	0	8	5	
2019-07-15 18:50:00	57.25266	17.70825	12	16	0	1	350	0.009	13.4	18	15.816	9.3	0	8	5	
2019-07-15 19:00:00	57.24663	17.70972	12	17	0	1	360	0.009	13.4	17	15.787	9.3	0	8	5	
2019-07-15 19:10:00	57.24093	17.71173	11	18	0	1	350	0.009	13.3	18	15.772	9.29	0	8	5	
2019-07-15 19:20:00	57.23541	17.715	11	19	0	1	350	0.009	13.3	17	15.771	9.3	0	8	5	
2019-07-15 19:30:00	57.23049	17.71278	12	20	0	1	350	0.009	13.3	17	15.723	9.29	0	8	5	
2019-07-15 19:40:00	57.22497	17.70708	12	21	0	1	350	0.009	13.3	17	15.707	9.26	0	8	5	
2019-07-15 19:50:00	57.22128	17.69775	12	22	0	1	350	0.009	13.3	17	15.696	9.25	0	8	5	
2019-07-15 20:00:00	57.21873	17.68941	11	23	0	1	350	0.009	13.3	17	15.68	9.24	0	8	5	
2019-07-15 20:10:00	57.2163	17.68014	12	24	0	1	350	0.009	13.3	17	15.654	9.23	0	8	5	
2019-07-15 20:20:00	57.21444	17.67156	12	25	0	1	350	0.009	13.3	17	15.628	9.23	0	8	5	
2019-07-15 20:30:00	57.21294	17.66256	12	26	0	1	350	0.009	13.3	17	15.588	9.22	0	8	5	
2019-07-15 20:40:00	57.21159	17.65347	13	27	0	1	350	0.009	13.3	17	15.523	9.21	0	8	5	
2019-07-15 21:00:00	57.2091	17.63415	13	29	0		350	0.009	13.3	17	15.505	9.22	0	8	5	
2019-07-15 21:20:00	57.2085	17.64606	41	31	0		380	0.009	13.3	18	15.531	9.22	0	8	5	
2019-07-15 21:30:00	57.2049	17.65539	12	32	0	1	350	0.009	13.3	17	15.559	9.22	0	8	5	
2019-07-15 21:40:00	57.20034	17.66487	12	33	0	1	350	0.009	13.3	17	15.581	9.23	0	8	5	
2019-07-15 21:50:00	57.19437	17.65557	13	34	0	1	350	0.009	13.3	17	15.532	9.21	0	8	5	
2019-07-15 22:00:00	57.18708	17.64666	13	35	0	1	350	0.011	13.3	17	15.43	9.2	0	8	5	
2019-07-15 22:10:00	57.17988	17.63637	36	36	0	1	380	0.009	13.3	17	15.353	9.18	0	8	5	
2019-07-15 22:20:00	57.1734	17.62647	11	37	0	1	350	0.011	13.3	17	15.283	9.17	0	8	5	
2019-07-15 22:30:00	57.16818	17.62986	12	38	0	1	350	0.009	13.3	17	15.279	9.17	0	8	5	
2019-07-15 22:40:00	57.16347	17.63694	12	39	0	1	350	0.009	13.3	17	15.285	9.17	0	8	5	
2019-07-15 22:50:00	57.15759	17.62836	12	40	0	1	350	0.009	13.3	17	15.38	9.26	0	8	5	
2019-07-15 23:00:00	57.15171	17.61753	12	41	0	1	350	0.009	13.3	17	15.927	9.62	0	8	5	
2019-07-15 23:10:00	57.14847	17.62314	12	42	0	1	350	0.009	13.3	17	15.676	9.46	0	8	5	
2019-07-15 23:20:00	57.14358	17.62887	12	43	0	1	350	0.009	13.3	17	15.48	9.36	0	8	5	
2019-07-15 23:30:00	57.13791	17.61975	12	44	0	1	350	0.011	13.3	17	15.831	9.6	0	8	5	
2019-07-15 23:40:00	57.13239	17.61075	12	45	0	3	350	0.011	13.3	17	16.007	9.82	0	8	5	
2019-07-15 23:50:00	57.12738	17.61468	12	46	0	1	350	0.009	13.3	17	16.012	9.83	0	8	5	
2019-07-16 00:00:00	57.12255	17.61855	12	47	0	1	350	0.011	13.3	17	15.945	9.84	0	8	5	
2019-07-16 00:10:00	57.11868	17.62422	12	48	0	1	360	0.009	13.3	17	15.936	9.83	0	8	5	
2019-07-16 00:20:00	57.11601	17.631	12	49	0	1	350	0.009	13.3	17	15.953	9.8	0	8	5	
2019-07-16 00:30:00	57.11076	17.62497	12	50	0	1	350	0.009	13.3	17	15.647	9.77	0	8	5	
2019-07-16 00:40:00	57.10533	17.61735	12	51	0	1	350	0.009	13.3	17	15.645	9.76	0	8	5	
2019-07-16 00:50:00	57.0993	17.61141	12	52	0	1	350	0.009	13.3	17	15.642	9.76	0	8	5	
2019-07-16 01:00:00	57.09303	17.60598	12	53	0	1	350	0.009	13.3	17	15.813	9.8	0	8	5	
2019-07-16 01:10:00	57.08652	17.60295	12	54	0	1	350	0.009	13.3	17	15.853	9.8	0	8	5	
2019-07-16 01:20:00	57.08043	17.59755	12	55	0	1	350	0.009	13.3	17	15.714	9.72	0	8	5	
2019-07-16 01:30:00	57.07434	17.59383	13	56	0	2	350	0.009	13.3	17	15.551	9.61	0	8	5	
2019-07-16 01:40:00	57.06828	17.58963	41	57	0	1	380	0.009	13.3	17	15.551	9.56	0	8	5	
2019-07-16 01:50:00	57.06327	17.58468	12	58	0	1	350	0.011	13.3	17	15.577	9.52	0	8	5	
2019-07-16 02:00:00	57.05739	17.58177	12	59	0	2	350	0.011	13.3	17	15.571	9.49	0	8	5	
2019-07-16 02:10:00	57.05202	17.57628	14	0	0	1	350	0.009	13.3	17	15.55	9.45	0	8	5	
2019-07-16 02:20:00	57.0465	17.57244	12	1	0	2	350	0.009	13.3	17	15.539	9.43	0	8	5	
2019-07-16 02:30:00	57.04134	17.56875	12	2	0	1	350	0.009	13.3	17	15.522	9.4	0	8	5	
2019-07-16 02:40:00	57.03573	17.56728	12	3	0	1	350	0.009	13.3	17	15.504	9.37	0	8	5	
2019-07-16 02:50:00	57.02955	17.56626	20	4	0	1	360	0.009	13.3	17	15.507	9.36	0	8	5	
2019-07-16 03:00:00	57.02382	17.56362	22	5	0	2	360	0.009	13.3	17	15.521	9.35	0	8	5	
2019-07-16 03:10:00	57.01848	17.56401	41	6	0	1	390	0.009	13.3	17	15.528	9.36	0	8	5	
2019-07-16 03:20:00	57.01302	17.56401	11	7	0	2	350	0.009	13.3	17	15.532	9.37	0	8	5	
2019-07-16 03:30:00	57.00822	17.56713	12	8	0	1	350	0.009	13.3	17	15.5	9.38	0	8	5	
2019-07-16 03:40:00	57.00348	17.56869	11	9	0	1	350	0.009	13.3	17	15.477	9.38	0	8	5	
2019-07-16 03:50:00	56.99823	17.56962	11	10	0	1	350	0.009	13.3	16	15.441	9.37	0	8	5	
2019-07-16 04:00:00	56.99325	17.5704	12	11	0	1	350	0.009	13.3	17	15.358	9.36	0	8	5	
2019-07-16 04:10:00	56.98899	17.57205	12	12	0	1	350	0.009	13.4	17	15.314	9.37	0	8	5	
2019-07-16 04:20:00	56.98563	17.57382	12	13	0	1	360	0.009	13.3	17	15.378	9.42	0	8	5	
2019-07-16 04:30:00	56.98254	17.57385	11	14	0	3	350	0.009	13.3	17	15.479	9.54	0	8	5	
2019-07-16 04:40:00	56.97918	17.57676	12	15	0	1	350	0.009	13.3	17	15.431	9.52	0	8	5	
2019-07-16 04:50:00	56.97591	17.58012	12	16	0	1	350	0.011	13.3	17	15.032	9.33	0	8	5	
2019-07-16 05:00:00	56.97282	17.58549	13	17	0	1	350	0.009	13.3	16	14.81	9.26	0	8	5	
2019-07-16 05:10:00	56.97012	17.5899	13	18	0	1	350	0.009	13.3	17	14.719	9.24	0	8	5	
2019-07-16 05:20:00	56.96766	17.59485	14	19	0	2	360	0.009	13.3	17	14.579	9.26	0	8	5	
2019-07-16 05:30:00	56.96538	17.59986	13	20	0	1	350	0.009	13.4	17	14.465	9.29	0	8	5	
2019-07-16 05:40:00	56.96172	17.60505	13	21	0	1	350	0.009	13.3	17	14.335	9.28	0	8	5	
2019-07-16 05:50:00	56.95857	17.61033	14	22	0	3	350	0.009	13.3	17	14.211	9.26	0	8	5	
2019-07-16 06:00:00	56.95653	17.61816	56	23	0	2	400	0.009	13.3	17	14.263	9.27	0	8	5	
2019-07-16 06:10:00	56.95785	17.62488	12	24	0	1	350	0.009	13.3	16	14.261	9.27	0	8	5	
2019-07-16 06:20:00	56.95932	17.63148	12	25	0	1	350	0.009	13.3	16	14.272	9.27	0	8	5	
2019-07-16 06:30:00	56.95656	17.63295	12	26	0	1	350	0.009	13.4	16	14.275	9.27	0	8	5	
2019-07-16 06:40:00	56.95365	17.63316	12	27	0	1	350	0.009	13.4	16	14.324	9.28	0	8	5	
2019-07-16 06:50:00	56.95074	17.63313	12	28	0	1	350	0.009	13.5	16	14.397	9.29	0	8	5	
2019-07-16 07:00:00	56.94738	17.63256	12	29	0	1	350	0.009	13.5	16	14.462	9.29	0	8	5	
2019-07-16 07:10:00	56.9439	17.6325	12	30	0	1	350	0.009	13.5	16	14.48	9.29	0	8	5	
2019-07-16 07:20:00	56.94021	17.63226	12	31	0	1	350	0.009	13.5	16	14.549	9.3	0	8	5	
2019-07-16 07:30:00	56.93697	17.63247	13	32	0	1	350	0.009	13.4	16	14.609	9.3	0	8	5	
2019-07-16 07:40:00	56.93352	17.6328	41	33	0	1	380	0.009	13.4	17	14.636	9.3	0	8	5	
2019-07-16 07:50:00	56.93043	17.63493	11	34	0	1	350	0.009	13.4	17	14.698	9.32	0	8	5	
2019-07-16 08:00:00	56.92701	17.63664	11	35	0	1	350	0.009	13.4	17	14.742	9.32	0	8	5	
2019-07-16 08:10:00	56.92785	17.6397	11	36	0	2	350	0.011	13.4	17	14.729	9.32	0	8	5	
2019-07-16 08:20:00	56.92956	17.64336	12	37	0	1	350	0.009	13.5	17	14.677	9.31	0	8	5	
2019-07-16 08:30:00	56.93094	17.64711	12	38	0	1	350	0.009	13.5	17	14.666	9.31	0	8	5	
2019-07-16 08:40:00	56.93193	17.65011	12	39	0	1	350	0.009	13.5	17	14.65	9.32	0	8	5	
2019-07-16 08:50:00	56.93316	17.65206	12	40	0	1	350	0.009	13.5	17	14.668	9.33	0	8	5	
2019-07-16 09:00:00	56.93415	17.65362	12	41	0	1	350	0.009	13.5	17	14.609	9.32	0	8	5	
2019-07-16 09:10:00	56.93493	17.65476	12	42	0	1	350	0.009	13.5	17	14.605	9.32	0	8	5	
2019-07-16 09:20:00	56.93601	17.65602	12	43	0	1	350	0.009	13.5	17	14.619	9.33	0	8	5	
2019-07-16 09:30:00	56.93385	17.65665	12	44	0	1	350	0.011	13.5	17	14.687	9.34	0	8	5	
2019-07-16 09:40:00	56.93094	17.65635	13	45	0	1	350	0.009	13.5	17	14.679	9.33	0	8	5	
2019-07-16 09:50:00	56.92824	17.65608	12	46	0	1	350	0.009	13.5	17	14.707	9.33	0	8	5	
2019-07-16 10:00:00	56.92554	17.6559	40	47	0	1	390	0.009	13.5	17	14.785	9.34	0	8	5	
2019-07-16 10:10:00	56.92353	17.65641	12	48	0	1	350	0.009	13.5	17	14.824	9.35	0	8	5	
2019-07-16 10:20:00	56.92128	17.65743	11	49	0	1	360	0.009	13.5	17	14.887	9.37	0	8	5	
2019-07-16 10:30:00	56.91948	17.6595	11	50	0	1	350	0.011	13.5	17	14.896	9.36	0	8	5	
2019-07-16 10:40:00	56.91642	17.6601	12	51	0	1	350	0.009	13.5	17	14.893	9.36	0	8	5	
2019-07-16 10:50:00	56.91285	17.66121	12	52	0	1	350	0.011	13.5	17	14.907	9.35	0	8	5	
2019-07-16 11:00:00	56.91006	17.66223	12	53	0	1	350	0.009	13.5	17	14.959	9.36	0	8	5	
2019-07-16 11:10:00	56.90832	17.66418	12	54	0	1	350	0.009	13.8	17	15.076	9.39	0	8	5	
2019-07-16 11:20:00	56.90577	17.66481	12	55	0	1	350	0.009	13.9	17	15.088	9.39	0	8	5	
2019-07-16 11:30:00	56.90262	17.66571	12	56	0	1	350	0.009	14	17	15.097	9.38	0	8	5	
2019-07-16 11:40:00	56.89887	17.66583	12	57	0	1	350	0.009	14.1	17	15.069	9.38	0	8	5	
2019-07-16 11:50:00	56.89449	17.66718	12	58	0	1	360	0.009	14.2	17	15.125	9.37	0	8	5	
2019-07-16 12:00:00	56.89014	17.66784	41	59	0	2	390	0.009	14.1	18	15.245	9.39	0	8	5	
2019-07-16 12:10:00	56.88723	17.67105	12	0	0	1	350	0.009	14.1	17	15.309	9.4	0	8	5	
2019-07-16 12:20:00	56.88438	17.67378	12	1	0	1	350	0.009	14	17	15.394	9.43	0	8	5	
2019-07-16 12:30:00	56.88231	17.67618	11	2	0	1	350	0.009	14	17	15.426	9.44	0	8	5	
2019-07-16 12:40:00	56.88015	17.67927	11	3	0	1	350	0.009	14	17	15.466	9.45	0	8	5	
2019-07-16 13:00:00	56.87715	17.68383	12	5	0		350	0.011	14.1	18	15.508	9.46	0	8	5	
2019-07-16 13:10:00	56.87538	17.68692	12	6	0	2	350	0.009	14.1	18	15.493	9.45	0	8	5	
2019-07-16 13:20:00	56.87268	17.68929	12	7	0	1	350	0.009	14	18	15.496	9.46	0	8	5	
2019-07-16 13:30:00	56.86962	17.69184	12	8	0	1	350	0.009	13.9	17	15.51	9.47	0	8	5	
2019-07-16 13:40:00	56.86578	17.69535	12	9	0	1	350	0.009	13.8	17	15.559	9.49	0	8	5	
2019-07-16 13:50:00	56.86203	17.69769	12	10	0	1	350	0.009	13.7	17	15.637	9.55	0	8	5	
2019-07-16 14:00:00	56.86041	17.69997	12	11	0	1	350	0.009	13.6	17	15.634	9.56	0	8	5	
2019-07-16 14:10:00	56.85888	17.70114	12	12	0	1	350	0.009	13.6	17	15.641	9.56	0	8	5	
2019-07-16 14:20:00	56.85729	17.70036	41	13	0	1	380	0.009	13.5	17	15.57	9.46	0	8	5	
2019-07-16 14:30:00	56.85654	17.70033	11	14	0	1	350	0.009	13.5	17	15.461	9.31	0	8	5	
2019-07-16 14:40:00	56.85732	17.69853	12	15	0	1	350	0.009	13.5	17	15.559	9.46	0	8	5	
2019-07-16 14:50:00	56.85699	17.69784	12	16	0	1	350	0.009	13.5	17	15.577	9.48	0	8	5	
2019-07-16 15:00:00	56.85657	17.69709	12	17	0	1	350	0.009	13.5	17	15.557	9.46	0	8	5	
2019-07-16 15:10:00	56.85612	17.69688	12	18	0	1	350	0.009	13.5	17	15.536	9.45	0	8	5	
2019-07-16 15:20:00	56.85528	17.69682	12	19	0	1	350	0.009	13.5	17	15.569	9.48	0	8	5	
2019-07-16 15:30:00	56.85348	17.69463	12	20	0	1	350	0.009	13.5	17	15.611	9.5	0	8	5	
2019-07-16 15:40:00	56.85153	17.69085	12	21	0	1	350	0.009	13.5	17	15.684	9.56	0	8	5	
2019-07-16 15:50:00	56.8494	17.68623	12	22	0	1	350	0.009	13.5	17	15.746	9.6	0	8	5	
2019-07-16 16:00:00	56.84739	17.68179	12	23	0	1	350	0.011	13.5	17	15.8	9.65	0	8	5	
2019-07-16 16:10:00	56.8452	17.67606	13	24	0	1	350	0.009	13.5	17	15.795	9.66	0	8	5	
2019-07-16 16:20:00	56.84352	17.6685	12	25	0	2	360	0.009	13.5	17	15.763	9.65	0	8	5	
2019-07-16 16:30:00	56.8422	17.66268	12	26	0	1	350	0.011	13.4	17	15.676	9.64	0	8	5	
2019-07-16 16:40:00	56.84121	17.65911	12	27	0	1	350	0.009	13.4	17	15.658	9.62	0	8	5	
2019-07-16 16:50:00	56.84007	17.65569	12	28	0	1	350	0.009	13.4	17	15.679	9.62	0	8	5	
2019-07-16 17:00:00	56.83833	17.6505	13	29	0	1	350	0.009	13.4	17	15.693	9.62	0	8	5	
2019-07-16 17:10:00	56.8395	17.6529	13	30	0	1	350	0.009	13.4	17	15.682	9.62	0	8	5	
2019-07-16 17:20:00	56.8419	17.65602	13	31	0	1	360	0.011	13.4	17	15.656	9.62	0	8	5	
2019-07-16 17:30:00	56.841	17.65443	13	32	0	1	350	0.009	13.4	17	15.664	9.62	0	8	5	
2019-07-16 17:40:00	56.8401	17.65134	13	33	0	1	350	0.009	13.4	17	15.68	9.62	0	8	5	
2019-07-16 17:50:00	56.83908	17.64807	14	34	0	1	360	0.009	13.4	17	15.681	9.61	0	8	5	
2019-07-16 18:00:00	56.83815	17.64516	40	35	0	1	380	0.011	13.4	17	15.714	9.62	0	8	5	
2019-07-16 18:10:00	56.83752	17.64261	12	36	0	1	350	0.009	13.3	17	15.728	9.62	0	8	5	
2019-07-16 18:20:00	56.83644	17.63958	12	37	0	1	360	0.009	13.3	17	15.749	9.63	0	8	5	
2019-07-16 18:30:00	56.83563	17.63688	11	38	0	1	350	0.009	13.3	17	15.772	9.64	0	8	5	
2019-07-16 18:40:00	56.835	17.63409	11	39	0	1	350	0.009	13.3	17	15.786	9.64	0	8	5	
2019-07-16 18:50:00	56.83446	17.63274	12	40	0	2	360	0.009	13.3	17	15.792	9.64	0	8	5	
2019-07-16 19:00:00	56.83392	17.6304	11	41	0	2	350	0.009	13.3	17	15.786	9.64	0	8	5	
2019-07-16 19:10:00	56.83392	17.62914	12	42	0	1	350	0.009	13.3	17	15.777	9.64	0	8	5	
2019-07-16 19:20:00	56.83485	17.62635	11	43	0	1	350	0.009	13.3	17	15.772	9.65	0	8	5	
2019-07-16 19:30:00	56.83596	17.62317	12	44	0	1	360	0.009	13.3	17	15.775	9.65	0	8	5	
2019-07-16 19:40:00	56.83647	17.619	12	45	0	1	350	0.009	13.3	17	15.796	9.66	0	8	5	
2019-07-16 19:50:00	56.83788	17.61396	12	46	0	1	350	0.009	13.3	17	15.805	9.67	0	8	5	
2019-07-16 20:00:00	56.83941	17.60919	12	47	0	1	350	0.009	13.3	17	15.837	9.68	0	8	5	
2019-07-16 20:10:00	56.84124	17.604	41	48	0	1	380	0.009	13.3	17	15.852	9.69	0	8	5	
2019-07-16 20:20:00	56.84322	17.59842	12	49	0	1	350	0.011	13.3	17	15.844	9.7	0	8	5	
2019-07-16 20:30:00	56.84553	17.59257	11	50	0	1	350	0.009	13.3	17	15.812	9.69	0	8	5	
2019-07-16 20:40:00	56.84787	17.58741	12	51	0	1	350	0.011	13.3	17	15.735	9.66	0	8	5	
2019-07-16 20:50:00	56.85009	17.58255	12	52	0	1	350	0.009	13.3	17	15.65	9.64	0	8	5	
2019-07-16 21:00:00	56.85222	17.5773	11	53	0	1	350	0.009	13.3	17	15.597	9.63	0	8	5	
2019-07-16 21:10:00	56.84994	17.56986	11	54	0	1	350	0.011	13.3	17	15.59	9.64	0	8	5	
2019-07-16 21:20:00	56.84679	17.56164	12	55	0	2	350	0.009	13.3	17	15.56	9.64	0	8	5	
2019-07-16 21:30:00	56.84151	17.56773	11	56	0	1	350	0.009	13.3	17	15.635	9.65	0	8	5	
2019-07-16 21:40:00	56.83611	17.5752	12	57	0	1	350	0.009	13.3	17	15.84	9.75	0	8	5	
2019-07-16 21:50:00	56.83755	17.56989	12	58	0	1	350	0.009	13.3	17	15.758	9.7	0	8	5	
2019-07-16 22:00:00	56.83962	17.56467	11	59	0	3	360	0.009	13.3	17	15.573	9.64	0	8	5	
2019-07-16 22:10:00	56.83887	17.57076	12	0	0	1	350	0.009	13.3	17	15.661	9.66	0	8	5	
2019-07-16 22:20:00	56.83863	17.57889	11	1	0	1	350	0.009	13.3	17	15.769	9.7	0	8	5	
2019-07-16 22:30:00	56.83779	17.58771	12	2	0	1	350	0.011	13.3	17	15.851	9.74	0	8	5	
2019-07-16 22:40:00	56.83755	17.59638	41	3	0	1	380	0.009	13.3	17	15.856	9.73	0	8	5	
2019-07-16 22:50:00	56.83713	17.60388	12	4	0	1	350	0.009	13.3	17	15.863	9.73	0	8	5	
2019-07-16 23:00:00	56.83671	17.61237	12	5	0	1	350	0.009	13.3	17	15.867	9.72	0	8	5	
2019-07-16 23:10:00	56.83647	17.62056	12	6	0	1	350	0.009	13.3	17	15.838	9.71	0	8	5	
2019-07-16 23:20:00	56.83518	17.62875	12	7	0	1	350	0.011	13.3	17	15.814	9.7	0	8	5	
2019-07-16 23:30:00	56.83392	17.63634	12	8	0	1	350	0.011	13.3	17	15.791	9.69	0	8	5	
2019-07-16 23:40:00	56.83287	17.64432	12	9	0	1	350	0.009	13.3	17	15.753	9.68	0	8	5	
2019-07-16 23:50:00	56.83161	17.65158	12	10	0	1	350	0.011	13.3	17	15.711	9.65	0	8	5	
2019-07-17 00:00:00	56.83059	17.65917	13	11	0	1	350	0.009	13.3	17	15.665	9.64	0	8	5	
2019-07-17 00:10:00	56.82915	17.66646	41	12	0	1	380	0.009	13.3	17	15.642	9.63	0	8	5	
2019-07-17 00:20:00	56.82762	17.67315	11	13	0	1	350	0.011	13.3	17	15.64	9.62	0	8	5	
2019-07-17 00:30:00	56.8263	17.67978	11	14	0	1	350	0.009	13.3	17	15.627	9.61	0	8	5	
2019-07-17 00:40:00	56.82474	17.68614	11	15	0	1	350	0.009	13.3	17	15.598	9.6	0	8	5	
2019-07-17 00:50:00	56.82363	17.69328	12	16	0	2	350	0.009	13.3	17	15.547	9.59	0	8	5	
2019-07-17 01:00:00	56.8224	17.7006	12	17	0	1	350	0.009	13.3	17	15.498	9.58	0	8	5	
2019-07-17 01:10:00	56.82051	17.7069	12	18	0	1	350	0.009	13.3	17	15.437	9.57	0	8	5	
2019-07-17 01:20:00	56.81874	17.71311	12	19	0	1	350	0.009	13.3	17	15.457	9.59	0	8	5	
2019-07-17 01:30:00	56.81736	17.71941	13	20	0	1	350	0.009	13.3	17	15.446	9.6	0	8	5	
2019-07-17 01:40:00	56.81592	17.72535	41	21	0	2	390	0.009	13.3	17	15.441	9.6	0	8	5	
2019-07-17 01:50:00	56.81445	17.73117	11	22	0	1	350	0.011	13.3	17	15.421	9.6	0	8	5	
2019-07-17 02:00:00	56.81325	17.73657	11	23	0	1	350	0.009	13.3	17	15.387	9.59	0	8	5	
2019-07-17 02:10:00	56.81238	17.74155	11	24	0	1	350	0.009	13.3	17	15.353	9.57	0	8	5	
2019-07-17 02:20:00	56.81142	17.74638	12	25	0	1	350	0.009	13.3	17	15.33	9.57	0	8	5	
2019-07-17 02:30:00	56.81052	17.75106	11	26	0	1	350	0.009	13.3	17	15.325	9.56	0	8	5	
2019-07-17 02:40:00	56.80923	17.75589	12	27	0	1	350	0.009	13.3	17	15.292	9.56	0	8	5	
2019-07-17 02:50:00	56.80869	17.76063	12	28	0	1	350	0.009	13.3	17	15.276	9.56	0	8	5	
2019-07-17 03:00:00	56.80767	17.76531	12	29	0	1	350	0.009	13.3	17	15.252	9.56	0	8	5	
2019-07-17 03:10:00	56.80659	17.76999	12	30	0	1	350	0.011	13.3	17	15.211	9.55	0	8	5	
2019-07-17 03:20:00	56.80512	17.77479	11	31	0	1	350	0.009	13.3	17	15.144	9.53	0	8	5	
2019-07-17 03:30:00	56.80437	17.77941	12	32	0	1	350	0.011	13.3	17	15.082	9.52	0	8	5	
2019-07-17 03:40:00	56.80356	17.7843	12	33	0	1	350	0.009	13.3	17	14.959	9.48	0	8	5	
2019-07-17 03:50:00	56.80302	17.78943	12	34	0	2	350	0.009	13.3	17	14.849	9.46	0	8	5	
2019-07-17 04:00:00	56.80251	17.79501	40	35	0	1	380	0.009	13.3	17	14.742	9.44	0	8	5	
2019-07-17 04:10:00	56.80233	17.79951	11	36	0	1	350	0.009	13.3	17	14.712	9.44	0	8	5	
2019-07-17 04:20:00	56.80242	17.80521	11	37	0	1	350	0.009	13.3	17	14.746	9.47	0	8	5	
2019-07-17 04:30:00	56.8026	17.81037	12	38	0	1	350	0.009	13.3	16	14.864	9.55	0	8	5	
2019-07-17 04:40:00	56.80302	17.81559	11	39	0	1	350	0.009	13.3	16	14.983	9.66	0	8	5	
2019-07-17 04:50:00	56.80332	17.82024	12	40	0	1	350	0.009	13.3	16	15.007	9.7	0	8	5	
2019-07-17 05:00:00	56.8035	17.82516	12	41	0	1	360	0.009	13.3	17	15.265	9.83	0	8	5	
2019-07-17 05:10:00	56.80329	17.83098	12	42	0	1	350	0.009	13.3	17	15.28	9.84	0	8	5	
2019-07-17 05:20:00	56.80383	17.83635	12	43	0	2	350	0.011	13.3	17	15.271	9.85	0	8	5	
2019-07-17 05:30:00	56.80458	17.84133	12	44	0	1	350	0.009	13.3	17	15.255	9.86	0	8	5	
2019-07-17 05:40:00	56.80554	17.84712	12	45	0	1	350	0.009	13.3	17	15.193	9.86	0	8	5	
2019-07-17 05:50:00	56.80653	17.85294	11	46	0	1	350	0.011	13.3	17	15.146	9.86	0	8	5	
2019-07-17 06:00:00	56.80737	17.85933	12	47	0	1	350	0.009	13.3	17	15.075	9.85	0	8	5	
2019-07-17 06:10:00	56.80824	17.86563	12	48	0	1	350	0.009	13.3	17	15.005	9.84	0	8	5	
2019-07-17 06:20:00	56.80947	17.87151	12	49	0	1	350	0.009	13.3	17	14.916	9.81	0	8	5	
2019-07-17 06:30:00	56.81082	17.87748	12	50	0	1	350	0.009	13.3	17	14.876	9.81	0	8	5	
2019-07-17 06:40:00	56.81154	17.88384	12	51	0	1	350	0.009	13.3	17	14.873	9.81	0	8	5	
2019-07-17 06:50:00	56.81271	17.89053	12	52	0	1	350	0.009	13.3	17	14.816	9.8	0	8	5	
2019-07-17 07:00:00	56.81388	17.89587	12	53	0	1	350	0.009	13.3	17	14.755	9.79	0	8	5	
2019-07-17 07:10:00	56.81157	17.90286	12	54	0	1	350	0.011	13.4	16	14.874	9.77	0	8	5	
2019-07-17 07:20:00	56.80839	17.90964	12	55	0	1	350	0.011	13.4	16	14.921	9.77	0	8	5	
2019-07-17 07:30:00	56.8092	17.91594	21	56	0	1	360	0.011	13.3	17	15.077	9.79	0	8	5	
2019-07-17 07:40:00	56.81094	17.92161	41	57	0	1	380	0.009	13.4	17	15.141	9.78	0	8	5	
2019-07-17 07:50:00	56.80929	17.92785	12	58	0	1	350	0.009	13.4	17	15.138	9.72	0	8	5	
2019-07-17 08:00:00	56.80671	17.93496	12	59	0	1	350	0.009	13.4	17	15.211	9.72	0	8	5	
2019-07-17 08:10:00	56.80809	17.94084	12	0	0	2	350	0.009	13.4	17	15.186	9.7	0	8	5	
2019-07-17 08:20:00	56.80968	17.94645	12	1	0	1	350	0.009	13.4	17	15.193	9.71	0	8	5	
2019-07-17 08:30:00	56.8077	17.95386	12	2	0	1	350	0.009	13.4	17	15.175	9.7	0	8	5	
2019-07-17 08:40:00	56.80587	17.9616	12	3	0	1	350	0.009	13.4	17	15.124	9.69	0	8	5	
2019-07-17 08:50:00	56.8038	17.96958	11	4	0	1	350	0.011	13.4	17	15.179	9.76	0	8	5	
2019-07-17 09:00:00	56.80176	17.97756	11	5	0	1	350	0.009	13.4	17	15.209	9.76	0	8	5	
2019-07-17 09:10:00	56.80323	17.98407	11	6	0	1	350	0.011	13.5	17	15.206	9.76	0	8	5	
2019-07-17 09:20:00	56.80521	17.98866	12	7	0	1	350	0.009	13.5	17	15.288	9.75	0	8	5	
2019-07-17 09:30:00	56.80356	17.9958	12	8	0	2	350	0.009	13.4	17	15.285	9.75	0	8	5	
2019-07-17 09:40:00	56.80143	18.00321	12	9	0	1	350	0.011	13.4	17	15.324	9.75	0	8	5	
2019-07-17 09:50:00	56.79903	18.00972	12	10	0	1	350	0.009	13.4	17	15.372	9.76	0	8	5	
2019-07-17 10:00:00	56.7975	18.01731	40	11	0	1	380	0.009	13.4	17	15.401	9.76	0	8	5	
2019-07-17 10:10:00	56.79924	18.02292	12	12	0	1	350	0.009	13.5	17	15.414	9.76	0	8	5	
2019-07-17 10:20:00	56.80173	18.02793	12	13	0	1	350	0.009	13.5	17	15.412	9.76	0	8	5	
2019-07-17 10:30:00	56.80182	18.03693	12	14	0	1	350	0.009	13.5	17	15.44	9.77	0	8	5	
2019-07-17 10:50:00	56.80155	18.05607	12	16	0		350	0.009	13.5	18	15.43	9.77	0	8	5	
2019-07-17 11:00:00	56.80134	18.06597	12	17	0	1	350	0.009	13.5	18	15.506	9.87	0	8	5	
2019-07-17 11:10:00	56.80155	18.07581	12	18	0	1	350	0.009	13.5	18	15.629	9.87	0	8	5	
2019-07-17 11:20:00	56.80197	18.08553	15	19	0	1	360	0.011	13.5	18	15.7	9.87	0	8	5	
2019-07-17 11:30:00	56.80254	18.09483	14	20	0	1	360	0.009	13.6	18	15.791	9.87	0	8	5	
2019-07-17 11:40:00	56.80251	18.10482	13	21	0	1	350	0.011	13.6	18	15.824	9.87	0	8	5	
2019-07-17 11:50:00	56.80278	18.11487	13	22	0	1	350	0.009	13.6	18	15.896	9.87	0	8	5	
2019-07-17 12:00:00	56.80374	18.12483	13	23	0	2	350	0.009	13.7	18	15.919	9.87	0	8	5	
2019-07-17 12:10:00	56.80404	18.13485	12	24	0	1	350	0.009	13.9	18	15.947	9.87	0	8	5	
2019-07-17 12:20:00	56.80446	18.14526	13	25	0	1	350	0.009	13.9	18	15.983	9.88	0	8	5	
2019-07-17 12:30:00	56.80551	18.15531	13	26	0	1	350	0.009	13.9	18	16.012	9.9	0	8	5	
2019-07-17 12:40:00	56.80635	18.16566	13	27	0	1	350	0.009	13.9	18	16.067	9.92	0	8	5	
2019-07-17 12:50:00	56.80668	18.17601	16	28	0	2	360	0.009	13.9	18	16.106	9.94	0	8	5	
2019-07-17 13:00:00	56.80689	18.18711	41	29	0	1	380	0.009	13.9	19	16.109	9.94	0	8	5	
2019-07-17 13:10:00	56.80719	18.19725	12	30	0	1	350	0.009	14	19	16.121	9.94	0	8	5	
2019-07-17 13:20:00	56.80731	18.20796	12	31	0	1	360	0.009	14	18	16.123	9.94	0	8	5	
2019-07-17 13:30:00	56.80788	18.21858	12	32	0	2	350	0.009	13.9	19	16.138	9.95	0	8	5	
2019-07-17 13:40:00	56.80839	18.22905	12	33	0	1	350	0.009	14	18	16.201	9.97	0	8	5	
2019-07-17 13:50:00	56.80212	18.22578	11	34	0	1	350	0.009	14	18	16.175	9.98	0	8	5	
2019-07-17 14:00:00	56.79525	18.22188	11	35	0	2	350	0.009	14	18	16.193	9.99	0	8	5	
2019-07-17 14:10:00	56.79249	18.21294	12	36	0	1	350	0.009	14	18	16.162	9.98	0	8	5	
2019-07-17 14:20:00	56.79063	18.20502	12	37	0	3	350	0.009	13.9	18	16.165	9.98	0	8	5	
2019-07-17 14:30:00	56.79204	18.20853	12	38	0	1	350	0.009	14	18	16.163	9.98	0	8	5	
2019-07-17 14:40:00	56.79438	18.21312	12	39	0	1	350	0.009	14	18	16.184	9.98	0	8	5	
2019-07-17 14:50:00	56.79243	18.20688	12	40	0	1	350	0.009	13.9	18	16.16	9.98	0	8	5	
2019-07-17 15:00:00	56.79045	18.19926	12	41	0	1	350	0.009	14	18	16.178	9.98	0	8	5	
2019-07-17 15:10:00	56.79174	18.20289	12	42	0	1	350	0.009	14	18	16.184	9.99	0	8	5	
2019-07-17 15:20:00	56.79351	18.207	13	43	0	1	350	0.009	14	18	16.201	9.99	0	8	5	
2019-07-17 15:30:00	56.79114	18.20175	13	44	0	1	360	0.011	14.1	18	16.181	9.98	0	8	5	
2019-07-17 15:40:00	56.78898	18.19566	13	45	0	1	360	0.009	14	18	16.197	9.99	0	8	5	
2019-07-17 15:50:00	56.79027	18.19818	41	46	0	1	380	0.009	14	19	16.191	9.98	0	8	5	
2019-07-17 16:00:00	56.79222	18.20043	12	47	0	1	350	0.009	14	18	16.191	9.98	0	8	5	
2019-07-17 16:20:00	56.79624	18.20445	12	49	0		350	0.009	13.9	18	16.204	9.98	0	8	5	
2019-07-17 16:30:00	56.79894	18.20682	12	50	0	1	350	0.009	14.1	18	16.221	9.97	0	8	5	
2019-07-17 16:40:00	56.80164	18.20919	12	51	0	1	350	0.009	14.1	18	16.236	9.98	0	8	5	
2019-07-17 16:50:00	56.80431	18.21171	12	52	0	1	360	0.009	14.1	18	16.22	9.97	0	8	5	
2019-07-17 17:00:00	56.80701	18.21348	12	53	0	1	350	0.009	14.1	18	16.206	9.96	0	8	5	
2019-07-17 17:10:00	56.80419	18.20751	12	54	0	1	350	0.009	14.1	18	16.201	9.97	0	8	5	
2019-07-17 17:20:00	56.80152	18.20016	12	55	0	1	350	0.009	14.1	18	16.205	9.96	0	8	5	
2019-07-17 17:30:00	56.80314	18.20175	12	56	0	1	350	0.009	14.1	18	16.196	9.96	0	8	5	
2019-07-17 17:40:00	56.80551	18.20355	12	57	0	1	350	0.009	14	18	16.181	9.96	0	8	5	
2019-07-17 17:50:00	56.80785	18.20556	12	58	0	1	360	0.011	14	18	16.161	9.95	0	8	5	
2019-07-17 18:00:00	56.81016	18.20835	40	59	0	1	380	0.011	13.9	18	16.143	9.94	0	8	5	
2019-07-17 18:10:00	56.80797	18.20343	12	0	0	1	350	0.009	13.8	18	16.151	9.94	0	8	5	
2019-07-17 18:20:00	56.80506	18.19668	12	1	0	1	350	0.009	13.7	18	16.158	9.95	0	8	5	
2019-07-17 18:30:00	56.80635	18.19821	11	2	0	1	350	0.009	13.6	18	16.144	9.94	0	8	5	
2019-07-17 18:40:00	56.80839	18.19995	12	3	0	1	350	0.009	13.6	18	16.118	9.94	0	8	5	
2019-07-17 18:50:00	56.8107	18.20124	11	4	0	1	350	0.009	13.6	18	16.113	9.93	0	8	5	
2019-07-17 19:00:00	56.81289	18.20229	12	5	0	1	350	0.009	13.5	18	16.121	9.93	0	8	5	
2019-07-17 19:10:00	56.811	18.19779	12	6	0	1	350	0.009	13.5	18	16.094	9.93	0	8	5	
2019-07-17 19:20:00	56.80923	18.19239	11	7	0	1	350	0.009	13.5	17	16.096	9.93	0	8	5	
2019-07-17 19:30:00	56.81025	18.19338	12	8	0	1	350	0.009	13.4	18	16.09	9.92	0	8	5	
2019-07-17 19:40:00	56.81229	18.19479	41	9	0	1	380	0.009	13.4	18	16.108	9.92	0	8	5	
2019-07-17 19:50:00	56.8107	18.19056	12	10	0	2	350	0.009	13.4	18	16.082	9.92	0	8	5	
2019-07-17 20:00:00	56.80878	18.18567	11	11	0	1	350	0.009	13.4	17	16.082	9.92	0	8	5	
2019-07-17 20:10:00	56.80965	18.18684	12	12	0	1	350	0.011	13.4	17	16.082	9.92	0	8	5	
2019-07-17 20:20:00	56.81142	18.18747	12	13	0	1	360	0.009	13.3	17	16.091	9.92	0	8	5	
2019-07-17 20:30:00	56.81289	18.18756	12	14	0	1	350	0.009	13.3	17	16.085	9.92	0	8	5	
2019-07-17 20:40:00	56.81472	18.18846	12	15	0	1	350	0.009	13.3	17	16.06	9.9	0	8	5	
2019-07-17 20:50:00	56.81667	18.18909	16	16	0	1	360	0.011	13.3	17	16.034	9.89	0	8	5	
2019-07-17 21:00:00	56.81814	18.18963	12	17	0	2	350	0.009	13.3	17	16.006	9.87	0	8	5	
2019-07-17 21:10:00	56.81706	18.18522	18	18	0	2	360	0.009	13.3	17	16.035	9.89	0	8	5	
2019-07-17 21:20:00	56.8155	18.17961	12	19	0	1	350	0.009	13.3	17	16.048	9.9	0	8	5	
2019-07-17 21:30:00	56.81664	18.18015	13	20	0	1	350	0.009	13.3	17	16.037	9.9	0	8	5	
2019-07-17 21:40:00	56.8185	18.18132	12	21	0	2	360	0.009	13.3	17	16.016	9.89	0	8	5	
2019-07-17 21:50:00	56.8173	18.17733	12	22	0	1	350	0.009	13.3	17	16.032	9.9	0	8	5	
2019-07-17 22:00:00	56.81658	18.17157	40	23	0	2	380	0.009	13.3	17	16.041	9.9	0	8	5	
2019-07-17 22:20:00	56.81451	18.16053	12	25	0		350	0.009	13.3	17	16.025	9.89	0	8	5	
2019-07-17 22:30:00	56.81571	18.16203	12	26	0	1	360	0.009	13.3	17	16.033	9.89	0	8	5	
2019-07-17 22:40:00	56.81742	18.1638	16	27	0	1	360	0.009	13.3	17	16.021	9.88	0	8	5	
2019-07-17 22:50:00	56.81637	18.15924	14	28	0	1	360	0.009	13.3	17	16.02	9.9	0	8	5	
2019-07-17 23:00:00	56.81592	18.15363	13	29	0	1	350	0.009	13.3	17	16.013	9.89	0	8	5	
2019-07-17 23:10:00	56.81535	18.14793	41	30	0	1	380	0.009	13.3	17	15.999	9.89	0	8	5	
2019-07-17 23:20:00	56.81535	18.14325	12	31	0	2	350	0.011	13.3	17	16.001	9.89	0	8	5	
2019-07-17 23:30:00	56.81544	18.13839	12	32	0	1	350	0.009	13.3	17	16.004	9.89	0	8	5	
2019-07-17 23:40:00	56.81574	18.1335	12	33	0	1	350	0.009	13.3	17	15.994	9.89	0	8	5	
2019-07-17 23:50:00	56.81589	18.12888	12	34	0	1	350	0.011	13.3	17	15.986	9.89	0	8	5	
2019-07-18 00:00:00	56.81616	18.12426	12	35	0	1	350	0.009	13.3	17	15.971	9.88	0	8	5	
2019-07-18 00:10:00	56.81628	18.11985	12	36	0	1	350	0.009	13.3	17	15.97	9.88	0	8	5	
2019-07-18 00:20:00	56.81628	18.1155	12	37	0	1	350	0.009	13.3	17	15.971	9.88	0	8	5	
2019-07-18 00:30:00	56.81613	18.11097	12	38	0	1	350	0.011	13.3	17	15.994	9.89	0	8	5	
2019-07-18 00:40:00	56.81613	18.10617	12	39	0	1	350	0.009	13.3	17	16.018	9.9	0	8	5	
2019-07-18 00:50:00	56.81631	18.10158	12	40	0	1	350	0.011	13.3	17	16.019	9.9	0	8	5	
2019-07-18 01:00:00	56.81631	18.09705	12	41	0	1	350	0.011	13.3	17	16.023	9.9	0	8	5	
2019-07-18 01:10:00	56.8167	18.09312	13	42	0	1	350	0.009	13.3	17	16.024	9.91	0	8	5	
2019-07-18 01:20:00	56.81709	18.08883	12	43	0	2	350	0.009	13.3	17	16.03	9.92	0	8	5	
2019-07-18 01:30:00	56.81757	18.08412	41	44	0	1	380	0.009	13.3	17	16.037	9.92	0	8	5	
2019-07-18 01:40:00	56.81808	18.07998	11	45	0	1	350	0.009	13.3	17	16.023	9.92	0	8	5	
2019-07-18 01:50:00	56.81871	18.07605	11	46	0	2	350	0.011	13.3	17	16.01	9.91	0	8	5	
2019-07-18 02:00:00	56.81943	18.07197	11	47	0	1	350	0.009	13.3	17	15.988	9.91	0	8	5	
2019-07-18 02:10:00	56.82036	18.06747	12	48	0	2	350	0.009	13.3	17	15.959	9.9	0	8	5	
2019-07-18 02:20:00	56.82138	18.06297	12	49	0	1	350	0.009	13.3	17	15.946	9.89	0	8	5	
2019-07-18 02:30:00	56.82228	18.06597	12	50	0	1	350	0.009	13.3	17	15.958	9.89	0	8	5	
2019-07-18 02:40:00	56.82339	18.06909	12	51	0	1	350	0.011	13.3	17	15.983	9.9	0	8	5	
2019-07-18 02:50:00	56.8242	18.06567	12	52	0	1	350	0.009	13.3	17	15.964	9.9	0	8	5	
2019-07-18 03:00:00	56.8257	18.06243	12	53	0	1	350	0.009	13.3	17	15.955	9.89	0	8	5	
2019-07-18 03:10:00	56.8272	18.05925	12	54	0	1	360	0.009	13.3	17	15.943	9.88	0	8	5	
2019-07-18 03:20:00	56.82873	18.05607	11	55	0	1	350	0.009	13.3	17	15.928	9.88	0	8	5	
2019-07-18 03:30:00	56.83026	18.05304	11	56	0	1	350	0.009	13.3	17	15.91	9.87	0	8	5	
2019-07-18 03:40:00	56.83185	18.05058	12	57	0	1	350	0.009	13.3	17	15.908	9.87	0	8	5	
2019-07-18 03:50:00	56.83359	18.04851	12	58	0	1	350	0.009	13.3	17	15.915	9.87	0	8	5	
2019-07-18 04:00:00	56.83515	18.04644	40	59	0	1	380	0.009	13.3	17	15.904	9.86	0	8	5	
2019-07-18 04:10:00	56.83653	18.04449	11	0	0	1	350	0.009	13.3	17	15.897	9.86	0	8	5	
2019-07-18 04:20:00	56.83794	18.04239	11	1	0	1	350	0.011	13.3	17	15.908	9.86	0	8	5	
2019-07-18 04:30:00	56.83959	18.03996	11	2	0	3	350	0.009	13.3	17	15.908	9.86	0	8	5	
2019-07-18 04:40:00	56.84136	18.03804	11	3	0	1	350	0.011	13.3	18	15.909	9.87	0	8	5	
2019-07-18 04:50:00	56.84304	18.03615	12	4	0	1	350	0.011	13.4	18	15.915	9.87	0	8	5	
2019-07-18 05:00:00	56.84484	18.0345	12	5	0	1	350	0.011	13.4	18	15.926	9.88	0	8	5	
2019-07-18 05:10:00	56.84649	18.03276	12	6	0	1	350	0.009	13.4	18	15.923	9.88	0	8	5	
2019-07-18 05:20:00	56.84799	18.03123	12	7	0	1	350	0.011	13.4	18	15.93	9.88	0	8	5	
2019-07-18 05:30:00	56.84958	18.02925	11	8	0	1	350	0.009	13.4	18	15.939	9.89	0	8	5	
2019-07-18 05:40:00	56.8512	18.02733	11	9	0	3	350	0.009	13.4	19	15.945	9.89	0	8	5	
2019-07-18 05:50:00	56.85267	18.02574	12	10	0	3	350	0.011	13.4	19	15.956	9.89	0	8	5	
2019-07-18 06:00:00	56.85417	18.02376	12	11	0	1	350	0.009	13.5	19	15.974	9.9	0	8	5	
2019-07-18 06:10:00	56.8557	18.02151	12	12	0	1	360	0.009	13.5	19	15.99	9.91	0	8	5	
2019-07-18 06:20:00	56.85651	18.01929	12	13	0	1	350	0.011	13.5	19	15.995	9.91	0	8	5	
2019-07-18 06:30:00	56.85771	18.01695	12	14	0	1	360	0.011	13.5	19	16.034	9.92	0	8	5	
2019-07-18 06:40:00	56.85918	18.01425	12	15	0	1	350	0.009	13.5	20	16.059	9.93	0	8	5	
2019-07-18 06:50:00	56.86086	18.01164	11	16	0	1	350	0.009	13.5	20	16.08	9.94	0	8	5	
2019-07-18 07:00:00	56.86248	18.009	11	17	0	1	350	0.009	13.5	20	16.127	9.95	0	8	5	
2019-07-18 07:10:00	56.86404	18.0063	14	18	0	1	360	0.009	13.5	20	16.182	9.97	0	8	5	
2019-07-18 07:20:00	56.86518	18.00306	14	19	0	1	360	0.009	13.5	20	16.216	9.99	0	8	5	
2019-07-18 07:30:00	56.86608	17.99925	41	20	0	1	380	0.009	13.5	21	16.117	9.95	0	8	5	
2019-07-18 07:40:00	56.86686	17.99613	11	21	0	1	350	0.009	13.5	21	16.305	10	0	8	5	
2019-07-18 07:50:00	56.86716	17.99286	11	22	0	1	360	0.009	13.6	21	16.382	10	0	8	5	
2019-07-18 08:00:00	56.86752	17.9898	11	23	0	1	350	0.009	13.7	21	16.362	9.99	0	8	5	
2019-07-18 08:10:00	56.86797	17.98761	11	24	0	1	350	0.009	14	21	16.494	10.02	0	8	5	
2019-07-18 08:20:00	56.8683	17.9859	11	25	0	1	350	0.009	14	22	17.049	10.15	0	8	5	
2019-07-18 08:30:00	56.86851	17.98437	11	26	0	1	350	0.009	14	22	16.986	10.14	0	8	5	
2019-07-18 08:40:00	56.86827	17.98263	11	27	0	1	350	0.009	14	22	16.905	10.12	0	8	5	
2019-07-18 08:50:00	56.86806	17.98089	11	28	0	1	350	0.009	14	22	17.205	10.2	0	8	5	
2019-07-18 09:00:00	56.86803	17.97921	12	29	0	1	350	0.009	14	22	17.59	10.29	0	8	5	
2019-07-18 09:10:00	56.86737	17.97798	12	30	0	1	350	0.009	14.1	22	17.448	10.19	0	8	5	
2019-07-18 09:20:00	56.86677	17.97762	11	31	0	2	350	0.011	14	22	17.29	10.14	0	8	5	
2019-07-18 09:30:00	56.86755	17.97894	12	32	0	1	350	0.009	14	22	17.518	10.23	0	8	5	
2019-07-18 09:40:00	56.86851	17.98059	12	33	0	1	350	0.009	14	22	17.422	10.24	0	8	5	
2019-07-18 09:50:00	56.86866	17.98113	12	34	0	3	350	0.009	14	22	18.161	10.41	0	8	5	
2019-07-18 10:00:00	56.86845	17.98146	40	35	0	1	380	0.009	13.9	23	18.482	10.47	0	8	5	
2019-07-18 10:10:00	56.86803	17.98188	11	36	0	1	360	0.009	13.9	22	18.329	10.43	0	8	5	
2019-07-18 10:20:00	56.86749	17.98227	12	37	0	1	350	0.009	14	22	18.166	10.4	0	8	5	
2019-07-18 10:30:00	56.86848	17.98413	12	38	0	1	350	0.009	14	22	17.997	10.38	0	8	5	
2019-07-18 10:40:00	56.86983	17.98695	12	39	0	1	350	0.009	14	22	18.229	10.46	0	8	5	
2019-07-18 10:50:00	56.86983	17.98887	12	40	0	1	360	0.009	14	23	18.562	10.55	0	8	5	
2019-07-18 11:00:00	56.86947	17.99103	12	41	0	1	350	0.009	14	23	18.409	10.51	0	8	5	
2019-07-18 11:10:00	56.87211	17.99412	12	42	0	1	350	0.009	14	24	18.428	10.51	0	8	5	
2019-07-18 11:20:00	56.87514	17.99715	12	43	0	1	350	0.009	14	24	18.379	10.49	0	8	5	
2019-07-18 11:30:00	56.8782	17.99991	12	44	0	1	350	0.011	14	24	18.24	10.46	0	8	5	
2019-07-18 11:40:00	56.8815	17.99988	12	45	0	1	350	0.009	14	25	18.132	10.44	0	8	5	
2019-07-18 11:50:00	56.88477	17.99982	12	46	0	1	350	0.009	14	25	18.053	10.42	0	8	5	
2019-07-18 12:00:00	56.88819	18.00036	41	47	0	1	380	0.009	14	25	18.181	10.45	0	8	5	
2019-07-18 12:10:00	56.89128	18.0009	11	48	0	1	350	0.009	14	25	18.098	10.43	0	8	5	
2019-07-18 12:20:00	56.89434	18.00192	11	49	0	1	350	0.009	14	25	18.265	10.47	0	8	5	
2019-07-18 12:30:00	56.89722	18.00435	11	50	0	1	350	0.009	14	24	18.341	10.49	0	8	5	
2019-07-18 12:40:00	56.90016	18.00663	12	51	0	1	350	0.009	14	25	18.196	10.46	0	8	5	
2019-07-18 12:50:00	56.90319	18.00756	12	52	0	1	350	0.009	14	25	18.068	10.42	0	8	5	
2019-07-18 13:00:00	56.90622	18.00867	12	53	0	1	350	0.009	14	25	18.205	10.45	0	8	5	
2019-07-18 13:10:00	56.90904	18.0093	12	54	0	1	350	0.009	14	24	18.208	10.44	0	8	5	
2019-07-18 13:20:00	56.91186	18.01032	12	55	0	1	360	0.009	14	24	18.071	10.4	0	8	5	
2019-07-18 13:30:00	56.91483	18.01107	12	56	0	1	350	0.009	14	24	18.223	10.44	0	8	5	
2019-07-18 13:40:00	56.91756	18.01173	11	57	0	1	350	0.009	14	24	18.238	10.44	0	8	5	
2019-07-18 13:50:00	56.91972	18.01353	13	58	0	1	350	0.009	14	24	18.329	10.46	0	8	5	
2019-07-18 14:00:00	56.92167	18.01608	13	59	0	1	350	0.009	14	24	18.519	10.51	0	8	5	
2019-07-18 14:10:00	56.92404	18.01722	41	0	0	1	380	0.009	14	25	18.522	10.51	0	8	5	
2019-07-18 14:20:00	56.92638	18.01725	11	1	0	1	350	0.009	14	24	18.523	10.51	0	8	5	
2019-07-18 14:30:00	56.92863	18.01623	12	2	0	1	350	0.009	14	24	18.416	10.48	0	8	5	
2019-07-18 14:40:00	56.93058	18.01494	11	3	0	1	350	0.009	14	24	18.523	10.5	0	8	5	
2019-07-18 14:50:00	56.93235	18.01365	12	4	0	1	350	0.009	14	24	18.427	10.48	0	8	5	
2019-07-18 15:00:00	56.93436	18.0126	11	5	0	1	350	0.009	14	24	18.52	10.5	0	8	5	
2019-07-18 15:10:00	56.93634	18.0117	11	6	0	1	350	0.009	14	24	18.475	10.49	0	8	5	
2019-07-18 15:20:00	56.93847	18.01038	11	7	0	3	350	0.009	14	23	18.5	10.49	0	8	5	
2019-07-18 15:30:00	56.94057	18.0093	11	8	0	1	350	0.009	14	23	18.322	10.44	0	8	5	
2019-07-18 15:40:00	56.94291	18.00777	12	9	0	1	350	0.009	14.1	23	18.297	10.44	0	8	5	
2019-07-18 15:50:00	56.94282	18.00951	11	10	0	1	350	0.009	14	23	18.257	10.44	0	8	5	
2019-07-18 16:00:00	56.94198	18.01095	12	11	0	1	350	0.009	14	23	18.231	10.43	0	8	5	
2019-07-18 16:10:00	56.94348	18.01137	11	12	0	1	350	0.009	14.1	22	18.159	10.41	0	8	5	
2019-07-18 16:20:00	56.94528	18.00996	12	13	0	1	350	0.009	14	22	18.288	10.45	0	8	5	
2019-07-18 16:30:00	56.9469	18.00894	12	14	0	1	350	0.009	14.1	22	18.31	10.45	0	8	5	
2019-07-18 16:40:00	56.94837	18.0072	12	15	0	2	350	0.009	14.1	22	18.28	10.45	0	8	5	
2019-07-18 16:50:00	56.9499	18.00522	12	16	0	1	350	0.009	14	22	18.288	10.45	0	8	5	
2019-07-18 17:00:00	56.95122	18.00342	12	17	0	1	350	0.009	13.9	21	18.134	10.42	0	8	5	
2019-07-18 17:10:00	56.95245	18.00093	12	18	0	1	350	0.009	13.8	21	18.093	10.42	0	8	5	
2019-07-18 17:20:00	56.95359	17.99841	12	19	0	1	350	0.009	13.7	21	18.12	10.42	0	8	5	
2019-07-18 17:30:00	56.95473	17.99583	13	20	0	1	350	0.011	13.7	21	18.07	10.41	0	8	5	
2019-07-18 17:40:00	56.95557	17.99367	13	21	0	1	350	0.009	13.6	20	18.158	10.42	0	8	5	
2019-07-18 17:50:00	56.9568	17.99076	12	22	0	1	350	0.009	13.6	20	18.064	10.4	0	8	5	
2019-07-18 18:00:00	56.95785	17.98794	40	23	0	1	380	0.009	13.6	20	17.995	10.38	0	8	5	
2019-07-18 18:10:00	56.95884	17.98518	11	24	0	2	350	0.009	13.5	20	17.876	10.35	0	8	5	
2019-07-18 18:20:00	56.95989	17.98245	11	25	0	1	350	0.009	13.5	20	17.722	10.31	0	8	5	
2019-07-18 18:30:00	56.96097	17.98002	11	26	0	1	360	0.011	13.5	20	17.661	10.29	0	8	5	
2019-07-18 18:40:00	56.96196	17.97783	11	27	0	1	350	0.009	13.4	19	17.411	10.23	0	8	5	
2019-07-18 18:50:00	56.96301	17.97552	11	28	0	1	350	0.011	13.4	19	17.467	10.25	0	8	5	
2019-07-18 19:00:00	56.96388	17.97357	11	29	0	1	350	0.011	13.4	19	17.377	10.23	0	8	5	
2019-07-18 19:10:00	56.96493	17.97189	11	30	0	1	350	0.009	13.4	19	17.31	10.2	0	8	5	
2019-07-18 19:20:00	56.96595	17.9706	11	31	0	1	350	0.009	13.4	19	17.431	10.24	0	8	5	
2019-07-18 19:30:00	56.96676	17.96919	12	32	0	1	350	0.009	13.4	19	17.4	10.23	0	8	5	
2019-07-18 19:40:00	56.9679	17.96856	11	33	0	1	350	0.009	13.4	19	17.363	10.23	0	8	5	
2019-07-18 19:50:00	56.96925	17.96766	12	34	0	1	360	0.009	13.4	19	17.515	10.27	0	8	5	
2019-07-18 20:00:00	56.97027	17.96736	12	35	0	1	350	0.009	13.3	18	17.603	10.29	0	8	5	
2019-07-18 20:10:00	56.97144	17.96652	12	36	0	1	350	0.009	13.3	18	17.555	10.28	0	8	5	
2019-07-18 20:20:00	56.97306	17.96646	12	37	0	1	350	0.009	13.3	18	17.525	10.28	0	8	5	
2019-07-18 20:30:00	56.97429	17.9655	12	38	0	2	350	0.009	13.3	18	17.497	10.25	0	8	5	
2019-07-18 20:40:00	56.97531	17.96442	12	39	0	2	350	0.009	13.3	18	17.487	10.24	0	8	5	
2019-07-18 20:50:00	56.97618	17.96352	12	40	0	1	350	0.009	13.3	18	17.496	10.24	0	8	5	
2019-07-18 21:00:00	56.97729	17.96202	12	41	0	1	350	0.009	13.3	18	17.426	10.23	0	8	5	
2019-07-18 21:10:00	56.9787	17.96022	41	42	0	1	380	0.009	13.3	19	17.412	10.22	0	8	5	
2019-07-18 21:20:00	56.98005	17.95902	12	43	0	1	350	0.009	13.3	18	17.492	10.24	0	8	5	
2019-07-18 21:30:00	56.98158	17.95785	11	44	0	1	350	0.011	13.3	18	17.357	10.21	0	8	5	
2019-07-18 21:40:00	56.98323	17.95611	11	45	0	1	360	0.009	13.3	18	17.277	10.18	0	8	5	
2019-07-18 21:50:00	56.98482	17.95428	11	46	0	1	350	0.009	13.3	18	16.89	10.09	0	8	5	
2019-07-18 22:00:00	56.98635	17.95263	11	47	0	1	350	0.009	13.3	18	16.979	10.11	0	8	5	
2019-07-18 22:10:00	56.98908	17.95185	11	48	0	1	360	0.009	13.3	18	17.144	10.15	0	8	5	
2019-07-18 22:20:00	56.99247	17.95212	12	49	0	1	350	0.009	13.3	18	17.117	10.16	0	8	5	
2019-07-18 22:30:00	56.99619	17.95281	12	50	0	1	350	0.009	13.3	18	17.176	10.17	0	8	5	
2019-07-18 22:40:00	56.99967	17.95362	12	51	0	1	350	0.011	13.3	18	17.495	10.25	0	8	5	
2019-07-18 22:50:00	57.00306	17.955	13	52	0	1	350	0.011	13.3	18	17.389	10.23	0	8	5	
2019-07-18 23:00:00	57.0063	17.9559	14	53	0	1	360	0.009	13.3	18	17.439	10.24	0	8	5	
2019-07-18 23:10:00	57.00942	17.95692	41	54	0	1	380	0.009	13.3	18	17.269	10.22	0	8	5	
2019-07-18 23:20:00	57.0123	17.95836	11	55	0	1	350	0.009	13.3	18	17.064	10.17	0	8	5	
2019-07-18 23:40:00	57.01749	17.95992	11	57	0		350	0.009	13.3	18	17.201	10.19	0	8	5	
2019-07-18 23:50:00	57.01986	17.95974	11	58	0	1	350	0.009	13.3	18	17.341	10.23	0	8	5	
2019-07-19 00:00:00	57.02262	17.95965	11	59	0	1	350	0.009	13.3	18	17.426	10.25	0	8	5	
2019-07-19 00:10:00	57.02562	17.95923	12	0	0	1	350	0.009	13.3	18	17.377	10.24	0	8	5	
2019-07-19 00:20:00	57.02859	17.95824	11	1	0	2	350	0.011	13.3	18	17.242	10.21	0	8	5	
2019-07-19 00:30:00	57.0315	17.95653	11	2	0	1	350	0.009	13.3	18	17.151	10.19	0	8	5	
2019-07-19 00:40:00	57.03429	17.9553	11	3	0	1	350	0.009	13.3	18	16.947	10.14	0	8	5	
2019-07-19 00:50:00	57.03669	17.9532	12	4	0	1	350	0.011	13.3	18	17.565	10.26	0	8	5	
2019-07-19 01:00:00	57.03912	17.95071	12	5	0	1	360	0.011	13.3	18	17.401	10.15	0	8	5	
2019-07-19 01:10:00	57.04026	17.95314	11	6	0	1	350	0.009	13.3	18	17.376	10.18	0	8	5	
2019-07-19 01:20:00	57.04128	17.95536	13	7	0	2	350	0.009	13.3	18	17.374	10.18	0	8	5	
2019-07-19 01:30:00	57.04344	17.95554	13	8	0	1	360	0.009	13.3	18	17.237	10.14	0	8	5	
2019-07-19 01:40:00	57.04575	17.95599	13	9	0	1	350	0.009	13.3	18	17.182	10.14	0	8	5	
2019-07-19 01:50:00	57.04773	17.95812	12	10	0	1	60	0.009	13.3	18	17.117	10.12	1	8	0	
2019-07-19 02:00:00	57.05058	17.95968	40	11	0	2	380	0.011	13.3	18	17.075	10.12	0	8	5	
2019-07-19 02:10:00	57.05283	17.96145	11	12	0	1	350	0.009	13.3	18	17.013	10.11	0	8	5	
2019-07-19 02:20:00	57.05562	17.96337	11	13	0	1	350	0.009	13.3	18	16.987	10.11	0	8	5	
2019-07-19 02:30:00	57.05835	17.96223	11	14	0	1	350	0.009	13.3	18	16.872	10.08	0	8	5	
2019-07-19 02:40:00	57.06126	17.96286	12	15	0	1	350	0.011	13.3	18	17	10.12	0	8	5	
2019-07-19 02:50:00	57.06375	17.96505	12	16	0	1	350	0.009	13.3	18	17.024	10.15	0	8	5	
2019-07-19 03:30:00	57.07521	17.97135	11	20	0		350	0.009	13.3	18	17.125	10.17	0	8	5	
2019-07-19 03:40:00	57.07827	17.97354	11	21	0	1	350	0.009	13.3	18	17.093	10.16	0	8	5	
2019-07-19 03:50:00	57.081	17.97624	11	22	0	1	350	0.009	13.3	18	17.185	10.18	0	8	5	
2019-07-19 04:00:00	57.084	17.97786	12	23	0	1	350	0.009	13.3	18	17.159	10.17	0	8	5	
2019-07-19 04:10:00	57.08691	17.97969	12	24	0	1	350	0.009	13.3	18	17.093	10.16	0	8	5	
2019-07-19 04:20:00	57.08982	17.98161	11	25	0	1	360	0.009	13.3	18	16.986	10.13	0	8	5	
2019-07-19 04:30:00	57.09243	17.98482	41	26	0	1	380	0.009	13.4	19	16.901	10.03	0	8	5	
2019-07-19 04:40:00	57.09471	17.98845	11	27	0	1	350	0.009	13.4	19	16.91	10.03	0	8	5	
2019-07-19 04:50:00	57.09699	17.99229	12	28	0	1	350	0.009	13.4	19	16.65	9.85	0	8	5	
2019-07-19 05:00:00	57.09927	17.99625	11	29	0	1	350	0.009	13.4	19	16.455	9.7	0	8	5	
2019-07-19 05:10:00	57.10152	18.0012	12	30	0	1	350	0.011	13.4	19	16.477	9.71	0	8	5	
2019-07-19 05:20:00	57.10404	18.00489	11	31	0	1	350	0.009	13.4	19	16.536	9.68	0	8	5	
2019-07-19 05:30:00	57.10716	18.00582	11	32	0	1	350	0.009	13.4	19	16.656	9.69	0	8	5	
2019-07-19 05:40:00	57.10971	18.00564	11	33	0	3	350	0.009	13.4	19	16.8	9.67	0	8	5	
2019-07-19 05:50:00	57.11184	18.00495	11	34	0	1	350	0.011	13.4	19	16.759	9.67	0	8	5	
2019-07-19 06:00:00	57.11379	18.00372	12	35	0	1	350	0.009	13.4	19	16.878	9.69	0	8	5	
2019-07-19 06:10:00	57.11568	18.00207	12	36	0	1	350	0.009	13.4	19	16.848	9.69	0	8	5	
2019-07-19 06:20:00	57.11787	18.00192	11	37	0	2	350	0.009	13.4	19	16.896	9.68	0	8	5	
2019-07-19 06:30:00	57.11892	18.0057	12	38	0	1	350	0.011	13.5	19	16.933	9.7	0	8	5	
2019-07-19 06:40:00	57.12033	18.00864	12	39	0	2	350	0.009	13.4	20	16.91	9.7	0	8	5	
2019-07-19 06:50:00	57.12171	18.0093	11	40	0	1	350	0.009	13.4	20	16.985	9.7	0	8	5	
2019-07-19 07:00:00	57.12336	18.01023	13	41	0	1	350	0.009	13.4	20	16.997	9.7	0	8	5	
2019-07-19 07:10:00	57.12471	18.00993	12	42	0	2	350	0.009	13.5	20	17.239	9.74	0	8	5	
2019-07-19 07:20:00	57.12636	18.00975	12	43	0	1	350	0.009	13.5	21	17.222	9.73	0	8	5	
2019-07-19 07:30:00	57.12804	18.00894	11	44	0	1	350	0.009	13.5	21	17.369	9.77	0	8	5	
2019-07-19 07:40:00	57.12969	18.00867	11	45	0	1	360	0.009	13.5	21	17.538	9.81	0	8	5	
2019-07-19 07:50:00	57.13134	18.0084	11	46	0	1	350	0.009	13.5	22	17.479	9.79	0	8	5	
2019-07-19 08:10:00	57.13368	18.00654	11	48	0		350	0.011	13.5	22	17.533	9.81	0	8	5	
2019-07-19 08:20:00	57.13497	18.00501	11	49	0	1	350	0.009	13.6	22	17.501	9.79	0	8	5	
2019-07-19 08:30:00	57.13689	18.00414	12	50	0	2	350	0.009	13.6	23	17.428	9.8	0	8	5	
2019-07-19 08:40:00	57.1389	18.00321	11	51	0	1	350	0.009	13.9	23	17.566	9.86	0	8	5	
2019-07-19 08:50:00	57.14091	18.00258	11	52	0	2	350	0.009	13.9	23	17.805	9.94	0	8	5	
2019-07-19 09:00:00	57.14286	18.00267	12	53	0	1	350	0.009	14	23	17.709	9.91	0	8	5	
2019-07-19 09:10:00	57.14463	18.00336	11	54	0	1	360	0.009	14	24	17.856	9.94	0	8	5	
2019-07-19 09:20:00	57.14658	18.00441	12	55	0	1	350	0.009	14	24	17.791	9.93	0	8	5	
2019-07-19 09:30:00	57.14877	18.00576	12	56	0	1	350	0.009	14	24	17.805	9.92	0	8	5	
2019-07-19 09:40:00	57.15078	18.0072	11	57	0	1	350	0.011	14	24	17.764	9.92	0	8	5	
2019-07-19 09:50:00	57.1527	18.00858	12	58	0	1	350	0.009	14	25	18.104	10.03	0	8	5	
2019-07-19 10:00:00	57.15495	18.01032	12	59	0	1	350	0.009	14	25	18.023	10.01	0	8	5	
2019-07-19 10:10:00	57.15747	18.01257	41	0	0	1	380	0.009	14	25	17.868	9.98	0	8	5	
2019-07-19 10:20:00	57.15978	18.01428	11	1	0	1	350	0.009	14	25	17.966	10	0	8	5	
2019-07-19 10:30:00	57.16242	18.01653	12	2	0	1	350	0.009	14	25	17.841	9.98	0	8	5	
2019-07-19 10:40:00	57.16539	18.01917	12	3	0	1	350	0.009	14	25	17.922	9.99	0	8	5	
2019-07-19 10:50:00	57.1686	18.02181	12	4	0	1	350	0.009	14	25	17.949	10	0	8	5	
2019-07-19 11:00:00	57.17169	18.0243	11	5	0	1	350	0.009	14	25	17.991	10.01	0	8	5	
2019-07-19 11:10:00	57.17484	18.02742	12	6	0	1	350	0.009	14	25	17.965	9.99	0	8	5	
2019-07-19 11:20:00	57.17817	18.03042	12	7	0	1	350	0.009	14	25	17.837	9.92	0	8	5	
2019-07-19 11:30:00	57.1815	18.03339	12	8	0	1	350	0.009	14	25	17.922	9.91	0	8	5	
2019-07-19 11:40:00	57.18501	18.03639	12	9	0	1	350	0.009	14	25	17.921	9.92	0	8	5	
2019-07-19 11:50:00	57.18846	18.0393	12	10	0	1	350	0.009	14	25	17.908	9.92	0	8	5	
2019-07-19 12:00:00	57.19224	18.04092	13	11	0	3	350	0.009	14	25	17.994	9.97	0	8	5	
2019-07-19 12:10:00	57.19602	18.04209	12	12	0	1	350	0.009	14	25	18.041	9.98	0	8	5	
2019-07-19 12:20:00	57.19938	18.04407	12	13	0	3	350	0.009	14	25	18.121	10.01	0	8	5	
2019-07-19 12:30:00	57.20295	18.04605	13	14	0	1	350	0.009	14	25	18.194	10.06	0	8	5	
2019-07-19 12:40:00	57.2067	18.04818	15	15	0	1	360	0.009	14	25	18.222	10.08	0	8	5	
2019-07-19 12:50:00	57.21045	18.04947	15	16	0	1	360	0.009	14	24	18.183	10.06	0	8	5	
2019-07-19 13:00:00	57.21435	18.05154	41	17	0	1	390	0.009	14	25	18.266	10.1	0	8	5	
2019-07-19 13:10:00	57.21798	18.05166	11	18	0	1	350	0.009	14	24	18.068	10.15	0	8	5	
2019-07-19 13:20:00	57.22176	18.05223	11	19	0	1	350	0.009	14	24	18.06	10.16	0	8	5	
2019-07-19 13:30:00	57.22584	18.05241	12	20	0	1	350	0.009	14	24	17.992	10.17	0	8	5	
2019-07-19 13:40:00	57.22998	18.05385	11	21	0	1	350	0.009	14	24	17.914	10.16	0	8	5	
2019-07-19 13:50:00	57.23157	18.05085	12	22	0	1	350	0.009	14	23	17.983	10.14	0	8	5	
2019-07-19 14:00:00	57.23286	18.04737	12	23	0	1	60	0.009	14	23	17.889	10.12	1	8	0	
2019-07-19 14:10:00	57.23388	18.04461	12	24	0	1	350	0.009	14	22	17.773	10.1	0	8	5	
2019-07-19 14:20:00	57.23529	18.04137	12	25	0	1	350	0.009	14	22	17.837	10.08	0	8	5	
2019-07-19 14:30:00	57.23682	18.03762	12	26	0	1	350	0.009	14	22	17.906	10.14	0	8	5	
2019-07-19 14:40:00	57.23805	18.03384	12	27	0	1	350	0.009	14	21	17.959	10.1	0	8	5	
2019-07-19 14:50:00	57.2391	18.03069	13	28	0	1	350	0.009	14	21	17.904	10.03	0	8	5	
2019-07-19 15:00:00	57.24048	18.0279	13	29	0	1	350	0.009	14.1	21	17.848	10.02	0	8	5	
2019-07-19 15:10:00	57.24171	18.0249	13	30	0	1	350	0.009	13.9	21	17.774	10.04	0	8	5	
2019-07-19 15:20:00	57.243	18.02202	13	31	0	1	350	0.009	14.1	21	17.743	10.06	0	8	5	
2019-07-19 15:30:00	57.24456	18.01947	14	32	0	1	360	0.009	14.1	21	18.012	10.05	0	8	5	
2019-07-19 15:40:00	57.24603	18.01689	41	33	0	1	380	0.009	14.1	21	17.946	10.04	0	8	5	
2019-07-19 15:50:00	57.24735	18.01503	11	34	0	1	350	0.009	14.1	20	17.888	10.02	0	8	5	
2019-07-19 16:00:00	57.24852	18.01284	12	35	0	1	350	0.009	14.1	20	17.797	9.98	0	8	5	
2019-07-19 16:10:00	57.2493	18.01095	13	36	0	1	350	0.011	14	20	17.808	10	0	8	5	
2019-07-19 16:20:00	57.25014	18.0084	13	37	0	2	350	0.009	13.9	20	17.787	9.93	0	8	5	
2019-07-19 16:40:00	57.25152	18.00405	13	39	0		350	0.009	13.8	20	17.642	9.89	0	8	5	
2019-07-19 16:50:00	57.25251	18.00102	12	40	0	1	350	0.011	13.7	20	17.544	9.87	0	8	5	
2019-07-19 17:00:00	57.25344	17.99865	12	41	0	1	350	0.009	13.6	20	17.427	9.83	0	8	5	
2019-07-19 17:10:00	57.25431	17.99616	12	42	0	1	60	0.009	13.6	20	17.42	9.86	1	8	0	
2019-07-19 17:20:00	57.25503	17.9946	12	43	0	1	350	0.011	13.6	19	17.338	9.84	0	8	5	
2019-07-19 17:30:00	57.25581	17.99253	13	44	0	1	350	0.011	13.6	19	17.333	9.85	0	8	5	
2019-07-19 17:40:00	57.25629	17.991	13	45	0	1	360	0.009	13.6	19	17.347	9.85	0	8	5	
2019-07-19 17:50:00	57.25764	17.9943	13	46	0	1	350	0.009	13.6	19	17.329	9.84	0	8	5	
2019-07-19 18:00:00	57.25869	17.99796	40	47	0	1	380	0.009	13.5	19	17.35	9.82	0	8	5	
2019-07-19 18:10:00	57.25902	18.00081	11	48	0	1	350	0.009	13.5	19	17.398	9.85	0	8	5	
2019-07-19 18:20:00	57.25914	18.00426	11	49	0	1	350	0.009	13.5	19	17.457	9.86	0	8	5	
2019-07-19 18:30:00	57.25887	18.00795	11	50	0	1	350	0.009	13.5	19	17.533	9.87	0	8	5	
2019-07-19 18:40:00	57.25866	18.01155	11	51	0	1	350	0.009	13.5	19	17.583	9.88	0	8	5	
2019-07-19 18:50:00	57.25917	18.00972	13	52	0	1	350	0.009	13.4	19	17.532	9.87	0	8	5	
2019-07-19 19:00:00	57.25911	18.00738	12	53	0	1	350	0.011	13.4	19	17.417	9.85	0	8	5	
2019-07-19 19:10:00	57.25914	18.00531	12	54	0	1	350	0.009	13.4	19	17.312	9.82	0	8	5	
2019-07-19 19:20:00	57.25914	18.00336	12	55	0	1	350	0.009	13.4	19	17.177	9.81	0	8	5	
2019-07-19 19:30:00	57.25923	18.00114	41	56	0	1	380	0.009	13.4	19	17.168	9.82	0	8	5	
2019-07-19 19:40:00	57.25941	17.99919	11	57	0	1	350	0.009	13.4	19	17.12	9.82	0	8	5	
2019-07-19 19:50:00	57.25965	17.99676	11	58	0	1	360	0.009	13.4	19	17.185	9.86	0	8	5	
2019-07-19 20:00:00	57.26034	17.99385	11	59	0	1	350	0.009	13.3	19	17.198	9.89	0	8	5	
2019-07-19 20:10:00	57.26106	17.99082	12	0	0	1	350	0.009	13.3	19	17.108	9.86	0	8	5	
2019-07-19 20:20:00	57.2619	17.98761	11	1	0	1	350	0.009	13.3	19	17.094	9.85	0	8	5	
2019-07-19 20:30:00	57.26319	17.98461	12	2	0	1	350	0.011	13.3	19	17.1	9.87	0	8	5	
2019-07-19 20:40:00	57.26436	17.98107	11	3	0	2	350	0.009	13.3	19	17.204	9.92	0	8	5	
2019-07-19 20:50:00	57.26616	17.97825	11	4	0	1	350	0.011	13.3	19	17.249	9.93	0	8	5	
2019-07-19 21:00:00	57.26745	17.97435	11	5	0	1	350	0.009	13.3	19	17.191	9.9	0	8	5	
2019-07-19 21:10:00	57.26886	17.97078	12	6	0	1	60	0.009	13.3	19	17.214	9.9	1	8	0	
2019-07-19 21:20:00	57.26991	17.96694	11	7	0	1	350	0.009	13.3	18	17.206	9.91	0	8	5	
2019-07-19 21:30:00	57.27063	17.96577	11	8	0	2	350	0.009	13.3	18	17.196	9.9	0	8	5	
2019-07-19 21:40:00	57.2697	17.96733	12	9	0	1	350	0.011	13.3	18	17.222	9.92	0	8	5	
2019-07-19 21:50:00	57.27129	17.96394	12	10	0	1	350	0.009	13.3	18	17.19	9.91	0	8	5	
2019-07-19 22:00:00	57.27285	17.9592	40	11	0	3	380	0.009	13.3	19	17.235	9.92	0	8	5	
2019-07-19 22:10:00	57.27489	17.95527	41	12	0	1	380	0.009	13.3	19	17.197	9.9	0	8	5	
2019-07-19 22:20:00	57.27651	17.95152	12	13	0	1	350	0.009	13.3	19	17.186	9.89	0	8	5	
2019-07-19 22:30:00	57.2787	17.94744	12	14	0	1	350	0.009	13.3	19	17.171	9.89	0	8	5	
2019-07-19 22:40:00	57.28071	17.94297	12	15	0	1	350	0.009	13.3	19	17.195	9.9	0	8	5	
2019-07-19 22:50:00	57.28266	17.93889	12	16	0	1	350	0.009	13.3	18	17.32	9.93	0	8	5	
2019-07-19 23:00:00	57.2844	17.9352	12	17	0	1	360	0.009	13.3	18	17.401	9.93	0	8	5	
2019-07-19 23:10:00	57.28575	17.93238	12	18	0	1	350	0.009	13.3	18	17.472	9.97	0	8	5	
2019-07-19 23:20:00	57.28725	17.9304	12	19	0	1	350	0.011	13.3	18	17.483	9.96	0	8	5	
2019-07-19 23:30:00	57.28854	17.92746	12	20	0	1	350	0.009	13.3	18	17.462	9.95	0	8	5	
2019-07-19 23:40:00	57.28965	17.92473	12	21	0	1	360	0.009	13.3	19	17.46	9.94	0	8	5	
2019-07-19 23:50:00	57.2904	17.92197	12	22	0	1	350	0.009	13.3	18	17.463	9.94	0	8	5	
2019-07-20 00:00:00	57.2913	17.91831	28	23	0	1	370	0.009	13.3	19	17.376	9.92	0	8	5	
2019-07-20 00:10:00	57.29232	17.91447	13	24	0	1	350	0.009	13.3	19	17.351	9.9	0	8	5	
2019-07-20 00:20:00	57.29349	17.91075	12	25	0	1	60	0.009	13.3	19	17.266	9.91	1	8	0	
2019-07-20 00:30:00	57.29589	17.90739	12	26	0	1	350	0.009	13.3	18	16.963	9.83	0	8	5	
2019-07-20 00:40:00	57.2988	17.90373	38	27	0	1	380	0.009	13.3	19	16.711	9.77	0	8	5	
2019-07-20 00:50:00	57.30201	17.90082	11	28	0	1	350	0.011	13.3	18	16.806	9.82	0	8	5	
2019-07-20 01:00:00	57.30504	17.8971	11	29	0	1	350	0.009	13.3	18	17.018	9.92	0	8	5	
2019-07-20 01:10:00	57.30882	17.89455	11	30	0	1	60	0.009	13.3	18	17.071	9.94	1	8	0	
2019-07-20 01:20:00	57.31299	17.8929	12	31	0	1	350	0.009	13.3	18	17.126	9.97	0	8	5	
2019-07-20 01:30:00	57.31722	17.89113	11	32	0	1	350	0.011	13.3	18	17.279	10.03	0	8	5	
2019-07-20 01:40:00	57.32142	17.88948	14	33	0	1	350	0.011	13.3	18	17.399	10.08	0	8	5	
2019-07-20 01:50:00	57.32505	17.88771	14	34	0	1	360	0.009	13.3	18	17.426	10.09	0	8	5	
2019-07-20 02:00:00	57.3291	17.88582	15	35	0	1	360	0.009	13.3	18	17.422	10.1	0	8	5	
2019-07-20 02:10:00	57.33354	17.88303	41	36	0	1	380	0.009	13.3	19	17.273	10.07	0	8	5	
2019-07-20 02:20:00	57.33378	17.88681	11	37	0	1	350	0.009	13.3	18	17.312	10.07	0	8	5	
2019-07-20 02:30:00	57.33507	17.88258	11	38	0	1	350	0.009	13.3	18	17.272	10.07	0	8	5	
2019-07-20 02:40:00	57.336	17.87784	12	39	0	1	350	0.009	13.3	18	17.221	10.06	0	8	5	
2019-07-20 02:50:00	57.33702	17.8725	12	40	0	1	350	0.011	13.3	18	17.22	10.06	0	8	5	
2019-07-20 03:00:00	57.33783	17.86767	11	41	0	1	350	0.009	13.3	18	17.219	10.07	0	8	5	
2019-07-20 03:10:00	57.33849	17.86293	12	42	0	1	350	0.009	13.3	19	17.146	10.04	0	8	5	
2019-07-20 03:20:00	57.33933	17.85783	11	43	0	1	350	0.009	13.3	19	17.154	10.05	0	8	5	
2019-07-20 03:30:00	57.33981	17.85339	11	44	0	1	350	0.009	13.3	19	17.181	10.06	0	8	5	
2019-07-20 03:40:00	57.34047	17.84871	11	45	0	1	350	0.009	13.3	19	17.136	10.04	0	8	5	
2019-07-20 03:50:00	57.34113	17.84403	12	46	0	1	350	0.009	13.3	19	17.218	10.07	0	8	5	
2019-07-20 04:00:00	57.34179	17.83968	11	47	0	2	350	0.009	13.3	19	17.158	10.05	0	8	5	
2019-07-20 04:10:00	57.3423	17.83527	11	48	0	1	350	0.009	13.3	19	17.156	10.04	0	8	5	
2019-07-20 04:20:00	57.3429	17.83824	12	49	0	1	350	0.009	13.3	19	17.147	10.04	0	8	5	
2019-07-20 04:30:00	57.34371	17.83479	12	50	0	1	360	0.009	13.3	19	17.155	10.05	0	8	5	
2019-07-20 04:40:00	57.34395	17.83086	41	51	0	2	380	0.009	13.4	19	17.105	10.03	0	8	5	
2019-07-20 04:50:00	57.34398	17.82732	11	52	0	1	350	0.009	13.4	19	17.11	10.03	0	8	5	
2019-07-20 05:00:00	57.34416	17.82282	12	53	0	1	350	0.009	13.4	19	17.157	10.04	0	8	5	
2019-07-20 05:10:00	57.34428	17.81883	12	54	0	1	350	0.011	13.4	19	17.187	10.04	0	8	5	
2019-07-20 05:20:00	57.34446	17.81397	12	55	0	1	350	0.011	13.4	19	17.057	10.01	0	8	5	
2019-07-20 05:30:00	57.34533	17.81754	12	56	0	1	350	0.011	13.4	19	17.185	10.04	0	8	5	
2019-07-20 05:40:00	57.34539	17.82159	11	57	0	1	350	0.009	13.4	19	17.14	10.03	0	8	5	
2019-07-20 05:50:00	57.34572	17.82666	12	58	0	1	350	0.009	13.3	19	17.074	10.02	0	8	5	
2019-07-20 06:00:00	57.34602	17.83179	12	59	0	1	350	0.009	13.3	19	17.032	10	0	8	5	
2019-07-20 06:10:00	57.34692	17.82789	12	0	0	1	350	0.009	13.4	19	17.066	10.02	0	8	5	
2019-07-20 06:20:00	57.34758	17.83155	12	1	0	1	350	0.009	13.4	19	17.053	10.02	0	8	5	
2019-07-20 06:30:00	57.34737	17.8359	12	2	0	1	350	0.009	13.4	19	17.104	10.03	0	8	5	
2019-07-20 06:40:00	57.34734	17.83929	12	3	0	1	350	0.009	13.3	19	17.18	10.05	0	8	5	
2019-07-20 06:50:00	57.34734	17.84322	12	4	0	1	350	0.009	13.3	19	17.221	10.06	0	8	5	
2019-07-20 07:00:00	57.34758	17.84823	12	5	0	1	350	0.009	13.3	19	17.304	10.08	0	8	5	
2019-07-20 07:10:00	57.34857	17.84529	12	6	0	1	350	0.009	13.4	19	17.264	10.08	0	8	5	
2019-07-20 07:20:00	57.35244	17.84895	12	7	0	1	350	0.009	13.4	19	17.376	10.11	0	8	5	
2019-07-20 07:30:00	57.35667	17.85279	12	8	0	1	350	0.009	13.5	19	17.401	10.12	0	8	5	
2019-07-20 07:40:00	57.36096	17.85522	12	9	0	1	350	0.009	13.5	19	17.469	10.14	0	8	5	
2019-07-20 07:50:00	57.36549	17.85819	12	10	0	1	350	0.009	13.5	20	17.458	10.13	0	8	5	
2019-07-20 08:00:00	57.37074	17.85987	40	11	0	1	380	0.009	13.5	20	17.455	10.12	0	8	5	
2019-07-20 08:10:00	57.37536	17.86275	12	12	0	1	350	0.009	13.5	20	17.363	10.09	0	8	5	
2019-07-20 08:20:00	57.38067	17.86362	12	13	0	1	350	0.009	13.5	21	17.205	10.01	0	8	5	
2019-07-20 08:30:00	57.3858	17.8665	12	14	0	1	350	0.009	13.5	21	17.092	9.96	0	8	5	
2019-07-20 08:40:00	57.3909	17.86974	12	15	0	1	360	0.009	13.5	21	16.839	9.86	0	8	5	
2019-07-20 08:50:00	57.39255	17.87379	12	16	0	1	350	0.009	13.6	21	16.791	9.82	0	8	5	
2019-07-20 09:00:00	57.39288	17.87874	12	17	0	1	350	0.009	13.5	21	16.868	9.84	0	8	5	
2019-07-20 09:10:00	57.39639	17.88345	12	18	0	1	350	0.009	13.9	21	16.733	9.79	0	8	5	
2019-07-20 09:20:00	57.39699	17.88834	12	19	0	1	60	0.009	13.9	21	16.747	9.77	1	8	0	
2019-07-20 09:30:00	57.3969	17.89209	12	20	0	1	350	0.009	13.9	20	16.687	9.74	0	8	5	
2019-07-20 09:40:00	57.40011	17.89602	12	21	0	1	350	0.009	14	20	17.003	9.85	0	8	5	
2019-07-20 09:50:00	57.4005	17.90004	12	22	0	1	350	0.009	14	20	16.972	9.82	0	8	5	
2019-07-20 10:00:00	57.40038	17.90655	41	23	0	1	380	0.009	13.9	21	17.046	9.83	0	8	5	
2019-07-20 10:10:00	57.40005	17.91132	11	24	0	2	350	0.009	13.9	20	17.105	9.85	0	8	5	
2019-07-20 10:20:00	57.39948	17.91597	12	25	0	1	350	0.009	14	20	17.165	9.86	0	8	5	
2019-07-20 10:30:00	57.39879	17.92038	11	26	0	1	350	0.009	14	20	17.277	9.86	0	8	5	
2019-07-20 10:40:00	57.39792	17.92521	11	27	0	1	350	0.009	13.9	20	17.296	9.88	0	8	5	
2019-07-20 10:50:00	57.39723	17.93007	11	28	0	1	350	0.009	14	20	17.624	10.01	0	8	5	
2019-07-20 11:00:00	57.39606	17.93487	12	29	0	1	350	0.009	13.9	20	17.721	10.03	0	8	5	
2019-07-20 11:10:00	57.39825	17.9418	12	30	0	1	350	0.009	13.9	20	18.046	10.14	0	8	5	
2019-07-20 11:20:00	57.39777	17.94768	12	31	0	1	350	0.009	13.9	21	18.116	10.19	0	8	5	
2019-07-20 11:30:00	57.39594	17.95311	12	32	0	1	350	0.009	14	21	18.15	10.22	0	8	5	
2019-07-20 11:40:00	57.39765	17.96136	12	33	0	1	350	0.011	14	21	18.377	10.35	0	8	5	
2019-07-20 11:50:00	57.39618	17.96709	12	34	0	1	360	0.009	14	21	18.385	10.35	0	8	5	
2019-07-20 12:00:00	57.39435	17.97228	12	35	0	1	350	0.009	13.9	21	18.367	10.31	0	8	5	
2019-07-20 12:10:00	57.39588	17.97987	12	36	0	1	350	0.009	14	21	18.506	10.41	0	8	5	
2019-07-20 12:20:00	57.39657	17.97735	12	37	0	1	350	0.009	14	21	18.513	10.41	0	8	5	
2019-07-20 12:30:00	57.39576	17.98278	12	38	0	1	350	0.009	14	21	18.519	10.41	0	8	5	
2019-07-20 12:40:00	57.39612	17.98122	14	39	0	2	360	0.009	14	21	18.575	10.42	0	8	5	
2019-07-20 12:50:00	57.39624	17.9784	41	40	0	1	380	0.009	14	22	18.551	10.41	0	8	5	
2019-07-20 13:00:00	57.39681	17.97513	12	41	0	1	350	0.011	14	21	18.536	10.4	0	8	5	
2019-07-20 13:10:00	57.39558	17.98011	12	42	0	1	350	0.009	14	21	18.577	10.41	0	8	5	
2019-07-20 13:20:00	57.39606	17.9784	12	43	0	1	350	0.009	14	21	18.574	10.41	0	8	5	
2019-07-20 13:30:00	57.39654	17.9754	12	44	0	1	350	0.009	14	21	18.562	10.41	0	8	5	
2019-07-20 13:40:00	57.39534	17.98089	12	45	0	1	350	0.009	14	21	18.545	10.4	0	8	5	
2019-07-20 13:50:00	57.396	17.97816	15	46	0	1	360	0.009	14	21	18.573	10.41	0	8	5	
2019-07-20 14:00:00	57.39687	17.97369	40	47	0	1	380	0.009	14	21	18.551	10.39	0	8	5	
2019-07-20 14:10:00	57.39546	17.97882	11	48	0	1	350	0.009	14	21	18.547	10.39	0	8	5	
2019-07-20 14:20:00	57.39612	17.97624	12	49	0	1	350	0.009	14	21	18.565	10.4	0	8	5	
2019-07-20 14:30:00	57.39447	17.98092	11	50	0	1	350	0.009	14	21	18.562	10.39	0	8	5	
2019-07-20 14:40:00	57.39519	17.97771	12	51	0	1	350	0.009	14	21	18.542	10.39	0	8	5	
2019-07-20 14:50:00	57.39609	17.97351	12	52	0	1	350	0.009	14	21	18.527	10.37	0	8	5	
2019-07-20 15:00:00	57.39471	17.97831	12	53	0	1	350	0.011	14	21	18.55	10.38	0	8	5	
2019-07-20 15:10:00	57.39852	17.97747	12	54	0	1	350	0.009	14	21	18.517	10.38	0	8	5	
2019-07-20 15:20:00	57.39741	17.98326	12	55	0	1	360	0.009	14	21	18.547	10.39	0	8	5	
2019-07-20 15:30:00	57.39765	17.98038	12	56	0	1	350	0.009	14	21	18.525	10.38	0	8	5	
2019-07-20 15:40:00	57.39744	17.97633	12	57	0	1	350	0.009	13.9	21	18.582	10.4	0	8	5	
2019-07-20 15:50:00	57.39627	17.9802	12	58	0	2	350	0.009	14	21	18.559	10.39	0	8	5	
2019-07-20 16:00:00	57.39663	17.97726	12	59	0	1	350	0.009	14	21	18.584	10.4	0	8	5	
2019-07-20 16:10:00	57.39513	17.98278	12	0	0	1	350	0.009	14.1	20	18.568	10.39	0	8	5	
2019-07-20 16:20:00	57.39567	17.97987	12	1	0	1	350	0.009	14	20	18.578	10.39	0	8	5	
2019-07-20 16:30:00	57.39597	17.97573	12	2	0	2	350	0.009	13.9	20	18.545	10.38	0	8	5	
2019-07-20 16:40:00	57.39465	17.97984	41	3	0	1	380	0.009	14.1	21	18.554	10.39	0	8	5	
2019-07-20 16:50:00	57.39516	17.97756	11	4	0	3	360	0.009	14	21	18.545	10.38	0	8	5	
2019-07-20 17:00:00	57.39543	17.97426	11	5	0	2	350	0.011	13.9	20	18.513	10.37	0	8	5	
2019-07-20 17:10:00	57.39681	17.98068	11	6	0	1	350	0.009	14	20	18.493	10.37	0	8	5	
2019-07-20 17:20:00	57.3975	17.97771	11	7	0	1	360	0.009	13.8	20	18.421	10.33	0	8	5	
2019-07-20 17:30:00	57.39681	17.98092	11	8	0	1	350	0.011	13.8	20	18.461	10.35	0	8	5	
2019-07-20 17:40:00	57.39741	17.9793	11	9	0	1	350	0.011	13.7	20	18.394	10.33	0	8	5	
2019-07-20 17:50:00	57.39702	17.98338	12	10	0	1	350	0.009	13.7	20	18.395	10.32	0	8	5	
2019-07-20 18:00:00	57.39738	17.98119	11	11	0	1	350	0.009	13.6	20	18.335	10.29	0	8	5	
2019-07-20 18:10:00	57.39717	17.97858	11	12	0	1	350	0.009	13.6	20	18.371	10.32	0	8	5	
2019-07-20 18:20:00	57.39711	17.976	12	13	0	1	360	0.009	13.6	20	18.385	10.33	0	8	5	
2019-07-20 18:30:00	57.39711	17.97957	11	14	0	1	350	0.009	13.5	20	18.349	10.31	0	8	5	
2019-07-20 18:40:00	57.39717	17.97759	12	15	0	1	350	0.009	13.5	20	18.355	10.31	0	8	5	
2019-07-20 18:50:00	57.39648	17.97471	13	16	0	1	350	0.009	13.5	20	18.363	10.33	0	8	5	
2019-07-20 19:00:00	57.39639	17.97804	12	17	0	1	350	0.009	13.5	20	18.359	10.33	0	8	5	
2019-07-20 19:10:00	57.39573	17.97549	41	18	0	1	380	0.011	13.4	20	18.356	10.33	0	8	5	
2019-07-20 19:20:00	57.39627	17.97885	11	19	0	1	350	0.009	13.4	20	18.329	10.31	0	8	5	
2019-07-20 19:30:00	57.39477	17.97582	12	20	0	1	350	0.009	13.4	20	18.365	10.34	0	8	5	
2019-07-20 19:40:00	57.39564	17.97987	12	21	0	2	360	0.009	13.4	20	18.332	10.32	0	8	5	
2019-07-20 19:50:00	57.39474	17.97789	12	22	0	1	350	0.009	13.4	20	18.345	10.33	0	8	5	
2019-07-20 20:00:00	57.39492	17.97291	12	23	0	1	360	0.011	13.4	19	18.292	10.31	0	8	5	
2019-07-20 20:10:00	57.39573	17.97591	12	24	0	1	350	0.011	13.3	19	18.267	10.29	0	8	5	
2019-07-20 20:20:00	57.39636	17.97981	12	25	0	1	350	0.009	13.3	19	18.246	10.27	0	8	5	
2019-07-20 20:30:00	57.39549	17.97732	12	26	0	1	350	0.009	13.3	19	18.267	10.3	0	8	5	
2019-07-20 20:40:00	57.39429	17.97459	12	27	0	2	350	0.009	13.3	19	18.316	10.33	0	8	5	
2019-07-20 20:50:00	57.3954	17.97708	12	28	0	3	350	0.009	13.3	19	18.264	10.29	0	8	5	
2019-07-20 21:00:00	57.39639	17.98083	12	29	0	1	350	0.009	13.3	19	18.255	10.28	0	8	5	
2019-07-20 21:10:00	57.39546	17.97831	12	30	0	1	350	0.009	13.3	19	18.271	10.31	0	8	5	
2019-07-20 21:20:00	57.39393	17.97528	14	31	0	1	350	0.011	13.3	19	18.313	10.33	0	8	5	
2019-07-20 21:30:00	57.39579	17.97159	12	32	0	1	350	0.009	13.3	19	18.193	10.27	0	8	5	
2019-07-20 21:40:00	57.39825	17.9748	11	33	0	1	350	0.009	13.3	19	17.964	10.12	0	8	5	
2019-07-20 21:50:00	57.39726	17.97249	33	34	0	1	370	0.009	13.3	19	18.114	10.23	0	8	5	
2019-07-20 22:00:00	57.39516	17.96976	12	35	0	1	350	0.009	13.3	19	18.23	10.3	0	8	5	
2019-07-20 22:10:00	57.39759	17.97186	12	36	0	1	350	0.009	13.3	19	18.119	10.24	0	8	5	
2019-07-20 22:20:00	57.39621	17.96859	12	37	0	1	350	0.011	13.3	19	18.206	10.29	0	8	5	
2019-07-20 22:30:00	57.39858	17.97057	12	38	0	1	350	0.009	13.3	19	18.087	10.22	0	8	5	
2019-07-20 22:40:00	57.39762	17.96712	12	39	0	1	350	0.009	13.3	19	18.172	10.28	0	8	5	
2019-07-20 22:50:00	57.39942	17.96883	12	40	0	1	350	0.009	13.3	19	18.105	10.25	0	8	5	
2019-07-20 23:00:00	57.40125	17.97201	12	41	0	1	350	0.009	13.3	19	17.957	10.15	0	8	5	
2019-07-20 23:10:00	57.40035	17.96901	12	42	0	1	350	0.011	13.3	19	18.08	10.24	0	8	5	
2019-07-20 23:20:00	57.39864	17.96622	12	43	0	1	350	0.011	13.3	19	18.163	10.29	0	8	5	
2019-07-20 23:30:00	57.40113	17.96802	12	44	0	1	350	0.009	13.3	19	18.083	10.25	0	8	5	
2019-07-20 23:40:00	57.39999	17.96616	12	45	0	1	350	0.009	13.3	19	18.147	10.28	0	8	5	
2019-07-20 23:50:00	57.39855	17.96427	12	46	0	1	350	0.011	13.3	19	18.186	10.28	0	8	5	
2019-07-21 00:00:00	57.39678	17.96166	40	47	0	1	380	0.009	13.3	20	18.176	10.28	0	8	5	
2019-07-21 00:10:00	57.39978	17.96346	12	48	0	1	350	0.011	13.3	19	18.167	10.29	0	8	5	
2019-07-21 00:20:00	57.39837	17.96094	12	49	0	1	350	0.009	13.3	19	18.157	10.28	0	8	5	
2019-07-21 00:30:00	57.40143	17.96298	12	50	0	1	360	0.011	13.3	19	18.145	10.29	0	8	5	
2019-07-21 00:40:00	57.40056	17.96124	12	51	0	1	350	0.009	13.3	19	18.137	10.28	0	8	5	
2019-07-21 00:50:00	57.39867	17.95926	12	52	0	1	350	0.009	13.3	19	18.111	10.26	0	8	5	
2019-07-21 01:00:00	57.40131	17.96064	12	53	0	1	350	0.009	13.3	19	18.117	10.27	0	8	5	
2019-07-21 01:10:00	57.39981	17.95854	12	54	0	1	350	0.009	13.3	19	18.078	10.25	0	8	5	
2019-07-21 01:30:00	57.39564	17.95593	12	56	0		60	0.009	13.3	20	17.623	10.05	1	8	0	
2019-07-21 01:40:00	57.39831	17.9562	13	57	0	1	350	0.009	13.3	19	17.853	10.16	0	8	5	
2019-07-21 01:50:00	57.39744	17.95491	12	58	0	1	350	0.011	13.3	19	17.598	10.05	0	8	5	
2019-07-21 02:00:00	57.39618	17.95422	41	59	0	1	380	0.009	13.3	20	17.457	9.98	0	8	5	
2019-07-21 02:10:00	57.39468	17.95392	12	0	0	1	350	0.011	13.3	19	17.454	9.92	0	8	5	
2019-07-21 02:20:00	57.39759	17.95407	12	1	0	3	350	0.009	13.3	19	17.424	9.96	0	8	5	
2019-07-21 02:30:00	57.3966	17.95269	12	2	0	1	350	0.009	13.3	19	17.422	9.92	0	8	5	
2019-07-21 02:40:00	57.39927	17.95416	12	3	0	1	350	0.009	13.3	19	17.442	9.97	0	8	5	
2019-07-21 02:50:00	57.40146	17.95692	12	4	0	1	350	0.011	13.3	19	17.469	9.99	0	8	5	
2019-07-21 03:00:00	57.40395	17.95899	12	5	0	1	360	0.009	13.3	19	17.579	10.04	0	8	5	
2019-07-21 03:10:00	57.4035	17.95836	12	6	0	1	350	0.011	13.3	19	17.383	9.95	0	8	5	
2019-07-21 03:20:00	57.40302	17.958	12	7	0	1	350	0.011	13.3	19	17.389	9.92	0	8	5	
2019-07-21 03:30:00	57.40245	17.9577	12	8	0	1	350	0.009	13.3	19	17.455	9.93	0	8	5	
2019-07-21 03:40:00	57.40074	17.95704	12	9	0	1	350	0.009	13.3	19	17.342	9.91	0	8	5	
2019-07-21 03:50:00	57.399	17.95593	13	10	0	1	350	0.011	13.3	19	17.416	9.93	0	8	5	
2019-07-21 04:00:00	57.40158	17.95539	13	11	0	1	350	0.009	13.3	19	17.355	9.93	0	8	5	
2019-07-21 04:10:00	57.40047	17.95404	41	12	0	3	380	0.009	13.3	19	17.38	9.93	0	8	5	
2019-07-21 04:20:00	57.39921	17.95323	12	13	0	1	360	0.009	13.3	19	17.417	9.93	0	8	5	
2019-07-21 04:30:00	57.39747	17.95227	12	14	0	1	350	0.009	13.3	19	17.459	9.92	0	8	5	
2019-07-21 04:40:00	57.39552	17.95149	13	15	0	1	350	0.009	13.4	19	17.388	9.89	0	8	5	
2019-07-21 04:50:00	57.39345	17.95092	12	16	0	1	350	0.009	13.4	19	17.268	9.85	0	8	5	
2019-07-21 05:00:00	57.39597	17.9511	14	17	0	1	350	0.009	13.4	19	17.327	9.87	0	8	5	
2019-07-21 05:10:00	57.39891	17.95305	18	18	0	1	360	0.009	13.4	19	17.355	9.88	0	8	5	
2019-07-21 05:20:00	57.39807	17.95185	13	19	0	1	350	0.011	13.4	19	17.316	9.87	0	8	5	
2019-07-21 05:30:00	57.40092	17.95296	12	20	0	1	360	0.009	13.4	19	17.357	9.88	0	8	5	
2019-07-21 05:40:00	57.39999	17.95176	12	21	0	1	350	0.011	13.4	19	17.344	9.88	0	8	5	
2019-07-21 05:50:00	57.39795	17.95068	12	22	0	1	360	0.009	13.4	19	17.314	9.87	0	8	5	
2019-07-21 06:00:00	57.396	17.94954	12	23	0	1	350	0.011	13.4	19	17.396	9.89	0	8	5	
2019-07-21 06:10:00	57.39819	17.94972	12	24	0	1	350	0.009	13.4	19	17.397	9.89	0	8	5	
2019-07-21 06:20:00	57.39735	17.94843	12	25	0	2	350	0.009	13.4	19	17.439	9.9	0	8	5	
2019-07-21 06:40:00	57.39834	17.94639	12	27	0	1	350	0.009	13.4	20	17.449	9.9	0	8	5	
2019-07-21 06:50:00	57.39663	17.94561	12	28	0	1	350	0.009	13.5	20	17.468	9.9	0	8	5	
2019-07-21 07:00:00	57.39543	17.94465	12	29	0	1	350	0.009	13.5	20	17.482	9.92	0	8	5	
2019-07-21 07:10:00	57.39444	17.94333	12	30	0	1	350	0.009	13.5	20	17.501	9.93	0	8	5	
2019-07-21 07:20:00	57.39516	17.943	13	31	0	1	350	0.009	13.4	20	17.509	9.93	0	8	5	
2019-07-21 07:30:00	57.39678	17.94264	21	32	0	1	360	0.009	13.4	20	17.523	9.93	0	8	5	
2019-07-21 07:40:00	57.3972	17.94315	13	33	0	1	350	0.011	13.4	20	17.578	9.95	0	8	5	
2019-07-21 07:50:00	57.39837	17.9436	13	34	0	1	350	0.009	13.4	20	17.616	9.96	0	8	5	
2019-07-21 08:00:00	57.39966	17.94471	12	35	0	1	350	0.009	13.4	20	17.677	9.96	0	8	5	
2019-07-21 08:10:00	57.40101	17.94669	12	36	0	1	350	0.009	13.4	20	17.806	9.97	0	8	5	
2019-07-21 08:20:00	57.40296	17.94948	13	37	0	1	350	0.009	13.4	20	17.766	9.97	0	8	5	
2019-07-21 08:40:00	57.40653	17.95656	12	39	0		350	0.009	13.4	20	17.638	9.95	0	8	5	
2019-07-21 08:50:00	57.40746	17.96082	12	40	0	1	350	0.009	13.4	20	17.634	9.94	0	8	5	
2019-07-21 09:00:00	57.40791	17.96511	12	41	0	1	350	0.009	13.4	20	17.564	9.92	0	8	5	
2019-07-21 09:10:00	57.40902	17.96367	12	42	0	1	350	0.009	13.4	20	17.578	9.92	0	8	5	
2019-07-21 09:20:00	57.40998	17.96286	41	43	0	1	380	0.009	13.4	20	17.586	9.92	0	8	5	
2019-07-21 09:30:00	57.41118	17.96118	12	44	0	1	360	0.011	13.4	20	17.583	9.92	0	8	5	
2019-07-21 09:40:00	57.41253	17.96154	11	45	0	1	350	0.009	13.4	20	17.553	9.92	0	8	5	
2019-07-21 09:50:00	57.41325	17.96427	12	46	0	1	350	0.009	13.4	19	17.564	9.92	0	8	5	
2019-07-21 10:00:00	57.41424	17.96496	41	47	0	1	380	0.011	13.4	20	17.565	9.92	0	8	5	
2019-07-21 10:10:00	57.41484	17.96643	12	48	0	1	350	0.009	13.3	20	17.566	9.88	0	8	5	
2019-07-21 10:20:00	57.41469	17.96943	12	49	0	1	350	0.009	13.3	20	17.56	9.89	0	8	5	
2019-07-21 10:30:00	57.41364	17.97357	12	50	0	1	350	0.009	13.3	20	17.517	9.93	0	8	5	
2019-07-21 10:40:00	57.41289	17.9778	12	51	0	1	350	0.009	13.3	19	17.521	9.92	0	8	5	
2019-07-21 10:50:00	57.4119	17.98113	12	52	0	1	350	0.009	13.3	19	17.466	9.89	0	8	5	
2019-07-21 11:00:00	57.41109	17.98338	12	53	0	1	350	0.009	13.3	19	17.402	9.87	0	8	5	
2019-07-21 11:10:00	57.41034	17.98569	12	54	0	1	350	0.009	13.3	19	17.356	9.86	0	8	5	
2019-07-21 11:20:00	57.40935	17.98704	11	55	0	2	350	0.011	13.3	19	17.33	9.85	0	8	5	
2019-07-21 11:30:00	57.40716	17.98725	12	56	0	1	350	0.009	13.3	19	17.348	9.88	0	8	5	
2019-07-21 11:40:00	57.40491	17.98551	12	57	0	1	60	0.009	13.3	19	17.356	9.89	1	8	0	
2019-07-21 11:50:00	57.40233	17.98746	12	58	0	1	350	0.009	13.4	19	17.481	9.92	0	8	5	
2019-07-21 12:00:00	57.40002	17.98959	17	59	0	1	360	0.011	13.4	19	17.319	9.88	0	8	5	
2019-07-21 12:10:00	57.39828	17.991	13	0	0	1	350	0.009	13.4	19	17.319	9.89	0	8	5	
2019-07-21 12:20:00	57.39666	17.99169	16	1	0	2	360	0.011	13.4	20	17.332	9.89	0	8	5	
2019-07-21 12:30:00	57.39519	17.99073	41	2	0	1	380	0.009	13.4	20	17.7	9.95	0	8	5	
2019-07-21 12:40:00	57.39348	17.99238	12	3	0	1	350	0.009	13.4	20	17.56	9.97	0	8	5	
2019-07-21 12:50:00	57.3933	17.99619	11	4	0	1	350	0.009	13.4	19	17.376	9.89	0	8	5	
2019-07-21 13:00:00	57.393	17.99922	11	5	0	1	350	0.009	13.3	19	17.433	9.91	0	8	5	
2019-07-21 13:10:00	57.39252	17.99997	12	6	0	2	350	0.009	13.3	20	17.43	9.9	0	8	5	
2019-07-21 13:20:00	57.39084	17.9958	12	7	0	1	360	0.009	13.3	19	17.332	9.86	0	8	5	
2019-07-21 13:30:00	57.3924	17.99325	12	8	0	1	350	0.009	13.3	19	17.745	9.93	0	8	5	
2019-07-21 13:40:00	57.39357	17.99136	12	9	0	1	350	0.009	13.3	19	17.801	9.94	0	8	5	
2019-07-21 13:50:00	57.39426	17.98935	12	10	0	1	350	0.009	13.3	19	17.844	9.94	0	8	5	
2019-07-21 14:00:00	57.39495	17.98788	12	11	0	1	350	0.011	13.3	19	17.858	9.94	0	8	5	
2019-07-21 14:10:00	57.39567	17.98659	12	12	0	1	350	0.009	13.4	19	17.863	9.94	0	8	5	
2019-07-21 14:20:00	57.39567	17.98602	12	13	0	1	350	0.009	13.3	19	17.873	9.94	0	8	5	
2019-07-21 14:30:00	57.39561	17.98512	12	14	0	1	350	0.009	13.3	20	17.876	9.94	0	8	5	
2019-07-21 14:40:00	57.39525	17.98413	12	15	0	1	350	0.009	13.3	20	17.875	9.94	0	8	5	
2019-07-21 14:50:00	57.39462	17.9829	12	16	0	3	350	0.009	13.3	20	17.887	9.94	0	8	5	
2019-07-21 15:00:00	57.39516	17.98404	12	17	0	1	350	0.009	13.3	20	17.881	9.93	0	8	5	
2019-07-21 15:10:00	57.39432	17.98668	12	18	0	2	350	0.009	13.3	20	17.873	9.93	0	8	5	
2019-07-21 15:20:00	57.39243	17.98929	12	19	0	1	350	0.009	13.3	20	17.812	9.95	0	8	5	
2019-07-21 15:30:00	57.39	17.99052	12	20	0	1	350	0.009	13.3	20	17.353	9.88	0	8	5	
2019-07-21 15:40:00	57.38778	17.99181	13	21	0	1	360	0.009	13.3	19	17.262	9.86	0	8	5	
2019-07-21 15:50:00	57.38595	17.99265	12	22	0	1	350	0.009	13.4	20	17.219	9.86	0	8	5	
2019-07-21 16:00:00	57.38376	17.99424	40	23	0	1	380	0.011	13.4	20	17.104	9.84	0	8	5	
2019-07-21 16:10:00	57.38241	17.99541	11	24	0	1	350	0.009	13.4	20	17.165	9.85	0	8	5	
2019-07-21 16:20:00	57.381	17.99727	11	25	0	1	350	0.009	13.4	19	17.662	9.93	0	8	5	
2019-07-21 16:30:00	57.3792	17.99868	12	26	0	1	350	0.009	13.4	19	17.852	9.97	0	8	5	
2019-07-21 16:40:00	57.37722	17.99946	12	27	0	1	350	0.009	13.4	20	17.94	9.99	0	8	5	
2019-07-21 16:50:00	57.37575	18.00009	12	28	0	2	350	0.009	13.4	20	17.994	9.98	0	8	5	
2019-07-21 17:00:00	57.37488	18.0003	12	29	0	1	350	0.011	13.4	20	18.021	9.99	0	8	5	
2019-07-21 17:10:00	57.37632	17.99946	12	30	0	1	350	0.009	13.4	20	17.999	9.98	0	8	5	
2019-07-21 17:20:00	57.3777	18.00477	12	31	0	1	350	0.011	13.4	20	17.964	9.99	0	8	5	
2019-07-21 17:30:00	57.38022	18.00954	12	32	0	1	350	0.009	13.4	20	17.891	10	0	8	5	
2019-07-21 17:40:00	57.38277	18.01647	12	33	0	1	350	0.011	13.4	20	17.89	10	0	8	5	
2019-07-21 17:50:00	57.38649	18.02103	11	34	0	1	350	0.009	13.4	20	17.844	10	0	8	5	
2019-07-21 18:00:00	57.38958	18.02739	12	35	0	1	350	0.009	13.3	20	17.78	9.99	0	8	5	
2019-07-21 18:10:00	57.3921	18.03456	12	36	0	1	350	0.009	13.3	20	17.642	9.99	0	8	5	
2019-07-21 18:20:00	57.39435	18.04005	11	37	0	1	350	0.009	13.4	20	17.603	9.96	0	8	5	
2019-07-21 18:30:00	57.39774	18.04314	12	38	0	1	350	0.009	13.3	20	17.578	9.95	0	8	5	
2019-07-21 18:40:00	57.40032	18.04071	13	39	0	1	350	0.011	13.3	19	17.509	9.95	0	8	5	
2019-07-21 18:50:00	57.40164	18.04314	15	40	0	1	360	0.011	13.3	19	17.508	9.95	0	8	5	
2019-07-21 19:00:00	57.40203	18.04572	12	41	0	1	350	0.009	13.3	19	17.477	9.95	0	8	5	
2019-07-21 19:10:00	57.4023	18.04941	40	42	0	1	380	0.011	13.3	20	17.454	9.96	0	8	5	
2019-07-21 19:20:00	57.40197	18.05316	11	43	0	1	350	0.009	13.3	19	17.437	9.96	0	8	5	
2019-07-21 19:30:00	57.40128	18.05817	11	44	0	1	350	0.009	13.3	19	17.462	9.97	0	8	5	
2019-07-21 19:40:00	57.40041	18.06399	11	45	0	1	350	0.011	13.3	19	17.47	9.98	0	8	5	
2019-07-21 19:50:00	57.40107	18.06171	12	46	0	1	350	0.011	13.3	19	17.462	9.97	0	8	5	
2019-07-21 20:00:00	57.40146	18.06489	11	47	0	1	350	0.009	13.3	19	17.46	9.98	0	8	5	
2019-07-21 20:10:00	57.40131	18.06954	12	48	0	1	350	0.011	13.3	19	17.488	9.99	0	8	5	
2019-07-21 20:20:00	57.40179	18.07332	12	49	0	1	350	0.011	13.3	19	17.506	10	0	8	5	
2019-07-21 20:30:00	57.40152	18.07704	12	50	0	1	350	0.011	13.3	19	17.559	10.03	0	8	5	
2019-07-21 20:40:00	57.40104	18.08043	11	51	0	1	350	0.009	13.3	19	17.633	10.05	0	8	5	
2019-07-21 20:50:00	57.40035	18.08307	12	52	0	1	350	0.011	13.3	19	17.638	10.05	0	8	5	
2019-07-21 21:10:00	57.39999	18.08475	12	54	0		350	0.009	13.3	19	17.634	10.05	0	8	5	
2019-07-21 21:20:00	57.39756	18.08778	12	55	0	2	360	0.009	13.3	19	17.683	10.06	0	8	5	
2019-07-21 21:30:00	57.39501	18.09054	12	56	0	1	350	0.009	13.3	19	17.725	10.08	0	8	5	
2019-07-21 21:40:00	57.39654	18.08883	11	57	0	1	60	0.009	13.3	19	17.701	10.06	1	8	0	
2019-07-21 21:50:00	57.39489	18.09096	12	58	0	1	350	0.011	13.3	19	17.712	10.07	0	8	5	
2019-07-21 22:00:00	57.39696	18.08928	40	59	0	1	380	0.009	13.3	19	17.671	10.07	0	8	5	
2019-07-21 22:10:00	57.39513	18.09087	12	0	0	1	350	0.009	13.3	19	17.699	10.07	0	8	5	
2019-07-21 22:20:00	57.39249	18.09252	12	1	0	1	350	0.009	13.3	19	17.752	10.09	0	8	5	
2019-07-21 22:30:00	57.39408	18.09147	12	2	0	1	350	0.009	13.3	19	17.704	10.08	0	8	5	
2019-07-21 22:40:00	57.39639	18.08844	12	3	0	1	350	0.009	13.3	19	17.634	10.06	0	8	5	
2019-07-21 22:50:00	57.39384	18.09075	12	4	0	1	350	0.009	13.3	19	17.715	10.08	0	8	5	
2019-07-21 23:00:00	57.39597	18.08958	12	5	0	1	350	0.009	13.3	19	17.654	10.07	0	8	5	
2019-07-21 23:10:00	57.39375	18.0909	12	6	0	2	350	0.011	13.3	19	17.71	10.08	0	8	5	
2019-07-21 23:20:00	57.39042	18.09279	12	7	0	1	350	0.009	13.3	19	17.763	10.08	0	8	5	
2019-07-21 23:30:00	57.39309	18.09138	12	8	0	1	360	0.009	13.3	19	17.702	10.08	0	8	5	
2019-07-21 23:40:00	57.39528	18.08907	13	9	0	1	360	0.009	13.3	19	17.664	10.07	0	8	5	
2019-07-21 23:50:00	57.39264	18.09027	41	10	0	1	380	0.009	13.3	20	17.704	10.08	0	8	5	
2019-07-22 00:00:00	57.39525	18.08961	12	11	0	1	350	0.009	13.3	19	17.647	10.07	0	8	5	
2019-07-22 00:10:00	57.39204	18.09144	12	12	0	1	350	0.009	13.3	19	17.705	10.08	0	8	5	
2019-07-22 00:20:00	57.39504	18.09129	11	13	0	1	350	0.009	13.3	19	17.649	10.07	0	8	5	
2019-07-22 00:30:00	57.39255	18.09099	12	14	0	1	350	0.009	13.3	19	17.682	10.08	0	8	5	
2019-07-22 00:40:00	57.38895	18.08955	12	15	0	1	350	0.011	13.3	19	17.753	10.08	0	8	5	
2019-07-22 00:50:00	57.39138	18.08982	11	16	0	1	350	0.009	13.3	19	17.707	10.08	0	8	5	
2019-07-22 01:00:00	57.38841	18.08988	12	17	0	1	350	0.011	13.3	19	17.755	10.08	0	8	5	
2019-07-22 01:10:00	57.39087	18.09114	12	18	0	1	350	0.009	13.3	19	17.701	10.08	0	8	5	
2019-07-22 01:20:00	57.3888	18.08973	12	19	0	2	350	0.009	13.3	19	17.734	10.08	0	8	5	
2019-07-22 01:30:00	57.38517	18.08742	12	20	0	1	350	0.009	13.3	19	17.769	10.09	0	8	5	
2019-07-22 01:40:00	57.3876	18.08841	12	21	0	1	350	0.009	13.3	19	17.74	10.08	0	8	5	
2019-07-22 01:50:00	57.3906	18.08934	12	22	0	2	350	0.009	13.3	19	17.689	10.08	0	8	5	
2019-07-22 02:00:00	57.38676	18.08811	49	23	0	1	390	0.009	13.3	20	17.733	10.08	0	8	5	
2019-07-22 02:10:00	57.38904	18.08931	12	24	0	1	350	0.009	13.3	19	17.696	10.08	0	8	5	
2019-07-22 02:20:00	57.38529	18.08778	12	25	0	1	350	0.009	13.3	19	17.731	10.08	0	8	5	
2019-07-22 02:30:00	57.38763	18.08832	12	26	0	1	350	0.009	13.3	19	17.69	10.08	0	8	5	
2019-07-22 02:40:00	57.39093	18.08865	12	27	0	1	60	0.009	13.3	19	17.647	10.07	1	8	0	
2019-07-22 02:50:00	57.38739	18.0876	12	28	0	1	350	0.009	13.3	19	17.686	10.08	0	8	5	
2019-07-22 03:10:00	57.38628	18.08658	12	30	0		350	0.009	13.3	19	17.669	10.07	0	8	5	
2019-07-22 03:20:00	57.38892	18.08811	12	31	0	2	350	0.009	13.3	19	17.639	10.07	0	8	5	
2019-07-22 03:30:00	57.38493	18.08649	12	32	0	1	350	0.009	13.3	19	17.667	10.07	0	8	5	
2019-07-22 03:40:00	57.38724	18.08721	12	33	0	1	60	0.011	13.3	19	17.632	10.06	1	8	0	
2019-07-22 03:50:00	57.39084	18.08883	12	34	0	1	350	0.009	13.3	19	17.592	10.06	0	8	5	
2019-07-22 04:00:00	57.38727	18.08721	13	35	0	1	350	0.009	13.3	19	17.621	10.06	0	8	5	
2019-07-22 04:10:00	57.39	18.08826	12	36	0	1	350	0.009	13.3	19	17.59	10.06	0	8	5	
2019-07-22 04:20:00	57.38715	18.08649	41	37	0	1	380	0.011	13.3	20	17.597	10.06	0	8	5	
2019-07-22 04:30:00	57.38982	18.08763	12	38	0	1	350	0.009	13.3	19	17.579	10.06	0	8	5	
2019-07-22 04:40:00	57.38628	18.08571	12	39	0	1	350	0.009	13.3	19	17.589	10.06	0	8	5	
2019-07-22 04:50:00	57.38898	18.08712	11	40	0	1	360	0.011	13.3	19	17.566	10.06	0	8	5	
2019-07-22 05:00:00	57.38544	18.0849	12	41	0	1	350	0.009	13.3	19	17.573	10.05	0	8	5	
2019-07-22 05:10:00	57.38808	18.08547	12	42	0	1	350	0.011	13.3	19	17.552	10.05	0	8	5	
2019-07-22 05:20:00	57.39141	18.08655	12	43	0	1	350	0.011	13.3	19	17.525	10.04	0	8	5	
2019-07-22 05:30:00	57.38799	18.08499	12	44	0	1	350	0.009	13.3	19	17.553	10.05	0	8	5	
2019-07-22 05:40:00	57.39009	18.08598	11	45	0	1	350	0.009	13.3	19	17.542	10.05	0	8	5	
2019-07-22 05:50:00	57.38718	18.08334	12	46	0	1	350	0.009	13.3	19	17.535	10.04	0	8	5	
2019-07-22 06:00:00	57.38916	18.08457	12	47	0	1	350	0.009	13.3	19	17.541	10.05	0	8	5	
2019-07-22 06:10:00	57.38553	18.08187	12	48	0	1	360	0.009	13.3	19	17.509	10.03	0	8	5	
2019-07-22 06:20:00	57.38793	18.08271	12	49	0	1	350	0.009	13.4	19	17.546	10.05	0	8	5	
2019-07-22 06:30:00	57.39159	18.0837	12	50	0	1	350	0.011	13.4	19	17.463	10.02	0	8	5	
2019-07-22 06:40:00	57.38772	18.08169	13	51	0	2	350	0.009	13.4	19	17.544	10.05	0	8	5	
2019-07-22 06:50:00	57.39075	18.08238	13	52	0	1	350	0.009	13.4	19	17.467	10.02	0	8	5	
2019-07-22 07:00:00	57.38721	18.07911	12	53	0	1	350	0.009	13.4	19	17.539	10.05	0	8	5	
2019-07-22 07:10:00	57.39024	18.07986	12	54	0	2	350	0.009	13.4	19	17.487	10.03	0	8	5	
2019-07-22 07:20:00	57.38664	18.07653	13	55	0	1	350	0.009	13.5	19	17.529	10.04	0	8	5	
2019-07-22 07:30:00	57.38952	18.07698	12	56	0	1	360	0.009	13.5	19	17.509	10.04	0	8	5	
2019-07-22 07:40:00	57.3861	18.07362	41	57	0	1	90	0.009	13.5	20	17.517	10.03	1	8	0	
2019-07-22 07:50:00	57.38886	18.075	11	58	0	2	350	0.009	13.5	19	17.53	10.04	0	8	5	
2019-07-22 08:00:00	57.39273	18.07665	13	59	0	1	360	0.009	13.5	19	17.469	10.03	0	8	5	
2019-07-22 08:10:00	57.3897	18.07497	12	0	0	1	350	0.009	13.5	19	17.525	10.04	0	8	5	
2019-07-22 08:20:00	57.38634	18.07368	12	1	0	1	350	0.009	13.4	20	17.56	10.05	0	8	5	
2019-07-22 08:30:00	57.3891	18.07431	12	2	0	1	350	0.009	13.4	20	17.53	10.04	0	8	5	
2019-07-22 08:40:00	57.3924	18.07383	12	3	0	1	350	0.009	13.4	19	17.488	10.03	0	8	5	
2019-07-22 08:50:00	57.38889	18.07233	13	4	0	1	350	0.011	13.4	19	17.534	10.04	0	8	5	
2019-07-22 09:00:00	57.39186	18.07209	13	5	0	1	350	0.009	13.4	19	17.493	10.03	0	8	5	
2019-07-22 09:10:00	57.38817	18.07065	41	6	0	1	380	0.011	13.4	20	17.542	10.04	0	8	5	
2019-07-22 09:20:00	57.39111	18.07095	12	7	0	1	350	0.009	13.4	19	17.506	10.03	0	8	5	
2019-07-22 09:30:00	57.38745	18.07767	12	8	0	1	350	0.009	13.5	19	17.517	10.04	0	8	5	
2019-07-22 09:40:00	57.39033	18.07815	12	9	0	2	350	0.009	13.5	19	17.484	10.03	0	8	5	
2019-07-22 09:50:00	57.38739	18.07719	12	10	0	1	350	0.009	13.4	19	17.514	10.04	0	8	5	
2019-07-22 10:00:00	57.38982	18.07695	12	11	0	1	350	0.009	13.5	19	17.514	10.04	0	8	5	
2019-07-22 10:10:00	57.39339	18.07539	41	12	0	3	380	0.009	13.5	20	17.506	10.03	0	8	5	
2019-07-22 10:20:00	57.38985	18.07557	12	13	0	1	350	0.011	13.5	20	17.54	10.04	0	8	5	
2019-07-22 10:30:00	57.39258	18.07368	12	14	0	1	350	0.011	13.5	20	17.544	10.04	0	8	5	
2019-07-22 10:40:00	57.38907	18.0744	12	15	0	1	350	0.009	13.5	19	17.57	10.05	0	8	5	
2019-07-22 10:50:00	57.3909	18.075	12	16	0	1	350	0.009	13.5	19	17.587	10.05	0	8	5	
2019-07-22 11:00:00	57.38904	18.07554	12	17	0	1	350	0.009	13.5	20	17.58	10.05	0	8	5	
2019-07-22 11:10:00	57.39084	18.0759	13	18	0	1	350	0.009	13.5	20	17.637	10.06	0	8	5	
2019-07-22 11:20:00	57.38919	18.07767	12	19	0	1	350	0.011	13.5	20	17.657	10.06	0	8	5	
2019-07-22 11:30:00	57.39054	18.07809	12	20	0	1	360	0.009	13.6	20	17.656	10.07	0	8	5	
2019-07-22 11:40:00	57.39279	18.07761	12	21	0	1	350	0.009	13.6	20	17.654	10.07	0	8	5	
2019-07-22 11:50:00	57.39057	18.07896	13	22	0	1	360	0.009	13.6	20	17.709	10.08	0	8	5	
2019-07-22 12:00:00	57.39246	18.07866	41	23	0	1	380	0.009	13.8	20	17.729	10.09	0	8	5	
2019-07-22 12:10:00	57.39009	18.08073	12	24	0	3	350	0.009	13.9	20	17.758	10.09	0	8	5	
2019-07-22 12:20:00	57.39159	18.08061	11	25	0	1	350	0.011	13.9	20	17.736	10.09	0	8	5	
2019-07-22 12:30:00	57.39351	18.07968	11	26	0	1	350	0.009	14	20	17.738	10.09	0	8	5	
2019-07-22 13:00:00	57.39093	18.08244	11	29	0		350	0.009	14	21	17.842	10.12	0	8	5	
2019-07-22 13:10:00	57.3924	18.07998	12	30	0	3	350	0.009	14	21	17.894	10.12	0	8	5	
2019-07-22 13:20:00	57.39393	18.07617	12	31	0	1	350	0.009	14	21	17.933	10.13	0	8	5	
2019-07-22 13:30:00	57.39264	18.08118	12	32	0	1	350	0.009	14	20	17.911	10.13	0	8	5	
2019-07-22 13:40:00	57.39345	18.07884	15	33	0	1	360	0.009	14	21	17.942	10.13	0	8	5	
2019-07-22 13:50:00	57.39525	18.07431	41	34	0	1	380	0.009	14	21	17.947	10.13	0	8	5	
2019-07-22 14:00:00	57.39411	18.07968	12	35	0	1	350	0.011	14	21	17.911	10.13	0	8	5	
2019-07-22 14:10:00	57.39492	18.07635	12	36	0	1	350	0.009	14	20	17.903	10.12	0	8	5	
2019-07-22 14:20:00	57.39627	18.07167	12	37	0	1	350	0.009	14	20	17.878	10.11	0	8	5	
2019-07-22 14:30:00	57.39801	18.0681	12	38	0	1	350	0.009	14	20	17.899	10.12	0	8	5	
2019-07-22 14:40:00	57.3993	18.06315	11	39	0	1	350	0.009	14	20	17.877	10.11	0	8	5	
2019-07-22 14:50:00	57.40065	18.05871	12	40	0	1	350	0.009	14	20	17.749	10.09	0	8	5	
2019-07-22 15:00:00	57.40182	18.054	12	41	0	2	360	0.009	14.1	20	17.719	10.09	0	8	5	
2019-07-22 15:10:00	57.40314	18.04956	12	42	0	1	350	0.009	14	20	17.662	10.09	0	8	5	
2019-07-22 15:20:00	57.40389	18.04425	12	43	0	1	350	0.009	14.1	20	17.545	10.06	0	8	5	
2019-07-22 15:30:00	57.40524	18.0396	12	44	0	1	350	0.009	14.1	20	17.426	10.02	0	8	5	
2019-07-22 15:40:00	57.40632	18.03447	12	45	0	1	350	0.009	14.1	20	17.367	10.02	0	8	5	
2019-07-22 15:50:00	57.40731	18.02907	12	46	0	1	350	0.009	14.1	20	17.384	10.03	0	8	5	
2019-07-22 16:00:00	57.40857	18.02373	40	47	0	1	380	0.009	14.1	20	17.379	10.03	0	8	5	
2019-07-22 16:10:00	57.40962	18.01842	11	48	0	2	350	0.009	14	20	17.367	10.04	0	8	5	
2019-07-22 16:20:00	57.40908	18.02406	11	49	0	2	350	0.009	14.1	19	17.379	10.04	0	8	5	
2019-07-22 16:30:00	57.40785	18.03045	12	50	0	1	350	0.011	14.1	19	17.405	10.05	0	8	5	
2019-07-22 16:40:00	57.40671	18.03603	11	51	0	1	350	0.009	14.1	19	17.406	10.05	0	8	5	
2019-07-22 16:50:00	57.40575	18.04191	11	52	0	1	350	0.009	14.1	19	17.515	10.05	0	8	5	
2019-07-22 17:00:00	57.40488	18.04809	12	53	0	1	350	0.009	14.1	19	17.568	10.08	0	8	5	
2019-07-22 17:10:00	57.40392	18.05403	11	54	0	1	350	0.009	14.1	19	17.651	10.07	0	8	5	
2019-07-22 17:20:00	57.4032	18.06009	12	55	0	1	350	0.009	14.1	19	17.647	10.07	0	8	5	
2019-07-22 17:30:00	57.40245	18.06648	12	56	0	1	350	0.011	14.1	19	17.709	10.07	0	8	5	
2019-07-22 17:40:00	57.40161	18.07194	12	57	0	1	350	0.009	14	19	17.649	10.06	0	8	5	
2019-07-22 17:50:00	57.40077	18.07632	12	58	0	1	350	0.009	14	19	17.662	10.07	0	8	5	
2019-07-22 18:00:00	57.39987	18.07998	12	59	0	1	350	0.009	13.9	19	17.665	10.08	0	8	5	
2019-07-22 18:10:00	57.40095	18.07773	12	0	0	1	350	0.011	13.8	19	17.661	10.07	0	8	5	
2019-07-22 18:20:00	57.40065	18.0819	12	1	0	1	350	0.009	13.7	19	17.677	10.08	0	8	5	
2019-07-22 18:30:00	57.4017	18.07926	12	2	0	1	350	0.009	13.7	19	17.65	10.07	0	8	5	
2019-07-22 18:40:00	57.40257	18.07569	12	3	0	1	350	0.009	13.6	19	17.702	10.07	0	8	5	
2019-07-22 18:50:00	57.40218	18.07983	12	4	0	1	360	0.009	13.6	19	17.631	10.06	0	8	5	
2019-07-22 19:00:00	57.40299	18.07827	13	5	0	1	350	0.009	13.5	19	17.648	10.05	0	8	5	
2019-07-22 19:10:00	57.40236	18.08214	25	6	0	1	370	0.009	13.5	19	17.619	10.06	0	8	5	
2019-07-22 19:20:00	57.4035	18.08094	23	7	0	1	360	0.009	13.5	19	17.627	10.06	0	8	5	
2019-07-22 19:30:00	57.40302	18.08403	14	8	0	1	360	0.009	13.4	19	17.63	10.07	0	8	5	
2019-07-22 19:40:00	57.40197	18.08676	41	9	0	1	380	0.009	13.4	19	17.669	10.08	0	8	5	
2019-07-22 19:50:00	57.40068	18.08868	11	10	0	1	60	0.009	13.4	19	17.689	10.1	1	8	0	
2019-07-22 20:00:00	57.39918	18.09108	11	11	0	1	350	0.009	13.4	19	17.732	10.09	0	8	5	
2019-07-22 20:10:00	57.39774	18.09285	12	12	0	2	350	0.009	13.4	19	17.816	10.13	0	8	5	
2019-07-22 20:20:00	57.39846	18.09225	12	13	0	1	350	0.009	13.4	19	17.77	10.11	0	8	5	
2019-07-22 20:30:00	57.39774	18.09414	12	14	0	1	350	0.009	13.4	19	17.812	10.13	0	8	5	
2019-07-22 20:40:00	57.39873	18.09345	12	15	0	1	350	0.009	13.3	19	17.752	10.11	0	8	5	
2019-07-22 21:00:00	57.40056	18.08922	12	17	0		350	0.009	13.3	19	17.666	10.08	0	8	5	
2019-07-22 21:10:00	57.40161	18.08727	12	18	0	1	350	0.009	13.3	19	17.624	10.06	0	8	5	
2019-07-22 21:20:00	57.40059	18.08829	12	19	0	1	350	0.009	13.3	19	17.648	10.07	0	8	5	
2019-07-22 21:30:00	57.39924	18.08853	12	20	0	2	350	0.009	13.3	19	17.666	10.09	0	8	5	
2019-07-22 21:40:00	57.39831	18.08871	12	21	0	1	350	0.009	13.3	19	17.687	10.1	0	8	5	
2019-07-22 21:50:00	57.39669	18.08898	11	22	0	1	350	0.009	13.3	19	17.706	10.1	0	8	5	
2019-07-22 22:00:00	57.3948	18.08886	40	23	0	1	90	0.009	13.3	19	17.694	10.09	1	8	0	
2019-07-22 22:10:00	57.39186	18.08856	11	24	0	1	350	0.011	13.3	18	17.719	10.09	0	8	5	
2019-07-22 22:20:00	57.39366	18.08817	11	25	0	1	350	0.009	13.3	19	17.69	10.09	0	8	5	
2019-07-22 22:30:00	57.39126	18.08814	11	26	0	2	350	0.009	13.3	19	17.702	10.08	0	8	5	
2019-07-22 22:40:00	57.38748	18.08616	12	27	0	1	350	0.009	13.3	19	17.78	10.1	0	8	5	
2019-07-22 22:50:00	57.38979	18.08721	12	28	0	1	350	0.009	13.3	19	17.722	10.08	0	8	5	
2019-07-22 23:00:00	57.38631	18.08535	12	29	0	1	350	0.011	13.3	19	17.779	10.1	0	8	5	
2019-07-22 23:10:00	57.38871	18.08637	12	30	0	1	350	0.009	13.3	19	17.738	10.08	0	8	5	
2019-07-22 23:20:00	57.38655	18.08427	11	31	0	1	350	0.009	13.3	19	17.77	10.09	0	8	5	
2019-07-22 23:30:00	57.38814	18.08493	12	32	0	1	350	0.011	13.3	19	17.736	10.08	0	8	5	
2019-07-22 23:40:00	57.38583	18.08343	12	33	0	1	360	0.009	13.3	19	17.773	10.09	0	8	5	
2019-07-22 23:50:00	57.38772	18.08475	12	34	0	1	350	0.009	13.3	19	17.723	10.08	0	8	5	
2019-07-23 00:00:00	57.38502	18.08247	12	35	0	1	350	0.009	13.3	19	17.77	10.09	0	8	5	
2019-07-23 00:10:00	57.38688	18.08508	12	36	0	1	350	0.009	13.3	19	17.718	10.08	0	8	5	
2019-07-23 00:20:00	57.38415	18.08277	12	37	0	1	350	0.009	13.3	19	17.76	10.09	0	8	5	
2019-07-23 00:30:00	57.3858	18.08481	12	38	0	1	350	0.011	13.3	19	17.72	10.08	0	8	5	
2019-07-23 00:40:00	57.38814	18.08715	12	39	0	1	350	0.009	13.3	19	17.65	10.07	0	8	5	
2019-07-23 00:50:00	57.38574	18.08562	13	40	0	1	350	0.009	13.3	19	17.699	10.08	0	8	5	
2019-07-23 01:00:00	57.38685	18.08733	13	41	0	1	350	0.011	13.3	19	17.649	10.07	0	8	5	
2019-07-23 01:10:00	57.38367	18.0855	41	42	0	1	380	0.009	13.3	20	17.71	10.08	0	8	5	
2019-07-23 01:20:00	57.38505	18.08712	12	43	0	1	350	0.009	13.3	19	17.657	10.07	0	8	5	
2019-07-23 01:30:00	57.38739	18.08877	12	44	0	1	350	0.011	13.3	19	17.674	10.09	0	8	5	
2019-07-23 01:40:00	57.38418	18.0864	13	45	0	1	350	0.011	13.3	19	17.663	10.07	0	8	5	
2019-07-23 01:50:00	57.38601	18.08766	16	46	0	2	360	0.009	13.3	19	17.631	10.07	0	8	5	
2019-07-23 02:00:00	57.38901	18.08904	14	47	0	1	360	0.009	13.3	19	17.655	10.09	0	8	5	
2019-07-23 02:10:00	57.38679	18.0867	16	48	0	1	360	0.009	13.3	19	17.62	10.07	0	8	5	
2019-07-23 02:20:00	57.38385	18.08352	14	49	0	1	360	0.011	13.3	19	17.649	10.07	0	8	5	
2019-07-23 02:30:00	57.38562	18.08586	13	50	0	1	350	0.011	13.3	19	17.612	10.07	0	8	5	
2019-07-23 02:40:00	57.3882	18.0876	41	51	0	1	380	0.009	13.3	19	17.639	10.08	0	8	5	
2019-07-23 02:50:00	57.3855	18.08568	12	52	0	1	350	0.009	13.3	19	17.608	10.07	0	8	5	
2019-07-23 03:00:00	57.38736	18.08688	12	53	0	1	350	0.009	13.3	19	17.636	10.08	0	8	5	
2019-07-23 03:10:00	57.38514	18.08565	12	54	0	1	360	0.009	13.3	19	17.61	10.07	0	8	5	
2019-07-23 03:20:00	57.38667	18.08667	12	55	0	1	360	0.009	13.3	19	17.633	10.08	0	8	5	
2019-07-23 03:30:00	57.38919	18.08718	12	56	0	1	350	0.011	13.3	19	17.604	10.07	0	8	5	
2019-07-23 03:40:00	57.38658	18.08544	12	57	0	1	350	0.009	13.3	19	17.619	10.08	0	8	5	
2019-07-23 03:50:00	57.38835	18.08754	12	58	0	1	350	0.009	13.3	19	17.601	10.07	0	8	5	
2019-07-23 04:00:00	57.38571	18.08568	13	59	0	1	350	0.011	13.3	19	17.623	10.08	0	8	5	
2019-07-23 04:10:00	57.38775	18.087	41	0	0	1	380	0.009	13.3	19	17.596	10.07	0	8	5	
2019-07-23 04:20:00	57.38514	18.08586	13	1	0	1	350	0.009	13.3	19	17.626	10.08	0	8	5	
2019-07-23 04:30:00	57.38652	18.08739	13	2	0	1	350	0.011	13.3	19	17.597	10.07	0	8	5	
2019-07-23 04:40:00	57.3885	18.08817	13	3	0	1	350	0.011	13.3	19	17.588	10.07	0	8	5	
2019-07-23 04:50:00	57.38646	18.08721	14	4	0	1	360	0.009	13.3	19	17.594	10.07	0	8	5	
2019-07-23 05:00:00	57.38787	18.08844	13	5	0	1	350	0.011	13.3	19	17.586	10.06	0	8	5	
2019-07-23 05:10:00	57.38592	18.08748	14	6	0	1	350	0.009	13.3	19	17.596	10.07	0	8	5	
2019-07-23 05:20:00	57.38712	18.08922	13	7	0	1	350	0.009	13.3	19	17.581	10.07	0	8	5	
2019-07-23 05:30:00	57.38529	18.08913	13	8	0	1	360	0.009	13.3	19	17.603	10.07	0	8	5	
2019-07-23 05:40:00	57.38631	18.09039	41	9	0	1	380	0.009	13.3	19	17.609	10.06	0	8	5	
2019-07-23 05:50:00	57.38772	18.0906	12	10	0	1	350	0.011	13.4	19	17.589	10.07	0	8	5	
2019-07-23 06:00:00	57.38928	18.09084	12	11	0	1	350	0.009	13.4	19	17.571	10.06	0	8	5	
2019-07-23 06:10:00	57.38775	18.09138	12	12	0	1	350	0.009	13.4	19	17.627	10.07	0	8	5	
2019-07-23 06:20:00	57.38844	18.09276	12	13	0	1	350	0.009	13.4	19	17.613	10.08	0	8	5	
2019-07-23 06:30:00	57.38721	18.09372	12	14	0	1	350	0.011	13.4	19	17.66	10.07	0	8	5	
2019-07-23 06:40:00	57.38799	18.09438	12	15	0	1	350	0.009	13.4	19	17.68	10.08	0	8	5	
2019-07-23 06:50:00	57.38964	18.09396	12	16	0	1	350	0.009	13.4	19	17.647	10.09	0	8	5	
2019-07-23 07:00:00	57.39123	18.09369	12	17	0	3	350	0.011	13.4	20	17.606	10.07	0	8	5	
2019-07-23 07:20:00	57.39153	18.09462	18	19	0		360	0.009	13.4	20	17.63	10.08	0	8	5	
2019-07-23 07:30:00	57.39306	18.09453	12	20	0	1	350	0.009	13.4	20	17.619	10.08	0	8	5	
2019-07-23 07:40:00	57.39171	18.09534	12	21	0	1	350	0.009	13.4	20	17.674	10.1	0	8	5	
2019-07-23 07:50:00	57.39321	18.09561	13	22	0	1	350	0.009	13.4	20	17.65	10.09	0	8	5	
2019-07-23 08:00:00	57.39165	18.09774	40	23	0	1	380	0.009	13.4	20	17.739	10.12	0	8	5	
2019-07-23 08:10:00	57.39321	18.09792	12	24	0	1	350	0.009	13.5	20	17.726	10.11	0	8	5	
2019-07-23 08:20:00	57.39504	18.09723	11	25	0	1	350	0.009	13.5	20	17.719	10.11	0	8	5	
2019-07-23 08:30:00	57.3966	18.09639	11	26	0	1	360	0.009	13.5	20	17.697	10.1	0	8	5	
2019-07-23 08:40:00	57.39852	18.0951	11	27	0	1	350	0.009	13.5	20	17.658	10.09	0	8	5	
2019-07-23 08:50:00	57.39717	18.0969	11	28	0	1	350	0.009	13.4	20	17.705	10.11	0	8	5	
2019-07-23 09:00:00	57.39516	18.09777	11	29	0	1	350	0.009	13.4	20	17.818	10.13	0	8	5	
2019-07-23 09:10:00	57.39363	18.09903	12	30	0	1	350	0.011	13.4	20	17.802	10.12	0	8	5	
2019-07-23 09:20:00	57.39492	18.0993	12	31	0	1	350	0.009	13.5	20	17.798	10.12	0	8	5	
2019-07-23 09:30:00	57.39399	18.10119	12	32	0	1	350	0.009	13.5	20	17.83	10.13	0	8	5	
2019-07-23 09:40:00	57.3951	18.10161	12	33	0	1	360	0.009	13.5	20	17.918	10.15	0	8	5	
2019-07-23 09:50:00	57.39672	18.10014	12	34	0	1	350	0.009	13.5	20	17.793	10.12	0	8	5	
2019-07-23 10:00:00	57.39822	18.09849	12	35	0	1	350	0.009	13.5	20	17.836	10.13	0	8	5	
2019-07-23 10:10:00	57.39948	18.09612	12	36	0	1	350	0.009	13.5	21	17.83	10.13	0	8	5	
2019-07-23 10:20:00	57.4005	18.09348	12	37	0	1	350	0.009	13.6	21	17.811	10.13	0	8	5	
2019-07-23 10:30:00	57.40158	18.09066	12	38	0	1	350	0.009	13.7	21	17.883	10.17	0	8	5	
2019-07-23 10:40:00	57.40281	18.08799	13	39	0	1	350	0.009	14.1	21	17.97	10.2	0	8	5	
2019-07-23 10:50:00	57.402	18.09159	41	40	0	1	380	0.009	14	21	17.898	10.17	0	8	5	
2019-07-23 11:00:00	57.40317	18.09036	11	41	0	1	350	0.009	14	21	17.979	10.19	0	8	5	
2019-07-23 11:10:00	57.4044	18.08784	11	42	0	1	350	0.009	14	21	18.013	10.2	0	8	5	
2019-07-23 11:20:00	57.40572	18.08466	12	43	0	1	350	0.009	14	21	18.075	10.19	0	8	5	
2019-07-23 11:30:00	57.40458	18.08847	11	44	0	1	350	0.011	14	21	17.987	10.19	0	8	5	
2019-07-23 11:40:00	57.40587	18.08661	11	45	0	1	350	0.009	14	21	18.109	10.2	0	8	5	
2019-07-23 11:50:00	57.40485	18.08922	11	46	0	1	360	0.011	14	21	18.014	10.2	0	8	5	
2019-07-23 12:00:00	57.40287	18.09234	11	47	0	2	350	0.011	14	21	17.987	10.19	0	8	5	
2019-07-23 12:10:00	57.4008	18.0954	11	48	0	1	350	0.009	14	21	18.034	10.2	0	8	5	
2019-07-23 12:20:00	57.39834	18.09936	11	49	0	1	350	0.009	14	20	18.061	10.21	0	8	5	
2019-07-23 12:30:00	57.39975	18.09729	12	50	0	1	350	0.009	14	20	18.021	10.2	0	8	5	
2019-07-23 12:40:00	57.40125	18.09354	12	51	0	2	350	0.009	14	21	18.125	10.23	0	8	5	
2019-07-23 12:50:00	57.40239	18.09024	12	52	0	1	350	0.009	14.1	21	18.242	10.26	0	8	5	
2019-07-23 13:00:00	57.40101	18.09402	13	53	0	2	350	0.009	14.1	20	18.159	10.24	0	8	5	
2019-07-23 13:10:00	57.4026	18.09186	12	54	0	1	350	0.009	13.9	20	18.214	10.25	0	8	5	
2019-07-23 13:20:00	57.4011	18.09618	12	55	0	1	350	0.009	14	20	18.088	10.22	0	8	5	
2019-07-23 13:30:00	57.40269	18.09345	12	56	0	1	350	0.009	14	20	18.182	10.24	0	8	5	
2019-07-23 13:40:00	57.40416	18.08862	41	57	0	1	380	0.009	13.9	21	18.185	10.23	0	8	5	
2019-07-23 13:50:00	57.40566	18.08394	12	58	0	1	360	0.009	14.1	20	18.198	10.25	0	8	5	
2019-07-23 14:00:00	57.40425	18.08889	11	59	0	1	350	0.009	14.1	20	18.201	10.23	0	8	5	
2019-07-23 14:10:00	57.40509	18.0858	11	0	0	1	350	0.009	14	20	18.191	10.24	0	8	5	
2019-07-23 14:20:00	57.40371	18.08973	12	1	0	1	350	0.009	14	20	18.261	10.26	0	8	5	
2019-07-23 14:30:00	57.40473	18.08691	11	2	0	1	350	0.009	14.1	20	18.193	10.25	0	8	5	
2019-07-23 14:40:00	57.40365	18.09129	12	3	0	1	350	0.009	14.1	20	18.23	10.25	0	8	5	
2019-07-23 14:50:00	57.40503	18.08916	12	4	0	1	350	0.009	14	20	18.176	10.23	0	8	5	
2019-07-23 15:00:00	57.40437	18.09279	11	5	0	1	350	0.009	14.1	20	18.184	10.24	0	8	5	
2019-07-23 15:10:00	57.40578	18.09129	11	6	0	1	350	0.009	14	20	18.181	10.23	0	8	5	
2019-07-23 15:20:00	57.40521	18.09423	12	7	0	1	350	0.009	13.9	20	18.175	10.24	0	8	5	
2019-07-23 15:30:00	57.4044	18.09876	11	8	0	1	350	0.009	14.1	20	18.221	10.26	0	8	5	
2019-07-23 15:40:00	57.40527	18.0969	12	9	0	1	350	0.009	14.1	20	18.153	10.24	0	8	5	
2019-07-23 15:50:00	57.4059	18.09369	12	10	0	1	350	0.009	14.1	20	18.178	10.23	0	8	5	
2019-07-23 16:00:00	57.40692	18.09042	40	11	0	1	380	0.009	14.1	21	18.19	10.24	0	8	5	
2019-07-23 16:10:00	57.40752	18.08817	11	12	0	1	360	0.009	14.1	20	18.208	10.26	0	8	5	
2019-07-23 16:20:00	57.40839	18.08571	11	13	0	1	350	0.011	14	20	18.234	10.26	0	8	5	
2019-07-23 16:30:00	57.40887	18.08313	11	14	0	1	350	0.009	14	20	18.184	10.25	0	8	5	
2019-07-23 16:40:00	57.40995	18.07998	11	15	0	1	350	0.009	14	20	18.171	10.24	0	8	5	
2019-07-23 16:50:00	57.40923	18.08298	12	16	0	1	350	0.009	14	20	18.17	10.25	0	8	5	
2019-07-23 17:10:00	57.40686	18.0882	11	18	0		350	0.009	14	20	18.254	10.27	0	8	5	
2019-07-23 17:20:00	57.4053	18.09099	11	19	0	1	350	0.009	14	20	18.164	10.24	0	8	5	
2019-07-23 17:30:00	57.40362	18.0933	11	20	0	1	350	0.009	13.9	20	18.188	10.26	0	8	5	
2019-07-23 17:40:00	57.40197	18.09582	12	21	0	1	350	0.009	13.9	20	18.221	10.28	0	8	5	
2019-07-23 17:50:00	57.40326	18.09498	12	22	0	1	350	0.009	13.8	20	18.191	10.25	0	8	5	
2019-07-23 18:00:00	57.40212	18.09714	12	23	0	1	350	0.009	13.8	20	18.193	10.26	0	8	5	
2019-07-23 18:10:00	57.40074	18.09831	11	24	0	1	350	0.009	13.7	20	18.188	10.25	0	8	5	
2019-07-23 18:20:00	57.39924	18.09987	12	25	0	1	350	0.009	13.7	20	18.204	10.26	0	8	5	
2019-07-23 18:30:00	57.39765	18.10128	12	26	0	1	350	0.009	13.6	20	18.201	10.26	0	8	5	
2019-07-23 18:40:00	57.39624	18.10293	13	27	0	3	350	0.011	13.6	20	18.194	10.26	0	8	5	
2019-07-23 18:50:00	57.39723	18.10227	12	28	0	1	350	0.009	13.5	20	18.184	10.26	0	8	5	
2019-07-23 19:00:00	57.39822	18.10041	41	29	0	1	380	0.009	13.5	20	18.159	10.25	0	8	5	
2019-07-23 19:10:00	57.39903	18.09906	12	30	0	1	350	0.009	13.5	20	18.15	10.24	0	8	5	
2019-07-23 19:20:00	57.39996	18.09765	11	31	0	1	350	0.009	13.4	20	18.118	10.24	0	8	5	
2019-07-23 19:30:00	57.40071	18.09657	11	32	1	1	530	0.009	13.4	20	18.096	10.24	0	8	8	
2019-07-23 19:40:00	57.40026	18.09765	12	33	0	2	530	0.009	13.4	21	18.101	10.24	0	8	8	
2019-07-23 19:50:00	57.40086	18.09732	12	34	0	2	60	0.009	13.4	21	18.084	10.24	1	8	0	
2019-07-23 20:00:00	57.40053	18.09855	12	35	0	1	530	0.009	13.4	19	18.092	10.24	0	8	8	
2019-07-23 20:10:00	57.40104	18.09804	12	36	1	1	170	0.009	13.3	20	18.077	10.24	0	8	2	
2019-07-23 20:20:00	57.40146	18.09663	12	37	0	1	170	0.009	13.3	19	18.073	10.23	0	8	2	
2019-07-23 20:30:00	57.40158	18.09543	12	38	0	1	170	0.011	13.4	19	18.068	10.23	0	8	2	
2019-07-23 20:40:00	57.40203	18.09495	12	39	0	1	170	0.011	13.3	19	18.051	10.2	0	8	2	
2019-07-23 20:50:00	57.40233	18.09441	12	40	0	1	170	0.011	13.3	19	18.051	10.2	0	8	2	
2019-07-23 21:00:00	57.40266	18.09315	12	41	0	1	170	0.009	13.3	19	18.053	10.2	0	8	2	
2019-07-23 21:10:00	57.40299	18.09168	11	42	0	2	170	0.009	13.3	19	18.098	10.22	0	8	2	
2019-07-23 21:20:00	57.40353	18.09081	12	43	0	1	170	0.011	13.3	19	18.127	10.23	0	8	2	
2019-07-23 21:30:00	57.40392	18.0891	12	44	0	2	170	0.009	13.3	19	18.127	10.23	0	8	2	
2019-07-23 21:40:00	57.40449	18.08802	12	45	0	1	170	0.009	13.3	19	18.131	10.24	0	8	2	
2019-07-23 21:50:00	57.40434	18.08832	14	46	0	1	180	0.009	13.3	19	18.125	10.24	0	8	2	
2019-07-23 22:00:00	57.40398	18.08856	40	47	0	1	200	0.009	13.3	19	18.122	10.24	0	8	2	
2019-07-23 22:10:00	57.40353	18.08901	11	48	0	1	170	0.009	13.3	19	18.112	10.23	0	8	2	
2019-07-23 22:20:00	57.40326	18.08928	12	49	0	1	170	0.009	13.3	19	18.111	10.23	0	8	2	
2019-07-23 22:30:00	57.40281	18.08922	11	50	0	1	180	0.009	13.3	19	18.1	10.23	0	8	2	
2019-07-23 22:40:00	57.40224	18.08886	11	51	0	1	180	0.009	13.3	19	18.096	10.22	0	8	2	
2019-07-23 22:50:00	57.40119	18.08817	12	52	0	2	170	0.009	13.3	19	18.106	10.23	0	8	2	
2019-07-23 23:00:00	57.39996	18.0873	11	53	0	1	170	0.009	13.3	19	18.127	10.24	0	8	2	
2019-07-23 23:20:00	57.39843	18.08724	11	55	0		170	0.009	13.3	19	18.114	10.23	0	8	2	
2019-07-23 23:30:00	57.3978	18.08688	11	56	0	1	170	0.009	13.3	19	18.121	10.23	0	8	2	
2019-07-23 23:40:00	57.39684	18.08598	11	57	0	1	170	0.009	13.3	19	18.127	10.23	0	8	2	
2019-07-23 23:50:00	57.396	18.08526	12	58	0	1	170	0.009	13.3	19	18.126	10.23	0	8	2	
2019-07-24 00:00:00	57.39567	18.08541	12	59	0	1	170	0.009	13.3	19	18.13	10.23	0	8	2	
2019-07-24 00:20:00	57.3954	18.08682	11	1	0		170	0.011	13.3	19	18.123	10.23	0	8	2	
2019-07-24 00:30:00	57.39534	18.08718	12	2	0	1	170	0.009	13.3	19	18.123	10.23	0	8	2	
2019-07-24 00:40:00	57.39513	18.08745	12	3	0	1	170	0.009	13.3	19	18.116	10.23	0	8	2	
2019-07-24 00:50:00	57.39516	18.08721	13	4	0	1	170	0.009	13.3	19	18.124	10.23	0	8	2	
2019-07-24 01:00:00	57.39492	18.08751	41	5	0	1	200	0.011	13.3	19	18.125	10.23	0	8	2	
2019-07-24 01:10:00	57.39477	18.08748	11	6	0	1	170	0.009	13.3	19	18.118	10.23	0	8	2	
2019-07-24 01:20:00	57.39459	18.08745	11	7	0	1	170	0.009	13.3	19	18.117	10.23	0	8	2	
2019-07-24 01:30:00	57.39435	18.0879	11	8	0	1	170	0.009	13.3	19	18.118	10.23	0	8	2	
2019-07-24 01:40:00	57.39414	18.08856	11	9	0	1	170	0.009	13.3	19	18.102	10.23	0	8	2	
2019-07-24 01:50:00	57.39405	18.08874	12	10	0	1	170	0.009	13.3	19	18.107	10.24	0	8	2	
2019-07-24 02:00:00	57.3939	18.08952	12	11	0	1	170	0.009	13.3	19	18.098	10.24	0	8	2	
2019-07-24 02:10:00	57.39417	18.08883	12	12	0	1	170	0.011	13.3	19	18.114	10.22	0	8	2	
2019-07-24 02:20:00	57.39435	18.08766	12	13	0	1	170	0.009	13.3	19	18.084	10.2	0	8	2	
2019-07-24 02:30:00	57.39477	18.08547	12	14	0	1	170	0.011	13.3	19	18.039	10.18	0	8	2	
2019-07-24 02:40:00	57.3954	18.08331	12	15	0	1	170	0.009	13.3	19	18.056	10.19	0	8	2	
2019-07-24 02:50:00	57.3963	18.08142	12	16	0	1	180	0.011	13.3	19	18.091	10.18	0	8	2	
2019-07-24 03:00:00	57.39555	18.07839	12	17	0	1	170	0.011	13.3	19	18.145	10.14	0	8	2	
2019-07-24 03:10:00	57.39489	18.07536	11	18	0	1	170	0.009	13.3	19	18.157	10.14	0	8	2	
2019-07-24 03:20:00	57.39312	18.07305	11	19	0	1	170	0.009	13.3	19	18.155	10.15	0	8	2	
2019-07-24 03:30:00	57.39147	18.07101	11	20	0	1	170	0.009	13.3	19	18.15	10.15	0	8	2	
2019-07-24 03:40:00	57.39021	18.06855	11	21	0	3	170	0.009	13.3	19	18.123	10.16	0	8	2	
2019-07-24 03:50:00	57.39087	18.06741	11	22	0	1	170	0.009	13.3	19	18.131	10.17	0	8	2	
2019-07-24 04:00:00	57.39213	18.06882	40	23	0	1	210	0.009	13.3	19	18.151	10.19	0	8	2	
2019-07-24 04:10:00	57.39228	18.0672	12	24	0	1	170	0.011	13.4	19	18.157	10.2	0	8	2	
2019-07-24 04:20:00	57.39174	18.06459	11	25	0	1	170	0.011	13.4	19	18.155	10.21	0	8	2	
2019-07-24 04:30:00	57.39279	18.06465	11	26	0	1	170	0.011	13.4	19	18.151	10.2	0	8	2	
2019-07-24 04:40:00	57.39408	18.0669	12	27	0	1	170	0.009	13.4	19	18.143	10.22	0	8	2	
2019-07-24 04:50:00	57.39402	18.06504	12	28	0	1	170	0.011	13.4	19	18.151	10.22	0	8	2	
2019-07-24 05:00:00	57.39525	18.06561	11	29	0	1	180	0.011	13.4	19	18.15	10.22	0	8	2	
2019-07-24 05:10:00	57.39549	18.06462	12	30	0	1	170	0.009	13.4	20	18.155	10.23	0	8	2	
2019-07-24 05:20:00	57.39486	18.06387	11	31	0	2	170	0.009	13.4	20	18.193	10.23	0	8	2	
2019-07-24 05:30:00	57.39444	18.06264	13	32	0	1	170	0.009	13.4	20	18.201	10.24	0	8	2	
2019-07-24 05:40:00	57.39393	18.06129	11	33	0	1	170	0.009	13.4	20	18.162	10.24	0	8	2	
2019-07-24 05:50:00	57.39303	18.06024	12	34	0	1	170	0.009	13.4	20	18.092	10.24	0	8	2	
2019-07-24 06:00:00	57.39198	18.05919	12	35	0	1	170	0.009	13.4	20	18.041	10.24	0	8	2	
2019-07-24 06:10:00	57.39318	18.05883	12	36	0	1	180	0.009	13.4	20	18.063	10.24	0	8	2	
2019-07-24 06:20:00	57.39501	18.05865	12	37	0	1	170	0.009	13.4	20	18.14	10.19	0	8	2	
2019-07-24 06:50:00	57.39843	18.0618	13	40	0		170	0.009	13.5	21	18.605	10.28	0	8	2	
2019-07-24 07:00:00	57.39894	18.06288	12	41	0	1	170	0.009	13.5	22	18.447	10.24	0	8	2	
2019-07-24 07:10:00	57.39915	18.0639	12	42	0	1	170	0.009	13.6	22	18.49	10.28	0	8	2	
2019-07-24 07:20:00	57.39921	18.06486	12	43	0	1	170	0.009	13.9	23	18.777	10.33	0	8	2	
2019-07-24 07:30:00	57.39954	18.06687	41	44	0	1	200	0.009	13.9	24	18.918	10.36	0	8	2	
2019-07-24 07:40:00	57.39993	18.06909	12	45	0	1	170	0.009	14	23	19.086	10.4	0	8	2	
2019-07-24 07:50:00	57.39954	18.07164	11	46	1	1	530	0.009	14.1	23	18.99	10.39	0	8	8	
2019-07-24 08:20:00	57.39819	18.07839	12	48	0		530	0.009	14	23	18.761	10.33	0	8	8	
2019-07-24 08:32:59	57.3978	18.0807	11	0	0	0	350	0.009	14	25	18.959	10.39	0	8	5	
2019-07-24 08:50:00	57.39717	18.08403	11	2	0		350	0.009	14	24	19.116	10.42	0	8	5	
2019-07-24 09:00:00	57.39669	18.08607	11	3	1	2	530	0.009	14	24	18.828	10.35	0	8	8	
2019-07-24 09:10:00	57.39621	18.08844	11	4	1	1	20	0.009	14	25	19.071	10.39	9		0	
