Time	Lat	Long	TTFF	Warning	Count	Leak	Commands	I	V	Temperature	Pressure	Humidity	TxTries	Vel	Dir	TrDist	WindDir	NTack	Tack	T0	T1	T2	T3	WPRE	CORR	SAP	SAM	SAS	RANG	
2018-11-09 07:10:42	58.26864	11.43141	11	1	0	0	0	0.005	13.6	20	1021	30	0	0.6	359	0	0	0	0					0	1					
2018-11-09 07:15:00	58.26861	11.43132	13	0	1	0	0	0.005	13.6	20	1021	30	3	0	239	0	0	1	0	0				0	1	0	0	0		
2018-11-09 07:20:00	58.26855	11.43138	12	0	2	0	0	0.005	13.6	20	1021	29	1	0	145	0	0	0	1	0	0			0	1	0	0	0		
2018-11-09 07:25:00	58.26858	11.43141	12	0	3	0	0	0.005	13.6	20	1021	29	2	0	51	0	80	1	0	1	0	0		0	1	0	3	13		
2018-11-09 07:30:00	58.26855	11.43141	12	0	4	0	0	0.005	13.6	20	1021	29	1	0	183	0	110	0	1	0	1	0	0	0	1	19	0	0		
2018-11-09 07:40:00	58.26861	11.43141	13	0	6	0	0	0.005	13.6	19	1022	28	3	0	346	0	100	0	0	0	1	0	1	0	1	8	7	0		
2018-11-09 07:45:00	58.26816	11.43189	13	0	7	0	0	0.005	13.6	19	1022	28	1	0.2	152	100	100	1	0	0	0	1	0	0	1	0	19	0		
2018-11-09 07:50:00	58.26828	11.43207	13	0	8	0	0	0.005	13.6	18	1022	28	1	0.1	39	100	255	1	1	0	0	0	1	0	1	0	19	0		
2018-11-09 07:55:00	58.27068	11.46288	11	1	9	0	0	0.005	13.6	18	1022	28	1	6.1	82	1900	255	0	1	1	0	0	0	0	1	0	20	0		
2018-11-09 08:00:00	58.28091	11.49567	14	0	10	0	0	0.005	13.6	17	1022	28	1	7.3	59	4000	95	2	0	1	1	0	0	0	0	0	20	0		
2018-11-09 08:05:00	58.28112	11.49501	13	0	11	0	0	0.005	13.6	17	1022	28	1	0.2	304	4000	95	2	2	0	1	1	0	0	0	0	15	4		
2018-11-09 08:15:00	58.2804	11.49474	25	0	13	0	0	0.005	13.6	16	1022	28	3	0.3	153	3900	95	2	1	1	2	0	1	0	0	0	0	14		
2018-11-09 08:25:00	58.27872	11.49606	24	0	15	0	0	0.005	13.6	15	1022	28	3	0.4	151	3900	95	2	1	1	1	1	2	0	0	0	0	14		
2018-11-09 08:35:00	58.28034	11.49501	18	0	17	0	0	0.005	13.6	14	1022	28	3	0.4	352	3900	60	3	0	0	1	1	1	0	0	18	0	0		
2018-11-09 09:16:42	58.28292	11.49057	12	1	0	0	0	0.005	13.6	13	1022	28	0	0.3	143	0	0	0	0					0	1					
2018-11-09 09:20:00	58.28316	11.48997	12	0	1	0	6	0.005	13.6	13	1022	28	2	0.2	306	-300	0	1	0	0				0	0	4	1	4		
2018-11-09 09:25:00	58.28289	11.49012	13	0	2	0	0	0.005	13.6	13	1022	28	1	0.1	164	-300	50	0	1	0	0			0	1	10	0	10		
2018-11-09 09:35:00	58.28238	11.48796	13	0	4	0	0	0.005	13.6	12	1022	28	3	0.5	214	-400	100	1	1	0	1	0	0	0	0	4	0	11		
2018-11-09 09:40:00	58.28181	11.4897	13	0	5	0	5	0.005	13.6	12	1022	28	1	0.4	122	100	100	0	1	1	0	1	0	0	1	0	0	20		
2018-11-09 09:45:00	58.28247	11.48943	13	0	6	0	0	0.005	13.6	12	1022	28	1	0.3	348	100	50	0	0	1	1	0	1	0	1	13	0	6		
2018-11-09 09:50:00	58.28349	11.48823	13	0	7	0	0	0.005	13.6	12	1022	28	1	0.4	328	-100	50	1	0	0	1	1	0	0	1	17	3	0		
2018-11-09 09:55:00	58.28226	11.48682	15	0	8	0	0	0.005	13.6	12	1022	28	1	0.5	211	-200	95	0	1	0	0	1	1	0	1	5	0	12		
2018-11-09 10:00:00	58.28247	11.48502	13	0	9	0	0	0.005	13.6	12	1022	28	1	0.4	282	-300	80	0	0	1	0	0	1	0	0	14	0	6		
2018-11-09 10:05:00	58.2834	11.48418	21	0	10	0	1	0.005	13.6	12	1022	28	1	0.4	335	-400	80	0	0	0	1	0	0	0	0	19	0	0		
2018-11-09 10:10:00	58.28238	11.48418	13	0	11	0	1	0.005	13.6	12	1022	28	1	0.4	180	-400	80	1	1	0	0	1	0	0	0	7	0	12		
2018-11-09 10:15:00	58.28073	11.48505	14	0	12	0	0	0.005	13.6	12	1022	28	3	0.6	164	400	80	0	1	1	0	0	1	0	0	0	0	16		
2018-11-09 10:25:00	58.27914	11.48625	14	0	14	0	0	0.005	13.6	12	1022	28	3	0.4	142	500	80	0	1	1	1	1	0	0	0	0	1	8		
2018-11-09 10:30:00	58.27836	11.48775	13	0	15	0	1	0.005	13.7	12	1021	28	1	0.4	135	500	80	0	1	1	1	1	1	0	0	0	1	19		
2018-11-09 10:35:00	58.27719	11.48898	14	0	16	0	0	0.005	13.7	12	1021	28	1	0.5	151	600	80	0	1	1	1	1	1	0	0	0	0	20		
2018-11-09 10:40:00	58.27797	11.48823	13	0	17	0	6	0.005	13.7	12	1021	28	1	0.3	334	0	60	2	0	1	1	1	1	0	1	15	0	5		
2018-11-09 10:45:00	58.27938	11.48763	15	0	18	0	0	0.005	13.7	12	1021	29	1	0.5	347	100	60	2	0	0	1	1	1	0	1	20	0	0		
2018-11-09 10:50:00	58.27842	11.48682	14	0	19	0	1	0.005	13.7	11	1021	28	2	0.4	204	100	60	2	2	0	0	1	1	0	1	6	0	11		
2018-11-09 10:55:00	58.27656	11.48619	15	0	20	0	0	0.005	13.7	11	1021	28	1	0.7	190	-100	60	2	2	2	0	0	1	0	1	0	0	20		
2018-11-09 11:00:00	58.27458	11.48502	14	0	21	0	0	0.005	13.7	11	1021	28	1	0.8	197	-200	60	3	2	2	2	0	0	0	1	0	0	20		
2018-11-09 11:05:00	58.27485	11.48079	26	0	22	0	0	0.005	13.7	11	1021	29	1	0.8	277	0	55	2	3	2	2	2	0	0	1	14	0	4		
2018-11-09 11:10:00	58.27338	11.48001	18	0	23	0	1	0.005	13.8	11	1021	28	1	0.6	196	0	45	2	2	3	2	2	2	0	1	3	0	15		
2018-11-09 11:15:00	58.27143	11.47983	14	0	24	0	0	0.005	13.8	11	1021	28	1	0.7	183	-200	45	3	2	2	3	2	2	0	1	0	0	19		
2018-11-09 11:20:00	58.27293	11.47698	23	0	25	0	0	0.005	13.9	11	1021	28	2	0.8	315	100	70	2	3	2	2	3	2	0	1	13	0	5		
2018-11-09 11:25:00	58.27509	11.47503	17	0	26	0	0	0.005	13.9	11	1021	28	1	0.9	335	300	300	3	2	3	2	2	3	0	0	16	3	0		
2018-11-09 11:30:00	58.27461	11.47278	43	0	27	0	0	0.005	14	11	1021	28	1	0.4	248	400	270	3	3	2	3	2	2	0	0	15	1	3		
2018-11-09 11:35:00	58.27422	11.46903	12	0	28	0	0	0.005	14	11	1021	28	1	0.8	259	500	270	3	3	3	2	3	2	0	0	6	6	4		
2018-11-09 11:40:00	58.27344	11.46591	12	0	29	0	0	0.005	14	11	1021	28	3	0.7	245	600	270	3	3	3	3	2	3	0	0	8	8	0		
2018-11-09 11:45:00	58.26666	11.43639	13	1	0	0	0	0.005	14	11	1020	28	2	6.3	246	1600	270	2	3	3	3	3	2	0	0	18	0	0		
2018-11-21 07:25:36	58.26855	11.43153	12	1	0	0	0	0.005	13.4	18	1033	29	0	0.1	327	0	0	0	0					0	1					
2018-11-21 07:35:00	58.26855	11.43141	12	0	2	0	0	0.005	13.4	17	1033	29	3	0	160	0	40	0	1	0	0			0	1	16	0	2		
2018-11-21 07:40:00	58.26855	11.43144	13	0	3	0	5	0.005	13.5	16	1034	29	2	0	72	-8500	95	1	0	1	0	0		0	0	14	2	2		
2018-11-21 07:50:00	58.26858	11.43141	12	1	0	0	0	0.005	13.4	15	1034	29	0	0.3	225	0	0	0	0					0	1					
2018-11-21 07:55:00	58.26867	11.43144	13	0	1	0	0	0.005	13.4	14	1034	29	2	0	17	0	0	1	0	0				0	1	0	18	0		
2018-11-21 08:00:00	58.26753	11.43258	12	0	2	0	0	0.005	13.4	13	1034	29	1	0.5	152	100	65	0	1	0	0			0	1	0	19	0		
2018-11-21 08:05:00	58.26276	11.44455	14	0	3	0	0	0.005	13.4	13	1034	29	2	2.9	127	1000	215	1	0	1	0	0		0	0	9	9	0		
2018-11-21 08:10:00	58.26756	11.46036	13	1	4	0	0	0.005	13.4	12	1034	28	1	3.6	60	1700	280	0	1	0	1	0	0	0	0	19	0	0		
2018-11-21 08:15:00	58.27356	11.4756	13	0	5	0	0	0.005	13.4	12	1034	28	1	3.7	53	2600	75	3	0	1	0	1	0	0	0	18	0	0		
2018-11-21 08:20:00	58.28109	11.48688	13	0	6	0	0	0.005	13.4	11	1034	28	1	3.6	38	3500	75	2	3	0	1	0	1	0	0	20	0	0		
2018-11-21 08:25:00	58.2882	11.49924	12	0	7	0	0	0.005	13.5	11	1034	28	1	3.6	42	4500	35	3	2	3	0	1	0	0	0	19	0	0		
2018-11-21 08:30:00	58.29606	11.51136	12	0	8	0	0	0.005	13.4	10	1034	28	1	3.7	39	5600	80	2	3	2	3	0	1	0	0	19	0	0		
2018-11-21 08:35:00	58.30401	11.52324	12	0	9	0	1	0.005	13.5	10	1034	29	2	3.7	38	6700	210	1	2	3	2	3	0	0	0	18	0	0		
2018-11-21 08:40:00	58.31178	11.53533	13	0	10	0	0	0.005	13.5	10	1034	29	1	3.7	39	7700	210	1	1	2	3	2	3	0	0	20	0	0		
2018-11-21 08:45:00	58.31703	11.54205	13	0	11	0	4	0.005	13.5	9	1034	28	1	2.3	34	100	210	2	1	1	2	3	2	0	1	20	0	0		
2018-11-21 08:50:00	58.31565	11.54133	13	0	12	0	0	0.005	13.5	9	1035	29	1	0.5	195	100	210	2	2	1	1	2	3	0	1	5	6	9		
2018-11-21 08:55:00	58.31322	11.54082	13	0	13	0	0	0.005	13.5	9	1035	29	2	0.9	186	200	210	1	2	2	1	1	2	0	1	0	0	16		
2018-11-21 09:00:00	58.31295	11.53953	12	0	14	0	4	0.005	13.5	9	1035	29	1	0.3	248	300	210	2	1	2	2	1	1	0	0	0	9	11		
2018-11-21 09:05:00	58.31331	11.53785	13	0	15	0	0	0.005	13.5	8	1035	29	1	0.3	292	-300	210	2	2	1	2	2	1	0	0	4	11	5		
2018-11-21 09:10:00	58.3134	11.53686	13	0	16	0	1	0.005	13.5	8	1035	30	3	0.2	281	-400	210	2	0	2	1	2	2	0	0	12	0	4		
2018-11-21 09:15:00	58.31451	11.5368	13	0	17	0	0	0.005	13.5	8	1035	30	1	0.4	358	-300	210	2	0	0	2	1	2	0	0	20	0	0		
2018-11-21 09:20:00	58.31556	11.53728	13	0	18	0	0	0.005	13.5	8	1035	30	1	0.4	14	-200	210	2	0	0	0	2	1	0	0	19	0	0		
2018-11-21 09:25:00	58.31664	11.53707	13	0	19	0	0	0.005	13.5	8	1035	30	1	0.4	354	-300	210	3	0	0	0	0	2	0	0	20	0	0		
2018-11-21 09:30:00	58.31793	11.53671	13	0	20	0	0	0.005	13.5	9	1035	30	1	0.5	351	-400	210	3	0	0	0	0	0	0	0	20	0	0		
2018-11-21 09:40:00	58.31448	11.53989	13	0	22	0	0	0.005	13.5	9	1035	30	3	0.9	147	-100	80	0	1	1	0	0	0	0	1	0	0	16		
2018-11-21 09:45:00	58.31289	11.54226	12	0	23	0	0	0.005	13.5	9	1035	30	1	0.7	142	300	80	3	1	1	1	0	0	0	0	0	1	19		
2018-11-21 09:50:00	58.31238	11.5425	12	0	24	0	0	0.005	13.5	9	1035	30	1	0.2	166	400	80	3	1	1	1	1	0	0	0	0	4	16		
2018-11-21 09:55:00	58.31325	11.54094	14	0	25	0	0	0.005	13.5	9	1035	30	1	0.4	317	300	80	0	1	1	1	1	1	0	0	1	4	14		
2018-11-21 10:00:00	58.31544	11.53854	42	0	26	0	1	0.005	13.6	9	1035	30	1	0.9	330	-200	75	1	0	1	1	1	1	0	1	19	1	0		
2018-11-21 10:05:00	58.3164	11.53857	12	0	27	0	0	0.005	13.6	9	1035	30	1	0.4	0	-200	75	0	0	0	1	1	1	0	1	15	0	0		
2018-11-21 10:10:00	58.31775	11.53848	12	0	28	0	0	0.005	13.6	9	1035	30	1	0.5	358	-200	75	0	0	0	0	1	1	0	0	20	0	0		
2018-11-21 10:15:00	58.31607	11.53806	12	0	29	0	1	0.005	13.6	9	1035	30	1	0.6	188	-200	95	1	1	0	0	0	1	0	1	4	0	16		
2018-11-21 10:20:00	58.31385	11.5392	13	0	0	0	1	0.005	13.6	9	1035	29	1	0.9	165	-200	95	0	1	1	0	0	0	0	0	0	0	19		
2018-11-21 10:25:00	58.31493	11.53821	13	0	1	0	1	0.005	13.6	9	1035	30	1	0.4	334	-200	70	0	0	1	1	0	0	0	1	15	0	4		
2018-11-21 10:30:00	58.317	11.53761	11	0	2	0	6	0.005	13.6	9	1035	30	1	0.8	352	-100	70	0	0	0	1	1	0	0	1	20	0	0		
2018-11-21 10:35:00	58.31904	11.5371	13	0	3	0	0	0.005	13.6	9	1035	30	1	0.8	352	-200	70	1	0	0	0	1	1	0	0	20	0	0		
2018-11-21 10:40:00	58.31781	11.53746	13	0	4	0	0	0.005	13.6	9	1035	30	1	0.5	171	-200	80	1	1	0	0	0	1	0	1	3	0	16		
2018-11-21 10:45:00	58.31613	11.53935	12	0	5	0	0	0.005	13.7	9	1035	29	1	0.7	149	0	80	0	1	1	0	0	0	0	1	0	0	20		
2018-11-21 10:50:00	58.31739	11.53851	11	0	6	0	0	0.005	13.7	9	1035	30	1	0.5	341	-100	65	0	0	1	1	0	0	0	1	16	0	3		
2018-11-21 10:55:00	58.3188	11.538	12	0	7	0	0	0.005	13.7	9	1035	30	1	0.5	350	-200	65	1	0	0	1	1	0	0	1	20	0	0		
2018-11-21 11:00:00	58.31769	11.53797	13	0	8	0	0	0.005	13.7	9	1035	29	1	0.4	181	-100	85	0	1	0	0	1	1	0	1	4	0	15		
2018-11-21 11:05:00	58.31862	11.53698	12	0	9	0	0	0.005	13.7	9	1035	30	1	0.4	330	-200	75	1	0	1	0	0	1	0	0	14	0	5		
2018-11-21 11:10:00	58.31712	11.5371	13	0	10	0	0	0.005	13.7	9	1035	29	1	0.5	178	-100	75	0	1	0	1	0	0	0	1	3	0	16		
2018-11-21 11:15:00	58.31772	11.53629	13	0	11	0	0	0.005	13.8	9	1035	30	1	0.3	324	-200	75	1	0	1	0	1	0	0	1	13	0	6		
2018-11-21 11:20:00	58.3167	11.5362	12	0	12	0	0	0.005	13.8	9	1035	29	1	0.4	182	-200	75	0	1	0	1	0	1	0	1	6	0	13		
2018-11-21 11:25:00	58.31736	11.53563	12	0	13	0	1	0.005	13.8	9	1035	30	2	0.3	336	-200	80	1	0	1	0	1	0	0	1	13	0	4		
2018-11-21 11:30:00	58.31637	11.53581	13	0	14	0	0	0.005	13.8	9	1035	29	1	0.4	174	-200	75	1	1	0	1	0	1	0	1	4	0	15		
2018-11-21 11:35:00	58.31472	11.53674	12	0	15	0	0	0.005	13.9	9	1035	29	2	0.6	163	0	75	0	1	1	0	1	0	0	1	0	1	17		
2018-11-21 11:40:00	58.31571	11.53635	11	0	16	0	0	0.005	13.9	9	1035	29	1	0.4	348	-100	75	0	0	1	1	0	1	0	1	16	0	4		
2018-11-21 11:45:00	58.31763	11.53665	12	0	17	0	0	0.005	13.9	9	1035	30	1	0.7	5	-200	75	1	0	0	1	1	0	0	1	20	0	0		
2018-11-21 11:50:00	58.31661	11.53677	12	0	18	0	1	0.005	13.9	9	1035	29	1	0.4	176	-100	90	0	1	0	0	1	1	0	1	5	0	15		
2018-11-21 11:55:00	58.31742	11.53677	13	0	19	0	0	0.005	14	9	1035	30	1	0.3	1	-200	90	0	0	1	0	0	1	0	1	14	1	4		
2018-11-21 12:00:00	58.31856	11.53683	13	0	20	0	0	0.005	14	9	1035	30	1	0.4	1	-200	90	0	0	0	1	0	0	0	1	19	0	0		
2018-11-21 12:05:00	58.32015	11.53641	12	0	21	0	0	0.005	14	9	1035	30	1	0.6	352	-300	90	1	0	0	0	1	0	0	0	19	1	0		
2018-11-21 12:10:00	58.31916	11.53659	14	0	22	0	0	0.005	14	9	1035	29	1	0.4	174	-300	85	1	1	0	0	0	1	0	1	6	1	12		
2018-11-21 12:15:00	58.31784	11.53761	12	0	23	0	0	0.005	14	9	1035	29	1	0.5	159	-100	85	0	1	1	0	0	0	0	1	0	0	20		
2018-11-21 12:20:00	58.31844	11.53704	11	0	24	0	0	0.005	14	9	1035	29	1	0.2	334	-200	65	1	0	1	1	0	0	0	1	14	0	5		
2018-11-21 12:25:00	58.31793	11.53698	13	0	25	0	0	0.005	14.1	9	1035	29	1	0.2	184	-200	75	0	1	0	1	1	0	0	1	6	0	13		
2018-11-21 12:30:00	58.31898	11.53605	13	0	26	0	1	0.005	14.1	9	1035	29	1	0.4	336	-300	75	1	0	1	0	1	1	0	1	15	0	4		
2018-11-21 12:40:00	58.31694	11.53728	13	0	28	0	0	0.005	14.1	9	1035	29	3	0.4	151	-100	75	0	1	1	0	1	0	0	1	0	0	15		
2018-11-21 12:45:00	58.31763	11.53665	15	0	29	0	5	0.005	14.1	9	1035	29	1	0.3	335	-400	65	1	0	1	1	0	1	0	0	13	0	6		
2018-11-21 12:50:00	58.31715	11.53638	13	0	0	0	0	0.005	14.1	9	1035	29	1	0.2	196	-400	80	1	1	0	1	1	0	0	0	5	0	13		
2018-11-21 12:55:00	58.31604	11.53656	13	0	1	0	0	0.005	14.1	9	1035	29	1	0.4	175	-400	80	1	1	1	0	1	1	0	0	4	1	15		
2018-11-21 13:00:00	58.31505	11.53809	13	0	2	0	0	0.005	14.1	9	1035	29	1	0.5	141	-200	80	1	1	1	1	0	1	0	0	0	1	19		
2018-11-21 13:05:00	58.31442	11.53836	13	0	3	0	0	0.005	14	9	1035	29	1	0.2	167	-200	80	1	1	1	1	1	0	0	0	5	1	12		
2018-11-21 13:10:00	58.31358	11.53962	18	0	4	0	0	0.005	14	9	1035	29	1	0.4	142	-200	80	0	1	1	1	1	1	0	1	0	0	20		
2018-11-21 13:15:00	58.31391	11.53869	14	0	5	0	1	0.005	14	9	1035	29	1	0.2	306	-200	45	1	0	1	1	1	1	0	0	12	0	6		
2018-11-21 13:20:00	58.31529	11.53779	13	0	6	0	0	0.005	14	9	1035	29	1	0.5	341	-300	45	1	0	0	1	1	1	0	0	20	0	0		
2018-11-21 13:25:00	58.31688	11.5374	43	0	7	0	0	0.005	14	9	1035	29	1	0.5	353	-400	45	1	0	0	0	1	1	0	0	20	0	0		
2018-11-21 13:30:00	58.31793	11.53722	11	0	8	0	0	0.005	14	9	1035	29	1	0.4	355	-400	45	1	0	0	0	0	1	0	0	17	0	0		
2018-11-21 13:35:00	58.31922	11.53683	12	0	9	0	0	0.005	13.9	8	1035	29	2	0.5	351	-500	45	1	0	0	0	0	0	0	0	18	0	0		
2018-11-21 13:40:00	58.31844	11.53704	11	0	10	0	6	0.005	13.9	8	1035	29	1	0.3	171	-400	80	1	1	0	0	0	0	0	0	5	0	13		
2018-11-21 13:45:00	58.31706	11.53848	11	0	11	0	0	0.005	13.9	8	1035	29	3	0.6	151	-200	80	1	1	1	0	0	0	0	1	0	0	15		
2018-11-21 13:50:00	58.31604	11.54073	11	0	12	0	0	0.005	13.9	8	1035	29	1	0.6	131	-100	80	0	1	1	1	0	0	0	1	0	0	20		
2018-11-21 13:55:00	58.31688	11.53962	11	0	13	0	0	0.005	13.9	8	1035	29	1	0.4	325	-200	45	1	0	1	1	1	0	0	1	13	0	6		
2018-11-21 14:00:00	58.31613	11.54085	13	0	14	0	0	0.005	13.9	8	1035	29	1	0.4	138	-100	50	0	1	0	1	1	1	0	1	5	0	14		
2018-11-21 14:05:00	58.31679	11.54022	12	0	15	0	0	0.005	13.9	8	1035	29	2	0.3	333	-100	55	1	0	1	0	1	1	0	1	10	1	5		
2018-11-21 14:10:00	58.31601	11.54097	11	0	16	0	0	0.005	13.9	8	1035	29	1	0.3	154	0	65	0	1	0	1	0	1	0	1	5	0	15		
2018-11-21 14:20:00	58.31817	11.54028	12	0	18	0	0	0.005	13.8	8	1034	29	3	0.5	354	-200	70	1	0	0	1	0	1	0	1	16	0	0		
2018-11-21 14:25:00	58.31751	11.53974	12	0	19	0	0	0.005	13.8	8	1034	29	1	0.3	203	-200	95	0	1	0	0	1	0	0	1	6	0	14		
2018-11-21 14:30:00	58.31817	11.53908	12	0	20	0	0	0.005	13.8	8	1034	29	1	0.3	333	-300	90	1	0	1	0	0	1	0	1	12	0	7		
2018-11-21 14:42:40	58.31637	11.53677	12	1	0	0	0	0.005	13.8	8	1034	29	0	4.1	211	0	0	0	0					0	1					
2018-11-21 14:45:00	58.308	11.52663	13	0	1	0	0	0.005	13.8	8	1034	29	2	7.8	213	1100	0	1	0	0				0	0	0	0	2		
2018-11-21 14:50:00	58.28715	11.49849	13	0	2	0	0	0.005	13.8	8	1034	29	1	9.5	215	3900	140	0	1	0	0			0	0	0	1	19		
2018-11-21 14:55:00	58.269	11.46279	15	0	3	0	0	0.005	13.8	8	1034	28	1	9.6	226	6800	35	1	0	1	0	0		0	0	0	20	0		
2018-11-21 15:00:00	58.26828	11.43252	13	0	4	0	0	0.005	13.8	8	1034	28	1	5.9	267	8100	280	2	1	0	1	0	0	0	0	0	11	8		
2018-11-21 15:05:00	58.26852	11.43135	15	0	5	0	0	0.005	13.8	8	1034	28	1	0.2	291	8100	280	3	2	1	0	1	0	0	0	0	9	11		
2018-11-21 15:10:00	58.26858	11.43144	14	0	6	0	0	0.005	13.7	8	1034	28	1	0	51	8100	195	3	3	2	1	0	1	0	0	3	9	5		
2018-12-03 07:30:00	56.91876	12.29337	13	0	1	0	0	0.005	13.7	7	991	29	3	3.2	257	600	0	1	0	0				0	0	0	0	5		
2018-12-03 07:35:00	56.91507	12.28029	13	0	2	0	0	0.005	13.7	7	991	29	1	3	243	1500	55	0	1	0	0			0	0	0	0	20		
2018-12-03 07:40:00	56.91111	12.26838	12	0	3	0	0	0.005	13.6	7	991	29	2	2.8	239	2400	205	1	0	1	0	0		0	0	0	0	18		
2018-12-03 07:45:00	56.90661	12.25509	12	1	4	0	0	0.005	13.7	7	991	29	1	3.2	238	3300	140	3	1	0	1	0	0	0	0	0	0	20		
2018-12-03 07:50:00	56.90175	12.24213	12	0	5	0	0	0.005	13.6	7	991	29	1	3.2	236	4200	140	2	3	1	0	1	0	0	0	0	0	20		
2018-12-03 07:55:00	56.89683	12.22944	13	0	6	0	0	0.005	13.6	7	991	29	1	3.1	235	5200	10	0	2	3	1	0	1	0	0	0	0	20		
2018-12-03 08:00:00	56.89206	12.21729	12	0	7	0	0	0.005	13.6	7	991	29	1	3	234	6100	10	0	0	2	3	1	0	0	0	0	0	18		
2018-12-03 08:05:00	56.88774	12.20427	13	0	8	0	0	0.005	13.6	7	991	29	1	3.1	239	7000	10	0	0	0	2	3	1	0	0	0	0	20		
2018-12-03 08:10:00	56.88441	12.1905	12	0	9	0	0	0.005	13.6	7	991	29	1	3.1	246	7900	10	0	0	0	0	2	3	0	0	0	0	19		
2018-12-03 08:15:00	56.8809	12.17721	14	0	10	0	0	0.005	13.6	7	991	29	1	3	244	8800	10	0	0	0	0	0	2	0	0	0	0	20		
2018-12-03 08:20:00	56.87775	12.16365	12	0	11	0	0	0.005	13.6	7	991	29	1	3	247	9700	10	0	0	0	0	0	0	0	0	0	0	20		
2018-12-03 08:25:00	56.87406	12.15036	12	1	12	0	0	0.005	13.6	7	991	29	1	3	243	10600	10	0	0	0	0	0	0	0	0	0	0	20		
2018-12-03 08:30:00	56.8704	12.13698	13	0	13	0	0	0.005	13.6	7	991	29	1	3	244	11500	10	0	0	0	0	0	0	0	0	0	0	20		
2018-12-03 08:35:00	56.86683	12.12417	13	0	14	0	0	0.005	13.6	8	991	29	1	2.9	243	12400	10	0	0	0	0	0	0	0	0	0	0	20		
2018-12-03 08:40:00	56.86326	12.11088	13	0	15	0	0	0.005	13.6	8	991	29	2	3	244	13300	10	1	0	0	0	0	0	0	0	0	0	17		
2018-12-03 08:45:00	56.86071	12.09717	13	0	16	0	0	0.005	13.6	8	991	29	1	2.9	251	14200	255	3	1	0	0	0	0	0	0	0	0	19		
2018-12-03 08:50:00	56.85864	12.08316	13	0	17	0	0	0.005	13.6	8	991	29	1	2.9	255	15000	255	2	3	1	0	0	0	0	0	0	0	20		
2018-12-03 08:55:00	56.85663	12.06936	14	0	18	0	0	0.005	13.6	8	991	29	1	2.9	255	15900	335	2	2	3	1	0	0	0	0	0	0	19		
2018-12-03 09:00:00	56.85489	12.05526	13	0	19	0	0	0.005	13.6	8	991	29	1	2.9	257	16700	335	2	2	2	3	1	0	0	0	0	0	20		
2018-12-03 09:05:00	56.85315	12.04146	13	0	20	0	0	0.005	13.6	8	991	29	1	2.9	257	17600	335	2	2	2	2	3	1	0	0	0	0	19		
2018-12-03 09:10:00	56.85174	12.0273	14	0	21	0	0	0.005	13.6	8	991	29	1	2.9	260	18400	335	2	2	2	2	2	3	0	0	0	0	19		
2018-12-03 09:15:00	56.85009	12.01323	13	0	22	0	0	0.005	13.6	8	991	29	1	2.9	258	19300	335	2	2	2	2	2	2	0	0	0	0	18		
2018-12-03 09:20:00	56.8476	11.99997	13	0	23	0	0	0.005	13.6	8	991	29	1	2.8	251	20100	335	2	2	2	2	2	2	0	0	0	0	20		
2018-12-03 09:28:06	56.84625	11.97618	11	1	0	0	0	0.005	13.6	8	991	29	0	2.8	256	0	0	0	0					0	1					
2018-12-03 09:30:00	56.84562	11.97342	12	0	1	0	0	0.005	13.6	8	991	29	1	1.6	248	200	0	1	0	0				0	1	0	0	2		
2018-12-03 09:34:36	56.84664	11.97447	13	1	0	0	0	0.005	13.6	8	991	29	0	1.9	208	0	0	0	0					0	1					
2018-12-03 09:40:00	56.84607	11.97426	13	0	1	0	0	0.005	13.6	8	990	29	1	0.2	191	100	0	1	0	0				0	1	0	16	6		
2018-12-03 09:45:00	56.84613	11.97282	13	0	2	0	0	0.005	13.6	8	991	29	1	0.3	273	100	220	0	1	0	0			0	1	5	5	10		
2018-12-03 09:50:00	56.84631	11.97573	13	0	3	0	0	0.005	13.7	8	991	29	1	0.6	84	100	175	1	0	1	0	0		0	1	15	0	4		
2018-12-03 09:55:00	56.84697	11.97558	13	0	4	0	0	0.005	13.7	8	991	29	3	0.3	352	100	195	1	1	0	1	0	0	0	1	4	0	10		
2018-12-03 10:00:00	56.84781	11.97258	13	0	5	0	0	0.005	13.7	8	991	29	1	0.7	297	200	195	0	1	1	0	1	0	0	1	0	1	19		
2018-12-03 10:10:00	56.84736	11.97903	13	0	6	0	1	0.005	13.7	8	991	29	1	0.7	97	300	195	1	0	1	1	0	1	0	1	45	0	4		
2018-12-03 10:20:00	56.84928	11.97513	14	0	7	0	0	0.005	13.8	8	991	29	1	0.5	312	300	205	0	1	0	1	1	0	0	1	4	0	45		
2018-12-03 10:30:00	56.84943	11.98143	14	0	8	0	0	0.005	13.9	8	991	29	1	0.6	88	500	200	1	0	1	0	1	1	0	0	41	1	7		
2018-12-03 10:40:00	56.85159	11.97774	13	0	9	0	0	0.005	14	8	991	29	1	0.5	317	600	200	1	1	0	1	0	1	0	0	5	0	42		
2018-12-03 10:50:00	56.85369	11.97264	42	0	10	0	0	0.005	14	8	991	29	1	0.6	307	800	200	0	1	1	0	1	0	0	0	0	2	47		
2018-12-03 11:00:00	56.85309	11.97903	11	0	11	0	0	0.005	14	8	991	29	1	0.7	100	800	205	1	0	1	1	0	1	0	0	43	0	4		
2018-12-03 11:10:00	56.85507	11.97657	12	0	12	0	0	0.005	13.9	8	991	29	1	0.4	326	900	210	0	1	0	1	1	0	0	0	4	1	44		
2018-12-03 11:15:00	56.85627	11.9739	12	0	13	0	3	0.005	13.9	8	991	29	1	0.7	309	1100	210	0	1	1	0	1	1	0	0	0	0	19		
2018-12-03 11:20:00	56.85828	11.97111	11	0	14	0	3	0.005	13.9	8	990	29	1	0.9	323	1300	210	0	1	1	1	0	1	0	0	0	0	19		
2018-12-03 11:25:00	56.85981	11.96793	12	0	15	0	0	0.005	13.9	8	991	29	1	0.9	311	1500	210	0	1	1	1	1	0	0	0	0	0	20		
2018-12-03 11:30:00	56.8611	11.9649	12	0	16	0	3	0.005	13.9	8	991	29	1	0.8	308	1700	210	0	1	1	1	1	1	0	0	0	0	20		
2018-12-03 11:35:00	56.86209	11.96256	12	0	17	0	3	0.005	13.9	8	991	29	2	0.6	308	1900	210	0	1	1	1	1	1	0	0	0	0	18		
2018-12-03 11:40:00	56.86281	11.9604	12	0	18	0	0	0.005	13.8	8	991	29	1	0.5	302	2000	210	0	1	1	1	1	1	0	0	0	0	20		
2018-12-03 11:45:00	56.86368	11.95827	13	0	19	0	3	0.005	14	8	991	29	2	0.5	307	2100	210	0	1	1	1	1	1	0	0	0	0	18		
2018-12-03 11:50:00	56.86476	11.95584	13	0	20	0	0	0.005	14.1	8	991	29	1	0.6	309	2300	210	0	1	1	1	1	1	0	0	0	1	19		
2018-12-03 11:55:00	56.8659	11.95317	13	0	21	0	3	0.005	14	8	991	29	1	0.7	308	2500	210	0	1	1	1	1	1	0	0	0	0	20		
2018-12-03 12:00:00	56.86722	11.95017	13	0	22	0	0	0.005	14	8	991	29	1	0.8	309	2700	210	0	1	1	1	1	1	0	0	0	0	20		
2018-12-03 12:05:00	56.86695	11.95383	13	0	23	0	2	0.005	14	8	991	29	1	0.7	98	2600	205	0	0	1	1	1	1	0	0	16	0	4		
2018-12-03 12:10:00	56.86599	11.95857	13	0	24	0	0	0.005	13.9	8	991	29	1	1	110	2400	205	0	0	0	1	1	1	0	0	20	0	0		
2018-12-03 12:15:00	56.86524	11.96319	12	0	25	0	2	0.005	13.9	8	990	29	2	1	106	2200	205	0	0	0	0	1	1	0	0	17	0	0		
2018-12-03 12:20:00	56.86458	11.96709	13	0	26	0	2	0.005	13.9	8	991	29	1	0.8	107	2000	205	0	0	0	0	0	1	0	0	20	0	0		
2018-12-03 12:25:00	56.86419	11.97117	13	0	27	0	2	0.005	13.9	8	991	29	1	0.8	100	2000	205	0	0	0	0	0	0	0	0	17	1	0		
2018-12-03 12:30:00	56.86356	11.97507	12	0	28	0	0	0.005	13.9	8	991	29	1	0.8	106	1900	205	0	0	0	0	0	0	0	0	20	0	0		
2018-12-03 12:35:00	56.86284	11.97933	13	0	29	0	0	0.005	13.9	8	991	29	1	0.9	107	1800	205	0	0	0	0	0	0	0	0	19	0	0		
2018-12-03 12:40:00	56.86218	11.98317	14	0	0	0	2	0.005	13.9	8	990	29	1	0.8	108	1800	205	0	0	0	0	0	0	0	0	20	0	0		
2018-12-03 12:45:00	56.86155	11.98686	13	0	1	0	0	0.005	13.9	8	990	29	1	0.8	107	1800	205	0	0	0	0	0	0	0	0	20	0	0		
2018-12-03 12:50:00	56.8605	11.99223	13	0	2	0	2	0.005	13.9	8	991	29	1	1.2	110	1900	205	1	0	0	0	0	0	0	0	20	0	0		
2018-12-03 12:55:00	56.85936	11.99817	12	0	3	0	0	0.005	14	8	990	29	1	1.3	109	2000	205	1	0	0	0	0	0	0	0	20	0	0		
2018-12-03 13:00:00	56.85849	12.00516	12	0	4	0	2	0.005	14.1	8	990	29	1	1.5	103	2300	205	1	0	0	0	0	0	0	0	20	0	0		
2018-12-03 13:05:00	56.85765	12.01194	13	0	5	0	2	0.005	14	8	990	29	1	1.4	103	2600	205	1	0	0	0	0	0	0	0	20	0	0		
2018-12-03 13:10:00	56.85663	12.01857	13	0	6	0	2	0.005	14	8	990	29	1	1.4	106	2900	205	1	0	0	0	0	0	0	0	19	0	0		
2018-12-03 13:20:00	56.85462	12.03024	13	0	8	0	0	0.005	13.9	8	991	29	3	1.2	107	3500	205	1	0	0	0	0	0	0	0	14	1	0		
2018-12-03 13:25:00	56.8533	12.03558	13	0	9	0	2	0.005	13.9	8	991	29	1	1.2	114	3800	205	1	0	0	0	0	0	0	0	20	0	0		
2018-12-03 13:30:00	56.85216	12.04122	13	0	10	0	0	0.005	13.9	8	991	29	2	1.2	111	4100	205	1	0	0	0	0	0	0	0	17	0	0		
2018-12-03 13:35:00	56.8509	12.04686	13	0	11	0	0	0.005	13.9	8	990	29	1	1.2	112	4400	205	1	0	0	0	0	0	0	0	20	0	0		
2018-12-03 13:40:00	56.85024	12.05166	13	0	12	0	2	0.005	13.9	8	990	29	1	1	104	4700	205	2	0	0	0	0	0	0	0	15	1	4		
2018-12-03 13:45:00	56.84883	12.05736	17	0	13	0	0	0.005	13.9	8	991	29	3	1.3	114	5000	205	2	0	0	0	0	0	0	0	14	0	0		
2018-12-03 13:50:00	56.84745	12.06252	14	0	14	0	0	0.005	13.9	8	990	29	3	1.2	116	5400	205	2	0	0	0	0	0	0	0	14	0	0		
2018-12-03 13:55:00	56.84577	12.06855	42	0	15	0	2	0.005	14	8	990	29	1	1.3	117	5700	205	2	0	0	0	0	0	0	0	20	0	0		
2018-12-03 14:00:00	56.84418	12.07371	41	0	16	0	0	0.005	14	8	990	29	1	1.2	119	6000	205	2	0	0	0	0	0	0	0	16	0	0		
2018-12-03 14:05:00	56.84268	12.07872	13	0	17	0	0	0.005	14	8	991	29	2	1.3	119	6400	205	2	0	0	0	0	0	0	0	14	0	0		
2018-12-03 14:10:00	56.84085	12.08451	13	0	18	0	0	0.005	14	8	991	29	2	1.4	120	6700	205	2	0	0	0	0	0	0	0	17	0	0		
2018-12-03 14:15:00	56.83896	12.09006	12	0	19	0	0	0.005	14	8	990	29	1	1.3	122	7100	205	2	0	0	0	0	0	0	0	20	0	0		
2018-12-03 14:20:00	56.83701	12.09555	12	0	20	0	0	0.005	14	8	991	29	3	1.3	123	7400	205	2	0	0	0	0	0	0	0	15	0	0		
2018-12-03 14:25:00	56.83497	12.10149	13	0	21	0	0	0.005	14	8	990	29	1	1.4	122	7800	205	2	0	0	0	0	0	0	0	20	0	0		
2018-12-03 14:30:00	56.83542	12.10143	13	0	22	0	6	0.005	13.9	8	991	29	1	0.2	355	-3600	205	1	2	0	0	0	0	0	0	5	0	13		
2018-12-03 14:35:00	56.83521	12.09885	13	0	23	0	0	0.005	13.9	8	991	29	1	0.5	262	-3500	205	1	1	2	0	0	0	0	0	0	0	20		
2018-12-03 14:40:00	56.83491	12.09606	13	0	24	0	0	0.005	13.9	8	991	29	1	0.6	258	-3300	205	1	1	1	2	0	0	0	0	0	0	20		
2018-12-03 14:45:00	56.83461	12.09333	12	0	25	0	0	0.005	13.9	8	991	29	1	0.6	259	-3200	205	1	1	1	1	2	0	0	0	0	0	19		
2018-12-03 15:00:00	56.83359	12.08637	13	0	26	0	6	0.005	13.9	8	990	29	1	0.5	255	7400	205	2	1	1	1	1	2	0	0	0	1	79		
2018-12-03 15:30:00	56.83698	12.06621	14	0	28	0	0	0.005	13.9	8	991	29	3	0.8	278	6100	205	2	2	2	1	1	1	0	0	0	0	77		
2018-12-03 15:45:00	56.83902	12.05553	13	0	29	0	0	0.005	13.9	8	991	29	1	0.8	289	5400	205	2	2	2	2	1	1	0	0	0	0	80		
2018-12-03 16:00:00	56.84103	12.04479	41	0	0	0	0	0.005	13.8	8	991	29	1	0.7	289	4700	205	2	2	2	2	2	1	0	0	0	0	80		
2018-12-03 16:15:00	56.84421	12.03552	12	0	1	0	0	0.005	13.8	8	991	29	1	0.8	302	4000	205	2	2	2	2	2	2	0	0	0	0	77		
2018-12-03 16:30:00	56.84772	12.02631	12	0	2	0	0	0.005	13.8	8	991	29	3	0.8	305	3400	205	2	2	2	2	2	2	0	0	0	0	77		
2018-12-03 16:45:00	56.85237	12.01923	13	0	3	0	0	0.005	13.8	8	991	29	1	0.7	320	2800	205	2	2	2	2	2	2	0	1	0	0	80		
2018-12-03 17:00:00	56.85744	12.01314	17	0	4	0	0	0.005	13.8	8	991	29	1	0.7	327	2300	205	2	2	2	2	2	2	0	1	0	0	80		
2018-12-03 17:15:00	56.86281	12.00744	12	0	5	0	0	0.005	13.8	8	991	29	1	0.8	330	1700	205	2	2	2	2	2	2	0	1	0	0	80		
2018-12-03 17:30:00	56.86797	11.99871	17	0	6	0	0	0.005	13.8	8	991	29	1	0.9	317	1000	205	2	2	2	2	2	2	0	1	0	0	80		
2018-12-03 17:45:00	56.87319	11.98992	15	0	7	0	0	0.005	13.8	8	991	29	1	0.9	317	300	205	2	2	2	2	2	2	0	1	0	0	80		
2018-12-03 18:00:00	56.87958	11.98257	40	0	8	0	0	0.005	13.8	8	991	29	1	0.9	328	-300	205	3	2	2	2	2	2	0	1	0	0	78		
2018-12-03 18:30:00	56.86932	12.01266	14	0	9	0	5	0.005	13.8	8	991	29	1	1.2	122	-1400	225	1	3	2	2	2	2	0	1	162	0	4		
2018-12-03 19:00:00	56.87736	11.99967	13	0	10	0	0	0.005	13.8	8	992	29	1	0.7	319	-800	225	0	1	3	2	2	2	0	1	3	0	165		
2018-12-03 19:30:00	56.86857	12.01467	13	0	11	0	0	0.005	13.8	8	992	29	1	0.7	137	-1600	230	1	0	1	3	2	2	0	1	166	0	4		
2018-12-03 20:00:00	56.87679	11.99949	40	0	12	0	0	0.005	13.7	8	992	29	1	0.7	315	-700	225	0	1	0	1	3	2	0	1	5	0	165		
2018-12-03 20:30:00	56.86707	12.01176	13	0	13	0	0	0.005	13.7	8	992	29	1	0.7	145	-1500	230	1	0	1	0	1	3	0	1	164	0	3		
2018-12-03 21:00:00	56.87742	12.00312	12	0	14	0	4	0.005	13.7	8	992	29	3	0.7	335	-200	240	0	1	0	1	0	1	0	1	5	0	158		
2018-12-03 21:20:00	56.87097	12.01095	41	0	15	0	1	0.005	13.7	8	993	29	1	0.7	146	-900	240	0	0	1	0	1	0	0	1	105	0	4		
2018-12-03 22:13:20	56.8542	12.03747	25	0	16	0	0	0.005	13.7	8	993	29	1	0.8	139	-3400	240	1	0	0	1	0	1	0	0	307	0	0		
2018-12-03 23:06:40	56.86881	12.00453	26	0	17	0	0	0.005	13.7	8	993	29	1	0.8	309	-800	225	1	1	0	0	1	0	0	1	4	0	304		
2018-12-03 23:30:00	56.87706	11.99382	13	0	18	0	1	0.005	13.7	8	993	29	1	0.8	325	300	225	0	1	1	0	0	1	0	1	0	0	128		
2018-12-04 00:00:00	56.86521	12.01134	65	0	19	0	0	0.005	13.7	8	993	29	1	0.9	141	-1400	235	1	0	1	1	0	0	0	1	165	0	3		
2018-12-04 00:30:00	56.87577	12.00195	12	0	20	0	0	0.005	13.7	8	993	29	1	0.7	334	-200	235	0	1	0	1	1	0	0	1	4	0	158		
2018-12-04 01:00:00	56.86089	12.01062	11	0	21	0	0	0.005	13.7	8	993	29	1	1	162	-1700	250	1	0	1	0	1	1	0	1	164	0	5		
2018-12-04 01:30:00	56.87208	12.01206	13	0	22	0	0	0.005	13.6	8	994	29	1	0.7	4	-900	260	0	1	0	1	0	1	0	1	5	0	165		
2018-12-04 02:00:00	56.85399	12.01608	14	0	23	0	0	0.005	13.7	8	994	29	1	1.1	173	-2400	265	1	0	1	0	1	0	0	1	164	1	4		
2018-12-04 02:30:00	56.86242	12.02322	41	0	24	0	0	0.005	13.6	8	994	29	1	0.6	25	-2100	275	1	1	0	1	0	1	0	1	10	2	155		
2018-12-04 03:00:00	56.87229	12.03039	13	0	25	0	0	0.005	13.6	8	995	29	1	0.7	22	-1900	275	0	1	1	0	1	0	0	1	0	1	164		
2018-12-04 03:30:00	56.85111	12.0342	13	0	26	0	0	0.005	13.6	8	995	29	1	1.3	174	-3500	275	1	0	1	1	0	1	0	0	163	1	5		
2018-12-04 04:00:00	56.85621	12.04329	13	0	27	0	0	0.005	13.6	8	996	29	1	0.4	44	-3500	275	1	1	0	1	1	0	0	0	11	2	155		
2018-12-04 04:30:00	56.86281	12.05109	12	0	28	0	0	0.005	13.6	8	996	29	1	0.5	33	-3500	275	1	1	1	0	1	1	0	0	0	3	167		
2018-12-04 05:00:00	56.86884	12.05913	13	0	29	0	0	0.005	13.6	8	996	29	1	0.5	36	-3700	275	1	1	1	1	0	1	0	0	0	0	170		
2018-12-04 05:30:00	56.87532	12.06681	40	0	0	0	0	0.005	13.6	8	997	29	1	0.5	33	-4100	275	1	1	1	1	1	0	0	0	0	5	165		
2018-12-04 06:00:00	56.8833	12.07173	12	0	1	0	0	0.005	13.6	8	998	29	2	0.5	19	-4400	275	0	1	1	1	1	1	0	0	0	1	165		
2018-12-04 06:30:00	56.86071	12.06504	13	0	2	0	0	0.005	13.6	8	999	29	1	1.4	189	-4400	280	1	0	1	1	1	1	0	0	161	2	5		
2018-12-04 07:00:00	56.86674	12.06711	13	0	3	0	0	0.005	13.6	8	999	29	1	0.4	11	-4300	280	1	1	0	1	1	1	0	0	4	1	165		
2018-12-04 07:30:00	56.87313	12.07038	13	0	4	0	0	0.005	13.6	8	1000	29	3	0.4	15	-4300	280	1	1	1	0	1	1	0	0	0	2	164		
2018-12-04 08:00:00	56.87784	12.07248	40	0	5	0	0	0.005	13.6	8	1000	29	1	0.3	14	-4400	280	1	1	1	1	0	1	0	0	6	5	158		
2018-12-04 08:30:00	56.88315	12.07242	12	0	6	0	0	0.005	13.8	8	1001	29	1	0.3	360	-4500	280	0	1	1	1	1	0	0	0	0	1	166		
2018-12-04 09:00:00	56.86302	12.057	13	0	7	0	0	0.005	13.9	8	1002	29	1	1.3	203	-3800	290	1	0	1	1	1	1	0	0	155	2	11		
2018-12-04 09:05:00	56.8599	12.05412	13	0	8	0	0	0.005	13.9	8	1002	29	1	1.3	207	-3800	290	1	0	0	1	1	1	0	0	18	0	0		
2018-12-04 09:10:00	56.85663	12.05091	13	0	9	0	0	0.005	13.8	8	1002	29	1	1.4	208	-3800	290	1	0	0	0	1	1	0	0	20	0	0		
2018-12-04 09:15:00	56.85384	12.04836	12	0	10	0	0	0.005	14	8	1002	29	1	1.2	206	-3900	290	1	0	0	0	0	1	0	0	20	0	0		
2018-12-04 09:20:00	56.85078	12.04575	13	0	11	0	0	0.005	13.9	8	1002	29	1	1.2	205	-4000	290	1	0	0	0	0	0	0	0	20	0	0		
2018-12-04 09:25:00	56.84769	12.04293	13	0	12	0	0	0.005	13.9	8	1002	29	1	1.3	206	-4100	290	1	0	0	0	0	0	0	0	20	0	0		
2018-12-04 09:30:00	56.84466	12.03999	13	0	13	0	0	0.005	13.9	8	1002	29	1	1.3	208	-4200	290	1	0	0	0	0	0	0	0	20	0	0		
2018-12-04 09:35:00	56.84154	12.03666	13	0	14	0	0	0.005	13.9	8	1003	29	1	1.3	210	-4300	290	1	0	0	0	0	0	0	0	20	0	0		
2018-12-04 09:40:00	56.83839	12.03348	12	0	15	0	0	0.005	13.9	8	1003	29	2	1.3	209	-4400	290	1	0	0	0	0	0	0	0	19	0	0		
2018-12-04 09:45:00	56.83515	12.03039	13	0	16	0	0	0.005	13.9	8	1003	29	1	1.3	207	-4400	290	1	0	0	0	0	0	0	0	20	0	0		
2018-12-04 09:50:00	56.83185	12.02706	12	0	17	0	0	0.005	14	8	1003	29	2	1.4	209	-4500	290	1	0	0	0	0	0	0	0	18	0	0		
2018-12-04 09:55:00	56.82864	12.02358	13	0	18	0	0	0.005	13.9	8	1003	29	1	1.4	211	-4600	290	1	0	0	0	0	0	0	0	19	0	0		
2018-12-04 10:00:00	56.82543	12.02049	13	0	19	0	0	0.005	13.9	8	1003	29	1	1.3	208	-4700	290	1	0	0	0	0	0	0	0	20	0	0		
2018-12-04 10:05:00	56.82198	12.01686	13	0	20	0	0	0.005	13.9	8	1004	29	1	1.5	210	-4800	290	1	0	0	0	0	0	0	0	19	0	0		
2018-12-04 10:10:00	56.81865	12.01338	13	0	21	0	0	0.005	13.9	8	1003	29	1	1.4	210	-4900	290	1	0	0	0	0	0	0	0	20	0	0		
2018-12-04 10:15:00	56.81523	12.00999	13	0	22	0	0	0.005	13.9	8	1004	29	3	1.4	208	-5000	290	1	0	0	0	0	0	0	0	15	0	0		
2018-12-04 10:20:00	56.81448	12.01143	23	0	23	0	0	0.005	13.9	8	1003	29	2	0.4	133	-5100	315	1	1	0	0	0	0	0	0	7	0	10		
2018-12-04 10:25:00	56.81607	12.01278	15	0	24	0	0	0.005	14	8	1004	29	1	0.7	24	-5000	315	1	1	1	0	0	0	0	0	0	0	19		
2018-12-04 10:30:00	56.81748	12.01353	15	0	25	0	0	0.005	14.1	8	1004	29	1	0.5	17	-5000	315	1	1	1	1	0	0	0	0	0	0	20		
2018-12-04 10:35:00	56.81907	12.01464	15	0	26	0	0	0.005	14	8	1004	29	1	0.6	21	-4900	315	1	1	1	1	1	0	0	0	0	0	20		
2018-12-04 10:40:00	56.82078	12.01617	14	0	27	0	0	0.005	14	8	1004	29	1	0.7	26	-4800	315	1	1	1	1	1	1	0	0	0	2	18		
2018-12-04 10:45:00	56.8224	12.01767	13	0	28	0	0	0.005	14	8	1004	29	1	0.7	27	-4800	315	1	1	1	1	1	1	0	0	0	0	18		
2018-12-04 10:50:00	56.82375	12.01905	41	0	29	0	0	0.005	13.9	8	1004	29	1	0.5	29	-4800	315	1	1	1	1	1	1	0	0	0	0	20		
2018-12-04 10:55:00	56.82501	12.02007	13	0	0	0	0	0.005	13.9	8	1004	29	1	0.6	24	-4700	315	1	1	1	1	1	1	0	0	0	0	17		
2018-12-04 11:00:00	56.82663	12.02115	14	0	1	0	0	0.005	13.9	8	1004	29	1	0.6	19	-4600	315	1	1	1	1	1	1	0	0	0	0	20		
2018-12-04 11:05:00	56.82825	12.02271	14	0	2	0	0	0.005	13.9	8	1004	29	1	0.7	28	-4600	315	1	1	1	1	1	1	0	0	0	0	19		
2018-12-04 11:10:00	56.82996	12.02391	14	0	3	0	0	0.005	13.9	8	1005	29	1	0.7	22	-4500	315	0	1	1	1	1	1	0	0	0	0	20		
2018-12-04 11:15:00	56.83167	12.02448	14	0	4	0	0	0.005	13.9	8	1004	29	1	0.6	10	-4400	315	0	1	1	1	1	1	0	0	0	0	20		
2018-12-04 11:20:00	56.83374	12.02559	16	0	5	0	0	0.005	13.9	8	1005	29	3	0.8	16	-4300	315	0	1	1	1	1	1	0	0	0	0	15		
2018-12-04 11:25:00	56.8356	12.02685	16	0	6	0	0	0.005	13.9	8	1004	29	1	0.7	20	-4200	315	0	1	1	1	1	1	0	0	0	0	20		
2018-12-04 11:30:00	56.83752	12.0279	14	0	7	0	0	0.005	14	8	1005	29	1	0.7	17	-4200	315	0	1	1	1	1	1	0	0	0	0	20		
2018-12-04 11:35:00	56.83944	12.02865	41	0	8	0	0	0.005	14	8	1005	29	1	0.7	12	-4100	315	0	1	1	1	1	1	0	0	0	0	20		
2018-12-04 11:40:00	56.84124	12.02985	13	0	9	0	0	0.005	14	8	1005	29	1	0.8	20	-4000	315	0	1	1	1	1	1	0	0	0	0	15		
2018-12-04 11:45:00	56.84325	12.03072	13	0	10	0	0	0.005	13.9	8	1005	29	1	0.8	14	-3900	315	0	1	1	1	1	1	0	0	0	1	19		
2018-12-04 11:50:00	56.84523	12.03177	13	0	11	0	0	0.005	13.9	8	1005	29	3	0.8	16	-3800	315	0	1	1	1	1	1	0	0	0	0	16		
2018-12-04 11:55:00	56.84709	12.03243	13	0	12	0	0	0.005	13.9	8	1005	29	1	0.7	11	-3700	315	0	1	1	1	1	1	0	0	0	0	20		
2018-12-04 12:00:00	56.84904	12.03333	13	0	13	0	0	0.005	13.9	8	1005	29	3	0.7	14	-3600	315	0	1	1	1	1	1	0	0	0	0	16		
2018-12-04 12:05:00	56.85084	12.03456	14	0	14	0	0	0.005	13.9	8	1005	29	1	0.7	20	-3500	315	0	1	1	1	1	1	0	0	0	0	20		
2018-12-04 12:10:00	56.85249	12.03522	12	0	15	0	0	0.005	13.9	8	1006	29	1	0.6	12	-3400	315	0	1	1	1	1	1	0	0	0	0	20		
2018-12-04 12:15:00	56.85441	12.036	12	0	16	0	0	0.005	13.9	8	1006	29	1	0.7	13	-3300	315	0	1	1	1	1	1	0	0	0	0	20		
2018-12-04 12:20:00	56.85618	12.03666	13	0	17	0	0	0.005	13.9	8	1006	29	1	0.7	12	-3200	315	0	1	1	1	1	1	0	1	0	0	20		
2018-12-04 12:25:00	56.85561	12.03903	13	0	18	0	0	0.005	14	8	1006	29	1	0.5	113	-3400	315	0	1	1	1	1	1	0	0	10	0	9		
2018-12-04 12:30:00	56.85726	12.0402	13	0	19	0	0	0.005	14	8	1006	29	1	0.6	22	-3300	315	0	1	1	1	1	1	0	1	0	0	19		
2018-12-04 12:35:00	56.85882	12.04122	12	0	20	0	0	0.005	14	8	1007	29	1	0.6	19	-3200	315	0	1	1	1	1	1	0	1	0	0	20		
2018-12-04 12:40:00	56.85873	12.04395	13	0	21	0	0	0.005	14	8	1006	29	1	0.6	93	-3400	315	0	1	1	1	1	1	0	0	9	1	10		
2018-12-04 12:45:00	56.86032	12.04479	13	0	22	0	0	0.005	14	8	1006	29	1	0.6	16	-3300	315	0	1	1	1	1	1	0	0	0	0	20		
2018-12-04 12:50:00	56.86188	12.04578	13	0	23	0	0	0.005	14	8	1007	29	1	0.6	19	-3300	315	0	1	1	1	1	1	0	1	0	0	20		
2018-12-04 12:55:00	56.86335	12.04671	13	0	24	0	0	0.005	13.9	8	1007	29	1	0.6	19	-3200	315	0	1	1	1	1	1	0	1	0	0	20		
2018-12-04 13:00:00	56.86479	12.04782	14	0	25	0	0	0.005	13.9	8	1007	29	1	0.6	23	-3200	315	0	1	1	1	1	1	0	1	0	0	20		
2018-12-04 13:05:00	56.86632	12.04893	14	0	26	0	0	0.005	13.9	8	1007	29	1	0.6	22	-3200	315	0	1	1	1	1	1	0	1	0	0	20		
2018-12-04 13:15:00	56.86059	12.04623	13	0	27	0	0	0.005	13.9	8	1007	29	1	1.1	194	-3400	285	1	0	1	1	1	1	0	0	39	0	9		
2018-12-04 13:30:00	56.86287	12.04959	13	0	28	0	0	0.005	13.9	8	1008	29	1	0.4	38	-3400	290	1	1	0	1	1	1	0	0	7	4	68		
2018-12-04 13:45:00	56.86704	12.05376	13	0	29	0	0	0.005	13.9	8	1008	29	1	0.6	29	-3500	290	1	1	1	0	1	1	0	0	0	1	79		
2018-12-04 14:00:00	56.85888	12.05157	71	0	0	0	1	0.005	14	8	1008	29	1	1	188	-3700	285	1	0	1	1	0	1	0	0	68	1	11		
2018-12-04 14:15:00	56.84952	12.04239	13	0	1	0	0	0.005	14	8	1008	29	1	1.4	208	-4000	285	1	0	0	1	1	0	0	0	74	0	0		
2018-12-04 14:30:00	56.83992	12.03231	13	0	2	0	0	0.005	14	8	1009	29	2	1.4	210	-4200	285	1	0	0	0	1	1	0	0	78	0	0		
2018-12-04 14:31:00	56.83911	12.03168	13	0	3	0	7	0.016	14	8	1009	29	1	1.6	203	-1300	80	3	1	0	0	0	1	0	1	0	0	0		
2018-12-04 14:32:00	56.83797	12.03207	13	0	4	0	0	0.016	14	8	1009	29	1	2.1	169	-1400	80	2	3	1	0	0	0	0	1	0	0	0		
2018-12-04 14:33:00	56.83716	12.03147	11	0	5	0	0	0.016	13.9	8	1009	29	1	1.7	202	-1500	210	2	2	3	1	0	0	0	1	0	0	0		
2018-12-04 14:34:30	56.83575	12.03084	12	0	6	0	0	0.018	13.9	8	1009	29	1	1.8	194	-1700	210	2	2	2	3	1	0	0	1	0	0	0		
2018-12-04 14:37:30	56.83266	12.0297	12	0	8	0	0	0.016	13.8	8	1009	29	3	1.9	194	-2000	210	2	2	2	2	2	3	0	1	0	0	0		
2018-12-04 14:38:30	56.8317	12.02919	11	0	9	0	0	0.016	13.8	8	1009	29	1	1.8	196	-2100	210	2	2	2	2	2	2	0	1	0	0	0		
2018-12-04 14:39:30	56.83056	12.02934	12	0	10	0	0	0.016	13.8	8	1009	29	1	2.1	176	-2200	210	3	2	2	2	2	2	0	1	0	0	0		
2018-12-04 14:41:00	56.82903	12.02901	12	0	11	0	0	0.014	13.8	8	1010	29	2	1.9	187	-2400	30	0	3	2	2	2	2	0	1	0	0	0		
2018-12-04 14:42:30	56.82792	12.0279	11	0	12	0	0	0.016	13.8	8	1009	29	1	1.6	209	-2600	30	0	0	3	2	2	2	0	1	0	0	0		
2018-12-04 14:43:30	56.82723	12.02718	12	0	13	0	0	0.016	13.8	8	1009	29	1	1.4	210	-2600	30	0	0	0	3	2	2	0	1	0	0	0		
2018-12-04 14:45:00	56.82615	12.02634	11	0	14	0	2	0.005	13.8	8	1010	29	2	1.4	203	-2800	25	0	1	0	0	3	2	0	1	0	0	0		
2018-12-04 14:50:00	56.82573	12.02856	13	0	15	0	0	0.005	13.8	8	1010	28	1	0.5	110	-2800	25	1	1	1	0	0	3	0	1	6	0	14		
2018-12-04 14:55:00	56.82762	12.03096	12	0	16	0	0	0.005	13.8	8	1009	29	1	0.9	35	-2500	25	1	1	1	1	0	0	0	1	0	1	18		
2018-12-04 15:00:00	56.82939	12.03243	11	0	17	0	0	0.005	13.8	8	1009	28	1	0.7	24	-2300	25	1	1	1	1	1	0	0	1	0	0	19		
2018-12-04 15:10:00	56.83224	12.03525	12	0	18	0	1	0.005	13.8	8	1010	29	1	0.6	29	-2000	25	1	1	1	1	1	1	0	1	0	0	50		
2018-12-04 15:20:00	56.83407	12.03936	13	0	19	0	0	0.005	13.8	8	1010	29	1	0.5	51	-1700	25	1	1	1	1	1	1	0	1	5	1	43		
2018-12-04 15:30:00	56.83749	12.04287	12	0	20	0	0	0.005	13.8	8	1010	29	1	0.7	29	-1300	25	1	1	1	1	1	1	0	1	0	1	49		
2018-12-04 15:40:00	56.83593	12.0486	11	0	21	0	0	0.005	13.8	8	1011	29	1	0.6	116	-1600	25	1	1	1	1	1	1	0	1	19	2	28		
2018-12-04 15:50:00	56.83893	12.05163	12	0	22	0	0	0.005	13.8	8	1011	29	1	0.6	29	1300	25	1	1	1	1	1	1	0	1	0	1	48		
2018-12-04 16:00:00	56.84202	12.05484	13	0	23	0	0	0.005	13.7	8	1010	29	3	0.7	30	1100	25	1	1	1	1	1	1	0	1	0	0	45		
2018-12-04 16:10:00	56.84502	12.05778	13	0	24	0	0	0.005	13.7	8	1011	29	1	0.6	28	1100	25	0	1	1	1	1	1	0	1	0	0	50		
2018-12-04 16:20:00	56.84805	12.06015	13	0	25	0	0	0.005	13.7	8	1011	29	1	0.6	23	1100	25	0	1	1	1	1	1	0	1	0	1	48		
2018-12-04 16:30:00	56.84289	12.05583	13	0	26	0	2	0.005	13.7	8	1011	29	1	1	205	1100	295	1	0	1	1	1	1	0	1	43	0	6		
2018-12-04 16:45:00	56.84589	12.06117	15	0	27	0	0	0.005	13.7	8	1012	29	1	0.5	44	1200	300	1	1	0	1	1	1	0	1	6	0	72		
2018-12-04 17:00:00	56.85042	12.06744	14	0	28	0	0	0.005	13.7	8	1012	29	1	0.7	37	1500	300	1	1	1	0	1	1	0	1	0	2	77		
2018-12-04 17:15:00	56.85492	12.07251	41	0	29	0	0	0.005	13.7	8	1012	29	1	0.6	32	1900	300	1	1	1	1	0	1	0	1	0	1	79		
2018-12-04 17:30:00	56.85921	12.07713	13	0	0	0	0	0.005	13.7	8	1012	29	1	0.6	30	2300	300	0	1	1	1	1	0	0	1	0	0	77		
2018-12-04 17:45:00	56.85159	12.06837	14	0	1	0	0	0.005	13.7	8	1012	29	2	1.1	212	1600	300	1	0	1	1	1	1	0	1	71	0	5		
2018-12-04 17:55:00	56.85351	12.07077	13	0	2	0	2	0.005	13.7	8	1012	29	1	0.4	34	1800	305	1	1	0	1	1	1	0	1	3	0	46		
2018-12-04 18:20:00	56.86233	12.07692	83	0	3	0	0	0.005	13.7	8	1013	29	3	0.7	21	2400	305	1	1	1	0	1	1	0	1	0	4	132		
2018-12-04 18:45:00	56.8707	12.08178	15	0	4	0	0	0.005	13.7	8	1014	29	1	0.7	18	3000	305	1	1	1	1	0	1	0	1	0	3	130		
2018-12-04 19:10:00	56.87904	12.0876	14	0	5	0	0	0.005	13.7	8	1014	29	1	0.7	21	3600	305	0	1	1	1	1	0	0	1	0	2	138		
2018-12-04 19:35:00	56.86581	12.06954	40	0	6	0	0	0.005	13.7	8	1015	29	1	1.2	217	2100	300	1	0	1	1	1	1	0	1	133	1	5		
2018-12-04 20:00:00	56.87379	12.0735	15	0	7	0	0	0.005	13.7	8	1015	29	1	0.6	15	2600	300	1	1	0	1	1	1	0	1	5	3	129		
2018-12-04 20:25:00	56.88204	12.07851	71	0	8	0	0	0.005	13.6	8	1016	29	1	0.6	18	3200	300	0	1	1	0	1	1	0	1	4	3	131		
2018-12-04 20:50:00	56.86992	12.06237	17	0	9	0	0	0.005	13.6	8	1016	29	1	1.2	216	1800	300	1	0	1	1	0	1	0	1	119	0	15		
2018-12-04 21:15:00	56.87754	12.06549	41	0	10	0	0	0.005	13.6	8	1016	29	1	0.6	13	2300	300	1	1	0	1	1	0	0	1	5	3	131		
2018-12-04 21:40:00	56.88693	12.0702	14	0	11	0	0	0.005	13.6	8	1017	29	1	0.7	15	2800	300	1	1	1	0	1	1	0	1	0	1	136		
2018-12-04 22:00:00	56.89521	12.07263	15	0	12	0	2	0.005	13.6	7	1017	28	1	0.8	9	3200	300	1	1	1	1	0	1	0	1	0	4	106		
2018-12-04 22:30:00	56.90883	12.07707	17	0	13	0	0	0.005	13.6	7	1017	29	1	0.9	10	4000	300	0	1	1	1	1	0	0	1	0	0	170		
2018-12-04 23:00:00	56.89635	12.05649	42	0	14	0	0	0.005	13.6	7	1018	28	1	1	222	2400	300	1	0	1	1	1	1	0	1	158	1	9		
2018-12-04 23:30:00	56.90808	12.0594	12	0	15	0	0	0.005	13.6	7	1018	28	1	0.7	8	2900	300	1	1	0	1	1	1	0	1	5	1	160		
2018-12-05 00:00:00	56.92014	12.06996	41	0	16	0	0	0.005	13.6	7	1018	29	1	0.8	26	3900	300	0	1	1	0	1	1	0	1	0	2	168		
2018-12-05 00:30:00	56.90958	12.04872	11	0	17	0	0	0.005	13.6	7	1019	28	1	1	228	2300	310	1	0	1	1	0	1	0	1	162	0	4		
2018-12-05 01:00:00	56.92044	12.06015	13	0	18	0	0	0.005	13.6	7	1019	29	1	0.8	30	3300	310	0	1	0	1	1	0	0	1	3	1	165		
2018-12-05 01:30:00	56.90868	12.04275	41	0	19	0	0	0.005	13.6	7	1019	28	1	0.9	219	2000	305	1	0	1	0	1	1	0	1	164	1	3		
2018-12-05 02:00:00	56.92203	12.05085	15	0	20	0	0	0.005	13.6	7	1020	29	1	0.9	18	2900	300	1	1	0	1	0	1	0	1	4	0	162		
2018-12-05 02:30:00	56.93643	12.05616	28	0	21	0	0	0.005	13.6	7	1020	29	1	0.9	11	3600	300	1	1	1	0	1	0	0	1	0	0	170		
2018-12-05 03:00:00	56.95065	12.06417	41	0	22	0	0	0.005	13.6	7	1020	29	1	0.9	17	4600	300	0	1	1	1	0	1	0	1	0	1	167		
2018-12-05 03:30:00	56.93781	12.05238	13	0	23	0	0	0.005	13.6	7	1021	29	1	0.9	207	3500	290	1	0	1	1	1	0	0	1	161	1	4		
2018-12-05 04:00:00	56.94792	12.05889	40	0	24	0	0	0.005	13.6	7	1021	29	3	0.7	19	4200	295	0	1	0	1	1	1	0	1	6	1	159		
2018-12-05 04:30:00	56.93595	12.04827	12	0	25	0	0	0.005	13.6	8	1021	29	1	0.8	206	3200	295	1	0	1	0	1	1	0	1	161	0	4		
2018-12-05 05:00:00	56.94582	12.05826	15	0	26	0	0	0.005	13.6	7	1021	29	1	0.7	29	4100	295	0	1	0	1	0	1	0	1	4	0	164		
2018-12-05 05:30:00	56.93421	12.04779	65	0	27	0	0	0.005	13.5	7	1022	29	1	0.8	206	3100	295	1	0	1	0	1	0	0	1	159	1	9		
2018-12-05 06:00:00	56.94312	12.0609	11	0	28	0	0	0.005	13.6	7	1022	29	1	0.7	39	4100	300	0	1	0	1	0	1	0	1	4	0	160		
2018-12-05 06:30:00	56.93214	12.05265	13	0	29	0	0	0.005	13.5	7	1022	29	1	0.7	202	3300	300	1	0	1	0	1	0	0	1	165	1	3		
2018-12-05 07:00:00	56.93856	12.06621	14	0	0	0	0	0.005	13.5	7	1023	29	1	0.6	49	4300	305	0	1	0	1	0	1	0	1	5	2	160		
2018-12-05 07:30:00	56.92842	12.06261	12	0	1	0	0	0.005	13.5	7	1023	29	1	0.6	191	3800	300	0	0	1	0	1	0	0	1	164	0	5		
2018-12-05 08:00:00	56.92011	12.05817	40	0	2	0	0	0.005	13.6	7	1023	29	1	0.5	196	3200	300	0	0	0	1	0	1	0	1	170	0	0		
2018-12-05 08:30:00	56.91108	12.05373	12	0	3	0	0	0.005	13.7	7	1023	29	1	0.6	195	2700	300	1	0	0	0	1	0	0	1	167	0	0		
2018-12-05 09:00:00	56.91996	12.0639	12	0	4	0	1	0.005	14	7	1023	28	1	0.6	32	3600	295	1	1	0	0	0	1	0	1	4	1	165		
2018-12-05 09:30:00	56.93016	12.07257	12	0	5	0	0	0.005	13.9	7	1023	29	1	0.7	25	4400	295	0	1	1	0	0	0	0	1	0	0	170		
2018-12-05 10:00:00	56.93652	12.07248	12	0	6	0	0	0.005	13.9	7	1023	29	1	0.4	360	4600	295	0	1	1	1	0	0	0	1	0	0	170		
2018-12-05 10:30:00	56.94228	12.06888	12	0	7	0	0	0.005	13.9	7	1023	29	1	0.4	341	4600	295	1	1	1	1	1	0	0	1	0	2	168		
2018-12-05 11:00:00	56.94699	12.0606	41	0	8	0	0	0.005	13.8	7	1023	29	1	0.4	316	4200	295	1	1	1	1	1	1	0	1	0	0	170		
2018-12-05 11:30:00	56.95071	12.05121	12	0	9	0	0	0.005	13.9	7	1023	29	1	0.4	306	3800	295	1	1	1	1	1	1	0	1	0	0	165		
2018-12-05 12:00:00	56.95473	12.04008	14	0	10	0	0	0.005	13.9	7	1023	29	1	0.4	304	3300	295	1	1	1	1	1	1	0	1	0	0	170		
2018-12-05 12:30:00	56.95947	12.02703	13	0	11	0	0	0.005	13.9	7	1023	29	1	0.5	304	2700	295	1	1	1	1	1	1	0	1	0	0	170		
2018-12-05 13:00:00	56.9643	12.01809	17	0	12	0	0	0.005	13.9	7	1023	29	1	0.4	315	2300	295	1	1	1	1	1	1	0	1	0	1	169		
2018-12-05 13:30:00	56.96814	12.0084	41	0	13	0	0	0.005	13.9	7	1023	29	1	0.4	306	1900	295	1	1	1	1	1	1	0	1	0	0	169		
2018-12-05 14:00:00	56.97258	11.99706	12	0	14	0	0	0.005	14	7	1022	29	1	0.5	306	1400	295	1	1	1	1	1	1	0	1	0	0	167		
2018-12-05 14:30:00	56.97543	11.98665	12	0	15	0	0	0.005	14	7	1022	29	1	0.4	297	900	295	1	1	1	1	1	1	0	1	0	0	170		
2018-12-05 15:00:00	56.97843	11.97717	12	0	16	0	0	0.005	14	7	1022	29	2	0.4	300	400	295	1	1	1	1	1	1	0	1	0	0	170		
2018-12-05 15:30:00	56.98299	11.96673	13	0	17	0	0	0.005	14	7	1022	29	1	0.4	309	0	295	1	1	1	1	1	1	0	1	0	0	170		
2018-12-05 16:00:00	56.988	11.95947	40	0	18	0	4	0.005	13.9	7	1022	29	1	0.4	322	-500	295	3	1	1	1	1	1	0	1	0	0	170		
2018-12-05 16:30:00	56.99382	11.9475	11	0	19	0	0	0.005	13.9	7	1021	29	1	0.5	312	-800	295	3	1	1	1	1	1	0	1	0	1	164		
2018-12-05 17:00:00	57.00144	11.93802	13	0	20	0	0	0.005	13.9	7	1021	29	1	0.6	326	-1400	295	3	1	1	1	1	1	0	1	0	0	169		
2018-12-05 17:30:00	57.00708	11.92644	12	0	21	0	4	0.005	13.9	7	1021	29	1	0.5	312	1800	295	3	1	1	1	1	1	0	1	0	0	169		
2018-12-05 18:00:00	57.01293	11.91459	14	0	22	0	0	0.005	13.9	7	1021	29	1	0.5	312	2400	295	3	1	1	1	1	1	0	1	0	0	170		
2018-12-05 18:30:00	57.00963	11.94159	41	0	23	0	1	0.005	13.9	7	1021	29	2	0.9	103	2300	295	0	3	1	1	1	1	0	1	161	0	5		
2018-12-05 19:00:00	57.00012	11.95353	11	0	24	0	0	0.005	13.8	7	1021	29	1	0.7	146	1600	295	1	0	3	1	1	1	0	1	162	1	4		
2018-12-05 19:30:00	57.0057	11.94057	13	0	25	0	0	0.005	13.8	7	1021	29	1	0.6	308	1900	230	0	1	0	3	1	1	0	1	5	0	164		
2018-12-05 20:00:00	56.99808	11.95371	13	0	26	0	0	0.005	13.8	7	1021	29	1	0.6	137	1400	225	1	0	1	0	3	1	0	1	163	1	4		
2018-12-05 20:30:00	57.00327	11.93043	40	0	27	0	0	0.005	13.8	7	1020	29	1	0.8	292	1400	215	0	1	0	1	0	3	0	1	5	0	164		
2018-12-05 21:00:00	56.99802	11.94777	11	0	28	0	0	0.005	13.8	7	1020	29	1	0.7	119	1300	205	1	0	1	0	1	0	0	1	163	0	4		
2018-12-05 21:30:00	57.00474	11.92566	12	0	29	0	0	0.005	13.8	7	1020	29	1	0.8	299	1500	210	0	1	0	1	0	1	0	1	4	3	163		
2018-12-05 22:00:00	56.99985	11.93931	12	0	0	0	0	0.005	13.8	7	1020	29	1	0.5	123	1300	210	1	0	1	0	1	0	0	1	165	0	4		
2018-12-05 22:30:00	57.00822	11.91876	15	0	1	0	3	0.005	13.8	7	1020	29	1	0.9	307	-2200	215	2	1	0	1	0	1	0	1	4	1	164		
2018-12-05 23:00:00	57.02619	11.90934	41	0	2	0	0	0.005	13.7	7	1020	29	2	1.1	344	-1800	215	2	2	1	0	1	0	0	1	0	0	166		
2018-12-05 23:30:00	57.04434	11.89881	13	0	3	0	0	0.005	13.7	7	1019	29	1	1.2	342	-1500	215	2	2	2	1	0	1	0	1	0	0	167		
2018-12-06 00:00:00	57.0594	11.88594	14	0	4	0	0	0.005	13.7	7	1019	29	1	1	335	-1500	215	2	2	2	2	1	0	0	1	0	0	170		
2018-12-06 00:30:00	57.07299	11.87472	18	0	5	0	0	0.005	13.7	7	1018	29	1	0.9	336	-1400	215	2	2	2	2	2	1	0	1	0	0	169		
2018-12-06 01:00:00	57.08457	11.85339	40	0	6	0	0	0.005	13.7	7	1018	29	1	1	315	-2000	215	2	2	2	2	2	2	0	1	0	0	170		
2018-12-06 01:30:00	57.09156	11.82825	41	0	7	0	0	0.005	13.7	7	1018	29	1	0.9	297	-3000	215	2	2	2	2	2	2	0	1	0	0	167		
2018-12-06 02:00:00	57.09834	11.80557	12	0	8	0	0	0.005	13.7	7	1017	29	1	0.9	299	-3900	215	3	2	2	2	2	2	0	1	0	0	167		
2018-12-06 02:30:00	57.11337	11.83719	13	0	9	0	0	0.005	13.7	7	1017	29	1	1.4	49	-1400	165	2	3	2	2	2	2	0	1	166	0	3		
2018-12-06 03:00:00	57.12036	11.81937	14	0	10	0	0	0.005	13.7	7	1017	29	1	0.7	306	-2100	165	3	2	3	2	2	2	0	1	5	0	164		
2018-12-06 03:30:00	57.1368	11.84076	13	0	11	0	0	0.005	13.7	7	1017	29	1	1.2	35	-100	155	2	3	2	3	2	2	0	1	165	0	3		
2018-12-06 04:00:00	57.13521	11.81889	40	0	12	0	0	0.005	13.7	7	1017	29	1	0.7	262	-1300	140	3	2	3	2	3	2	0	1	4	0	165		
2018-12-06 04:30:00	57.14853	11.84625	13	0	13	0	0	0.005	13.7	7	1016	29	1	1.2	48	800	150	2	3	2	3	2	3	0	1	161	0	5		
2018-12-06 05:00:00	57.14172	11.82345	12	0	14	0	0	0.005	13.7	7	1016	29	1	0.9	241	-800	145	3	2	3	2	3	2	0	1	4	0	165		
2018-12-06 05:30:00	57.15423	11.85201	12	0	15	0	0	0.005	13.6	7	1016	29	1	1.2	51	1400	145	2	3	2	3	2	3	0	1	165	0	4		
2018-12-06 06:00:00	57.14841	11.82639	13	0	16	0	0	0.005	13.6	7	1015	29	1	0.9	247	-300	150	3	2	3	2	3	2	0	1	5	0	163		
2018-12-06 06:30:00	57.16191	11.84757	13	0	17	0	0	0.005	13.6	7	1015	29	1	1.1	40	1500	145	2	3	2	3	2	3	0	1	165	0	4		
2018-12-06 07:00:00	57.15333	11.82153	17	0	18	0	0	0.005	13.6	7	1015	29	1	1	239	-300	140	3	2	3	2	3	2	0	1	3	0	166		
2018-12-06 07:30:00	57.16677	11.83926	41	0	19	0	0	0.005	13.6	7	1015	29	1	1	36	1300	135	2	3	2	3	2	3	0	1	164	0	4		
2018-12-06 08:00:00	57.16017	11.81265	15	0	20	0	0	0.005	13.6	7	1015	29	1	1	245	-400	140	3	2	3	2	3	2	0	1	4	0	162		
2018-12-06 08:30:00	57.17421	11.83296	41	0	21	0	0	0.005	13.6	7	1015	29	1	1.1	38	1300	140	2	3	2	3	2	3	0	1	163	0	6		
2018-12-06 09:00:00	57.1689	11.80677	14	0	22	0	0	0.005	13.7	7	1015	29	1	1	249	-300	145	3	2	3	2	3	2	0	1	4	0	161		
2018-12-06 10:00:00	57.17907	11.80341	41	0	24	0	0	0.005	14	7	1014	29	3	0.9	255	-300	145	1	2	3	2	3	2	0	1	4	0	161		
2018-12-06 10:30:00	57.16842	11.79075	12	0	25	0	0	0.005	14	7	1013	29	1	0.8	213	-1200	145	3	1	2	3	2	3	0	1	0	1	166		
2018-12-06 11:00:00	57.18342	11.81979	13	0	26	0	4	0.005	14	7	1013	29	2	1.3	46	-1100	145	2	3	1	2	3	2	0	1	162	0	5		
2018-12-06 11:30:00	57.18153	11.79225	41	0	27	0	0	0.005	13.9	7	1012	29	1	0.9	263	600	150	2	2	3	1	2	3	0	1	8	0	162		
2018-12-06 12:00:00	57.19143	11.7672	12	0	28	0	0	0.005	14	7	1012	29	1	1.1	306	2400	150	1	2	2	3	1	2	0	1	0	0	166		
2018-12-06 12:30:00	57.18801	11.74698	13	0	29	0	0	0.005	14	7	1012	29	1	0.7	253	2700	150	1	1	2	2	3	1	0	1	5	6	158		
2018-12-06 13:00:00	57.18192	11.73087	12	0	0	0	0	0.005	14	7	1011	29	1	0.7	235	2700	150	1	1	1	2	2	3	0	1	5	1	164		
2018-12-06 13:30:00	57.17394	11.71269	13	0	1	0	0	0.005	14	7	1011	29	1	0.8	231	2600	150	1	1	1	1	2	2	0	1	0	1	168		
2018-12-06 14:00:00	57.16623	11.69319	40	0	2	0	0	0.005	14	7	1011	29	3	0.8	234	2500	150	1	1	1	1	1	2	0	1	0	0	166		
2018-12-06 14:30:00	57.15861	11.67372	13	0	3	0	0	0.005	14	7	1011	29	1	0.8	234	2500	150	1	1	1	1	1	1	0	1	0	0	167		
2018-12-06 15:00:00	57.15048	11.65641	12	0	4	0	0	0.005	14	7	1010	29	2	0.8	229	2300	150	1	1	1	1	1	1	0	1	0	0	168		
2018-12-06 15:30:00	57.14076	11.63658	16	0	5	0	0	0.005	13.9	7	1010	29	1	0.9	228	2300	150	0	1	1	1	1	1	0	1	0	0	168		
2018-12-06 16:00:00	57.13575	11.66322	12	0	6	0	1	0.005	13.9	7	1009	29	1	0.9	109	800	170	0	0	1	1	1	1	0	1	164	0	4		
2018-12-06 16:30:00	57.12939	11.69292	41	0	7	0	0	0.005	13.9	7	1009	29	1	1.1	112	-800	170	2	0	0	1	1	1	0	1	170	0	0		
2018-12-06 17:00:00	57.12267	11.72142	11	0	8	0	0	0.005	13.9	7	1008	29	1	1.1	114	-2400	170	2	0	0	0	1	1	0	1	167	0	0		
2018-12-06 17:30:00	57.11538	11.75013	13	0	9	0	0	0.005	13.9	7	1008	29	2	1.1	115	-4100	170	2	0	0	0	0	1	0	1	166	2	0		
2018-12-06 18:00:00	57.10533	11.71824	14	0	10	0	1	0.005	13.9	7	1007	29	1	1.2	240	-3900	170	2	2	0	0	0	0	0	1	5	0	164		
2018-12-06 18:30:00	57.10143	11.68179	13	0	11	0	5	0.005	13.9	7	1007	29	2	1.2	259	-3400	170	3	2	2	0	0	0	0	1	0	0	167		
2018-12-06 19:00:00	57.1017	11.71047	13	0	12	0	0	0.005	13.8	7	1006	29	1	1	89	-2400	175	3	3	2	2	0	0	0	1	163	0	5		
2018-12-06 19:30:00	57.10293	11.74308	41	0	13	0	0	0.005	13.8	7	1005	29	1	1.1	86	2600	175	2	3	3	2	2	0	0	1	169	0	0		
2018-12-06 20:00:00	57.10188	11.70942	41	0	14	0	0	0.005	13.8	7	1004	29	1	1.1	267	-2400	175	3	2	3	3	2	2	0	1	4	0	163		
2018-12-06 20:30:00	57.10044	11.73996	12	0	15	0	0	0.005	13.8	8	1004	29	1	1	95	2700	180	2	3	2	3	3	2	0	1	163	0	4		
2018-12-06 21:00:00	57.11418	11.73042	12	0	16	0	0	0.005	13.8	8	1004	29	1	0.9	339	1100	215	2	2	3	2	3	3	0	1	7	0	162		
2018-12-06 21:30:00	57.12936	11.7249	13	0	17	0	0	0.005	13.8	8	1004	29	1	1	349	400	215	2	2	2	3	2	3	0	1	6	1	161		
2018-12-06 22:00:00	57.1449	11.71692	13	0	18	0	0	0.005	13.8	8	1003	29	1	1	344	300	215	2	2	2	2	3	2	0	1	3	0	166		
2018-12-06 22:30:00	57.15993	11.69826	41	0	19	0	0	0.005	13.7	8	1002	29	1	1.1	326	-500	215	2	2	2	2	2	3	0	1	0	0	170		
2018-12-06 23:00:00	57.17331	11.67906	12	0	20	0	0	0.005	13.7	8	1002	29	1	1.1	322	-1300	215	2	2	2	2	2	2	0	1	0	0	167		
2018-12-06 23:30:00	57.18648	11.65674	13	0	21	0	0	0.005	13.7	8	1002	29	1	1.1	317	-2300	215	3	2	2	2	2	2	0	1	0	0	169		
2018-12-07 00:00:00	57.18492	11.6868	12	0	22	0	0	0.005	13.7	8	1001	29	1	1	95	-500	205	2	3	2	2	2	2	0	1	165	1	3		
2018-12-07 01:00:00	57.18858	11.69736	41	0	24	0	0	0.005	13.7	8	1001	29	3	1.1	117	200	215	2	3	2	3	2	2	0	1	161	0	3		
2018-12-07 01:30:00	57.20244	11.69538	11	0	25	0	0	0.005	13.7	8	1001	29	1	0.9	356	400	230	0	2	3	2	3	2	0	1	4	0	162		
2018-12-07 02:00:00	57.18654	11.70663	41	0	26	0	0	0.005	13.7	8	1001	29	1	1	159	700	230	2	0	2	3	2	3	0	1	167	0	3		
2018-12-07 02:30:00	57.19725	11.72148	13	0	27	0	0	0.005	13.7	8	1001	29	1	0.8	37	1800	230	1	2	0	2	3	2	0	1	6	0	160		
2018-12-07 03:00:00	57.20319	11.71146	14	0	28	0	0	0.005	13.7	8	1001	29	3	0.5	318	1300	230	1	1	2	0	2	3	0	1	0	0	166		
2018-12-07 03:30:00	57.2103	11.7027	13	0	29	0	0	0.005	13.7	8	1001	29	2	0.5	326	1400	230	0	1	1	2	0	2	0	1	0	0	167		
2018-12-07 04:00:00	57.19281	11.70387	13	0	0	0	0	0.005	13.7	8	1001	29	1	1.1	178	600	260	1	0	1	1	2	0	0	1	165	0	4		
2018-12-07 04:30:00	57.19665	11.70897	40	0	1	0	0	0.005	13.6	8	1001	29	1	0.3	36	1000	275	1	1	0	1	1	2	0	1	5	1	163		
2018-12-07 05:00:00	57.20253	11.71383	13	0	2	0	0	0.005	13.6	8	1001	29	1	0.4	24	1500	275	1	1	1	0	1	1	0	1	0	0	167		
2018-12-07 05:30:00	57.20652	11.72466	13	0	3	0	0	0.005	13.6	8	1001	29	1	0.4	56	2200	275	0	1	1	1	0	1	0	1	0	0	170		
2018-12-07 06:00:00	57.1866	11.71755	13	0	4	0	0	0.005	13.6	8	1002	29	1	1.3	191	1300	290	1	0	1	1	1	0	0	1	164	1	4		
2018-12-07 06:30:00	57.18813	11.72976	13	0	5	0	0	0.005	13.6	8	1002	29	1	0.4	77	2100	295	1	1	0	1	1	1	0	1	5	0	164		
2018-12-07 07:00:00	57.18891	11.74362	59	0	6	0	0	0.005	13.6	8	1002	29	1	0.5	84	2900	295	1	1	1	0	1	1	0	1	0	0	170		
2018-12-07 07:30:00	57.18858	11.75193	12	0	7	0	0	0.005	13.6	8	1002	29	1	0.3	94	3400	295	1	1	1	1	0	1	0	1	0	0	165		
2018-12-07 08:00:00	57.18879	11.75496	12	0	8	0	0	0.005	13.6	7	1002	29	1	0.1	82	3600	295	1	1	1	1	1	0	0	1	0	0	168		
2018-12-07 08:30:00	57.18783	11.75838	15	0	9	0	0	0.005	13.7	7	1002	29	1	0.1	118	3700	295	1	1	1	1	1	1	0	1	0	0	169		
2018-12-07 09:00:00	57.18105	11.76078	13	0	10	0	0	0.005	13.8	7	1001	29	1	0.4	169	3700	295	1	1	1	1	1	1	0	1	0	1	168		
2018-12-07 09:30:00	57.17265	11.75433	13	0	11	0	0	0.005	14	7	1001	29	1	0.6	203	3100	295	1	1	1	1	1	1	0	1	7	41	122		
2018-12-07 10:00:00	57.16404	11.74161	40	0	12	0	0	0.005	13.9	7	1000	29	1	0.7	219	2200	295	1	1	1	1	1	1	0	1	50	71	48		
2018-12-07 10:30:00	57.15945	11.72412	12	0	13	0	4	0.005	13.9	7	1000	29	2	0.7	244	2300	295	3	1	1	1	1	1	0	1	3	24	137		
2018-12-07 11:00:00	57.15849	11.7039	41	0	14	0	0	0.005	13.9	7	1000	29	1	0.7	265	3400	295	2	3	1	1	1	1	0	1	19	8	140		
2018-12-07 11:30:00	57.15957	11.67837	12	0	15	0	0	0.005	14	7	1000	29	1	0.9	274	4800	210	3	2	3	1	1	1	0	1	0	2	165		
2018-12-07 12:00:00	57.1677	11.65371	11	0	16	0	0	0.005	14	7	998	29	1	1	301	6100	95	0	3	2	3	1	1	0	0	167	0	3		
2018-12-07 12:30:00	57.17445	11.66148	13	0	17	0	0	0.005	14	7	998	29	1	0.5	32	5600	95	0	0	3	2	3	1	0	0	161	3	4		
2018-12-07 13:00:00	57.17898	11.67351	12	0	18	0	0	0.005	14	7	997	29	3	0.5	55	4900	95	0	0	0	3	2	3	0	1	165	0	0		
2018-12-07 13:30:00	57.18399	11.6835	13	0	19	0	0	0.005	13.9	7	996	29	1	0.5	47	4400	95	0	0	0	0	3	2	0	1	169	0	0		
2018-12-07 14:00:00	57.1884	11.69478	40	0	20	0	0	0.005	13.9	7	996	29	3	0.5	54	4000	95	0	0	0	0	0	3	0	1	165	0	0		
2018-12-07 14:30:00	57.19254	11.70792	13	0	21	0	0	0.005	13.9	7	995	29	1	0.5	60	3600	95	0	0	0	0	0	0	0	1	167	0	0		
2018-12-07 15:00:00	57.19614	11.72244	13	0	22	0	0	0.005	13.9	7	994	29	3	0.5	66	3200	95	0	0	0	0	0	0	0	1	167	0	0		
2018-12-07 15:30:00	57.19929	11.74173	12	0	23	0	0	0.005	13.9	7	993	29	1	0.7	73	-3100	95	1	0	0	0	0	0	0	1	170	0	0		
2018-12-07 16:00:00	57.1821	11.72703	12	0	24	0	0	0.005	13.9	7	992	29	1	1.2	205	2000	130	1	1	0	0	0	0	0	1	5	0	164		
2018-12-07 16:30:00	57.16353	11.71575	14	0	25	0	0	0.005	13.9	7	991	29	1	1.2	198	2500	130	0	1	1	0	0	0	0	1	0	1	169		
2018-12-07 17:00:00	57.1674	11.7399	62	0	26	0	0	0.005	13.8	7	990	29	1	0.8	73	1000	130	1	0	1	1	0	0	0	1	161	1	7		
2018-12-07 17:30:00	57.1524	11.72301	14	0	27	0	0	0.005	13.8	7	989	29	1	1.1	211	2700	140	0	1	0	1	1	0	0	1	2	0	161		
2018-12-07 18:00:00	57.15057	11.75055	40	0	28	0	0	0.005	13.8	7	988	29	1	0.9	97	1400	150	0	0	1	0	1	1	0	1	164	1	3		
2018-12-07 18:30:00	57.14553	11.78271	12	0	29	0	0	0.005	13.8	7	988	29	1	1.1	106	0	150	0	0	0	1	0	1	0	1	166	1	0		
2018-12-07 19:00:00	57.13743	11.81502	13	0	0	0	0	0.005	13.8	7	988	29	2	1.2	115	-1300	150	1	0	0	0	1	0	0	1	168	0	0		
2018-12-07 19:30:00	57.13068	11.79519	14	0	1	0	0	0.005	13.8	7	987	29	1	0.8	238	200	185	0	1	0	0	0	1	0	1	5	1	163		
2018-12-07 20:00:00	57.12099	11.82765	71	0	2	0	0	0.005	13.8	7	987	29	2	1.2	119	-1100	185	1	0	1	0	0	0	0	1	164	0	3		
2018-12-07 20:30:00	57.11772	11.8146	17	0	3	0	1	0.005	13.7	7	986	29	1	0.5	245	-400	195	1	1	0	1	0	0	0	1	11	3	148		
2018-12-07 21:00:00	57.11478	11.79552	41	0	4	0	0	0.005	13.7	7	986	29	1	0.7	254	1000	195	3	1	1	0	1	0	0	1	0	4	166		
2018-12-07 21:30:00	57.11151	11.83857	11	0	5	0	0	0.005	13.7	7	986	29	1	1.5	98	-2000	195	2	3	1	1	0	1	0	1	159	0	7		
2018-12-07 22:00:00	57.12096	11.81919	12	0	6	0	0	0.005	13.7	7	986	29	1	0.9	312	-600	200	1	2	3	1	1	0	0	1	4	0	164		
2018-12-07 22:30:00	57.12243	11.79864	12	0	7	0	0	0.005	13.7	7	986	29	1	0.7	278	400	200	0	1	2	3	1	1	0	1	5	1	163		
2018-12-07 23:00:00	57.11055	11.82027	12	0	8	0	0	0.005	13.7	7	986	29	1	1	135	-1200	210	2	0	1	2	3	1	0	1	157	2	9		
2018-12-07 23:30:00	57.12033	11.85186	13	0	9	0	0	0.005	13.7	7	986	29	1	1.2	60	-2600	210	1	2	0	1	2	3	0	1	9	1	158		
2018-12-08 00:00:00	57.13281	11.84454	59	0	10	0	0	0.005	13.7	7	986	29	1	0.8	342	-2600	210	1	1	2	0	1	2	0	1	0	0	170		
2018-12-08 00:30:00	57.14178	11.83242	18	0	11	0	0	0.005	13.7	7	986	29	1	0.7	324	-2400	210	0	1	1	2	0	1	0	1	0	0	165		
2018-12-08 01:00:00	57.1236	11.83218	14	0	12	0	0	0.005	13.7	7	987	29	1	1.1	180	-1400	255	1	0	1	1	2	0	0	1	166	0	3		
2018-12-08 01:30:00	57.12999	11.81943	14	0	13	0	0	0.005	13.7	7	987	29	1	0.6	313	-1100	255	0	1	0	1	1	2	0	1	4	0	164		
2018-12-08 02:00:00	57.11085	11.82261	41	0	14	0	0	0.005	13.7	7	988	29	1	1.2	175	-1300	250	1	0	1	0	1	1	0	1	163	0	5		
2018-12-08 02:30:00	57.11574	11.80716	13	0	15	0	0	0.005	13.6	7	988	29	1	0.6	300	500	245	1	1	0	1	0	1	0	1	5	1	160		
2018-12-08 03:00:00	57.11997	11.78442	41	0	16	0	0	0.005	13.6	7	988	29	1	0.8	289	1300	245	3	1	1	0	1	0	0	1	0	0	170		
2018-12-08 03:30:00	57.09882	11.80464	13	0	17	0	0	0.005	13.6	7	988	29	1	1.5	153	2400	245	2	3	1	1	0	1	0	1	162	0	4		
2018-12-08 04:00:00	57.11025	11.79816	16	0	18	0	0	0.005	13.6	7	988	29	1	0.7	343	1300	245	2	2	3	1	1	0	0	1	3	0	167		
2018-12-08 04:30:00	57.12174	11.79546	40	0	19	0	0	0.005	13.6	7	988	29	1	0.7	353	600	245	0	2	2	3	1	1	0	1	0	0	168		
2018-12-08 05:00:00	57.10149	11.79681	41	0	20	0	0	0.005	13.6	7	988	29	2	1.3	178	2200	245	2	0	2	2	3	1	0	1	161	0	2		
2018-12-08 05:30:00	57.11004	11.78055	14	0	21	0	0	0.005	13.6	7	988	29	1	0.8	314	2100	245	2	2	0	2	2	3	0	1	5	0	162		
2018-12-08 06:00:00	57.12246	11.76033	14	0	22	0	0	0.005	13.6	7	988	29	1	1	319	2400	245	3	2	2	0	2	2	0	1	0	0	170		
2018-12-08 06:30:00	57.10986	11.7807	41	0	23	0	0	0.005	13.6	7	988	29	2	1	139	2100	230	3	3	2	2	0	2	0	1	163	0	4		
2018-12-08 07:00:00	57.09561	11.80122	13	0	24	0	0	0.005	13.6	7	988	29	1	1.1	142	2800	230	2	3	3	2	2	0	0	1	167	0	0		
2018-12-08 08:00:00	57.09435	11.78142	11	0	26	0	0	0.005	13.6	7	988	29	3	0.9	141	3300	215	3	3	2	3	3	2	0	1	158	0	3		
2018-12-08 08:30:00	57.08199	11.80068	13	0	27	0	0	0.005	13.6	7	987	29	1	1	140	4300	215	2	3	3	2	3	3	0	1	169	1	0		
2018-12-08 09:00:00	57.08865	11.75967	14	0	28	0	0	0.005	13.7	7	987	29	1	1.4	287	4600	210	3	2	3	3	2	3	0	1	6	0	163		
2018-12-08 09:30:00	57.08166	11.77758	13	0	29	0	0	0.005	13.9	7	986	29	1	0.7	126	4700	205	3	3	2	3	3	2	0	1	154	1	13		
2018-12-08 10:00:00	57.07272	11.80272	40	0	0	0	0	0.005	14	7	986	29	1	1	123	5300	205	2	3	3	2	3	3	0	1	170	0	0		
2018-12-08 10:30:00	57.08169	11.76564	11	0	1	0	0	0.005	13.9	7	985	29	1	1.4	294	5000	210	3	2	3	3	2	3	0	1	8	0	158		
2018-12-08 11:00:00	57.07839	11.7936	11	0	2	0	0	0.005	13.9	7	985	29	1	1	102	4700	200	2	3	2	3	3	2	0	1	165	0	5		
2018-12-08 11:30:00	57.08811	11.76033	14	0	3	0	5	0.005	13.9	7	984	29	1	1.3	298	800	200	0	2	3	2	3	3	0	1	10	0	159		
2018-12-08 12:00:00	57.08271	11.77857	14	0	4	0	0	0.005	13.9	7	984	29	1	0.7	119	-800	200	0	0	2	3	2	3	0	1	164	1	4		
2018-12-08 12:30:00	57.07458	11.80161	41	0	5	0	0	0.005	13.9	7	983	29	1	0.9	123	-1700	200	0	0	0	2	3	2	0	1	170	0	0		
2018-12-08 13:00:00	57.06582	11.82573	12	0	6	0	0	0.005	14	7	983	29	1	1	124	-2700	200	1	0	0	0	2	3	0	1	166	1	0		
2018-12-08 13:30:00	57.06525	11.80167	15	0	7	0	0	0.005	14.1	7	982	29	1	0.8	267	-1400	200	0	1	0	0	0	2	0	1	4	0	165		
2018-12-08 14:00:00	57.05433	11.82627	40	0	8	0	0	0.005	14	7	982	29	1	1.1	129	-2300	200	1	0	1	0	0	0	0	1	165	0	3		
2018-12-08 14:30:00	57.0555	11.80434	11	0	9	0	0	0.005	14	7	982	29	1	0.8	276	-1100	205	0	1	0	1	0	0	0	1	7	2	157		
2018-12-08 15:00:00	57.0438	11.82771	12	0	10	0	0	0.005	14	7	981	29	1	1.1	133	-2000	205	0	0	1	0	1	0	0	1	165	0	4		
2018-12-08 15:30:00	57.03147	11.85459	12	0	11	0	0	0.005	13.9	7	981	29	1	1.2	130	-3000	205	1	0	0	1	0	1	0	1	169	1	0		
2018-12-08 16:00:00	57.02874	11.83533	13	0	12	0	0	0.005	13.9	7	981	29	1	0.7	255	-1800	200	1	1	0	0	1	0	0	1	5	0	164		
2018-12-08 16:30:00	57.02634	11.8107	14	0	13	0	0	0.005	13.9	7	980	29	1	0.8	260	-300	200	0	1	1	0	0	1	0	1	0	2	168		
2018-12-08 17:00:00	57.01125	11.83593	41	0	14	0	0	0.005	13.9	7	980	29	1	1.2	138	-1100	205	0	0	1	1	0	0	0	1	164	0	5		
2018-12-08 17:30:00	56.99547	11.86434	22	0	15	0	0	0.005	13.9	7	980	29	1	1.4	136	-2100	205	1	0	0	1	1	0	0	1	165	1	0		
2018-12-08 18:00:00	56.99373	11.84805	41	0	16	0	0	0.005	13.9	7	979	29	2	0.6	259	-1100	210	0	1	0	0	1	1	0	1	7	1	158		
2018-12-08 18:30:00	56.97831	11.87358	14	0	17	0	0	0.005	13.8	7	979	29	1	1.3	138	-1900	210	1	0	1	0	0	1	0	1	161	0	5		
2018-12-08 19:00:00	56.97687	11.85459	13	0	18	0	0	0.005	13.8	7	979	29	1	0.6	262	-800	210	1	1	0	1	0	0	0	1	5	1	163		
2018-12-08 19:30:00	56.97531	11.83083	40	0	19	0	0	0.005	13.8	7	978	29	1	0.8	263	600	210	0	1	1	0	1	0	0	1	0	1	168		
2018-12-08 20:00:00	56.96013	11.85492	12	0	20	0	0	0.005	13.8	7	978	29	1	1.3	139	-1000	210	2	0	1	1	0	1	0	1	161	1	4		
2018-12-08 20:30:00	56.96676	11.83272	12	0	21	0	0	0.005	13.8	7	978	29	1	0.9	299	800	210	0	2	0	1	1	0	0	1	7	1	160		
2018-12-08 21:00:00	56.9523	11.85594	12	0	22	0	0	0.005	13.8	7	978	29	1	1.2	139	1900	210	2	0	2	0	1	1	0	1	164	0	6		
2018-12-08 21:30:00	56.95986	11.83563	12	0	23	0	5	0.005	13.8	7	977	29	1	0.8	304	-2300	210	3	2	0	2	0	1	0	1	14	0	155		
2018-12-08 22:00:00	56.94738	11.86755	48	0	24	0	0	0.005	13.8	7	977	29	1	1.3	126	0	215	3	3	2	0	2	0	0	1	154	1	15		
2018-12-08 22:30:00	56.92839	11.89797	41	0	25	0	0	0.005	13.8	7	977	29	1	1.6	139	2800	215	2	3	3	2	0	2	0	1	164	1	0		
2018-12-08 23:00:00	56.94225	11.89338	12	0	26	0	0	0.005	13.7	7	977	29	2	0.9	350	1500	240	2	2	3	3	2	0	0	1	5	4	155		
2018-12-08 23:30:00	56.96001	11.88831	12	0	27	0	0	0.005	13.7	7	978	29	1	1.1	351	-200	240	2	2	2	3	3	2	0	1	0	0	169		
2018-12-09 00:00:00	56.9775	11.88075	13	0	28	0	0	0.005	13.7	7	978	29	1	1.1	347	-2000	240	3	2	2	2	3	3	0	1	0	4	166		
2018-12-09 00:30:00	56.95803	11.89605	14	0	29	0	0	0.005	13.7	7	978	29	2	1.3	157	300	250	2	3	2	2	2	3	0	1	157	0	10		
2018-12-09 01:00:00	56.97342	11.89821	41	0	0	0	0	0.005	13.7	7	979	29	1	0.9	4	-900	260	2	2	3	2	2	2	0	1	6	2	161		
2018-12-09 02:00:00	56.96502	11.92218	65	0	2	0	0	0.005	13.7	7	979	29	3	1.5	154	700	255	2	3	2	2	3	2	0	1	161	0	3		
2018-12-09 02:30:00	56.97507	11.93562	13	0	3	0	0	0.005	13.7	7	979	29	1	0.8	36	400	265	2	2	3	2	2	3	0	1	4	0	160		
2018-12-09 03:00:00	56.98419	11.95131	12	0	4	0	0	0.005	13.7	7	979	29	1	0.8	43	300	265	2	2	2	3	2	2	0	1	0	0	169		
2018-12-09 03:30:00	56.98797	11.96763	12	0	5	0	0	0.005	13.7	7	979	29	1	0.6	67	600	265	2	2	2	2	3	2	0	1	0	0	170		
2018-12-09 04:00:00	56.99241	11.97999	11	0	6	0	0	0.005	13.7	7	979	29	1	0.5	57	700	265	1	2	2	2	2	3	0	1	0	0	170		
2018-12-09 04:30:00	56.99175	11.96766	41	0	7	0	0	0.005	13.7	7	979	29	1	0.4	264	300	265	2	1	2	2	2	2	0	1	0	0	170		
2018-12-09 05:00:00	56.99352	11.97828	41	0	8	0	0	0.005	13.6	7	980	29	1	0.4	73	600	265	0	2	1	2	2	2	0	1	0	0	167		
2018-12-09 05:30:00	56.9709	11.98392	12	0	9	0	0	0.005	13.6	7	980	29	1	1.4	172	2700	265	2	0	2	1	2	2	0	1	163	0	3		
2018-12-09 06:00:00	56.97552	11.98539	13	0	10	0	0	0.005	13.6	7	980	29	1	0.3	10	2400	265	2	2	0	2	1	2	0	1	5	0	165		
2018-12-09 06:30:00	56.98236	11.98893	14	0	11	0	0	0.005	13.6	7	980	29	1	0.4	16	1900	265	1	2	2	0	2	1	0	1	0	0	170		
2018-12-09 07:00:00	56.98317	11.97189	15	0	12	0	0	0.005	13.6	7	981	29	1	0.6	275	1200	265	2	1	2	2	0	2	0	1	0	0	170		
2018-12-09 07:30:00	56.99022	11.98902	41	0	13	0	0	0.005	13.6	7	981	29	1	0.7	53	1300	265	1	2	1	2	2	0	0	1	0	0	169		
2018-12-09 08:00:00	56.99592	11.98398	12	0	14	0	0	0.005	13.6	7	982	29	1	0.4	334	600	265	1	1	2	1	2	2	0	1	0	0	167		
2018-12-09 08:30:00	57.00279	11.97825	15	0	15	0	0	0.005	13.7	7	982	29	1	0.5	336	-300	265	1	1	1	2	1	2	0	1	0	0	170		
2018-12-09 09:00:00	57.00873	11.97603	41	0	16	0	0	0.005	13.8	7	983	29	1	0.4	349	-900	265	1	1	1	1	2	1	0	1	0	0	169		
2018-12-09 09:30:00	57.01317	11.97489	12	0	17	0	4	0.005	13.9	7	983	29	1	0.3	352	2000	265	0	1	1	1	1	2	0	1	0	0	167		
2018-12-09 10:00:00	56.99475	11.96907	12	0	18	0	0	0.005	14	7	983	29	1	1.2	190	-500	275	0	0	1	1	1	1	0	1	165	1	3		
2018-12-09 10:30:00	56.97747	11.96289	13	0	19	0	0	0.005	13.9	7	983	29	1	1.1	191	-1300	275	0	0	0	1	1	1	0	1	170	0	0		
2018-12-09 11:00:00	56.96184	11.95917	12	0	20	0	0	0.005	13.9	7	984	29	1	1	187	-2000	275	0	0	0	0	1	1	0	1	170	0	0		
2018-12-09 11:30:00	56.94816	11.95419	41	0	21	0	0	0.005	13.9	7	984	29	1	0.8	191	-2600	275	1	0	0	0	0	1	0	1	170	0	0		
2018-12-09 12:00:00	56.95638	11.9553	13	0	22	0	0	0.005	13.9	7	984	29	1	0.5	4	-2100	280	0	1	0	0	0	0	0	1	6	0	158		
2018-12-09 12:30:00	56.94579	11.95149	14	0	23	0	0	0.005	13.9	7	985	29	1	0.7	191	-2600	280	0	0	1	0	0	0	0	1	158	6	5		
2018-12-09 13:00:00	56.93742	11.94258	41	0	24	0	0	0.005	14	7	985	29	1	0.6	210	-2600	280	0	0	0	1	0	0	0	1	170	0	0		
2018-12-09 13:30:00	56.93508	11.92356	41	0	25	0	0	0.005	14	7	986	29	1	0.7	257	-1800	280	0	0	0	0	1	0	0	1	167	0	0		
2018-12-09 14:00:00	56.93307	11.90886	12	0	26	0	0	0.005	13.9	7	986	29	1	0.5	256	-1200	280	0	0	0	0	0	1	0	1	167	0	0		
2018-12-09 14:30:00	56.93049	11.8863	40	0	27	0	0	0.005	13.9	7	987	29	2	0.8	258	-200	280	0	0	0	0	0	0	0	1	166	1	0		
2018-12-09 15:00:00	56.92803	11.86569	13	0	28	0	0	0.005	13.9	7	988	29	1	0.7	258	700	280	3	0	0	0	0	0	0	1	167	0	0		
2018-12-09 15:30:00	56.91435	11.83896	11	0	29	0	0	0.005	13.9	7	988	29	1	1.2	227	1200	280	2	3	0	0	0	0	0	1	170	0	0		
2018-12-09 16:00:00	56.90595	11.87523	12	0	0	0	0	0.005	13.9	7	989	29	1	1.3	113	-1100	350	3	2	3	0	0	0	0	1	4	0	164		
2018-12-09 16:30:00	56.892	11.84358	13	0	1	0	0	0.005	13.9	7	989	29	1	1.4	231	-1100	350	1	3	2	3	0	0	0	1	165	0	4		
2018-12-09 17:00:00	56.89293	11.86044	40	0	2	0	0	0.005	13.8	7	990	29	1	0.6	84	-1200	350	0	1	3	2	3	0	0	1	6	0	164		
2018-12-09 17:30:00	56.88342	11.82945	13	0	3	0	0	0.005	13.9	7	991	29	1	1.2	241	-2300	340	1	0	1	3	2	3	0	1	167	0	0		
2018-12-09 18:00:00	56.8839	11.84628	41	0	4	0	0	0.005	13.8	7	992	29	1	0.6	87	-1900	340	1	1	0	1	3	2	0	1	6	1	162		
2018-12-09 18:30:00	56.88432	11.86197	13	0	5	0	0	0.005	13.8	7	992	29	2	0.5	87	-2100	340	1	1	1	0	1	3	0	1	0	1	164		
2018-12-09 19:00:00	56.8854	11.87403	12	0	6	0	4	0.005	13.8	7	993	29	2	0.4	81	-800	340	2	1	1	1	0	1	0	1	0	2	166		
2018-12-09 19:30:00	56.88228	11.89572	12	0	7	0	0	0.005	13.8	7	993	29	1	0.8	105	-1100	340	2	2	1	1	1	0	0	1	0	0	170		
2018-12-09 20:00:00	56.88504	11.91348	40	0	8	0	0	0.005	13.8	7	994	29	1	0.6	74	-1800	340	2	2	2	1	1	1	0	1	0	0	169		
2018-12-09 20:30:00	56.89116	11.92257	12	0	9	0	0	0.005	13.8	7	994	29	1	0.5	39	-2600	340	3	2	2	2	1	1	0	1	0	0	167		
2018-12-09 21:00:00	56.86428	11.90637	11	0	10	0	0	0.005	13.8	7	994	29	1	1.7	198	500	295	2	3	2	2	2	1	0	1	165	0	4		
2018-12-09 21:30:00	56.86797	11.92479	12	0	11	0	0	0.005	13.7	7	994	29	1	0.7	70	-300	300	2	2	3	2	2	2	0	1	4	0	166		
2018-12-09 22:00:00	56.87244	11.94144	13	0	12	0	0	0.005	13.7	7	995	29	1	0.6	64	-1200	300	2	2	2	3	2	2	0	1	0	0	170		
2018-12-09 22:30:00	56.87424	11.96379	12	0	13	0	0	0.005	13.7	7	995	29	1	0.8	82	-2000	300	3	2	2	2	3	2	0	1	0	0	170		
2018-12-09 23:00:00	56.85108	11.94723	41	0	14	0	0	0.005	13.7	7	996	29	1	1.5	201	800	310	2	3	2	2	2	3	0	1	166	0	3		
2018-12-09 23:30:00	56.85717	11.96901	13	0	15	0	0	0.005	13.7	7	996	29	1	0.8	63	-400	305	2	2	3	2	2	2	0	1	3	1	161		
2018-12-10 00:00:00	56.86533	11.99259	13	0	16	0	0	0.005	13.7	7	996	29	1	0.9	58	-1800	305	3	2	2	3	2	2	0	1	0	0	170		
2018-12-10 00:30:00	56.84277	11.97753	41	0	17	0	0	0.005	13.7	7	996	29	1	1.5	200	900	305	1	3	2	2	3	2	0	1	166	0	4		
2018-12-10 01:00:00	56.85057	11.98791	12	0	18	0	0	0.005	13.7	7	997	29	1	0.6	36	-300	305	0	1	3	2	2	3	0	1	4	0	162		
2018-12-10 01:30:00	56.83539	11.97336	11	0	19	0	0	0.005	13.7	7	997	29	1	1.1	208	1700	300	1	0	1	3	2	2	0	1	165	0	4		
2018-12-10 02:00:00	56.84247	11.98431	41	0	20	0	0	0.005	13.7	7	997	29	1	0.6	40	900	300	1	1	0	1	3	2	0	1	3	0	165		
2018-12-10 02:30:00	56.85027	11.99301	42	0	21	0	0	0.005	13.7	7	997	29	1	0.6	31	-600	300	1	1	1	0	1	3	0	1	0	0	167		
2018-12-10 03:00:00	56.85711	12.00144	13	0	22	0	0	0.005	13.7	7	997	29	1	0.5	34	-1300	300	0	1	1	1	0	1	0	1	0	0	165		
2018-12-10 03:30:00	56.83782	11.98482	14	0	23	0	0	0.005	13.7	7	998	29	1	1.3	205	1400	300	1	0	1	1	1	0	0	1	164	1	4		
2018-12-10 04:00:00	56.84187	11.99382	13	0	24	0	0	0.005	13.7	7	998	29	1	0.4	50	1100	300	1	1	0	1	1	1	0	1	4	0	165		
2018-12-10 04:30:00	56.84622	12.00348	41	0	25	0	0	0.005	13.6	7	998	29	2	0.4	50	-1300	300	1	1	1	0	1	1	0	1	0	2	166		
2018-12-10 05:00:00	56.85108	12.01158	41	0	26	0	0	0.005	13.6	6	998	29	1	0.4	42	-1700	300	0	1	1	1	0	1	0	1	0	2	165		
2018-12-10 05:30:00	56.83275	11.98911	13	0	27	0	0	0.005	13.6	6	999	29	1	1.4	214	2000	305	1	0	1	1	1	0	0	1	163	0	4		
2018-12-10 06:00:00	56.83596	11.99364	41	0	28	0	0	0.005	13.6	6	999	29	3	0.2	38	1700	305	1	1	0	1	1	1	0	1	4	2	159		
2018-12-10 06:30:00	56.84193	11.99628	12	0	29	0	0	0.005	13.6	6	999	29	1	0.4	14	1200	305	1	1	1	0	1	1	0	1	0	0	166		
2018-12-10 07:00:00	56.8491	12.00042	59	0	0	0	0	0.005	13.6	6	999	29	1	0.5	18	-1000	305	1	1	1	1	0	1	0	1	0	1	169		
2018-12-10 07:30:00	56.85561	12.00426	12	0	1	0	0	0.005	13.6	6	999	29	1	0.4	18	-1400	305	0	1	1	1	1	0	0	1	5	1	157		
2018-12-10 08:00:00	56.83887	11.97906	41	0	2	0	0	0.005	13.6	6	1000	29	1	1.3	219	1300	305	1	0	1	1	1	1	0	1	164	1	4		
2018-12-10 08:30:00	56.84607	11.98242	12	0	3	0	0	0.005	13.7	6	1000	29	1	0.5	14	500	305	1	1	0	1	1	1	0	1	9	0	158		
2018-12-10 09:30:00	56.86779	11.98074	13	0	5	0	0	0.005	14	7	1000	29	3	0.7	357	2000	305	0	1	1	1	0	1	0	1	0	0	165		
2018-12-10 10:00:00	56.85252	11.95476	12	0	6	0	0	0.005	13.9	7	1001	29	1	1.3	223	-300	300	1	0	1	1	1	0	0	1	165	1	2		
2018-12-10 10:30:00	56.86113	11.95608	41	0	7	0	0	0.005	13.9	7	1001	29	1	0.5	5	300	300	1	1	0	1	1	1	0	1	4	0	165		
2018-12-10 11:00:00	56.87061	11.95569	12	0	8	0	0	0.005	13.9	7	1001	29	1	0.6	359	900	300	0	1	1	0	1	1	0	1	0	1	165		
2018-12-10 11:30:00	56.85648	11.92851	41	0	9	0	0	0.005	13.8	7	1001	29	1	1.2	226	-1300	300	2	0	1	1	0	1	0	1	165	0	4		
2018-12-10 12:00:00	56.86458	11.94465	14	0	10	0	4	0.005	14	7	1001	29	1	0.8	47	-900	300	2	2	0	1	1	0	0	1	7	1	159		
2018-12-10 12:30:00	56.87601	11.96178	14	0	11	0	0	0.005	13.9	7	1002	29	1	0.9	39	100	300	2	2	2	0	1	1	0	1	0	0	170		
2018-12-10 13:00:00	56.88309	11.98302	13	0	12	0	0	0.005	13.9	7	1002	29	1	0.8	59	1000	300	1	2	2	2	0	1	0	1	0	3	165		
2018-12-10 13:30:00	56.89431	11.9913	119	0	13	0	0	0.005	13.9	7	1002	29	1	0.7	22	900	300	1	1	2	2	2	0	0	1	1	1	168		
2018-12-10 14:00:00	56.90406	11.9973	41	0	14	0	0	0.005	14	7	1002	29	3	0.7	19	800	300	1	1	1	2	2	2	0	1	0	2	151		
2018-12-10 14:30:00	56.91186	12.00756	12	0	15	0	0	0.005	14	7	1002	29	1	0.6	36	1100	300	1	1	1	1	2	2	0	1	0	0	167		
2018-12-10 15:00:00	56.91657	12.02055	19	0	16	0	0	0.005	14	7	1002	29	2	0.5	56	1600	300	1	1	1	1	1	2	0	1	0	0	168		
2018-12-10 15:30:00	56.91483	12.03396	20	0	17	0	0	0.005	14	7	1003	29	2	0.5	103	2400	300	1	1	1	1	1	1	0	1	5	4	157		
2018-12-10 16:00:00	56.91372	12.04434	40	0	18	0	0	0.005	14	7	1003	29	1	0.4	101	3000	300	0	1	1	1	1	1	0	1	0	0	170		
2018-12-10 16:30:00	56.89908	12.00705	17	0	19	0	0	0.005	13.9	7	1003	29	1	1.6	234	1600	330	1	0	1	1	1	1	0	1	164	0	3		
2018-12-10 17:00:00	56.89629	12.01953	18	0	20	0	0	0.005	13.9	7	1003	29	1	0.5	112	2400	335	1	1	0	1	1	1	0	1	7	1	160		
2018-12-10 17:30:00	56.89302	12.02955	34	0	21	0	0	0.005	13.9	7	1004	29	1	0.4	121	3100	335	0	1	1	0	1	1	0	1	0	0	169		
2018-12-10 18:00:00	56.8794	11.98854	13	0	22	0	0	0.005	13.9	7	1004	29	1	1.6	239	1400	340	1	0	1	1	0	1	0	1	162	0	5		
2018-12-10 18:30:00	56.87529	11.99826	36	0	23	0	0	0.005	13.9	7	1004	29	1	0.4	128	2200	340	1	1	0	1	1	0	0	1	6	0	163		
2018-12-10 19:00:00	56.87166	12.00627	13	0	24	0	0	0.005	13.9	7	1004	29	1	0.4	130	2800	340	1	1	1	0	1	1	0	1	0	1	166		
2018-12-10 19:30:00	56.86827	12.01785	12	0	25	0	0	0.005	13.9	7	1005	29	1	0.4	118	3600	340	0	1	1	1	0	1	0	0	5	4	160		
2018-12-10 20:00:00	56.85717	11.97315	70	0	26	0	0	0.005	13.8	7	1006	29	1	1.6	246	1800	345	1	0	1	1	1	0	0	1	162	2	3		
2018-12-10 20:30:00	56.85303	11.97591	14	0	27	0	0	0.005	13.8	7	1006	29	1	0.3	160	2300	345	1	1	0	1	1	1	0	1	6	0	158		
2018-12-10 21:00:00	56.84952	11.98404	14	0	28	0	0	0.005	13.8	7	1006	29	1	0.4	128	2900	345	1	1	1	0	1	1	0	1	0	1	169		
2018-12-10 21:30:00	56.84709	11.99745	12	0	29	0	0	0.005	13.8	7	1007	29	1	0.5	108	3600	345	0	1	1	1	0	1	0	0	0	1	169		
2018-12-10 22:00:00	56.84163	11.95641	41	0	0	0	0	0.005	13.8	7	1008	29	1	1.4	256	3200	355	1	0	1	1	1	0	0	1	154	2	13		
2018-12-10 22:30:00	56.83893	11.96226	13	0	1	0	0	0.005	13.8	7	1008	29	2	0.3	130	3500	355	1	1	0	1	1	1	0	0	5	1	157		
2018-12-10 23:00:00	56.8353	11.96805	41	0	2	0	0	0.005	13.8	7	1008	29	1	0.3	139	4000	355	1	1	1	0	1	1	0	0	18	2	149		
2018-12-10 23:30:00	56.83395	11.98167	16	0	3	0	0	0.005	13.8	7	1009	29	1	0.5	100	4400	355	0	1	1	1	0	1	0	0	0	1	165		
2018-12-11 00:00:00	56.83596	11.94276	41	0	4	0	0	0.005	13.7	7	1009	29	1	1.3	275	3900	5	1	0	1	1	1	0	0	0	163	0	6		
2018-12-11 00:30:00	56.8365	11.95275	14	0	5	0	0	0.005	13.7	7	1010	29	1	0.3	84	3800	5	1	1	0	1	1	1	0	0	5	2	159		
2018-12-11 01:00:00	56.83833	11.96949	40	0	6	0	0	0.005	13.7	7	1010	29	1	0.6	79	3700	5	0	1	1	0	1	1	0	0	0	2	168		
2018-12-11 01:30:00	56.84232	11.93418	13	0	7	0	0	0.005	13.7	7	1011	29	1	1.2	282	3400	5	1	0	1	1	0	1	0	0	161	0	5		
2018-12-11 02:00:00	56.84352	11.94744	13	0	8	0	0	0.005	13.7	7	1011	29	1	0.5	80	3000	5	1	1	0	1	1	0	0	1	4	2	162		
2018-12-11 02:30:00	56.84547	11.96715	14	0	9	0	0	0.005	13.7	7	1012	29	1	0.7	80	2900	5	0	1	1	0	1	1	0	1	0	0	169		
2018-12-11 03:00:00	56.84778	11.93382	41	0	10	0	0	0.005	13.7	7	1012	29	1	1.1	277	-2900	0	1	0	1	1	0	1	0	1	165	0	4		
2018-12-11 03:30:00	56.84676	11.94774	11	0	11	0	0	0.005	13.7	7	1013	29	3	0.5	98	2700	5	1	1	0	1	1	0	0	1	11	2	148		
2018-12-11 04:00:00	56.8455	11.97006	14	0	12	0	0	0.005	13.7	7	1013	29	1	0.8	96	2900	5	0	1	1	0	1	1	0	1	0	0	170		
2018-12-11 04:30:00	56.84901	11.9415	40	0	13	0	0	0.005	13.7	7	1013	29	1	1	283	2500	10	1	0	1	1	0	1	0	1	165	0	3		
2018-12-11 05:00:00	56.8467	11.96232	13	0	14	0	0	0.005	13.7	7	1013	29	1	0.7	102	2700	10	0	1	0	1	1	0	0	1	4	0	163		
2018-12-11 05:30:00	56.8491	11.93397	13	0	15	0	0	0.005	13.7	7	1014	29	1	1	279	-2700	10	1	0	1	0	1	1	0	1	163	1	5		
2018-12-11 06:00:00	56.84337	11.95167	41	0	16	0	1	0.005	13.6	7	1015	29	1	0.7	121	3000	20	0	1	0	1	0	1	0	1	11	0	158		
2018-12-11 06:30:00	56.83869	11.97564	12	0	17	0	0	0.005	13.6	7	1015	29	1	0.9	110	3700	20	0	1	1	0	1	0	0	0	0	1	166		
2018-12-11 07:00:00	56.83284	12.00066	13	0	18	0	0	0.005	13.6	6	1015	29	3	0.9	113	5000	20	0	1	1	1	0	1	0	0	0	0	164		
2018-12-11 07:30:00	56.82753	12.02325	12	0	19	0	0	0.005	13.6	6	1016	29	1	0.8	113	6300	20	0	1	1	1	1	0	0	0	5	1	163		
2018-12-11 08:00:00	56.82309	12.04632	13	0	20	0	0	0.005	13.6	6	1016	29	1	0.8	109	7600	20	0	1	1	1	1	1	0	0	0	1	169		
2018-12-11 08:30:00	56.82057	12.06951	13	0	21	0	0	0.005	13.6	6	1017	29	1	0.8	101	8900	20	3	1	1	1	1	1	0	0	0	0	170		
2018-12-11 09:00:00	56.81766	12.0921	18	0	22	0	0	0.005	13.8	6	1018	29	2	0.8	103	10200	20	3	1	1	1	1	1	0	0	0	1	167		
2018-12-11 09:30:00	56.81481	12.11589	40	0	23	0	0	0.005	14	6	1018	29	2	0.8	102	11500	20	3	1	1	1	1	1	0	0	0	0	167		
2018-12-11 10:00:00	56.81331	12.13779	13	0	24	0	0	0.005	14	6	1018	29	1	0.8	97	12800	20	3	1	1	1	1	1	0	0	0	1	166		
2018-12-11 10:30:00	56.81511	12.1593	13	0	25	0	0	0.005	13.9	6	1018	29	1	0.7	81	13800	20	3	1	1	1	1	1	0	0	0	1	169		
2018-12-11 11:00:00	56.81664	12.18228	13	0	26	0	0	0.005	13.9	6	1018	29	1	0.8	83	15000	20	3	1	1	1	1	1	0	0	0	0	170		
2018-12-11 11:30:00	56.81706	12.20523	70	0	27	0	0	0.005	13.9	6	1019	29	1	0.8	88	16300	20	3	1	1	1	1	1	0	0	0	1	167		
2018-12-11 11:40:00	56.81784	12.19473	13	0	28	0	7	0.005	13.9	6	1019	29	1	1.2	278	-100	20	2	3	1	1	1	1	0	1	39	0	4		
2018-12-11 12:00:00	56.81052	12.20649	12	0	29	0	0	0.005	13.9	6	1019	29	1	0.9	139	700	25	1	2	3	1	1	1	0	1	5	0	104		
2018-12-11 12:20:00	56.81055	12.22149	13	0	0	0	1	0.005	13.8	6	1019	29	2	0.8	90	600	25	1	1	2	3	1	1	0	1	0	0	108		
2018-12-11 12:40:00	56.81145	12.23592	13	0	1	0	0	0.005	14	6	1020	29	1	0.7	84	500	25	1	1	1	2	3	1	0	1	0	0	110		
2018-12-11 13:00:00	56.81253	12.25053	13	0	2	0	0	0.005	14	6	1020	29	1	0.7	82	400	25	1	1	1	1	2	3	0	1	0	2	108		
2018-12-11 13:20:00	56.81412	12.26493	13	0	3	0	0	0.005	13.9	6	1020	29	1	0.7	79	200	25	1	1	1	1	1	2	0	1	0	0	110		
2018-12-11 13:40:00	56.81523	12.27966	13	0	4	0	0	0.005	13.9	6	1020	29	1	0.8	82	100	25	1	1	1	1	1	1	0	1	0	0	110		
2018-12-11 14:00:00	56.81787	12.297	56	0	5	0	1	0.005	13.9	6	1020	29	2	0.9	74	-200	25	1	1	1	1	1	1	0	1	0	0	108		
2018-12-11 14:20:00	56.82003	12.3132	21	0	6	0	0	0.005	13.9	6	1021	29	2	0.9	76	-500	25	2	1	1	1	1	1	0	1	0	0	102		
2018-12-11 14:40:00	56.81475	12.33171	20	0	7	0	0	0.005	13.9	6	1021	29	3	1.1	118	100	25	1	2	1	1	1	1	0	1	0	0	105		
2018-12-11 15:00:00	56.81637	12.34848	32	0	8	0	4	0.005	13.9	6	1022	29	1	0.9	80	1000	25	1	1	2	1	1	1	0	1	0	0	108		
2018-12-11 15:20:00	56.81841	12.36366	12	0	9	0	0	0.005	13.9	6	1021	29	1	0.8	76	1000	25	1	1	1	2	1	1	0	1	0	0	108		
2018-12-11 15:40:00	56.81964	12.37941	12	0	10	0	0	0.005	13.9	6	1022	29	1	0.8	82	1100	25	1	1	1	1	2	1	0	1	0	0	110		
2018-12-11 16:00:00	56.8209	12.39279	14	0	11	0	0	0.005	13.9	6	1022	29	1	0.7	80	1200	25	1	1	1	1	1	2	0	1	0	0	110		
2018-12-11 16:20:00	56.82318	12.40761	13	0	12	0	0	0.005	13.8	6	1022	29	1	0.8	74	1200	25	1	1	1	1	1	1	0	1	0	0	110		
2018-12-11 16:40:00	56.82513	12.4224	13	0	13	0	0	0.005	13.8	6	1022	29	1	0.8	76	1300	25	1	1	1	1	1	1	0	1	0	0	110		
2018-12-11 17:00:00	56.82672	12.43779	41	0	14	0	0	0.005	13.8	6	1022	29	1	0.8	79	1400	25	1	1	1	1	1	1	0	1	0	0	110		
2018-12-11 17:20:00	56.82747	12.45243	12	0	15	0	0	0.005	13.8	6	1023	29	1	0.8	85	1500	25	0	1	1	1	1	1	0	1	0	0	107		
2018-12-11 17:40:00	56.83272	12.43818	12	0	16	0	0	0.005	13.8	6	1023	29	1	0.9	304	700	15	1	0	1	1	1	1	0	1	104	0	4		
2018-12-11 18:00:00	56.83167	12.44967	12	0	17	0	4	0.005	13.8	6	1023	29	2	0.6	100	-500	25	1	1	0	1	1	1	0	1	4	0	104		
2018-12-11 18:20:00	56.83059	12.46257	13	0	18	0	0	0.005	13.8	6	1023	29	1	0.7	99	100	25	1	1	1	0	1	1	0	1	0	0	110		
2018-12-11 18:40:00	56.82816	12.47406	13	0	19	0	0	0.005	13.8	6	1024	29	2	0.6	111	700	25	1	1	1	1	0	1	0	1	0	0	104		
2018-12-11 19:00:00	56.82555	12.48162	41	0	20	0	0	0.005	13.8	6	1024	29	1	0.4	122	1200	25	0	1	1	1	1	0	0	1	0	3	107		
2018-12-11 19:20:00	56.82969	12.46992	11	0	21	0	0	0.005	13.7	6	1024	29	1	0.7	303	400	35	1	0	1	1	1	1	0	1	103	0	4		
2018-12-11 19:40:00	56.82741	12.47445	13	0	22	0	0	0.005	13.7	6	1024	29	1	0.3	133	800	35	1	1	0	1	1	1	0	1	5	3	101		
2018-12-11 20:00:00	56.82456	12.48423	13	0	23	0	0	0.005	13.7	6	1025	29	1	0.6	118	1400	35	0	1	1	0	1	1	0	1	0	0	110		
2018-12-11 20:20:00	56.83134	12.47382	12	0	24	0	0	0.005	13.7	6	1025	29	2	0.8	320	400	40	1	0	1	1	0	1	0	1	103	0	3		
2018-12-11 20:40:00	56.8284	12.47982	13	0	25	0	0	0.005	13.7	6	1025	29	1	0.4	132	900	45	0	1	0	1	1	0	0	1	4	5	100		
2018-12-11 21:00:00	56.83359	12.47112	13	0	26	0	0	0.005	13.7	6	1025	29	1	0.7	318	100	45	1	0	1	0	1	1	0	1	104	2	4		
2018-12-11 21:40:00	56.83485	12.46761	41	0	28	0	0	0.005	13.7	6	1026	29	3	0.5	318	-100	50	1	0	1	0	1	0	0	1	101	0	4		
2018-12-11 22:00:00	56.83062	12.47175	12	0	29	0	0	0.005	13.7	5	1026	29	1	0.5	152	400	55	0	1	0	1	0	1	0	1	5	1	99		
2018-12-11 22:20:00	56.83419	12.46425	12	0	0	0	0	0.005	13.7	5	1026	29	1	0.5	311	-200	50	1	0	1	0	1	0	0	1	102	2	4		
2018-12-11 22:40:00	56.83326	12.47193	13	0	1	0	0	0.005	13.7	5	1026	29	1	0.4	102	200	30	1	1	0	1	0	1	0	1	5	1	103		
2018-12-11 23:00:00	56.83359	12.48045	12	0	2	0	0	0.005	13.6	5	1027	29	2	0.4	86	400	30	1	1	1	0	1	0	0	1	0	1	107		
2018-12-11 23:20:00	56.83473	12.48903	12	0	3	0	0	0.005	13.6	5	1027	29	1	0.4	77	600	30	0	1	1	1	0	1	0	1	0	0	110		
2018-12-11 23:40:00	56.83623	12.48132	13	0	4	0	0	0.005	13.6	5	1027	29	1	0.4	290	200	5	1	0	1	1	1	0	0	1	98	5	6		
2018-12-12 00:00:00	56.83599	12.49179	40	0	5	0	0	0.005	13.6	5	1027	29	1	0.5	92	600	10	0	1	0	1	1	1	0	1	7	2	99		
2018-12-12 00:20:00	56.83695	12.48189	13	0	6	0	0	0.005	13.6	5	1027	29	1	0.5	280	200	5	1	0	1	0	1	1	0	1	101	0	5		
2018-12-12 00:40:00	56.83815	12.49311	13	0	7	0	0	0.005	13.6	5	1027	29	1	0.6	79	500	360	0	1	0	1	0	1	0	1	5	1	103		
2018-12-12 01:00:00	56.83818	12.4842	13	0	8	0	0	0.005	13.6	5	1027	29	1	0.5	270	200	355	1	0	1	0	1	0	0	1	104	0	5		
2018-12-12 01:20:00	56.8374	12.49494	11	0	9	0	0	0.005	13.6	5	1027	29	1	0.5	98	600	5	0	1	0	1	0	1	0	1	6	0	104		
2018-12-12 01:40:00	56.83851	12.4866	13	0	10	0	0	0.005	13.6	5	1027	29	1	0.4	284	200	10	1	0	1	0	1	0	0	1	103	2	3		
2018-12-12 02:00:00	56.83767	12.49626	13	0	11	0	0	0.005	13.6	5	1028	29	1	0.5	99	600	10	0	1	0	1	0	1	0	1	6	1	102		
2018-12-12 02:20:00	56.83776	12.48699	14	0	12	0	0	0.005	13.6	5	1028	29	1	0.5	271	300	5	1	0	1	0	1	0	0	1	104	0	5		
2018-12-12 02:40:00	56.83764	12.49635	41	0	13	0	0	0.005	13.6	5	1028	29	1	0.5	91	600	0	0	1	0	1	0	1	0	1	6	0	103		
2018-12-12 03:00:00	56.83752	12.4887	12	0	14	0	0	0.005	13.6	5	1028	29	1	0.4	269	400	0	1	0	1	0	1	0	0	1	100	0	6		
2018-12-12 03:20:00	56.83854	12.49734	12	0	15	0	0	0.005	13.6	5	1028	29	2	0.4	78	600	355	0	1	0	1	0	1	0	1	6	0	101		
2018-12-12 03:40:00	56.83839	12.48813	11	0	16	0	0	0.005	13.6	5	1028	29	1	0.5	268	300	355	1	0	1	0	1	0	0	1	104	0	4		
2018-12-12 04:00:00	56.83791	12.49704	13	0	17	0	0	0.005	13.6	5	1029	29	2	0.5	96	600	0	0	1	0	1	0	1	0	1	6	1	100		
2018-12-12 04:20:00	56.83839	12.48744	12	0	18	0	0	0.005	13.6	5	1029	29	1	0.5	275	200	5	1	0	1	0	1	0	0	1	104	0	6		
2018-12-12 04:40:00	56.83626	12.49374	13	0	19	0	0	0.005	13.6	5	1029	29	1	0.4	122	700	15	0	1	0	1	0	1	0	1	5	0	104		
2018-12-12 05:00:00	56.83599	12.48576	13	0	20	0	0	0.005	13.6	5	1029	29	1	0.4	267	400	15	1	0	1	0	1	0	0	1	102	0	7		
2018-12-12 05:20:00	56.83713	12.49359	13	0	21	0	0	0.005	13.6	5	1029	29	1	0.4	75	600	350	0	1	0	1	0	1	0	1	6	0	102		
2018-12-12 05:40:00	56.83536	12.48189	14	0	22	0	0	0.005	13.6	5	1029	29	1	0.6	254	300	345	1	0	1	0	1	0	0	1	103	1	5		
2018-12-12 05:45:00	56.83437	12.48282	14	0	23	0	2	0.005	13.5	5	1029	29	1	0.4	152	400	15	1	1	0	1	0	1	0	1	6	0	12		
2018-12-12 05:55:00	56.83494	12.48873	19	0	25	0	0	0.005	13.5	5	1030	29	3	0.6	78	600	15	1	1	1	1	0	1	0	1	0	0	16		
2018-12-12 06:00:00	56.8353	12.49185	40	0	26	0	0	0.005	13.5	5	1030	29	1	0.6	77	700	15	1	1	1	1	1	0	0	1	0	0	19		
2018-12-12 06:05:00	56.83575	12.49425	11	0	27	0	0	0.005	13.5	5	1030	29	1	0.6	72	700	15	0	1	1	1	1	1	0	1	0	0	17		
2018-12-12 06:10:00	56.83623	12.49698	12	0	28	0	0	0.005	13.5	5	1030	29	1	0.6	72	800	15	0	1	1	1	1	1	0	1	0	0	20		
2018-12-12 06:15:00	56.83674	12.49968	11	0	29	0	0	0.005	13.5	5	1030	29	1	0.6	71	800	15	0	1	1	1	1	1	0	1	0	0	20		
2018-12-12 06:20:00	56.83683	12.50259	11	0	0	0	0	0.005	13.5	5	1030	29	1	0.6	87	1000	15	3	1	1	1	1	1	0	1	0	0	19		
2018-12-12 06:25:00	56.83716	12.50532	11	0	1	0	0	0.005	13.5	5	1030	29	1	0.6	77	1100	15	3	1	1	1	1	1	0	1	0	0	20		
2018-12-12 06:30:00	56.83725	12.50847	11	0	2	0	0	0.005	13.5	5	1030	29	1	0.6	88	1300	15	3	1	1	1	1	1	0	1	0	0	20		
2018-12-12 06:35:00	56.83743	12.51147	11	0	3	0	0	0.005	13.5	5	1030	29	1	0.6	84	1400	15	3	1	1	1	1	1	0	1	0	0	20		
2018-12-12 06:40:00	56.83755	12.51456	11	0	4	0	0	0.005	13.5	5	1030	29	1	0.6	86	1600	15	3	1	1	1	1	1	0	1	0	0	20		
2018-12-12 06:45:00	56.83776	12.51723	12	0	5	0	0	0.005	13.5	5	1030	29	1	0.5	83	1700	15	3	1	1	1	1	1	0	1	0	0	20		
2018-12-12 06:50:00	56.83791	12.51987	12	0	6	0	0	0.005	13.5	5	1030	29	1	0.5	83	1900	15	3	1	1	1	1	1	0	1	0	0	20		
2018-12-12 06:55:00	56.83812	12.5226	12	0	7	0	0	0.005	13.5	5	1030	29	1	0.6	83	2100	15	3	1	1	1	1	1	0	1	0	0	20		
2018-12-12 07:00:00	56.83818	12.52521	12	0	8	0	0	0.005	13.5	5	1030	29	1	0.5	87	2200	15	3	1	1	1	1	1	0	1	0	0	20		
2018-12-12 07:05:00	56.83815	12.52752	11	0	9	0	0	0.005	13.5	5	1030	29	1	0.5	92	2300	15	3	1	1	1	1	1	0	1	0	0	20		
2018-12-12 07:10:00	56.83809	12.52998	11	0	10	0	0	0.005	13.5	5	1030	29	1	0.5	92	2500	15	3	1	1	1	1	1	0	1	0	0	20		
2018-12-12 07:15:00	56.83776	12.52926	12	0	11	0	1	0.005	13.5	5	1030	29	1	0.2	231	2500	350	3	0	1	1	1	1	0	1	12	0	7		
2018-12-12 07:20:00	56.83812	12.52758	13	0	12	0	0	0.005	13.5	5	1030	29	1	0.4	291	2400	350	3	0	0	1	1	1	0	1	20	0	0		
2018-12-12 07:25:00	56.83878	12.52611	11	0	13	0	0	0.005	13.5	5	1030	29	1	0.4	309	2300	350	3	0	0	0	1	1	0	1	20	0	0		
2018-12-12 07:30:00	56.8395	12.52479	12	0	14	0	0	0.005	13.5	5	1030	29	3	0.4	314	2200	350	3	0	0	0	0	1	0	1	17	0	0		
2018-12-12 07:35:00	56.8401	12.52317	13	0	15	0	0	0.005	13.5	5	1031	29	1	0.4	304	2100	350	3	0	0	0	0	0	0	1	20	0	0		
2018-12-12 07:40:00	56.84076	12.52119	12	0	16	0	0	0.005	13.5	5	1031	29	1	0.5	302	1900	350	3	0	0	0	0	0	0	1	20	0	0		
2018-12-12 07:45:00	56.84136	12.51951	12	0	17	0	0	0.005	13.5	5	1031	29	1	0.4	303	1800	350	3	0	0	0	0	0	0	1	20	0	0		
2018-12-12 07:50:00	56.84193	12.51771	12	0	18	0	0	0.005	13.5	5	1031	29	1	0.4	300	1700	350	3	0	0	0	0	0	0	1	20	0	0		
2018-12-12 07:55:00	56.84244	12.51585	12	0	19	0	0	0.005	13.5	5	1031	29	1	0.4	297	1600	350	3	0	0	0	0	0	0	1	20	0	0		
2018-12-12 08:00:00	56.84292	12.51423	12	0	20	0	0	0.005	13.5	5	1031	29	1	0.4	298	1500	350	3	0	0	0	0	0	0	1	20	0	0		
2018-12-12 08:05:00	56.84274	12.51174	12	0	21	0	0	0.005	13.5	5	1031	29	1	0.5	263	1400	350	3	0	0	0	0	0	0	1	19	0	0		
2018-12-12 08:10:00	56.84265	12.50904	12	0	22	0	0	0.005	13.5	5	1031	29	1	0.5	266	1200	350	3	0	0	0	0	0	0	1	20	0	0		
2018-12-12 08:15:00	56.84256	12.50613	12	0	23	0	0	0.005	13.5	5	1031	29	1	0.6	266	1000	350	3	0	0	0	0	0	0	1	20	0	0		
2018-12-12 08:20:00	56.84193	12.50733	12	0	24	0	1	0.005	13.5	5	1031	29	1	0.3	133	1100	15	3	1	0	0	0	0	0	1	7	0	12		
2018-12-12 08:25:00	56.84214	12.50949	12	0	25	0	0	0.005	13.5	5	1031	29	1	0.4	80	1200	15	3	1	1	0	0	0	0	1	0	0	20		
2018-12-12 08:30:00	56.84253	12.51174	12	0	26	0	0	0.005	13.5	5	1031	29	1	0.5	72	1400	15	3	1	1	1	0	0	0	1	0	0	20		
2018-12-12 08:35:00	56.84268	12.51456	13	0	27	0	0	0.005	13.5	5	1031	29	2	0.6	84	1500	15	3	1	1	1	1	0	0	1	0	0	18		
2018-12-12 08:40:00	56.84304	12.51723	12	0	28	0	0	0.005	13.6	5	1031	29	2	0.6	76	1700	15	3	1	1	1	1	1	0	1	0	0	18		
2018-12-12 08:50:00	56.84394	12.52194	13	0	0	0	0	0.005	13.6	5	1031	29	3	0.5	77	2000	15	3	1	1	1	1	1	0	1	0	0	14		
2018-12-12 08:55:00	56.84412	12.52455	11	0	1	0	0	0.005	13.6	5	1031	29	1	0.5	83	2100	15	3	1	1	1	1	1	0	1	0	0	18		
2018-12-12 09:00:00	56.84472	12.52686	12	0	2	0	0	0.005	13.6	5	1031	29	2	0.5	64	2300	15	3	1	1	1	1	1	0	1	0	0	17		
2018-12-12 09:05:00	56.84517	12.52869	12	0	3	0	0	0.005	13.6	5	1031	29	3	0.4	66	2400	15	3	1	1	1	1	1	0	1	0	0	15		
2018-12-12 09:15:00	56.84589	12.53229	12	0	5	0	0	0.005	13.6	5	1031	29	3	0.4	73	2600	15	3	1	1	1	1	1	0	1	0	0	15		
2018-12-12 09:20:00	56.84646	12.5343	12	0	6	0	0	0.005	13.7	5	1031	29	1	0.5	63	2800	15	3	1	1	1	1	1	0	1	0	0	20		
2018-12-12 09:25:00	56.84607	12.53379	13	0	7	0	1	0.005	13.7	5	1031	29	2	0.2	215	2700	325	3	0	1	1	1	1	0	1	10	0	7		
2018-12-12 09:34:12	56.84709	12.52416	41	1	0	0	0	0.005	13.7	5	1031	29	0	1.5	289	0	0	0	0					0	1					
2018-12-12 09:40:00	56.85222	12.51171	12	0	1	0	0	0.005	13.8	5	1031	29	1	3	307	900	0	1	0	0				0	1	2	20	0		
2018-12-12 09:45:00	56.85672	12.49848	13	1	2	0	0	0.005	13.8	5	1031	29	1	3.1	302	1900	155	0	1	0	0			0	1	0	20	0		
2018-12-12 09:50:00	56.86269	12.48792	13	0	3	0	0	0.005	13.8	5	1031	29	1	3.1	316	2800	135	1	0	1	0	0		0	1	0	20	0		
2018-12-12 09:55:00	56.87112	12.48093	13	0	4	0	0	0.005	13.8	5	1031	28	1	3.4	336	3700	310	3	1	0	1	0	0	0	0	0	20	0		
2018-12-12 10:00:00	56.88021	12.47514	14	0	5	0	0	0.005	13.9	5	1031	28	1	3.6	341	4700	310	2	3	1	0	1	0	0	0	0	20	0		
2018-12-12 10:05:00	56.88909	12.4698	12	0	6	0	0	0.005	14	5	1031	28	3	3.5	342	5700	30	2	2	3	1	0	1	0	0	0	13	0		
2018-12-12 10:10:00	56.89278	12.46722	14	0	7	0	0	0.005	14	5	1032	28	1	1.5	339	6100	30	2	2	2	3	1	0	0	0	0	20	0		
2018-12-12 11:00:00	56.89269	12.46686	42	0	8	0	1	0.005	13.9	5	1032	30	1	0	244	6100	30	2	2	2	2	3	1	0	0	7	111	170		
2019-04-23 11:13:42	57.42486	18.21336	12	1	0	0	0	0.005	13.3	19	1027	35	0	0.3	33	0	0	0	0					0	1					
2019-04-23 11:20:00	57.42486	18.21351	12	0	2	0	0	0.005	13.4	19	1027	35	3	0	76	0	345	0	1	0	0			0	1	0	0	0		
2019-04-23 11:25:00	57.42474	18.2133	13	0	3	0	0	0.005	13.4	19	1027	36	1	0.1	226	0	325	1	0	1	0	0		0	1	0	5	12		
2019-04-23 11:30:00	57.42474	18.21318	13	0	4	0	0	0.005	13.4	20	1027	36	1	0	273	0	295	1	1	0	1	0	0	0	1	0	20	0		
2019-04-23 11:35:00	57.42486	18.21336	14	0	5	0	0	0.005	13.4	20	1027	36	1	0.1	42	0	295	0	1	1	0	1	0	0	1	1	19	0		
2019-04-23 11:40:00	57.42477	18.21324	13	0	6	0	0	0.005	13.5	21	1027	36	2	0	217	0	310	1	0	1	1	0	1	0	1	5	13	0		
2019-04-23 11:45:00	57.42459	18.21294	13	0	7	0	0	0.005	13.6	21	1027	36	1	0.1	220	0	135	0	1	0	1	1	0	0	1	3	16	0		
2019-04-23 11:50:00	57.42492	18.21348	13	0	8	0	0	0.005	14	22	1027	36	1	0.2	42	0	130	1	0	1	0	1	1	0	1	0	20	0		
2019-04-23 11:55:00	57.42468	18.21315	13	0	9	0	0	0.005	13.7	23	1026	36	1	0.1	216	0	130	0	1	0	1	0	1	0	1	0	19	0		
2019-04-23 12:00:00	57.42486	18.21333	13	0	10	0	0	0.005	13.8	23	1026	36	1	0.1	26	0	120	0	0	1	0	1	0	0	1	2	17	0		
2019-04-23 12:05:00	57.42501	18.21345	13	0	11	0	0	0.005	13.9	24	1027	35	1	0.1	24	0	120	1	0	0	1	0	1	0	1	3	16	0		
2019-04-23 12:15:00	57.42444	18.21327	13	0	13	0	0	0.005	13.9	25	1026	35	3	0.2	188	0	110	0	1	1	0	0	1	0	1	1	14	0		
2019-04-23 12:25:00	57.42501	18.21348	15	0	15	0	0	0.005	13.9	26	1026	35	3	0	100	0	85	1	1	0	1	1	0	0	1	1	14	0		
2019-04-23 12:35:00	57.42492	18.21333	33	0	17	0	0	0.005	13.9	26	1026	35	3	0.1	354	0	90	1	0	1	1	0	1	0	1	0	13	3		
2019-04-23 12:45:00	57.42486	18.2133	12	0	19	0	0	0.005	13.9	27	1026	35	3	0	215	0	80	1	1	1	0	1	1	0	1	0	16	0		
2019-04-23 12:50:00	57.42489	18.21342	13	0	20	0	0	0.005	14	27	1025	35	1	0	76	0	80	1	1	1	1	0	1	0	1	0	20	0		
2019-04-23 12:55:00	57.42507	18.21327	13	0	21	0	0	0.005	14.1	27	1025	35	1	0.1	333	0	80	1	1	1	1	1	0	0	1	0	20	0		
2019-04-23 13:15:00	57.42483	18.21339	13	0	25	0	0	0.005	14	26	1025	34	3	0	91	0	100	0	0	0	1	1	1	0	1	0	16	0		
2019-04-23 13:20:00	57.42486	18.21327	17	0	26	0	0	0.005	14	26	1025	34	1	0	286	0	100	0	0	0	0	1	1	0	1	10	10	0		
2019-04-23 13:25:00	57.42492	18.21327	13	0	27	0	0	0.005	14	26	1025	34	2	0	357	0	100	1	0	0	0	0	1	0	1	0	17	0		
2019-04-23 13:30:00	57.4248	18.2133	13	0	28	0	1	0.005	13.9	25	1025	34	1	0	172	0	85	0	1	0	0	0	0	0	1	12	7	0		
2019-04-23 13:40:00	57.42504	18.21336	13	0	29	0	4	0.005	13.9	25	1025	35	2	0	8	-5300	90	2	0	1	0	0	0	0	0	3	44	0		
2019-04-23 14:00:00	57.42489	18.21378	13	0	1	0	0	0.005	13.9	24	1025	35	3	0.1	55	-5300	90	3	2	2	0	1	0	0	0	3	34	9		
2019-04-23 14:10:00	57.42483	18.21387	14	0	2	0	0	0.005	14	23	1025	35	3	0	129	-5300	315	3	3	2	2	0	1	0	0	0	16	31		
2019-04-23 14:20:00	57.42489	18.21384	14	0	3	0	0	0.005	14	23	1024	35	3	0	352	-5300	315	3	3	3	2	2	0	0	0	0	0	45		
2019-04-23 14:30:00	57.4248	18.21375	14	0	4	0	0	0.005	14.1	23	1024	35	1	0	211	-5300	315	3	3	3	3	2	2	0	0	0	6	43		
2019-04-23 15:00:00	57.42498	18.21378	13	0	7	0	0	0.005	14.1	21	1024	35	3	0	224	-5300	315	3	3	3	3	3	3	0	0	0	0	47		
2019-04-23 15:10:00	57.42498	18.21378	13	0	8	0	0	0.005	14.1	21	1024	35	2	0	180	-5300	315	3	3	3	3	3	3	0	0	14	12	20		
2019-04-23 15:20:00	57.42498	18.21372	12	0	9	0	0	0.005	14.1	21	1024	35	1	0	268	-5300	315	3	3	3	3	3	3	0	0	0	15	34		
2019-04-23 15:30:00	57.42501	18.21372	12	0	10	0	0	0.005	14	21	1024	35	1	0	352	-5300	315	3	3	3	3	3	3	0	0	0	6	20		
2019-04-23 15:40:00	57.42501	18.2139	12	0	11	0	0	0.005	14	20	1024	35	1	0	83	-5300	315	3	3	3	3	3	3	0	0	0	0	0		
2019-04-23 15:50:00	57.42501	18.21381	12	0	12	0	0	0.005	14	20	1024	35	1	0	281	-5300	315	3	3	3	3	3	3	0	0	0	0	0		
2019-04-23 17:24:42	57.40641	18.15714	12	1	0	0	0	0.005	14	18	1025	35	0	0	315	0	0	0	0					0	1					
2019-04-23 17:30:00	57.40641	18.15714	11	0	1	0	0	0.005	14	18	1025	34	1	0	100	0	0	1	0	0				0	1	0	0	0		
2019-04-23 17:35:00	57.40641	18.15717	11	0	2	0	0	0.005	14.1	18	1025	34	1	0	21	0	215	0	1	0	0			0	1	0	0	0		
2019-04-23 17:40:00	57.40641	18.15711	12	0	3	0	0	0.005	14	18	1025	34	3	0	230	0	315	1	0	1	0	0		0	1	0	0	0		
2019-04-23 17:45:00	57.40638	18.15714	13	0	4	0	0	0.005	14.1	18	1025	34	2	0	151	0	15	0	1	0	1	0	0	0	1	0	0	0		
2019-04-23 17:50:00	57.40638	18.15714	12	0	5	0	0	0.005	14.1	17	1025	34	1	0	8	0	75	0	0	1	0	1	0	0	1	9	10	1		
2019-04-23 17:55:00	57.40518	18.15903	11	0	6	0	0	0.005	14.1	17	1025	34	1	0.6	140	200	75	3	0	0	1	0	1	0	1	10	10	0		
2019-04-23 18:00:00	57.39792	18.1449	11	1	7	0	0	0.005	14.1	17	1025	34	1	3.9	226	1200	75	1	3	0	0	1	0	0	1	20	0	0		
2019-04-23 18:05:00	57.39117	18.13131	11	0	8	0	0	0.005	14	17	1025	34	1	3.7	227	2300	75	0	1	3	0	0	1	0	1	19	0	0		
2019-04-23 18:10:00	57.39081	18.13026	12	0	9	0	0	0.005	14	16	1025	34	1	0.2	237	2400	135	2	0	1	3	0	0	0	1	12	8	0		
2019-04-23 18:16:26	57.39066	18.12855	11	1	0	0	0	0.005	14	16	1024	34	0	0.4	340	0	0	0	0					0	1					
2019-04-23 18:20:00	57.39108	18.12708	11	0	1	0	0	0.005	14	16	1025	33	2	0.5	298	100	0	1	0	0				0	1	10	0	0		
2019-04-23 18:25:00	57.39081	18.12516	13	0	2	0	0	0.005	14	15	1025	33	1	0.4	257	200	85	0	1	0	0			0	1	5	0	15		
2019-04-23 18:30:00	57.39117	18.12321	13	0	3	0	0	0.005	14	15	1025	33	1	0.4	288	300	90	1	0	1	0	0		0	1	14	0	5		
2019-04-23 18:35:00	57.39093	18.12159	11	0	4	0	0	0.005	14	14	1025	33	1	0.3	254	400	75	1	1	0	1	0	0	0	1	8	0	12		
2019-04-23 18:40:00	57.3906	18.1197	12	0	5	0	0	0.005	13.9	14	1025	33	1	0.4	252	500	75	1	1	1	0	1	0	0	1	0	0	18		
2019-04-23 18:45:00	57.39078	18.11892	12	0	6	0	0	0.005	13.9	13	1025	33	1	0.2	293	600	75	1	1	1	1	0	1	0	1	13	5	2		
2019-04-23 18:50:00	57.39072	18.11763	12	0	7	0	0	0.005	13.9	13	1025	33	1	0.3	266	700	75	1	1	1	1	1	0	0	1	6	1	13		
2019-04-23 18:55:00	57.39081	18.11634	12	0	8	0	0	0.005	13.9	12	1025	33	2	0.3	276	700	75	1	1	1	1	1	1	0	1	18	1	0		
2019-04-23 19:00:00	57.39084	18.1152	17	0	9	0	0	0.005	13.9	12	1025	33	1	0.2	273	800	75	1	1	1	1	1	1	0	1	7	7	4		
2019-04-23 19:05:12	57.39084	18.11394	12	1	0	0	0	0.005	13.9	12	1025	33	0	0.6	235	0	0	0	0					0	1					
2019-04-23 19:15:00	57.39156	18.11166	12	0	2	0	0	0.005	13.8	11	1025	33	3	0.2	233	200	80	0	1	0	0			0	1	6	0	10		
2019-04-23 19:25:00	57.39189	18.10962	13	0	4	0	0	0.005	13.8	10	1025	33	3	0.3	235	300	95	1	1	0	1	0	0	0	1	6	0	8		
2019-04-23 19:30:00	57.39054	18.10995	13	0	5	0	1	0.005	13.8	10	1025	33	1	0.5	173	200	95	0	1	1	0	1	0	0	1	0	0	20		
2019-04-23 19:40:00	57.39294	18.10794	13	0	6	0	0	0.005	13.8	10	1025	33	1	0.5	336	400	75	1	0	1	1	0	1	0	1	44	0	5		
2019-04-23 19:50:00	57.39051	18.10794	12	0	7	0	0	0.005	13.8	9	1025	33	1	0.5	180	400	75	1	1	0	1	1	0	0	1	6	0	42		
2019-04-23 20:00:00	57.3873	18.10863	12	0	8	0	0	0.005	13.8	9	1025	33	1	0.6	173	500	75	0	1	1	0	1	1	0	1	0	0	50		
2019-04-23 20:10:00	57.38931	18.10683	11	0	9	0	0	0.005	13.8	9	1025	34	1	0.4	334	500	75	0	0	1	1	0	1	0	1	43	1	5		
2019-04-23 20:15:00	57.39048	18.10707	12	0	10	0	1	0.005	13.8	9	1025	34	1	0.4	6	400	75	0	0	0	1	1	0	0	1	20	0	0		
2019-04-23 20:30:00	57.39552	18.10761	12	0	11	0	0	0.005	13.8	9	1024	34	1	0.6	3	600	75	1	0	0	0	1	1	0	1	79	1	0		
2019-04-23 20:45:00	57.39138	18.10722	13	0	12	0	0	0.005	13.7	9	1024	34	1	0.5	183	400	95	1	1	0	0	0	1	0	1	6	0	72		
2019-04-23 21:00:00	57.38631	18.11043	12	0	13	0	0	0.005	13.8	8	1024	34	1	0.7	161	500	95	0	1	1	0	0	0	0	1	0	1	79		
2019-04-23 21:15:00	57.39105	18.10947	11	0	14	0	0	0.005	13.7	8	1024	34	1	0.6	354	300	75	1	0	1	1	0	0	0	1	74	1	4		
2019-04-23 21:30:00	57.38604	18.11121	13	0	15	0	0	0.005	13.7	8	1024	33	1	0.6	169	600	80	0	1	0	1	1	0	0	1	5	0	75		
2019-04-23 21:45:00	57.39111	18.10977	12	0	16	0	0	0.005	13.7	8	1024	34	1	0.6	351	300	80	1	0	1	0	1	1	0	1	75	1	4		
2019-04-23 22:00:00	57.38574	18.11304	42	0	17	0	0	0.005	13.7	8	1024	33	1	0.7	162	600	75	0	1	0	1	0	1	0	1	5	0	74		
2019-04-23 22:15:00	57.39042	18.11145	11	0	18	0	0	0.005	13.7	8	1024	33	1	0.6	350	200	75	0	0	1	0	1	0	0	1	73	0	3		
2019-04-23 22:30:00	57.39672	18.11145	12	0	19	0	0	0.005	13.7	7	1024	33	2	0.8	360	700	75	1	0	0	1	0	1	0	1	78	0	0		
2019-04-23 22:45:00	57.39174	18.11355	12	0	20	0	0	0.005	13.7	7	1024	33	1	0.6	167	100	85	1	1	0	0	1	0	0	1	5	0	74		
2019-04-23 23:00:00	57.38703	18.11442	11	0	21	0	0	0.005	13.7	7	1024	33	1	0.6	174	400	85	0	1	1	0	0	1	0	1	0	0	79		
2019-04-23 23:15:00	57.39126	18.11433	12	0	22	0	0	0.005	13.7	7	1024	33	2	0.5	359	100	85	1	0	1	1	0	0	0	1	73	0	4		
2019-04-23 23:30:00	57.38673	18.11358	12	0	23	0	0	0.005	13.7	7	1024	33	1	0.6	185	500	90	0	1	0	1	1	0	0	1	5	0	74		
2019-04-24 00:00:00	57.39678	18.11388	12	0	25	0	0	0.005	13.7	7	1024	33	3	0.7	2	700	90	1	0	0	1	0	1	0	1	75	0	0		
2019-04-24 00:15:00	57.39261	18.11346	13	0	26	0	0	0.005	13.7	7	1024	33	1	0.5	183	200	90	1	1	0	0	1	0	0	1	4	0	75		
2019-04-24 00:30:00	57.38826	18.1137	12	0	27	0	0	0.005	13.7	7	1023	33	1	0.5	178	300	90	0	1	1	0	0	1	0	1	0	1	78		
2019-04-24 00:45:00	57.39279	18.11229	13	0	28	0	0	0.005	13.6	7	1023	33	1	0.6	350	200	85	1	0	1	1	0	0	0	1	74	0	5		
2019-04-24 02:34:12	57.37533	18.11622	12	1	0	0	0	0.005	13.6	7	1023	33	0	0.9	273	0	0	0	0					0	1	1	0	0		
2019-04-24 02:35:00	57.37548	18.11556	12	0	1	0	0	0.005	13.6	7	1023	33	1	0.9	295	0	0	1	0	0				0	1	0	0	0		
2019-04-24 02:40:00	57.37467	18.11391	13	0	2	0	0	0.005	13.6	7	1023	33	1	0.5	227	200	55	0	1	0	0			0	1	5	0	15		
2019-04-24 02:45:00	57.37587	18.11454	13	0	3	0	0	0.005	13.6	7	1023	33	1	0.5	16	100	120	1	0	1	0	0		0	1	15	0	4		
2019-04-24 02:50:00	57.37509	18.11334	13	0	4	0	0	0.005	13.6	7	1023	33	1	0.4	219	200	115	0	1	0	1	0	0	0	1	5	0	15		
2019-04-24 02:55:00	57.37632	18.11391	11	0	5	0	0	0.005	13.6	7	1023	33	1	0.5	14	200	115	1	0	1	0	1	0	0	1	15	0	3		
2019-04-24 03:00:00	57.37563	18.11307	12	0	6	0	0	0.005	13.6	7	1023	33	1	0.3	213	200	110	0	1	0	1	0	1	0	1	6	0	14		
2019-04-24 03:05:00	57.37677	18.1137	12	0	7	0	0	0.005	13.6	7	1023	33	1	0.4	16	200	115	1	0	1	0	1	0	0	1	15	0	5		
2019-04-24 03:10:00	57.37593	18.11268	12	0	8	0	0	0.005	13.6	7	1023	33	1	0.4	212	200	115	0	1	0	1	0	1	0	1	5	0	14		
2019-04-24 03:15:00	57.37731	18.11337	11	0	9	0	0	0.005	13.6	7	1023	33	1	0.5	15	300	110	1	0	1	0	1	0	0	1	15	0	4		
2019-04-24 03:20:00	57.37653	18.11154	11	0	10	0	0	0.005	13.6	7	1023	33	1	0.5	232	300	120	0	1	0	1	0	1	0	1	5	0	13		
2019-04-24 03:25:00	57.37764	18.1122	11	0	11	0	0	0.005	13.6	7	1023	33	1	0.4	17	400	125	1	0	1	0	1	0	0	1	15	0	5		
2019-04-24 03:30:00	57.3768	18.11109	11	0	12	0	0	0.005	13.6	7	1023	33	1	0.4	215	300	115	1	1	0	1	0	1	0	1	4	0	15		
2019-04-24 03:40:00	57.37608	18.11043	12	0	14	0	0	0.005	13.6	7	1023	33	3	0.3	355	400	95	1	0	1	1	0	1	0	1	10	0	4		
2019-04-24 03:45:00	57.37533	18.10902	11	0	15	0	0	0.005	13.6	7	1023	33	1	0.4	225	400	115	0	1	0	1	1	0	0	1	5	0	14		
2019-04-24 03:55:00	57.37779	18.11178	11	0	17	0	0	0.005	13.6	7	1023	33	3	0.7	37	400	125	1	0	0	1	0	1	0	1	16	0	0		
2019-04-24 04:00:00	57.37689	18.11031	12	0	18	0	0	0.005	13.6	7	1023	33	1	0.4	221	400	130	0	1	0	0	1	0	0	1	5	0	15		
2019-04-24 04:05:00	57.37803	18.11094	12	0	19	0	0	0.005	13.6	7	1023	33	1	0.4	16	400	120	1	0	1	0	0	1	0	1	14	0	5		
2019-04-24 04:10:00	57.37722	18.1095	13	0	20	0	0	0.005	13.7	7	1023	33	1	0.4	223	500	120	0	1	0	1	0	0	0	1	5	0	14		
2019-04-24 04:15:00	57.3786	18.11025	15	0	21	0	0	0.005	13.7	7	1023	33	1	0.5	16	500	120	1	0	1	0	1	0	0	1	16	0	4		
2019-04-24 04:20:00	57.37788	18.10833	13	0	22	0	0	0.005	13.7	7	1023	33	1	0.5	236	600	125	0	1	0	1	0	1	0	1	5	0	13		
2019-04-24 04:25:00	57.37923	18.10926	13	0	23	0	0	0.005	13.8	7	1023	33	1	0.5	20	600	125	1	0	1	0	1	0	0	1	14	0	5		
2019-04-24 04:30:00	57.37872	18.10821	13	0	24	0	0	0.005	13.8	7	1023	33	3	0.3	228	600	120	1	1	0	1	0	1	0	1	4	0	11		
2019-04-24 04:35:00	57.37674	18.10686	12	0	25	0	0	0.005	13.9	7	1023	33	1	0.8	200	600	120	0	1	1	0	1	0	0	1	0	0	19		
2019-04-24 04:40:00	57.37767	18.10797	14	0	26	0	0	0.005	14	7	1023	33	1	0.4	33	600	115	0	0	1	1	0	1	0	1	16	0	4		
2019-04-24 04:55:00	57.37704	18.10755	12	0	29	0	0	0.005	13.9	7	1023	33	3	0.7	211	600	130	0	1	1	0	0	1	0	1	0	0	15		
2019-04-24 05:00:00	57.37809	18.10854	41	0	0	0	0	0.005	13.9	7	1023	33	1	0.4	27	600	120	0	0	1	1	0	0	0	1	15	0	4		
2019-04-24 05:05:00	57.37935	18.11052	13	0	1	0	0	0.005	13.9	7	1023	33	2	0.7	40	600	120	1	0	0	1	1	0	0	1	14	0	0		
2019-04-24 05:15:00	57.37644	18.10821	13	0	3	0	0	0.005	13.8	7	1023	33	3	0.8	193	500	130	0	1	1	0	0	1	0	1	0	0	18		
2019-04-24 05:20:00	57.37779	18.10974	11	0	4	0	0	0.005	14	7	1023	33	1	0.6	31	500	110	1	0	1	1	0	0	0	1	15	0	4		
2019-04-24 05:25:00	57.37689	18.10863	11	0	5	0	4	0.005	14	7	1022	33	1	0.4	214	0	120	3	1	0	1	1	0	0	1	5	0	14		
2019-04-24 05:30:00	57.37914	18.10791	12	0	6	0	0	0.005	13.9	7	1022	33	1	0.8	350	-100	120	3	3	1	0	1	1	0	1	15	0	3		
2019-04-24 05:35:00	57.38238	18.10812	13	0	7	0	0	0.005	13.9	7	1023	33	1	1.2	2	-100	120	3	3	3	1	0	1	0	1	20	0	0		
2019-04-24 05:40:00	57.38547	18.10893	12	0	8	0	0	0.005	13.9	7	1022	33	1	1.2	8	-200	120	3	3	3	3	1	0	0	1	19	0	0		
2019-04-24 05:45:00	57.38862	18.1086	11	0	9	0	0	0.005	13.9	7	1023	33	1	1.2	357	-200	120	0	3	3	3	3	1	0	1	20	0	0		
2019-04-24 05:50:00	57.3906	18.11034	11	0	10	0	0	0.005	13.9	7	1022	33	1	0.8	25	-200	120	0	0	3	3	3	3	0	1	20	0	0		
2019-04-24 05:55:00	57.39222	18.11307	12	0	11	0	0	0.005	13.8	7	1022	33	3	0.8	42	-100	120	1	0	0	3	3	3	0	1	15	0	0		
2019-04-24 06:00:00	57.39141	18.11187	12	0	12	0	0	0.005	13.8	7	1023	33	1	0.4	218	-100	130	1	1	0	0	3	3	0	1	5	0	14		
2019-04-24 06:05:00	57.38961	18.10986	11	0	13	0	0	0.005	13.8	7	1023	33	2	0.8	211	-200	130	0	1	1	0	0	3	0	1	0	0	18		
2019-04-24 06:10:00	57.39057	18.11106	13	0	14	0	0	0.005	14	7	1023	33	1	0.4	34	-100	120	0	0	1	1	0	0	0	1	15	0	4		
2019-04-24 06:15:00	57.39201	18.11448	12	0	15	0	0	0.005	13.9	7	1023	33	1	0.9	52	100	120	1	0	0	1	1	0	0	1	20	0	0		
2019-04-24 06:20:00	57.39111	18.11295	11	0	16	0	0	0.005	13.9	7	1022	33	1	0.5	223	0	140	1	1	0	0	1	1	0	1	4	0	15		
2019-04-24 06:25:00	57.38922	18.11073	14	0	17	0	0	0.005	13.9	7	1023	33	1	0.8	212	-100	140	3	1	1	0	0	1	0	1	0	0	20		
2019-04-24 06:30:00	57.39078	18.111	11	0	18	0	0	0.005	13.9	7	1023	33	2	0.6	5	-100	140	0	3	1	1	0	0	0	1	13	0	4		
2019-04-24 06:35:00	57.39243	18.1131	12	0	19	0	0	0.005	13.9	7	1023	33	1	0.7	34	-100	140	1	0	3	1	1	0	0	1	20	0	0		
2019-04-24 06:40:00	57.39204	18.11175	13	0	20	0	0	0.005	13.8	7	1023	33	1	0.3	241	-100	130	1	1	0	3	1	1	0	1	4	1	15		
2019-04-24 06:45:00	57.39066	18.10992	13	0	21	0	0	0.005	13.8	7	1023	33	1	0.6	216	-200	130	0	1	1	0	3	1	0	1	0	1	19		
2019-04-24 06:50:00	57.39132	18.1107	12	0	22	0	1	0.005	14	7	1022	33	3	0.3	33	-200	125	0	0	1	1	0	3	0	1	12	0	3		
2019-04-24 06:55:00	57.39258	18.11325	13	0	23	0	0	0.005	13.9	7	1023	33	1	0.7	47	-200	125	1	0	0	1	1	0	0	1	20	0	0		
2019-04-24 07:00:00	57.39381	18.11565	12	0	24	0	0	0.005	13.9	7	1023	33	2	0.7	47	300	125	1	0	0	0	1	1	0	1	18	0	0		
2019-04-24 07:05:00	57.39519	18.11865	12	0	25	0	0	0.005	13.9	7	1023	33	1	0.8	49	500	125	2	0	0	0	0	1	0	1	20	0	0		
2019-04-24 07:10:00	57.3966	18.12171	13	0	26	0	0	0.005	13.9	7	1022	33	1	0.8	50	800	125	2	0	0	0	0	0	0	1	20	0	0		
2019-04-24 07:15:00	57.39822	18.12486	11	0	27	0	0	0.005	13.9	7	1022	33	1	0.9	46	1000	125	2	0	0	0	0	0	0	1	20	0	0		
2019-04-24 07:20:00	57.39963	18.12855	13	0	28	0	0	0.005	13.9	7	1022	33	1	0.9	55	1300	125	2	0	0	0	0	0	0	1	20	0	0		
2019-04-24 07:25:00	57.40104	18.13185	13	0	29	0	0	0.005	13.9	7	1022	33	1	0.8	51	1500	125	2	0	0	0	0	0	0	1	20	0	0		
2019-04-24 07:30:00	57.40245	18.13581	41	0	0	0	0	0.005	13.8	7	1022	33	1	0.9	57	1800	125	2	0	0	0	0	0	0	1	20	0	0		
2019-04-24 07:35:00	57.40275	18.14091	11	0	1	0	0	0.005	13.8	7	1022	33	1	1.1	84	2100	125	2	0	0	0	0	0	0	1	6	11	0		
2019-04-24 07:40:00	57.402	18.14238	11	0	2	0	0	0.005	13.9	7	1023	33	1	0.4	134	2100	125	2	0	0	0	0	0	0	1	3	9	7		
2019-04-24 07:45:00	57.39885	18.15321	12	0	3	0	0	0.005	13.9	7	1023	33	1	2.4	118	2500	125	2	0	0	0	0	0	0	1	1	18	0		
2019-04-24 07:50:00	57.39372	18.15909	12	0	4	0	0	0.005	13.9	7	1023	33	1	2.2	148	2700	125	2	0	0	0	0	0	0	1	0	19	1		
2019-04-24 07:55:00	57.38805	18.16188	13	0	5	0	0	0.005	13.9	7	1022	33	3	2.2	165	2900	125	2	0	0	0	0	0	0	1	0	11	5		
2019-04-24 08:00:00	57.38355	18.16887	12	0	6	0	0	0.005	13.9	7	1022	33	1	2.2	140	3400	125	2	0	0	0	0	0	0	0	0	20	0		
2019-04-24 08:05:00	57.38724	18.17991	12	0	7	0	0	0.005	13.8	7	1023	33	1	2.6	58	4000	125	2	0	0	0	0	0	0	0	19	0	0		
2019-04-24 08:10:00	57.38952	18.18825	12	0	8	0	0	0.005	13.8	7	1023	33	1	1.9	63	4500	125	2	0	0	0	0	0	0	0	17	3	0		
2019-04-24 09:39:12	57.3858	18.17451	12	1	0	0	0	0.005	13.9	13	1021	32	0	1	25	0	0	0	0					0	1					
2019-04-24 09:45:00	57.38103	18.16224	12	0	1	0	0	0.005	13.9	13	1021	32	1	2.6	234	900	0	1	0	0				0	1	0	0	24		
2019-04-24 09:50:00	57.378	18.15147	12	0	2	0	0	0.005	13.9	13	1021	32	1	2.4	242	1600	265	0	1	0	0			0	1	0	0	20		
2019-04-24 09:55:00	57.37872	18.15102	13	0	3	0	0	0.005	13.9	12	1022	32	1	0.3	342	1600	145	1	0	1	0	0		0	1	7	5	7		
2019-04-24 10:00:00	57.37788	18.1494	12	0	4	0	0	0.005	13.9	12	1021	32	1	0.4	226	1700	110	0	1	0	1	0	0	0	1	5	0	13		
2019-04-24 10:05:00	57.37908	18.15165	13	0	5	0	0	0.005	13.9	12	1021	32	1	0.6	46	1600	135	3	0	1	0	1	0	0	1	15	0	3		
2019-04-24 10:10:00	57.38169	18.15537	13	0	6	0	5	0.005	13.9	11	1021	32	2	1.2	37	-1200	135	2	3	0	1	0	1	0	1	17	0	0		
2019-04-24 10:15:00	57.38145	18.15108	12	0	7	0	0	0.005	13.8	11	1021	32	1	0.9	264	-1000	145	2	2	3	0	1	0	0	1	4	0	15		
2019-04-24 10:20:00	57.37932	18.14664	11	0	8	0	0	0.005	13.8	11	1021	32	1	1.2	228	-700	145	2	2	2	3	0	1	0	1	0	0	20		
2019-04-24 10:25:00	57.37803	18.141	12	0	9	0	0	0.005	13.8	10	1021	32	2	1.2	247	-300	145	2	2	2	2	3	0	0	1	0	0	18		
2019-04-24 10:30:00	57.3762	18.13584	13	0	10	0	0	0.005	13.8	10	1021	32	1	1.2	237	-300	145	2	2	2	2	2	3	0	1	0	0	20		
2019-04-24 10:35:00	57.37422	18.13107	13	0	11	0	0	0.005	13.8	10	1022	32	1	1.2	233	-300	145	2	2	2	2	2	2	0	1	0	0	20		
2019-04-24 10:40:00	57.37134	18.12792	14	0	12	0	0	0.005	13.8	10	1021	33	1	1.2	211	-500	145	2	2	2	2	2	2	0	1	0	0	20		
2019-04-24 10:45:00	57.36843	18.12525	14	0	13	0	0	0.005	13.8	9	1021	33	1	1.2	206	-700	145	2	2	2	2	2	2	0	1	0	0	20		
2019-04-24 10:50:00	57.36615	18.12099	14	0	14	0	0	0.005	13.8	9	1021	33	1	1.2	225	-800	145	2	2	2	2	2	2	0	1	0	0	19		
2019-04-24 10:55:00	57.36399	18.11736	13	0	15	0	0	0.005	13.9	9	1021	33	1	1.1	222	-900	145	2	2	2	2	2	2	0	1	0	0	20		
2019-04-24 11:00:00	57.36303	18.11229	13	0	16	0	0	0.005	13.9	9	1021	33	1	1.1	251	-900	145	2	2	2	2	2	2	0	1	0	0	20		
2019-04-24 11:05:00	57.36033	18.10932	12	0	17	0	0	0.005	13.8	9	1021	33	1	1.2	210	-1000	145	2	2	2	2	2	2	0	1	0	0	19		
2019-04-24 11:10:00	57.3576	18.10587	12	0	18	0	0	0.005	13.8	9	1021	33	1	1.2	215	-1200	145	2	2	2	2	2	2	0	1	0	0	20		
2019-04-24 11:15:00	57.35487	18.1029	13	0	19	0	0	0.005	13.8	9	1021	33	1	1.2	210	-1400	145	2	2	2	2	2	2	0	1	0	0	20		
2019-04-24 11:20:00	57.35226	18.09909	19	0	20	0	0	0.005	13.8	8	1021	33	1	1.2	219	-1500	145	2	2	2	2	2	2	0	1	0	0	20		
2019-04-24 11:25:00	57.35004	18.09528	13	0	21	0	0	0.005	13.8	8	1021	33	2	1.1	223	-1600	145	2	2	2	2	2	2	0	1	0	0	18		
2019-04-24 11:30:00	57.34878	18.08943	14	0	22	0	0	0.005	13.8	8	1021	33	2	1.3	248	-1500	145	2	2	2	2	2	2	0	1	0	0	19		
2019-04-24 11:35:00	57.34596	18.08667	14	0	23	0	0	0.005	13.9	8	1021	33	1	1.2	208	-1700	145	3	2	2	2	2	2	0	1	0	0	18		
2019-04-24 11:40:00	57.34773	18.08826	43	0	24	0	0	0.005	13.9	8	1021	33	1	0.7	26	-1600	115	2	3	2	2	2	2	0	1	11	0	7		
2019-04-24 11:45:00	57.34695	18.08595	12	0	25	0	1	0.005	13.8	8	1021	33	1	0.6	238	-1600	130	2	2	3	2	2	2	0	1	5	0	11		
2019-04-24 12:00:00	57.3399	18.07398	13	0	26	0	0	0.005	13.8	8	1020	33	1	1.2	222	-1900	130	3	2	2	3	2	2	0	1	0	0	80		
2019-04-24 12:15:00	57.34635	18.08526	16	0	27	0	0	0.005	13.8	8	1021	33	1	1.1	43	-1700	135	2	3	2	2	3	2	0	1	74	0	5		
2019-04-24 12:30:00	57.34362	18.07125	18	0	28	0	0	0.005	13.8	8	1021	33	1	1	250	-1500	145	2	2	3	2	2	3	0	1	6	0	73		
2019-04-24 12:45:00	57.33861	18.05664	29	0	29	0	0	0.005	13.8	7	1020	33	1	1.1	238	-1500	145	2	2	2	3	2	2	0	1	0	0	80		
2019-04-24 13:00:00	57.33501	18.04188	19	0	0	0	0	0.005	13.9	7	1020	33	2	1.1	246	-1500	145	2	2	2	2	3	2	0	1	0	0	76		
2019-04-24 13:15:00	57.33222	18.0255	39	0	1	0	0	0.005	13.8	7	1020	33	1	1.1	252	-1200	145	2	2	2	2	2	3	0	1	0	0	79		
2019-04-24 13:30:00	57.32853	18.0114	12	0	2	0	0	0.005	13.8	7	1020	33	1	1.1	244	-1200	145	2	2	2	2	2	2	0	1	0	0	76		
2019-04-24 13:45:00	57.32907	17.99526	13	0	3	0	0	0.005	13.8	7	1020	33	1	1.1	274	-600	145	2	2	2	2	2	2	0	1	0	0	80		
2019-04-24 14:00:00	57.33003	17.98017	11	0	4	0	0	0.005	13.8	8	1020	33	1	1	277	-100	145	2	2	2	2	2	2	0	1	0	0	80		
2019-04-24 14:15:00	57.33087	17.96382	13	0	5	0	0	0.005	13.9	8	1020	33	3	1.1	275	500	145	2	2	2	2	2	2	0	1	0	0	75		
2019-04-24 14:30:00	57.3312	17.94945	12	0	6	0	0	0.005	13.9	8	1020	33	1	1	273	1000	145	1	2	2	2	2	2	0	1	0	0	80		
2019-04-24 16:19:12	57.30498	17.91222	11	1	0	0	0	0.005	13.9	7	1019	33	0	0.8	270	0	0	0	0					0	1	0	0	1		
2019-04-24 16:20:00	57.3051	17.91156	12	0	1	0	0	0.005	13.9	7	1019	33	1	0.8	286	0	0	1	0	0				0	1	0	0	0		
2019-04-24 16:25:00	57.30426	17.91	14	0	2	0	0	0.005	14.1	7	1019	33	1	0.4	225	200	50	0	1	0	0			0	1	3	1	15		
2019-04-24 16:30:00	57.30522	17.91066	13	0	3	0	0	0.005	14	8	1019	33	1	0.4	21	100	125	1	0	1	0	0		0	1	14	0	5		
2019-04-24 16:35:00	57.30429	17.90919	13	0	4	0	0	0.005	13.9	8	1019	33	1	0.4	221	200	120	0	1	0	1	0	0	0	1	5	0	14		
2019-04-24 16:40:00	57.30513	17.90994	12	0	5	0	0	0.005	13.9	8	1019	33	1	0.3	26	100	125	0	0	1	0	1	0	0	1	14	0	4		
2019-04-24 16:45:00	57.30603	17.91171	13	0	6	0	0	0.005	13.9	8	1019	33	1	0.5	47	100	125	1	0	0	1	0	1	0	1	20	0	0		
2019-04-24 16:50:00	57.30504	17.91072	11	0	7	0	0	0.005	13.9	8	1018	33	1	0.4	209	100	130	0	1	0	0	1	0	0	1	5	0	14		
2019-04-24 16:55:00	57.30603	17.91144	13	0	8	0	0	0.005	13.9	8	1019	33	1	0.4	21	100	115	1	0	1	0	0	1	0	1	16	0	4		
2019-04-24 17:00:00	57.30486	17.91045	12	0	9	0	0	0.005	13.9	8	1019	33	1	0.5	204	100	115	0	1	0	1	0	0	0	1	5	0	14		
2019-04-24 17:05:00	57.30564	17.91135	13	0	10	0	0	0.005	13.8	8	1019	33	1	0.3	32	100	115	1	0	1	0	1	0	0	1	14	0	5		
2019-04-24 17:10:00	57.30465	17.91036	13	0	11	0	0	0.005	14	8	1018	33	1	0.4	209	100	120	0	1	0	1	0	1	0	1	5	0	14		
2019-04-24 17:15:00	57.30567	17.91102	13	0	12	0	0	0.005	14	8	1018	33	1	0.4	19	100	115	1	0	1	0	1	0	0	1	15	0	4		
2019-04-24 17:20:00	57.30474	17.9094	12	0	13	0	0	0.005	14.1	8	1018	32	1	0.5	223	200	120	0	1	0	1	0	1	0	1	6	0	13		
2019-04-24 17:25:00	57.30594	17.91012	14	0	14	0	0	0.005	14.1	8	1018	32	1	0.5	18	200	120	1	0	1	0	1	0	0	1	16	0	4		
2019-04-24 17:30:00	57.30465	17.90928	12	0	15	0	0	0.005	14	8	1018	32	1	0.5	200	200	110	0	1	0	1	0	1	0	1	4	0	15		
2019-04-24 17:40:00	57.30669	17.91207	13	0	16	0	6	0.005	14	8	1018	32	1	0.5	37	100	120	3	0	1	0	1	0	0	1	45	0	4		
2019-04-24 17:50:00	57.31149	17.90994	12	0	17	0	0	0.005	14	8	1019	32	1	0.9	347	0	120	3	3	0	1	0	1	0	1	50	0	0		
2019-04-24 18:00:00	57.31572	17.90622	13	0	18	0	0	0.005	14	8	1019	32	1	0.9	334	-200	120	3	3	3	0	1	0	0	1	50	0	0		
2019-04-24 18:10:00	57.31971	17.90286	13	0	19	0	0	0.005	13.9	7	1019	32	1	0.8	335	-300	120	3	3	3	3	0	1	0	1	50	0	0		
2019-04-24 18:20:00	57.3234	17.89962	13	0	20	0	0	0.005	13.9	7	1019	32	1	0.8	335	-500	120	3	3	3	3	3	0	0	1	50	0	0		
2019-04-24 18:30:00	57.32688	17.89752	14	0	21	0	0	0.005	13.9	7	1019	32	2	0.7	342	-600	120	3	3	3	3	3	3	0	1	47	0	0		
2019-04-24 18:40:00	57.32829	17.8923	43	0	22	0	0	0.005	13.9	7	1019	32	1	0.6	297	-900	120	2	3	3	3	3	3	0	1	50	0	0		
2019-04-24 18:50:00	57.327	17.88798	12	0	23	0	0	0.005	13.9	7	1019	32	1	0.5	241	-1200	85	0	2	3	3	3	3	0	1	2	1	44		
2019-04-24 19:00:00	57.32838	17.88918	12	0	24	0	0	0.005	13.9	7	1019	32	1	0.3	25	-1100	85	0	0	2	3	3	3	0	1	43	0	6		
2019-04-24 19:10:00	57.32985	17.89107	12	0	25	0	0	0.005	13.9	7	1019	32	1	0.3	35	-1000	85	0	0	0	2	3	3	0	1	49	0	0		
2019-04-24 19:20:00	57.33147	17.89329	12	0	26	0	0	0.005	13.9	7	1019	32	1	0.4	37	-800	85	0	0	0	0	2	3	0	1	49	1	0		
2019-04-24 19:30:00	57.3333	17.89452	13	0	27	0	0	0.005	13.9	7	1019	32	1	0.4	20	-800	85	0	0	0	0	0	2	0	1	49	1	0		
2019-04-24 19:50:00	57.33711	17.89251	13	0	29	0	0	0.005	13.8	7	1019	32	3	0.5	317	-900	85	0	3	0	0	0	0	0	1	47	0	0		
2019-04-24 20:00:00	57.33879	17.89269	12	0	0	0	0	0.005	13.8	7	1019	32	1	0.3	3	-800	85	0	0	3	0	0	0	0	1	50	0	0		
2019-04-24 20:10:00	57.34068	17.89491	13	0	1	0	0	0.005	13.8	7	1019	32	1	0.4	33	-700	85	3	0	0	3	0	0	0	1	50	0	0		
2019-04-24 20:20:00	57.34269	17.89095	13	0	2	0	0	0.005	13.8	7	1019	32	1	0.5	313	-900	85	0	3	0	0	3	0	0	1	50	0	0		
2019-04-24 20:30:00	57.34425	17.89119	14	0	3	0	0	0.005	13.8	7	1018	32	1	0.3	4	-900	85	0	0	3	0	0	3	0	1	50	0	0		
2019-04-24 20:40:00	57.34611	17.89353	12	0	4	0	0	0.005	13.8	7	1018	32	1	0.4	34	-700	85	0	0	0	3	0	0	0	1	50	0	0		
2019-04-24 20:50:00	57.3477	17.89584	13	0	5	0	0	0.005	13.8	7	1018	32	1	0.4	39	-600	85	3	0	0	0	3	0	0	1	50	0	0		
2019-04-24 21:00:00	57.34935	17.89248	13	0	6	0	0	0.005	13.8	7	1018	32	1	0.5	312	-800	85	0	3	0	0	0	3	0	1	49	0	0		
2019-04-24 21:10:00	57.35115	17.89293	13	0	7	0	0	0.005	13.8	7	1018	32	1	0.3	8	-700	85	0	0	3	0	0	0	0	1	49	1	0		
2019-04-24 21:20:00	57.35271	17.895	12	0	8	0	0	0.005	13.8	7	1018	32	1	0.4	35	-600	85	3	0	0	3	0	0	0	1	50	0	0		
2019-04-24 21:30:00	57.35535	17.88963	12	0	9	0	0	0.005	13.8	7	1018	32	1	0.7	312	-900	85	0	3	0	0	3	0	0	1	50	0	0		
2019-04-24 21:40:00	57.35778	17.89152	26	0	10	0	0	0.005	13.8	7	1018	32	1	0.5	23	-800	85	0	0	3	0	0	3	0	1	50	0	0		
2019-04-24 21:50:00	57.35943	17.89359	12	0	11	0	0	0.005	13.8	7	1018	32	1	0.4	34	-600	85	3	0	0	3	0	0	0	1	46	2	0		
2019-04-24 22:00:00	57.36162	17.88948	42	0	12	0	5	0.005	13.7	7	1018	32	2	0.6	315	-100	85	3	3	0	0	3	0	0	1	47	0	0		
2019-04-24 22:15:00	57.3633	17.88174	13	0	13	0	0	0.005	13.7	6	1018	32	1	0.6	292	-600	85	0	3	3	0	0	3	0	1	77	0	0		
2019-04-24 22:30:00	57.3666	17.88246	11	0	14	0	0	0.005	13.7	6	1018	32	1	0.4	7	-500	85	0	0	3	3	0	0	0	1	79	0	0		
2019-04-24 23:00:00	57.37362	17.87727	11	0	16	0	0	0.005	13.7	6	1018	32	3	0.6	311	-800	85	0	3	0	0	3	3	0	1	75	0	0		
2019-04-24 23:15:00	57.37674	17.87772	12	0	17	0	0	0.005	13.7	7	1018	32	1	0.4	4	-800	85	0	0	3	0	0	3	0	1	79	0	0		
2019-04-24 23:30:00	57.37941	17.87931	12	0	18	0	0	0.005	13.7	7	1018	32	1	0.3	18	-700	85	0	0	0	3	0	0	0	1	80	0	0		
2019-04-24 23:45:00	57.38241	17.88171	13	0	19	0	0	0.005	13.7	7	1018	32	1	0.4	23	-500	85	0	0	0	0	3	0	0	1	80	0	0		
2019-04-25 00:00:00	57.38619	17.88546	13	0	20	0	0	0.005	13.7	7	1018	32	1	0.5	28	-300	85	3	0	0	0	0	3	0	1	80	0	0		
2019-04-25 00:15:00	57.39192	17.87988	13	0	21	0	0	0.005	13.7	7	1018	32	1	0.8	332	-600	85	0	3	0	0	0	0	0	1	80	0	0		
2019-04-25 00:30:00	57.39441	17.87982	12	0	22	0	0	0.005	13.7	7	1018	32	1	0.3	360	-600	85	0	0	3	0	0	0	0	1	78	2	0		
2019-04-25 00:45:00	57.39684	17.88	12	0	23	0	0	0.005	13.7	7	1018	32	1	0.3	2	-600	85	0	0	0	3	0	0	0	1	80	0	0		
2019-04-25 01:00:00	57.39954	17.88003	12	0	24	0	0	0.005	13.7	7	1018	32	1	0.3	0	-600	85	0	0	0	0	3	0	0	1	80	0	0		
2019-04-25 01:15:00	57.40287	17.88027	13	0	25	0	0	0.005	13.7	7	1018	32	1	0.4	2	-600	85	0	0	0	0	0	3	0	1	80	0	0		
2019-04-25 01:30:00	57.40641	17.88048	18	0	26	0	0	0.005	13.7	7	1018	32	1	0.4	2	-600	85	0	0	0	0	0	0	0	1	80	0	0		
2019-04-25 01:45:00	57.4089	17.88111	43	0	27	0	0	0.005	13.7	7	1018	32	3	0.3	8	-500	85	0	0	0	0	0	0	0	1	75	0	0		
2019-04-25 02:00:00	57.41172	17.8812	11	0	28	0	0	0.005	13.7	7	1018	32	1	0.4	1	-500	85	0	0	0	0	0	0	0	1	73	3	0		
2019-04-25 02:15:00	57.41499	17.88174	13	0	29	0	0	0.005	13.6	7	1017	32	3	0.4	5	-500	85	0	0	0	0	0	0	0	1	74	1	0		
2019-04-25 02:30:00	57.41826	17.88198	11	0	0	0	0	0.005	13.7	7	1017	32	2	0.4	2	-500	85	3	0	0	0	0	0	0	1	77	0	0		
2019-04-25 02:45:00	57.42162	17.87286	12	0	1	0	0	0.005	13.6	7	1017	32	1	0.7	304	-1000	85	0	3	0	0	0	0	0	1	80	0	0		
2019-04-25 03:00:00	57.42474	17.8713	12	0	2	0	0	0.005	13.6	7	1017	32	1	0.4	345	-1100	85	0	0	3	0	0	0	0	1	80	0	0		
2019-04-25 03:15:00	57.42789	17.87124	12	0	3	0	0	0.005	13.6	7	1017	32	1	0.4	359	-1100	85	0	0	0	3	0	0	0	1	80	0	0		
2019-04-25 03:30:00	57.43134	17.87097	13	0	4	0	0	0.005	13.6	7	1017	32	1	0.4	357	-1100	85	0	0	0	0	3	0	0	1	80	0	0		
2019-04-25 03:45:00	57.43485	17.87082	13	0	5	0	0	0.005	13.7	7	1017	32	1	0.4	359	-1100	85	0	0	0	0	0	3	0	1	80	0	0		
2019-04-25 04:00:00	57.43884	17.87154	65	0	6	0	0	0.005	13.7	7	1017	32	3	0.5	6	-1100	85	0	0	0	0	0	0	0	1	75	0	0		
2019-04-25 04:15:00	57.44226	17.8716	13	0	7	0	0	0.005	13.8	7	1017	32	1	0.4	1	-1100	85	0	0	0	0	0	0	0	1	73	2	0		
2019-04-25 04:45:00	57.44931	17.87157	14	0	9	0	0	0.005	14.1	7	1017	32	3	0.4	358	-1000	85	0	0	0	0	0	0	0	1	77	0	0		
2019-04-25 05:00:00	57.45351	17.87139	28	0	10	0	0	0.005	14	7	1017	32	1	0.5	359	-1000	85	0	0	0	0	0	0	0	1	79	0	0		
2019-04-25 05:15:00	57.45777	17.87157	18	0	11	0	0	0.005	13.9	7	1017	32	1	0.5	1	-1000	85	0	0	0	0	0	0	0	1	78	1	0		
2019-04-25 05:30:00	57.4614	17.87103	15	0	12	0	0	0.005	13.9	7	1017	32	2	0.5	355	-1100	85	0	0	0	0	0	0	0	1	75	2	0		
2019-04-25 05:45:00	57.46512	17.87034	41	0	13	0	0	0.005	13.9	7	1017	32	1	0.4	354	-1100	85	0	0	0	0	0	0	0	1	80	0	0		
2019-04-25 06:00:00	57.46893	17.86983	12	0	14	0	0	0.005	13.9	7	1017	32	1	0.5	356	-1100	85	0	0	0	0	0	0	0	1	77	0	0		
2019-04-25 06:15:00	57.47343	17.86998	12	0	15	0	0	0.005	13.9	7	1017	32	1	0.6	1	-1100	85	0	0	0	0	0	0	0	1	80	0	0		
2019-04-25 06:30:00	57.47694	17.87007	13	0	16	0	0	0.005	13.9	7	1017	32	1	0.4	1	-1100	85	0	0	0	0	0	0	0	1	77	3	0		
2019-04-25 06:45:00	57.48075	17.87022	13	0	17	0	0	0.005	13.9	7	1017	32	2	0.5	1	-1100	85	0	0	0	0	0	0	0	1	77	1	0		
2019-04-25 07:00:00	57.48432	17.86929	12	0	18	0	0	0.005	13.9	7	1017	32	1	0.4	352	-1100	85	0	0	0	0	0	0	0	1	67	5	7		
2019-04-25 07:15:00	57.48732	17.87058	13	0	19	0	0	0.005	13.8	7	1017	32	1	0.4	13	-1000	85	0	0	0	0	0	0	0	1	80	0	0		
2019-04-25 07:30:00	57.49098	17.8719	12	0	20	0	4	0.005	14	7	1017	32	1	0.5	11	-700	85	1	0	0	0	0	0	0	1	79	1	0		
2019-04-25 07:45:00	57.48882	17.87109	12	0	21	0	0	0.005	13.9	7	1017	32	1	0.3	191	-500	100	1	1	0	0	0	0	0	1	7	1	71		
2019-04-25 08:00:00	57.48621	17.87142	40	0	22	0	0	0.005	13.9	7	1017	32	1	0.3	176	-200	100	1	1	1	0	0	0	0	1	0	3	77		
2019-04-25 08:15:00	57.48363	17.87202	12	0	23	0	0	0.005	13.9	7	1017	32	1	0.3	173	100	100	0	1	1	1	0	0	0	1	0	2	75		
2019-04-25 08:30:00	57.48591	17.8716	13	0	24	0	0	0.005	13.9	7	1017	32	1	0.3	354	-200	85	1	0	1	1	1	0	0	1	71	0	9		
2019-04-25 08:45:00	57.48483	17.87127	13	0	25	0	0	0.005	13.9	7	1017	32	1	0.1	190	-100	90	1	1	0	1	1	1	0	1	9	4	67		
2019-04-25 09:00:00	57.48381	17.87145	12	0	26	0	0	0.005	13.9	7	1017	32	1	0.1	174	100	90	1	1	1	0	1	1	0	1	0	11	67		
2019-04-25 09:15:00	57.48312	17.87181	13	0	27	0	0	0.005	14	7	1018	32	1	0.1	164	100	90	1	1	1	1	0	1	0	1	0	16	63		
2019-04-25 09:30:00	57.48153	17.87217	13	0	28	0	0	0.005	13.9	7	1018	32	1	0.2	173	300	90	1	1	1	1	1	0	0	1	0	9	69		
2019-04-25 09:45:00	57.48072	17.87169	13	0	29	0	0	0.005	13.9	7	1018	32	1	0.1	197	400	90	0	1	1	1	1	1	0	1	0	14	66		
2019-04-25 10:00:00	57.48171	17.87121	13	0	0	0	0	0.005	13.9	8	1017	32	1	0.1	345	300	90	0	0	1	1	1	1	0	1	66	5	8		
2019-04-25 10:15:00	57.48306	17.86926	13	0	1	0	0	0.005	13.9	8	1017	32	1	0.2	322	100	90	1	0	0	1	1	1	0	1	72	6	2		
2019-04-25 10:30:00	57.48228	17.86887	14	0	2	0	0	0.005	13.9	8	1017	32	1	0.1	195	200	70	1	1	0	0	1	1	0	1	9	4	67		
2019-04-25 11:00:00	57.48084	17.86974	12	0	4	0	0	0.005	13.9	9	1017	32	3	0	194	400	70	1	1	1	1	0	0	0	1	3	16	53		
2019-04-25 11:15:00	57.47976	17.87079	12	0	5	0	0	0.005	13.9	9	1017	32	1	0.2	152	500	70	1	1	1	1	1	0	0	1	9	10	60		
2019-04-25 11:30:00	57.4788	17.87085	12	0	6	0	0	0.005	13.9	10	1018	32	1	0.1	179	600	70	1	1	1	1	1	1	0	1	2	12	66		
2019-04-25 11:45:00	57.47685	17.87169	13	0	7	0	0	0.005	13.9	10	1018	32	3	0.2	167	800	70	1	1	1	1	1	1	0	1	0	3	73		
2019-04-25 12:00:00	57.47673	17.87145	11	0	8	0	0	0.005	13.9	10	1018	32	1	0	225	800	70	1	1	1	1	1	1	0	1	36	17	25		
2019-04-25 12:15:00	57.47505	17.87208	13	0	9	0	0	0.005	13.9	10	1017	32	1	0.2	169	1000	70	0	1	1	1	1	1	0	1	3	5	72		
2019-04-25 12:30:00	57.47355	17.86959	12	0	10	0	0	0.005	14	11	1017	32	1	0.2	221	1200	5	1	0	1	1	1	1	0	1	72	1	6		
2019-04-25 13:00:00	57.4689	17.87193	12	0	12	0	0	0.005	13.9	11	1017	32	3	0.3	164	1700	20	1	1	1	0	1	1	0	1	0	2	76		
2019-04-25 13:15:00	57.46608	17.87295	14	0	13	0	0	0.005	13.9	11	1017	32	1	0.4	169	2000	20	0	1	1	1	0	1	0	1	0	1	79		
2019-04-25 13:30:00	57.46476	17.86851	13	0	14	0	0	0.005	13.9	11	1017	32	1	0.3	241	2200	25	0	0	1	1	1	0	0	1	69	3	7		
2019-04-25 13:45:00	57.46335	17.86437	41	0	15	0	0	0.005	13.9	11	1017	32	1	0.3	238	2300	25	0	0	0	1	1	1	0	0	61	8	10		
2019-04-25 14:00:00	57.46284	17.85909	12	0	16	0	0	0.005	13.9	11	1017	32	1	0.4	260	2500	25	0	0	0	0	1	1	0	0	76	1	0		
2019-04-25 14:15:00	57.46185	17.85684	11	0	17	0	0	0.005	13.9	10	1017	32	1	0.2	231	2600	25	0	0	0	0	0	1	0	0	59	11	8		
2019-04-25 14:30:00	57.46116	17.85507	12	0	18	0	0	0.005	13.9	10	1017	32	1	0.1	234	2700	25	0	0	0	0	0	0	0	0	48	14	16		
2019-04-25 14:45:00	57.46119	17.85375	12	0	19	0	0	0.005	13.9	11	1017	32	1	0.1	273	2700	25	0	0	0	0	0	0	0	0	19	24	37		
2019-04-25 15:00:00	57.4611	17.85189	11	0	20	0	0	0.005	13.9	11	1017	32	1	0.1	264	2800	25	0	0	0	0	0	0	0	0	13	29	37		
2019-04-25 15:15:00	57.46089	17.8506	12	0	21	0	0	0.005	13.9	11	1017	32	1	0.1	252	2800	25	0	0	0	0	0	0	0	0	22	35	23		
2019-04-25 15:30:00	57.46029	17.84913	12	0	22	0	0	0.005	13.9	11	1017	32	1	0.1	234	2900	25	0	0	0	0	0	0	0	0	70	8	2		
2019-04-25 15:45:00	57.45888	17.84613	12	0	23	0	0	0.005	13.9	12	1017	32	1	0.3	229	3100	25	0	0	0	0	0	0	0	0	79	0	0		
2019-04-25 16:00:00	57.45744	17.84145	40	0	24	0	0	0.005	13.8	12	1017	32	1	0.3	240	3400	25	1	0	0	0	0	0	0	0	79	1	0		
2019-04-25 16:30:00	57.45441	17.83827	12	0	26	0	0	0.005	13.9	11	1017	32	3	0.2	222	3800	15	1	1	1	0	0	0	0	0	0	1	74		
2019-04-25 16:45:00	57.45423	17.83656	12	0	27	0	0	0.005	13.9	11	1017	32	1	0.1	259	3900	15	1	1	1	1	0	0	0	0	43	14	22		
2019-04-25 17:15:00	57.45348	17.83401	12	0	29	0	0	0.005	13.9	11	1017	32	3	0.1	258	4000	15	1	1	1	1	1	1	0	0	32	9	32		
2019-04-25 17:30:00	57.45321	17.83377	12	0	0	0	0	0.005	14	11	1017	32	2	0	205	4100	15	1	1	1	1	1	1	0	0	41	9	27		
2019-04-25 17:45:00	57.45153	17.83572	12	0	1	0	0	0.005	14	10	1017	32	1	0.2	148	4200	15	1	1	1	1	1	1	0	0	2	0	78		
2019-04-25 18:00:00	57.44913	17.83773	13	0	2	0	0	0.005	14	10	1017	32	1	0.3	156	4300	15	1	1	1	1	1	1	0	0	0	1	79		
2019-04-25 18:15:00	57.4473	17.83884	12	0	3	0	0	0.005	13.9	9	1017	32	1	0.2	162	4500	15	1	1	1	1	1	1	0	0	0	0	79		
2019-04-25 18:30:00	57.44598	17.84013	13	0	4	0	0	0.005	13.9	9	1017	32	1	0.2	153	4600	15	1	1	1	1	1	1	0	0	0	2	78		
2019-04-25 18:45:00	57.44373	17.84118	41	0	5	0	5	0.005	13.9	9	1017	32	1	0.3	166	-4900	15	3	1	1	1	1	1	0	0	0	0	80		
2019-04-25 19:00:00	57.44253	17.83623	11	0	6	0	0	0.005	13.9	9	1017	32	1	0.4	246	-4600	15	3	3	1	1	1	1	0	0	68	0	9		
2019-04-25 19:15:00	57.441	17.83092	12	0	7	0	0	0.005	13.9	8	1018	32	1	0.4	242	-4300	15	3	3	3	1	1	1	0	0	79	1	0		
2019-04-25 19:30:00	57.43956	17.82522	12	0	8	0	0	0.005	13.9	8	1017	32	1	0.4	245	-4000	15	3	3	3	3	1	1	0	0	80	0	0		
2019-04-25 19:45:00	57.43866	17.81856	12	0	9	0	0	0.005	13.9	8	1017	32	1	0.5	256	-3600	15	3	3	3	3	3	1	0	0	80	0	0		
2019-04-25 20:15:00	57.44031	17.80218	12	0	11	0	0	0.005	13.9	8	1017	32	3	0.6	285	-3300	15	3	3	3	3	3	3	0	0	76	0	0		
2019-04-25 20:30:00	57.44319	17.79408	12	0	12	0	0	0.005	13.9	8	1017	32	1	0.6	303	-3400	15	2	3	3	3	3	3	0	0	80	0	0		
2019-04-25 20:45:00	57.44136	17.78754	12	0	13	0	0	0.005	13.8	8	1017	32	1	0.5	243	-3200	80	2	2	3	3	3	3	0	0	8	0	69		
2019-04-25 21:00:00	57.43986	17.78016	13	0	14	0	0	0.005	13.8	8	1017	32	1	0.5	249	-3000	80	2	2	2	3	3	3	0	0	0	0	80		
2019-04-25 21:15:00	57.43902	17.7747	13	0	15	0	0	0.005	13.8	7	1017	32	1	0.4	254	-2900	80	2	2	2	2	3	3	0	0	5	0	74		
2019-04-25 21:30:00	57.43857	17.76915	13	0	16	0	0	0.005	13.8	7	1017	32	1	0.4	261	-2900	80	2	2	2	2	2	3	0	0	3	1	75		
2019-04-25 21:45:00	57.4374	17.76498	13	0	17	0	0	0.005	13.8	7	1017	32	1	0.3	242	-2900	80	2	2	2	2	2	2	0	0	9	1	67		
2019-04-25 22:00:00	57.43656	17.76363	40	0	18	0	0	0.005	13.8	7	1017	32	1	0.1	221	-2800	80	2	2	2	2	2	2	0	0	0	8	73		
2019-04-25 22:15:00	57.43641	17.76357	12	0	19	0	0	0.005	13.8	7	1017	32	1	0	189	-2800	80	2	2	2	2	2	2	0	0	0	11	66		
2019-04-25 22:45:00	57.43434	17.76363	11	0	21	0	0	0.005	13.8	7	1017	32	3	0.2	185	-2600	80	2	2	2	2	2	2	0	0	0	1	74		
2019-04-25 23:00:00	57.43296	17.76342	12	0	22	0	0	0.005	13.7	7	1017	32	1	0.2	185	-2500	80	2	2	2	2	2	2	0	0	0	0	80		
2019-04-25 23:15:00	57.43161	17.76276	13	0	23	0	0	0.005	13.7	7	1017	32	1	0.2	195	-2400	80	2	2	2	2	2	2	0	0	0	2	78		
2019-04-25 23:30:00	57.42987	17.76219	12	0	24	0	0	0.005	13.7	7	1017	32	1	0.2	190	2200	80	1	2	2	2	2	2	0	0	0	0	80		
2019-04-25 23:45:00	57.42978	17.7657	13	0	25	0	0	0.005	13.7	7	1017	32	1	0.2	93	-2100	80	2	1	2	2	2	2	0	1	0	0	80		
2019-04-26 00:15:00	57.42561	17.76891	13	0	27	0	0	0.005	13.7	7	1017	32	0	0.3	122	-1600	80	1	1	2	1	2	2	0	1	0	0	74		
2019-04-26 00:30:00	57.42636	17.77275	12	0	28	0	0	0.005	13.7	7	1016	32	1	0.3	70	-1600	80	2	1	1	2	1	2	0	1	0	0	79		
2019-04-26 00:45:00	57.42438	17.77614	13	0	29	0	0	0.005	13.7	7	1016	32	1	0.3	137	-1300	80	2	2	1	1	2	1	0	1	0	0	80		
2019-04-26 01:00:00	57.42111	17.77953	12	0	0	0	0	0.005	13.7	7	1016	32	1	0.5	151	-900	80	2	2	2	1	1	2	0	1	0	0	80		
2019-04-26 01:15:00	57.41739	17.78358	14	0	1	0	0	0.005	13.7	7	1016	32	1	0.5	149	-500	80	2	2	2	2	1	1	0	1	0	0	80		
2019-04-26 01:30:00	57.41298	17.78565	13	0	2	0	0	0.005	13.7	7	1016	32	1	0.6	166	-200	80	2	2	2	2	2	1	0	1	0	0	80		
2019-04-26 01:45:00	57.40755	17.78733	41	0	3	0	0	0.005	13.7	7	1016	32	1	0.7	170	0	80	1	2	2	2	2	2	0	1	0	0	80		
2019-04-26 02:00:00	57.40539	17.79465	11	0	4	0	0	0.005	13.7	7	1016	32	2	0.6	119	-300	80	2	1	2	2	2	2	0	1	0	0	75		
2019-04-26 02:15:00	57.40047	17.79489	12	0	5	0	0	0.005	13.7	7	1016	32	1	0.6	178	0	80	1	2	1	2	2	2	0	1	0	0	80		
2019-04-26 02:30:00	57.3981	17.80077	12	0	6	0	0	0.005	13.7	7	1016	32	1	0.5	127	-200	80	2	1	2	1	2	2	0	1	0	1	79		
2019-04-26 02:45:00	57.39306	17.79918	12	0	7	0	0	0.005	13.7	7	1016	32	1	0.6	190	200	80	1	2	1	2	1	2	0	1	0	0	79		
2019-04-26 03:00:00	57.39033	17.805	12	0	8	0	0	0.005	13.7	7	1016	32	1	0.5	131	0	80	1	1	2	1	2	1	0	1	0	1	79		
2019-04-26 03:15:00	57.38751	17.81073	12	0	9	0	0	0.005	13.7	7	1016	32	1	0.5	132	-100	80	2	1	1	2	1	2	0	1	0	0	80		
2019-04-26 03:30:00	57.3831	17.80767	12	0	10	0	0	0.005	13.7	7	1015	32	1	0.6	200	300	80	1	2	1	1	2	1	0	1	0	0	80		
2019-04-26 03:45:00	57.37911	17.81232	13	0	11	0	0	0.005	13.7	7	1016	32	2	0.6	148	300	80	1	1	2	1	1	2	0	1	0	2	75		
2019-04-26 04:15:00	57.37356	17.82048	12	0	13	0	0	0.005	14	7	1016	32	3	0.4	137	100	80	1	1	1	1	2	1	0	1	0	8	64		
2019-04-26 04:30:00	57.37161	17.8233	13	0	14	0	0	0.005	14	7	1015	32	1	0.3	142	100	80	1	1	1	1	1	2	0	1	8	10	61		
2019-04-26 04:45:00	57.36954	17.82864	13	0	15	0	0	0.005	13.9	7	1015	32	1	0.4	126	-100	80	2	1	1	1	1	1	0	1	0	2	78		
2019-04-26 05:00:00	57.3651	17.82777	13	0	16	0	0	0.005	13.9	7	1016	32	1	0.6	186	200	80	1	2	1	1	1	1	0	1	0	0	78		
2019-04-26 05:15:00	57.36249	17.83116	12	0	17	0	0	0.005	13.9	7	1015	32	2	0.4	145	200	80	1	1	2	1	1	1	0	1	0	1	77		
2019-04-26 05:30:00	57.36171	17.83506	12	0	18	0	0	0.005	13.9	7	1015	32	1	0.3	111	0	80	1	1	1	2	1	1	0	1	0	5	75		
2019-04-26 05:45:00	57.36114	17.83881	12	0	19	0	0	0.005	13.9	7	1015	32	1	0.3	106	-100	80	2	1	1	1	2	1	0	1	0	4	76		
2019-04-26 06:00:00	57.3573	17.84088	12	0	20	0	0	0.005	13.9	7	1016	32	3	0.5	164	0	80	1	2	1	1	1	2	0	1	0	0	77		
2019-04-26 06:15:00	57.35559	17.84547	12	0	21	0	0	0.005	13.9	7	1015	32	1	0.4	125	-200	80	2	1	2	1	1	1	0	1	0	1	79		
2019-04-26 06:30:00	57.35232	17.84712	13	0	22	0	0	0.005	13.9	7	1015	32	1	0.4	165	-100	80	2	2	1	2	1	1	0	1	0	2	78		
2019-04-26 06:45:00	57.34845	17.84871	14	0	23	0	0	0.005	13.9	8	1015	32	1	0.5	168	100	80	1	2	2	1	2	1	0	1	0	0	80		
2019-04-26 07:00:00	57.34749	17.85426	41	0	24	0	0	0.005	13.9	8	1015	32	1	0.4	108	-200	80	2	1	2	2	1	2	0	1	0	1	79		
2019-04-26 07:15:00	57.34392	17.85693	12	0	25	0	0	0.005	13.9	8	1015	32	1	0.5	158	-100	80	2	2	1	2	2	1	0	1	0	0	77		
2019-04-26 07:30:00	57.33903	17.85651	12	0	26	0	0	0.005	13.9	9	1015	32	1	0.6	183	200	80	1	2	2	1	2	2	0	1	0	0	80		
2019-04-26 07:45:00	57.3369	17.86143	13	0	27	0	0	0.005	13.8	9	1015	32	1	0.4	129	0	80	1	1	2	2	1	2	0	1	0	0	79		
2019-04-26 08:00:00	57.33657	17.86659	12	0	28	0	0	0.005	13.8	9	1015	32	1	0.3	97	-200	80	2	1	1	2	2	1	0	1	0	1	79		
2019-04-26 08:15:00	57.33222	17.86845	13	0	29	0	0	0.005	13.8	9	1015	32	3	0.5	167	-100	80	2	2	1	1	2	2	0	1	0	0	76		
2019-04-26 08:30:00	57.32736	17.86761	12	0	0	0	0	0.005	13.9	9	1015	32	1	0.6	185	200	80	1	2	2	1	1	2	0	1	0	0	80		
2019-04-26 08:45:00	57.32628	17.87139	13	0	1	0	0	0.005	13.9	10	1015	32	1	0.3	118	100	80	1	1	2	2	1	1	0	1	0	1	79		
2019-04-26 09:00:00	57.3264	17.87661	12	0	2	0	0	0.005	13.9	10	1015	32	2	0.3	87	-200	80	2	1	1	2	2	1	0	1	0	1	75		
2019-04-26 09:15:00	57.32244	17.88075	15	0	3	0	0	0.005	13.9	10	1015	32	1	0.6	150	-200	80	2	2	1	1	2	2	0	1	0	0	80		
2019-04-26 09:30:00	57.31782	17.88405	12	0	4	0	0	0.005	13.8	10	1015	32	1	0.6	159	-100	80	2	2	2	1	1	2	0	1	5	0	73		
2019-04-26 09:45:00	57.31386	17.88726	13	0	5	0	0	0.005	13.9	10	1015	32	3	0.5	156	0	80	1	2	2	2	1	1	0	1	6	0	67		
2019-04-26 10:00:00	57.31455	17.89338	40	0	6	0	0	0.005	13.9	10	1015	32	1	0.4	78	-400	80	2	1	2	2	2	1	0	1	0	3	76		
2019-04-26 10:15:00	57.31086	17.89722	13	0	7	0	0	0.005	13.9	10	1015	32	2	0.5	151	-400	80	2	2	1	2	2	2	0	1	0	0	76		
2019-04-26 10:30:00	57.30645	17.90046	12	0	8	0	0	0.005	13.9	10	1014	32	1	0.6	158	-300	80	2	2	2	1	2	2	0	1	0	0	80		
2019-04-26 10:45:00	57.3021	17.90349	13	0	9	0	0	0.005	13.9	10	1014	32	1	0.6	160	-200	80	0	2	2	2	1	2	0	1	0	0	80		
2019-04-26 11:00:00	57.3021	17.89959	12	0	10	0	0	0.005	13.9	10	1014	32	1	0.3	270	0	80	0	0	2	2	2	1	0	1	74	3	2		
2019-04-26 11:15:00	57.30276	17.89503	12	0	11	0	0	0.005	13.9	10	1014	32	1	0.3	285	200	80	1	0	0	2	2	2	0	1	78	2	0		
2019-04-26 11:30:00	57.30168	17.8968	11	0	12	0	0	0.005	13.9	10	1014	32	1	0.2	139	100	25	1	1	0	0	2	2	0	1	11	13	55		
2019-04-26 11:45:00	57.30078	17.89749	14	0	13	0	0	0.005	13.9	11	1014	32	1	0.1	156	100	25	1	1	1	0	0	2	0	1	5	22	51		
2019-04-26 11:50:00	57.30012	17.89842	13	0	14	0	6	0.005	13.9	11	1014	32	1	0.3	144	200	25	1	1	1	1	0	0	0	1	0	2	18		
2019-04-26 12:00:00	57.29913	17.89899	13	0	15	0	0	0.005	13.9	11	1014	32	1	0.2	163	300	25	1	1	1	1	1	0	0	1	0	4	45		
2019-04-26 12:10:00	57.29853	17.89959	13	0	16	0	0	0.005	13.9	11	1014	32	1	0.1	152	300	25	1	1	1	1	1	1	0	1	0	16	34		
2019-04-26 12:20:00	57.29778	17.89989	12	0	17	0	0	0.005	13.9	11	1014	32	1	0.1	168	400	25	1	1	1	1	1	1	0	1	0	16	34		
2019-04-26 12:30:00	57.29733	17.89971	11	0	18	0	0	0.005	13.9	12	1014	32	1	0.1	191	400	25	1	1	1	1	1	1	0	1	0	23	27		
2019-04-26 12:40:00	57.29685	17.89974	12	0	19	0	0	0.005	13.9	12	1014	32	1	0.1	179	500	25	1	1	1	1	1	1	0	0	1	24	25		
2019-04-26 12:50:00	57.29643	17.90082	13	0	20	0	0	0.005	13.9	12	1014	32	1	0.1	125	500	25	1	1	1	1	1	1	0	0	0	13	37		
2019-04-26 13:00:00	57.29586	17.90223	13	0	21	0	0	0.005	13.9	12	1014	32	1	0.2	127	500	25	1	1	1	1	1	1	0	0	0	10	40		
2019-04-26 13:10:00	57.29553	17.90229	13	0	22	0	0	0.005	13.9	13	1014	31	1	0.1	176	500	25	0	1	1	1	1	1	0	0	0	22	27		
2019-04-26 13:20:00	57.29508	17.90187	14	0	23	0	0	0.005	13.9	13	1014	31	1	0.1	208	600	340	1	0	1	1	1	1	0	0	7	22	20		
2019-04-26 13:30:00	57.29472	17.90103	14	0	24	0	0	0.005	13.9	13	1014	31	2	0.1	231	700	200	3	1	0	1	1	1	0	0	17	22	8		
2019-04-26 13:40:00	57.29433	17.90037	41	0	25	0	0	0.005	13.9	13	1014	31	1	0.1	222	700	200	2	3	1	0	1	1	0	0	30	16	3		
2019-04-26 13:50:00	57.29397	17.90022	12	0	26	0	0	0.005	13.9	13	1014	31	2	0.1	195	800	5	0	2	3	1	0	1	0	0	16	7	21		
2019-04-26 14:00:00	57.29358	17.89935	12	0	27	0	0	0.005	13.9	13	1014	32	1	0.1	231	800	5	1	0	2	3	1	0	0	0	16	14	19		
2019-04-26 14:10:00	57.29289	17.90001	13	0	28	0	0	0.005	13.9	13	1013	31	1	0.1	153	900	20	1	1	0	2	3	1	0	0	11	5	33		
2019-04-26 14:20:00	57.2931	17.90124	11	0	29	0	0	0.005	13.9	13	1013	31	1	0.1	72	800	20	1	1	1	0	2	3	0	0	0	11	39		
2019-04-26 14:30:00	57.29331	17.90262	13	0	0	0	0	0.005	13.8	13	1013	31	2	0.1	73	800	20	1	1	1	1	0	2	0	0	0	7	41		
2019-04-26 14:40:00	57.29271	17.90355	14	0	1	0	0	0.005	13.9	13	1013	32	1	0.1	141	800	20	1	1	1	1	1	0	0	0	9	16	23		
2019-04-26 14:45:00	57.29268	17.90397	13	0	2	0	1	0.005	13.9	13	1013	31	1	0.1	94	800	20	1	1	1	1	1	1	0	0	0	5	15		
2019-04-26 15:00:00	57.29226	17.90529	13	0	3	0	4	0.005	13.9	13	1013	31	1	0.1	121	2000	20	1	1	1	1	1	1	0	0	0	19	61		
2019-04-26 15:15:00	57.29091	17.90628	41	0	4	0	0	0.005	13.9	12	1013	32	1	0.2	158	1900	20	1	1	1	1	1	1	0	0	10	6	63		
2019-04-26 15:30:00	57.2898	17.90691	12	0	5	0	0	0.005	13.9	12	1013	32	1	0.1	163	1900	20	1	1	1	1	1	1	0	0	0	13	64		
2019-04-26 15:45:00	57.28815	17.90892	12	0	6	0	0	0.005	13.8	12	1013	32	1	0.2	147	1700	20	1	1	1	1	1	1	0	0	0	1	79		
2019-04-26 17:34:29	57.28377	17.91456	11	1	0	0	0	0.005	13.9	11	1012	32	0	0.5	192	0	0	0	0					0	1	3	6	15		
2019-04-26 17:40:00	57.28398	17.91282	12	0	1	0	0	0.005	13.9	10	1012	32	1	0.3	282	100	0	1	0	0				0	1	21	0	1		
2019-04-26 17:45:00	57.28356	17.91288	12	0	2	0	0	0.005	13.9	10	1012	32	1	0.2	176	100	35	0	1	0	0			0	1	12	0	6		
2019-04-26 17:50:00	57.2835	17.91207	11	0	3	0	5	0.005	13.9	10	1012	32	1	0.2	261	1700	35	1	0	1	0	0		0	1	13	0	7		
2019-04-26 18:00:00	57.28284	17.91291	12	0	4	0	0	0.005	14	10	1012	32	2	0.1	144	1700	20	2	1	0	1	0	0	0	1	12	2	32		
2019-04-26 18:10:00	57.28218	17.91114	12	0	5	0	0	0.005	14	10	1012	32	1	0.2	235	1800	20	3	2	1	0	1	0	0	1	15	3	31		
2019-04-26 18:20:00	57.28314	17.90964	12	0	6	0	0	0.005	13.9	10	1013	32	1	0.2	320	1900	95	1	3	2	1	0	1	0	1	50	0	0		
2019-04-26 18:30:00	57.28248	17.90766	13	0	7	0	0	0.005	13.9	9	1013	32	1	0.2	238	2000	95	1	1	3	2	1	0	0	1	11	0	39		
2019-04-26 18:45:00	57.28269	17.90298	12	0	8	0	1	0.005	13.9	9	1013	32	1	0.3	275	2300	95	0	1	1	3	2	1	0	1	9	2	68		
2019-04-26 19:00:00	57.28596	17.90502	14	0	9	0	0	0.005	13.9	9	1013	32	1	0.4	19	2100	140	0	0	1	1	3	2	0	1	74	0	5		
2019-04-26 19:15:00	57.2883	17.90511	13	0	10	0	0	0.005	13.9	9	1013	32	1	0.3	1	2100	140	0	0	0	1	1	3	0	1	80	0	0		
2019-04-26 19:30:00	57.29061	17.90382	13	0	11	0	0	0.005	13.9	9	1012	32	1	0.3	343	2200	140	1	0	0	0	1	1	0	1	80	0	0		
2019-04-26 19:45:00	57.28875	17.90499	41	0	12	0	0	0.005	13.9	9	1013	32	1	0.2	161	2200	70	1	1	0	0	0	1	0	1	14	0	65		
2019-04-26 20:00:00	57.28743	17.90868	12	0	13	0	0	0.005	13.9	9	1012	32	1	0.3	124	1900	70	1	1	1	0	0	0	0	1	0	0	77		
2019-04-26 20:15:00	57.28602	17.91123	12	0	14	0	0	0.005	13.9	9	1012	32	1	0.2	136	1800	70	1	1	1	1	0	0	0	1	10	4	64		
2019-04-26 20:30:00	57.28536	17.91453	12	0	15	0	0	0.005	13.8	9	1012	32	3	0.2	111	1600	70	1	1	1	1	1	0	0	1	0	4	72		
2019-04-26 20:45:00	57.28455	17.91798	12	0	16	0	0	0.005	13.8	9	1012	32	2	0.2	113	1400	70	1	1	1	1	1	1	0	1	0	5	72		
2019-04-26 21:00:00	57.28404	17.92143	11	0	17	0	0	0.005	13.8	9	1012	32	1	0.2	106	1200	70	1	1	1	1	1	1	0	1	0	2	77		
2019-04-26 21:15:00	57.28383	17.9256	13	0	18	0	0	0.005	13.8	9	1012	32	2	0.3	95	900	70	1	1	1	1	1	1	0	1	0	2	76		
2019-04-26 23:04:41	57.28779	17.9517	12	1	0	0	0	0.005	13.7	8	1011	32	0	0.4	187	0	0	0	0					0	1	0	0	1		
2019-04-26 23:10:00	57.28833	17.95032	11	0	1	0	4	0.005	13.8	8	1011	32	1	0.3	306	-1500	0	1	0	0				0	1	19	0	3		
2019-04-26 23:15:00	57.2892	17.94969	12	0	2	0	1	0.005	13.8	8	1011	32	2	0.4	340	-1500	0	0	0	0	0			0	1	17	0	0		
2019-04-26 23:20:00	57.2901	17.94918	11	0	3	0	1	0.005	13.7	8	1011	32	1	0.3	342	-1500	0	1	0	0	0	0		0	1	20	0	0		
2019-04-26 23:25:00	57.29097	17.94852	11	0	4	0	0	0.005	13.7	8	1011	32	2	0.3	338	-1500	0	3	0	0	0	0	0	0	1	18	0	0		
2019-04-26 23:30:00	57.29157	17.94762	12	0	5	0	1	0.005	13.7	8	1011	32	1	0.3	321	-1500	0	2	3	0	0	0	0	0	1	20	0	0		
2019-04-26 23:35:00	57.29175	17.94762	12	0	6	0	0	0.005	13.7	8	1011	32	1	0.1	360	-1500	0	2	3	3	0	0	0	0	1	16	4	0		
2019-04-26 23:40:00	57.29187	17.94774	11	0	7	0	0	0.005	13.7	8	1011	32	1	0	34	-1500	0	2	3	3	3	0	0	0	1	3	4	11		
2019-04-26 23:45:00	57.29199	17.94804	12	0	8	0	5	0.005	13.7	8	1011	32	1	0.1	55	-800	0	2	3	3	3	3	0	0	1	1	4	15		
2019-04-26 23:50:00	57.29211	17.9481	11	0	9	0	0	0.005	13.7	8	1011	32	2	0	17	-800	0	2	3	3	3	3	3	0	1	0	5	11		
2019-04-26 23:55:00	57.29217	17.94837	12	0	10	0	1	0.005	13.7	8	1011	32	1	0.1	67	-900	25	3	2	3	3	3	3	0	1	8	8	4		
2019-04-27 00:00:00	57.29187	17.94843	12	0	11	0	1	0.005	13.7	8	1011	32	2	0.1	175	-900	290	1	3	2	3	3	3	0	1	12	4	0		
2019-04-27 00:05:00	57.29184	17.94867	12	0	12	0	0	0.005	13.7	8	1011	32	2	0.1	113	-900	290	1	1	3	2	3	3	0	1	10	5	1		
2019-04-27 00:10:00	57.2919	17.94891	12	0	13	0	0	0.005	13.7	8	1010	32	1	0.1	63	-900	290	1	1	1	3	2	3	0	1	10	6	4		
2019-04-27 00:15:00	57.29196	17.94921	12	0	14	0	5	0.005	13.7	8	1011	32	1	0.1	64	1900	290	0	1	1	1	3	2	0	1	11	6	2		
2019-04-27 00:20:00	57.29196	17.94921	12	0	15	0	0	0.005	13.7	8	1010	32	1	0	184	1900	330	0	0	1	1	1	3	0	1	0	14	6		
2019-04-27 00:25:00	57.2919	17.94891	13	0	16	0	0	0.005	13.7	8	1011	32	1	0.1	253	1800	330	0	0	0	1	1	1	0	1	14	5	1		
2019-04-27 00:30:00	57.29187	17.94873	11	0	17	0	0	0.005	13.6	8	1010	32	3	0	251	1800	330	0	0	0	0	1	1	0	1	7	6	2		
2019-04-27 00:35:00	57.29187	17.94888	14	0	18	0	0	0.005	13.6	8	1010	32	1	0	79	1800	330	1	0	0	0	0	1	0	1	4	7	9		
2019-04-27 00:40:00	57.29166	17.94909	11	0	19	0	0	0.005	13.6	8	1010	32	1	0.1	154	1900	85	2	1	0	0	0	0	0	1	4	9	6		
2019-04-27 00:45:00	57.29133	17.94924	12	0	20	0	0	0.005	13.6	8	1010	32	1	0.1	167	1900	85	3	2	1	0	0	0	0	1	6	3	10		
2019-04-27 00:50:00	57.29097	17.94789	11	0	21	0	0	0.005	13.6	8	1010	32	1	0.3	244	1800	360	0	3	2	1	0	0	0	1	15	2	1		
2019-04-27 00:55:00	57.291	17.94747	12	0	22	0	0	0.005	13.6	8	1010	32	1	0.1	279	1800	360	0	0	3	2	1	0	0	1	12	8	0		
2019-04-27 01:00:00	57.291	17.94684	11	0	23	0	0	0.005	13.6	8	1010	32	1	0.1	270	1700	360	0	0	0	3	2	1	0	1	16	4	0		
2019-04-27 01:05:00	57.29103	17.94612	13	0	24	0	0	0.005	13.6	8	1010	32	1	0.1	272	1700	360	0	0	0	0	3	2	0	1	18	2	0		
2019-04-27 01:10:00	57.29085	17.94555	13	0	25	0	0	0.005	13.6	8	1010	32	1	0.1	238	1600	360	0	0	0	0	0	3	0	1	16	3	0		
2019-04-27 01:15:00	57.29022	17.94444	11	0	26	0	0	0.005	13.6	8	1010	32	2	0.3	224	1600	360	0	0	0	0	0	0	0	1	17	0	0		
2019-04-27 01:20:00	57.29031	17.94222	11	0	27	0	0	0.005	13.6	8	1010	32	3	0.4	274	1400	360	0	0	0	0	0	0	0	1	16	0	0		
2019-04-27 01:30:00	57.29082	17.94069	12	0	29	0	0	0.005	13.6	8	1010	32	3	0.1	238	1300	360	0	0	0	0	0	0	0	1	6	9	0		
2019-04-27 03:19:10	57.29778	17.90835	12	1	0	0	0	0.005	13.6	8	1009	32	0	0.6	267	0	0	0	0					0	1	1	0	0		
2019-04-27 03:20:00	57.29775	17.90781	11	0	1	0	0	0.005	13.6	8	1009	32	1	0.6	263	0	0	1	0	0				0	1	0	0	0		
2019-04-27 05:09:11	57.28794	17.94132	11	1	0	0	0	0.005	13.9	8	1009	33	0	0.2	91	0	0	0	0					0	1	5	0	3		
2019-04-27 05:10:00	57.28797	17.94141	11	0	1	0	1	0.005	13.9	8	1009	32	1	0.1	86	0	0	1	3	0				0	1	0	0	0		
2019-04-27 05:15:00	57.28737	17.94114	13	0	2	0	0	0.005	13.9	8	1009	32	1	0.2	193	100	0	0	3	3	0			0	1	8	5	6		
2019-04-27 05:20:00	57.28707	17.94135	12	0	3	0	1	0.005	14	8	1009	32	1	0.1	160	100	0	1	3	3	3	0		0	1	9	8	3		
2019-04-27 05:25:00	57.28707	17.94102	12	0	4	0	0	0.005	14	8	1009	32	2	0.1	268	100	0	1	3	3	3	3	0	0	1	9	6	4		
2019-04-27 05:30:00	57.28764	17.93979	12	0	5	0	0	0.005	14	8	1009	32	2	0.3	311	100	0	1	3	3	3	3	3	0	1	15	1	0		
2019-04-27 05:35:00	57.28791	17.93898	13	0	6	0	1	0.005	14	8	1009	32	1	0.2	301	100	0	1	0	3	3	3	3	0	1	14	6	0		
2019-04-27 05:40:00	57.28848	17.93817	12	0	7	0	1	0.005	13.9	8	1009	32	1	0.3	322	200	0	2	0	0	3	3	3	0	1	17	3	0		
2019-04-27 05:45:00	57.28929	17.93748	13	0	8	0	0	0.005	13.9	8	1009	32	1	0.3	336	300	0	2	0	0	0	3	3	0	1	20	0	0		
2019-04-27 05:50:00	57.29097	17.93631	13	0	9	0	0	0.005	13.9	8	1008	32	1	0.7	339	400	0	2	0	0	0	0	3	0	1	20	0	0		
2019-04-27 05:55:00	57.29289	17.93451	12	0	10	0	0	0.005	13.9	9	1009	32	1	0.8	333	700	0	2	0	0	0	0	0	0	1	20	0	0		
2019-04-27 06:00:00	57.29466	17.93265	14	0	11	0	0	0.005	13.9	9	1009	32	1	0.8	330	900	0	2	0	0	0	0	0	0	1	20	0	0		
2019-04-27 06:05:00	57.29631	17.93115	14	0	12	0	0	0.005	13.9	9	1009	32	1	0.7	334	1100	0	2	0	0	0	0	0	0	1	18	0	0		
2019-04-27 06:10:00	57.29718	17.92683	13	0	13	0	1	0.005	13.9	9	1008	32	1	0.9	290	1300	0	2	3	0	0	0	0	0	1	20	0	0		
2019-04-27 06:15:00	57.29763	17.92125	14	0	14	0	0	0.005	13.9	9	1009	32	1	1.1	278	1600	0	2	3	3	0	0	0	0	1	18	0	0		
2019-04-27 06:20:00	57.29799	17.91555	13	0	15	0	0	0.005	13.9	9	1009	32	1	1.1	277	1900	0	2	3	3	3	0	0	0	1	20	0	0		
2019-04-27 06:25:00	57.29895	17.91024	14	0	16	0	0	0.005	13.9	9	1009	32	1	1.1	289	2200	0	2	3	3	3	3	0	0	1	19	0	0		
2019-04-27 06:30:00	57.29652	17.90907	13	0	17	0	7	0.005	13.8	9	1008	32	1	0.9	195	400	55	2	2	3	3	3	3	0	1	4	0	15		
2019-04-27 06:40:00	57.29034	17.90559	41	0	18	0	0	0.005	13.8	9	1009	32	1	1.1	197	500	55	2	2	2	3	3	3	0	1	0	0	50		
2019-04-27 06:50:00	57.28605	17.89956	13	0	19	0	0	0.005	13.9	9	1008	32	1	1	217	800	55	2	2	2	2	3	3	0	1	0	0	47		
2019-04-27 07:00:00	57.28317	17.89233	13	0	20	0	0	0.005	13.9	9	1009	32	2	0.9	234	1200	55	2	2	2	2	2	3	0	1	0	0	48		
2019-04-27 08:48:53	57.27093	17.88534	12	1	0	0	0	0.005	13.8	10	1009	32	0	0	286	0	0	0	0					0	1	7	0	21		
2019-04-27 08:50:00	57.27093	17.88519	12	0	1	0	0	0.005	13.9	10	1009	32	1	0.1	285	0	0	1	0	0				0	1	0	0	0		
2019-04-27 08:55:00	57.27111	17.88465	14	0	2	0	0	0.005	13.9	11	1009	32	1	0.1	299	0	300	0	1	0	0			0	1	11	5	3		
2019-04-27 09:00:00	57.27135	17.88411	13	0	3	0	0	0.005	13.9	11	1009	32	1	0.1	312	100	90	1	0	1	0	0		0	1	14	5	1		
2019-04-27 09:05:00	57.27156	17.88354	12	0	4	0	1	0.005	13.9	11	1009	32	1	0.1	305	100	90	1	1	0	1	0	0	0	1	10	5	4		
2019-04-27 09:10:00	57.27174	17.88306	13	0	5	0	0	0.005	13.9	11	1009	32	1	0.1	302	200	90	1	1	1	0	1	0	0	1	10	8	2		
2019-04-27 09:15:00	57.27195	17.88258	13	0	6	0	0	0.005	13.9	11	1009	32	1	0.1	308	200	90	1	1	1	1	0	1	0	1	8	7	5		
2019-04-27 09:20:00	57.27201	17.8821	14	0	7	0	0	0.005	13.9	12	1009	32	1	0.1	287	200	90	1	1	1	1	1	0	0	1	6	6	7		
2019-04-27 09:30:00	57.27219	17.88123	14	0	8	0	7	0.005	13.9	12	1009	32	1	0.1	290	1700	90	1	1	1	1	1	1	0	1	8	16	26		
2019-04-27 09:40:00	57.27261	17.88381	40	0	9	0	0	0.005	13.9	12	1009	32	1	0.3	74	1600	90	1	1	1	1	1	1	0	1	4	0	45		
2019-04-27 09:50:00	57.27303	17.88381	12	0	10	0	1	0.005	13.9	12	1010	32	1	0.1	1	1600	90	1	1	1	1	1	1	0	1	21	13	13		
2019-04-27 10:00:00	57.27402	17.8839	12	0	11	0	2	0.005	13.9	12	1010	32	1	0.2	3	1600	90	1	1	1	1	1	1	0	1	28	8	10		
2019-04-27 10:10:00	57.27576	17.88651	13	0	12	0	0	0.005	13.9	13	1010	32	1	0.4	39	1500	90	1	1	1	1	1	1	0	1	10	1	34		
2019-04-27 10:20:00	57.27666	17.89035	13	0	13	0	0	0.005	13.9	13	1010	32	1	0.4	67	1300	90	1	1	1	1	1	1	0	1	0	0	46		
2019-04-27 10:30:00	57.27723	17.89488	13	0	14	0	0	0.005	13.9	13	1009	31	1	0.5	77	1000	90	1	1	1	1	1	1	0	1	0	0	46		
2019-04-27 10:40:00	57.27807	17.89968	12	0	15	0	0	0.005	13.9	13	1010	31	1	0.5	72	700	90	2	1	1	1	1	1	0	1	0	0	46		
2019-04-27 10:50:00	57.27627	17.89824	13	0	16	0	1	0.005	13.9	13	1010	31	1	0.4	204	800	320	3	0	1	1	1	1	0	1	39	0	6		
2019-04-27 11:00:00	57.27444	17.898	12	0	17	0	0	0.005	13.8	13	1010	31	1	0.3	184	800	320	3	0	0	1	1	1	0	1	44	1	1		
2019-04-27 11:10:00	57.27204	17.89653	12	0	18	0	0	0.005	13.9	12	1010	31	1	0.5	199	800	320	3	0	0	0	1	1	0	1	46	0	0		
2019-04-27 11:20:00	57.27036	17.89452	13	0	19	0	0	0.005	13.9	12	1010	32	1	0.4	212	900	320	3	0	0	0	0	1	0	1	46	0	0		
2019-04-27 11:30:00	57.26883	17.89182	12	0	20	0	0	0.005	13.9	12	1010	32	2	0.4	224	1100	320	3	0	0	0	0	0	0	1	44	0	0		
2019-04-27 11:40:00	57.2679	17.88849	13	0	21	0	0	0.005	13.9	11	1010	32	1	0.4	243	1300	320	3	0	0	0	0	0	0	1	46	0	0		
2019-04-27 11:50:00	57.26544	17.88855	12	0	22	0	1	0.005	13.9	11	1010	32	1	0.5	179	1200	320	3	3	0	0	0	0	0	1	45	0	0		
2019-04-27 13:39:10	57.25995	17.87019	12	1	0	0	0	0.005	13.9	10	1010	32	0	0.4	222	0	0	0	0					0	1	9	1	3		
2019-04-27 13:45:00	57.25905	17.8704	12	0	2	0	0	0.005	13.9	10	1010	32	3	0.3	164	100	345	0	1	0	0			0	1	8	0	7		
2019-04-27 13:50:00	57.25824	17.87019	12	0	3	0	0	0.005	13.9	10	1010	32	2	0.3	188	200	345	1	0	1	0	0		0	1	11	0	7		
2019-04-27 13:55:00	57.25755	17.87055	13	0	4	0	0	0.005	13.9	10	1009	32	3	0.3	164	300	335	1	1	0	1	0	0	0	1	10	1	4		
2019-04-27 14:00:00	57.2574	17.87217	12	0	5	0	7	0.005	13.9	10	1010	32	1	0.3	100	2100	335	2	1	1	0	1	0	0	1	0	1	17		
2019-04-27 14:10:00	57.25536	17.87613	13	0	6	0	0	0.005	13.9	11	1010	32	1	0.5	134	1900	335	2	2	1	1	0	1	0	1	0	1	49		
2019-04-27 14:20:00	57.25257	17.87919	12	0	7	0	0	0.005	13.9	11	1010	32	1	0.6	149	1600	335	2	2	2	1	1	0	0	1	4	2	43		
2019-04-27 14:30:00	57.25035	17.88294	12	0	8	0	0	0.005	13.9	11	1010	32	1	0.6	138	1400	335	2	2	2	2	1	1	0	1	0	4	46		
2019-04-27 14:40:00	57.24846	17.8851	12	0	9	0	0	0.005	13.9	11	1009	32	1	0.4	148	1200	335	2	2	2	2	2	1	0	1	0	12	38		
2019-04-27 14:50:00	57.2475	17.88693	13	0	10	0	0	0.005	13.9	11	1009	32	1	0.3	134	1100	335	2	2	2	2	2	2	0	1	0	13	37		
2019-04-27 15:00:00	57.24537	17.88912	13	0	11	0	0	0.005	13.9	11	1009	32	1	0.5	151	1000	335	3	2	2	2	2	2	0	1	0	7	44		
2019-04-27 15:10:00	57.24312	17.8878	16	0	12	0	0	0.005	13.9	11	1009	32	2	0.4	198	1000	355	2	3	2	2	2	2	0	1	44	2	1		
2019-04-27 15:20:00	57.24084	17.88855	13	0	13	0	0	0.005	13.9	12	1009	32	1	0.4	170	900	0	2	2	3	2	2	2	0	1	7	6	35		
2019-04-27 15:30:00	57.23826	17.88924	13	0	14	0	0	0.005	14	12	1009	32	1	0.5	172	900	0	2	2	2	3	2	2	0	1	5	4	40		
2019-04-27 15:40:00	57.23595	17.89032	18	0	15	0	0	0.005	13.9	11	1009	32	1	0.4	166	800	0	2	2	2	2	3	2	0	1	0	7	43		
2019-04-27 15:50:00	57.23373	17.89212	41	0	16	0	0	0.005	13.9	11	1009	32	1	0.4	156	700	0	2	2	2	2	2	3	0	1	4	4	41		
2019-04-27 16:00:00	57.23217	17.8944	11	0	17	0	0	0.005	13.9	11	1009	32	1	0.4	141	500	0	3	2	2	2	2	2	0	1	0	1	46		
2019-04-27 16:10:00	57.23013	17.89566	13	0	18	0	0	0.005	13.9	11	1009	32	1	0.4	162	400	325	3	3	2	2	2	2	0	1	44	2	3		
2019-04-27 16:20:00	57.22764	17.89533	12	0	19	0	0	0.005	13.9	11	1009	32	1	0.5	184	400	325	3	3	3	2	2	2	0	1	43	5	0		
2019-04-27 16:30:00	57.22542	17.89317	12	0	20	0	0	0.005	13.9	11	1009	32	1	0.5	208	500	325	3	3	3	3	2	2	0	1	49	1	0		
2019-04-27 17:00:00	57.222	17.88327	12	0	21	0	1	0.005	13.9	11	1009	32	1	0.4	238	1000	325	2	3	3	3	3	2	0	1	166	4	0		
2019-04-27 17:30:00	57.21615	17.86971	13	0	22	0	0	0.005	14	10	1009	32	1	0.6	231	1800	130	0	2	3	3	3	3	0	1	69	2	98		
2019-04-27 18:30:00	57.21189	17.86314	12	0	24	0	0	0.005	13.9	9	1010	32	3	0.5	171	2100	65	1	1	0	2	3	3	0	1	8	2	153		
2019-04-27 19:00:00	57.20631	17.86548	12	0	25	0	0	0.005	13.9	9	1010	32	1	0.4	167	1900	65	1	1	1	0	2	3	0	1	0	13	156		
2019-04-27 19:30:00	57.19572	17.86899	13	0	26	0	0	0.005	13.9	9	1010	32	1	0.7	170	1600	65	1	1	1	1	0	2	0	1	0	0	169		
2019-04-27 20:00:00	57.18687	17.8764	13	0	27	0	2	0.005	13.9	9	1010	32	1	0.6	156	1100	65	2	1	1	1	1	0	0	1	0	0	170		
2019-04-27 21:00:00	57.18375	17.84292	41	0	29	0	0	0.005	13.9	9	1010	32	3	0.6	316	-2900	65	0	0	2	1	1	1	0	0	161	1	2		
2019-04-27 21:30:00	57.1905	17.83296	11	0	0	0	0	0.005	13.8	8	1010	32	1	0.5	321	-2600	65	0	0	0	2	1	1	0	0	163	3	0		
2019-04-27 22:00:00	57.19782	17.8233	12	0	1	0	0	0.005	13.8	8	1010	32	1	0.6	324	-2700	65	1	0	0	0	2	1	0	0	170	0	0		
2019-04-27 22:30:00	57.18969	17.82009	12	0	2	0	0	0.005	13.8	8	1011	32	1	0.5	192	-3300	75	0	1	0	0	0	2	0	0	6	0	164		
2019-04-27 23:00:00	57.19752	17.81316	12	0	3	0	0	0.005	13.8	8	1011	32	3	0.5	334	-3300	85	0	0	1	0	0	0	0	0	159	3	4		
2019-04-27 23:30:00	57.20586	17.80548	12	0	4	0	0	0.005	13.8	8	1011	32	1	0.6	333	-3600	85	1	0	0	1	0	0	0	0	169	0	0		
2019-04-28 00:00:00	57.19785	17.81226	40	0	5	0	0	0.005	13.8	8	1011	32	2	0.5	155	-3300	65	1	1	0	0	1	0	0	0	5	1	159		
2019-04-28 00:30:00	57.18786	17.82171	12	0	6	0	0	0.005	13.8	8	1011	32	2	0.7	153	-3300	65	0	1	1	0	0	1	0	0	0	0	165		
2019-04-28 01:00:00	57.19659	17.81538	12	0	7	0	0	0.005	13.8	8	1011	32	1	0.6	339	-3200	65	1	0	1	1	0	0	0	0	164	0	5		
2019-04-28 01:30:00	57.1887	17.82198	16	0	8	0	0	0.005	13.7	8	1011	32	1	0.5	156	-3300	65	0	1	0	1	1	0	0	0	5	0	164		
2019-04-28 02:00:00	57.19734	17.81553	40	0	9	0	0	0.005	13.7	8	1011	32	2	0.6	338	-3200	65	1	0	1	0	1	1	0	0	161	1	5		
2019-04-28 02:30:00	57.18813	17.82192	12	0	10	0	0	0.005	13.7	8	1011	32	1	0.6	159	-3300	70	0	1	0	1	0	1	0	0	5	0	160		
2019-04-28 03:00:00	57.19833	17.81826	11	0	11	0	0	0.005	13.7	8	1011	32	2	0.6	349	-3000	75	0	0	1	0	1	0	0	0	164	0	4		
2019-04-28 03:30:00	57.20955	17.81661	13	0	12	0	0	0.005	13.8	8	1011	32	2	0.7	355	-3000	75	1	0	0	1	0	1	0	0	167	0	0		
2019-04-28 04:00:00	57.19755	17.82435	13	0	13	0	0	0.005	14	8	1012	32	1	0.8	161	-2700	80	0	1	0	0	1	0	0	0	5	0	164		
2019-04-28 04:30:00	57.20766	17.82465	15	0	14	0	0	0.005	14	8	1012	32	3	0.6	1	-2500	80	1	0	1	0	0	1	0	0	161	0	5		
2019-04-28 05:00:00	57.21939	17.82603	41	0	15	0	1	0.005	13.9	8	1012	32	3	0.7	4	-2700	80	1	0	0	1	0	0	0	0	165	0	0		
2019-04-28 05:30:00	57.23076	17.82924	13	0	16	0	0	0.005	13.9	8	1012	32	1	0.7	9	-2800	80	1	0	0	0	1	0	0	0	167	0	0		
2019-04-28 06:00:00	57.24165	17.83149	41	0	17	0	0	0.005	13.9	8	1013	32	1	0.7	6	-3000	80	1	0	0	0	0	1	0	0	170	0	0		
2019-04-28 06:30:00	57.25101	17.83077	12	0	18	0	0	0.005	13.9	8	1013	32	1	0.6	358	-3300	80	1	0	0	0	0	0	0	0	165	1	0		
2019-04-28 07:00:00	57.25983	17.82381	13	0	19	0	0	0.005	13.9	8	1013	32	1	0.6	337	-4000	80	1	0	0	0	0	0	0	0	170	0	0		
2019-04-28 07:30:00	57.26847	17.81868	15	0	20	0	0	0.005	13.9	8	1014	32	1	0.6	342	-4500	80	1	0	0	0	0	0	0	0	167	2	0		
2019-04-28 08:00:00	57.27732	17.81136	41	0	21	0	0	0.005	13.8	8	1014	32	1	0.6	336	-5200	80	1	0	0	0	0	0	0	0	169	0	0		
2019-04-28 08:30:00	57.28725	17.80497	12	0	22	0	0	0.005	13.8	8	1015	32	1	0.7	341	-5900	80	1	0	0	0	0	0	0	0	166	0	0		
2019-04-28 09:00:00	57.29523	17.79918	12	0	23	0	0	0.005	13.8	8	1015	32	1	0.5	338	-6400	80	1	0	0	0	0	0	0	0	170	0	0		
2019-04-28 09:30:00	57.30516	17.79306	11	0	24	0	0	0.005	13.8	8	1015	32	2	0.6	342	-7100	80	1	0	0	0	0	0	0	0	167	0	0		
2019-04-28 11:19:10	57.34638	17.76324	12	1	0	0	0	0.005	13.8	8	1017	32	0	1	321	0	0	0	0					0	1	1	0	0		
2019-04-28 11:30:00	57.34197	17.76555	12	0	1	0	1	0.005	13.8	8	1017	32	1	0.8	164	500	60	1	1	0				0	1	3	0	52		
2019-04-28 12:00:00	57.32994	17.77815	12	0	2	0	1	0.005	13.8	8	1017	32	1	0.9	151	2000	60	0	1	1	0			0	1	0	0	169		
2019-04-28 12:30:00	57.3186	17.79069	12	0	3	0	0	0.005	13.8	8	1017	32	1	0.8	149	3500	60	1	1	1	1	0		0	0	0	3	167		
2019-04-28 13:00:00	57.30744	17.80425	11	0	4	0	0	0.005	13.8	8	1017	32	1	0.8	147	5000	60	3	1	1	1	1	0	0	0	0	0	170		
2019-04-28 13:30:00	57.29664	17.81796	12	0	5	0	0	0.005	13.8	8	1017	32	1	0.8	146	6400	60	3	1	1	1	1	1	0	0	0	0	170		
2019-04-28 14:00:00	57.28686	17.83005	40	0	6	0	0	0.005	13.8	8	1018	32	2	0.7	146	7700	60	3	1	1	1	1	1	0	0	0	0	168		
2019-04-28 14:30:00	57.27801	17.84562	12	0	7	0	0	0.005	13.8	8	1018	32	1	0.8	136	9100	60	3	1	1	1	1	1	0	0	0	0	165		
2019-04-28 15:00:00	57.27009	17.86119	12	0	8	0	0	0.005	13.8	8	1018	32	1	0.7	133	10300	60	3	1	1	1	1	1	0	0	0	0	168		
2019-04-28 15:30:00	57.25983	17.87853	12	0	9	0	0	0.005	13.9	8	1018	32	1	0.9	138	11900	60	3	1	1	1	1	1	0	0	0	2	168		
2019-04-28 16:00:00	57.24942	17.89398	41	0	10	0	0	0.005	13.9	8	1019	32	1	0.8	141	13300	60	3	1	1	1	1	1	0	0	0	0	170		
2019-04-28 16:30:00	57.24171	17.91081	12	0	11	0	0	0.005	13.9	8	1019	32	1	0.7	130	14600	60	3	1	1	1	1	1	0	0	0	0	167		
2019-04-28 17:00:00	57.23469	17.92863	13	0	12	0	0	0.005	13.8	8	1019	32	1	0.7	126	15900	60	3	1	1	1	1	1	0	0	0	0	170		
2019-04-28 17:30:00	57.22809	17.94894	13	0	13	0	0	0.005	14	8	1020	32	1	0.8	121	17200	60	3	1	1	1	1	1	0	0	0	0	170		
2019-04-28 18:00:00	57.22038	17.96613	13	0	14	0	0	0.005	13.9	8	1020	32	1	0.7	130	18600	60	3	1	1	1	1	1	0	0	0	1	169		
2019-04-28 18:30:00	57.22965	17.95524	41	0	15	0	1	0.005	13.9	7	1021	32	1	0.7	328	17400	50	3	0	1	1	1	1	0	0	164	2	3		
2019-04-28 19:00:00	57.23946	17.94432	12	0	16	0	0	0.005	13.9	7	1021	32	1	0.7	329	16100	50	3	0	0	1	1	1	0	0	165	2	0		
2019-04-28 19:30:00	57.24972	17.93247	12	0	17	0	0	0.005	13.9	7	1022	32	1	0.7	328	14800	50	3	0	0	0	1	1	0	0	169	0	0		
2019-04-28 20:00:00	57.25722	17.91885	13	0	18	0	0	0.005	13.9	7	1022	32	2	0.6	315	13600	50	3	0	0	0	0	1	0	0	167	1	0		
2019-04-28 20:30:00	57.25608	17.89227	12	0	19	0	6	0.005	13.9	7	1022	32	1	0.9	265	-5800	50	0	3	0	0	0	0	0	0	170	0	0		
2019-04-28 21:00:00	57.26319	17.87331	14	0	20	0	0	0.005	13.8	7	1022	32	1	0.8	305	-5100	50	0	0	3	0	0	0	0	1	169	1	0		
2019-04-28 21:30:00	57.2697	17.85477	41	0	21	0	0	0.005	13.8	7	1023	32	1	0.7	303	-4600	50	0	0	0	3	0	0	0	1	170	0	0		
2019-04-28 22:00:00	57.27627	17.83518	12	0	22	0	0	0.005	13.8	7	1023	32	1	0.8	302	-4400	50	0	0	0	0	3	0	0	1	167	0	0		
2019-04-28 22:30:00	57.28191	17.81628	12	0	23	0	0	0.005	13.8	7	1023	32	1	0.7	299	-4300	50	0	0	0	0	0	3	0	1	170	0	0		
2019-04-28 23:00:00	57.28851	17.79516	12	0	24	0	0	0.005	13.8	7	1023	32	1	0.8	300	-4100	50	0	0	0	0	0	0	0	1	170	0	0		
2019-04-28 23:30:00	57.29589	17.77434	11	0	25	0	0	0.005	13.8	7	1023	32	1	0.8	303	-3800	50	0	0	0	0	0	0	0	1	170	0	0		
2019-04-29 00:00:00	57.30363	17.75292	40	0	26	0	0	0.005	13.8	7	1023	32	1	0.8	304	-3500	50	3	0	0	0	0	0	0	1	169	1	0		
2019-04-29 01:00:00	57.31341	17.69955	13	0	28	0	0	0.005	13.8	7	1024	32	3	0.8	310	-3800	50	0	0	3	0	0	0	0	1	164	0	0		
2019-04-29 01:30:00	57.32298	17.68116	14	0	29	0	0	0.005	13.7	7	1024	32	1	0.9	314	-3200	50	3	0	0	3	0	0	0	1	170	0	0		
2019-04-29 02:00:00	57.32478	17.64897	41	0	0	0	0	0.005	13.7	7	1024	32	1	1.1	276	-3800	50	0	3	0	0	3	0	0	1	170	0	0		
2019-04-29 02:30:00	57.33516	17.63229	12	0	1	0	0	0.005	13.7	7	1024	32	1	0.9	319	-3100	50	3	0	3	0	0	3	0	1	166	0	0		
2019-04-29 03:00:00	57.33978	17.60055	12	0	2	0	0	0.005	13.7	7	1024	32	1	1.1	285	-3400	50	3	3	0	3	0	0	0	1	170	0	0		
2019-04-29 03:30:00	57.34548	17.57229	11	0	3	0	0	0.005	13.8	7	1024	32	1	1	290	-3400	50	3	3	3	0	3	0	0	1	170	0	0		
2019-04-29 04:00:00	57.34983	17.54403	12	0	4	0	0	0.005	14	7	1024	32	1	1	286	-3600	50	0	3	3	3	0	3	0	1	170	0	0		
2019-04-29 06:19:10	57.36063	17.41425	11	1	0	0	0	0.005	13.9	7	1025	32	0	1.1	271	0	0	0	0					0	1	1	0	0		
2019-04-29 06:30:00	57.36228	17.40636	13	0	1	0	1	0.005	13.9	7	1025	32	1	0.8	291	500	0	1	0	0				0	1	55	0	0		
2019-04-29 07:00:00	57.36726	17.38728	13	0	2	0	0	0.005	13.9	7	1025	32	1	0.7	296	1800	0	0	0	0	0			0	1	171	0	0		
2019-04-29 07:30:00	57.37209	17.3688	41	0	3	0	0	0.005	13.9	7	1025	32	1	0.7	296	3000	0	1	0	0	0	0		0	0	170	0	0		
2019-04-29 08:00:00	57.37671	17.34972	13	0	4	0	0	0.005	13.8	7	1025	32	1	0.7	294	4300	0	2	0	0	0	0	0	0	0	167	0	0		
2019-04-29 08:30:00	57.38064	17.32926	13	0	5	0	0	0.005	13.8	7	1025	32	1	0.7	290	5600	0	2	0	0	0	0	0	0	0	170	0	0		
2019-04-29 09:00:00	57.38418	17.30787	13	0	6	0	0	0.005	13.8	7	1026	32	1	0.7	287	6900	0	2	0	0	0	0	0	0	0	170	0	0		
2019-04-29 09:30:00	57.38706	17.28612	40	0	7	0	0	0.005	13.8	7	1026	32	1	0.7	284	8200	0	2	0	0	0	0	0	0	0	170	0	0		
2019-04-29 10:00:00	57.39051	17.26617	12	0	8	0	0	0.005	13.8	7	1026	32	1	0.7	288	9500	0	2	0	0	0	0	0	0	0	166	1	0		
2019-04-29 10:30:00	57.39426	17.24631	11	0	9	0	0	0.005	13.8	7	1025	32	1	0.7	289	10700	0	2	0	0	0	0	0	0	0	170	0	0		
2019-04-29 12:19:35	57.40314	17.16651	12	1	0	0	0	0.005	13.8	7	1025	32	0	1.1	248	0	0	0	0					0	1	1	0	0		
2019-04-29 12:30:00	57.4038	17.15892	13	0	1	0	0	0.005	13.9	7	1025	32	1	0.7	279	500	0	1	0	0				0	1	53	0	0		
2019-04-29 13:00:00	57.40224	17.18019	12	0	2	0	0	0.005	13.9	7	1025	32	1	0.7	98	800	10	0	1	0	0			0	1	7	0	162		
2019-04-29 13:30:00	57.40458	17.16147	12	0	3	0	1	0.005	13.8	7	1025	32	1	0.6	283	300	10	1	0	1	0	0		0	1	158	1	10		
2019-04-29 14:00:00	57.40782	17.14011	12	0	4	0	0	0.005	13.8	7	1024	32	1	0.7	286	1700	10	2	0	0	1	0	0	0	1	169	0	0		
2019-04-29 14:30:00	57.41268	17.12358	13	0	5	0	0	0.005	13.8	7	1024	32	1	0.6	299	2800	10	2	0	0	0	1	0	0	0	169	0	0		
2019-04-29 15:00:00	57.41721	17.10765	41	0	6	0	0	0.005	13.8	7	1024	32	1	0.6	298	3900	10	2	0	0	0	0	1	0	0	169	1	0		
2019-04-29 15:30:00	57.42129	17.09109	13	0	7	0	0	0.005	13.9	7	1024	32	2	0.6	295	4900	10	2	0	0	0	0	0	0	0	165	0	0		
2019-04-29 16:00:00	57.42435	17.07999	15	0	8	0	0	0.005	13.9	7	1024	32	1	0.4	297	5700	10	2	0	0	0	0	0	0	0	160	5	5		
2019-04-29 16:30:00	57.42705	17.06814	14	0	9	0	0	0.005	13.8	7	1024	32	1	0.4	293	6500	10	2	0	0	0	0	0	0	0	168	1	1		
2019-04-29 17:00:00	57.42813	17.05767	40	0	10	0	0	0.005	13.8	6	1024	32	1	0.3	281	7100	10	2	0	0	0	0	0	0	0	147	7	15		
2019-04-29 17:30:00	57.43083	17.04462	13	0	11	0	0	0.005	14	6	1024	32	1	0.5	291	7900	10	2	0	0	0	0	0	0	0	164	2	0		
2019-04-29 18:00:00	57.43284	17.03514	11	0	12	0	0	0.005	14	6	1024	32	1	0.3	292	8500	10	2	0	0	0	0	0	0	0	168	2	0		
2019-04-29 18:30:00	57.43455	17.02695	12	0	13	0	0	0.005	13.9	6	1024	32	1	0.3	291	9100	10	2	0	0	0	0	0	0	0	169	1	0		
2019-04-29 19:00:00	57.43626	17.01807	13	0	14	0	0	0.005	13.9	6	1024	32	1	0.3	290	9600	10	2	0	0	0	0	0	0	0	165	5	0		
2019-04-29 19:30:00	57.43722	17.00751	41	0	15	0	0	0.005	13.9	5	1024	32	1	0.4	280	10200	10	2	0	0	0	0	0	0	0	163	7	0		
2019-04-29 20:00:00	57.43668	16.99839	11	0	16	0	0	0.005	13.9	5	1024	32	1	0.3	264	10700	10	2	0	0	0	0	0	0	0	163	4	0		
2019-04-29 20:30:00	57.43641	16.98798	11	0	17	0	0	0.005	13.9	5	1024	32	1	0.3	267	11300	10	2	0	0	0	0	0	0	0	169	1	0		
2019-04-29 21:00:00	57.43488	17.00067	12	0	18	0	1	0.005	13.9	5	1024	32	1	0.4	103	10500	5	2	1	0	0	0	0	0	0	7	2	160		
2019-04-29 21:30:00	57.43257	17.01513	12	0	19	0	0	0.005	13.9	5	1024	32	1	0.5	106	9600	5	2	1	1	0	0	0	0	0	0	0	170		
2019-04-29 22:00:00	57.43137	17.03028	40	0	20	0	0	0.005	13.9	5	1023	32	1	0.5	98	8700	5	2	1	1	1	0	0	0	0	0	3	167		
2019-04-29 22:30:00	57.42966	17.04348	11	0	21	0	0	0.005	13.8	5	1024	32	2	0.5	103	7900	5	2	1	1	1	1	0	0	0	0	2	162		
2019-04-29 23:00:00	57.42972	17.05839	11	0	22	0	0	0.005	13.8	5	1023	32	1	0.5	90	7100	5	2	1	1	1	1	1	0	0	0	0	170		
2019-04-30 00:48:59	57.43017	17.11782	12	1	0	0	0	0.005	13.8	6	1023	32	0	0.3	134	0	0	0	0					0	1	0	0	1		
2019-04-30 01:00:00	57.43035	17.11329	14	0	1	0	0	0.005	13.8	6	1023	32	1	0.4	274	300	0	1	0	0				0	1	50	0	6		
2019-04-30 01:30:00	57.42939	17.12742	41	0	2	0	0	0.005	13.8	6	1023	32	1	0.5	97	600	5	0	1	0	0			0	1	5	0	164		
2019-04-30 02:00:00	57.43176	17.11737	12	0	3	0	0	0.005	13.8	6	1023	32	1	0.4	294	200	15	1	0	1	0	0		0	1	159	2	5		
2019-04-30 02:30:00	57.43107	17.13228	12	0	4	0	0	0.005	13.7	6	1022	32	1	0.5	95	900	15	0	1	0	1	0	0	0	1	6	0	162		
2019-04-30 03:00:00	57.4347	17.12217	12	0	5	0	0	0.005	13.7	6	1022	32	1	0.4	304	600	20	0	0	1	0	1	0	0	1	161	1	7		
2019-04-30 03:30:00	57.43341	17.13771	12	0	6	0	1	0.005	13.8	6	1022	32	1	0.5	99	1200	20	3	1	0	1	0	1	0	1	6	2	162		
2019-04-30 04:00:00	57.43266	17.15337	40	0	7	0	0	0.005	14.1	6	1022	32	1	0.5	95	2100	20	3	1	1	0	1	0	0	1	0	5	165		
2019-04-30 04:30:00	57.43221	17.16786	12	0	8	0	0	0.005	14	6	1022	32	2	0.5	93	3000	20	3	1	1	1	0	1	0	0	0	1	163		
2019-04-30 05:00:00	57.4308	17.18079	12	0	9	0	0	0.005	13.9	6	1022	32	1	0.4	102	3800	20	3	1	1	1	1	0	0	0	0	5	165		
2019-04-30 05:30:00	57.42924	17.19417	12	0	10	0	0	0.005	13.9	6	1022	32	1	0.5	102	4600	20	3	1	1	1	1	1	0	0	0	8	162		
2019-04-30 06:00:00	57.42747	17.20503	13	0	11	0	0	0.005	13.9	6	1021	32	1	0.4	107	5200	20	3	1	1	1	1	1	0	0	0	4	166		
2019-04-30 06:30:00	57.42552	17.21481	13	0	12	0	0	0.005	13.9	6	1021	32	1	0.3	110	5800	20	3	1	1	1	1	1	0	0	0	7	163		
2019-04-30 07:00:00	57.42402	17.22459	41	0	13	0	0	0.005	13.9	7	1021	32	1	0.3	106	6400	20	3	1	1	1	1	1	0	0	0	3	166		
2019-04-30 07:30:00	57.42291	17.23242	12	0	14	0	2	0.005	13.8	7	1021	32	1	0.3	105	6900	20	3	1	1	1	1	1	0	0	0	33			
2019-04-30 08:00:00	57.42144	17.23788	13	0	15	0	0	0.005	13.8	7	1021	32	1	0.2	117	7200	20	3	1	1	1	1	1	0	0	0	64			
2019-04-30 08:30:00	57.4215	17.24547	13	0	16	0	0	0.005	13.9	8	1021	32	1	0.3	89	7700	20	3	1	1	1	1	1	0	0	0	23			
2019-04-30 09:00:00	57.42186	17.25207	13	0	17	0	0	0.005	13.8	8	1021	32	1	0.2	84	8100	20	3	1	1	1	1	1	0	0	0	18			
2019-04-30 09:30:00	57.42381	17.26023	34	0	18	0	0	0.005	13.8	9	1021	32	1	0.3	66	8500	20	3	1	1	1	1	1	0	0	0	1			
2019-04-30 10:00:00	57.4248	17.26704	11	0	19	0	0	0.005	13.9	9	1020	31	2	0.2	75	8900	20	3	1	1	1	1	1	0	0	0	17			
2019-04-30 10:30:00	57.4263	17.27313	12	0	20	0	0	0.005	13.9	9	1020	31	1	0.2	65	9300	20	3	1	1	1	1	1	0	0	0	8			
2019-04-30 11:00:00	57.42675	17.27754	12	0	21	0	0	0.005	13.8	9	1020	31	1	0.1	80	9600	20	3	1	1	1	1	1	0	0	0	21			
2019-04-30 11:30:00	57.42741	17.28228	12	0	22	0	0	0.005	13.9	9	1020	32	1	0.2	76	9800	20	3	1	1	1	1	1	0	0	0	25			
2019-04-30 12:00:00	57.42882	17.2875	40	0	23	0	0	0.005	13.8	10	1020	32	1	0.2	63	10200	20	3	1	1	1	1	1	0	0	0	4			
2019-04-30 12:30:00	57.43089	17.29347	12	0	24	0	0	0.005	13.9	11	1019	31	1	0.2	57	10500	20	3	1	1	1	1	1	0	0	0	14			
2019-04-30 13:00:00	57.43188	17.2995	12	0	25	0	0	0.005	13.8	12	1019	31	1	0.2	73	10900	20	3	1	1	1	1	1	0	0	0	15			
2019-04-30 13:30:00	57.42975	17.29206	12	0	26	0	1	0.005	13.9	12	1018	31	1	0.3	242	10400	335	3	0	1	1	1	1	0	0		4	52		
2019-04-30 14:00:00	57.42951	17.28777	12	0	27	0	0	0.005	13.8	10	1019	31	1	0.1	264	10200	335	3	0	0	1	1	1	0	0		61	139		
2019-04-30 14:30:00	57.43125	17.28357	12	0	28	0	0	0.005	13.9	10	1018	31	1	0.2	307	9900	335	3	0	0	0	1	1	0	0		16	38		
2019-04-30 15:00:00	57.43104	17.27658	41	0	29	0	7	0.005	13.8	10	1018	32	1	0.2	267	-400	335	0	3	0	0	0	1	0	1		1	0		
2019-04-30 15:30:00	57.43413	17.27631	13	0	0	0	0	0.005	13.9	10	1018	32	1	0.2	357	-100	335	0	0	3	0	0	0	0	1		1	0		
2019-04-30 16:00:00	57.43755	17.27847	12	0	1	0	0	0.005	13.9	10	1018	32	1	0.2	19	200	335	0	0	0	3	0	0	0	1		0	0		
2019-04-30 16:30:00	57.44295	17.27931	12	0	2	0	0	0.005	13.8	10	1017	32	1	0.3	5	700	335	0	0	0	0	3	0	0	1		0	0		
2019-04-30 17:00:00	57.44997	17.27931	41	0	3	0	0	0.005	13.9	9	1017	32	1	0.4	0	1200	335	0	0	0	0	0	3	0	1		1	0		
2019-04-30 17:30:00	57.45501	17.27955	11	0	4	0	0	0.005	13.9	8	1017	32	1	0.3	1	1600	335	0	0	0	0	0	0	0	1		3	0		
2019-04-30 18:00:00	57.45987	17.27856	11	0	5	0	0	0.005	13.8	8	1017	32	1	0.3	354	1900	335	0	0	0	0	0	0	0	1		2	0		
2019-04-30 18:30:00	57.46314	17.27763	13	0	6	0	0	0.005	13.9	7	1017	32	1	0.2	351	2100	335	0	0	0	0	0	0	0	1		6	0		
2019-04-30 19:00:00	57.46545	17.27808	11	0	7	0	0	0.005	13.8	6	1016	32	1	0.1	6	2300	335	0	0	0	0	0	0	0	1		37	0		
2019-04-30 19:30:00	57.46803	17.28339	13	0	8	0	0	0.005	13.8	6	1016	32	1	0.2	48	2800	335	1	0	0	0	0	0	0	1		0	0		
2019-04-30 20:00:00	57.46935	17.27448	40	0	9	0	0	0.005	13.8	6	1016	32	1	0.3	285	2500	170	2	1	0	0	0	0	0	1	41	4			
2019-04-30 20:30:00	57.47613	17.2755	12	0	10	0	0	0.005	13.7	6	1016	32	1	0.4	5	3100	170	3	2	1	0	0	0	0	1	56	7			
2019-04-30 21:00:00	57.47916	17.29008	11	0	11	0	0	0.005	13.7	6	1016	32	1	0.5	69	3900	210	1	3	2	1	0	0	0	1		0	24		
2019-04-30 21:30:00	57.48132	17.28453	11	0	12	0	0	0.005	13.7	6	1015	32	1	0.2	306	3800	210	1	1	3	2	1	0	0	1	26	17			
2019-04-30 22:00:00	57.48318	17.28297	12	0	13	0	0	0.005	13.7	6	1015	32	1	0.1	336	3900	210	1	1	1	3	2	1	0	1	67	69			
2019-04-30 22:30:00	57.48342	17.27889	12	0	14	0	0	0.005	13.7	6	1015	32	1	0.1	276	3800	210	1	1	1	1	3	2	0	1	0	22			
2019-04-30 23:00:00	57.48303	17.2725	13	0	15	0	0	0.005	13.6	6	1014	32	1	0.2	263	3500	210	1	1	1	1	1	3	0	1	0	2			
2019-05-01 00:00:00	57.48966	17.25708	40	0	17	0	0	0.005	13.6	6	1014	32	3	0.5	336	3300	210	1	2	1	1	1	1	0	1	0	0			
2019-05-01 00:30:00	57.48834	17.24478	12	0	18	0	0	0.005	13.6	6	1013	32	1	0.4	259	2700	210	2	1	2	1	1	1	0	1	0	7			
2019-05-01 01:00:00	57.49749	17.24022	11	0	19	0	0	0.005	13.6	6	1013	32	1	0.6	345	3200	210	1	2	1	2	1	1	0	1	0	0			
2019-05-01 01:30:00	57.49857	17.2251	12	0	20	0	0	0.005	13.6	6	1012	32	1	0.5	278	2600	210	2	1	2	1	2	1	0	1	0	1			
2019-05-01 02:00:00	57.50892	17.21562	13	0	21	0	0	0.005	13.6	6	1012	32	1	0.7	334	3000	210	2	2	1	2	1	2	0	1	0	0			
2019-05-01 02:30:00	57.52077	17.21028	12	0	22	0	0	0.005	13.6	6	1012	32	1	0.8	346	3700	210	1	2	2	1	2	1	0	1	0	0			
2019-05-01 03:00:00	57.52029	17.19846	13	0	23	0	0	0.005	13.5	6	1011	32	2	0.4	266	3100	210	2	1	2	2	1	2	0	1	0	15			
2019-05-01 03:30:00	57.52851	17.19375	12	0	24	0	0	0.005	13.6	6	1010	32	1	0.5	343	3600	210	1	2	1	2	2	1	0	1	57	2			
2019-05-01 04:00:00	57.52764	17.18154	40	0	25	0	0	0.005	13.8	6	1010	32	1	0.4	262	3000	210	2	1	2	1	2	2	0	1	0	17			
2019-05-01 04:30:00	57.53529	17.1843	12	0	26	0	0	0.005	13.9	6	1010	32	1	0.5	11	3700	210	1	2	1	2	1	2	0	1	43	3			
2019-05-01 05:00:00	57.53733	17.16762	11	0	27	0	0	0.005	13.8	6	1009	32	1	0.6	283	3100	210	3	1	2	1	2	1	0	1	14	1			
2019-05-01 05:30:00	57.53658	17.19723	13	0	28	0	0	0.005	13.9	6	1009	32	1	1	93	4300	210	1	3	1	2	1	2	0	1		0	19		
2019-05-01 06:00:00	57.53979	17.18085	12	0	29	0	0	0.005	13.9	6	1008	32	1	0.6	290	3900	210	1	1	3	1	2	1	0	1	18	4			
2019-05-01 06:30:00	57.54309	17.16135	14	0	0	0	0	0.005	13.8	6	1008	32	1	0.7	287	3300	210	1	1	1	3	1	2	0	1	0	0			
2019-05-01 07:00:00	57.5484	17.14239	40	0	1	0	0	0.005	13.9	6	1008	32	1	0.7	298	2900	210	2	1	1	1	3	1	0	1	0	2			
2019-05-01 07:30:00	57.56391	17.14593	12	0	2	0	0	0.005	13.9	7	1008	32	1	1	7	4200	210	1	2	1	1	1	3	0	1	0	0			
2019-05-01 08:00:00	57.57015	17.12691	12	0	3	0	0	0.005	13.8	7	1007	32	1	0.7	301	3900	210	1	1	2	1	1	1	0	1	0	1			
2019-05-01 08:30:00	57.57489	17.10801	12	0	4	0	6	0.005	13.8	7	1007	32	1	0.7	295	-2600	210	3	1	1	2	1	1	0	1	0	1			
2019-05-01 09:00:00	57.57624	17.13039	12	0	5	0	0	0.005	13.9	7	1007	32	1	0.7	84	-1700	210	3	3	1	1	2	1	0	1		0	27		
2019-05-01 09:30:00	57.57624	17.15553	13	0	6	0	0	0.005	13.9	7	1007	32	1	0.8	90	-800	210	3	3	3	1	1	2	0	1		0	0		
2019-05-01 10:00:00	57.57537	17.18271	40	0	7	0	0	0.005	13.8	7	1006	32	2	0.9	93	200	210	3	3	3	3	1	1	0	1		0	0		
2019-05-01 10:30:00	57.57777	17.2026	12	0	8	0	0	0.005	13.9	7	1006	32	1	0.7	77	600	210	2	3	3	3	3	1	0	1		1	0		
2019-05-01 11:00:00	57.59193	17.20461	12	0	9	0	0	0.005	13.8	7	1005	32	1	0.9	4	-600	230	3	2	3	3	3	3	0	1	19	0			
2019-05-01 11:30:00	57.59439	17.23038	13	0	10	0	0	0.005	13.9	7	1005	32	1	0.9	80	0	225	3	3	2	3	3	3	0	1		0	11		
2019-05-01 12:00:00	57.59883	17.25231	14	0	11	0	0	0.005	13.9	7	1004	32	1	0.8	69	300	225	3	3	3	2	3	3	0	1		0	0		
2019-05-01 12:30:00	57.60303	17.27403	13	0	12	0	0	0.005	13.8	7	1004	32	1	0.8	70	600	225	3	3	3	3	2	3	0	1		0	0		
2019-05-01 13:00:00	57.60417	17.29185	41	0	13	0	0	0.005	13.9	8	1004	32	3	0.6	83	1100	225	2	3	3	3	3	2	0	1		6	0		
2019-05-01 13:30:00	57.61005	17.30409	12	0	14	0	0	0.005	13.8	8	1003	32	3	0.6	48	1000	240	2	2	3	3	3	3	0	1	270	19	510		
2019-05-01 14:00:00	57.61401	17.31207	12	0	15	0	0	0.005	13.9	8	1002	32	1	0.4	47	900	240	2	2	2	3	3	3	0	1	285	61	489		
2019-05-01 14:30:00	57.62118	17.32452	13	0	16	0	0	0.005	13.8	8	1002	31	1	0.6	43	600	240	2	2	2	2	3	3	0	1	116	37			
2019-05-01 15:00:00	57.6294	17.33016	12	0	17	0	0	0.005	13.9	8	1002	32	1	0.5	20	0	240	1	2	2	2	2	3	0	1	49	31			
2019-05-01 15:30:00	57.63372	17.32242	41	0	18	0	0	0.005	13.9	8	1001	32	1	0.4	316	-600	240	3	1	2	2	2	2	0	1	3	16			
2019-05-01 16:00:00	57.63474	17.34411	12	0	19	0	0	0.005	13.8	7	1001	32	1	0.7	85	400	240	0	3	1	2	2	2	0	1		0	24		
2019-05-01 16:30:00	57.63147	17.35857	13	0	20	0	0	0.005	14	7	1000	32	1	0.5	113	1200	240	1	0	3	1	2	2	0	1		6	0		
2019-05-01 17:00:00	57.63786	17.35299	41	0	21	0	0	0.005	13.9	7	1000	32	2	0.4	335	1100	220	1	1	0	3	1	2	0	1	26	21			
2019-05-01 17:30:00	57.64692	17.35509	11	0	22	0	0	0.005	13.9	7	1000	32	1	0.6	7	-1900	220	0	1	1	0	3	1	0	1	0	7			
2019-05-01 18:00:00	57.64206	17.35506	12	0	23	0	0	0.005	14	7	1000	32	1	0.3	180	-1500	275	0	0	1	1	0	3	0	1		19	11		
2019-05-01 18:30:00	57.63834	17.35803	12	0	24	0	0	0.005	14	7	999	32	1	0.2	157	1400	275	0	0	0	1	1	0	0	1		33	0		
2019-05-01 19:00:00	57.63441	17.36199	12	0	25	0	0	0.005	13.9	7	999	32	1	0.3	152	1400	275	0	0	0	0	1	1	0	1		27	0		
2019-05-01 19:30:00	57.63042	17.3658	13	0	26	0	0	0.005	13.9	7	999	32	1	0.3	153	1700	275	1	0	0	0	0	1	0	1		23	0		
2019-05-01 20:00:00	57.62994	17.37228	40	0	27	0	0	0.005	13.8	7	998	32	1	0.2	98	2100	290	0	1	0	0	0	0	0	1	423	105	308		
2019-05-01 20:30:00	57.62877	17.3739	12	0	28	0	0	0.005	13.8	7	998	32	1	0.1	143	2200	345	0	0	1	0	0	0	0	1		127	92		
2019-05-01 21:00:00	57.62727	17.36016	12	0	29	0	5	0.005	13.8	7	998	32	1	0.5	259	-800	345	2	0	0	1	0	0	0	1		7	0		
2019-05-01 21:30:00	57.61941	17.35746	13	0	0	0	0	0.005	13.8	7	997	32	1	0.5	190	1500	345	1	2	0	0	1	0	0	1	23	47			
2019-05-01 22:00:00	57.61359	17.35995	13	0	1	0	0	0.005	13.7	7	997	32	1	0.4	167	2000	345	1	1	2	0	0	1	0	1	0	111			
2019-05-01 22:30:00	57.61041	17.35683	12	0	2	0	0	0.005	13.7	7	997	32	1	0.2	208	2400	345	1	1	1	2	0	0	0	1	18	152			
2019-05-01 23:00:00	57.61143	17.3523	14	0	3	0	0	0.005	13.7	7	996	32	1	0.2	293	2400	345	1	1	1	1	2	0	0	1	9	134			
2019-05-01 23:30:00	57.61308	17.34834	13	0	4	0	0	0.005	13.7	7	995	32	1	0.2	308	2400	345	1	1	1	1	1	2	0	1	0	167			
2019-05-02 00:00:00	57.615	17.34438	40	0	5	0	0	0.005	13.6	6	995	32	1	0.2	312	2300	345	1	1	1	1	1	1	0	1	43	136			
2019-05-02 00:30:00	57.61794	17.33595	12	0	6	0	0	0.005	13.6	6	994	32	1	0.3	303	2500	345	1	1	1	1	1	1	0	1	0	33			
2019-05-02 01:00:00	57.62235	17.32542	13	0	7	0	0	0.005	13.6	6	993	32	1	0.4	308	-2900	345	3	1	1	1	1	1	0	1	0	0			
2019-05-02 01:30:00	57.62682	17.34099	41	0	8	0	0	0.005	13.6	6	993	32	1	0.6	62	-1900	345	3	3	1	1	1	1	0	1		1	32		
2019-05-02 02:00:00	57.63237	17.35719	13	0	9	0	0	0.005	13.6	7	992	32	1	0.6	57	-900	345	3	3	3	1	1	1	0	1		0	0		
2019-05-02 02:30:00	57.63435	17.38212	12	0	10	0	0	0.005	13.6	7	991	32	1	0.8	82	-200	345	3	3	3	3	1	1	0	1		0	0		
2019-05-02 03:00:00	57.63126	17.40459	12	0	11	0	0	0.005	13.6	7	991	32	1	0.8	104	600	345	0	3	3	3	3	1	0	1		0	0		
2019-05-02 03:30:00	57.62046	17.40561	12	0	12	0	0	0.005	13.6	7	990	32	1	0.7	177	1800	345	1	0	3	3	3	3	0	1		0	0		
2019-05-02 04:00:00	57.62946	17.39595	40	0	13	0	0	0.005	13.6	7	990	32	1	0.6	330	600	255	2	1	0	3	3	3	0	1	28	2			
2019-05-02 04:30:00	57.64584	17.40837	41	0	14	0	0	0.005	13.7	7	989	32	1	1.1	22	-700	255	3	2	1	0	3	3	0	1	0	0			
2019-05-02 05:00:00	57.63846	17.43177	12	0	15	0	0	0.005	13.9	7	989	32	1	0.9	120	600	255	2	3	2	1	0	3	0	1		0	10		
2019-05-02 05:30:00	57.6516	17.44671	12	0	16	0	0	0.005	13.9	7	988	32	1	0.9	31	-400	255	2	2	3	2	1	0	0	1	23	0			
2019-05-02 06:00:00	57.66624	17.46189	12	0	17	0	0	0.005	13.9	7	988	32	1	1	29	-1500	255	3	2	2	3	2	1	0	1	0	0			
2019-05-02 06:30:00	57.65403	17.4747	11	0	18	0	0	0.005	13.8	7	988	32	1	0.9	151	0	275	2	3	2	2	3	2	0	1		0	6		
2019-05-02 07:00:00	57.64728	17.49297	41	0	19	0	5	0.005	13.9	7	988	32	1	0.7	125	2100	295	2	2	3	2	2	3	0	1		14	298		
2019-05-02 07:30:00	57.64194	17.51397	12	0	20	0	0	0.005	13.9	7	988	32	1	0.8	115	2700	295	2	2	2	3	2	2	0	1	376	2	443		
2019-05-02 08:00:00	57.63339	17.54097	12	0	21	0	0	0.005	13.8	7	988	32	1	1	121	3700	295	1	2	2	2	3	2	0	0	350	2	479		
2019-05-02 08:30:00	57.64134	17.55678	12	0	22	0	0	0.005	13.9	7	988	32	1	0.7	47	2800	295	2	1	2	2	2	3	0	1	0	1			
2019-05-02 09:00:00	57.64374	17.59368	16	0	23	0	0	0.005	13.8	7	988	32	1	1.2	83	2600	295	2	2	1	2	2	2	0	1	0	0			
2019-05-02 09:30:00	57.63666	17.63085	40	0	24	0	0	0.005	13.8	7	989	32	1	1.3	110	3400	295	1	2	2	1	2	2	0	0	23	0			
2019-05-02 10:00:00	57.64113	17.6457	12	0	25	0	0	0.005	13.8	7	989	32	1	0.6	61	2900	295	2	1	2	2	1	2	0	1	0	2			
2019-05-02 10:30:00	57.63726	17.67003	12	0	26	0	5	0.005	13.9	7	989	32	1	0.8	106	-3000	295	3	2	1	2	2	1	0	1	0	1			
2019-05-02 11:00:00	57.62265	17.68707	12	0	27	0	0	0.005	13.8	7	990	32	1	1.1	148	-2700	290	3	3	2	1	2	2	0	1		1	11		
2019-05-02 11:30:00	57.60705	17.69829	14	0	28	0	0	0.005	13.8	7	989	32	1	1	159	-2000	290	3	3	3	2	1	2	0	1		0	0		
2019-05-02 12:00:00	57.58989	17.70597	40	0	29	0	0	0.005	13.9	7	990	32	1	1.1	167	-1100	290	3	3	3	3	2	1	0	1		0	0		
2019-05-02 12:30:00	57.57213	17.70312	13	0	0	0	0	0.005	13.9	7	990	32	1	1.1	185	300	290	2	3	3	3	3	2	0	1		0	0		
2019-05-02 13:00:00	57.56586	17.72931	13	0	1	0	0	0.005	13.8	7	990	32	2	0.9	114	-400	325	2	2	3	3	3	3	0	1	29	6			
2019-05-02 13:30:00	57.56031	17.75016	41	0	2	0	0	0.005	13.9	8	990	32	1	0.8	116	-1000	325	3	2	2	3	3	3	0	1	16	8			
2019-05-02 14:00:00	57.55521	17.76555	12	0	3	0	0	0.005	13.8	8	991	32	1	0.6	122	-1300	5	3	3	2	2	3	3	0	1		11	33		
2019-05-02 14:30:00	57.5505	17.78502	13	0	4	0	0	0.005	13.8	9	991	31	1	0.7	114	-1800	5	2	3	3	2	2	3	0	1		1	0		
2019-05-02 15:00:00	57.5526	17.80188	13	0	5	0	0	0.005	13.9	8	991	31	1	0.6	77	-2700	260	0	2	3	3	2	2	0	1	9	7			
2019-05-02 15:30:00	57.54555	17.7834	13	0	6	0	0	0.005	13.8	8	991	31	1	0.8	235	-1400	260	3	0	2	3	3	2	0	1		0	11		
2019-05-02 16:00:00	57.52773	17.76525	40	0	7	0	0	0.005	13.8	8	992	31	1	1.2	209	700	260	2	3	0	2	3	3	0	1		0	0		
2019-05-02 16:30:00	57.53283	17.79336	11	0	8	0	0	0.005	13.9	7	992	32	1	1	71	-900	320	3	2	3	0	2	3	0	1	14	2			
2019-05-02 17:00:00	57.51882	17.77908	12	0	9	0	0	0.005	13.9	7	992	32	1	1	209	800	320	2	3	2	3	0	2	0	1		0	13		
2019-05-02 17:30:00	57.51369	17.79657	11	0	10	0	0	0.005	13.9	7	992	32	1	0.7	119	300	335	2	2	3	2	3	0	0	1	75	31			
2019-05-02 18:00:00	57.51012	17.82306	11	0	11	0	0	0.005	13.9	6	993	32	1	0.9	104	-600	335	2	2	2	3	2	3	0	1	27	4			
2019-05-02 18:30:00	57.50379	17.84661	13	0	12	0	0	0.005	13.9	6	993	32	1	0.9	117	-1200	335	3	2	2	2	3	2	0	1	0	0			
2019-05-02 19:00:00	57.48831	17.84784	13	0	13	0	0	0.005	13.9	6	994	32	1	1	178	-100	325	2	3	2	2	2	3	0	1		3	30		
2019-05-02 19:30:00	57.49173	17.87889	41	0	14	0	0	0.005	13.8	6	994	32	1	1	78	-1800	310	3	2	3	2	2	2	0	1	22	1			
2019-05-02 21:00:00	57.48453	17.92314	13	0	17	0	0	0.005	13.7	6	995	32	1	1.3	93	-3300	340	3	2	2	3	2	3	0	1	0	1			
2019-05-02 21:30:00	57.47421	17.89242	12	0	18	0	0	0.005	13.7	6	996	32	1	1.2	238	-1100	345	2	3	2	2	3	2	0	1		0	19		
2019-05-02 22:00:00	57.46998	17.92731	40	0	19	0	4	0.005	13.7	6	996	32	1	1.2	103	0	350	3	2	3	2	2	3	0	1	20	4			
2019-05-02 22:30:00	57.45876	17.89377	11	0	20	0	0	0.005	13.7	7	996	32	1	1.3	238	2100	350	2	3	2	3	2	2	0	1		0	3		
2019-05-02 23:00:00	57.45417	17.92722	12	0	21	0	0	0.005	13.6	6	997	32	1	1.1	104	200	350	2	2	3	2	3	2	0	1	17	1			
2019-05-02 23:30:00	57.4497	17.96343	11	0	22	0	0	0.005	13.7	7	997	32	1	1.2	103	-1900	350	3	2	2	3	2	3	0	1	0	1			
2019-05-03 00:00:00	57.43446	17.93211	11	0	23	0	0	0.005	13.6	7	997	32	1	1.4	228	200	345	3	3	2	2	3	2	0	1		0	18		
2019-05-03 00:30:00	57.42288	17.89674	12	0	24	0	0	0.005	13.6	7	998	32	1	1.4	239	2500	345	2	3	3	2	2	3	0	1		0	0		
2019-05-03 01:00:00	57.41295	17.92629	15	0	25	0	0	0.005	13.6	7	998	32	1	1.2	122	900	355	2	2	3	3	2	2	0	1	16	0			
2019-05-03 01:30:00	57.40341	17.95716	40	0	26	0	0	0.005	13.6	7	998	32	1	1.2	120	-800	355	3	2	2	3	3	2	0	1	0	1			
2019-05-03 02:00:00	57.39204	17.92635	13	0	27	0	0	0.005	13.6	7	999	32	1	1.3	236	1200	355	2	3	2	2	3	3	0	1		0	10		
2019-05-03 02:30:00	57.38109	17.94894	13	0	28	0	0	0.005	13.6	6	999	32	1	1	132	0	360	2	2	3	2	2	3	0	1	26	0			
2019-05-03 03:00:00	57.37131	17.97573	41	0	29	0	0	0.005	13.6	6	999	32	1	1.1	124	-1400	360	3	2	2	3	2	2	0	1	0	0			
2019-05-03 03:30:00	57.3582	17.95416	13	0	0	0	0	0.005	13.6	7	999	32	1	1.1	222	100	350	2	3	2	2	3	2	0	1		0	13		
2019-05-03 04:30:00	57.33687	17.9646	14	0	2	0	0	0.005	13.7	7	1000	32	3	0.8	207	-200	350	3	3	2	3	2	2	0	1		1	22		
2019-05-03 05:00:00	57.32268	17.95119	13	0	3	0	0	0.005	14	7	1001	32	1	1	207	800	350	2	3	3	2	3	2	0	1		0	0		
2019-05-03 05:30:00	57.32127	17.97468	41	0	4	0	0	0.005	13.8	7	1001	32	1	0.8	96	-600	325	0	2	3	3	2	3	0	1	15	0			
2019-05-03 06:00:00	57.31629	17.96346	12	0	5	0	0	0.005	13.8	7	1001	32	1	0.5	231	200	325	1	0	2	3	3	2	0	1		4	6		
2019-05-03 06:30:00	57.32391	17.97099	13	0	6	0	0	0.005	13.9	7	1001	32	1	0.5	28	-400	310	0	1	0	2	3	3	0	1	28	7			
2019-05-03 06:45:00	57.32151	17.96901	13	0	7	0	6	0.005	13.9	7	1002	32	1	0.3	204	-700	295	3	0	1	0	2	3	0	1	363	9	18		
2019-05-03 07:00:00	57.31689	17.97441	13	0	8	0	0	0.005	13.8	7	1002	32	1	0.7	148	-400	295	3	3	0	1	0	2	0	1	395	1	1		
2019-05-03 07:15:00	57.31362	17.98317	13	0	9	0	0	0.005	13.9	7	1002	32	1	0.7	125	-300	295	3	3	3	0	1	0	0	1	370	2	19		
2019-05-03 07:30:00	57.30882	17.99418	13	0	10	0	0	0.005	13.9	7	1002	32	1	0.9	129	-200	295	3	3	3	3	0	1	0	1	398	0	0		
2019-05-03 07:45:00	57.30525	18.00804	16	0	11	0	0	0.005	13.9	7	1002	32	2	1	115	-300	295	3	3	3	3	3	0	0	1	390	0	0		
2019-05-03 08:00:00	57.30057	18.02175	40	0	12	0	0	0.005	13.8	7	1002	32	1	1.1	122	-300	295	3	3	3	3	3	3	0	1	397	0	0		
2019-05-03 08:10:00	57.29772	18.02997	13	0	13	0	1	0.005	13.9	7	1002	32	1	1	123	-200	295	3	3	3	3	3	3	0	1	234	0	0		
2019-05-03 08:20:00	57.2958	18.03876	12	0	14	0	0	0.005	13.9	7	1002	32	1	0.9	112	-300	295	3	3	3	3	3	3	0	1	249	0	0		
2019-05-03 08:30:00	57.29352	18.04824	12	0	15	0	0	0.005	13.8	7	1002	32	2	1	114	-400	295	0	3	3	3	3	3	0	1	235	0	0		
2019-05-03 08:40:00	57.29091	18.05139	13	0	16	0	0	0.005	13.8	7	1002	32	1	0.6	147	-300	295	0	0	3	3	3	3	0	1	206	21	19		
2019-05-03 08:45:00	57.28932	18.05193	13	0	17	0	1	0.005	13.8	7	1002	32	1	0.6	169	-400	295	1	0	0	3	3	3	0	1	95	0	0		
2019-05-03 08:50:00	57.29055	18.05142	12	0	18	0	2	0.005	13.9	7	1002	32	1	0.5	347	-300	260	1	1	0	0	3	3	0	1	18	0	80		
2019-05-03 08:55:00	57.29253	18.05013	13	0	19	0	0	0.005	13.9	7	1002	32	1	0.8	340	-400	260	0	1	1	0	0	3	0	1	0	0	100		
2019-05-03 09:00:00	57.2916	18.05133	12	0	20	0	0	0.005	13.8	7	1002	32	1	0.4	144	-400	245	0	0	1	1	0	0	0	1	79	0	18		
2019-05-03 09:05:00	57.28989	18.05244	12	0	21	0	0	0.005	13.8	7	1002	32	1	0.7	161	-400	245	1	0	0	1	1	0	0	1	102	0	0		
2019-05-03 09:10:00	57.29109	18.05253	13	0	22	0	0	0.005	13.9	7	1002	32	1	0.4	2	-400	260	1	1	0	0	1	1	0	1	22	0	76		
2019-05-03 09:15:00	57.2928	18.0522	13	0	23	0	0	0.005	13.9	7	1002	32	1	0.6	354	-500	260	0	1	1	0	0	1	0	1	0	0	101		
2019-05-03 09:20:00	57.29208	18.05214	13	0	24	0	0	0.005	13.9	8	1002	32	1	0.3	183	-400	265	0	0	1	1	0	0	0	1	74	0	18		
2019-05-03 09:25:00	57.29067	18.05175	14	0	25	0	0	0.005	13.8	8	1002	32	1	0.5	188	-400	265	0	0	0	1	1	0	0	1	95	0	0		
2019-05-03 09:30:00	57.28926	18.05106	13	0	26	0	0	0.005	13.8	8	1002	32	1	0.5	195	-300	265	1	0	0	0	1	1	0	1	99	1	0		
2019-05-03 09:35:00	57.28983	18.05175	13	0	27	0	0	0.005	13.8	8	1002	32	1	0.3	34	-400	290	0	1	0	0	0	1	0	1	22	3	71		
2019-05-03 09:40:00	57.28911	18.05196	14	0	28	0	0	0.005	13.8	8	1002	32	1	0.3	171	-400	280	1	0	1	0	0	0	0	1	74	0	25		
2019-05-03 09:45:00	57.28986	18.05304	13	0	29	0	0	0.005	13.8	8	1002	32	1	0.3	38	-400	290	0	1	0	1	0	0	0	1	23	1	72		
2019-05-03 09:50:00	57.28866	18.05325	41	0	0	0	0	0.005	13.9	8	1002	32	1	0.4	174	-500	285	1	0	1	0	1	0	0	1	73	0	25		
2019-05-03 09:55:00	57.28914	18.05424	12	0	1	0	0	0.005	13.9	8	1002	32	1	0.3	49	-500	285	0	1	0	1	0	1	0	1	27	0	52		
2019-05-03 10:00:00	57.28845	18.05481	11	0	2	0	1	0.005	13.8	8	1003	32	1	0.3	156	-600	285	1	0	1	0	1	0	0	1	77	1	21		
2019-05-03 10:05:00	57.28695	18.05421	11	0	3	0	0	0.005	13.8	8	1002	32	1	0.6	192	600	285	1	0	0	1	0	1	0	1	100	0	0		
2019-05-03 10:10:00	57.2856	18.05352	12	0	4	0	0	0.005	13.9	8	1003	32	1	0.5	195	700	285	1	0	0	0	1	0	0	1	99	0	0		
2019-05-03 10:15:00	57.28449	18.0531	12	0	5	0	0	0.005	13.9	8	1002	32	1	0.4	191	800	285	1	0	0	0	0	1	0	1	101	0	0		
2019-05-03 10:20:00	57.28356	18.05298	11	0	6	0	0	0.005	13.9	8	1002	32	1	0.3	184	900	285	1	0	0	0	0	0	0	1	97	3	0		
2019-05-03 10:30:00	57.28107	18.05352	12	0	8	0	0	0.005	13.9	8	1002	32	3	0.5	173	1100	285	1	0	0	0	0	0	0	0	77	3	0		
2019-05-03 10:35:00	57.2799	18.05376	13	0	9	0	0	0.005	13.9	8	1003	32	1	0.4	174	1200	285	1	0	0	0	0	0	0	0	102	1	0		
2019-05-03 10:40:00	57.27864	18.05412	12	0	10	0	1	0.005	13.8	8	1003	32	2	0.5	171	1400	285	1	0	0	0	0	0	0	0	84	0	0		
2019-05-03 10:50:00	57.27663	18.0549	13	0	11	0	0	0.005	13.8	8	1003	32	1	0.4	168	1600	285	1	0	0	0	0	0	0	0	244	5	0		
2019-05-03 11:00:00	57.27426	18.05676	12	0	12	0	0	0.005	13.8	8	1003	32	1	0.5	157	1900	285	1	0	0	0	0	0	0	0	234	16	0		
2019-05-03 11:10:00	57.27207	18.05847	12	0	13	0	0	0.005	13.9	8	1003	32	1	0.4	157	2200	285	1	0	0	0	0	0	0	0	232	16	0		
2019-05-03 11:20:00	57.26913	18.05946	13	0	14	0	0	0.005	13.9	8	1003	32	1	0.6	170	2500	285	1	0	0	0	0	0	0	0	244	1	0		
2019-05-03 11:30:00	57.2652	18.0594	14	0	15	0	0	0.005	13.9	8	1002	32	1	0.7	181	2900	285	1	0	0	0	0	0	0	0	244	3	0		
2019-05-03 11:40:00	57.26268	18.06033	13	0	16	0	0	0.005	13.8	8	1003	32	1	0.5	169	3200	285	1	0	0	0	0	0	0	0	240	8	0		
2019-05-03 11:45:00	57.26187	18.06072	13	0	17	0	1	0.005	13.8	8	1003	32	1	0.3	165	3300	285	1	0	0	0	0	0	0	0	89	11	0		
2019-05-03 12:00:00	57.25833	18.06429	40	0	18	0	0	0.005	13.8	8	1003	32	1	0.5	152	3700	285	1	0	0	0	0	0	0	0	380	11	0		
2019-05-03 12:15:00	57.25356	18.06882	12	0	19	0	0	0.005	13.8	9	1003	32	1	0.7	153	4300	285	1	0	0	0	0	0	0	0	376	10	0		
2019-05-03 12:30:00	57.2481	18.07488	12	0	20	0	0	0.005	13.9	9	1003	32	2	0.8	149	5000	285	1	0	0	0	0	0	0	0	384	0	0		
2019-05-03 12:45:00	57.24231	18.07908	13	0	21	0	0	0.005	13.9	9	1003	32	1	0.8	159	5700	285	1	0	0	0	0	0	0	0	391	0	0		
2019-05-03 13:00:00	57.23724	18.08454	11	0	22	0	0	0.005	13.8	9	1003	32	2	0.7	150	6300	285	1	0	0	0	0	0	0	0	383	0	0		
2019-05-03 13:15:00	57.23967	18.07596	13	0	23	0	1	0.005	13.8	9	1003	32	1	0.6	298	5900	225	2	1	0	0	0	0	0	0	20	1	373		
2019-05-03 13:30:00	57.24159	18.06438	12	0	24	0	0	0.005	13.9	9	1003	32	1	0.8	287	5500	225	2	1	1	0	0	0	0	0	0	0	399		
2019-05-03 13:45:00	57.24342	18.05508	13	0	25	0	0	0.005	13.8	9	1003	32	1	0.7	290	5200	225	2	1	1	1	0	0	0	0	0	0	400		
2019-05-03 14:00:00	57.24435	18.04509	11	0	26	0	0	0.005	13.8	9	1003	32	1	0.7	280	5100	225	2	1	1	1	1	0	0	0	0	1	396		
2019-05-03 14:15:00	57.24465	18.03444	14	0	27	0	0	0.005	13.8	9	1003	32	1	0.7	273	5100	225	2	1	1	1	1	1	0	0	0	0	398		
2019-05-03 14:30:00	57.24471	18.02259	12	0	28	0	0	0.005	13.9	9	1002	32	2	0.8	271	5300	225	2	1	1	1	1	1	0	0	0	0	386		
2019-05-03 14:40:00	57.24936	18.01767	41	0	29	0	8	0.005	13.8	9	1002	32	1	0.9	330	-1300	225	0	2	1	1	1	1	0	1	0	0	250		
2019-05-03 15:00:00	57.2454	18.02895	12	0	0	0	0	0.005	13.8	9	1002	32	1	0.7	123	-2000	225	1	0	2	1	1	1	0	1		0	13		
2019-05-03 15:20:00	57.2469	18.01482	12	0	1	0	0	0.005	13.9	8	1002	32	1	0.7	281	-1200	200	0	1	0	2	1	1	0	1	19	1			
2019-05-03 15:40:00	57.24075	18.02358	41	0	2	0	0	0.005	13.9	8	1002	32	1	0.7	142	-1700	210	0	0	1	0	2	1	0	1		0	16		
2019-05-03 16:00:00	57.23379	18.03345	13	0	3	0	0	0.005	13.8	8	1002	32	1	0.8	142	-2400	210	1	0	0	1	0	2	0	1		6	0		
2019-05-03 16:20:00	57.23826	18.02235	12	0	4	0	0	0.005	13.9	8	1002	32	1	0.7	307	-1700	225	0	1	0	0	1	0	0	1	20	4			
2019-05-03 16:40:00	57.23109	18.03132	15	0	5	0	0	0.005	13.9	8	1002	32	1	0.8	146	-2200	225	0	0	1	0	0	1	0	1		0	16		
2019-05-03 17:00:00	57.22455	18.04248	13	0	6	0	1	0.005	13.9	8	1002	32	1	0.8	137	-3000	225	1	0	0	1	0	0	0	1	508	8	23		
2019-05-03 17:20:00	57.21567	18.05247	13	0	7	0	0	0.005	14	8	1002	32	1	1	149	-3600	225	1	0	0	0	1	0	0	1		0	0		
2019-05-03 17:40:00	57.21825	18.03795	14	0	8	0	1	0.005	14	8	1001	32	1	0.8	288	-2700	220	1	1	0	0	0	1	0	1	21	0			
2019-05-03 18:00:00	57.22164	18.02496	40	0	9	0	0	0.005	13.9	8	1002	32	1	0.7	296	-1900	220	0	1	1	0	0	0	0	1	0	0			
2019-05-03 18:20:00	57.22746	18.01578	12	0	10	0	0	0.005	13.9	8	1001	32	1	0.7	319	-1300	220	0	1	1	1	0	0	0	1	0	3			
2019-05-03 18:40:00	57.23154	18.0072	12	0	11	0	0	0.005	13.9	8	1002	32	1	0.6	311	-800	220	0	1	1	1	1	0	0	1	0	5			
2019-05-03 19:00:00	57.22962	18.01296	12	0	12	0	1	0.005	13.9	8	1002	32	1	0.3	122	-1200	220	0	0	1	1	1	1	0	1	508	6	28		
2019-05-03 19:20:00	57.2259	18.02073	12	0	13	0	0	0.005	13.8	8	1002	32	1	0.5	132	-1600	220	0	0	0	1	1	1	0	1		2	0		
2019-05-03 19:40:00	57.22152	18.03093	12	0	14	0	0	0.005	13.8	8	1001	32	1	0.7	128	-2300	220	0	0	0	0	1	1	0	1		0	0		
2019-05-03 20:00:00	57.21387	18.04005	11	0	15	0	0	0.005	13.8	8	1001	32	2	0.8	147	-2900	220	1	0	0	0	0	1	0	1		0	0		
2019-05-03 20:20:00	57.20982	18.05115	13	0	16	0	0	0.005	13.8	8	1001	32	1	0.7	124	-3600	220	1	0	0	0	0	0	0	1		0	0		
2019-05-03 20:40:00	57.20571	18.0606	14	0	17	0	0	0.005	13.7	8	1001	32	1	0.6	129	-4200	220	1	0	0	0	0	0	0	1		1	0		
2019-05-03 21:00:00	57.20109	18.07074	14	0	18	0	0	0.005	13.7	8	1001	32	1	0.7	130	-4800	220	1	0	0	0	0	0	0	0		0	0		
2019-05-03 21:20:00	57.19626	18.07956	13	0	19	0	0	0.005	13.7	8	1001	32	1	0.6	135	-5400	220	1	0	0	0	0	0	0	0		0	0		
2019-05-03 21:40:00	57.19191	18.08838	41	0	20	0	0	0.005	13.7	8	1001	32	1	0.6	132	-5900	220	1	0	0	0	0	0	0	0		0	0		
2019-05-03 22:00:00	57.1974	18.08082	12	0	21	0	1	0.005	13.7	8	1001	32	1	0.7	323	-5400	230	1	1	0	0	0	0	0	0	17	1			
2019-05-03 22:20:00	57.20277	18.07428	11	0	22	0	0	0.005	13.7	8	1001	32	1	0.6	327	-5000	230	1	1	1	0	0	0	0	0	0	6			
2019-05-03 22:40:00	57.2088	18.06729	11	0	23	0	0	0.005	13.7	8	1001	32	1	0.7	328	-4500	230	1	1	1	1	0	0	0	0	0	5			
2019-05-03 23:00:00	57.2136	18.05997	12	0	24	0	2	0.005	13.6	8	1001	32	1	0.6	320	-4100	230	1	1	1	1	1	0	0	1	0	11			
2019-05-03 23:30:00	57.22029	18.04629	13	0	25	0	0	0.005	13.6	8	1001	33	1	0.6	312	-3200	230	1	1	1	1	1	1	0	1	0	6			
2019-05-04 00:00:00	57.22602	18.03249	40	0	26	0	0	0.005	13.6	8	1001	32	1	0.6	308	-2300	230	0	1	1	1	1	1	0	1	0	4			
2019-05-04 00:30:00	57.21705	18.03945	12	0	27	0	0	0.005	13.6	7	1000	32	1	0.6	157	-2800	235	0	0	1	1	1	1	0	1		3	20		
2019-05-04 01:00:00	57.2091	18.04629	12	0	28	0	0	0.005	13.6	7	1000	32	1	0.5	155	-3300	235	1	0	0	1	1	1	0	1		2	0		
2019-05-04 01:30:00	57.21321	18.0372	12	0	29	0	0	0.005	13.6	7	1000	32	1	0.4	310	-2700	235	0	1	0	0	1	1	0	1	36	10			
2019-05-04 02:00:00	57.20862	18.04389	13	0	0	0	0	0.005	13.6	7	1000	32	1	0.4	142	-3100	225	1	0	1	0	0	1	0	1		21	24		
2019-05-04 02:30:00	57.20952	18.03807	41	0	1	0	0	0.005	13.6	7	1000	33	1	0.2	286	-2800	220	1	1	0	1	0	0	0	1	31	95			
2019-05-04 03:00:00	57.2091	18.0348	11	0	2	0	0	0.005	13.6	7	1000	33	1	0.1	257	-2600	220	1	1	1	0	1	0	0	1	103	235	489		
2019-05-04 03:30:00	57.2049	18.02976	13	0	3	0	0	0.005	13.6	7	999	33	1	0.3	213	-2300	220	1	1	1	1	0	1	0	1	58	100			
2019-05-04 04:00:00	57.19248	18.02427	13	0	4	0	0	0.005	13.6	7	999	33	1	0.8	193	-2000	220	1	1	1	1	1	0	0	1	0	0			
2019-05-04 04:30:00	57.19632	18.01962	41	0	5	0	0	0.005	13.6	7	999	33	1	0.3	327	-1700	220	0	1	1	1	1	1	0	1	23	40			
2019-05-04 05:00:00	57.18837	18.02691	12	0	6	0	0	0.005	13.6	7	1000	32	1	0.6	154	-2200	240	0	0	1	1	1	1	0	1		15	7		
2019-05-04 05:30:00	57.18381	18.02988	12	0	7	0	0	0.005	13.7	7	1000	32	1	0.3	160	-2400	240	0	0	0	1	1	1	0	1		31	0		
2019-05-04 06:00:00	57.17715	18.03174	12	0	8	0	0	0.005	13.8	7	1000	33	1	0.4	171	-2600	240	0	0	0	0	1	1	0	1		40	7		
2019-05-04 06:30:00	57.16782	18.03312	12	0	9	0	0	0.005	13.8	8	1000	33	1	0.6	175	-2700	240	0	0	0	0	0	1	0	1		1	0		
2019-05-04 07:00:00	57.16047	18.0327	40	0	10	0	0	0.005	13.8	8	1000	32	1	0.4	182	-2700	240	0	0	0	0	0	0	0	1		6	0		
2019-05-04 07:30:00	57.15453	18.03333	12	0	11	0	0	0.005	13.8	8	1000	32	1	0.4	177	-2800	240	0	0	0	0	0	0	0	1		7	0		
2019-05-04 08:00:00	57.14829	18.03666	12	0	12	0	0	0.005	13.8	8	1001	32	1	0.4	164	-3000	240	0	0	0	0	0	0	0	1		10	0		
2019-05-04 08:30:00	57.14292	18.04356	12	0	13	0	0	0.005	13.8	8	1001	32	1	0.4	145	-3500	240	1	0	0	0	0	0	0	1		16	0		
2019-05-04 09:00:00	57.14817	18.03495	12	0	14	0	0	0.005	13.8	8	1001	33	1	0.4	318	-2900	230	0	1	0	0	0	0	0	1	29	5			
2019-05-04 09:30:00	57.14298	18.04455	13	0	15	0	0	0.005	13.8	8	1001	32	1	0.5	135	-3600	225	1	0	1	0	0	0	0	1		10	18		
2019-05-04 10:00:00	57.14778	18.03603	40	0	16	0	0	0.005	13.8	9	1001	32	1	0.4	316	-3000	225	1	1	0	1	0	0	0	1	27	15			
2019-05-04 10:30:00	57.15324	18.02235	12	0	17	0	0	0.005	13.8	9	1002	32	1	0.6	306	-2200	225	0	1	1	0	1	0	0	1	0	8			
2019-05-04 11:00:00	57.14736	18.02997	11	0	18	0	0	0.005	13.8	9	1002	32	1	0.4	145	-2700	225	0	0	1	1	0	1	0	1		7	19		
2019-05-04 11:30:00	57.14181	18.03936	11	0	19	0	0	0.005	13.8	9	1002	32	1	0.5	138	-3200	225	1	0	0	1	1	0	0	1		11	0		
2019-05-04 12:00:00	57.14742	18.0318	12	0	20	0	0	0.005	13.8	9	1003	32	1	0.4	324	-2800	230	0	1	0	0	1	1	0	1	34	5			
2019-05-04 12:30:00	57.14139	18.03567	12	0	21	0	0	0.005	13.8	9	1003	32	1	0.4	161	-3000	240	0	0	1	0	0	1	0	1		5	25		
2019-05-04 13:00:00	57.13431	18.03333	12	0	22	0	0	0.005	13.9	9	1003	32	2	0.4	190	-2900	240	0	0	0	1	0	0	0	1		3	0		
2019-05-04 13:30:00	57.12537	18.024	41	0	23	0	0	0.005	13.8	9	1004	32	1	0.6	210	-2400	240	0	0	0	0	1	0	0	1		0	0		
2019-05-04 14:00:00	57.11805	18.01296	12	0	24	0	0	0.005	13.9	9	1004	32	1	0.6	219	-1800	240	0	0	0	0	0	1	0	1		1	0		
2019-05-04 14:30:00	57.11025	17.99553	13	0	25	0	0	0.005	13.8	9	1004	32	1	0.8	231	-800	240	0	0	0	0	0	0	0	1		0	0		
2019-05-04 15:00:00	57.10425	17.97846	12	0	26	0	0	0.005	13.9	8	1004	32	1	0.7	237	200	240	0	0	0	0	0	0	0	1		1	0		
2019-05-04 15:30:00	57.10014	17.96283	11	0	27	0	0	0.005	13.9	8	1005	32	1	0.6	244	1100	240	3	0	0	0	0	0	0	1		4	0		
2019-05-04 16:00:00	57.08562	17.94456	40	0	28	0	0	0.005	13.8	8	1005	32	1	1.1	214	2100	240	3	3	0	0	0	0	0	1		0	0		
2019-05-04 16:30:00	57.07455	17.92326	12	0	29	0	0	0.005	13.9	8	1006	32	1	1	226	3400	240	2	3	3	0	0	0	0	1		0	0		
2019-05-04 17:00:00	57.06552	17.93394	12	0	0	0	0	0.005	13.9	8	1006	32	1	0.7	147	2700	355	2	2	3	3	0	0	0	1	46	1			
2019-05-04 17:30:00	57.05607	17.94864	12	0	1	0	0	0.005	13.8	8	1006	32	2	0.8	140	1700	355	2	2	2	3	3	0	0	1	15	0			
2019-05-04 18:00:00	57.04842	17.96955	12	0	2	0	0	0.005	14	8	1007	32	1	0.8	124	400	355	3	2	2	2	3	3	0	1	25	3			
2019-05-04 18:30:00	57.03168	17.96109	14	0	3	0	0	0.005	13.9	7	1007	32	1	1.1	195	800	330	3	3	2	2	2	3	0	1		1	11		
2019-05-04 19:00:00	57.015	17.95305	14	0	4	0	0	0.005	13.9	7	1007	32	1	1.1	195	1200	330	3	3	3	2	2	2	0	1		0	0		
2019-05-04 19:30:00	57.00072	17.94456	41	0	5	0	0	0.005	13.9	7	1008	32	1	0.9	198	1700	330	2	3	3	3	2	2	0	1		0	0		
2019-05-04 20:00:00	56.99532	17.96454	11	0	6	0	0	0.005	13.8	7	1008	32	2	0.8	116	400	330	3	2	3	3	3	2	0	1	18	1			
2019-05-04 20:30:00	56.98086	17.95989	12	0	7	0	0	0.005	13.8	7	1009	33	2	0.9	190	600	325	3	3	2	3	3	3	0	1		3	17		
2019-05-04 21:30:00	56.95299	17.94792	14	0	9	0	0	0.005	13.7	7	1009	32	3	0.9	193	1200	325	3	3	3	3	2	3	0	1		0	0		
2019-05-04 22:00:00	56.93982	17.94672	40	0	10	0	0	0.005	13.7	7	1009	32	1	0.8	183	1200	325	3	3	3	3	3	2	0	1		0	0		
2019-05-04 22:30:00	56.92602	17.94549	12	0	11	0	0	0.005	13.7	7	1009	32	1	0.9	183	1200	325	3	3	3	3	3	3	0	1		0	0		
2019-05-04 23:00:00	56.91351	17.94819	11	0	12	0	0	0.005	13.7	7	1009	32	1	0.8	173	1000	325	3	3	3	3	3	3	0	1		0	0		
2019-05-04 23:30:00	56.9013	17.9535	12	0	13	0	0	0.005	13.7	6	1010	32	1	0.8	167	600	325	3	3	3	3	3	3	0	1		0	0		
2019-05-05 00:00:00	56.88849	17.95917	11	0	14	0	0	0.005	13.6	6	1010	32	1	0.8	166	100	325	3	3	3	3	3	3	0	1		0	0		
2019-05-05 00:30:00	56.87664	17.96733	12	0	15	0	0	0.005	13.6	6	1010	32	2	0.8	159	-400	325	0	3	3	3	3	3	0	1		0	0		
2019-05-05 01:00:00	56.86869	17.95941	13	0	16	0	0	0.005	13.6	6	1010	32	1	0.6	209	600	325	1	0	3	3	3	3	0	1		2	0		
2019-05-05 01:30:00	56.87679	17.96112	40	0	17	0	5	0.005	13.6	7	1010	32	1	0.5	7	300	290	0	1	0	3	3	3	0	1	26	7			
2019-05-05 02:00:00	56.8704	17.95818	12	0	18	0	0	0.005	13.6	7	1011	32	1	0.4	194	-100	280	0	0	1	0	3	3	0	1		27	54		
2019-05-05 02:30:00	56.86332	17.95521	12	0	19	0	0	0.005	13.6	7	1011	32	1	0.4	193	-500	280	0	0	0	1	0	3	0	1		8	0		
2019-05-05 03:00:00	56.85552	17.95647	12	0	20	0	0	0.005	13.6	7	1011	32	1	0.5	175	-1200	280	0	0	0	0	1	0	0	1		9	0		
2019-05-05 03:30:00	56.84814	17.95893	12	0	21	0	0	0.005	13.7	7	1011	32	1	0.5	170	-1900	280	0	0	0	0	0	1	0	1		11	0		
2019-05-05 04:00:00	56.83881	17.96316	40	0	22	0	0	0.005	13.9	7	1011	32	1	0.6	166	-2800	280	0	0	0	0	0	0	0	1		14	0		
2019-05-05 04:30:00	56.83008	17.96709	14	0	23	0	0	0.005	13.8	7	1011	32	2	0.6	166	-3700	280	1	0	0	0	0	0	0	1		2	0		
2019-05-05 05:00:00	56.83974	17.96187	13	0	24	0	0	0.005	13.9	7	1011	32	2	0.6	344	-2700	255	1	1	0	0	0	0	0	1	22	2			
2019-05-05 05:30:00	56.84901	17.95677	41	0	25	0	0	0.005	13.8	7	1012	32	1	0.6	343	-1700	255	0	1	1	0	0	0	0	1	0	4			
2019-05-05 06:00:00	56.84007	17.96019	11	0	26	0	0	0.005	13.8	7	1012	32	1	0.6	168	-2600	255	1	0	1	1	0	0	0	1		3	25		
2019-05-05 06:30:00	56.84652	17.95623	13	0	27	0	0	0.005	13.9	8	1012	32	1	0.4	341	-1900	255	0	1	0	1	1	0	0	1	20	3			
2019-05-05 07:00:00	56.83848	17.96268	13	0	28	0	0	0.005	13.9	8	1012	32	1	0.5	156	-2800	250	1	0	1	0	1	1	0	1		4	22		
2019-05-05 07:30:00	56.82978	17.96868	13	0	29	0	1	0.005	13.8	8	1012	32	1	0.6	159	-3700	250	1	0	0	1	0	1	0	1		8	0		
2019-05-05 08:00:00	56.82087	17.97243	40	0	0	0	0	0.005	13.8	8	1012	32	1	0.6	167	-4600	250	1	0	0	0	1	0	0	1		1	0		
2019-05-05 08:30:00	56.81229	17.97798	13	0	1	0	0	0.005	13.8	8	1013	32	2	0.6	160	-5500	250	1	0	0	0	0	1	0	0		2	0		
2019-05-05 09:00:00	56.8041	17.98284	13	0	2	0	0	0.005	13.8	7	1013	32	2	0.5	162	-6400	250	1	0	0	0	0	0	0	0		5	0		
2019-05-05 09:30:00	56.79642	17.98986	14	0	3	0	0	0.005	13.8	7	1013	32	1	0.5	154	-7300	250	2	0	0	0	0	0	0	0		29	0		
2019-05-05 10:00:00	56.78949	17.99655	40	0	4	0	0	0.005	13.8	8	1013	32	1	0.5	152	-8100	250	2	0	0	0	0	0	0	0		5	0		
2019-05-05 10:30:00	56.79564	17.9856	13	0	5	0	1	0.005	13.8	8	1013	32	1	0.5	316	-7200	235	2	1	0	0	0	0	0	0	21	1			
2019-05-05 11:00:00	56.80161	17.97228	41	0	6	0	0	0.005	13.8	8	1013	32	1	0.6	309	-6100	235	2	1	1	0	0	0	0	0	0	5			
2019-05-05 11:30:00	56.80662	17.95818	11	0	7	0	0	0.005	13.8	9	1013	32	1	0.6	303	-5100	235	2	1	1	1	0	0	0	1	0	1			
2019-05-05 12:00:00	56.8104	17.94543	12	0	8	0	0	0.005	13.8	9	1014	32	1	0.5	298	-4300	235	1	1	1	1	1	0	0	1	0	6			
2019-05-05 12:30:00	56.81409	17.931	11	0	9	0	0	0.005	13.8	9	1013	32	2	0.5	295	-3400	235	1	1	1	1	1	1	0	1	0	3			
2019-05-05 13:00:00	56.81946	17.91582	35	0	10	0	0	0.005	13.9	8	1014	32	2	0.6	303	-2300	235	1	1	1	1	1	1	0	1	0	0			
2019-05-05 13:30:00	56.82336	17.89902	12	0	11	0	0	0.005	13.8	8	1013	32	1	0.6	293	-1300	235	1	1	1	1	1	1	0	1	0	0			
2019-05-05 14:00:00	56.82564	17.88078	12	0	12	0	0	0.005	13.8	8	1013	32	1	0.6	283	-300	235	1	1	1	1	1	1	0	1	0	1			
2019-05-05 14:30:00	56.83014	17.86146	12	0	13	0	0	0.005	13.8	8	1013	32	1	0.7	293	900	235	0	1	1	1	1	1	0	1	0	3			
2019-05-05 15:00:00	56.83509	17.84331	12	0	14	0	4	0.005	13.8	8	1013	32	1	0.7	297	1000	235	1	1	1	1	1	1	0	1	0	2			
2019-05-05 15:30:00	56.83836	17.82702	43	0	15	0	0	0.005	13.8	8	1013	32	1	0.6	290	1300	235	1	1	1	1	1	1	0	1	0	8			
2019-05-05 16:00:00	56.84235	17.80896	12	0	16	0	0	0.005	13.8	8	1013	32	1	0.7	292	1700	235	1	1	1	1	1	1	0	1	0	0			
2019-05-05 16:30:00	56.84568	17.79159	12	0	17	0	0	0.005	13.9	8	1013	32	1	0.6	289	2100	235	1	1	1	1	1	1	0	1	0	0			
2019-05-05 17:00:00	56.84886	17.77182	41	0	18	0	1	0.005	13.8	7	1012	32	1	0.7	286	2400	235	1	1	1	1	1	1	0	1	0	1			
2019-05-05 17:30:00	56.8533	17.75163	11	0	19	0	0	0.005	14	7	1012	32	2	0.7	292	2800	235	1	1	1	1	1	1	0	1	0	2			
2019-05-05 18:00:00	56.85834	17.73138	11	0	20	0	0	0.005	13.9	7	1012	32	1	0.8	294	3400	235	0	1	1	1	1	1	0	1	0	0			
2019-05-05 18:30:00	56.8491	17.74797	12	0	21	0	0	0.005	13.9	7	1012	32	1	0.8	135	2400	215	1	0	1	1	1	1	0	1		0	16		
2019-05-05 19:00:00	56.85573	17.73228	13	0	22	0	0	0.005	13.8	7	1012	32	1	0.7	308	3100	220	1	1	0	1	1	1	0	1	18	8			
2019-05-05 19:30:00	56.86365	17.71659	13	0	23	0	0	0.005	13.8	7	1012	32	1	0.7	313	3900	220	0	1	1	0	1	1	0	1	0	0			
2019-05-05 20:00:00	56.85285	17.73222	40	0	24	0	0	0.005	13.8	7	1012	32	1	0.8	142	2800	230	1	0	1	1	0	1	0	1		0	15		
2019-05-05 20:30:00	56.85921	17.71722	12	0	25	0	0	0.005	13.7	7	1012	32	1	0.7	308	3400	225	1	1	0	1	1	0	0	1	18	1			
2019-05-05 21:00:00	56.8659	17.7003	12	0	26	0	4	0.005	13.7	7	1012	32	1	0.7	306	-2100	225	2	1	1	0	1	1	0	1	0	2			
2019-05-05 21:30:00	56.88312	17.70708	12	0	27	0	0	0.005	13.7	7	1012	32	1	1.1	12	-1900	225	2	2	1	1	0	1	0	1	0	0			
2019-05-05 22:00:00	56.89641	17.72076	13	0	28	0	0	0.005	13.7	7	1012	32	1	0.9	29	-1200	225	2	2	2	1	1	0	0	1	26	1			
2019-05-05 22:30:00	56.90907	17.7324	41	0	29	0	0	0.005	13.7	7	1012	32	1	0.9	27	-700	225	2	2	2	2	1	1	0	1	11	3			
2019-05-05 23:00:00	56.9235	17.73957	11	0	0	0	0	0.005	13.6	7	1012	32	1	0.9	15	-400	225	2	2	2	2	2	1	0	1	0	0			
2019-05-05 23:30:00	56.93817	17.74101	11	0	1	0	0	0.005	13.6	7	1012	32	1	0.9	3	-500	225	2	2	2	2	2	2	0	1	0	0			
2019-05-06 00:00:00	56.95338	17.74014	12	0	2	0	0	0.005	13.6	7	1012	32	1	0.9	358	-800	225	2	2	2	2	2	2	0	1	0	0			
2019-05-06 00:30:00	56.96916	17.74686	13	0	3	0	0	0.005	13.6	7	1012	32	1	1	13	-600	225	2	2	2	2	2	2	0	1	0	0			
2019-05-06 01:00:00	56.98347	17.7564	13	0	4	0	0	0.005	13.6	7	1012	32	1	0.9	20	-200	225	2	2	2	2	2	2	0	1	31	0			
2019-05-06 01:30:00	56.99763	17.7663	41	0	5	0	0	0.005	13.6	7	1012	32	1	0.9	21	200	225	2	2	2	2	2	2	0	1	20	1			
2019-05-06 02:00:00	57.01344	17.77344	11	0	6	0	0	0.005	13.6	7	1012	32	1	1	14	500	225	2	2	2	2	2	2	0	1	0	0			
2019-05-06 02:30:00	57.03006	17.78289	13	0	7	0	0	0.005	13.6	7	1012	32	1	1.1	17	800	225	2	2	2	2	2	2	0	1	0	0			
2019-05-06 03:00:00	57.04785	17.78778	12	0	8	0	0	0.005	13.6	7	1012	33	1	1.1	8	900	225	2	2	2	2	2	2	0	1	0	0			
2019-05-06 03:30:00	57.06399	17.79708	12	0	9	0	0	0.005	13.6	7	1012	32	1	1	17	1200	225	2	2	2	2	2	2	0	1	0	0			
2019-05-06 04:00:00	57.07707	17.80743	40	0	10	0	0	0.005	13.9	7	1012	32	1	0.9	23	1700	225	2	2	2	2	2	2	0	1	26	2			
2019-05-06 04:30:00	57.09054	17.8131	12	0	11	0	0	0.005	13.8	7	1012	32	1	0.9	13	1900	225	2	2	2	2	2	2	0	1	0	0			
2019-05-06 05:00:00	57.10602	17.81124	13	0	12	0	0	0.005	13.8	7	1012	32	1	1	356	1600	225	2	2	2	2	2	2	0	1	0	0			
2019-05-06 05:30:00	57.12114	17.81418	12	0	13	0	0	0.005	13.9	7	1012	32	1	0.9	6	1500	225	2	2	2	2	2	2	0	1	0	0			
2019-05-06 06:00:00	57.13506	17.80974	12	0	14	0	0	0.005	13.9	7	1012	32	1	0.9	350	1100	225	2	2	2	2	2	2	0	1	0	0			
2019-05-06 06:30:00	57.15027	17.80509	41	0	15	0	0	0.005	13.8	8	1012	32	3	0.9	351	600	225	2	2	2	2	2	2	0	1	0	0			
2019-05-06 07:00:00	57.16587	17.79876	11	0	16	0	0	0.005	13.8	8	1012	32	1	1	348	0	225	2	2	2	2	2	2	0	1	0	0			
2019-05-06 07:30:00	57.18114	17.79036	13	0	17	0	0	0.005	13.8	8	1012	32	1	1	343	-600	225	2	2	2	2	2	2	0	1	0	0			
2019-05-06 08:00:00	57.19746	17.78484	12	0	18	0	0	0.005	13.8	8	1012	32	1	1	350	-1200	225	2	2	2	2	2	2	0	1	0	0			
2019-05-06 08:30:00	57.21327	17.76843	12	0	19	0	0	0.005	13.8	8	1012	32	1	1.1	331	-2400	225	2	2	2	2	2	2	0	1	0	0			
2019-05-06 09:00:00	57.22575	17.74383	11	0	20	0	0	0.005	13.8	8	1012	32	1	1.1	313	-4000	225	3	2	2	2	2	2	0	1	0	0			
2019-05-06 09:30:00	57.22221	17.77851	41	0	21	0	0	0.005	13.8	8	1011	32	1	1.2	101	-1900	205	3	3	2	2	2	2	0	1		0	11		
2019-05-06 10:00:00	57.21966	17.81643	19	0	22	0	5	0.005	13.8	8	1012	32	1	1.3	97	-2600	205	2	3	3	2	2	2	0	0		0	0		
2019-05-06 10:30:00	57.2286	17.78829	41	0	23	0	0	0.005	13.8	8	1011	32	1	1.1	300	-1100	200	1	2	3	3	2	2	0	1	16	0			
2019-05-06 11:00:00	57.22761	17.76177	12	0	24	0	0	0.005	13.8	8	1011	32	1	0.9	266	-600	200	0	1	2	3	3	2	0	1	0	10			
2019-05-06 11:30:00	57.21936	17.78613	12	0	25	0	5	0.005	13.8	8	1011	32	1	1	122	2000	195	2	0	1	2	3	3	0	1		4	17		
2019-05-06 12:00:00	57.22398	17.75475	13	0	26	0	0	0.005	13.8	8	1011	32	1	1.1	285	900	195	3	2	0	1	2	3	0	1	25	2			
2019-05-06 12:30:00	57.21897	17.78835	12	0	27	0	0	0.005	13.8	8	1011	32	1	1.2	105	2100	195	2	3	2	0	1	2	0	1		1	24		
2019-05-06 13:00:00	57.22521	17.75886	13	0	28	0	0	0.005	13.8	8	1011	32	2	1.1	291	800	200	3	2	3	2	0	1	0	1	23	3			
2019-05-06 13:30:00	57.21933	17.7927	14	0	29	0	0	0.005	13.8	8	1011	32	1	1.2	108	2100	200	2	3	2	3	2	0	0	1		0	28		
2019-05-06 14:00:00	57.22857	17.76588	40	0	0	0	0	0.005	13.9	8	1011	32	1	1	303	600	205	3	2	3	2	3	2	0	1	21	2			
2019-05-06 14:30:00	57.2241	17.80074	11	0	1	0	0	0.005	13.8	8	1010	32	1	1.2	103	1800	200	2	3	2	3	2	3	0	1		0	13		
2019-05-06 15:00:00	57.21876	17.83887	12	0	2	0	1	0.005	13.9	8	1010	32	1	1.3	104	3200	200	2	3	3	2	3	2	0	0		0	0		
2019-05-06 15:30:00	57.21792	17.87757	13	0	3	0	0	0.005	13.8	8	1010	32	1	1.3	92	4200	200	2	3	3	3	2	3	0	0		0	0		
2019-05-06 16:00:00	57.2157	17.9172	13	0	4	0	0	0.005	13.8	8	1010	32	1	1.3	96	5300	200	2	3	3	3	3	2	0	0		0	0		
2019-05-06 16:15:00	57.2163	17.93628	41	0	5	0	1	0.005	14	7	1010	32	1	1.2	87	5600	200	2	3	3	3	3	3	0	0	392	0	0		
2019-05-06 16:30:00	57.21759	17.95491	12	0	6	0	0	0.005	13.9	7	1010	32	1	1.3	83	5900	200	2	3	3	3	3	3	0	0	376	0	0		
2019-05-06 16:45:00	57.21981	17.97303	13	0	7	0	0	0.005	13.9	7	1010	32	2	1.2	77	6100	200	2	3	3	3	3	3	0	0	388	0	0		
2019-05-06 17:00:00	57.22314	17.99064	12	0	8	0	0	0.005	13.9	7	1010	32	1	1.3	71	6300	200	2	3	3	3	3	3	0	0	399	0	0		
2019-05-06 17:15:00	57.22614	18.00819	12	0	9	0	0	0.005	13.9	8	1010	32	1	1.2	72	6700	200	2	3	3	3	3	3	0	0	398	0	0		
2019-05-06 17:30:00	57.23493	17.99916	13	0	10	0	1	0.005	14.1	8	1010	32	1	1.2	331	5700	200	2	2	3	3	3	3	0	0	18	0	377		
2019-05-06 17:45:00	57.24246	17.98671	14	0	11	0	0	0.005	14	8	1010	32	2	1.2	318	4600	200	2	2	2	3	3	3	0	0	0	0	386		
2019-05-06 18:00:00	57.25041	17.97615	12	0	12	0	0	0.005	13.9	8	1010	32	1	1.2	324	3500	200	2	2	2	2	3	3	0	0	0	0	398		
2019-05-06 18:15:00	57.25923	17.96925	14	0	13	0	0	0.005	13.9	8	1010	32	2	1.2	337	2700	200	2	2	2	2	2	3	0	0	0	0	389		
2019-05-06 18:30:00	57.26829	17.96598	13	0	14	0	0	0.005	13.9	7	1010	32	1	1.1	349	2200	200	2	2	2	2	2	2	0	0	0	0	391		
2019-05-06 18:35:00	57.26949	17.96328	14	0	15	0	2	0.005	13.9	7	1010	32	1	0.7	309	2000	200	2	1	2	2	2	2	0	1	0	0	99		
2019-05-06 18:40:00	57.27069	17.95962	13	0	16	0	0	0.005	13.9	7	1010	32	1	0.9	301	1800	200	1	1	1	2	2	2	0	1	0	0	100		
2019-05-06 18:45:00	57.27207	17.95668	14	0	17	0	0	0.005	13.9	7	1010	32	1	0.8	311	1700	200	1	1	1	1	2	2	0	1	0	1	101		
2019-05-06 18:50:00	57.2736	17.95383	15	0	18	0	0	0.005	13.9	7	1010	32	1	0.8	315	1600	200	1	1	1	1	1	2	0	1	0	0	101		
2019-05-06 18:55:00	57.27504	17.95122	41	0	19	0	0	0.005	13.9	7	1010	32	1	0.7	315	-1500	200	1	1	1	1	1	1	0	1	0	1	98		
2019-05-06 19:00:00	57.27639	17.94909	11	0	20	0	0	0.005	13.8	7	1010	32	1	0.7	320	-1400	200	1	1	1	1	1	1	0	1	0	0	86		
2019-05-06 19:05:00	57.27738	17.94609	12	0	21	0	0	0.005	13.8	7	1010	32	1	0.7	301	-1400	200	1	1	1	1	1	1	0	1	0	0	101		
2019-05-06 19:10:00	57.27837	17.94243	12	0	22	0	0	0.005	13.8	7	1010	32	1	0.8	296	-1300	200	1	1	1	1	1	1	0	1	0	0	101		
2019-05-06 19:15:00	57.27951	17.93901	12	0	23	0	0	0.005	13.8	7	1010	32	1	0.8	302	-1300	200	0	1	1	1	1	1	0	1	0	0	100		
2019-05-06 19:20:00	57.28059	17.93601	11	0	24	0	4	0.005	13.8	7	1010	32	1	0.7	304	-100	200	2	1	1	1	1	1	0	1	0	0	102		
2019-05-06 19:25:00	57.2823	17.93268	12	0	25	0	0	0.005	13.8	7	1010	32	3	0.9	313	0	200	2	1	1	1	1	1	0	1	0	0	72		
2019-05-06 19:30:00	57.28365	17.92905	11	0	26	0	1	0.005	13.8	7	1010	32	1	0.9	304	-100	200	2	1	1	1	1	1	0	1	0	0	95		
2019-05-06 19:45:00	57.28746	17.9178	12	0	27	0	0	0.005	13.8	7	1010	32	1	0.9	302	-200	200	2	1	1	1	1	1	0	1	0	1	399		
2019-05-06 20:00:00	57.29124	17.90784	12	0	28	0	0	0.005	13.7	7	1010	32	1	0.8	305	-200	200	2	1	1	1	1	1	0	1	0	1	396		
2019-05-06 20:30:00	57.3036	17.91669	12	0	29	0	2	0.005	13.7	7	1010	32	1	0.8	21	1200	200	1	2	1	1	1	1	0	1	42	1			
2019-05-06 21:00:00	57.31011	17.90085	12	0	0	0	4	0.005	13.7	7	1010	32	1	0.7	307		200	1	1	2	1	1	1	0	0	0	4			
2019-05-06 21:30:00	57.31455	17.88345	11	0	1	0	0	0.005	13.7	7	1010	32	1	0.6	295		200	1	1	1	2	1	1	0	0	0	4			
2019-05-06 22:00:00	57.31935	17.86908	40	0	2	0	0	0.005	13.7	6	1010	32	1	0.6	302		200	1	1	1	1	2	1	0	0	0	5			
2019-05-06 22:30:00	57.32412	17.85915	11	0	3	0	0	0.005	13.6	6	1010	32	1	0.5	312		200	1	1	1	1	1	2	0	0	0	7			
2019-05-06 23:00:00	57.33132	17.84841	11	0	4	0	1	0.005	13.6	6	1010	32	1	0.6	321		200	0	1	1	1	1	1	0	0	0	2			
2019-05-06 23:30:00	57.31509	17.85138	12	0	5	0	0	0.005	13.6	6	1010	32	1	1	174		250	0	0	1	1	1	1	0	0		0	17		
2019-05-07 00:00:00	57.29727	17.85081	13	0	6	0	0	0.005	13.6	6	1010	32	1	1.1	181		250	0	0	0	1	1	1	0	0		1	0		
2019-05-07 00:30:00	57.28017	17.84844	41	0	7	0	0	0.005	13.6	6	1010	32	2	1	184		250	0	0	0	0	1	1	0	0		0	0		
2019-05-07 01:00:00	57.26655	17.85207	12	0	8	0	0	0.005	13.6	6	1010	32	1	0.9	172		250	0	0	0	0	0	1	0	0		14	21		
2019-05-07 01:30:00	57.2526	17.86185	12	0	9	0	0	0.005	13.6	6	1010	32	3	0.9	159		250	0	0	0	0	0	0	0	0		0	0		
2019-05-07 02:00:00	57.23838	17.87493	41	0	10	0	0	0.005	13.6	6	1010	32	1	1	154		250	0	0	0	0	0	0	0	0		0	0		
2019-05-07 02:30:00	57.22506	17.88828	12	0	11	0	0	0.005	13.6	6	1010	32	1	1	152		250	0	0	0	0	0	0	0	0		1	0		
2019-05-07 03:00:00	57.21183	17.90352	12	0	12	0	0	0.005	13.6	7	1010	32	1	1	148		250	0	0	0	0	0	0	0	0		0	0		
2019-05-07 03:30:00	57.19791	17.91609	12	0	13	0	0	0.005	13.7	6	1010	32	1	1	154		250	0	0	0	0	0	0	0	0		0	0		
2019-05-07 04:00:00	57.18216	17.92311	41	0	14	0	0	0.005	13.9	7	1010	32	1	1	166		250	0	0	0	0	0	0	0	0		2	0		
2019-05-07 04:30:00	57.16683	17.92848	15	0	15	0	0	0.005	14	7	1010	32	1	1	169		250	0	0	0	0	0	0	0	0		0	0		
2019-05-07 05:00:00	57.15141	17.93247	17	0	16	0	0	0.005	13.9	7	1010	32	1	1	172		250	0	0	0	0	0	0	0	0		0	0		
2019-05-07 05:30:00	57.13524	17.93016	15	0	17	0	0	0.005	13.9	7	1010	32	1	1	184		250	0	0	0	0	0	0	0	0		1	0		
2019-05-07 06:00:00	57.1212	17.93271	40	0	18	0	0	0.005	13.9	7	1010	32	1	0.9	174		250	0	0	0	0	0	0	0	0		0	0		
2019-05-07 06:30:00	57.10767	17.93736	12	0	19	0	0	0.005	13.9	7	1010	32	1	0.9	169		250	0	0	0	0	0	0	0	0		17	0		
2019-05-07 07:00:00	57.0936	17.94282	12	0	20	0	5	0.005	13.8	7	1010	32	1	0.9	168		250	0	0	0	0	0	0	0	0		0	0		
2019-05-07 07:30:00	57.07908	17.95137	13	0	21	0	0	0.005	13.8	7	1010	33	1	0.9	162		250	0	0	0	0	0	0	0	0		3	0		
2019-05-07 08:00:00	57.06471	17.95977	41	0	22	0	0	0.005	13.8	7	1010	32	1	0.9	162		250	0	0	0	0	0	0	0	0		4	0		
2019-05-07 08:30:00	57.04989	17.96739	12	0	23	0	0	0.005	13.8	7	1011	32	1	1	164		250	0	0	0	0	0	0	0	0		3	0		
2019-05-07 09:00:00	57.03627	17.97954	12	0	24	0	0	0.005	13.8	7	1011	32	1	0.9	154		250	0	0	0	0	0	0	0	0		0	0		
2019-05-07 09:30:00	57.02334	17.99244	14	0	25	0	0	0.005	13.9	8	1011	32	1	0.9	152		250	1	0	0	0	0	0	0	0		0	0		
2019-05-07 10:00:00	57.03033	17.97819	41	0	26	0	0	0.005	13.8	8	1011	32	1	0.6	312		235	1	1	0	0	0	0	0	0	18	1			
2019-05-07 10:30:00	57.03567	17.95821	13	0	27	0	0	0.005	13.9	8	1011	32	1	0.8	296		235	1	1	1	0	0	0	0	0	0	0			
2019-05-07 11:00:00	57.04335	17.93787	13	0	28	0	0	0.005	13.8	8	1011	32	1	0.8	305		235	1	1	1	1	0	0	0	0	0	1			
2019-05-07 11:30:00	57.05166	17.91999	13	0	29	0	0	0.005	13.8	8	1010	32	1	0.8	311		235	1	1	1	1	1	0	0	0	0	3			
2019-05-07 12:00:00	57.06012	17.8983	41	0	0	0	0	0.005	13.8	8	1011	32	1	0.9	306		235	1	1	1	1	1	1	0	0	0	0			
2019-05-07 12:30:00	57.06669	17.8779	12	0	1	0	0	0.005	13.8	8	1011	32	1	0.8	301		235	1	1	1	1	1	1	0	0	0	0			
2019-05-07 13:00:00	57.07371	17.85483	11	0	2	0	0	0.005	13.9	8	1011	32	1	0.9	299		235	1	1	1	1	1	1	0	0	0	0			
2019-05-07 13:30:00	57.06333	17.86992	12	0	3	0	1	0.005	13.8	8	1011	32	1	0.8	142		220	1	0	1	1	1	1	0	0		1	16		
2019-05-07 14:00:00	57.05157	17.88579	14	0	4	0	0	0.005	13.8	8	1011	32	1	0.9	144		220	1	0	0	1	1	1	0	0		1	0		
2019-05-07 14:30:00	57.03969	17.90073	42	0	5	0	0	0.005	13.8	8	1011	32	2	0.9	146		220	1	0	0	0	1	1	0	0		0	0		
2019-05-07 15:00:00	57.0279	17.91426	13	0	6	0	0	0.005	13.8	8	1011	32	1	0.9	148		220	1	0	0	0	0	1	0	0		0	0		
2019-05-07 15:30:00	57.01461	17.92899	47	0	7	0	0	0.005	13.8	8	1012	32	1	0.9	149		220	1	0	0	0	0	0	0	0		0	0		
2019-05-07 16:00:00	57.00312	17.94471	13	0	8	0	0	0.005	13.9	8	1011	32	2	0.9	143		220	1	0	0	0	0	0	0	0		6	0		
2019-05-07 16:30:00	56.99022	17.96094	20	0	9	0	0	0.005	13.8	8	1012	32	1	1	146		220	1	0	0	0	0	0	0	0		0	0		
2019-05-07 17:00:00	56.9793	17.97477	16	0	10	0	0	0.005	13.9	8	1012	32	1	0.8	145		220	1	0	0	0	0	0	0	0		0	0		
2019-05-07 17:30:00	56.9706	17.98701	40	0	11	0	0	0.005	13.8	7	1012	32	1	0.7	142		220	1	0	0	0	0	0	0	0		4	0		
2019-05-07 18:00:00	56.97624	17.97375	12	0	12	0	1	0.005	14	7	1012	32	3	0.6	308		225	1	1	0	0	0	0	0	0	18	0			
2019-05-07 18:30:00	56.98224	17.95845	12	0	13	0	0	0.005	13.9	7	1012	32	1	0.6	306		225	1	1	1	0	0	0	0	0	0	0			
2019-05-07 19:00:00	56.98635	17.93874	14	0	14	0	0	0.005	13.9	7	1012	32	1	0.7	291		225	1	1	1	1	0	0	0	0	0	0			
2019-05-07 19:30:00	56.99205	17.92413	13	0	15	0	0	0.005	13.8	7	1012	32	1	0.6	306		225	1	1	1	1	1	0	0	0	0	0			
2019-05-07 20:00:00	56.99949	17.90997	40	0	16	0	0	0.005	13.8	7	1013	32	1	0.7	314		225	1	1	1	1	1	1	0	0	0	0			
2019-05-07 20:30:00	57.00927	17.89905	12	0	17	0	0	0.005	13.8	7	1013	32	1	0.7	329		225	1	1	1	1	1	1	0	0	0	0			
2019-05-07 21:00:00	57.01929	17.89119	12	0	18	0	5	0.005	13.8	7	1013	32	1	0.7	337	-7200	225	0	1	1	1	1	1	0	0	0	0			
2019-05-07 21:30:00	57.00696	17.89842	12	0	19	0	0	0.005	13.7	7	1013	32	1	0.8	162	-5900	250	0	0	1	1	1	1	0	0		1	17		
2019-05-07 22:00:00	56.99379	17.9055	13	0	20	0	0	0.005	13.7	7	1013	32	1	0.8	164	-4700	250	0	0	0	1	1	1	0	0		0	0		
2019-05-07 22:30:00	56.98038	17.9109	13	0	21	0	0	0.005	13.7	7	1014	32	1	0.8	168	-3700	250	0	0	0	0	1	1	0	0		0	0		
2019-05-07 23:00:00	56.96688	17.91201	14	0	22	0	0	0.005	13.7	6	1014	32	1	0.8	177	-2900	250	0	0	0	0	0	1	0	0		0	0		
2019-05-07 23:30:00	56.95536	17.91465	41	0	23	0	0	0.005	13.7	6	1014	32	1	0.7	173	-2700	250	1	0	0	0	0	0	0	0		10	22		
2019-05-08 00:00:00	56.96418	17.9103	12	0	24	0	0	0.005	13.6	6	1014	32	3	0.6	345	-2700	260	0	1	0	0	0	0	0	0	22	2			
2019-05-08 01:00:00	56.96211	17.90874	13	0	26	0	0	0.005	13.6	6	1014	32	3	0.5	339	-2500	255	1	1	0	1	0	0	0	0	29	2			
2019-05-08 01:30:00	56.97159	17.90118	41	0	27	0	0	0.005	13.6	6	1014	32	1	0.6	336	-2600	255	0	1	1	0	1	0	0	0	0	1			
2019-05-08 02:00:00	56.96031	17.90517	13	0	28	0	0	0.005	13.6	6	1014	32	1	0.7	169	-2300	255	1	0	1	1	0	1	0	0		2	18		
2019-05-08 02:30:00	56.97204	17.89365	12	0	29	0	0	0.005	13.6	6	1014	32	1	0.8	332	-2300	250	0	1	0	1	1	0	0	0	22	2			
2019-05-08 03:00:00	56.96241	17.89785	11	0	0	0	0	0.005	13.6	6	1014	32	2	0.6	167	-1900	250	0	0	1	0	1	1	0	1		1	24		
2019-05-08 03:30:00	56.95224	17.90391	12	0	1	0	0	0.005	13.6	6	1015	32	1	0.7	162	-2100	250	1	0	0	1	0	1	0	1		3	0		
2019-05-08 04:00:00	56.96424	17.8932	40	0	2	0	0	0.005	13.9	6	1015	32	1	0.8	334	-1700	250	0	1	0	0	1	0	0	1	20	0			
2019-05-08 04:30:00	56.95596	17.90394	12	0	3	0	0	0.005	13.8	7	1015	32	1	0.6	145	-2100	240	1	0	1	0	0	1	0	1		2	11		
2019-05-08 05:00:00	56.96523	17.89116	11	0	4	0	0	0.005	13.9	7	1015	32	2	0.7	323	-1700	235	0	1	0	1	0	0	0	1	17	0			
2019-05-08 05:30:00	56.95755	17.90214	12	0	5	0	0	0.005	13.8	7	1015	32	1	0.6	142	-2000	235	1	0	1	0	1	0	0	1		6	17		
2019-05-08 06:00:00	56.96571	17.89092	13	0	6	0	5	0.005	13.8	7	1015	32	3	0.6	323	100	235	0	1	0	1	0	1	0	1	20	3			
2019-05-08 06:30:00	56.95944	17.90295	13	0	7	0	0	0.005	13.8	7	1015	32	1	0.6	134	-600	230	0	0	1	0	1	0	0	1		9	16		
2019-05-08 07:00:00	56.95389	17.91645	40	0	8	0	0	0.005	13.8	7	1016	32	1	0.6	127	-1300	230	0	0	0	1	0	1	0	1		5	0		
2019-05-08 07:30:00	56.94891	17.93073	12	0	9	0	0	0.005	13.9	7	1016	32	3	0.6	123	-2100	230	1	0	0	0	1	0	0	1		10	0		
2019-05-08 08:00:00	56.95296	17.91705	13	0	10	0	0	0.005	13.8	7	1015	33	1	0.5	299	-1400	210	1	1	0	0	0	1	0	1	20	3			
2019-05-08 08:30:00	56.95659	17.90172	13	0	11	0	0	0.005	13.8	8	1016	32	3	0.6	294	-500	210	0	1	1	0	0	0	0	1	0	0			
2019-05-08 09:00:00	56.95464	17.92092	13	0	12	0	0	0.005	13.8	8	1016	32	1	0.7	101	-1600	195	1	0	1	1	0	0	0	1		0	22		
2019-05-08 09:30:00	56.9556	17.90097	40	0	13	0	0	0.005	13.8	8	1016	32	1	0.7	275	-400	190	0	1	0	1	1	0	0	1	25	0			
2019-05-08 10:00:00	56.95404	17.92116	14	0	14	0	1	0.005	13.8	8	1016	32	1	0.7	98	-1600	185	1	0	1	0	1	1	0	1		2	16		
2019-05-08 10:30:00	56.95389	17.90481	14	0	15	0	1	0.005	13.8	8	1015	32	1	0.6	269	-600	185	0	1	0	1	0	1	0	1	20	0			
2019-05-08 11:00:00	56.95071	17.88468	14	0	16	0	0	0.005	13.8	8	1015	32	1	0.7	254	600	185	0	1	1	0	1	0	0	1	0	0			
2019-05-08 11:30:00	56.94486	17.8656	40	0	17	0	0	0.005	13.8	8	1015	32	1	0.7	241	1800	185	0	1	1	1	0	1	0	1	0	1			
2019-05-08 12:00:00	56.93871	17.84619	12	0	18	0	0	0.005	13.8	8	1015	32	1	0.8	240	3100	185	0	1	1	1	1	0	0	1	0	0			
2019-05-08 12:30:00	56.93133	17.826	12	0	19	0	0	0.005	13.8	8	1015	32	1	0.8	236	4400	185	3	1	1	1	1	1	0	1	0	0			
2019-05-08 13:00:00	56.92344	17.80632	12	0	20	0	0	0.005	13.8	8	1015	32	1	0.8	234	5700	185	3	1	1	1	1	1	0	0	0	0			
2019-05-08 13:30:00	56.91744	17.78481	12	0	21	0	0	0.005	13.8	8	1014	32	1	0.8	243	7100	185	3	1	1	1	1	1	0	0	0	0			
2019-05-08 14:00:00	56.91201	17.76237	40	0	22	0	0	0.005	13.9	8	1014	33	1	0.8	246	8600	185	3	1	1	1	1	1	0	0	0	4			
2019-05-08 14:30:00	56.9076	17.73822	11	0	23	0	0	0.005	13.8	8	1014	32	1	0.9	252	10100	185	3	1	1	1	1	1	0	0	0	0			
2019-05-08 15:00:00	56.90331	17.71632	13	0	24	0	0	0.005	13.9	7	1014	32	1	0.8	250	11500	185	3	1	1	1	1	1	0	0	0	1			
2019-05-08 15:30:00	56.90844	17.73183	12	0	25	0	1	0.005	13.8	7	1014	32	1	0.6	59	10400	155	3	0	1	1	1	1	0	0		8	19		
2019-05-08 16:00:00	56.925	17.74158	13	0	26	0	5	0.005	13.8	7	1013	32	3	1.1	18	0	155	3	3	0	1	1	1	0	1		0	0		
2019-05-08 16:30:00	56.94381	17.75337	41	0	27	0	0	0.005	13.9	7	1013	32	3	1.2	19	500	155	3	3	3	0	1	1	0	1		0	0		
2019-05-08 17:00:00	56.9628	17.75991	12	0	28	0	0	0.005	13.8	7	1013	32	1	1.2	11	700	155	3	3	3	3	0	1	0	1		0	0		
2019-05-08 17:30:00	56.98236	17.77119	13	0	29	0	0	0.005	13.9	7	1013	32	1	1.3	17	1100	155	3	3	3	3	3	0	0	1		0	0		
2019-05-08 18:00:00	57.00207	17.78487	41	0	0	0	0	0.005	13.9	7	1013	32	1	1.3	21	1700	155	3	3	3	3	3	3	0	1		0	0		
2019-05-08 18:30:00	57.01968	17.802	13	0	1	0	0	0.005	13.9	7	1013	32	1	1.2	28	2500	155	3	3	3	3	3	3	0	1		0	0		
2019-05-08 19:30:00	57.03279	17.79204	41	0	3	0	0	0.005	13.8	7	1012	32	3	1	257	1700	145	3	2	3	3	3	3	0	1	13	1			
2019-05-08 20:00:00	57.05073	17.80371	11	0	4	0	0	0.005	13.8	7	1012	32	1	1.2	19	2200	135	3	3	2	3	3	3	0	1		0	12		
2019-05-08 20:30:00	57.06915	17.8203	12	0	5	0	0	0.005	13.8	7	1012	32	1	1.3	26	3000	135	3	3	3	2	3	3	0	1		0	0		
2019-05-08 21:00:00	57.08661	17.84097	12	0	6	0	0	0.005	13.8	7	1012	32	1	1.3	33	4000	135	2	3	3	3	2	3	0	1		0	0		
2019-05-08 21:30:00	57.08187	17.80923	13	0	7	0	0	0.005	13.7	7	1012	32	2	1.1	255	2200	140	3	2	3	3	3	2	0	1	18	0			
2019-05-08 22:00:00	57.09825	17.82486	40	0	8	0	0	0.005	13.7	7	1012	32	1	1.1	27	2900	140	3	3	2	3	3	3	0	1		3	15		
2019-05-08 22:30:00	57.1137	17.8482	12	0	9	0	0	0.005	13.7	6	1012	32	1	1.3	39	4100	140	2	3	3	2	3	3	0	1		0	0		
2019-05-08 23:00:00	57.102	17.82066	12	0	10	0	0	0.005	13.7	6	1011	32	1	1.2	232	2600	135	3	2	3	3	2	3	0	1	15	2			
2019-05-08 23:30:00	57.11721	17.84109	11	0	11	0	0	0.005	13.7	6	1011	32	1	1.2	36	3700	135	3	3	2	3	3	2	0	1		0	18		
2019-05-09 00:00:00	57.13569	17.85573	13	0	12	0	0	0.005	13.6	6	1011	32	1	1.2	23	4300	135	2	3	3	2	3	3	0	1		0	0		
2019-05-09 00:30:00	57.12837	17.82141	41	0	13	0	0	0.005	13.6	7	1011	32	1	1.2	249	2400	135	3	2	3	3	2	3	0	1	20	0			
2019-05-09 01:00:00	57.14481	17.83134	11	0	14	0	0	0.005	13.6	7	1011	32	1	1.1	18	2800	135	3	3	2	3	3	2	0	1		0	14		
2019-05-09 01:30:00	57.16293	17.84184	12	0	15	0	0	0.005	13.6	7	1010	32	1	1.2	17	3200	135	3	3	3	2	3	3	0	1		0	0		
2019-05-09 02:00:00	57.18132	17.853	12	0	16	0	0	0.005	13.6	7	1010	32	1	1.2	18	3600	135	3	3	3	3	2	3	0	1		0	0		
2019-05-09 02:30:00	57.19971	17.86497	12	0	17	0	0	0.005	13.6	7	1010	32	1	1.2	19	4100	135	2	3	3	3	3	2	0	1		0	0		
2019-05-09 03:00:00	57.18942	17.835	18	0	18	0	0	0.005	13.6	6	1009	32	1	1.2	238	2400	130	3	2	3	3	3	3	0	1	16	0			
2019-05-09 03:30:00	57.20643	17.84685	13	0	19	0	0	0.005	13.7	6	1010	32	1	1.1	21	2900	130	3	3	2	3	3	3	0	1		0	14		
2019-05-09 04:00:00	57.22554	17.8557	41	0	20	0	0	0.005	14	6	1009	32	1	1.2	14	3200	130	3	3	3	2	3	3	0	1		0	0		
2019-05-09 04:30:00	57.24423	17.86101	13	0	21	0	0	0.005	13.9	6	1009	32	1	1.2	9	3300	130	3	3	3	3	2	3	0	1		0	0		
2019-05-09 05:00:00	57.2628	17.87322	12	0	22	0	0	0.005	13.8	6	1009	32	1	1.2	20	3800	130	3	3	3	3	3	2	0	1		0	0		
2019-05-09 05:30:00	57.27969	17.89266	12	0	23	0	0	0.005	13.9	6	1009	32	1	1.2	32	4800	130	2	3	3	3	3	3	0	1		0	0		
2019-05-09 06:00:00	57.26658	17.86518	40	0	24	0	0	0.005	13.8	6	1009	32	1	1.2	229	3300	130	3	2	3	3	3	3	0	1	20	0			
2019-05-09 06:30:00	57.28077	17.88453	13	0	25	0	0	0.005	13.8	6	1009	32	2	1.1	36	4300	135	2	3	2	3	3	3	0	1		0	14		
2019-05-09 07:00:00	57.27228	17.85378	13	0	26	0	0	0.005	13.8	6	1009	32	2	1.2	243	2600	140	3	2	3	2	3	3	0	1	20	0			
2019-05-09 07:30:00	57.28767	17.87166	12	0	27	0	0	0.005	13.8	6	1009	32	1	1.1	32	3400	140	3	3	2	3	2	3	0	1		0	19		
2019-05-09 08:00:00	57.30513	17.89143	41	0	28	0	5	0.005	13.8	6	1009	32	1	1.2	31	-200	140	3	3	3	2	3	2	0	1		1	0		
2019-05-09 08:30:00	57.32157	17.91024	12	0	29	0	0	0.005	13.8	7	1009	32	1	1.2	32	-300	140	3	3	3	3	2	3	0	1		1	0		
2019-05-09 09:00:00	57.33855	17.93058	11	0	0	0	0	0.005	13.8	7	1009	32	1	1.2	33	-300	140	3	3	3	3	3	2	0	1		0	0		
2019-05-09 09:30:00	57.35568	17.94816	12	0	1	0	0	0.005	13.8	7	1009	32	1	1.2	29	-500	140	3	3	3	3	3	3	0	1		0	0		
2019-05-09 10:00:00	57.37164	17.97024	40	0	2	0	0	0.005	13.8	7	1009	32	1	1.2	37	-400	140	0	3	3	3	3	3	0	1		0	0		
2019-05-09 10:30:00	57.37974	17.9928	12	0	3	0	0	0.005	13.8	7	1009	32	1	0.9	56	500	140	1	0	3	3	3	3	0	1		12	0		
2019-05-09 11:00:00	57.36786	17.97795	11	0	4	0	0	0.005	13.8	7	1009	32	1	0.9	214	200	135	3	1	0	3	3	3	0	1	13	6			
2019-05-09 11:30:00	57.38289	18.00408	40	0	5	0	0	0.005	13.8	7	1008	32	1	1.3	43	1200	135	1	3	1	0	3	3	0	1		1	0		
2019-05-09 12:00:00	57.37092	17.98929	12	0	6	0	0	0.005	13.8	7	1008	32	1	0.9	214	500	135	0	1	3	1	0	3	0	1	18	6			
2019-05-09 12:30:00	57.37836	18.01188	12	0	7	0	0	0.005	13.9	7	1008	32	1	0.9	59	1500	135	2	0	1	3	1	0	0	1		1	22		
2019-05-09 13:00:00	57.36597	17.98632	41	0	8	0	0	0.005	13.8	7	1008	32	2	1.1	228	700	135	3	2	0	1	3	1	0	1	23	1			
2019-05-09 13:30:00	57.37863	18.01212	12	0	9	0	0	0.005	13.9	7	1008	32	1	1.2	48	1500	140	2	3	2	0	1	3	0	1		1	21		
2019-05-09 14:00:00	57.36885	17.98485	12	0	10	0	0	0.005	13.8	7	1008	32	1	1.1	236	500	140	3	2	3	2	0	1	0	1	20	1			
2019-05-09 14:30:00	57.38508	18.00372	12	0	11	0	0	0.005	13.9	7	1008	32	1	1.2	32	1400	135	1	3	2	3	2	0	0	1		0	12		
2019-05-09 15:00:00	57.37542	17.98803	13	0	12	0	0	0.005	13.8	7	1008	32	1	0.8	221	200	135	1	1	3	2	3	2	0	1	14	0			
2019-05-09 15:30:00	57.36552	17.9736	13	0	13	0	0	0.005	13.8	7	1007	32	1	0.8	218	100	135	3	1	1	3	2	3	0	1	0	0			
2019-05-09 16:00:00	57.38283	17.97654	40	0	14	0	0	0.005	13.9	7	1007	32	1	1.1	5	-900	135	1	3	1	1	3	2	0	1		0	16		
2019-05-09 16:30:00	57.37533	17.96505	13	0	15	0	0	0.005	13.9	7	1007	32	1	0.6	220	-900	135	0	1	3	1	1	3	0	1	11	0			
2019-05-09 17:00:00	57.38178	17.97558	12	0	16	0	0	0.005	13.8	7	1007	32	1	0.5	41	-800	130	0	0	1	3	1	1	0	1		3	23		
2019-05-09 17:30:00	57.38823	17.9826	13	0	17	0	5	0.005	13.9	7	1007	32	1	0.5	31	-1300	130	0	0	0	1	3	1	0	1		18	29		
2019-05-09 17:45:00	57.39081	17.98623	13	0	18	0	1	0.005	13.9	7	1007	32	1	0.4	37	-1500	130	0	0	0	0	1	3	0	1	392	4	0		
2019-05-09 18:15:00	57.39633	17.99205	13	0	20	0	0	0.005	13.9	7	1007	32	3	0.4	24	-2100	130	0	0	0	0	0	0	0	1	366	9	0		
2019-05-09 18:30:00	57.39939	17.99394	13	0	21	0	0	0.005	13.9	7	1007	32	1	0.4	18	-2400	130	0	0	0	0	0	0	0	1	378	20	0		
2019-05-09 18:45:00	57.40257	17.99535	41	0	22	0	0	0.005	13.9	7	1007	32	1	0.4	14	-2700	130	0	0	0	0	0	0	0	1	388	9	0		
2019-05-09 19:00:00	57.4059	17.99628	12	0	23	0	0	0.005	13.9	7	1007	32	3	0.4	8	-3100	130	1	0	0	0	0	0	0	1	355	6	0		
2019-05-09 19:15:00	57.40233	17.99598	12	0	24	0	0	0.005	13.8	7	1007	32	1	0.4	183	-2700	95	1	1	0	0	0	0	0	1	22	4	366		
2019-05-09 19:30:00	57.39729	17.9955	13	0	25	0	0	0.005	13.8	7	1007	32	1	0.6	183	-2100	95	1	1	1	0	0	0	0	1	0	1	391		
2019-05-09 19:45:00	57.39177	17.99457	12	0	26	0	0	0.005	13.8	7	1007	32	1	0.7	185	-1500	95	1	1	1	1	0	0	0	1	0	0	397		
2019-05-09 20:00:00	57.38601	17.99463	12	0	27	0	0	0.005	13.8	6	1007	32	2	0.7	180	-900	95	0	1	1	1	1	0	0	1	0	0	388		
2019-05-09 20:15:00	57.38859	17.99496	12	0	28	0	0	0.005	13.8	6	1007	32	1	0.3	4	-1200	90	1	0	1	1	1	1	0	1	369	4	21		
2019-05-09 20:30:00	57.39081	17.98923	12	0	29	0	0	0.005	13.7	6	1008	32	1	0.5	306	-1500	175	3	1	0	1	1	1	0	1	34	31	331		
2019-05-09 20:45:00	57.39183	17.99205	13	0	0	0	0	0.005	13.7	6	1007	32	1	0.2	56	-1600	175	3	3	1	0	1	1	0	1	344	26	26		
2019-05-09 21:00:00	57.39288	17.99529	13	0	1	0	0	0.005	13.7	6	1007	32	1	0.3	59	-1600	175	3	3	3	1	0	1	0	1	380	19	0		
2019-05-09 21:15:00	57.39342	17.9991	13	0	2	0	0	0.005	13.7	6	1007	32	1	0.3	75	-1700	175	3	3	3	3	1	0	0	1	373	26	0		
2019-05-09 21:30:00	57.39285	18.00078	41	0	3	0	5	0.005	13.7	6	1007	32	1	0.1	122	-200	175	0	3	3	3	3	1	0	1	261	108	23		
2019-05-09 21:45:00	57.39219	18.00051	12	0	4	0	0	0.005	13.7	6	1007	32	1	0.1	192	-100	175	0	0	3	3	3	3	0	1	163	165	53		
2019-05-09 22:15:00	57.39252	17.99628	11	0	6	0	0	0.005	13.7	6	1007	32	3	0.2	279	0	175	0	0	0	0	3	3	0	1	315	38	17		
2019-05-09 22:30:00	57.39498	17.99466	12	0	7	0	0	0.005	13.7	7	1007	32	1	0.3	340	-200	175	0	0	0	0	0	3	0	1	399	1	0		
2019-05-09 22:45:00	57.39735	17.99358	12	0	8	0	0	0.005	13.6	7	1007	32	1	0.3	346	-500	175	0	0	0	0	0	0	0	1	391	2	0		
2019-05-09 23:00:00	57.40008	17.99232	13	0	9	0	0	0.005	13.6	7	1007	32	1	0.3	346	-800	175	0	0	0	0	0	0	0	1	397	0	0		
2019-05-09 23:15:00	57.40224	17.98998	12	0	10	0	0	0.005	13.6	7	1006	32	1	0.3	330	-1100	175	1	0	0	0	0	0	0	1	396	2	0		
2019-05-09 23:30:00	57.39897	17.9907	13	0	11	0	0	0.005	13.6	7	1006	32	1	0.4	173	-700	75	1	1	0	0	0	0	0	1	38	2	354		
2019-05-09 23:45:00	57.3957	17.99142	13	0	12	0	0	0.005	13.6	7	1006	32	1	0.4	173	-400	75	1	1	1	0	0	0	0	1	0	0	391		
2019-05-10 00:00:00	57.39291	17.99121	40	0	13	0	0	0.005	13.6	7	1006	32	1	0.3	182	200	75	1	1	1	1	0	0	0	1	0	8	391		
2019-05-10 00:15:00	57.39027	17.99082	12	0	14	0	0	0.005	13.6	7	1006	32	3	0.3	185	400	75	1	1	1	1	1	0	0	1	0	6	354		
2019-05-10 00:30:00	57.38727	17.99046	12	0	15	0	0	0.005	13.6	6	1006	32	1	0.4	184	700	75	1	1	1	1	1	1	0	1	0	2	395		
2019-05-10 01:00:00	57.37971	17.99202	13	0	17	0	0	0.005	13.6	6	1006	32	3	0.5	166	1300	75	1	1	1	1	1	1	0	1	0	0	379		
2019-05-10 01:15:00	57.37704	17.99568	12	0	18	0	0	0.005	13.6	6	1006	32	1	0.4	143	1400	75	1	1	1	1	1	1	0	1	0	0	392		
2019-05-10 01:30:00	57.3756	18.00102	13	0	19	0	0	0.005	13.6	6	1005	32	1	0.4	116	1300	75	1	1	1	1	1	1	0	1	0	0	398		
2019-05-10 01:45:00	57.3741	18.0048	17	0	20	0	0	0.005	13.5	6	1005	32	1	0.3	126	1300	75	1	1	1	1	1	1	0	1	0	0	398		
2019-05-10 02:00:00	57.37278	18.00807	13	0	21	0	0	0.005	13.5	6	1005	32	1	0.3	127	1300	75	1	1	1	1	1	1	0	1	0	5	392		
2019-05-10 02:15:00	57.3714	18.01152	13	0	22	0	0	0.005	13.5	6	1005	32	3	0.3	126	1300	75	1	1	1	1	1	1	0	1	0	7	365		
2019-05-10 02:30:00	57.36969	18.01329	13	0	23	0	0	0.005	13.5	6	1005	32	1	0.2	151	1300	75	1	1	1	1	1	1	0	1	0	12	385		
2019-05-10 02:45:00	57.36663	18.01275	13	0	24	0	0	0.005	13.6	6	1005	32	1	0.4	185	1600	75	1	1	1	1	1	1	0	1	0	0	399		
2019-05-10 03:00:00	57.36357	18.00993	32	0	25	0	0	0.005	13.6	6	1005	32	1	0.4	206	2000	75	0	1	1	1	1	1	0	1	0	0	396		
2019-05-10 03:30:00	57.3696	18.01629	13	0	27	0	0	0.005	13.6	6	1005	32	3	0.5	34	1200	115	0	0	0	1	1	1	0	1	378	6	0		
2019-05-10 03:45:00	57.37236	18.01953	13	0	28	0	0	0.005	13.6	6	1005	32	1	0.4	33	900	115	0	0	0	0	1	1	0	1	385	7	0		
2019-05-10 04:00:00	57.37449	18.02223	12	0	29	0	0	0.005	13.6	6	1005	32	1	0.3	34	600	115	1	0	0	0	0	1	0	1	371	27	0		
2019-05-10 04:15:00	57.37323	18.02043	13	0	0	0	0	0.005	13.6	6	1005	32	2	0.2	218	800	125	0	1	0	0	0	0	0	1	39	13	330		
2019-05-10 04:30:00	57.37572	18.02112	12	0	1	0	0	0.005	13.7	6	1005	32	1	0.3	9	500	110	1	0	1	0	0	0	0	1	336	25	35		
2019-05-10 04:45:00	57.37578	18.02004	13	0	2	0	0	0.005	13.7	7	1005	32	1	0.1	275	600	110	1	1	0	1	0	0	0	1	38	82	274		
2019-05-10 05:00:00	57.37818	18.01908	13	0	3	0	1	0.005	13.8	7	1005	32	1	0.3	348	400	90	1	0	1	0	1	0	0	1	305	34	53		
2019-05-10 05:15:00	57.37998	18.02232	12	0	4	0	0	0.005	13.9	7	1006	32	2	0.3	44	100	90	0	0	0	1	0	1	0	1	364	18	0		
2019-05-10 05:30:00	57.38196	18.02496	12	0	5	0	0	0.005	14.1	7	1005	32	1	0.3	36	-200	90	0	0	0	0	1	0	0	1	376	24	0		
2019-05-10 05:45:00	57.38319	18.02874	16	0	6	0	0	0.005	14	7	1006	32	1	0.3	59	-400	90	0	0	0	0	0	1	0	1	388	10	0		
2019-05-10 06:00:00	57.38403	18.03324	40	0	7	0	0	0.005	13.9	7	1006	32	1	0.3	71	-700	90	0	0	0	0	0	0	0	1	392	4	0		
2019-05-10 06:15:00	57.38526	18.0372	11	0	8	0	0	0.005	13.9	7	1006	32	1	0.3	59	-900	90	0	0	0	0	0	0	0	1	372	12	0		
2019-05-10 06:30:00	57.38655	18.04092	12	0	9	0	0	0.005	13.9	7	1006	32	1	0.3	58	-1200	90	0	0	0	0	0	0	0	1	385	12	0		
2019-05-10 06:45:00	57.38772	18.04437	11	0	10	0	0	0.005	14	7	1006	32	1	0.3	58	-1400	90	0	0	0	0	0	0	0	1	389	8	0		
2019-05-10 07:00:00	57.38916	18.04797	12	0	11	0	0	0.005	13.9	7	1006	32	1	0.3	54	-1700	90	0	0	0	0	0	0	0	1	372	26	0		
2019-05-10 07:15:00	57.38961	18.05232	12	0	12	0	0	0.005	13.9	7	1006	32	1	0.3	79	-1900	90	0	0	0	0	0	0	0	1	386	5	0		
2019-05-10 07:30:00	57.38949	18.05862	13	0	13	0	0	0.005	13.9	7	1006	32	3	0.4	92	-2100	90	1	0	0	0	0	0	0	1	381	0	0		
2019-05-10 07:45:00	57.3897	18.06438	13	0	14	0	0	0.005	14	7	1006	32	1	0.4	86	-2300	90	2	0	0	0	0	0	0	1	396	1	0		
2019-05-10 08:00:00	57.38994	18.06885	12	0	15	0	0	0.005	13.9	7	1006	32	1	0.3	84	-2500	90	2	0	0	0	0	0	0	1	382	6	0		
2019-05-10 08:15:00	57.39063	18.07251	13	0	16	0	0	0.005	13.9	7	1006	32	2	0.3	71	-2700	90	2	0	0	0	0	0	0	1	362	29	0		
2019-05-10 08:30:00	57.39168	18.07563	12	0	17	0	0	0.005	13.9	7	1007	32	1	0.2	59	-2900	90	2	0	0	0	0	0	0	1	349	38	12		
2019-05-10 08:45:12	57.3951	18.07905	11	1	0	0	0	0.005	13.9	7	1006	33	0	1.6	21	0	0	0	0					0	1					
2019-05-10 09:00:00	57.40014	18.10704	11	0	1	0	0	0.005	14	7	1007	32	1	2	72	1800	0	1	0	0				0	1	391	1	0		
2019-05-10 09:30:00	57.40629	18.15702	12	0	2	0	0	0.005	13.9	8	1007	33	1	1.7	77	4800	130	0	1	0	0			0	0		180	61		
2019-05-10 09:42:36	57.40629	18.15705	12	1	0	0	0	0.005	14	8	1007	33	0	0.2	144	0	0	0	0					0	1					
2019-05-10 10:00:00	57.40632	18.15705	13	0	1	0	0	0.005	13.9	9	1007	33	1	0	1	0	0	1	0	0				0	1	0	466	1		
2019-05-10 10:30:00	57.40635	18.15705	12	0	2	0	0	0.005	13.9	10	1007	33	1	0	32	0	75	0	1	0	0			0	1	2	354	121		
2019-06-03 07:15:00	60.34152	5.35569	11	0	1	0	0	0.005	14	18	989	61	3	0	162	0	0	1	0	0				1	1	0	0	0		
2019-06-03 07:20:00	60.34155	5.35572	11	0	2	0	0	0.005	14	18	990	62	1	0	35	0	270	0	1	0	0			1	1	0	0	0		
2019-06-03 07:25:00	60.34155	5.35563	11	0	3	0	0	0.005	14	18	990	63	1	0	280	0	340	1	0	1	0	0		1	1	0	0	0		
2019-06-03 07:30:00	60.34158	5.35569	13	0	4	0	0	0.005	14	18	990	62	1	0	78	0	5	0	1	0	1	0	0	1	1	0	0	0		
2019-06-03 07:35:00	60.34152	5.35566	12	0	5	0	0	0.005	14	18	990	64	1	0	196	0	310	1	0	1	0	1	0	1	1	0	0	0		
2019-06-03 07:40:00	60.34158	5.35563	11	0	6	0	0	0.005	14	18	990	64	1	0	340	0	270	1	1	0	1	0	1	1	1	0	0	0		
2019-06-03 07:45:00	60.34161	5.35566	12	0	7	0	0	0.005	14	17	989	64	1	0	5	0	270	1	1	1	0	1	0	1	1	0	0	0		
2019-06-03 07:50:00	60.34161	5.35566	12	0	8	0	0	0.005	14	17	990	64	2	0	99	0	270	1	1	1	1	0	1	1	1	0	0	39		
2019-06-03 07:55:00	60.34158	5.3556	12	0	9	0	0	0.005	14	17	990	65	1	0	248	0	270	1	1	1	1	1	0	1	1	0	0	44		
2019-06-03 08:00:00	60.3417	5.35545	12	0	10	0	0	0.005	14	17	990	66	1	0	327	0	270	0	1	1	1	1	1	1	1	0	0	42		
2019-06-03 08:05:00	60.34161	5.35569	12	0	11	0	0	0.005	14	17	990	66	1	0.1	132	0	230	1	0	1	1	1	1	1	1	0	0	44		
2019-06-03 08:10:00	60.34158	5.35563	13	0	12	0	0	0.005	14	17	990	66	1	0	234	0	210	1	1	0	1	1	1	1	1	0	0	43		
2019-06-03 08:15:00	60.34161	5.35563	12	0	13	0	0	0.005	14	17	990	67	1	0	17	0	210	1	1	1	0	1	1	1	1	0	0	44		
2019-06-03 08:20:00	60.34158	5.35563	12	0	14	0	0	0.005	14	17	990	67	1	0	191	0	210	1	1	1	1	0	1	1	1	0	0	43		
2019-06-03 08:25:00	60.34158	5.35566	12	0	15	0	0	0.005	14	17	990	67	1	0	101	0	210	1	1	1	1	1	0	1	1	0	0	44		
2019-06-03 08:30:00	60.34158	5.35566	13	0	16	0	0	0.005	14	17	990	67	2	0	159	0	210	1	1	1	1	1	1	1	1	0	0	37		
2019-06-03 08:35:00	60.34152	5.35572	13	0	17	0	0	0.005	14	17	990	66	1	0	153	0	210	1	1	1	1	1	1	1	1	0	0	44		
2019-06-03 08:40:00	60.34161	5.35566	12	0	18	0	0	0.005	14	17	990	66	1	0	337	0	210	1	1	1	1	1	1	1	1	0	0	44		
2019-06-03 08:45:00	60.34155	5.35566	13	0	19	0	0	0.005	14	17	990	66	3	0	179	0	210	1	1	1	1	1	1	1	1	0	0	32		
2019-06-03 08:50:00	60.34155	5.35572	13	0	20	0	0	0.005	14	17	990	66	1	0	73	0	210	1	1	1	1	1	1	1	1	0	0	44		
2019-06-03 08:55:00	60.34158	5.35566	13	0	21	0	0	0.005	14	17	990	66	1	0	300	0	210	1	1	1	1	1	1	1	1	0	0	43		
2019-06-03 09:00:00	60.34155	5.35566	11	0	22	0	0	0.005	14	18	990	65	1	0	187	0	210	0	1	1	1	1	1	1	1	0	0	41		
2019-06-03 09:05:00	60.34158	5.35587	11	0	23	0	0	0.005	14	17	990	64	1	0	77	0	160	1	0	1	1	1	1	1	1	0	0	43		
2019-06-03 09:10:00	60.34155	5.35557	13	0	24	0	0	0.005	14	17	990	65	1	0.1	253	0	165	0	1	0	1	1	1	1	1	0	0	43		
2019-06-03 09:15:00	60.34164	5.35566	13	0	25	0	0	0.005	14	17	990	65	1	0	27	0	145	1	0	1	0	1	1	1	1	0	0	43		
2019-06-03 09:20:00	60.34182	5.35572	13	0	26	0	0	0.005	14	17	990	66	1	0.1	6	0	260	0	1	0	1	0	1	1	1	0	0	42		
2019-06-03 09:25:00	60.34167	5.35563	13	0	27	0	0	0.005	14	17	990	67	1	0.1	196	0	280	0	0	1	0	1	0	1	1	0	0	43		
2019-06-03 09:30:00	60.3414	5.35596	14	0	28	0	0	0.005	14	16	990	67	1	0.1	146	0	280	1	0	0	1	0	1	1	1	0	0	43		
2019-06-03 09:35:00	60.34167	5.35563	13	0	29	0	0	0.005	14	16	990	68	1	0.1	327	0	235	0	1	0	0	1	0	1	1	0	0	43		
2019-06-03 09:45:00	60.34152	5.35569	13	0	1	0	0	0.005	14	16	991	69	3	0.1	182	0	230	1	0	0	1	0	0	1	1	0	0	33		
2019-06-03 09:50:00	60.34161	5.35569	14	0	2	0	0	0.005	14	16	991	70	2	0	4	0	275	1	1	0	0	1	0	1	1	0	0	37		
2019-06-03 09:55:00	60.34155	5.35569	41	0	3	0	0	0.005	14	16	991	70	3	0	183	0	275	1	1	1	0	0	1	1	1	0	0	31		
2019-06-03 10:00:00	60.34152	5.35575	13	0	4	0	0	0.005	14	16	991	70	1	0	119	0	275	1	1	1	1	0	0	1	1	0	0	38		
2019-06-03 10:05:00	60.34158	5.35566	11	0	5	0	0	0.005	13.9	16	991	70	1	0	319	0	275	1	1	1	1	1	0	1	1	0	0	44		
2019-06-03 10:10:00	60.34161	5.35572	12	0	6	0	0	0.005	14	16	991	69	1	0	24	0	275	1	1	1	1	1	1	1	1	0	0	41		
2019-06-03 10:30:00	60.34155	5.35569	12	0	10	0	0	0.005	14	17	991	67	3	0	329	0	275	1	1	1	1	1	1	1	1	30	0	0		
2019-06-03 10:35:00	60.34155	5.35569	12	0	11	0	0	0.005	14	17	991	67	3	0	169	0	275	1	1	1	1	1	1	1	1	29	0	0		
2019-06-03 10:40:00	60.34164	5.35569	13	0	12	0	0	0.005	14	17	991	67	2	0	354	0	275	0	1	1	1	1	1	1	1	36	0	0		
2019-06-03 10:45:00	60.34149	5.3556	13	0	13	0	0	0.005	14	17	991	66	1	0.1	193	0	275	1	0	1	1	1	1	1	1	43	0	0		
2019-06-03 10:50:00	60.34155	5.35569	12	0	14	0	0	0.005	14	17	991	65	1	0	31	0	290	1	1	0	1	1	1	1	1	43	0	0		
2019-06-03 12:32:06	60.34164	5.35575	11	1	0	0	0	0.005	14	20	991	57	0	0.7	15	0	0	0	0					1	1					
2019-06-03 12:35:00	60.34155	5.35566	12	0	1	0	0	0.005	14	20	991	57	1	0.1	204	0	0	1	0	0				1	1	0	0	14		
2019-06-03 12:40:00	60.34161	5.35575	11	0	2	0	0	0.005	14	19	991	56	1	0	36	0	300	0	1	0	0			1	1	9	0	33		
2019-06-03 12:45:00	60.34158	5.35569	11	0	3	0	0	0.005	14	18	991	58	1	0	245	0	315	1	0	1	0	0		1	1	0	0	42		
2019-06-03 12:50:00	60.34158	5.35575	12	0	4	0	0	0.005	14	18	991	60	1	0	99	0	350	1	1	0	1	0	0	1	1	0	0	43		
2019-06-03 12:55:00	60.34155	5.35566	11	0	5	0	0	0.005	14	18	991	61	1	0	243	0	350	1	1	1	0	1	0	1	1	0	0	43		
2019-06-03 13:00:00	60.34155	5.35566	11	0	6	0	0	0.005	14	17	991	62	1	0	257	0	350	1	1	1	1	0	1	1	1	0	0	44		
2019-06-03 13:05:00	60.34161	5.35572	11	0	7	0	0	0.005	14	17	992	63	1	0	27	0	350	1	1	1	1	1	0	1	1	0	0	43		
2019-06-03 13:10:00	60.34155	5.35572	12	0	8	0	0	0.005	14	17	991	64	3	0	171	0	350	0	1	1	1	1	1	1	1	0	0	33		
2019-06-03 13:15:00	60.34152	5.35578	11	0	9	0	0	0.005	14	17	992	65	1	0	143	0	125	0	0	1	1	1	1	1	1	0	0	44		
2019-06-03 13:20:00	60.34155	5.35572	12	0	10	0	0	0.005	14	16	991	66	2	0	297	0	125	0	0	0	1	1	1	1	1	0	0	35		
2019-06-03 13:25:00	60.34164	5.35569	12	0	11	0	0	0.005	14	16	991	66	1	0	356	0	125	1	0	0	0	1	1	1	1	0	0	43		
2019-06-03 13:30:00	60.34155	5.35572	12	0	12	0	0	0.005	14	16	992	67	1	0	173	0	85	0	1	0	0	0	1	1	1	0	0	42		
2019-06-03 13:35:00	60.34161	5.35566	12	0	13	0	0	0.005	14	16	992	66	1	0	331	0	75	0	0	1	0	0	0	1	1	0	0	40		
2019-06-03 13:40:00	60.34164	5.35578	13	0	14	0	0	0.005	14	16	992	67	1	0	56	0	75	1	0	0	1	0	0	1	1	0	0	44		
2019-06-03 13:45:00	60.34155	5.35566	12	0	15	0	0	0.005	14	16	992	68	1	0	218	0	135	0	1	0	0	1	0	1	1	0	0	43		
2019-06-03 13:50:00	60.34167	5.35563	12	0	16	0	0	0.005	14	15	991	69	1	0	354	0	105	1	0	1	0	0	1	1	1	0	0	44		
2019-06-03 13:55:00	60.3417	5.35569	12	0	17	0	0	0.005	14	15	991	70	3	0	49	0	60	1	1	0	1	0	0	1	1	0	0	34		
2019-06-03 14:00:00	60.34158	5.35563	12	0	18	0	0	0.005	14	15	992	70	1	0	192	0	60	0	1	1	0	1	0	1	1	0	0	44		
2019-06-04 08:28:42	60.34155	5.35569	12	1	0	0	0	0.005	14	20	997	55	0	0	263	0	0	0	0					1	1					
2019-06-04 08:30:00	60.34155	5.35566	12	0	1	0	0	0.005	14	20	997	55	1	0	231	0	0	1	0	0				1	1	0	0	0		
2019-06-04 08:35:00	60.34161	5.35572	12	0	2	0	0	0.005	14	19	997	55	2	0	22	0	305	0	1	0	0			1	1	0	0	0		
2019-06-04 08:40:00	60.34149	5.35557	12	0	3	0	1	0.005	14	19	997	57	1	0.1	206	0	295	1	0	1	0	0		1	1	0	0	0		
2019-06-04 08:45:00	60.34155	5.35569	12	0	4	0	0	0.005	14	18	997	59	1	0	39	0	300	1	1	0	1	0	0	1	1	0	0	0		
2019-06-04 08:50:00	60.34158	5.35572	12	0	5	0	0	0.005	14	18	997	59	1	0	41	0	300	1	1	1	0	1	0	1	1	0	0	0		
2019-06-28 12:35:00	57.38859	18.19041	11	0	1	0	0	0.005	13.9	24	1021	27	3	0.1	322	0	0	1	0	0				1	1	0	0	0		
2019-06-28 12:40:00	57.38859	18.19017	11	0	2	0	0	0.005	13.9	24	1021	27	1	0.1	280	0	100	0	1	0	0			1	1	0	0	0		
2019-06-28 12:45:00	57.38862	18.1902	13	0	3	0	0	0.005	13.9	25	1021	27	1	0	50	0	185	1	0	1	0	0		1	1	0	0	0		
2019-06-28 12:50:00	57.38865	18.19014	12	0	4	0	0	0.005	13.9	25	1021	26	1	0	318	0	205	0	1	0	1	0	0	1	1	0	24	19		
2019-06-28 12:55:00	57.38862	18.19026	13	0	5	0	0	0.005	13.9	25	1021	26	1	0	112	0	210	0	0	1	0	1	0	1	1	1	43	0		
2019-06-28 13:00:00	57.38862	18.19017	11	0	6	0	0	0.005	13.8	25	1021	26	1	0	280	0	210	0	0	0	1	0	1	1	1	15	27	0		
2019-06-28 13:05:00	57.38679	18.17844	12	0	7	0	0	0.005	13.9	25	1020	26	1	2.4	254	800	210	3	0	0	0	1	0	1	1	17	28	0		
2019-06-28 13:10:00	57.37962	18.15585	11	1	8	0	0	0.005	13.9	25	1020	26	1	5.2	240	2300	210	2	3	0	0	0	1	0	1	39	3	0		
2019-06-28 13:15:00	57.37998	18.12972	11	0	9	0	0	0.005	13.9	25	1020	25	1	5.2	271	3800	255	2	2	3	0	0	0	0	1	0	45	0		
2019-06-28 13:21:21	57.37947	18.12102	11	1	0	0	0	0.005	14	25	1021	25	0	1.7	272	0	0	0	0					1	1					
2019-06-28 13:25:00	57.37926	18.11799	12	0	1	0	0	0.005	13.9	24	1021	25	1	0.8	263	200	0	1	0	0				1	1	18	10	0		
2019-06-28 13:30:00	57.37812	18.11895	12	0	2	0	0	0.005	13.9	24	1021	25	1	0.5	156	200	15	0	1	0	0			1	1	44	0	0		
2019-06-28 13:35:00	57.37701	18.12024	13	0	3	0	0	0.005	13.9	24	1021	25	2	0.5	148	300	170	1	0	1	0	0		1	1	34	0	0		
2019-06-28 13:40:00	57.37602	18.12138	12	0	4	0	0	0.005	13.9	24	1021	25	1	0.4	149	400	230	2	1	0	1	0	0	1	1	43	0	0		
2019-06-28 13:45:00	57.37662	18.11649	12	0	5	0	0	0.005	13.9	24	1020	25	1	1	283	400	230	3	2	1	0	1	0	1	1	24	15	5		
2019-06-28 13:50:00	57.38148	18.10575	12	0	6	0	0	0.005	13.9	24	1020	25	1	2.8	310	900	55	0	3	2	1	0	1	1	1	0	41	0		
2019-06-28 14:00:00	57.38019	18.10566	12	0	8	0	0	0.005	13.9	24	1020	25	3	0.2	192	900	240	2	1	0	3	2	1	1	1	5	10	15		
2019-06-28 14:05:00	57.37974	18.10551	12	0	9	0	0	0.005	13.9	24	1020	25	2	0.2	191	900	240	2	2	1	0	3	2	1	1	0	37	0		
2019-06-28 14:10:00	57.37932	18.1053	12	0	10	0	0	0.005	14	23	1020	25	2	0.2	194	900	240	2	2	2	1	0	3	1	1	0	36	0		
2019-06-28 14:15:00	57.37893	18.10512	13	0	11	0	0	0.005	14	23	1020	25	1	0.1	194	1000	240	2	2	2	2	1	0	1	1	0	40	3		
2019-06-28 14:20:00	57.37854	18.10512	13	0	12	0	0	0.005	13.9	23	1021	25	2	0.1	180	1000	240	2	2	2	2	2	1	1	1	0	28	7		
2019-06-28 14:25:00	57.3783	18.10662	12	0	13	0	0	0.005	14	22	1021	25	1	0.3	108	900	240	2	2	2	2	2	2	1	1	0	13	30		
2019-06-28 14:30:00	57.37761	18.10908	14	0	14	0	0	0.005	14	22	1021	25	2	0.5	117	700	240	2	2	2	2	2	2	1	1	0	0	38		
2019-06-28 14:35:00	57.3768	18.10761	13	0	15	0	1	0.005	14	22	1021	25	1	0.4	224	900	240	2	0	2	2	2	2	1	1	34	1	6		
2019-06-28 14:40:00	57.37596	18.10473	13	0	16	0	0	0.005	13.9	21	1021	25	1	0.7	242	1100	240	2	0	0	2	2	2	0	1	43	0	0		
2019-06-28 14:45:00	57.37533	18.10149	13	0	17	0	0	0.005	13.9	21	1021	25	1	0.7	250	1300	240	3	0	0	0	2	2	0	1	43	0	0		
2019-06-28 14:50:00	57.37512	18.09858	12	0	18	0	0	0.005	13.9	21	1021	25	2	0.6	262	1400	240	3	0	0	0	0	2	0	1	40	0	0		
2019-06-28 15:00:00	57.37401	18.09204	11	0	19	0	1	0.005	13.9	21	1020	25	2	0.7	253	1800	240	3	0	0	0	0	0	0	1	97	0	0		
2019-06-28 15:10:00	57.37308	18.08514	13	0	20	0	0	0.005	13.9	20	1021	25	3	0.7	256	2300	240	3	0	0	0	0	0	0	1	94	0	0		
2019-06-28 15:20:00	57.37215	18.08031	15	0	21	0	0	0.005	13.9	20	1021	25	3	0.5	251	2600	240	3	0	0	0	0	0	0	1	93	2	0		
2019-06-28 15:30:00	57.37086	18.07521	41	0	22	0	0	0.005	13.9	20	1020	25	2	0.5	245	2900	240	3	0	0	0	0	0	0	1	97	0	0		
2019-06-28 15:40:00	57.36972	18.07113	13	0	23	0	0	0.005	13.9	19	1020	25	2	0.5	243	3200	240	3	0	0	0	0	0	0	1	90	4	0		
2019-06-28 15:50:00	57.36828	18.0672	12	0	24	0	0	0.005	14	19	1020	25	1	0.5	236	3500	240	3	0	0	0	0	0	0	1	99	2	0		
2019-06-28 16:00:00	57.36651	18.06444	11	0	25	0	0	0.005	13.9	19	1020	25	1	0.4	220	3700	240	3	0	0	0	0	0	0	1	97	4	0		
2019-06-28 16:10:00	57.36489	18.06144	12	0	26	0	0	0.005	13.9	19	1020	25	1	0.4	225	3900	240	3	0	0	0	0	0	0	1	98	3	0		
2019-06-28 16:20:00	57.36291	18.0591	13	0	27	0	0	0.005	13.9	19	1020	25	2	0.4	212	4100	240	3	0	0	0	0	0	0	1	97	2	0		
2019-06-28 16:30:00	57.36105	18.05688	12	0	28	0	0	0.005	13.9	19	1020	25	1	0.4	213	4400	240	3	0	0	0	0	0	0	1	100	1	0		
2019-06-28 16:40:00	57.3588	18.05487	12	0	29	0	0	0.005	13.9	19	1020	25	1	0.5	206	4600	240	3	0	0	0	0	0	0	0	100	0	0		
2019-06-28 16:50:00	57.3561	18.05448	13	0	0	0	0	0.005	13.9	18	1020	25	1	0.5	184	4800	240	2	0	0	0	0	0	0	0	100	0	0		
2019-06-28 17:00:00	57.354	18.05487	12	0	1	0	5	0.005	13.9	18	1020	25	1	0.4	174	-500	240	1	0	0	0	0	0	0	1	100	1	0		
2019-06-28 17:10:00	57.35247	18.05484	13	0	2	0	0	0.005	13.9	18	1020	25	1	0.3	180	-600	240	1	0	0	0	0	0	0	1	91	10	0		
2019-06-28 17:20:00	57.35349	18.05598	12	0	3	0	1	0.005	13.9	18	1020	25	1	0.2	31	-500	285	0	1	0	0	0	0	0	1	16	8	77		
2019-06-28 17:30:00	57.35271	18.05727	13	0	4	0	0	0.005	13.8	18	1020	25	1	0.2	138	-700	270	0	0	1	0	0	0	0	1	81	5	14		
2019-06-28 17:40:00	57.35166	18.05778	13	0	5	0	0	0.005	14	18	1020	25	1	0.2	166	-800	270	0	0	0	1	0	0	0	1	92	9	0		
2019-06-28 17:50:00	57.35028	18.05808	18	0	6	0	0	0.005	14	18	1020	25	1	0.3	173	-900	270	0	0	0	0	1	0	0	1	97	4	0		
2019-06-28 18:00:00	57.34905	18.05829	40	0	7	0	0	0.005	14	18	1020	25	1	0.2	175	-1000	270	0	0	0	0	0	1	0	1	99	2	0		
2019-06-28 18:10:00	57.3486	18.05889	12	0	8	0	0	0.005	13.9	18	1020	25	2	0.1	144	-1100	270	1	0	0	0	0	0	0	1	90	4	0		
2019-06-28 18:20:00	57.34959	18.05994	11	0	9	0	0	0.005	13.9	18	1020	25	1	0.2	30	-1000	280	1	1	0	0	0	0	0	1	15	14	72		
2019-06-28 18:30:00	57.35046	18.06072	12	0	10	0	0	0.005	13.9	18	1020	25	1	0.2	25	-1000	280	1	1	1	0	0	0	0	1	0	7	94		
2019-06-28 18:40:00	57.35088	18.06186	11	0	11	0	1	0.005	13.9	17	1020	25	1	0.1	56	-1000	280	0	1	1	1	0	0	0	1	0	23	78		
2019-06-28 19:00:00	57.35154	18.06474	11	0	12	0	0	0.005	13.9	17	1020	25	1	0.2	66	-1000	205	1	0	1	1	1	0	0	1	17	32	53		
2019-06-28 19:20:00	57.35199	18.06873	11	0	13	0	0	0.005	13.9	17	1020	25	1	0.2	78	-1100	20	3	1	0	1	1	1	0	1	0	31	70		
2019-06-28 19:40:00	57.35451	18.06933	12	0	14	0	0	0.005	13.9	16	1020	25	1	0.2	8	-1000	20	2	3	1	0	1	1	0	1	81	12	9		
2019-06-28 20:00:00	57.35475	18.06834	11	0	15	0	0	0.005	13.9	16	1020	25	1	0.1	296	-900	110	2	2	3	1	0	1	0	1	12	0	89		
2019-06-28 20:20:00	57.35616	18.06498	12	0	16	0	0	0.005	13.9	16	1020	25	1	0.2	308	-700	110	2	2	2	3	1	0	0	1	0	0	100		
2019-06-28 20:40:00	57.36024	18.05997	11	0	17	0	0	0.005	13.9	15	1020	25	1	0.5	326	-300	110	2	2	2	2	3	1	0	1	0	0	100		
2019-06-28 21:00:00	57.36489	18.05217	19	0	18	0	0	0.005	13.9	15	1020	25	1	0.6	318	700	110	3	2	2	2	2	3	0	1	0	0	100		
2019-06-28 21:20:00	57.37077	18.05616	15	0	19	0	0	0.005	13.8	15	1020	25	1	0.6	20	1300	170	1	3	2	2	2	2	0	1	93	1	8		
2019-06-28 21:40:00	57.37041	18.04458	40	0	20	0	0	0.005	13.8	15	1020	25	1	0.6	267	1400	170	0	1	3	2	2	2	0	1	3	1	97		
2019-06-28 22:00:00	57.36927	18.0495	12	0	21	0	0	0.005	13.8	15	1020	25	1	0.3	113	1200	185	0	0	1	3	2	2	0	1	93	2	6		
2019-06-28 22:20:00	57.36744	18.05388	11	0	22	0	0	0.005	13.8	15	1020	25	2	0.3	128	1000	185	1	0	0	1	3	2	0	1	99	2	0		
2019-06-28 23:00:00	57.36717	18.04986	12	0	24	0	0	0.005	13.8	15	1020	25	3	0.3	120	1000	200	0	0	1	0	0	1	0	1	95	0	6		
2019-06-28 23:20:00	57.36387	18.05838	12	0	25	0	0	0.005	13.8	15	1019	25	1	0.5	126	600	200	1	0	0	1	0	0	0	1	100	0	0		
2019-06-28 23:40:00	57.36666	18.05007	12	0	26	0	0	0.005	13.8	15	1019	25	1	0.5	302	900	215	0	1	0	0	1	0	0	1	5	3	93		
2019-06-29 00:00:00	57.36465	18.05931	40	0	27	0	0	0.005	13.7	15	1019	25	1	0.5	112	700	205	1	0	1	0	0	1	0	1	96	1	5		
2019-06-29 00:20:00	57.3684	18.0534	12	0	28	0	0	0.005	13.8	15	1019	25	1	0.5	320	1100	215	0	1	0	1	0	0	0	1	5	3	94		
2019-06-29 00:40:00	57.36633	18.06234	14	0	29	0	0	0.005	13.8	15	1019	25	1	0.5	113	900	215	1	0	1	0	1	0	0	1	96	0	5		
2019-06-29 01:00:00	57.37122	18.05766	12	0	0	0	0	0.005	13.7	15	1019	25	1	0.5	333	1400	225	0	1	0	1	0	1	0	1	5	1	95		
2019-06-29 01:20:00	57.3705	18.06477	15	0	1	0	0	0.005	13.7	15	1018	25	2	0.4	101	1400	220	0	0	1	0	1	0	0	1	95	1	5		
2019-06-29 01:40:00	57.36819	18.07377	41	0	2	0	0	0.005	13.7	15	1018	25	1	0.5	115	1500	220	1	0	0	1	0	1	0	1	100	0	0		
2019-06-29 02:00:00	57.37194	18.07173	12	0	3	0	0	0.005	13.7	15	1018	25	1	0.4	344	1800	225	0	1	0	0	1	0	0	0	5	3	93		
2019-06-29 02:20:00	57.37035	18.07938	12	0	4	0	0	0.005	13.7	15	1018	25	1	0.4	111	1900	225	1	0	1	0	0	1	0	0	95	1	6		
2019-06-29 02:40:00	57.37392	18.07602	11	0	5	0	0	0.005	13.8	15	1018	25	1	0.4	333	2100	220	0	1	0	1	0	0	0	0	6	2	93		
2019-06-29 03:00:00	57.3726	18.08439	14	0	6	0	0	0.005	14	15	1018	25	1	0.4	106	2300	220	1	0	1	0	1	0	0	0	94	1	6		
2019-06-29 03:20:00	57.37527	18.08031	41	0	7	0	0	0.005	14	15	1018	25	1	0.3	321	2400	210	1	1	0	1	0	1	0	0	6	4	92		
2019-06-29 03:40:00	57.37848	18.07503	12	0	8	0	0	0.005	14	15	1017	25	1	0.4	318	2500	210	0	1	1	0	1	0	0	0	0	1	100		
2019-06-29 04:20:00	57.38064	18.07947	12	0	10	0	0	0.005	13.9	15	1017	24	3	0.4	334	2800	225	0	1	0	1	1	0	0	0	4	1	96		
2019-06-29 05:00:00	57.37386	18.09123	12	0	12	0	0	0.005	13.9	16	1016	24	3	0.4	142	2700	235	0	0	0	1	0	1	0	0	100	1	0		
2019-06-29 05:20:00	57.36999	18.09666	11	0	13	0	0	0.005	13.9	15	1016	24	1	0.4	143	-2800	235	1	0	0	0	1	0	0	0	100	0	0		
2019-06-29 05:40:00	57.37464	18.0951	11	0	14	0	0	0.005	13.9	15	1016	24	1	0.4	350	3000	245	0	1	0	0	0	1	0	0	5	2	94		
2019-06-29 06:00:00	57.37263	18.099	40	0	15	0	0	0.005	13.9	16	1016	24	1	0.3	134	-3100	245	0	0	1	0	0	0	0	0	93	4	4		
2019-06-29 06:20:00	57.36981	18.10368	12	0	16	0	0	0.005	13.9	16	1016	24	3	0.4	138	-3200	245	1	0	0	1	0	0	0	0	100	1	0		
2019-06-29 06:40:00	57.37224	18.10134	13	0	17	0	0	0.005	13.9	16	1016	24	1	0.3	333	-3200	235	1	1	0	0	1	0	0	0	6	5	91		
2019-06-29 07:00:00	57.37383	18.09852	12	0	18	0	0	0.005	13.9	16	1016	24	1	0.2	316	3100	235	1	1	1	0	0	1	0	0	0	6	95		
2019-06-29 07:20:00	57.37509	18.0957	14	0	19	0	0	0.005	13.9	17	1015	24	3	0.2	310	3000	235	1	1	1	1	0	0	0	0	0	14	87		
2019-06-29 08:00:00	57.37725	18.08571	18	0	21	0	0	0.005	13.9	17	1015	24	3	0.4	284	2800	235	1	1	1	1	1	1	0	0	0	1	100		
2019-06-29 08:20:00	57.37818	18.07737	15	0	22	0	0	0.005	13.9	17	1015	24	1	0.4	282	2500	235	1	1	1	1	1	1	0	0	0	0	100		
2019-06-29 08:40:00	57.37914	18.06594	41	0	23	0	0	0.005	13.9	18	1015	24	1	0.6	279	2400	235	0	1	1	1	1	1	0	0	0	1	100		
2019-06-29 09:00:00	57.3747	18.07425	11	0	24	0	0	0.005	13.9	18	1015	24	1	0.6	135	2100	205	1	0	1	1	1	1	0	0	97	0	4		
2019-06-29 09:20:00	57.3765	18.06333	12	0	25	0	0	0.005	13.9	18	1014	24	1	0.6	287	2000	210	0	1	0	1	1	1	0	0	5	0	96		
2019-06-29 09:40:00	57.37281	18.07065	12	0	26	0	0	0.005	13.9	18	1014	24	1	0.5	133	1800	210	1	0	1	0	1	1	0	0	94	2	5		
2019-06-29 10:00:00	57.37389	18.0669	12	0	27	0	0	0.005	13.9	18	1014	24	1	0.2	298	1800	220	0	1	0	1	0	1	0	0	7	9	85		
2019-06-29 10:20:00	57.37173	18.07392	11	0	28	0	0	0.005	13.9	19	1014	24	1	0.4	120	1800	210	1	0	1	0	1	0	0	0	95	1	6		
2019-06-29 10:40:00	57.37401	18.06828	11	0	29	0	0	0.005	13.9	19	1014	24	1	0.4	307	1900	215	0	1	0	1	0	1	0	0	7	2	93		
2019-06-29 11:00:00	57.37734	18.06177	41	0	0	0	1	0.005	13.9	20	1014	24	1	0.4	313	2100	215	0	1	1	0	1	0	0	0	0	2	99		
2019-06-29 11:20:00	57.38049	18.05553	11	0	1	0	0	0.005	13.9	20	1013	24	1	0.4	313	2400	215	0	1	1	1	0	1	0	0	0	3	98		
2019-06-29 11:40:00	57.38334	18.04992	12	0	2	0	0	0.005	13.9	20	1013	24	1	0.4	314	2700	215	0	1	1	1	1	0	0	0	0	4	97		
2019-06-29 12:00:00	57.38445	18.04665	12	0	3	0	0	0.005	13.9	20	1013	24	2	0.2	302	2900	215	0	1	1	1	1	1	0	0	0	10	91		
2019-06-29 12:20:00	57.38592	18.04368	12	0	4	0	0	0.005	13.9	20	1013	24	1	0.2	312	3100	215	0	1	1	1	1	1	0	0	0	18	83		
2019-06-29 12:40:00	57.38847	18.04023	13	0	5	0	0	0.005	13.9	21	1013	24	1	0.3	324	3400	215	0	1	1	1	1	1	0	0	0	9	92		
2019-06-29 13:00:00	57.39057	18.03762	41	0	6	0	0	0.005	13.9	21	1013	24	1	0.2	327	3700	215	0	1	1	1	1	1	0	0	0	21	80		
2019-06-29 13:20:00	57.39312	18.03549	11	0	7	0	0	0.005	13.9	22	1013	24	1	0.3	336	4000	215	0	1	1	1	1	1	0	0	0	14	87		
2019-06-29 13:40:00	57.39534	18.03375	11	0	8	0	0	0.005	13.9	22	1013	24	1	0.2	337	4300	215	0	1	1	1	1	1	0	0	0	17	84		
2019-06-29 14:00:00	57.39708	18.03093	11	0	9	0	0	0.005	13.9	22	1013	24	2	0.2	319	4500	215	0	1	1	1	1	1	0	0	0	9	92		
2019-06-29 14:20:00	57.39858	18.02925	12	0	10	0	0	0.005	13.9	22	1013	24	2	0.2	329	4700	215	0	1	1	1	1	1	0	0	0	16	85		
2019-06-29 14:40:00	57.40044	18.02622	12	0	11	0	0	0.005	13.9	22	1013	25	2	0.2	318	4900	215	0	1	1	1	1	1	0	0	0	7	94		
2019-06-29 15:00:00	57.40128	18.02514	13	0	12	0	0	0.005	13.9	22	1013	25	1	0.1	326	5000	215	0	1	1	1	1	1	0	0	0	13	88		
2019-06-29 15:20:00	57.40191	18.02538	12	0	13	0	0	0.005	13.9	22	1013	25	1	0.1	11	5100	215	0	1	1	1	1	1	0	0	0	23	78		
2019-06-29 15:40:00	57.40248	18.02574	13	0	14	0	0	0.005	13.9	22	1013	25	1	0.1	18	5200	215	0	1	1	1	1	1	0	0	0	21	80		
2019-06-29 16:00:00	57.40293	18.02418	40	0	15	0	0	0.005	13.9	22	1012	25	1	0.1	297	5200	215	0	1	1	1	1	1	0	0	0	10	91		
2019-06-29 16:20:00	57.40305	18.02271	11	0	16	0	0	0.005	13.9	21	1012	25	2	0.1	279	5300	215	0	1	1	1	1	1	0	0	0	8	93		
2019-06-29 16:40:00	57.40275	18.02094	11	0	17	0	0	0.005	13.9	21	1012	25	1	0.1	253	5300	215	0	1	1	1	1	1	0	0	0	10	91		
2019-06-29 17:00:00	57.40182	18.01755	12	0	18	0	0	0.005	13.9	21	1012	25	1	0.2	243	5300	215	0	1	1	1	1	1	0	0	0	6	95		
2019-06-29 17:20:00	57.40056	18.01383	12	0	19	0	0	0.005	14.1	20	1012	25	1	0.2	238	5300	215	0	1	1	1	1	1	0	0	0	3	98		
2019-06-29 17:40:00	57.39933	18.01044	11	0	20	0	0	0.005	14	20	1012	25	1	0.2	236	5200	215	0	1	1	1	1	1	0	0	0	6	95		
2019-06-29 18:00:00	57.39822	18.00546	12	0	21	0	0	0.005	14	20	1011	25	1	0.3	247	5300	215	0	1	1	1	1	1	0	0	0	2	99		
2019-06-29 18:20:00	57.39732	17.99874	12	0	22	0	0	0.005	14	20	1011	25	1	0.3	256	5400	215	0	1	1	1	1	1	0	0	0	2	99		
2019-06-29 18:40:00	57.39669	17.99115	12	0	23	0	0	0.005	14	19	1010	25	1	0.4	261	5600	215	0	1	1	1	1	1	0	0	0	1	100		
2019-06-29 19:00:00	57.39696	17.98431	12	0	24	0	0	0.005	14	19	1011	25	1	0.3	275	5800	215	0	1	1	1	1	1	0	0	0	2	99		
2019-06-29 19:20:00	57.3978	17.98059	13	0	25	0	0	0.005	14	19	1011	25	1	0.2	293	6000	215	0	1	1	1	1	1	0	0	0	9	92		
2019-06-29 19:40:00	57.39738	17.98005	13	0	26	0	0	0.005	13.9	19	1011	25	1	0	214	6000	215	0	1	1	1	1	1	0	0	10	18	74		
2019-06-29 20:00:00	57.39612	17.97726	40	0	27	0	0	0.005	13.9	19	1011	25	1	0.2	230	5900	215	0	1	1	1	1	1	0	0	0	13	88		
2019-06-29 20:20:00	57.39453	17.97531	12	0	28	0	0	0.005	13.9	19	1011	25	1	0.2	213	5900	215	0	1	1	1	1	1	0	0	1	29	71		
2019-06-29 20:40:00	57.393	17.97063	12	0	29	0	0	0.005	13.9	19	1011	25	1	0.3	239	5900	215	0	1	1	1	1	1	0	0	0	15	86		
2019-06-29 21:00:00	57.39282	17.9631	13	0	0	0	0	0.005	13.9	19	1011	25	1	0.4	267	6100	215	0	1	1	1	1	1	0	0	0	4	97		
2019-06-29 21:20:00	57.39594	17.95452	13	0	1	0	0	0.005	13.9	19	1011	25	1	0.5	304	6600	215	0	1	1	1	1	1	0	0	0	1	100		
2019-06-29 21:40:00	57.39987	17.94654	41	0	2	0	0	0.005	13.9	19	1010	25	1	0.5	312	7300	215	0	1	1	1	1	1	0	0	0	0	100		
2019-06-29 22:00:00	57.40263	17.93862	11	0	3	0	0	0.005	13.9	19	1010	25	1	0.5	303	7800	215	0	1	1	1	1	1	0	0	0	2	99		
2019-06-29 22:20:00	57.40521	17.93175	12	0	4	0	0	0.005	13.9	19	1010	25	1	0.4	305	8200	215	0	1	1	1	1	1	0	0	0	6	95		
2019-06-29 22:40:00	57.4098	17.9232	13	0	5	0	0	0.005	13.9	19	1011	25	1	0.6	315	8900	215	0	1	1	1	1	1	0	0	0	1	100		
2019-06-29 23:20:00	57.42138	17.90958	11	0	7	0	0	0.005	13.8	19	1011	25	3	0.7	332	400	215	2	1	1	1	1	1	0	1	0	1	100		
2019-06-29 23:40:00	57.42828	17.90229	12	0	8	0	0	0.005	13.8	19	1010	25	2	0.7	330	700	215	1	1	1	1	1	1	0	1	0	0	100		
2019-06-30 00:00:00	57.43515	17.89551	40	0	9	0	1	0.005	13.8	19	1010	25	1	0.7	332	900	215	1	1	1	1	1	1	0	1	0	1	100		
2019-06-30 00:20:00	57.44139	17.89119	13	0	10	0	0	0.005	13.8	19	1010	25	1	0.6	340	1300	215	1	1	1	1	1	1	0	1	0	1	100		
2019-06-30 00:40:00	57.45027	17.88615	13	0	11	0	0	0.005	13.8	19	1010	25	1	0.9	343	1800	215	1	1	1	1	1	1	0	1	0	1	100		
2019-06-30 01:00:00	57.45936	17.8824	13	0	12	0	0	0.005	13.8	19	1010	25	1	0.9	347	2400	215	1	1	1	1	1	1	0	1	0	0	100		
2019-06-30 01:20:00	57.46797	17.87808	41	0	13	0	0	0.005	13.8	19	1010	25	1	0.8	345	2900	215	1	1	1	1	1	1	0	1	0	0	100		
2019-06-30 01:40:00	57.47547	17.87523	11	0	14	0	0	0.005	13.8	19	1010	25	1	0.7	349	3400	215	1	1	1	1	1	1	0	1	0	1	100		
2019-06-30 02:00:00	57.483	17.87142	13	0	15	0	0	0.005	13.8	18	1010	25	1	0.7	345	3800	215	1	1	1	1	1	1	0	1	0	0	100		
2019-06-30 02:20:00	57.48969	17.86644	11	0	16	0	0	0.005	13.8	18	1010	25	1	0.7	338	4100	215	1	1	1	1	1	1	0	1	0	1	100		
2019-06-30 02:40:00	57.4956	17.86155	11	0	17	0	0	0.005	13.9	18	1010	25	1	0.6	336	4400	215	1	1	1	1	1	1	0	1	0	0	100		
2019-06-30 03:00:00	57.50172	17.85789	13	0	18	0	0	0.005	14	18	1010	25	1	0.6	342	4800	215	0	1	1	1	1	1	0	1	0	0	100		
2019-06-30 03:20:00	57.49665	17.86494	41	0	19	0	0	0.005	14	18	1010	25	3	0.6	143	4700	245	1	0	1	1	1	1	0	1	96	1	4		
2019-06-30 03:40:00	57.50259	17.86086	12	0	20	0	0	0.005	14	18	1010	25	1	0.6	340	5000	240	0	1	0	1	1	1	0	1	5	1	95		
2019-06-30 04:20:00	57.4905	17.87688	12	0	22	0	0	0.005	13.9	18	1010	25	3	0.7	147	4600	240	1	0	0	1	0	1	0	1	98	3	0		
2019-06-30 04:40:00	57.49638	17.87382	12	0	23	0	0	0.005	13.9	18	1010	25	1	0.6	344	5000	245	0	1	0	0	1	0	0	1	5	1	96		
2019-06-30 05:00:00	57.50253	17.87163	12	0	24	0	1	0.005	13.9	18	1010	25	1	0.6	349	5400	245	0	1	1	0	0	1	0	1	0	0	100		
2019-06-30 05:20:00	57.50877	17.86854	13	0	25	0	0	0.005	13.9	19	1010	25	1	0.6	345	5800	245	0	1	1	1	0	0	0	0	0	0	100		
2019-06-30 05:40:00	57.51603	17.86599	41	0	26	0	0	0.005	13.9	19	1010	25	1	0.7	349	6300	245	0	1	1	1	1	0	0	0	0	0	100		
2019-06-30 06:00:00	57.52341	17.86308	12	0	27	0	0	0.005	13.9	19	1009	25	1	0.7	348	6700	245	0	1	1	1	1	1	0	0	0	0	100		
2019-06-30 06:20:00	57.53136	17.85999	12	0	28	0	0	0.005	13.9	19	1009	25	1	0.8	348	7300	245	0	1	1	1	1	1	0	0	0	0	100		
2019-06-30 06:40:00	57.53826	17.86014	12	0	29	0	0	0.005	13.9	19	1009	25	1	0.6	1	7800	245	0	1	1	1	1	1	0	0	0	2	99		
2019-06-30 07:00:00	57.54486	17.86008	12	0	0	0	0	0.005	13.9	19	1009	25	1	0.6	360	8400	245	0	1	1	1	1	1	0	0	0	0	100		
2019-06-30 07:20:00	57.55092	17.85957	12	0	1	0	0	0.005	13.9	19	1009	25	1	0.6	357	8800	245	0	1	1	1	1	1	0	0	0	1	100		
2019-06-30 07:40:00	57.55641	17.85744	13	0	2	0	0	0.005	13.9	19	1009	25	1	0.5	348	9200	245	0	1	1	1	1	1	0	0	0	0	100		
2019-06-30 08:00:00	57.56145	17.85435	40	0	3	0	0	0.005	13.9	19	1009	25	1	0.5	342	9500	245	0	1	1	1	1	1	0	0	0	0	100		
2019-06-30 08:20:00	57.56418	17.8494	12	0	4	0	2	0.005	13.9	19	1009	25	1	0.4	316	9500	245	0	1	1	1	1	1	0	0	0	2	99		
2019-06-30 08:40:00	57.56661	17.84697	11	0	5	0	0	0.005	13.8	19	1009	25	1	0.3	332	9600	245	0	1	1	1	1	1	0	0	0	1	100		
2019-06-30 09:00:00	57.56703	17.84619	11	0	6	0	0	0.005	13.8	20	1009	25	1	0.1	315	9600	245	0	1	1	1	1	1	0	0	0	11	90		
2019-06-30 09:20:00	57.56619	17.8461	12	0	7	0	0	0.005	13.9	20	1009	25	1	0.1	183	9500	245	0	1	1	1	1	1	0	0	2	19	80		
2019-06-30 09:40:00	57.56523	17.84175	12	0	8	0	0	0.005	13.9	21	1009	25	1	0.2	248	9200	245	0	1	1	1	1	1	0	0	0	5	96		
2019-06-30 10:00:00	57.56406	17.83611	12	0	9	0	0	0.005	13.9	21	1008	25	1	0.3	249	8900	245	0	1	1	1	1	1	0	0	0	5	96		
2019-06-30 10:20:00	57.56217	17.8266	13	0	10	0	0	0.005	13.9	22	1007	25	1	0.5	250	8400	245	0	1	1	1	1	1	0	0	0	3	98		
2019-06-30 10:40:00	57.55881	17.81316	41	0	11	0	0	0.005	13.9	22	1007	25	1	0.7	245	7600	245	0	1	1	1	1	1	0	0	0	0	100		
2019-06-30 11:00:00	57.56238	17.80104	12	0	12	0	1	0.005	13.9	21	1007	25	1	0.7	299	7400	245	0	2	1	1	1	1	0	0	0	0	100		
2019-06-30 11:20:00	57.56772	17.78985	12	0	13	0	0	0.005	13.9	21	1007	25	1	0.7	311	7300	245	0	2	2	1	1	1	0	0	0	0	100		
2019-06-30 11:40:00	57.57657	17.77926	13	0	14	0	0	0.005	13.9	22	1006	25	1	1	327	7600	245	0	2	2	2	1	1	0	0	0	0	100		
2019-06-30 12:00:00	57.5862	17.76219	13	0	15	0	0	0.005	13.9	22	1006	25	1	1.2	316	7800	245	0	2	2	2	2	1	0	0	0	0	100		
2019-06-30 12:20:00	57.59592	17.74458	13	0	16	0	0	0.005	13.9	21	1006	25	1	1.3	316	8200	245	0	2	2	2	2	2	0	0	0	0	100		
2019-06-30 12:40:00	57.60576	17.72766	13	0	17	0	0	0.005	13.9	21	1006	25	1	1.2	317	8900	245	0	2	2	2	2	2	0	0	0	0	100		
2019-06-30 13:00:00	57.61569	17.70927	41	0	18	0	0	0.005	13.9	21	1005	25	1	1.3	315	9800	245	0	2	2	2	2	2	0	0	0	0	100		
2019-06-30 13:20:00	57.62361	17.68884	11	0	19	0	0	0.005	13.9	20	1005	25	1	1.3	306	10600	245	0	2	2	2	2	2	0	0	0	0	100		
2019-06-30 13:40:00	57.63111	17.66616	12	0	20	0	0	0.005	13.9	20	1004	25	1	1.3	302	11500	245	0	2	2	2	2	2	0	0	0	0	100		
2019-06-30 14:20:00	57.64635	17.62407	11	0	22	0	0	0.005	13.9	20	1004	25	3	1.3	304	13700	245	0	2	2	2	2	2	0	0	0	0	100		
2019-06-30 14:40:00	57.65448	17.60382	11	0	23	0	0	0.005	13.9	20	1003	25	1	1.3	307	14900	245	0	2	2	2	2	2	0	0	0	0	100		
2019-06-30 15:00:00	57.66132	17.58216	12	0	24	0	0	0.005	13.9	20	1002	25	2	1.2	301	16100	245	0	2	2	2	2	2	0	0	0	0	100		
2019-06-30 15:20:00	57.66729	17.56008	13	0	25	0	0	0.005	13.9	20	1001	25	1	1.2	297	17200	245	0	2	2	2	2	2	0	0	0	0	100		
2019-06-30 15:40:00	57.67113	17.53788	13	0	26	0	0	0.005	13.9	19	1002	25	1	1.2	288	18200	245	0	2	2	2	2	2	0	0	0	0	100		
2019-06-30 16:00:00	57.67746	17.51598	40	0	27	0	0	0.005	13.9	19	1002	25	1	1.2	298	19500	245	3	2	2	2	2	2	0	0	0	0	100		
2019-06-30 16:20:00	57.6849	17.49714	12	0	28	0	0	0.005	14	19	1001	25	1	1.2	306	20800	245	3	2	2	2	2	2	0	0	0	0	100		
2019-06-30 16:40:00	57.68565	17.48352	11	0	29	0	1	0.005	13.9	19	1000	25	1	0.7	276	21300	245	3	1	2	2	2	2	0	0	0	2	99		
2019-06-30 17:00:00	57.68547	17.47245	11	0	0	0	0	0.005	13.9	19	1000	25	1	0.5	268	21700	245	3	1	1	2	2	2	0	0	0	1	100		
2019-06-30 17:20:00	57.6852	17.46006	12	0	1	0	0	0.005	13.9	19	1000	25	1	0.6	268	22100	245	3	1	1	1	2	2	0	0	0	0	100		
2019-06-30 17:40:00	57.68466	17.44845	12	0	2	0	0	0.005	13.9	19	1000	25	1	0.6	265	22500	245	3	1	1	1	1	2	0	0	0	0	100		
2019-06-30 18:00:00	57.68454	17.43834	12	0	3	0	0	0.005	13.9	19	1000	25	1	0.5	269	22900	245	3	1	1	1	1	1	0	0	4	1	96		
2019-06-30 18:20:00	57.68451	17.42871	11	0	4	0	0	0.005	14	19	999	25	1	0.5	270	23300	245	3	1	1	1	1	1	0	0	4	2	96		
2019-06-30 18:40:00	57.68367	17.41791	12	0	5	0	0	0.005	14	19	999	25	1	0.5	262	23600	245	3	1	1	1	1	1	0	0	0	1	100		
2019-06-30 19:00:00	57.68307	17.40699	12	0	6	0	0	0.005	14	19	999	25	2	0.5	264	24000	245	3	1	1	1	1	1	0	0	0	0	100		
2019-06-30 19:20:00	57.68382	17.39712	13	0	7	0	0	0.005	13.9	19	1000	25	1	0.5	278	24500	245	3	1	1	1	1	1	0	0	0	4	97		
2019-06-30 19:40:00	57.68607	17.38869	12	0	8	0	0	0.005	13.9	19	1000	25	1	0.5	297	25000	245	3	1	1	1	1	1	0	0	0	2	99		
2019-06-30 20:00:00	57.68826	17.38533	40	0	9	0	0	0.005	13.9	19	1000	25	1	0.3	321	25300	245	3	1	1	1	1	1	0	0	0	2	99		
2019-06-30 20:20:00	57.69231	17.38005	11	0	10	0	0	0.005	13.9	19	1000	25	1	0.5	325		245	3	1	1	1	1	1	0	0	0	1	100		
2019-06-30 20:40:00	57.69633	17.37474	12	0	11	0	0	0.005	13.9	19	1001	25	1	0.5	325		245	3	1	1	1	1	1	0	0	0	1	100		
2019-06-30 21:00:00	57.70119	17.3688	12	0	12	0	5	0.005	13.9	19	1001	25	1	0.5	327	1200	245	0	1	1	1	1	1	0	1	0	1	100		
2019-06-30 21:20:00	57.70467	17.36142	13	0	13	0	0	0.005	13.9	19	1001	25	1	0.5	311	1800	245	0	1	1	1	1	1	0	1	0	3	98		
2019-06-30 21:40:00	57.69135	17.36427	13	0	14	0	1	0.005	13.9	19	1001	25	1	1.2	173	600	250	0	0	1	1	1	1	0	1	98	0	3		
2019-06-30 22:00:00	57.67863	17.36463	14	0	15	0	0	0.005	13.9	19	1001	25	1	1.2	179	-300	250	0	0	0	1	1	1	0	1	100	0	0		
2019-06-30 22:20:00	57.66408	17.36352	41	0	16	0	0	0.005	13.9	18	1002	25	1	1.3	182	-1300	250	0	0	0	0	1	1	0	1	100	1	0		
2019-06-30 22:40:00	57.64929	17.36175	11	0	17	0	0	0.005	13.9	18	1002	25	1	1.4	184	-2400	250	0	0	0	0	0	1	0	1	100	0	0		
2019-06-30 23:00:00	57.63399	17.3574	12	0	18	0	0	0.005	13.9	18	1003	25	1	1.4	189	-3300	250	1	0	0	0	0	0	0	1	100	0	0		
2019-06-30 23:20:00	57.63798	17.35257	13	0	19	0	0	0.005	13.9	18	1003	25	1	0.4	327	-2800	270	0	1	0	0	0	0	0	1	4	2	95		
2019-06-30 23:40:00	57.62478	17.34843	13	0	20	0	0	0.005	13.8	18	1003	25	1	1.2	190	-3600	270	1	0	1	0	0	0	0	1	97	0	4		
2019-07-01 00:00:00	57.62868	17.343	41	0	21	0	0	0.005	13.8	18	1003	25	1	0.4	323	-3000	270	0	1	0	1	0	0	0	1	3	2	96		
2019-07-01 00:20:00	57.61623	17.33685	12	0	22	0	0	0.005	13.8	18	1003	25	1	1.2	195	-3700	270	1	0	1	0	1	0	0	1	95	0	6		
2019-07-01 00:40:00	57.61923	17.33331	12	0	23	0	0	0.005	13.8	18	1003	25	1	0.3	328	-3300	275	0	1	0	1	0	1	0	1	9	3	90		
2019-07-01 01:00:00	57.60771	17.33058	13	0	24	0	0	0.005	13.8	18	1003	25	2	1.1	187	-4000	270	1	0	1	0	1	0	0	1	90	1	11		
2019-07-01 01:20:00	57.61257	17.32152	12	0	25	0	0	0.005	13.8	18	1003	25	1	0.6	315	-3300	260	1	1	0	1	0	1	0	1	5	0	96		
2019-07-01 01:40:00	57.61845	17.31141	13	0	26	0	0	0.005	13.8	18	1003	25	1	0.7	317	-2400	260	0	1	1	0	1	0	0	1	0	1	100		
2019-07-01 02:00:00	57.60645	17.30622	13	0	27	0	0	0.005	13.8	18	1003	25	1	1.1	193	-3000	260	1	0	1	1	0	1	0	1	96	0	5		
2019-07-01 02:20:00	57.61152	17.29617	13	0	28	0	0	0.005	13.8	18	1004	25	1	0.7	313	-2200	260	0	1	0	1	1	0	0	1	5	0	96		
2019-07-01 02:40:00	57.60015	17.2896	41	0	29	0	0	0.005	13.9	18	1004	25	1	1.1	197	-2800	265	0	0	1	0	1	1	0	1	96	0	5		
2019-07-01 03:00:00	57.58872	17.28288	14	0	0	0	0	0.005	14	18	1004	25	1	1.1	197	-3300	265	1	0	0	1	0	1	0	1	100	0	0		
2019-07-01 03:20:00	57.59511	17.27439	31	0	1	0	0	0.005	14	18	1004	25	1	0.7	325	-2500	265	0	1	0	0	1	0	0	1	5	2	95		
2019-07-01 03:40:00	57.58587	17.26851	14	0	2	0	0	0.005	14	18	1004	25	3	0.9	199	-2900	265	0	0	1	0	0	1	0	1	97	0	4		
2019-07-01 04:00:00	57.57549	17.26215	15	0	3	0	5	0.005	13.9	18	1004	25	1	1	198	-6200	265	0	0	0	1	0	0	0	0	100	0	0		
2019-07-01 04:20:00	57.56493	17.25549	15	0	4	0	0	0.005	13.9	18	1004	25	1	1	199	-5000	265	0	0	0	0	1	0	0	1	100	0	0		
2019-07-01 04:40:00	57.55542	17.25057	16	0	5	0	0	0.005	13.9	18	1004	25	1	0.9	196	-3900	265	0	0	0	0	0	1	0	1	100	0	0		
2019-07-01 05:00:00	57.54588	17.24688	40	0	6	0	1	0.005	13.9	18	1004	25	1	0.9	192	-2800	265	3	0	0	0	0	0	0	1	100	1	0		
2019-07-01 05:20:00	57.53424	17.25456	12	0	7	0	0	0.005	13.9	18	1004	25	1	1.2	160	-2000	265	3	3	0	0	0	0	0	1	100	0	0		
2019-07-01 06:00:00	57.5124	17.27865	13	0	9	0	0	0.005	13.9	18	1004	25	3	1.2	146	-700	265	3	3	3	3	0	0	0	1	100	0	0		
2019-07-01 06:20:00	57.50373	17.29395	12	0	10	0	0	0.005	13.9	18	1004	25	2	1.1	137	-300	265	3	3	3	3	3	0	0	1	100	0	0		
2019-07-01 06:40:00	57.49683	17.31231	12	0	11	0	0	0.005	13.9	18	1004	25	1	1.1	125	-300	265	3	3	3	3	3	3	0	1	100	0	0		
2019-07-01 07:00:00	57.48834	17.3286	12	0	12	0	0	0.005	13.9	18	1004	25	1	1.1	134	0	265	3	3	3	3	3	3	0	1	100	0	0		
2019-07-01 07:20:00	57.47739	17.34066	12	0	13	0	0	0.005	13.9	18	1004	25	1	1.2	149	600	265	3	3	3	3	3	3	0	1	100	0	0		
2019-07-01 07:40:00	57.46767	17.35503	12	0	14	0	0	0.005	13.9	18	1005	25	2	1.1	141	1100	265	3	3	3	3	3	3	0	1	100	0	0		
2019-07-01 08:00:00	57.45636	17.36757	40	0	15	0	0	0.005	13.9	18	1005	25	1	1.2	149	1800	265	3	3	3	3	3	3	0	1	100	0	0		
2019-07-01 08:20:00	57.44625	17.382	13	0	16	0	4	0.005	13.9	18	1005	25	1	1.2	142	1200	265	3	3	3	3	3	3	0	1	100	0	0		
2019-07-01 08:40:00	57.4353	17.39628	13	0	17	0	0	0.005	13.9	18	1005	25	1	1.2	145	1800	265	3	3	3	3	3	3	0	1	100	0	0		
2019-07-01 09:00:00	57.42444	17.41278	11	0	18	0	0	0.005	13.9	18	1004	25	1	1.3	141	2400	265	3	3	3	3	3	3	0	1	100	0	0		
2019-07-01 09:20:00	57.41589	17.43318	13	0	19	0	0	0.005	13.9	18	1005	25	1	1.3	128	2600	265	3	3	3	3	3	3	0	1	100	0	0		
2019-07-01 09:40:00	57.40866	17.45631	12	0	20	0	0	0.005	13.9	18	1005	25	1	1.3	120	2500	265	3	3	3	3	3	3	0	1	100	0	0		
2019-07-01 10:00:00	57.40185	17.47881	41	0	21	0	0	0.005	13.9	18	1005	25	1	1.3	119	2500	265	3	3	3	3	3	3	0	1	100	0	0		
2019-07-01 10:20:00	57.39834	17.50221	11	0	22	0	0	0.005	13.9	18	1005	25	1	1.2	106	2100	265	3	3	3	3	3	3	0	1	100	0	0		
2019-07-01 10:40:00	57.39438	17.52753	11	0	23	0	0	0.005	14	19	1005	25	1	1.3	106	1700	265	3	3	3	3	3	3	0	1	100	0	0		
2019-07-01 11:00:00	57.39276	17.55135	12	0	24	0	0	0.005	13.9	19	1004	25	1	1.2	97	1100	265	3	3	3	3	3	3	0	1	100	0	0		
2019-07-01 11:20:00	57.39489	17.57337	11	0	25	0	0	0.005	13.9	19	1004	25	1	1.1	80	300	265	3	3	3	3	3	3	0	1	100	0	0		
2019-07-01 11:40:00	57.39537	17.59305	15	0	26	0	0	0.005	13.9	19	1004	25	1	1	87	-400	265	3	3	3	3	3	3	0	1	96	1	4		
2019-07-01 12:00:00	57.39354	17.6115	14	0	27	0	0	0.005	13.9	19	1004	25	1	0.9	100	-800	265	3	3	3	3	3	3	0	1	100	0	0		
2019-07-01 12:20:00	57.39072	17.63025	41	0	28	0	0	0.005	13.9	19	1004	25	1	0.9	106	-1100	265	3	3	3	3	3	3	0	1	100	0	0		
2019-07-01 12:40:00	57.38793	17.64699	12	0	29	0	0	0.005	13.9	19	1004	25	1	0.9	107	-1300	265	3	3	3	3	3	3	0	1	100	0	0		
2019-07-01 13:00:00	57.38052	17.66406	12	0	0	0	0	0.005	13.9	19	1004	25	1	1.1	129	-1100	265	3	3	3	3	3	3	0	1	100	0	0		
2019-07-01 13:20:00	57.36843	17.68071	12	0	1	0	0	0.005	13.9	19	1004	25	2	1.4	143	-500	265	3	3	3	3	3	3	0	1	100	0	0		
2019-07-01 13:40:00	57.35568	17.6919	12	0	2	0	0	0.005	13.9	19	1004	25	1	1.3	155	400	265	3	3	3	3	3	3	0	1	100	0	0		
2019-07-01 14:00:00	57.34023	17.69514	11	0	3	0	0	0.005	13.9	19	1004	25	1	1.4	174	1700	265	3	3	3	3	3	3	0	1	100	0	0		
2019-07-01 14:20:00	57.32823	17.69466	16	0	4	0	1	0.005	13.9	19	1004	25	1	1.1	181	2900	265	2	0	3	3	3	3	0	1	100	0	0		
2019-07-01 14:40:00	57.31548	17.69421	14	0	5	0	0	0.005	13.8	19	1004	25	1	1.2	181	4100	265	2	0	0	3	3	3	0	1	100	0	0		
2019-07-01 15:00:00	57.30381	17.69388	41	0	6	0	0	0.005	13.8	19	1004	25	3	1.1	181	5200	265	2	0	0	0	3	3	0	1	100	0	0		
2019-07-01 15:20:00	57.29328	17.69634	13	0	7	0	0	0.005	13.9	19	1004	25	1	1	173	6200	265	2	0	0	0	0	3	0	0	100	0	0		
2019-07-01 15:40:00	57.28329	17.69754	13	0	8	0	0	0.005	13.9	18	1004	25	2	0.9	176	7100	265	2	0	0	0	0	0	0	0	100	0	0		
2019-07-01 16:00:00	57.27483	17.7015	12	0	9	0	0	0.005	13.9	18	1004	25	1	0.8	166	7800	265	2	0	0	0	0	0	0	0	87	4	11		
2019-07-01 16:20:00	57.26439	17.70117	14	0	10	0	0	0.005	13.9	18	1004	25	1	1	181	8800	265	2	0	0	0	0	0	0	0	100	0	0		
2019-07-01 16:40:00	57.25368	17.70225	15	0	11	0	0	0.005	13.9	18	1004	25	2	1	177	9800	265	2	0	0	0	0	0	0	0	100	0	0		
2019-07-01 17:00:00	57.24288	17.70516	41	0	12	0	0	0.005	13.9	18	1004	25	1	1	172	10700	265	2	0	0	0	0	0	0	0	100	0	0		
2019-07-01 17:20:00	57.23211	17.70816	13	0	13	0	0	0.005	14	18	1004	25	1	1	171	11600	265	2	0	0	0	0	0	0	0	100	1	0		
2019-07-01 17:40:00	57.22158	17.70861	12	0	14	0	0	0.005	13.9	18	1004	25	1	1	179	12600	265	2	0	0	0	0	0	0	0	100	0	0		
2019-07-01 18:00:00	57.21156	17.70831	13	0	15	0	0	0.005	13.9	18	1004	25	1	0.9	181	13600	265	2	0	0	0	0	0	0	0	100	0	0		
2019-07-01 18:20:00	57.20319	17.7114	13	0	16	0	0	0.005	13.9	18	1004	25	1	0.8	169	14300	265	2	0	0	0	0	0	0	0	93	4	5		
2019-07-01 18:40:00	57.19662	17.73081	13	0	17	0	5	0.005	13.9	18	1004	25	1	1.1	122	3100	265	2	3	0	0	0	0	0	1	100	0	0		
2019-07-01 19:00:00	57.1926	17.75211	13	0	18	0	0	0.005	13.9	18	1004	25	3	1.1	109	4100	265	2	3	3	0	0	0	0	1	100	0	0		
2019-07-01 19:20:00	57.18681	17.77209	13	0	19	0	0	0.005	13.9	18	1004	25	1	1.1	118	5200	265	1	3	3	3	0	0	0	1	100	0	0		
2019-07-01 19:40:00	57.17661	17.7888	40	0	20	0	0	0.005	13.9	18	1004	25	2	1.2	138	6700	265	1	3	3	3	3	0	0	0	100	0	0		
2019-07-01 20:00:00	57.18315	17.78415	14	0	21	0	1	0.005	13.9	18	1005	25	1	0.7	339	5900	265	1	1	3	3	3	3	0	0	2	1	98		
2019-07-01 20:20:00	57.18972	17.77911	12	0	22	0	0	0.005	13.9	18	1005	25	1	0.7	337	5100	265	1	1	1	3	3	3	0	1	0	2	99		
2019-07-01 20:40:00	57.19683	17.77602	41	0	23	0	0	0.005	13.9	18	1005	25	1	0.7	347	4400	265	2	1	1	1	3	3	0	1	0	1	100		
2019-07-01 21:00:00	57.20325	17.79066	11	0	24	0	0	0.005	13.9	18	1005	25	1	1	51	4200	265	2	2	1	1	1	3	0	1	0	0	100		
2019-07-01 21:20:00	57.21339	17.802	12	0	25	0	0	0.005	13.9	18	1005	25	1	1.1	31	3500	265	2	2	2	1	1	1	0	1	0	0	100		
2019-07-01 21:40:00	57.22638	17.79609	13	0	26	0	0	0.005	13.8	18	1005	25	3	1.2	346	2100	265	2	2	2	2	1	1	0	1	0	1	100		
2019-07-01 22:00:00	57.23961	17.79324	12	0	27	0	5	0.005	13.8	18	1005	25	1	1.2	353	-2000	265	3	2	2	2	2	1	0	1	0	1	100		
2019-07-01 22:20:00	57.22848	17.80605	41	0	28	0	5	0.005	13.8	18	1005	25	1	1.2	148	-700	250	2	3	2	2	2	2	0	1	97	0	4		
2019-07-01 23:00:00	57.23055	17.81646	13	0	0	0	0	0.005	13.8	18	1005	25	3	1.1	139	-300	245	2	3	2	3	2	2	0	1	94	0	7		
2019-07-01 23:20:00	57.24252	17.81334	15	0	1	0	0	0.005	13.8	18	1005	25	1	1.1	352	-1200	245	3	2	3	2	3	2	0	1	3	1	97		
2019-07-01 23:40:00	57.23151	17.82834	14	0	2	0	0	0.005	13.8	18	1005	25	1	1.3	144	200	245	2	3	2	3	2	3	0	1	97	0	4		
2019-07-02 00:00:00	57.24288	17.82396	40	0	3	0	0	0.005	13.8	18	1005	25	1	1.1	348	-700	245	2	2	3	2	3	2	0	1	5	0	96		
2019-07-02 00:20:00	57.25482	17.81691	12	0	4	0	0	0.005	13.8	18	1004	25	1	1.2	342	-1800	245	3	2	2	3	2	3	0	1	0	0	100		
2019-07-02 00:40:00	57.24297	17.82855	11	0	5	0	0	0.005	13.8	18	1004	25	1	1.2	152	-500	245	2	3	2	2	3	2	0	1	93	0	8		
2019-07-02 01:00:00	57.25434	17.8254	13	0	6	0	0	0.005	13.7	18	1004	25	1	1.1	351	-1300	250	3	2	3	2	2	3	0	1	4	0	97		
2019-07-02 01:20:00	57.24288	17.83785	12	0	7	0	0	0.005	13.7	18	1004	25	1	1.2	150	0	250	2	3	2	3	2	2	0	1	94	0	7		
2019-07-02 01:40:00	57.25317	17.83545	11	0	8	0	0	0.005	13.7	18	1004	25	1	1	353	-700	250	2	2	3	2	3	2	0	1	6	1	94		
2019-07-02 02:00:00	57.26487	17.83053	11	0	9	0	0	0.005	13.7	18	1004	25	1	1.1	347	-1700	250	3	2	2	3	2	3	0	1	0	1	100		
2019-07-02 02:20:00	57.25293	17.84622	12	0	10	0	0	0.005	13.7	18	1004	25	1	1.4	145	-200	245	2	3	2	2	3	2	0	1	96	0	5		
2019-07-02 02:40:00	57.26232	17.84157	13	0	11	0	0	0.005	13.8	18	1004	25	1	0.9	345	-1000	245	2	2	3	2	2	3	0	1	4	1	96		
2019-07-02 03:00:00	57.273	17.83608	14	0	12	0	0	0.005	13.8	18	1004	25	1	1	344	-1900	245	3	2	2	3	2	2	0	1	0	1	100		
2019-07-02 03:20:00	57.25812	17.84673	41	0	13	0	0	0.005	14	18	1004	25	1	1.4	159	-500	250	2	3	2	2	3	2	0	1	96	0	5		
2019-07-02 03:40:00	57.26622	17.84901	12	0	14	0	0	0.005	14.1	18	1004	25	2	0.8	9	-900	260	2	2	3	2	2	3	0	1	5	2	95		
2019-07-02 04:00:00	57.27726	17.85255	13	0	15	0	0	0.005	14	18	1004	25	1	1	10	-1400	260	2	2	2	3	2	2	0	1	0	0	100		
2019-07-02 04:20:00	57.28794	17.85198	14	0	16	0	0	0.005	14	18	1004	25	1	1	358	-2000	260	3	2	2	2	3	2	0	1	0	0	100		
2019-07-02 04:40:00	57.27444	17.86224	13	0	17	0	0	0.005	14	18	1004	25	1	1.4	158	-700	255	2	3	2	2	2	3	0	1	92	0	9		
2019-07-02 05:00:00	57.28284	17.86284	14	0	18	0	0	0.005	14	18	1004	25	2	0.8	2	-1200	255	2	2	3	2	2	2	0	1	6	0	95		
2019-07-02 05:20:00	57.29385	17.86029	41	0	19	0	0	0.005	14	18	1004	25	1	1	353	-2000	255	3	2	2	3	2	2	0	1	0	1	100		
2019-07-02 05:40:00	57.28017	17.86737	11	0	20	0	0	0.005	13.9	18	1004	25	1	1.3	164	-800	260	2	3	2	2	3	2	0	1	96	1	4		
2019-07-02 06:00:00	57.28947	17.862	12	0	21	0	0	0.005	13.9	18	1004	25	1	0.9	343	-1600	255	3	2	3	2	2	3	0	1	5	1	95		
2019-07-02 06:20:00	57.27471	17.86806	12	0	22	0	4	0.005	13.9	18	1004	25	1	1.4	168	600	255	2	3	2	3	2	2	0	1	98	0	3		
2019-07-02 06:40:00	57.28281	17.86569	12	0	23	0	0	0.005	13.9	18	1004	25	3	0.8	351	-300	260	3	2	3	2	3	2	0	1	4	0	97		
2019-07-02 07:00:00	57.27012	17.8788	12	0	24	0	0	0.005	13.9	18	1004	25	1	1.3	151	1200	250	2	3	2	3	2	3	0	1	96	1	5		
2019-07-02 07:20:00	57.27861	17.87457	12	0	25	0	0	0.005	13.9	18	1004	25	3	0.8	345	200	245	3	2	3	2	3	2	0	1	3	0	98		
2019-07-02 07:40:00	57.26682	17.88366	12	0	26	0	0	0.005	13.9	18	1004	25	3	1.2	157	1600	250	2	3	2	3	2	3	0	1	98	0	3		
2019-07-02 08:00:00	57.27693	17.8821	40	0	27	0	0	0.005	13.9	18	1004	25	3	0.9	355	400	255	2	2	3	2	3	2	0	1	4	0	97		
2019-07-02 08:10:00	57.28242	17.88141	13	0	28	0	2	0.005	14	17	1004	25	1	1.1	356	-200	255	3	2	2	3	2	3	0	1	0	0	99		
2019-07-02 08:20:00	57.28806	17.87793	12	0	29	0	0	0.005	13.9	17	1004	25	1	1.1	342	-800	255	3	2	2	2	3	2	0	1	0	0	100		
2019-07-02 08:30:00	57.294	17.87478	12	0	0	0	0	0.005	13.9	17	1004	25	1	1.1	344	-1500	255	3	2	2	2	2	3	0	1	0	0	100		
2019-07-02 08:40:00	57.30015	17.8737	12	0	1	0	0	0.005	13.9	17	1004	25	1	1.1	354	-2200	255	0	2	2	2	2	2	0	1	0	0	100		
2019-07-02 08:50:00	57.30624	17.87304	12	0	2	0	0	0.005	13.9	17	1004	25	1	1.1	357	-2800	255	0	2	2	2	2	2	0	0	0	0	100		
2019-07-02 09:00:00	57.31263	17.87343	12	0	3	0	0	0.005	13.9	17	1004	25	1	1.2	2	-3600	255	0	2	2	2	2	2	0	0	0	0	100		
2019-07-02 09:10:00	57.31884	17.87139	13	0	4	0	0	0.005	13.9	17	1004	25	1	1.2	350	-4300	255	0	2	2	2	2	2	0	0	0	0	100		
2019-07-02 09:20:00	57.31338	17.87382	12	0	5	0	1	0.005	13.9	18	1004	25	1	1	166	-3600	260	0	3	2	2	2	2	0	0	91	0	10		
2019-07-02 09:30:00	57.30669	17.87337	11	0	6	0	0	0.005	13.9	18	1004	25	1	1.2	182	-2900	260	0	3	3	2	2	2	0	0	100	0	0		
2019-07-02 09:40:00	57.29979	17.87679	13	0	7	0	0	0.005	13.9	18	1004	25	1	1.3	165	-2100	260	0	3	3	3	2	2	0	1	100	0	0		
2019-07-02 10:00:00	57.28551	17.88381	13	0	9	0	0	0.005	13.9	18	1004	25	3	1.4	165	-500	260	3	3	3	3	3	3	0	1	89	0	0		
2019-07-02 10:10:00	57.27807	17.88495	12	0	10	0	0	0.005	14	18	1005	25	1	1.4	175	300	260	2	3	3	3	3	3	0	1	100	0	0		
2019-07-02 10:20:00	57.27072	17.88729	14	0	11	0	0	0.005	14	18	1004	25	1	1.4	170	1200	260	2	3	3	3	3	3	0	1	100	0	0		
2019-07-02 10:40:00	57.25866	17.88567	41	0	12	0	2	0.005	13.9	18	1005	25	1	1.1	184	2500	260	2	0	3	3	3	3	0	0	100	1	0		
2019-07-02 11:00:00	57.24795	17.88303	12	0	13	0	0	0.005	13.9	18	1005	25	1	1	188	3700	260	2	0	0	3	3	3	0	0	100	0	0		
2019-07-02 11:20:00	57.23697	17.87973	12	0	14	0	0	0.005	13.9	17	1005	25	1	1	189	4900	260	2	0	0	0	3	3	0	0	100	1	0		
2019-07-02 11:40:00	57.22665	17.87283	41	0	15	0	0	0.005	13.9	17	1005	25	1	1	200	6000	260	2	0	0	0	0	3	0	0	100	1	0		
2019-07-02 12:00:00	57.21603	17.86761	12	0	16	0	0	0.005	13.9	17	1005	25	1	1	195	7100	260	2	0	0	0	0	0	0	0	100	0	0		
2019-07-02 12:20:00	57.20496	17.86314	12	0	17	0	0	0.005	13.9	18	1006	25	1	1	192	8400	260	2	0	0	0	0	0	0	0	100	0	0		
2019-07-02 12:40:00	57.19425	17.85927	13	0	18	0	0	0.005	13.9	18	1006	25	1	1	191	9600	260	2	0	0	0	0	0	0	0	100	1	0		
2019-07-02 13:00:00	57.18381	17.85528	15	0	19	0	0	0.005	13.9	18	1006	25	1	1	192	10700	260	2	0	0	0	0	0	0	0	100	0	0		
2019-07-02 13:20:00	57.17292	17.85081	12	0	20	0	0	0.005	13.9	18	1006	25	1	1	193	12000	260	2	0	0	0	0	0	0	0	100	0	0		
2019-07-02 13:40:00	57.16332	17.84868	12	0	21	0	0	0.005	13.9	18	1006	25	1	0.9	187	13000	260	2	0	0	0	0	0	0	0	100	1	0		
2019-07-02 14:00:00	57.15492	17.85021	40	0	22	0	0	0.005	13.9	18	1006	25	1	0.8	174	14000	260	2	0	0	0	0	0	0	0	94	3	5		
2019-07-02 14:20:00	57.1458	17.85009	12	0	23	0	0	0.005	13.8	18	1006	25	1	0.9	180	15000	260	2	0	0	0	0	0	0	0	100	1	0		
2019-07-02 14:40:00	57.13776	17.83986	11	0	24	0	0	0.005	14	18	1007	25	2	0.9	215	15900	260	2	0	0	0	0	0	0	0	100	0	0		
2019-07-02 15:00:00	57.13017	17.82837	12	0	25	0	0	0.005	14	17	1007	25	1	0.9	219	16800	260	2	0	0	0	0	0	0	0	100	0	0		
2019-07-02 15:20:00	57.1239	17.81769	41	0	26	0	0	0.005	13.9	17	1007	25	1	0.8	223	17600	260	2	0	0	0	0	0	0	0	100	0	0		
2019-07-02 15:40:00	57.12015	17.80638	11	0	27	0	0	0.005	13.9	17	1007	25	1	0.7	239	18200	260	2	0	0	0	0	0	0	0	100	0	0		
2019-07-02 16:00:00	57.11688	17.78928	12	0	28	0	0	0.005	13.9	17	1008	25	1	0.9	251	18700	260	2	0	0	0	0	0	0	0	100	0	0		
2019-07-02 16:20:00	57.11316	17.7729	13	0	29	0	0	0.005	13.9	17	1009	25	1	0.9	247	19400	260	2	0	0	0	0	0	0	0	100	0	0		
2019-07-02 16:40:00	57.10866	17.75637	12	0	0	0	0	0.005	13.9	17	1009	25	1	0.9	243	20200	260	2	0	0	0	0	0	0	0	100	0	0		
2019-07-02 17:00:00	57.1023	17.74047	12	0	1	0	0	0.005	13.9	17	1009	25	1	1	234	21200	260	2	0	0	0	0	0	0	0	100	0	0		
2019-07-02 17:20:00	57.09468	17.72487	12	0	2	0	0	0.005	13.9	17	1010	25	1	1.1	228	22300	260	2	0	0	0	0	0	0	0	100	1	0		
2019-07-02 17:40:00	57.08655	17.70957	13	0	3	0	0	0.005	13.9	17	1010	25	1	1.1	226	23500	260	2	0	0	0	0	0	0	0	100	0	0		
2019-07-02 18:00:00	57.07884	17.69226	40	0	4	0	0	0.005	14	17	1010	25	1	1.1	231	24700	260	2	0	0	0	0	0	0	0	100	1	0		
2019-07-02 18:20:00	57.07086	17.67438	12	0	5	0	0	0.005	14.1	17	1011	25	1	1.2	231		260	2	0	0	0	0	0	0	0	100	0	0		
2019-07-02 18:40:00	57.06216	17.65719	11	0	6	0	0	0.005	14.1	17	1011	25	1	1.2	227		260	2	0	0	0	0	0	0	0	100	0	0		
2019-07-02 19:00:00	57.05394	17.63856	12	0	7	0	0	0.005	14.1	17	1011	25	1	1.2	231		260	2	0	0	0	0	0	0	0	100	1	0		
2019-07-02 19:20:00	57.04428	17.62119	12	0	8	0	0	0.005	14	17	1011	25	1	1.3	224		260	2	0	0	0	0	0	0	0	100	0	0		
2019-07-02 19:40:00	57.03465	17.60277	12	0	9	0	0	0.005	14	17	1011	25	1	1.3	226		260	2	0	0	0	0	0	0	0	99	2	0		
2019-07-02 20:00:00	57.02553	17.58315	11	0	10	0	0	0.005	14	17	1011	25	1	1.3	229		260	2	0	0	0	0	0	0	0	100	1	0		
2019-07-02 20:20:00	57.0171	17.56326	12	0	11	0	0	0.005	14	17	1012	25	1	1.3	232		260	2	0	0	0	0	0	0	0	100	1	0		
2019-07-02 20:40:00	57.00957	17.54148	12	0	12	0	0	0.005	14	17	1012	25	1	1.3	238		260	2	0	0	0	0	0	0	0	100	1	0		
2019-07-02 21:00:00	57.0027	17.51976	14	0	13	0	0	0.005	14	16	1012	25	1	1.3	240		260	2	0	0	0	0	0	0	0	100	0	0		
2019-07-02 21:20:00	56.99589	17.50044	41	0	14	0	0	0.005	14	16	1012	25	1	1.1	237		260	2	0	0	0	0	0	0	0	100	0	0		
2019-07-02 21:40:00	56.98941	17.48493	12	0	15	0	5	0.005	14	16	1012	25	1	1	232	-400	260	0	0	0	0	0	0	0	1	100	0	0		
2019-07-02 22:00:00	56.97951	17.47008	12	0	16	0	0	0.005	14	16	1012	25	1	1.2	219	-1000	260	0	0	0	0	0	0	0	1	100	0	0		
2019-07-02 22:20:00	56.96991	17.46	13	0	17	0	1	0.005	13.9	16	1012	25	2	1	210	-1700	260	1	0	0	0	0	0	0	1	100	1	0		
2019-07-02 22:40:00	56.97627	17.44956	12	0	18	0	0	0.005	13.9	16	1011	25	3	0.8	318	-800	270	0	1	0	0	0	0	0	1	5	1	95		
2019-07-02 23:00:00	56.97045	17.4465	13	0	19	0	0	0.005	13.9	16	1012	25	1	0.6	196	-1300	250	1	0	1	0	0	0	0	1	97	0	4		
2019-07-02 23:20:00	56.97795	17.43717	41	0	20	0	0	0.005	13.9	16	1012	25	2	0.8	326	-300	255	0	1	0	1	0	0	0	1	4	1	97		
2019-07-02 23:40:00	56.97258	17.43255	13	0	21	0	0	0.005	13.9	16	1012	25	1	0.6	205	-700	260	0	0	1	0	1	0	0	1	95	0	6		
2019-07-03 00:00:00	56.96718	17.42637	12	0	22	0	0	0.005	13.9	16	1012	25	1	0.6	212	-1100	260	0	0	0	1	0	1	0	1	100	1	0		
2019-07-03 00:20:00	56.96106	17.42004	13	0	23	0	0	0.005	13.9	16	1012	25	1	0.7	209	-1500	260	0	0	0	0	1	0	0	1	100	0	0		
2019-07-03 00:40:00	56.9538	17.41446	13	0	24	0	0	0.005	13.9	16	1012	25	1	0.7	203	-2100	260	1	0	0	0	0	1	0	1	100	0	0		
2019-07-03 01:00:00	56.96403	17.40963	13	0	25	0	0	0.005	13.9	16	1012	25	1	1	346	-900	270	0	1	0	0	0	0	0	1	4	1	96		
2019-07-03 01:20:00	56.95773	17.40465	41	0	26	0	0	0.005	13.8	16	1011	25	1	0.6	203	-1400	270	0	0	1	0	0	0	0	1	96	0	5		
2019-07-03 01:40:00	56.95155	17.39931	12	0	27	0	0	0.005	13.8	16	1011	25	1	0.6	205	-1900	270	0	0	0	1	0	0	0	1	99	2	0		
2019-07-03 02:00:00	56.94507	17.39442	12	0	28	0	0	0.005	13.8	16	1011	25	1	0.6	202	-2400	270	1	0	0	0	1	0	0	1	100	1	0		
2019-07-03 02:20:00	56.95479	17.39547	12	0	29	0	0	0.005	13.8	16	1012	25	1	0.9	3	-1500	280	0	1	0	0	0	1	0	1	4	1	97		
2019-07-03 02:40:00	56.94858	17.39292	12	0	0	0	0	0.005	13.9	16	1012	25	1	0.6	193	-2000	275	0	0	1	0	0	0	0	1	96	1	5		
2019-07-03 03:00:00	56.94093	17.38833	13	0	1	0	0	0.005	14.1	16	1011	25	1	0.7	198	-2700	275	0	0	0	1	0	0	0	1	100	0	0		
2019-07-03 03:20:00	56.93298	17.38374	13	0	2	0	0	0.005	14	16	1012	25	1	0.8	197	-3400	275	1	0	0	0	1	0	0	1	100	0	0		
2019-07-03 03:40:00	56.94189	17.38857	41	0	3	0	0	0.005	14	16	1012	25	1	0.8	16	-2600	285	0	1	0	0	0	1	0	1	4	1	97		
2019-07-03 04:00:00	56.93442	17.38689	12	0	4	0	0	0.005	14	16	1012	25	1	0.7	187	-3300	280	1	0	1	0	0	0	0	1	97	0	4		
2019-07-03 04:20:00	56.94111	17.39295	12	0	5	0	0	0.005	14	16	1012	25	1	0.7	26	-2800	285	0	1	0	1	0	0	0	1	9	3	90		
2019-07-03 04:40:00	56.93244	17.39172	13	0	6	0	0	0.005	13.9	16	1012	25	1	0.8	184	-3600	285	1	0	1	0	1	0	0	1	96	1	4		
2019-07-03 05:00:00	56.93895	17.39823	12	0	7	0	0	0.005	13.9	16	1012	25	1	0.7	29	-3100	285	0	1	0	1	0	1	0	1	5	0	96		
2019-07-03 05:20:00	56.92968	17.39757	13	0	8	0	1	0.005	13.9	16	1012	25	1	0.9	182	-4100	285	1	0	1	0	1	0	0	1	97	0	4		
2019-07-03 05:40:00	56.91924	17.39619	41	0	9	0	0	0.005	13.9	17	1012	25	2	0.9	184	-5100	285	1	0	0	1	0	1	0	1	100	1	0		
2019-07-03 06:00:00	56.90898	17.39337	12	0	10	0	0	0.005	13.9	17	1012	25	1	1	189	-6000	285	1	0	0	0	1	0	0	0	100	1	0		
2019-07-03 06:20:00	56.89809	17.38953	12	0	11	0	0	0.005	13.9	17	1012	25	1	1	191	-7000	285	1	0	0	0	0	1	0	0	100	0	0		
2019-07-03 06:40:00	56.88792	17.38644	12	0	12	0	0	0.005	13.9	17	1012	25	1	1	189	-7900	285	1	0	0	0	0	0	0	0	100	1	0		
2019-07-03 07:00:00	56.87706	17.38389	13	0	13	0	0	0.005	13.9	17	1012	25	1	1	187	-9000	285	1	0	0	0	0	0	0	0	100	1	0		
2019-07-03 07:20:00	56.86518	17.3811	12	0	14	0	0	0.005	13.9	17	1012	25	1	1.1	187	-10100	285	1	0	0	0	0	0	0	0	100	0	0		
2019-07-03 07:40:00	56.85366	17.37687	12	0	15	0	0	0.005	13.9	17	1013	25	1	1.1	191	-11100	285	1	0	0	0	0	0	0	0	100	0	0		
2019-07-03 08:00:00	56.84118	17.37171	40	0	16	0	0	0.005	13.9	17	1012	25	1	1.2	193	-12200	285	1	0	0	0	0	0	0	0	100	1	0		
2019-07-03 08:40:00	56.81892	17.36007	13	0	18	0	0	0.005	13.8	17	1013	25	3	1.1	195	-14100	285	1	0	0	0	0	0	0	0	100	1	0		
2019-07-03 09:00:00	56.80779	17.35326	41	0	19	0	0	0.005	13.8	17	1013	25	2	1.1	199	-15100	285	1	0	0	0	0	0	0	0	100	0	0		
2019-07-03 09:20:00	56.79702	17.34606	13	0	20	0	0	0.005	13.8	17	1013	25	1	1.1	200	-15900	285	1	0	0	0	0	0	0	0	95	2	5		
2019-07-03 09:40:00	56.78499	17.33352	15	0	21	0	0	0.005	13.8	17	1013	25	1	1.3	210	-16800	285	1	0	0	0	0	0	0	0	100	0	0		
2019-07-03 10:00:00	56.77422	17.32053	31	0	22	0	0	0.005	13.8	17	1013	25	1	1.2	214	-17500	285	1	0	0	0	0	0	0	0	100	0	0		
2019-07-03 10:20:00	56.76507	17.31069	12	0	23	0	0	0.005	13.9	17	1013	25	1	1	211	-18200	285	1	0	0	0	0	0	0	0	100	0	0		
2019-07-03 10:40:00	56.76729	17.304	11	0	24	0	1	0.005	13.8	17	1013	25	1	0.4	301	-17800	280	1	1	0	0	0	0	0	0	7	1	93		
2019-07-03 11:00:00	56.7705	17.29656	13	0	25	0	0	0.005	13.8	17	1014	25	2	0.5	308	-17300	280	1	1	1	0	0	0	0	0	0	1	100		
2019-07-03 11:20:00	56.77623	17.2893	13	0	26	0	0	0.005	13.8	17	1014	25	1	0.6	325	-16500	280	1	1	1	1	0	0	0	0	0	1	100		
2019-07-03 11:40:00	56.7819	17.28351	13	0	27	0	0	0.005	13.8	17	1014	25	1	0.6	331	-15800	280	1	1	1	1	1	0	0	0	0	2	99		
2019-07-03 12:00:00	56.7882	17.27811	13	0	28	0	0	0.005	13.8	17	1013	25	1	0.6	335	-15000	280	1	1	1	1	1	1	0	0	0	1	100		
2019-07-03 12:20:00	56.79339	17.27418	12	0	29	0	0	0.005	13.9	17	1013	25	2	0.5	337	-14400	280	1	1	1	1	1	1	0	0	0	3	98		
2019-07-03 12:40:00	56.79843	17.27067	41	0	0	0	0	0.005	13.9	18	1013	25	1	0.5	339	-13800	280	1	1	1	1	1	1	0	0	0	3	98		
2019-07-03 13:00:00	56.80434	17.26476	11	0	1	0	0	0.005	13.9	18	1014	25	1	0.6	331	-13000	280	1	1	1	1	1	1	0	0	0	5	96		
2019-07-03 13:20:00	56.81538	17.25306	12	0	2	0	0	0.005	13.9	18	1014	25	1	1.2	330	-11600	280	1	1	1	1	1	1	0	0	0	0	100		
2019-07-03 13:40:00	56.8236	17.25411	11	0	3	0	0	0.005	13.9	17	1014	25	1	0.8	4	-10800	280	1	1	1	1	1	1	0	0	0	4	97		
2019-07-03 14:00:00	56.83026	17.25249	13	0	4	0	0	0.005	13.9	17	1014	25	1	0.6	352	-10100	280	1	1	1	1	1	1	0	0	0	5	96		
2019-07-03 14:20:00	56.84256	17.24394	12	0	5	0	0	0.005	13.9	17	1015	25	1	1.2	339	-8700	280	1	1	1	1	1	1	0	0	0	1	100		
2019-07-03 14:40:00	56.85162	17.23737	13	0	6	0	0	0.005	13.9	17	1014	25	1	0.9	338	-7600	280	1	1	1	1	1	1	0	0	0	4	97		
2019-07-03 15:00:00	56.85771	17.23524	40	0	7	0	0	0.005	13.9	17	1014	25	2	0.6	349	-6900	280	1	1	1	1	1	1	0	0	0	4	97		
2019-07-03 15:20:00	56.8644	17.2335	12	0	8	0	0	0.005	13.8	17	1014	25	1	0.6	352	-6200	280	1	1	1	1	1	1	0	0	0	2	99		
2019-07-03 15:40:00	56.87415	17.23248	12	0	9	0	0	0.005	13.8	17	1014	25	1	0.9	357	-5200	280	1	1	1	1	1	1	0	1	0	1	100		
2019-07-03 16:00:00	56.88597	17.23788	12	0	10	0	0	0.005	13.8	17	1014	25	1	1.1	14	-4200	280	1	1	1	1	1	1	0	1	0	1	100		
2019-07-03 16:20:00	56.89626	17.24499	12	0	11	0	0	0.005	13.8	17	1014	25	1	1	21	-3300	280	0	1	1	1	1	1	0	1	0	2	99		
2019-07-03 16:40:00	56.90475	17.25222	12	0	12	0	0	0.005	14	17	1014	25	1	0.9	25	-2700	280	0	1	1	1	1	1	0	1	0	0	100		
2019-07-03 17:00:00	56.91381	17.26077	11	0	13	0	0	0.005	13.9	17	1014	25	1	0.9	27	-2000	280	0	1	1	1	1	1	0	1	0	1	100		
2019-07-03 17:20:00	56.92287	17.26974	12	0	14	0	0	0.005	13.9	17	1014	25	1	1	28	-1300	280	0	1	1	1	1	1	0	1	0	0	100		
2019-07-03 17:40:00	56.93175	17.27883	11	0	15	0	0	0.005	13.9	17	1014	25	2	0.9	29	-700	280	0	1	1	1	1	1	0	1	0	1	100		
2019-07-03 18:00:00	56.93931	17.28849	40	0	16	0	0	0.005	13.9	17	1014	25	1	0.8	35	-200	280	0	1	1	1	1	1	0	1	0	0	100		
2019-07-03 18:20:00	56.94699	17.29527	11	0	17	0	0	0.005	13.9	17	1014	25	1	0.8	26	400	280	0	1	1	1	1	1	0	1	0	1	100		
2019-07-03 18:40:00	56.95428	17.30283	11	0	18	0	0	0.005	13.9	17	1014	25	1	0.8	29	900	280	0	1	1	1	1	1	0	1	0	1	100		
2019-07-03 19:00:00	56.96019	17.31273	12	0	19	0	0	0.005	14	16	1014	25	1	0.7	42	1200	280	0	1	1	1	1	1	0	1	0	1	100		
2019-07-03 19:20:00	56.96583	17.32002	11	0	20	0	0	0.005	14.1	16	1013	25	1	0.6	35	1600	280	0	1	1	1	1	1	0	1	0	3	98		
2019-07-03 19:40:00	56.97123	17.32434	11	0	21	0	0	0.005	14.1	16	1014	25	1	0.5	23	2000	280	0	1	1	1	1	1	0	1	0	0	100		
2019-07-03 20:00:00	56.97597	17.32674	12	0	22	0	0	0.005	14	16	1014	25	1	0.5	15	2400	280	0	1	1	1	1	1	0	1	0	0	100		
2019-07-03 20:20:00	56.98071	17.32878	13	0	23	0	0	0.005	14	16	1014	25	1	0.5	13	2900	280	0	1	1	1	1	1	0	1	0	0	100		
2019-07-03 20:40:00	56.98524	17.32953	17	0	24	0	0	0.005	14	16	1014	25	1	0.4	5	3300	280	0	1	1	1	1	1	0	1	0	0	100		
2019-07-03 21:00:00	56.9898	17.32863	41	0	25	0	0	0.005	14	16	1014	25	1	0.4	354	3800	280	0	1	1	1	1	1	0	1	0	0	100		
2019-07-03 21:20:00	56.99463	17.32689	12	0	26	0	0	0.005	14	16	1014	25	2	0.5	349	4300	280	0	1	1	1	1	1	0	1	0	1	100		
2019-07-03 21:40:00	56.99922	17.32362	13	0	27	0	0	0.005	14	16	1014	25	1	0.5	339	4900	280	3	1	1	1	1	1	0	1	0	0	100		
2019-07-03 22:00:00	57.00441	17.32035	13	0	28	0	0	0.005	13.9	16	1014	25	1	0.5	341	5500	280	3	1	1	1	1	1	0	1	0	2	99		
2019-07-03 22:20:00	57.00951	17.31759	14	0	29	0	0	0.005	13.9	16	1014	25	2	0.5	343	6000	280	3	1	1	1	1	1	0	0	0	1	100		
2019-07-03 22:40:00	57.01749	17.32644	16	0	0	0	1	0.005	13.9	16	1014	25	3	0.9	31	6600	280	3	2	1	1	1	1	0	0	0	0	100		
2019-07-03 23:00:00	57.0267	17.33496	40	0	1	0	1	0.005	13.9	16	1014	25	1	0.9	27	7300	280	3	2	2	1	1	1	0	0	0	0	100		
2019-07-03 23:20:00	57.03576	17.34114	13	0	2	0	5	0.005	13.9	16	1014	25	1	0.9	20	-900	280	2	2	2	2	1	1	0	1	0	0	100		
2019-07-03 23:40:00	57.04371	17.35317	13	0	3	0	0	0.005	13.9	16	1014	25	1	1	39	-1100	280	2	2	2	2	2	1	0	1	0	0	100		
2019-07-04 00:00:00	57.05295	17.36046	12	0	4	0	0	0.005	13.9	16	1014	25	1	0.9	23	-1600	280	2	2	2	2	2	2	0	1	0	0	100		
2019-07-04 00:20:00	57.06153	17.37303	41	0	5	0	0	0.005	13.9	16	1014	25	2	1	39	-1800	280	2	2	2	2	2	2	0	1	0	0	100		
2019-07-04 00:40:00	57.06993	17.38287	12	0	6	0	0	0.005	13.9	16	1014	25	3	0.9	32	-2100	280	2	2	2	2	2	2	0	1	0	0	100		
2019-07-04 01:00:00	57.07797	17.39466	12	0	7	0	0	0.005	13.9	16	1014	25	1	1	39	-2300	280	2	2	2	2	2	2	0	1	0	0	100		
2019-07-04 01:20:00	57.0855	17.40864	13	0	8	0	0	0.005	13.9	16	1014	25	1	1	45	-2400	280	2	2	2	2	2	2	0	1	0	0	100		
2019-07-04 01:40:00	57.09351	17.42223	12	0	9	0	0	0.005	13.8	16	1014	25	1	1	43	-2500	280	2	2	2	2	2	2	0	1	0	0	100		
2019-07-04 02:00:00	57.10203	17.43414	12	0	10	0	0	0.005	13.8	16	1014	25	1	1	37	-2700	280	2	2	2	2	2	2	0	1	0	0	100		
2019-07-04 02:20:00	57.11142	17.44416	12	0	11	0	0	0.005	13.8	16	1013	25	1	1	30	-3100	280	2	2	2	2	2	2	0	1	0	0	100		
2019-07-04 02:40:00	57.12096	17.4552	59	0	12	0	0	0.005	13.9	16	1013	25	2	1	32	-3500	280	2	2	2	2	2	2	0	1	0	0	100		
2019-07-04 03:00:00	57.12744	17.46849	11	0	13	0	0	0.005	14	16	1013	25	1	0.9	48	-3500	280	2	2	2	2	2	2	0	1	0	0	100		
2019-07-04 03:20:00	57.13752	17.47983	12	0	14	0	0	0.005	14	16	1013	25	2	1.1	31	-3900	280	3	2	2	2	2	2	0	1	0	0	100		
2019-07-04 03:40:00	57.14955	17.48898	13	0	15	0	0	0.005	14	16	1013	25	1	1.2	22	-4500	280	3	2	2	2	2	2	0	1	0	0	100		
2019-07-04 04:00:00	57.16116	17.49813	11	0	16	0	0	0.005	14	16	1013	25	1	1.2	23	-5100	280	3	2	2	2	2	2	0	1	0	1	100		
2019-07-04 04:20:00	57.17334	17.50791	12	0	17	0	0	0.005	14	16	1013	25	1	1.2	24	-5700	280	3	2	2	2	2	2	0	0	0	0	100		
2019-07-04 04:40:00	57.16464	17.52024	13	0	18	0	1	0.005	14	16	1013	25	1	1	142	-4500	265	3	3	2	2	2	2	0	1	97	0	4		
2019-07-04 05:00:00	57.15504	17.53182	12	0	19	0	0	0.005	14	16	1013	25	1	1.1	147	-3200	265	3	3	3	2	2	2	0	1	100	0	0		
2019-07-04 05:20:00	57.14628	17.54544	13	0	20	0	0	0.005	13.9	16	1013	25	1	1.1	140	-2000	265	2	3	3	3	2	2	0	1	100	0	0		
2019-07-04 05:40:00	57.13683	17.55732	41	0	21	0	0	0.005	13.9	16	1013	25	1	1	146	-700	265	2	3	3	3	3	2	0	1	100	0	0		
2019-07-04 06:00:00	57.14805	17.56848	41	0	22	0	1	0.005	13.9	16	1013	25	2	1.2	28	-1200	270	2	2	3	3	3	3	0	1	5	0	96		
2019-07-04 06:20:00	57.16038	17.57922	12	0	23	0	0	0.005	13.9	16	1012	25	1	1.3	25	-1800	270	2	2	2	3	3	3	0	1	0	0	100		
2019-07-04 06:40:00	57.17277	17.59194	12	0	24	0	0	0.005	13.9	16	1013	25	1	1.3	29	-2300	270	2	2	2	2	3	3	0	1	0	0	100		
2019-07-04 07:00:00	57.18474	17.60496	12	0	25	0	0	0.005	13.9	16	1012	25	2	1.3	31	-2800	270	2	2	2	2	2	3	0	1	0	0	100		
2019-07-04 07:20:00	57.19719	17.61624	12	0	26	0	0	0.005	13.9	17	1012	25	1	1.3	26	-3400	270	3	2	2	2	2	2	0	1	0	0	100		
2019-07-04 07:40:00	57.20916	17.63079	11	0	27	0	0	0.005	13.9	17	1012	25	2	1.3	33	-3800	270	3	2	2	2	2	2	0	1	0	0	100		
2019-07-04 08:00:00	57.22158	17.64408	12	0	28	0	0	0.005	13.9	17	1012	25	1	1.3	30	-4300	270	3	2	2	2	2	2	0	1	0	0	100		
2019-07-04 08:20:00	57.23277	17.65851	13	0	29	0	0	0.005	13.9	17	1012	25	1	1.3	35	-4700	270	3	2	2	2	2	2	0	1	0	0	100		
2019-07-04 08:40:00	57.22401	17.67942	12	0	0	0	1	0.005	13.9	17	1012	25	1	1.3	128	-3100	260	3	3	2	2	2	2	0	1	98	1	3		
2019-07-04 09:00:00	57.21438	17.70249	40	0	1	0	0	0.005	13.8	17	1012	25	1	1.4	128	-1400	260	2	3	3	2	2	2	0	1	100	0	0		
2019-07-04 09:20:00	57.2052	17.72337	11	0	2	0	0	0.005	13.8	17	1012	25	1	1.4	129	200	260	2	3	3	3	2	2	0	1	100	0	0		
2019-07-04 09:40:00	57.19515	17.74509	11	0	3	0	0	0.005	13.8	17	1012	25	1	1.4	130	1900	260	2	3	3	3	3	2	0	1	100	0	0		
2019-07-04 10:00:00	57.20481	17.75874	12	0	4	0	1	0.005	13.8	17	1011	25	1	1.1	37	1600	255	2	2	3	3	3	3	0	1	3	0	98		
2019-07-04 10:20:00	57.21318	17.77377	13	0	5	0	0	0.005	13.8	17	1012	25	1	1.1	44	1500	255	2	2	2	3	3	3	0	1	0	0	100		
2019-07-04 10:40:00	57.22131	17.78643	12	0	6	0	0	0.005	13.8	17	1011	25	1	1	40	1300	255	2	2	2	2	3	3	0	1	0	0	100		
2019-07-04 11:00:00	57.22923	17.79759	12	0	7	0	0	0.005	13.8	17	1011	25	1	0.9	37	1100	255	2	2	2	2	2	3	0	1	0	0	100		
2019-07-04 11:20:00	57.23769	17.80704	41	0	8	0	0	0.005	13.8	17	1011	25	1	0.9	31	800	255	2	2	2	2	2	2	0	1	0	0	100		
2019-07-04 11:40:00	57.24474	17.81553	12	0	9	0	0	0.005	13.9	17	1010	25	1	0.8	33	500	255	2	2	2	2	2	2	0	1	0	0	100		
2019-07-04 12:00:00	57.25188	17.8152	13	0	10	0	0	0.005	13.9	17	1010	25	1	0.7	358	-100	255	2	2	2	2	2	2	0	1	0	0	100		
2019-07-04 12:20:00	57.25872	17.8125	12	0	11	0	0	0.005	13.9	17	1010	25	1	0.6	348	-800	255	3	2	2	2	2	2	0	1	0	0	100		
2019-07-04 12:40:00	57.26457	17.80176	41	0	12	0	0	0.005	13.9	17	1009	25	1	0.7	315	-1700	255	3	2	2	2	2	2	0	1	0	0	100		
2019-07-04 13:00:00	57.27042	17.78901	11	0	13	0	0	0.005	14	17	1009	25	3	0.9	310	-2700	255	3	2	2	2	2	2	0	1	0	0	100		
2019-07-04 13:40:00	57.26982	17.83575	11	0	15	0	0	0.005	13.9	17	1008	25	3	1.2	94	-800	195	3	3	3	2	2	2	0	1	100	0	0		
2019-07-04 13:50:00	57.26703	17.84556	12	0	16	0	1	0.005	13.9	17	1008	25	3	1.1	118	-200	195	3	3	3	3	2	2	0	1	92	0	0		
2019-07-04 14:00:00	57.25971	17.85117	12	0	17	0	0	0.005	13.9	17	1008	25	3	1.5	157	700	195	2	3	3	3	3	2	0	1	88	0	0		
2019-07-04 14:10:00	57.25179	17.85459	12	0	18	0	0	0.005	13.9	17	1008	25	1	1.5	167	1500	195	2	3	3	3	3	3	0	1	100	0	0		
2019-07-04 14:20:00	57.25515	17.84868	12	0	19	0	1	0.005	13.9	17	1008	25	1	0.9	317	1000	245	2	2	3	3	3	3	0	1	11	0	90		
2019-07-04 14:30:00	57.25899	17.83905	12	0	20	0	0	0.005	13.9	17	1008	25	1	1.2	306	300	245	2	2	2	3	3	3	0	1	0	0	100		
2019-07-04 14:40:00	57.26268	17.82909	12	0	21	0	0	0.005	13.9	17	1008	25	1	1.2	304	-400	245	2	2	2	2	3	3	0	1	0	1	100		
2019-07-04 14:50:00	57.25755	17.83338	13	0	22	0	1	0.005	13.9	17	1007	25	1	1	156	200	230	2	3	2	2	2	3	0	1	84	0	17		
2019-07-04 15:00:00	57.25044	17.83881	13	0	23	0	0	0.005	13.9	17	1007	25	1	1.4	158	1000	230	2	3	3	2	2	2	0	1	100	0	0		
2019-07-04 15:10:00	57.24324	17.84472	13	0	24	0	0	0.005	13.9	17	1007	25	1	1.5	156	1800	230	2	3	3	3	2	2	0	1	100	0	0		
2019-07-04 15:20:00	57.23727	17.84817	13	0	25	0	1	0.005	13.8	17	1007	25	1	1.2	163	2400	230	2	0	3	3	3	2	0	1	100	0	0		
2019-07-04 15:30:00	57.23166	17.85105	13	0	26	0	0	0.005	14	17	1007	25	1	1.1	164	3000	230	2	0	0	3	3	3	0	1	100	0	0		
2019-07-04 15:40:00	57.22614	17.85405	13	0	27	0	0	0.005	14	17	1006	25	1	1.1	163	3600	230	2	0	0	0	3	3	0	1	100	1	0		
2019-07-04 15:50:00	57.22062	17.85768	13	0	28	0	0	0.005	13.9	17	1007	25	1	1.1	161	4200	230	2	0	0	0	0	3	0	1	100	0	0		
2019-07-04 16:00:00	57.21465	17.86146	65	0	29	0	0	0.005	13.9	17	1006	25	1	1.1	161	4900	230	2	0	0	0	0	0	0	1	100	0	0		
2019-07-04 16:10:00	57.21738	17.86185	12	0	0	0	1	0.005	13.9	17	1006	25	1	0.6	4	4600	230	2	2	0	0	0	0	0	1	45	2	47		
2019-07-04 16:20:00	57.22071	17.85099	12	0	1	0	0	0.005	13.9	17	1006	25	1	1.3	300	3900	230	2	2	2	0	0	0	0	1	0	1	100		
2019-07-04 16:30:00	57.2247	17.84055	11	0	2	0	0	0.005	13.9	17	1006	25	2	1.3	305	3200	230	2	2	2	2	0	0	0	1	0	1	95		
2019-07-04 16:40:00	57.22917	17.8311	12	0	3	0	0	0.005	13.9	17	1005	25	1	1.3	311	2400	230	2	2	2	2	2	0	0	1	0	3	98		
2019-07-04 16:50:00	57.23346	17.8215	12	0	4	0	0	0.005	13.9	17	1005	25	1	1.2	309	1700	230	2	2	2	2	2	2	0	1	0	3	98		
2019-07-04 17:00:00	57.23751	17.8164	14	0	5	0	0	0.005	13.9	17	1005	25	1	0.9	326	1200	230	2	2	2	2	2	2	0	1	14	4	82		
2019-07-04 17:10:00	57.24246	17.80797	12	0	6	0	0	0.005	13.9	17	1005	25	1	1.2	317	400	230	3	2	2	2	2	2	0	1	0	0	100		
2019-07-04 17:20:00	57.24801	17.8005	13	0	7	0	0	0.005	13.9	17	1005	25	1	1.3	324	-300	230	3	2	2	2	2	2	0	1	0	2	99		
2019-07-04 17:30:00	57.25326	17.79309	13	0	8	0	0	0.005	14.1	17	1005	25	1	1.2	323	-1100	230	3	2	2	2	2	2	0	1	0	0	100		
2019-07-04 17:40:00	57.25908	17.78691	13	0	9	0	1	0.005	14	17	1005	25	1	1.2	330	-1800	230	3	2	2	2	2	2	0	1	0	0	100		
2019-07-04 18:00:00	57.2703	17.7747	12	0	10	0	0	0.005	14	17	1004	25	1	1.2	330	-3200	230	3	2	2	2	2	2	0	1	0	0	100		
2019-07-04 18:20:00	57.28212	17.76369	13	0	11	0	0	0.005	14	17	1003	25	1	1.2	333	-4700	230	3	2	2	2	2	2	0	1	0	0	100		
2019-07-04 18:40:00	57.29415	17.75382	13	0	12	0	0	0.005	14	17	1003	25	2	1.2	336	-6000	230	0	2	2	2	2	2	0	0	0	1	100		
2019-07-04 19:00:00	57.30642	17.74584	15	0	13	0	0	0.005	13.9	17	1003	25	1	1.2	341	-7400	230	0	2	2	2	2	2	0	0	0	0	100		
2019-07-04 19:20:00	57.31785	17.73846	16	0	14	0	0	0.005	13.9	17	1003	25	1	1.1	341	-8600	230	0	2	2	2	2	2	0	0	0	1	100		
2019-07-04 19:40:00	57.32562	17.76207	71	0	15	0	0	0.005	13.9	17	1004	25	1	1.3	59	-8400	230	0	2	2	2	2	2	0	0	4	1	96		
2019-07-04 20:00:00	57.33255	17.78553	11	0	16	0	0	0.005	13.9	17	1003	25	1	1.4	61	-8000	230	0	2	2	2	2	2	0	0	0	1	100		
2019-07-04 20:20:00	57.3354	17.81172	12	0	17	0	5	0.005	13.9	16	1004	25	2	1.3	79	3200	230	1	2	2	2	2	2	0	1	0	0	100		
2019-07-04 20:40:00	57.34002	17.83341	11	0	18	0	0	0.005	13.9	16	1003	25	1	1.2	68	4600	230	1	2	2	2	2	2	0	1	0	0	100		
2019-07-04 21:00:00	57.34626	17.83392	14	0	19	0	1	0.005	13.9	16	1003	25	1	0.6	3	4900	230	0	1	2	2	2	2	0	1	0	1	100		
2019-07-04 21:20:00	57.35217	17.82942	41	0	20	0	0	0.005	13.9	16	1002	25	1	0.6	338	5000	230	0	1	1	2	2	2	0	1	0	1	100		
2019-07-04 21:40:00	57.35709	17.82645	12	0	21	0	0	0.005	13.9	16	1003	25	1	0.5	342	5200	230	0	1	1	1	2	2	0	1	0	3	98		
2019-07-04 22:00:00	57.36231	17.82564	12	0	22	0	0	0.005	13.9	16	1003	25	1	0.5	355	5500	230	0	1	1	1	1	2	0	1	0	2	99		
2019-07-04 22:40:00	57.37284	17.8266	13	0	24	0	0	0.005	13.8	16	1003	25	3	0.5	2	6200	230	0	1	1	1	1	1	0	0	0	2	99		
2019-07-04 23:00:00	57.37857	17.82834	14	0	25	0	0	0.005	13.8	16	1003	25	2	0.5	9	6600	230	0	1	1	1	1	1	0	0	0	2	99		
2019-07-04 23:20:00	57.38352	17.82957	41	0	26	0	0	0.005	13.8	16	1003	25	2	0.5	8	7000	230	0	1	1	1	1	1	0	0	0	1	100		
2019-07-04 23:40:00	57.38817	17.82777	12	0	27	0	0	0.005	13.8	16	1003	25	1	0.5	348	7200	230	0	1	1	1	1	1	0	0	0	1	100		
2019-07-05 00:00:00	57.39372	17.82453	41	0	28	0	0	0.005	13.8	16	1003	25	1	0.5	343	7400	230	0	1	1	1	1	1	0	0	0	0	100		
2019-07-05 00:20:00	57.39885	17.82003	12	0	29	0	0	0.005	13.8	16	1003	25	1	0.5	335	7500	230	0	1	1	1	1	1	0	0	0	1	100		
2019-07-05 00:40:00	57.40428	17.81871	12	0	0	0	0	0.005	13.8	16	1002	25	1	0.5	353	7800	230	0	1	1	1	1	1	0	0	0	1	100		
2019-07-05 01:00:00	57.40995	17.81637	13	0	1	0	0	0.005	13.8	16	1002	25	1	0.5	347	8000	230	0	1	1	1	1	1	0	0	0	0	100		
2019-07-05 01:20:00	57.41526	17.81268	13	0	2	0	0	0.005	13.8	16	1002	25	2	0.5	339	8200	230	0	1	1	1	1	1	0	0	0	2	99		
2019-07-05 01:40:00	57.42075	17.80941	12	0	3	0	0	0.005	13.8	16	1002	25	1	0.5	342	8300	230	0	1	1	1	1	1	0	0	5	3	94		
2019-07-05 02:00:00	57.4269	17.80512	41	0	4	0	0	0.005	13.8	16	1002	25	1	0.6	339	8500	230	0	1	1	1	1	1	0	0	0	4	97		
2019-07-05 02:20:00	57.43356	17.80074	12	0	5	0	0	0.005	13.8	16	1002	25	1	0.7	340	8700	230	0	1	1	1	1	1	0	0	0	2	99		
2019-07-05 02:40:00	57.44046	17.79714	12	0	6	0	0	0.005	13.9	16	1002	25	1	0.7	344	9000	230	0	1	1	1	1	1	0	0	0	1	100		
2019-07-05 03:00:00	57.4473	17.79312	12	0	7	0	0	0.005	14.1	16	1002	25	1	0.7	342	9200	230	0	1	1	1	1	1	0	0	0	2	99		
2019-07-05 03:20:00	57.45477	17.78889	12	0	8	0	0	0.005	14	16	1002	25	1	0.7	343	9500	230	0	1	1	1	1	1	0	0	0	0	100		
2019-07-05 03:40:00	57.46272	17.78604	13	0	9	0	0	0.005	13.9	16	1002	25	1	0.7	349	9800	230	0	1	1	1	1	1	0	0	0	4	97		
2019-07-05 04:00:00	57.47064	17.78193	13	0	10	0	0	0.005	13.9	16	1002	25	1	0.8	344	10100	230	0	1	1	1	1	1	0	0	0	1	100		
2019-07-05 04:20:00	57.4785	17.78115	12	0	11	0	0	0.005	13.9	16	1002	25	1	0.7	357	10600	230	0	1	1	1	1	1	0	0	0	1	100		
2019-07-05 04:40:00	57.48696	17.78046	12	0	12	0	0	0.005	13.9	16	1002	25	1	0.8	357	11100	230	0	1	1	1	1	1	0	0	0	1	100		
2019-07-05 05:00:00	57.49584	17.77998	14	0	13	0	0	0.005	13.9	16	1002	25	3	0.8	358	11600	230	0	1	1	1	1	1	0	0	0	1	100		
2019-07-05 05:20:00	57.5043	17.78016	41	0	14	0	0	0.005	13.9	16	1002	25	1	0.8	1	12200	230	0	1	1	1	1	1	0	0	0	2	99		
2019-07-05 05:40:00	57.51234	17.78238	14	0	15	0	0	0.005	13.9	16	1001	25	1	0.8	8	12800	230	0	1	1	1	1	1	0	0	4	3	94		
2019-07-05 06:00:00	57.52131	17.78409	13	0	16	0	0	0.005	13.9	16	1002	25	1	0.8	6	13400	230	0	1	1	1	1	1	0	0	0	2	99		
2019-07-05 06:20:00	57.53046	17.78598	14	0	17	0	0	0.005	13.9	16	1001	25	1	0.9	6	14100	230	0	1	1	1	1	1	0	0	0	0	100		
2019-07-05 06:40:00	57.53991	17.78991	14	0	18	0	0	0.005	13.9	16	1002	25	1	0.9	13	14900	230	0	1	1	1	1	1	0	0	0	1	100		
2019-07-05 07:00:00	57.54945	17.79261	41	0	19	0	0	0.005	13.9	16	1002	25	1	0.9	9	15600	230	0	1	1	1	1	1	0	0	0	2	99		
2019-07-05 07:20:00	57.55878	17.79471	12	0	20	0	0	0.005	13.8	16	1002	25	1	0.9	7	16300	230	0	1	1	1	1	1	0	0	0	1	100		
2019-07-05 08:00:00	57.576	17.80143	12	0	22	0	0	0.005	13.8	17	1002	25	3	0.8	13	17700	230	0	1	1	1	1	1	0	0	0	2	99		
2019-07-05 08:20:00	57.5841	17.80593	12	0	23	0	0	0.005	13.8	17	1002	25	1	0.8	17	18500	230	0	1	1	1	1	1	0	0	0	3	98		
2019-07-05 08:40:00	57.59199	17.81025	13	0	24	0	0	0.005	13.9	17	1003	25	2	0.8	16	19200	230	0	1	1	1	1	1	0	0	0	1	100		
2019-07-05 09:00:00	57.59973	17.81586	65	0	25	0	0	0.005	13.9	17	1002	25	1	0.7	21	19900	230	0	1	1	1	1	1	0	0	0	1	100		
2019-07-05 09:20:00	57.60657	17.82105	13	0	26	0	0	0.005	13.8	16	1002	25	1	0.7	22	20600	230	0	1	1	1	1	1	0	0	0	2	99		
2019-07-05 09:40:00	57.61404	17.82684	12	0	27	0	0	0.005	13.8	16	1003	25	1	0.7	23	21400	230	0	1	1	1	1	1	0	0	0	1	100		
2019-07-05 10:00:00	57.62085	17.83251	14	0	28	0	0	0.005	13.8	16	1003	25	1	0.7	24	22100	230	0	1	1	1	1	1	0	0	0	0	100		
2019-07-05 10:20:00	57.62766	17.83836	14	0	29	0	0	0.005	13.8	16	1003	25	1	0.7	25	22800	230	0	1	1	1	1	1	0	0	0	0	100		
2019-07-05 10:40:00	57.63378	17.84364	14	0	0	0	0	0.005	13.8	16	1003	25	2	0.6	25	23500	230	0	1	1	1	1	1	0	0	0	1	100		
2019-07-05 11:00:00	57.6402	17.84913	66	0	1	0	0	0.005	13.8	16	1003	25	1	0.6	25	24100	230	0	1	1	1	1	1	0	0	0	1	100		
2019-07-05 11:20:00	57.64611	17.85318	14	0	2	0	0	0.005	13.9	16	1003	25	1	0.6	20	24700	230	0	1	1	1	1	1	0	0	0	0	100		
2019-07-05 11:40:00	57.65271	17.8557	13	0	3	0	0	0.005	13.9	16	1004	25	2	0.6	12	25200	230	0	1	1	1	1	1	0	0	0	1	100		
2019-07-05 12:00:00	57.63807	17.84394	12	0	4	0	1	0.005	13.9	16	1004	25	1	1.5	203	23700	230	0	3	1	1	1	1	0	0	96	0	5		
2019-07-05 12:20:00	57.62091	17.84097	12	0	5	0	0	0.005	13.9	16	1004	25	1	1.6	185	22500	230	0	3	3	1	1	1	0	0	100	0	0		
2019-07-05 12:40:00	57.60447	17.83719	13	0	6	0	0	0.005	13.8	16	1004	25	1	1.5	187	21300	230	0	3	3	3	1	1	0	0	100	0	0		
2019-07-05 13:00:00	57.58917	17.82522	41	0	7	0	0	0.005	13.8	16	1005	25	1	1.5	203	19700	230	0	3	3	3	3	1	0	0	100	0	0		
2019-07-05 13:20:00	57.57357	17.82549	12	0	8	0	0	0.005	13.9	16	1004	25	1	1.5	180	18800	230	0	3	3	3	3	3	0	0	100	0	0		
2019-07-05 13:40:00	57.55974	17.8131	12	0	9	0	0	0.005	13.9	16	1005	25	1	1.4	206	17300	230	0	3	3	3	3	3	0	0	100	1	0		
2019-07-05 14:00:00	57.54555	17.81043	13	0	10	0	0	0.005	13.8	17	1005	25	2	1.3	186	16300	230	0	3	3	3	3	3	0	0	100	0	0		
2019-07-05 14:20:00	57.53436	17.81541	13	0	11	0	0	0.005	13.8	17	1005	25	1	1.1	167	15800	230	0	3	3	3	3	3	0	0	100	0	0		
2019-07-05 14:40:00	57.52173	17.81376	41	0	12	0	0	0.005	13.8	17	1005	25	1	1.1	184	14900	230	0	3	3	3	3	3	0	0	96	1	5		
2019-07-05 15:00:00	57.50814	17.81283	12	0	13	0	0	0.005	13.8	17	1005	25	1	1.3	182	14000	230	0	3	3	3	3	3	0	0	100	0	0		
2019-07-05 15:20:00	57.49563	17.81703	12	0	14	0	0	0.005	13.9	17	1005	25	1	1.2	170	13400	230	1	3	3	3	3	3	0	0	100	0	0		
2019-07-05 15:40:00	57.48183	17.81505	13	0	15	0	0	0.005	13.9	17	1005	25	1	1.3	184	12500	230	1	3	3	3	3	3	0	0	100	0	0		
2019-07-05 16:00:00	57.47004	17.80125	13	0	16	0	0	0.005	13.9	17	1005	25	1	1.3	212	11000	230	1	3	3	3	3	3	0	0	100	0	0		
2019-07-05 16:20:00	57.46614	17.77455	13	0	17	0	0	0.005	13.9	17	1005	25	1	1.4	255	9500	230	1	3	3	3	3	3	0	0	100	1	0		
2019-07-05 16:40:00	57.46047	17.75856	41	0	18	0	0	0.005	13.9	17	1005	25	1	0.9	237	8300	230	1	3	3	3	3	3	0	0	100	0	0		
2019-07-05 17:00:00	57.45678	17.74758	12	0	19	0	0	0.005	13.9	17	1005	25	2	0.7	238	7600	230	1	3	3	3	3	3	0	0	100	1	0		
2019-07-05 17:20:00	57.45369	17.74905	12	0	20	0	1	0.005	13.9	16	1005	25	2	0.3	166	7400	355	3	2	3	3	3	3	0	0	28	9	64		
2019-07-05 17:40:00	57.45096	17.75373	12	0	21	0	0	0.005	13.9	16	1005	25	2	0.3	137	7500	355	3	2	2	3	3	3	0	0	12	5	85		
2019-07-05 18:00:00	57.44727	17.75463	12	0	22	0	0	0.005	13.9	16	1005	25	1	0.3	173	7300	355	3	2	2	2	3	3	0	0	35	10	57		
2019-07-05 18:20:00	57.44643	17.75607	13	0	23	0	0	0.005	13.9	16	1005	25	2	0.1	137	7300	355	3	2	2	2	2	3	0	0	33	27	42		
2019-07-05 18:40:00	57.44952	17.75871	11	0	24	0	0	0.005	13.9	16	1005	25	1	0.3	25	7700	355	3	2	2	2	2	2	0	0	3	14	84		
2019-07-05 19:00:00	57.45018	17.76642	12	0	25	0	0	0.005	13.9	16	1005	25	1	0.4	81	8100	355	3	2	2	2	2	2	0	0	2	4	96		
2019-07-05 19:20:00	57.44928	17.76345	13	0	26	0	1	0.005	13.9	16	1005	25	1	0.2	240	7900	345	3	3	2	2	2	2	0	0	79	20	3		
2019-07-05 19:40:00	57.44931	17.76132	13	0	27	0	0	0.005	14	16	1005	25	2	0.1	273	7800	345	3	3	3	2	2	2	0	0	80	20	1		
2019-07-05 20:00:00	57.44994	17.7609	59	0	28	0	0	0.005	13.9	16	1005	25	1	0.1	340	7800	345	3	3	3	3	2	2	0	0	66	31	5		
2019-07-05 20:20:00	57.45063	17.76279	13	0	29	0	0	0.005	13.9	16	1005	25	2	0.1	56	7900	345	3	3	3	3	3	2	0	0	42	34	25		
2019-07-05 20:40:00	57.45126	17.76588	12	0	0	0	0	0.005	13.9	15	1005	25	1	0.2	69	8100	345	3	3	3	3	3	3	0	0	46	29	27		
2019-07-05 21:00:00	57.44937	17.76867	15	0	1	0	0	0.005	13.9	15	1006	25	2	0.2	142	8100	345	3	3	3	3	3	3	0	0	79	12	11		
2019-07-05 21:20:00	57.44541	17.76495	41	0	2	0	0	0.005	13.9	15	1006	25	1	0.4	207	7700	345	3	3	3	3	3	3	0	0	99	2	0		
2019-07-05 21:40:00	57.44247	17.7657	11	0	3	0	0	0.005	13.9	15	1006	25	1	0.3	172	7600	345	3	3	3	3	3	3	0	0	87	10	5		
2019-07-05 22:00:00	57.43929	17.76885	11	0	4	0	0	0.005	13.9	15	1005	25	1	0.3	152	7500	345	3	3	3	3	3	3	0	0	85	10	6		
2019-07-05 22:20:00	57.43533	17.77209	13	0	5	0	0	0.005	13.9	15	1006	25	1	0.4	156	7400	345	3	3	3	3	3	3	0	0	94	7	0		
2019-07-05 22:40:00	57.4323	17.78064	12	0	6	0	0	0.005	13.9	15	1005	25	1	0.5	123	7700	345	2	3	3	3	3	3	0	0	71	6	24		
2019-07-05 23:00:00	57.43104	17.79273	12	0	7	0	0	0.005	13.8	15	1005	25	2	0.6	101	8200	345	2	3	3	3	3	3	0	0	66	6	30		
2019-07-05 23:20:00	57.43044	17.80752	12	0	8	0	4	0.005	13.8	15	1005	25	1	0.7	94	-1400	345	3	3	3	3	3	3	0	1	63	3	35		
2019-07-05 23:40:00	57.42765	17.82303	13	0	9	0	0	0.005	13.8	15	1005	25	2	0.8	109	-2100	345	3	3	3	3	3	3	0	1	96	1	5		
2019-07-06 00:00:00	57.42099	17.84274	40	0	10	0	1	0.005	13.8	15	1006	25	1	1.1	122	-2800	345	3	3	3	3	3	3	0	1	100	0	0		
2019-07-06 00:20:00	57.4083	17.853	12	0	11	0	0	0.005	13.8	15	1005	25	1	1.3	156	-2700	345	3	3	3	3	3	3	0	1	100	0	0		
2019-07-06 00:40:00	57.3942	17.85813	12	0	12	0	0	0.005	13.8	15	1005	25	1	1.3	169	-2300	345	3	3	3	3	3	3	0	1	100	0	0		
2019-07-06 01:00:00	57.38004	17.86263	13	0	13	0	0	0.005	13.8	16	1005	25	1	1.3	170	-1900	345	3	3	3	3	3	3	0	1	100	0	0		
2019-07-06 01:20:00	57.36561	17.8689	13	0	14	0	0	0.005	13.8	16	1005	25	1	1.4	167	-1500	345	3	3	3	3	3	3	0	1	100	0	0		
2019-07-06 01:40:00	57.35139	17.87334	12	0	15	0	0	0.005	13.8	16	1005	25	1	1.3	170	-1100	345	3	3	3	3	3	3	0	1	100	0	0		
2019-07-06 02:00:00	57.33639	17.87688	13	0	16	0	0	0.005	13.8	16	1005	25	2	1.4	173	-500	345	2	3	3	3	3	3	0	1	100	0	0		
2019-07-06 02:20:00	57.34221	17.89434	41	0	17	0	0	0.005	13.8	16	1005	25	1	1	58	-1800	290	3	2	3	3	3	3	0	1	3	0	98		
2019-07-06 02:40:00	57.32868	17.90073	13	0	18	0	0	0.005	14	16	1005	25	3	1.3	166	-1500	285	3	3	2	3	3	3	0	1	98	0	3		
2019-07-06 03:00:00	57.31356	17.90517	12	0	19	0	0	0.005	14	16	1005	25	1	1.4	171	-1000	285	3	3	3	2	3	3	0	1	100	0	0		
2019-07-06 03:20:00	57.29898	17.91261	11	0	20	0	0	0.005	14	16	1005	25	2	1.4	165	-700	285	3	3	3	3	2	3	0	1	100	0	0		
2019-07-06 03:40:00	57.28389	17.91414	41	0	21	0	0	0.005	13.9	16	1005	25	1	1.4	177	0	285	3	3	3	3	3	2	1	1	100	0	0		
2019-07-06 03:50:00	57.27672	17.91375	12	0	22	0	1	0.005	14	16	1005	25	1	1.4	182	300	285	2	3	3	3	3	3	1	1	98	0	0		
2019-07-06 04:00:00	57.27567	17.92326	12	0	23	0	0	0.005	13.9	16	1004	25	1	1	101	-200	310	0	2	3	3	3	3	1	1	7	0	94		
2019-07-06 04:10:00	57.27102	17.91897	13	0	24	0	0	0.005	13.9	16	1005	25	1	1	207	600	310	1	0	2	3	3	3	1	1	94	0	7		
2019-07-06 04:20:00	57.27144	17.92254	12	0	25	0	0	0.005	13.9	16	1004	25	1	0.4	78	500	310	1	1	0	2	3	3	1	1	9	0	90		
2019-07-06 04:30:00	57.2727	17.92479	12	0	26	0	0	0.005	13.9	16	1005	25	1	0.3	44	-400	310	1	1	1	0	2	3	1	1	0	0	100		
2019-07-06 04:40:00	57.27393	17.92809	12	0	27	0	0	0.005	13.9	16	1004	25	1	0.4	55	-500	310	1	1	1	1	0	2	1	1	0	3	98		
2019-07-06 04:50:00	57.27501	17.9307	12	0	28	0	5	0.005	13.9	16	1004	25	1	0.3	53	0	310	1	1	1	1	1	0	0	1	0	3	98		
2019-07-06 05:00:00	57.2763	17.93262	11	0	29	0	0	0.005	13.9	16	1004	25	1	0.3	39	100	310	1	1	1	1	1	1	0	1	0	0	100		
2019-07-06 05:10:00	57.27729	17.93481	14	0	0	0	0	0.005	13.9	16	1004	25	1	0.3	50	200	310	1	1	1	1	1	1	0	1	0	0	100		
2019-07-06 05:20:00	57.2781	17.93715	13	0	1	0	0	0.005	13.9	16	1004	25	1	0.3	58	300	310	1	1	1	1	1	1	0	1	0	1	100		
2019-07-06 05:40:00	57.27855	17.94159	41	0	3	0	0	0.005	13.9	17	1004	25	3	0.2	84	500	310	1	1	1	1	1	1	0	1	0	1	89		
2019-07-06 05:50:00	57.27828	17.943	14	0	4	0	0	0.005	13.8	17	1004	25	1	0.2	109	600	310	1	1	1	1	1	1	0	1	0	2	94		
2019-07-06 05:55:00	57.27648	17.943	11	0	5	0	2	0.005	13.8	17	1004	25	1	0.7	180	700	285	1	0	1	1	1	1	0	0	30	1	9		
2019-07-06 06:00:00	57.27423	17.94192	12	0	6	0	0	0.005	13.8	17	1004	25	2	0.9	195	700	285	0	0	0	1	1	1	0	1	39	0	0		
2019-07-06 06:05:00	57.27216	17.94093	13	0	7	0	0	0.005	13.9	17	1004	25	1	0.8	194	600	285	1	0	0	0	1	1	0	1	43	1	0		
2019-07-06 06:10:00	57.27126	17.94153	13	0	8	0	1	0.005	13.9	17	1004	25	2	0.4	160	700	305	0	1	0	0	0	1	0	0	11	1	24		
2019-07-06 06:15:00	57.27123	17.94177	13	0	9	0	0	0.005	13.9	17	1004	25	1	0.1	104	700	305	1	1	1	0	0	0	0	0	0	0	43		
2019-07-06 06:20:00	57.2712	17.94165	13	0	10	0	0	0.005	13.9	17	1004	25	1	0	243	700	305	1	1	1	1	0	0	0	0	0	1	41		
2019-07-06 06:25:00	57.27111	17.94177	13	0	11	0	0	0.005	13.9	17	1004	25	1	0	140	700	305	1	1	1	1	1	0	0	0	0	0	44		
2019-07-06 06:30:00	57.27108	17.94162	12	0	12	0	0	0.005	13.9	17	1004	25	1	0	253	700	305	1	1	1	1	1	1	0	0	0	2	42		
2019-07-06 06:35:00	57.2712	17.94156	13	0	13	0	0	0.005	13.8	17	1004	25	2	0	347	700	305	1	1	1	1	1	1	0	0	0	0	35		
2019-07-06 06:40:00	57.27087	17.94123	12	0	14	0	0	0.005	13.9	17	1004	25	1	0.1	208	700	305	1	1	1	1	1	1	0	0	0	2	42		
2019-07-06 06:45:00	57.27069	17.94108	12	0	15	0	0	0.005	13.8	17	1004	25	1	0.1	209	700	305	1	1	1	1	1	1	0	0	0	0	44		
2019-07-06 06:50:00	57.2706	17.94069	12	0	16	0	0	0.005	13.8	17	1004	25	1	0.1	247	700	305	1	1	1	1	1	1	0	0	0	0	43		
2019-07-06 06:55:00	57.27066	17.93961	13	0	17	0	0	0.005	13.8	17	1005	25	2	0.2	274	600	305	1	1	1	1	1	1	0	1	0	0	40		
2019-07-06 07:00:00	57.27093	17.93823	12	0	18	0	0	0.005	13.8	17	1004	25	1	0.3	292	600	305	1	1	1	1	1	1	0	1	0	0	43		
2019-07-06 07:05:00	57.27135	17.93673	12	0	19	0	0	0.005	13.8	17	1004	25	2	0.3	297	500	305	1	1	1	1	1	1	0	1	0	0	38		
2019-07-06 07:10:00	57.27156	17.93499	12	0	20	0	0	0.005	13.9	17	1004	25	1	0.4	283	400	305	1	1	1	1	1	1	0	1	0	0	44		
2019-07-06 07:15:00	57.27168	17.93295	13	0	21	0	0	0.005	13.9	17	1004	25	1	0.4	276	300	305	1	1	1	1	1	1	0	1	0	0	44		
2019-07-06 07:20:00	57.27219	17.93313	12	0	22	0	1	0.005	13.9	17	1004	25	1	0.2	11	200	305	1	2	1	1	1	1	0	1	0	0	42		
2019-07-06 07:25:00	57.2727	17.9346	13	0	23	0	0	0.005	13.9	17	1004	25	1	0.4	57	300	305	1	2	2	1	1	1	0	1	0	0	41		
2019-07-06 07:30:00	57.27345	17.93472	13	0	24	0	0	0.005	13.9	17	1004	25	1	0.3	5	200	305	1	2	2	2	1	1	0	1	0	1	42		
2019-07-06 07:35:00	57.27414	17.93526	13	0	25	0	0	0.005	13.9	17	1004	25	1	0.3	22	300	305	1	2	2	2	2	1	0	1	0	0	44		
2019-07-06 07:40:00	57.27501	17.93598	14	0	26	0	0	0.005	13.9	17	1004	25	1	0.4	25	300	305	1	2	2	2	2	2	0	1	0	0	44		
2019-07-06 07:45:00	57.27567	17.93748	13	0	27	0	0	0.005	13.9	17	1004	25	1	0.4	50	400	305	1	2	2	2	2	2	0	1	0	0	44		
2019-07-06 07:50:00	57.27657	17.93838	13	0	28	0	0	0.005	13.8	17	1004	25	2	0.4	29	400	305	1	2	2	2	2	2	0	1	0	0	40		
2019-07-06 07:55:00	57.27738	17.94021	15	0	29	0	0	0.005	13.9	18	1004	25	1	0.5	51	500	305	1	2	2	2	2	2	0	1	0	0	44		
2019-07-06 08:00:00	57.27837	17.94108	40	0	0	0	0	0.005	13.9	18	1004	25	1	0.4	25	500	305	1	2	2	2	2	2	0	1	0	0	43		
2019-07-06 08:05:00	57.27921	17.94138	13	0	1	0	0	0.005	13.9	18	1004	25	1	0.4	12	500	305	1	2	2	2	2	2	0	1	0	0	38		
2019-07-06 08:10:00	57.28017	17.94141	12	0	2	0	0	0.005	13.9	18	1004	25	1	0.4	1	500	305	1	2	2	2	2	2	0	1	0	0	43		
2019-07-06 08:15:00	57.28107	17.94327	12	0	3	0	0	0.005	13.9	18	1004	25	2	0.5	48	600	305	0	2	2	2	2	2	0	1	0	0	35		
2019-07-06 08:20:00	57.28257	17.94441	12	0	4	0	0	0.005	13.8	18	1004	25	1	0.6	22	600	305	0	2	2	2	2	2	1	1	0	0	44		
2019-07-06 08:25:00	57.28404	17.94456	13	0	5	0	0	0.005	13.8	18	1004	25	1	0.5	3	600	305	0	2	2	2	2	2	1	1	0	0	44		
2019-07-06 08:30:00	57.2856	17.94378	12	0	6	0	0	0.005	13.8	18	1004	25	1	0.6	345	500	305	1	2	2	2	2	2	1	1	0	0	43		
2019-07-06 08:35:00	57.28689	17.9427	12	0	7	0	0	0.005	13.8	18	1004	25	1	0.5	336	400	305	1	2	2	2	2	2	1	1	0	0	44		
2019-07-06 08:40:00	57.28818	17.94324	13	0	8	0	0	0.005	13.8	18	1004	25	1	0.5	13	400	305	1	2	2	2	2	2	1	1	0	0	43		
2019-07-06 08:45:00	57.28911	17.94462	13	0	9	0	0	0.005	13.9	18	1004	25	1	0.4	39	500	305	0	2	2	2	2	2	1	1	0	0	42		
2019-07-06 08:50:00	57.29043	17.9436	13	0	10	0	0	0.005	13.9	18	1004	25	1	0.5	337	400	305	0	2	2	2	2	2	1	1	2	1	40		
2019-07-06 08:55:00	57.29133	17.94477	13	0	11	0	0	0.005	13.9	18	1004	25	1	0.4	35	400	305	0	2	2	2	2	2	1	1	4	0	40		
2019-07-06 09:00:00	57.29265	17.94543	13	0	12	0	0	0.005	13.9	18	1004	25	1	0.5	15	500	305	0	2	2	2	2	2	1	1	8	0	31		
2019-07-06 09:05:00	57.29406	17.94576	13	0	13	0	0	0.005	13.8	18	1004	25	2	0.5	7	600	305	0	2	2	2	2	2	1	1	0	0	36		
2019-07-06 09:10:00	57.29562	17.94588	13	0	14	0	0	0.005	13.8	18	1004	25	1	0.6	3	800	305	0	2	2	2	2	2	1	0	0	0	44		
2019-07-06 09:15:00	57.29682	17.94414	12	0	15	0	1	0.005	13.8	18	1004	25	3	0.6	322	800	305	3	1	2	2	2	2	1	0	0	0	31		
2019-07-06 09:20:00	57.29745	17.94075	13	0	16	0	0	0.005	13.8	18	1004	25	1	0.7	289	800	305	3	1	1	2	2	2	1	0	0	0	44		
2019-07-06 09:25:00	57.29784	17.93751	12	0	17	0	0	0.005	13.9	18	1004	25	1	0.7	283	-800	305	3	1	1	1	2	2	1	0	0	0	44		
2019-07-06 09:30:00	57.29865	17.93469	12	0	18	0	0	0.005	13.9	18	1004	25	1	0.6	298	-900	305	3	1	1	1	1	2	1	0	0	0	44		
2019-07-06 09:35:00	57.29925	17.93172	12	0	19	0	0	0.005	13.9	18	1004	25	1	0.6	290	-1000	305	3	1	1	1	1	1	0	0	0	3	41		
2019-07-06 09:40:00	57.30024	17.92878	13	0	20	0	0	0.005	13.9	18	1004	25	1	0.7	302	-1200	305	3	1	1	1	1	1	0	0	0	0	41		
2019-07-06 09:45:00	57.3012	17.92581	12	0	21	0	0	0.005	13.9	18	1004	25	1	0.7	301	-1400	305	3	1	1	1	1	1	0	0	0	1	43		
2019-07-06 09:50:00	57.30219	17.92281	13	0	22	0	0	0.005	13.9	18	1003	25	1	0.7	301	-1600	305	3	1	1	1	1	1	0	0	0	0	44		
2019-07-06 09:55:00	57.30294	17.9199	14	0	23	0	0	0.005	13.9	18	1004	25	1	0.6	295	-1700	305	3	1	1	1	1	1	0	0	0	0	43		
2019-07-06 10:00:00	57.30408	17.9172	12	0	24	0	1	0.005	13.8	18	1004	25	1	0.7	308	-1900	305	3	1	1	1	1	1	0	0	0	0	43		
2019-07-06 10:20:00	57.30807	17.90595	41	0	25	0	0	0.005	13.8	18	1003	25	2	0.7	303	-2700	305	3	1	1	1	1	1	0	0	0	1	100		
2019-07-06 10:40:00	57.31137	17.89257	11	0	26	0	0	0.005	13.8	18	1003	25	1	0.8	295	-3500	305	3	1	1	1	1	1	0	0	0	0	100		
2019-07-06 11:00:00	57.31464	17.87967	11	0	27	0	0	0.005	13.8	18	1003	25	1	0.7	295	-4400	305	3	1	1	1	1	1	0	0	0	0	100		
2019-07-06 11:20:00	57.31776	17.86779	16	0	28	0	0	0.005	13.8	18	1003	25	1	0.7	296	-5200	305	2	1	1	1	1	1	0	0	0	1	100		
2019-07-06 11:40:00	57.32079	17.85588	14	0	29	0	0	0.005	13.9	18	1003	25	1	0.7	295	-5900	305	2	1	1	1	1	1	0	0	0	2	99		
2019-07-06 12:00:00	57.32406	17.84292	41	0	0	0	0	0.005	13.8	18	1003	25	1	0.7	295	-6800	305	2	1	1	1	1	1	0	0	0	1	100		
2019-07-06 12:20:00	57.32709	17.83098	12	0	1	0	0	0.005	13.8	18	1003	25	1	0.7	295	-7600	305	2	1	1	1	1	1	0	0	0	3	98		
2019-07-06 12:40:00	57.32946	17.81958	11	0	2	0	0	0.005	13.8	18	1002	25	1	0.6	291	-8300	305	2	1	1	1	1	1	0	0	0	0	100		
2019-07-06 13:00:00	57.33198	17.80836	13	0	3	0	0	0.005	13.8	18	1002	25	1	0.6	293	-9000	305	2	1	1	1	1	1	0	0	0	3	98		
2019-07-06 13:40:00	57.3345	17.78724	13	0	5	0	0	0.005	13.8	17	1002	25	3	0.5	280	-10200	305	2	1	1	1	1	1	0	0	0	0	100		
2019-07-06 14:00:00	57.33495	17.77755	40	0	6	0	0	0.005	13.9	17	1002	25	1	0.5	275	-10800	305	2	1	1	1	1	1	0	0	0	1	100		
2019-07-06 14:20:00	57.33519	17.76954	13	0	7	0	0	0.005	13.9	17	1001	25	1	0.4	273	-11200	305	2	1	1	1	1	1	0	0	0	1	100		
2019-07-06 14:40:00	57.33417	17.7624	11	0	8	0	0	0.005	13.9	17	1001	25	1	0.4	255	-11600	305	2	1	1	1	1	1	0	0	0	1	100		
2019-07-06 15:00:00	57.33366	17.7543	12	0	9	0	0	0.005	13.9	17	1001	25	2	0.4	264	-12000	305	2	1	1	1	1	1	0	0	0	0	100		
2019-07-06 15:20:00	57.33363	17.74425	13	0	10	0	0	0.005	14	17	1001	25	2	0.5	269	-12500	305	2	1	1	1	1	1	0	0	0	1	100		
2019-07-06 15:40:00	57.3327	17.7339	14	0	11	0	0	0.005	14	17	1000	25	1	0.5	261	-13100	305	2	1	1	1	1	1	0	0	0	2	99		
2019-07-06 16:00:00	57.33225	17.72379	15	0	12	0	0	0.005	13.9	17	1000	25	1	0.5	265	-13600	305	2	1	1	1	1	1	0	0	4	2	96		
2019-07-06 16:20:00	57.33156	17.71164	41	0	13	0	0	0.005	13.9	16	1000	25	1	0.6	264	-14300	305	2	1	1	1	1	1	0	0	0	0	100		
2019-07-06 16:40:00	57.33168	17.69916	12	0	14	0	0	0.005	13.9	16	1000	25	1	0.6	271	-15000	305	2	1	1	1	1	1	0	0	0	2	99		
2019-07-06 17:00:00	57.33129	17.68749	11	0	15	0	0	0.005	13.9	16	1000	25	1	0.6	266	-15700	305	2	1	1	1	1	1	0	0	0	1	100		
2019-07-06 17:20:00	57.32949	17.67366	12	0	16	0	0	0.005	13.9	16	999	25	1	0.7	257	-16400	305	2	1	1	1	1	1	0	0	0	0	100		
2019-07-06 17:40:00	57.32787	17.65758	12	0	17	0	0	0.005	13.9	16	999	25	2	0.8	259	-17300	305	2	1	1	1	1	1	0	0	0	1	100		
2019-07-06 18:00:00	57.3267	17.64288	12	0	18	0	0	0.005	13.9	16	999	25	1	0.7	262	-18100	305	2	1	1	1	1	1	0	0	0	2	99		
2019-07-06 18:20:00	57.32514	17.62755	12	0	19	0	0	0.005	13.9	16	999	25	1	0.8	259	-19000	305	2	1	1	1	1	1	0	0	0	1	100		
2019-07-06 18:40:00	57.32532	17.61261	13	0	20	0	0	0.005	14	16	999	25	1	0.7	271	-19900	305	2	1	1	1	1	1	0	0	0	2	99		
2019-07-06 19:00:00	57.32622	17.59809	13	0	21	0	0	0.005	14	16	999	25	1	0.7	277	-20700	305	2	1	1	1	1	1	0	0	0	3	98		
2019-07-06 19:20:00	57.32679	17.58408	11	0	22	0	0	0.005	14.1	16	998	25	1	0.7	274	-21600	305	2	1	1	1	1	1	0	0	0	1	100		
2019-07-06 19:40:00	57.32631	17.57124	41	0	23	0	0	0.005	14	16	998	25	1	0.6	266	-22300	305	2	1	1	1	1	1	0	0	0	1	100		
2019-07-06 20:00:00	57.32475	17.55729	11	0	24	0	0	0.005	14	16	997	25	1	0.7	258	-23100	305	2	1	1	1	1	1	0	0	0	0	100		
2019-07-06 20:20:00	57.32346	17.5464	11	0	25	0	0	0.005	14	16	997	25	1	0.6	257	-23700	305	2	1	1	1	1	1	0	0	0	1	100		
2019-07-06 20:40:00	57.32325	17.53617	12	0	26	0	0	0.005	14	16	997	25	1	0.5	268	-24300	305	2	1	1	1	1	1	0	0	0	0	100		
2019-07-06 21:00:00	57.32337	17.5251	12	0	27	0	0	0.005	14	16	997	25	2	0.6	271	-25000	305	2	1	1	1	1	1	0	0	0	2	99		
2019-07-06 21:20:00	57.32403	17.5131	11	0	28	0	0	0.005	14	16	997	25	1	0.6	276		305	2	1	1	1	1	1	0	0	0	2	99		
2019-07-06 21:40:00	57.32877	17.49993	12	0	29	0	0	0.005	14	16	997	25	2	0.8	304		305	2	1	1	1	1	1	0	0	0	1	100		
2019-07-06 22:20:00	57.34356	17.48322	12	0	1	0	0	0.005	13.9	16	996	25	3	0.8	332		305	2	1	1	1	1	1	0	0	0	1	100		
2019-07-06 22:40:00	57.351	17.47572	12	0	2	0	0	0.005	13.9	16	996	25	1	0.8	332		305	2	1	1	1	1	1	0	0	0	2	99		
2019-07-06 23:00:00	57.35883	17.46879	12	0	3	0	0	0.005	13.9	16	996	25	1	0.8	334		305	2	1	1	1	1	1	0	0	0	2	99		
2019-07-06 23:20:00	57.34884	17.46618	12	0	4	0	1	0.005	13.9	16	997	25	1	0.9	188		265	3	0	1	1	1	1	0	0	97	0	4		
2019-07-06 23:40:00	57.3381	17.46312	13	0	5	0	0	0.005	13.9	16	997	25	1	1	189		265	3	0	0	1	1	1	0	0	100	0	0		
2019-07-07 00:00:00	57.32781	17.46099	13	0	6	0	0	0.005	13.9	16	997	25	1	1	186		265	3	0	0	0	1	1	0	0	100	0	0		
2019-07-07 00:20:00	57.31734	17.45916	13	0	7	0	0	0.005	13.9	16	997	25	1	1	185		265	3	0	0	0	0	1	0	0	100	0	0		
2019-07-07 00:40:00	57.30732	17.45796	13	0	8	0	0	0.005	13.9	16	997	25	2	0.9	184		265	3	0	0	0	0	0	0	0	100	0	0		
2019-07-07 01:00:00	57.29628	17.4582	41	0	9	0	0	0.005	13.9	16	997	25	1	1	179		265	3	0	0	0	0	0	0	0	100	0	0		
2019-07-07 01:20:00	57.28608	17.45661	13	0	10	0	0	0.005	13.9	16	997	25	1	1	185		265	3	0	0	0	0	0	0	0	100	0	0		
2019-07-07 01:40:00	57.27591	17.45472	15	0	11	0	0	0.005	13.8	16	997	25	1	0.9	186		265	3	0	0	0	0	0	0	0	100	0	0		
2019-07-07 02:00:00	57.2661	17.45277	41	0	12	0	0	0.005	13.8	16	996	25	1	0.9	186		265	3	0	0	0	0	0	0	0	100	1	0		
2019-07-07 02:20:00	57.25656	17.45058	13	0	13	0	0	0.005	13.8	16	997	25	1	0.9	187		265	3	0	0	0	0	0	0	0	100	0	0		
2019-07-07 02:40:00	57.24696	17.44713	41	0	14	0	0	0.005	13.8	16	996	25	1	0.9	191		265	3	0	0	0	0	0	0	0	100	0	0		
2019-07-07 03:00:00	57.25374	17.44701	13	0	15	0	1	0.005	13.9	16	996	25	1	0.6	360		275	2	1	0	0	0	0	0	0	4	1	96		
2019-07-07 03:20:00	57.26118	17.44773	12	0	16	0	0	0.005	14	16	997	25	2	0.7	3		275	2	1	1	0	0	0	0	0	0	1	100		
2019-07-07 03:40:00	57.26766	17.44953	12	0	17	0	0	0.005	14	16	997	25	1	0.6	8		275	2	1	1	1	0	0	0	0	0	2	99		
2019-07-07 04:00:00	57.27252	17.4504	12	0	18	0	0	0.005	14	16	997	25	2	0.5	5		275	2	1	1	1	1	0	0	0	0	2	99		
2019-07-07 04:20:00	57.27648	17.45169	13	0	19	0	0	0.005	14	15	997	25	1	0.4	10		275	2	1	1	1	1	1	0	0	0	4	97		
2019-07-07 04:40:00	57.27987	17.45538	12	0	20	0	0	0.005	14	15	997	25	1	0.4	30		275	2	1	1	1	1	1	0	0	0	3	98		
2019-07-07 05:00:00	57.28245	17.46129	41	0	21	0	0	0.005	13.9	15	997	25	2	0.4	51		275	2	1	1	1	1	1	0	0	0	4	97		
2019-07-07 05:20:00	57.28641	17.4684	12	0	22	0	0	0.005	13.9	16	997	25	2	0.5	44		275	2	1	1	1	1	1	0	0	0	0	100		
2019-07-07 05:40:00	57.28929	17.4759	12	0	23	0	0	0.005	13.9	16	997	25	1	0.5	55		275	2	1	1	1	1	1	0	0	0	4	97		
2019-07-07 06:00:00	57.2853	17.48637	12	0	24	0	0	0.005	13.9	16	997	25	1	0.6	125		275	2	1	1	1	1	1	0	0	4	5	93		
2019-07-07 06:20:00	57.27705	17.47839	13	0	25	0	1	0.005	13.9	16	998	25	1	0.9	208		275	2	3	1	1	1	1	0	0	96	0	5		
2019-07-07 07:00:00	57.28137	17.4423	13	0	27	0	0	0.005	13.9	16	998	25	3	1	290		275	2	0	0	3	1	1	0	0	100	0	0		
2019-07-07 07:20:00	57.28296	17.42394	13	0	28	0	1	0.005	13.9	16	998	25	2	0.9	279		275	2	0	0	0	3	1	0	0	100	0	0		
2019-07-07 07:40:00	57.2832	17.40591	13	0	29	0	0	0.005	13.9	16	999	25	1	0.9	272		275	2	0	0	0	0	3	0	0	100	0	0		
2019-07-07 08:00:00	57.28296	17.3877	40	0	0	0	0	0.005	13.8	16	999	25	2	0.9	269		275	2	0	0	0	0	0	0	0	100	0	0		
2019-07-07 08:20:00	57.28287	17.36946	13	0	1	0	0	0.005	13.8	16	999	25	1	0.9	269		275	2	0	0	0	0	0	0	0	100	1	0		
2019-07-07 08:40:00	57.28203	17.35017	11	0	2	0	0	0.005	13.8	16	1000	25	1	1	265		275	2	0	0	0	0	0	0	0	100	0	0		
2019-07-07 09:00:00	57.27954	17.331	12	0	3	0	0	0.005	13.8	16	1000	25	1	1	256		275	2	0	0	0	0	0	0	0	95	2	4		
2019-07-07 09:20:00	57.27717	17.31117	11	0	4	0	0	0.005	13.9	16	1000	25	1	1	258		275	2	0	0	0	0	0	0	0	100	1	0		
2019-07-07 09:40:00	57.27588	17.29242	12	0	5	0	0	0.005	13.9	16	1001	25	1	0.9	263		275	2	0	0	0	0	0	0	0	99	2	0		
2019-07-07 10:00:00	57.27612	17.27283	12	0	6	0	0	0.005	13.9	16	1001	25	1	1	271		275	2	0	0	0	0	0	0	0	100	1	0		
2019-07-07 10:20:00	57.27747	17.25165	59	0	7	0	0	0.005	13.9	17	1001	25	1	1	277		275	2	0	0	0	0	0	0	0	100	0	0		
2019-07-07 10:40:00	57.27936	17.23281	12	0	8	0	0	0.005	13.9	17	1001	25	1	1	280		275	2	0	0	0	0	0	0	0	100	0	0		
2019-07-07 11:00:00	57.28131	17.2128	11	0	9	0	0	0.005	13.9	17	1002	25	1	1	280		275	2	0	0	0	0	0	0	0	100	0	0		
2019-07-07 11:20:00	57.28194	17.19342	13	0	10	0	0	0.005	13.9	17	1002	25	1	1	273		275	2	0	0	0	0	0	0	0	100	0	0		
2019-07-07 11:40:00	57.27696	17.21328	13	0	11	0	1	0.005	13.9	17	1003	25	1	1.1	115		275	2	2	0	0	0	0	0	0	4	1	96		
2019-07-07 12:00:00	57.26961	17.23503	41	0	12	0	0	0.005	13.9	17	1002	25	1	1.3	122		275	2	2	2	0	0	0	0	0	0	0	100		
2019-07-07 12:20:00	57.26109	17.25429	12	0	13	0	0	0.005	13.9	17	1003	25	1	1.3	129		275	2	2	2	2	0	0	0	0	0	0	100		
2019-07-07 12:40:00	57.25227	17.27364	12	0	14	0	0	0.005	13.9	17	1003	25	1	1.3	130		275	2	2	2	2	2	0	0	0	0	0	100		
2019-07-07 13:20:00	57.23436	17.30838	12	0	16	0	0	0.005	13.8	17	1003	25	3	1.2	135		275	2	2	2	2	2	2	0	0	0	0	100		
2019-07-07 13:40:00	57.22491	17.32239	12	0	17	0	5	0.005	13.8	17	1003	25	1	1.1	141	4300	275	3	2	2	2	2	2	0	1	0	0	100		
2019-07-07 14:00:00	57.21531	17.30673	12	0	18	0	1	0.005	13.8	17	1004	25	2	1.2	221	5300	360	0	3	2	2	2	2	0	1	98	1	3		
2019-07-07 14:20:00	57.21489	17.28837	12	0	19	0	6	0.005	13.9	17	1004	25	1	0.9	268	5300	360	1	0	3	2	2	2	0	1	100	0	0		
2019-07-07 14:40:00	57.21447	17.29755	12	0	20	0	0	0.005	13.9	17	1004	25	1	0.5	95	5300	360	0	1	0	3	2	2	0	1	4	0	97		
2019-07-07 15:00:00	57.21348	17.28141	13	0	21	0	0	0.005	13.9	17	1004	25	1	0.8	263	5400	360	1	0	1	0	3	2	0	1	96	1	5		
2019-07-07 15:20:00	57.21186	17.28963	14	0	22	0	1	0.005	13.9	16	1004	25	1	0.4	110	5600	5	0	1	0	1	0	3	0	0	5	0	96		
2019-07-07 15:40:00	57.21243	17.29911	14	0	23	0	0	0.005	13.9	16	1004	25	1	0.5	84	5600	5	1	1	1	0	1	0	0	0	0	1	100		
2019-07-07 16:00:00	57.21402	17.30847	40	0	24	0	0	0.005	13.9	16	1005	25	1	0.5	73	5400	5	1	1	1	1	0	1	0	1	0	0	100		
2019-07-07 16:20:00	57.21471	17.31735	12	0	25	0	0	0.005	13.8	16	1005	25	1	0.5	82	5400	5	1	1	1	1	1	0	0	1	0	2	99		
2019-07-07 16:40:00	57.21639	17.32623	12	0	26	0	0	0.005	13.9	16	1005	25	1	0.5	71	5200	5	1	1	1	1	1	1	0	1	0	0	100		
2019-07-07 17:00:00	57.21795	17.33397	11	0	27	0	0	0.005	13.9	16	1005	25	1	0.4	70	5100	5	1	1	1	1	1	1	0	1	0	2	99		
2019-07-07 17:20:00	57.21969	17.34141	11	0	28	0	0	0.005	13.9	16	1005	25	1	0.4	67	4900	5	1	1	1	1	1	1	0	1	0	1	100		
2019-07-07 17:40:00	57.22197	17.35026	12	0	29	0	0	0.005	13.9	16	1005	25	1	0.5	64	4700	5	1	1	1	1	1	1	0	1	0	1	100		
2019-07-07 18:00:00	57.22431	17.35881	12	0	0	0	0	0.005	13.9	16	1005	25	2	0.5	63	4500	5	1	1	1	1	1	1	0	1	0	1	100		
2019-07-07 18:20:00	57.22731	17.36691	12	0	1	0	0	0.005	13.9	16	1005	25	1	0.5	56	4200	5	1	1	1	1	1	1	0	1	0	1	100		
2019-07-07 18:40:00	57.23109	17.37453	12	0	2	0	0	0.005	13.9	16	1006	25	2	0.5	47	3800	5	1	1	1	1	1	1	0	1	0	1	100		
2019-07-07 19:00:00	57.23478	17.38218	13	0	3	0	0	0.005	14.1	16	1006	25	1	0.5	48	3400	5	1	1	1	1	1	1	0	1	0	0	100		
2019-07-07 19:20:00	57.2376	17.39058	41	0	4	0	0	0.005	14.1	16	1006	25	1	0.5	58	3100	5	1	1	1	1	1	1	0	1	5	4	93		
2019-07-07 19:40:00	57.24096	17.39832	12	0	5	0	1	0.005	14.1	16	1006	25	1	0.5	51	2800	5	1	1	1	1	1	1	0	1	0	1	100		
2019-07-07 20:00:00	57.24438	17.40591	11	0	6	0	0	0.005	14.1	16	1006	25	1	0.5	50	2400	5	1	1	1	1	1	1	0	1	0	2	99		
2019-07-07 20:20:00	57.24723	17.41332	12	0	7	0	0	0.005	14	16	1006	25	1	0.5	55	2200	5	1	1	1	1	1	1	0	1	0	3	98		
2019-07-07 20:40:00	57.25014	17.4189	12	0	8	0	0	0.005	14	15	1006	25	1	0.4	46	1900	5	1	1	1	1	1	1	0	1	0	5	96		
2019-07-07 21:00:00	57.25338	17.42463	13	0	9	0	0	0.005	14	15	1006	25	1	0.4	44	1500	5	1	1	1	1	1	1	0	1	0	2	99		
2019-07-07 21:20:00	57.25632	17.4315	13	0	10	0	0	0.005	14	15	1006	25	1	0.4	52	1200	5	1	1	1	1	1	1	0	1	0	5	96		
2019-07-07 21:40:00	57.25932	17.4366	13	0	11	0	0	0.005	14	15	1006	25	3	0.4	43	900	5	1	1	1	1	1	1	0	1	0	4	97		
2019-07-07 22:00:00	57.26277	17.44122	40	0	12	0	0	0.005	14	15	1006	25	1	0.4	36	500	5	1	1	1	1	1	1	0	1	0	4	97		
2019-07-07 22:20:00	57.2652	17.4453	11	0	13	0	0	0.005	14	15	1006	25	1	0.3	42	300	5	1	1	1	1	1	1	0	1	0	8	93		
2019-07-07 22:40:00	57.26835	17.4498	12	0	14	0	0	0.005	13.9	15	1006	25	1	0.4	38	0	5	1	1	1	1	1	1	0	1	0	4	97		
2019-07-07 23:00:00	57.27222	17.45583	12	0	15	0	0	0.005	13.9	16	1006	25	1	0.5	40	-400	5	1	1	1	1	1	1	0	1	0	4	97		
2019-07-07 23:20:00	57.27726	17.46261	13	0	16	0	0	0.005	13.9	16	1006	25	2	0.6	36	-1000	5	2	1	1	1	1	1	0	1	0	0	100		
2019-07-07 23:40:00	57.27786	17.47917	12	0	17	0	0	0.005	13.9	16	1006	25	1	0.8	86	-1000	5	2	2	1	1	1	1	0	1	0	0	100		
2019-07-08 00:00:00	57.27885	17.4981	13	0	18	0	0	0.005	13.9	16	1006	25	2	1	85	-1000	5	2	2	2	1	1	1	0	1	0	0	100		
2019-07-08 00:20:00	57.27969	17.51703	13	0	19	0	0	0.005	13.9	16	1006	25	1	1	85	-1000	5	2	2	2	2	1	1	0	1	0	0	100		
2019-07-08 00:40:00	57.279	17.53596	13	0	20	0	0	0.005	13.9	16	1006	25	1	1	94	-900	5	1	2	2	2	2	1	0	1	0	0	100		
2019-07-08 01:20:00	57.28191	17.56011	12	0	22	0	0	0.005	13.9	16	1006	25	3	0.9	101	-1100	5	2	2	1	2	2	2	0	1	0	0	100		
2019-07-08 01:40:00	57.27891	17.57862	11	0	23	0	0	0.005	13.9	16	1006	25	1	1	107	-700	5	1	2	2	1	2	2	0	1	0	0	100		
2019-07-08 02:00:00	57.28308	17.58846	12	0	24	0	0	0.005	13.9	16	1006	25	1	0.6	52	-1200	5	2	1	2	2	1	2	0	1	0	0	100		
2019-07-08 02:20:00	57.28062	17.60655	12	0	25	0	0	0.005	13.8	16	1006	25	1	0.9	104	-800	5	1	2	1	2	2	1	0	1	0	0	100		
2019-07-08 02:40:00	57.28518	17.61576	12	0	26	0	0	0.005	13.9	16	1006	25	2	0.6	47	-1300	5	2	1	2	1	2	2	0	1	0	1	100		
2019-07-08 03:00:00	57.28455	17.63685	13	0	27	0	0	0.005	13.9	16	1006	25	1	1.1	93	-1100	5	2	2	1	2	1	2	0	1	0	0	100		
2019-07-08 03:20:00	57.28338	17.65812	41	0	28	0	0	0.005	14.1	16	1005	25	1	1	96	-900	5	1	2	2	1	2	1	0	1	0	0	100		
2019-07-08 03:40:00	57.28875	17.66628	12	0	29	0	0	0.005	14	16	1006	25	1	0.7	39	-1500	5	2	1	2	2	1	2	0	1	0	1	100		
2019-07-08 04:00:00	57.29088	17.68593	11	0	0	0	0	0.005	14	16	1006	25	1	1	79	-1700	5	2	2	1	2	2	1	0	1	0	0	100		
2019-07-08 04:20:00	57.2916	17.70561	12	0	1	0	0	0.005	14	16	1006	25	1	1	86	-1700	5	2	2	2	1	2	2	0	1	0	1	100		
2019-07-08 04:40:00	57.29232	17.72451	11	0	2	0	0	0.005	14	16	1006	25	1	0.9	86	-1700	5	2	2	2	2	1	2	0	1	0	0	100		
2019-07-08 05:00:00	57.29352	17.7447	13	0	3	0	0	0.005	14	16	1006	25	1	1	84	-1800	5	2	2	2	2	2	1	0	1	0	0	100		
2019-07-08 05:20:00	57.29346	17.76483	16	0	4	0	0	0.005	14	16	1006	25	1	1	90	-1700	5	2	2	2	2	2	2	0	1	0	0	100		
2019-07-08 05:40:00	57.2961	17.78331	13	0	5	0	0	0.005	14	16	1006	25	2	1	75	-1900	5	2	2	2	2	2	2	0	1	0	0	100		
2019-07-08 06:00:00	57.29724	17.80374	40	0	6	0	0	0.005	13.9	16	1005	25	2	1	84	-2000	5	2	2	2	2	2	2	0	1	0	0	100		
2019-07-08 06:20:00	57.29742	17.82471	12	0	7	0	0	0.005	13.9	16	1006	25	1	1.1	89	-1900	5	2	2	2	2	2	2	0	1	0	0	100		
2019-07-08 06:40:00	57.29559	17.84583	12	0	8	0	0	0.005	13.9	16	1006	25	2	1.1	99	-1600	5	2	2	2	2	2	2	0	1	0	0	100		
2019-07-08 07:00:00	57.29412	17.8617	12	0	9	0	0	0.005	13.9	16	1006	25	1	0.8	100	-1400	5	2	2	2	2	2	2	0	1	0	0	100		
2019-07-08 07:20:00	57.28998	17.88168	12	0	10	0	0	0.005	13.9	16	1006	25	2	1.1	111	-900	5	3	2	2	2	2	2	1	1	0	0	100		
2019-07-08 07:40:00	57.27768	17.87964	13	0	11	0	0	0.005	13.9	16	1006	25	1	1.1	185	500	325	1	3	2	2	2	2	1	1	96	0	5		
2019-07-08 08:00:00	57.2805	17.88858	12	0	12	0	0	0.005	13.9	16	1006	25	1	0.5	60	200	325	0	1	3	2	2	2	1	1	2	2	97		
2019-07-08 08:20:00	57.27438	17.8767	13	0	13	0	0	0.005	13.9	16	1006	25	2	0.8	226	800	320	1	0	1	3	2	2	0	1	96	1	5		
2019-07-08 08:40:00	57.27729	17.88552	13	0	14	0	0	0.005	13.9	17	1006	25	1	0.5	59	500	320	1	1	0	1	3	2	1	1	4	2	95		
2019-07-08 09:00:00	57.28041	17.89557	13	0	15	0	0	0.005	13.8	17	1007	25	1	0.6	60	600	320	0	1	1	0	1	3	1	1	0	2	99		
2019-07-08 09:10:00	57.28191	17.90001	13	0	16	0	2	0.005	13.9	17	1007	25	1	0.5	58	800	320	0	1	1	1	0	1	1	1	0	2	99		
2019-07-08 09:20:00	57.28341	17.90511	14	0	17	0	0	0.005	13.9	17	1006	25	1	0.6	61	-1100	320	0	1	1	1	1	0	0	1	0	0	100		
2019-07-08 09:30:00	57.28518	17.91057	41	0	18	0	0	0.005	13.8	17	1007	25	1	0.6	59	-1500	320	0	1	1	1	1	1	0	1	0	0	100		
2019-07-08 09:40:00	57.28662	17.91504	12	0	19	0	0	0.005	13.9	17	1007	25	1	0.5	59	-1800	320	0	1	1	1	1	1	0	1	0	0	98		
2019-07-08 09:50:00	57.28806	17.91918	11	0	20	0	0	0.005	13.9	17	1007	25	1	0.5	57	-2100	320	0	1	1	1	1	1	0	1	0	1	100		
2019-07-08 10:00:00	57.28959	17.92458	13	0	21	0	0	0.005	13.9	16	1007	25	1	0.6	62	-2400	320	0	1	1	1	1	1	0	1	0	0	100		
2019-07-08 10:10:00	57.29109	17.92845	11	0	22	0	0	0.005	13.9	16	1007	25	1	0.5	55	-2700	320	0	1	1	1	1	1	0	1	0	2	99		
2019-07-08 10:20:00	57.29199	17.93238	12	0	23	0	0	0.005	13.9	16	1007	25	2	0.4	67	-3000	320	0	1	1	1	1	1	0	1	0	4	95		
2019-07-08 10:30:00	57.29277	17.9376	14	0	24	0	0	0.005	13.9	16	1007	25	2	0.5	74	-3300	320	0	1	1	1	1	1	0	1	0	0	100		
2019-07-08 10:40:00	57.29361	17.94222	12	0	25	0	0	0.005	13.9	16	1007	25	1	0.5	71	-3600	320	0	1	1	1	1	1	0	1	0	0	100		
2019-07-08 10:50:00	57.29142	17.93793	12	0	26	0	1	0.005	13.9	16	1007	25	1	0.6	227	-3200	330	0	0	1	1	1	1	0	1	93	0	8		
2019-07-08 11:00:00	57.28941	17.93256	12	0	27	0	0	0.005	13.9	17	1007	25	1	0.7	235	-2900	330	0	0	0	1	1	1	0	1	100	0	0		
2019-07-08 11:05:00	57.28833	17.92962	41	0	28	0	1	0.005	13.9	17	1007	25	1	0.6	236	-2700	330	0	0	0	0	1	1	0	1	41	0	0		
2019-07-08 11:10:00	57.28731	17.92722	12	0	29	0	0	0.005	13.8	17	1007	25	1	0.7	232	-2500	330	0	0	0	0	0	1	0	1	36	0	0		
2019-07-08 11:15:00	57.28626	17.92485	12	0	0	0	0	0.005	13.8	17	1007	25	1	0.6	231	-2300	330	0	0	0	0	0	0	0	1	44	0	0		
2019-07-08 11:20:00	57.28497	17.92209	12	0	1	0	0	0.005	13.8	17	1007	25	1	0.7	228	-2200	330	0	0	0	0	0	0	0	1	44	0	0		
2019-07-08 11:25:00	57.2838	17.91963	12	0	2	0	0	0.005	13.8	17	1007	25	1	0.7	229	-2000	330	0	0	0	0	0	0	0	1	44	0	0		
2019-07-08 11:30:00	57.28242	17.91729	12	0	3	0	0	0.005	14	17	1007	25	1	0.7	222	1800	330	0	0	0	0	0	0	0	1	43	1	0		
2019-07-08 11:35:00	57.28104	17.91486	13	0	4	0	0	0.005	13.9	17	1007	25	1	0.7	224	1700	330	0	0	0	0	0	0	0	1	43	0	0		
2019-07-08 11:40:00	57.27954	17.91282	11	0	5	0	1	0.005	13.9	17	1007	25	1	0.7	217	1600	330	0	0	0	0	0	0	0	1	43	0	0		
2019-07-08 12:00:00	57.27423	17.90541	12	0	6	0	0	0.005	13.9	17	1007	25	1	0.6	217	1400	330	1	0	0	0	0	0	0	1	95	6	0		
2019-07-08 12:20:00	57.26946	17.89647	12	0	7	0	0	0.005	13.9	16	1007	25	1	0.6	225	1500	330	1	0	0	0	0	0	0	1	100	0	0		
2019-07-08 12:40:00	57.26427	17.89209	11	0	8	0	0	0.005	13.9	16	1007	25	1	0.5	205	2000	330	1	0	0	0	0	0	0	1	97	4	0		
2019-07-08 13:00:00	57.25791	17.89083	11	0	9	0	0	0.005	13.9	16	1007	25	1	0.6	186	2700	330	1	0	0	0	0	0	0	1	94	7	0		
2019-07-08 13:20:00	57.25155	17.88993	12	0	10	0	0	0.005	13.9	16	1007	25	1	0.6	184	3400	330	1	0	0	0	0	0	0	1	95	6	0		
2019-07-08 13:40:00	57.24378	17.88918	41	0	11	0	0	0.005	13.9	16	1007	25	1	0.7	183	4300	330	1	0	0	0	0	0	0	1	98	3	0		
2019-07-08 14:00:00	57.23625	17.88834	11	0	12	0	0	0.005	13.9	16	1007	25	2	0.7	183	5100	330	1	0	0	0	0	0	0	1	99	2	0		
2019-07-08 14:40:00	57.21948	17.88852	12	0	14	0	0	0.005	14	17	1007	25	3	0.8	178	7000	330	1	0	0	0	0	0	0	0	98	3	0		
2019-07-08 15:00:00	57.21171	17.88891	12	0	15	0	0	0.005	14	17	1007	25	1	0.7	179	7800	330	1	0	0	0	0	0	0	0	98	3	0		
2019-07-08 15:20:00	57.20397	17.88807	12	0	16	0	0	0.005	13.9	17	1008	25	1	0.7	183	8700	330	1	0	0	0	0	0	0	0	99	2	0		
2019-07-08 15:40:00	57.19563	17.88606	13	0	17	0	0	0.005	13.9	17	1008	25	1	0.8	187	9600	330	1	0	0	0	0	0	0	0	100	1	0		
2019-07-08 16:00:00	57.18666	17.88549	40	0	18	0	0	0.005	13.9	17	1008	25	2	0.8	182	10600	330	1	0	0	0	0	0	0	0	100	0	0		
2019-07-08 16:20:00	57.17835	17.88804	11	0	19	0	0	0.005	13.9	17	1008	25	1	0.8	171	11500	330	1	0	0	0	0	0	0	0	100	1	0		
2019-07-08 16:40:00	57.16935	17.8899	12	0	20	0	0	0.005	13.9	17	1008	25	1	0.8	174	12500	330	1	0	0	0	0	0	0	0	100	1	0		
2019-07-08 17:00:00	57.16242	17.88996	12	0	21	0	0	0.005	13.9	17	1008	25	1	0.6	180	13300	330	1	0	0	0	0	0	0	0	97	4	0		
2019-07-08 17:20:00	57.15624	17.88906	12	0	22	0	0	0.005	13.9	17	1008	25	1	0.6	184	14000	330	1	0	0	0	0	0	0	0	97	4	0		
2019-07-08 17:40:00	57.1503	17.886	12	0	23	0	0	0.005	13.9	17	1008	25	1	0.6	196	14600	330	1	0	0	0	0	0	0	0	96	5	0		
2019-07-08 18:00:00	57.14574	17.87538	12	0	24	0	0	0.005	14.1	17	1008	25	1	0.7	232	15100	330	1	0	0	0	0	0	0	0	100	0	0		
2019-07-08 18:20:00	57.14226	17.86857	11	0	25	0	0	0.005	14	17	1008	25	2	0.5	227	15500	330	1	0	0	0	0	0	0	0	98	3	0		
2019-07-08 18:40:00	57.13782	17.8638	12	0	26	0	0	0.005	14	17	1008	25	1	0.5	210	15900	330	1	0	0	0	0	0	0	0	92	9	0		
2019-07-08 19:00:00	57.13467	17.85939	13	0	27	0	0	0.005	14	17	1008	25	1	0.4	217	16300	330	1	0	0	0	0	0	0	0	89	11	1		
2019-07-08 19:20:00	57.13077	17.85414	13	0	28	0	0	0.005	14	17	1008	25	2	0.4	216	16700	330	1	0	0	0	0	0	0	0	93	8	1		
2019-07-08 19:40:00	57.12594	17.84562	41	0	29	0	0	0.005	14	17	1008	25	1	0.6	224	17200	330	1	0	0	0	0	0	0	0	100	0	0		
2019-07-08 20:00:00	57.12039	17.83494	12	0	0	0	0	0.005	14	17	1008	25	1	0.8	226	17800	330	1	0	0	0	0	0	0	0	100	0	0		
2019-07-08 20:20:00	57.11649	17.82438	12	0	1	0	0	0.005	13.9	16	1008	25	1	0.6	236	18200	330	1	0	0	0	0	0	0	0	100	1	0		
2019-07-08 20:40:00	57.11292	17.81307	12	0	2	0	0	0.005	13.9	16	1008	25	1	0.7	240	18500	330	1	0	0	0	0	0	0	0	100	1	0		
2019-07-08 21:00:00	57.10902	17.80251	12	0	3	0	0	0.005	13.9	16	1008	25	1	0.6	236	18900	330	1	0	0	0	0	0	0	0	100	0	0		
2019-07-08 21:20:00	57.1047	17.78844	12	0	4	0	0	0.005	13.9	16	1008	25	1	0.8	240	19400	330	1	0	0	0	0	0	0	0	100	0	0		
2019-07-08 21:40:00	57.10134	17.77413	12	0	5	0	0	0.005	13.9	17	1008	25	1	0.8	247	19700	330	1	0	0	0	0	0	0	0	100	0	0		
2019-07-08 22:00:00	57.09819	17.76204	40	0	6	0	0	0.005	13.9	17	1008	25	1	0.7	245	20000	330	1	0	0	0	0	0	0	0	100	0	0		
2019-07-08 22:20:00	57.0945	17.74959	12	0	7	0	0	0.005	13.9	17	1008	25	1	0.7	241	20300	330	1	0	0	0	0	0	0	0	100	1	0		
2019-07-08 22:40:00	57.09153	17.73756	12	0	8	0	0	0.005	13.9	17	1008	25	1	0.7	246	20600	330	1	0	0	0	0	0	0	0	100	0	0		
2019-07-08 23:00:00	57.08865	17.7267	12	0	9	0	0	0.005	13.9	17	1008	25	1	0.6	244	20900	330	1	0	0	0	0	0	0	0	100	0	0		
2019-07-08 23:20:00	57.08646	17.71542	12	0	10	0	0	0.005	13.9	17	1008	25	2	0.6	250	21100	330	1	0	0	0	0	0	0	0	100	0	0		
2019-07-08 23:40:00	57.08382	17.70246	12	0	11	0	0	0.005	13.9	17	1008	25	1	0.7	249	21400	330	1	0	0	0	0	0	0	0	100	0	0		
2019-07-09 00:00:00	57.08175	17.69064	14	0	12	0	0	0.005	13.8	16	1008	25	2	0.6	252	21500	330	1	0	0	0	0	0	0	0	100	0	0		
2019-07-09 00:20:00	57.0804	17.67672	13	0	13	0	0	0.005	13.9	16	1008	25	1	0.7	260	21600	330	1	0	0	0	0	0	0	0	100	0	0		
2019-07-09 00:40:00	57.07941	17.6622	13	0	14	0	0	0.005	13.8	16	1008	25	1	0.7	263	21700	330	1	0	0	0	0	0	0	0	100	0	0		
2019-07-09 01:00:00	57.07878	17.64762	41	0	15	0	0	0.005	13.8	16	1008	25	1	0.7	266	21700	330	1	0	0	0	0	0	0	0	96	2	3		
2019-07-09 01:20:00	57.07941	17.63343	11	0	16	0	0	0.005	13.8	16	1008	25	1	0.7	275	21600	330	1	0	0	0	0	0	0	0	100	0	0		
2019-07-09 01:40:00	57.08097	17.61873	11	0	17	0	0	0.005	13.8	16	1008	25	1	0.8	281	21400	330	1	0	0	0	0	0	0	0	100	0	0		
2019-07-09 02:00:00	57.08205	17.60337	12	0	18	0	0	0.005	13.8	16	1008	25	1	0.8	277	21200	330	1	0	0	0	0	0	0	0	100	1	0		
2019-07-09 02:20:00	57.08307	17.58822	13	0	19	0	0	0.005	13.8	16	1008	25	1	0.8	277	21000	330	1	0	0	0	0	0	0	0	100	0	0		
2019-07-09 02:40:00	57.0852	17.57427	13	0	20	0	0	0.005	13.8	16	1008	25	1	0.7	286	20700	330	1	0	0	0	0	0	0	0	100	0	0		
2019-07-09 03:00:00	57.08649	17.56011	13	0	21	0	0	0.005	13.8	16	1008	25	1	0.7	280	20500	330	1	0	0	0	0	0	0	0	100	0	0		
2019-07-09 03:20:00	57.08763	17.54322	41	0	22	0	0	0.005	13.8	16	1009	25	1	0.8	277	20400	330	1	0	0	0	0	0	0	0	100	0	0		
2019-07-09 03:40:00	57.0888	17.5269	11	0	23	0	0	0.005	13.9	16	1009	25	1	0.9	278	20200	330	1	0	0	0	0	0	0	0	100	0	0		
2019-07-09 04:00:00	57.0894	17.51055	12	0	24	0	0	0.005	13.9	16	1009	25	3	0.8	274	20000	330	1	0	0	0	0	0	0	0	100	0	0		
2019-07-09 04:20:00	57.09015	17.49591	12	0	25	0	0	0.005	13.9	16	1009	25	1	0.7	275	19900	330	1	0	0	0	0	0	0	0	100	0	0		
2019-07-09 04:40:00	57.09117	17.47869	12	0	26	0	0	0.005	14.1	16	1009	25	1	0.9	276	19700	330	1	0	0	0	0	0	0	0	100	0	0		
2019-07-09 05:00:00	57.09213	17.46141	13	0	27	0	0	0.005	14	16	1009	25	1	0.9	276	19500	330	1	0	0	0	0	0	0	0	100	0	0		
2019-07-09 05:20:00	57.09192	17.44164	12	0	28	0	0	0.005	14	16	1009	25	1	1	269	19500	330	1	0	0	0	0	0	0	0	100	0	0		
2019-07-09 05:40:00	57.09171	17.42244	41	0	29	0	0	0.005	14	16	1010	25	1	0.9	269	19400	330	1	0	0	0	0	0	0	0	100	0	0		
2019-07-09 06:00:00	57.09249	17.40279	12	0	0	0	0	0.005	14	16	1009	25	3	1	274	19300	330	1	0	0	0	0	0	0	0	100	0	0		
2019-07-09 06:20:00	57.0924	17.38323	11	0	1	0	0	0.005	14	16	1010	25	2	1	270	19200	330	1	0	0	0	0	0	0	0	100	0	0		
2019-07-09 06:40:00	57.09165	17.3631	11	0	2	0	0	0.005	14	16	1010	25	1	1	266	19200	330	1	0	0	0	0	0	0	0	100	1	0		
2019-07-09 07:00:00	57.09042	17.34396	12	0	3	0	0	0.005	14	16	1010	25	1	1	263	19300	330	1	0	0	0	0	0	0	0	100	1	0		
2019-07-09 07:20:00	57.08937	17.32302	12	0	4	0	0	0.005	13.9	16	1010	25	2	1.1	265	19300	330	1	0	0	0	0	0	0	0	100	0	0		
2019-07-09 07:40:00	57.09234	17.33373	12	0	5	0	1	0.005	13.9	16	1010	25	1	0.6	63	19000	345	1	1	0	0	0	0	0	0	3	1	97		
2019-07-09 08:00:00	57.0975	17.34636	58	0	6	0	0	0.005	13.9	16	1010	25	1	0.8	53	18500	345	1	1	1	0	0	0	0	0	0	0	100		
2019-07-09 08:20:00	57.10305	17.35719	12	0	7	0	0	0.005	13.9	16	1010	25	1	0.8	47	17900	345	1	1	1	1	0	0	0	0	0	1	100		
2019-07-09 08:40:00	57.10929	17.36706	12	0	8	0	0	0.005	13.9	16	1011	25	1	0.8	41	17300	345	1	1	1	1	1	0	0	0	0	0	100		
2019-07-09 09:00:00	57.11502	17.37795	12	0	9	0	0	0.005	13.9	16	1011	25	1	0.8	46	16700	345	1	1	1	1	1	1	0	0	0	0	100		
2019-07-09 09:20:00	57.12114	17.38896	12	0	10	0	0	0.005	13.9	16	1011	25	3	0.8	44	16000	345	1	1	1	1	1	1	0	0	0	1	100		
2019-07-09 09:40:00	57.12765	17.39994	12	0	11	0	0	0.005	13.9	16	1011	25	1	0.8	43	15400	345	1	1	1	1	1	1	0	0	0	0	100		
2019-07-09 10:00:00	57.13404	17.41062	13	0	12	0	0	0.005	13.9	16	1011	25	1	0.8	42	14700	345	1	1	1	1	1	1	0	0	0	1	100		
2019-07-09 10:20:00	57.13995	17.42397	41	0	13	0	0	0.005	13.9	16	1011	25	1	0.8	51	14100	345	1	1	1	1	1	1	0	0	0	0	100		
2019-07-09 11:00:00	57.15114	17.45088	12	0	15	0	0	0.005	13.9	16	1011	25	3	0.9	53	13000	345	1	1	1	1	1	1	0	0	0	0	100		
2019-07-09 11:20:00	57.15693	17.46582	12	0	16	0	4	0.005	13.9	16	1011	25	1	0.9	54	800	345	1	1	1	1	1	1	0	1	0	0	100		
2019-07-09 11:40:00	57.16146	17.48067	12	0	17	0	0	0.005	13.9	16	1011	25	1	0.9	61	1000	345	1	1	1	1	1	1	0	1	0	1	100		
2019-07-09 12:00:00	57.1662	17.49657	12	0	18	0	0	0.005	13.9	16	1012	25	1	0.9	61	1100	345	1	1	1	1	1	1	0	1	0	0	100		
2019-07-09 12:20:00	57.17094	17.51331	41	0	19	0	0	0.005	13.9	16	1012	25	1	0.9	62	1300	345	1	1	1	1	1	1	0	1	0	1	100		
2019-07-09 12:40:00	57.17337	17.52816	13	0	20	0	0	0.005	13.9	16	1012	25	1	0.8	73	1700	345	1	1	1	1	1	1	0	1	0	2	99		
2019-07-09 13:00:00	57.17604	17.54451	12	0	21	0	0	0.005	13.9	16	1012	25	1	0.9	73	2000	345	1	1	1	1	1	1	0	1	0	1	100		
2019-07-09 13:20:00	57.17847	17.5614	13	0	22	0	0	0.005	13.9	16	1012	25	1	0.9	75	2500	345	1	1	1	1	1	1	0	1	1	1	99		
2019-07-09 13:40:00	57.18144	17.57865	20	0	23	0	0	0.005	13.9	16	1012	25	3	0.9	72	2800	345	1	1	1	1	1	1	0	1	0	2	99		
2019-07-09 14:00:00	57.18228	17.5959	41	0	24	0	0	0.005	13.9	16	1012	25	1	0.9	85	3400	345	1	1	1	1	1	1	0	1	0	1	100		
2019-07-09 14:20:00	57.18597	17.61207	12	0	25	0	0	0.005	13.9	16	1012	25	1	0.9	67	3700	345	1	1	1	1	1	1	0	1	0	0	100		
2019-07-09 14:40:00	57.19029	17.62842	12	0	26	0	0	0.005	13.9	16	1012	25	1	0.9	64	3900	345	1	1	1	1	1	1	0	1	0	1	100		
2019-07-09 15:00:00	57.19497	17.64504	14	0	27	0	0	0.005	13.8	16	1012	25	1	0.9	63	4100	345	1	1	1	1	1	1	0	1	0	0	100		
2019-07-09 15:20:00	57.19806	17.6607	12	0	28	0	0	0.005	13.9	16	1012	25	1	0.8	70	4400	345	1	1	1	1	1	1	0	1	0	1	100		
2019-07-09 15:40:00	57.19797	17.67342	12	0	29	0	0	0.005	13.9	16	1012	25	1	0.6	91	4900	345	0	1	1	1	1	1	0	1	5	2	94		
2019-07-09 16:00:00	57.20121	17.68701	13	0	0	0	0	0.005	13.9	16	1012	25	3	0.7	66	5100	345	0	1	1	1	1	1	0	1	0	1	100		
2019-07-09 16:20:00	57.20331	17.70174	14	0	1	0	0	0.005	13.9	16	1012	25	1	0.8	75	5500	345	0	1	1	1	1	1	0	1	0	0	100		
2019-07-09 16:40:00	57.20688	17.71698	12	0	2	0	0	0.005	13.9	16	1012	25	1	0.8	67	5700	345	0	1	1	1	1	1	0	0	0	1	100		
2019-07-09 17:00:00	57.21024	17.73177	13	0	3	0	0	0.005	13.9	16	1012	25	1	0.8	67	6000	345	0	1	1	1	1	1	0	0	0	2	99		
2019-07-09 17:20:00	57.21141	17.74566	13	0	4	0	0	0.005	13.9	16	1012	25	2	0.7	81	6400	345	0	1	1	1	1	1	0	0	0	1	100		
2019-07-09 17:40:00	57.21159	17.75916	41	0	5	0	0	0.005	14	16	1012	25	1	0.7	88	6800	345	0	1	1	1	1	1	0	0	0	2	99		
2019-07-09 18:00:00	57.21303	17.77125	12	0	6	0	0	0.005	14	16	1012	25	1	0.6	78	7200	345	0	1	1	1	1	1	0	0	0	2	99		
2019-07-09 18:20:00	57.21402	17.7843	11	0	7	0	0	0.005	14	16	1012	25	1	0.7	82	7600	345	0	1	1	1	1	1	0	0	0	1	100		
2019-07-09 18:40:00	57.21276	17.7966	12	0	8	0	0	0.005	14	16	1012	25	1	0.6	101	8100	345	0	1	1	1	1	1	0	0	0	1	100		
2019-07-09 19:00:00	57.20844	17.80683	12	0	9	0	0	0.005	14	15	1012	25	2	0.7	128	8900	345	0	1	1	1	1	1	0	0	6	4	92		
2019-07-09 19:20:00	57.20304	17.81733	12	0	10	0	0	0.005	14	15	1012	25	1	0.7	134	9700	345	0	1	1	1	1	1	0	0	0	5	96		
2019-07-09 19:40:00	57.19782	17.82312	12	0	11	0	0	0.005	13.9	15	1012	25	3	0.6	149	10400	345	0	1	1	1	1	1	0	0	8	10	84		
2019-07-09 20:00:00	57.19413	17.83116	40	0	12	0	0	0.005	13.9	14	1012	25	2	0.5	130	11000	345	0	1	1	1	1	1	0	0	0	9	92		
2019-07-09 20:20:00	57.19398	17.83977	12	0	13	0	0	0.005	13.9	14	1012	25	1	0.4	92	11400	345	0	1	1	1	1	1	0	0	0	2	99		
2019-07-09 20:40:00	57.19428	17.84835	12	0	14	0	0	0.005	13.9	14	1012	25	1	0.4	86	11600	345	0	1	1	1	1	1	0	0	0	4	97		
2019-07-09 21:00:00	57.19479	17.85531	12	0	15	0	0	0.005	13.9	14	1012	25	2	0.4	83	11900	345	0	1	1	1	1	1	0	0	0	6	95		
2019-07-09 21:20:00	57.19491	17.86278	13	0	16	0	0	0.005	13.9	14	1012	25	1	0.4	88	12100	345	0	1	1	1	1	1	0	0	0	6	95		
2019-07-09 21:40:00	57.19458	17.86956	12	0	17	0	0	0.005	13.9	14	1012	25	1	0.3	95	12400	345	0	1	1	1	1	1	0	0	0	5	96		
2019-07-09 22:20:00	57.19302	17.87673	18	0	19	0	0	0.005	13.9	14	1012	25	3	0.2	115	12800	345	0	1	1	1	1	1	0	0	0	22	79		
2019-07-09 22:40:00	57.19203	17.87487	41	0	20	0	1	0.005	13.8	14	1012	25	1	0.1	226	12800	360	0	0	1	1	1	1	0	0	70	29	3		
2019-07-09 23:00:00	57.19101	17.87388	12	0	21	0	0	0.005	13.8	14	1012	25	1	0.1	208	12900	360	0	0	0	1	1	1	0	0	67	32	3		
2019-07-09 23:20:00	57.19068	17.87085	12	0	22	0	0	0.005	13.8	14	1012	25	1	0.2	259	12800	360	0	0	0	0	1	1	0	0	80	15	6		
2019-07-09 23:40:00	57.19122	17.86599	12	0	23	0	0	0.005	13.8	14	1011	25	1	0.2	282	12600	360	0	0	0	0	0	1	0	0	97	4	0		
2019-07-10 00:00:00	57.19188	17.86041	13	0	24	0	0	0.005	13.8	14	1011	25	1	0.3	282	12300	360	0	0	0	0	0	0	0	0	96	5	0		
2019-07-10 00:20:00	57.19317	17.85285	13	0	25	0	0	0.005	13.8	14	1011	25	1	0.4	288	11900	360	0	0	0	0	0	0	0	0	100	1	0		
2019-07-10 00:40:00	57.19434	17.84292	12	0	26	0	0	0.005	13.8	14	1011	25	1	0.5	282	11400	360	0	0	0	0	0	0	0	0	100	0	0		
2019-07-10 01:00:00	57.19428	17.83437	13	0	27	0	0	0.005	13.8	14	1011	25	1	0.4	269	11100	360	0	0	0	0	0	0	0	0	99	2	0		
2019-07-10 01:20:00	57.19371	17.81826	13	0	28	0	0	0.005	13.8	14	1011	25	1	0.8	266	10600	360	0	0	0	0	0	0	0	0	100	0	0		
2019-07-10 01:40:00	57.1941	17.8068	14	0	29	0	0	0.005	13.8	14	1011	25	1	0.6	273	10100	360	0	0	0	0	0	0	0	0	100	0	0		
2019-07-10 02:00:00	57.19599	17.799	40	0	0	0	0	0.005	13.8	14	1011	25	1	0.4	294	9700	360	0	0	0	0	0	0	0	0	100	0	0		
2019-07-10 02:20:00	57.1962	17.79333	13	0	1	0	0	0.005	13.8	14	1011	25	1	0.3	274	9500	360	0	0	0	0	0	0	0	0	98	3	0		
2019-07-10 02:40:00	57.19644	17.78292	13	0	2	0	0	0.005	13.8	14	1011	25	1	0.5	273	9000	360	0	0	0	0	0	0	0	0	100	0	0		
2019-07-10 03:00:00	57.1968	17.77257	12	0	3	0	0	0.005	13.8	13	1011	25	1	0.5	274	8600	360	0	0	0	0	0	0	0	0	100	0	0		
2019-07-10 03:20:00	57.19698	17.76072	13	0	4	0	0	0.005	14	14	1011	25	1	0.6	271	8200	360	0	0	0	0	0	0	0	0	100	0	0		
2019-07-10 03:40:00	57.19608	17.77602	13	0	5	0	1	0.005	14	14	1011	25	1	0.8	96	8800	5	0	1	0	0	0	0	0	0	4	1	97		
2019-07-10 04:00:00	57.19575	17.7906	12	0	6	0	0	0.005	14	14	1011	24	1	0.7	92	9400	5	0	1	1	0	0	0	0	0	0	1	100		
2019-07-10 04:20:00	57.19554	17.80443	13	0	7	0	0	0.005	14	13	1011	24	1	0.7	92	9900	5	0	1	1	1	0	0	0	0	0	0	100		
2019-07-10 04:40:00	57.19428	17.81514	41	0	8	0	0	0.005	14	13	1011	25	1	0.5	102	10400	5	0	1	1	1	1	0	0	0	5	5	91		
2019-07-10 05:00:00	57.19443	17.82522	12	0	9	0	0	0.005	13.9	13	1011	25	1	0.5	88	10800	5	0	1	1	1	1	1	0	0	0	4	97		
2019-07-10 05:20:00	57.19566	17.83629	12	0	10	0	0	0.005	13.9	14	1011	25	1	0.6	78	11100	5	0	1	1	1	1	1	0	0	0	1	100		
2019-07-10 05:40:00	57.19692	17.84694	12	0	11	0	0	0.005	13.9	14	1011	25	1	0.5	78	11400	5	0	1	1	1	1	1	0	0	0	1	100		
2019-07-10 06:00:00	57.19908	17.85651	13	0	12	0	0	0.005	13.9	14	1011	25	3	0.5	67	11500	5	0	1	1	1	1	1	0	0	0	1	100		
2019-07-10 06:20:00	57.20178	17.86686	13	0	13	0	0	0.005	13.9	14	1011	25	1	0.6	64	11700	5	0	1	1	1	1	1	0	0	0	1	100		
2019-07-10 06:40:00	57.20367	17.87751	41	0	14	0	0	0.005	13.9	14	1011	25	1	0.5	72	11900	5	0	1	1	1	1	1	0	0	0	1	100		
2019-07-10 07:00:00	57.20514	17.88741	12	0	15	0	0	0.005	13.9	14	1011	25	2	0.5	75	12100	5	0	1	1	1	1	1	0	0	0	1	100		
2019-07-10 07:20:00	57.20661	17.89716	12	0	16	0	0	0.005	13.9	15	1011	25	1	0.5	75	12400	5	0	1	1	1	1	1	0	0	0	1	100		
2019-07-10 07:40:00	57.2079	17.90712	12	0	17	0	0	0.005	13.9	14	1011	25	1	0.5	76	12600	5	0	1	1	1	1	1	0	0	0	3	98		
2019-07-10 08:00:00	57.20937	17.91726	13	0	18	0	0	0.005	13.9	14	1011	25	1	0.5	75	12800	5	0	1	1	1	1	1	0	0	0	4	97		
2019-07-10 08:20:00	57.21138	17.9289	13	0	19	0	0	0.005	13.9	14	1012	25	1	0.6	72	13100	5	0	1	1	1	1	1	0	0	0	2	99		
2019-07-10 08:40:00	57.21516	17.94117	41	0	20	0	0	0.005	13.9	14	1012	25	1	0.7	60	13200	5	0	1	1	1	1	1	0	0	0	3	98		
2019-07-10 09:00:00	57.21891	17.95245	12	0	21	0	0	0.005	13.9	14	1012	25	1	0.7	58	13300	5	0	1	1	1	1	1	0	0	0	1	100		
2019-07-10 09:20:00	57.22308	17.96421	12	0	22	0	0	0.005	13.8	14	1012	25	1	0.7	57	13400	5	0	1	1	1	1	1	0	0	0	2	99		
2019-07-10 10:00:00	57.23076	17.98707	14	0	24	0	0	0.005	13.9	14	1012	25	3	0.7	58	13500	5	0	1	1	1	1	1	0	0	0	2	99		
2019-07-10 10:20:00	57.23415	17.99589	13	0	25	0	0	0.005	13.9	14	1012	25	1	0.5	55	13500	5	0	1	1	1	1	1	0	0	5	2	94		
2019-07-10 10:30:00	57.23619	18.00078	15	0	26	0	1	0.005	13.9	14	1012	25	1	0.6	53	13500	5	0	1	1	1	1	1	0	0	0	1	100		
2019-07-10 10:40:00	57.23856	18.00612	12	0	27	0	0	0.005	13.9	14	1012	25	1	0.7	51	13500	5	0	1	1	1	1	1	0	0	0	1	100		
2019-07-10 10:50:00	57.24078	18.01002	13	0	28	0	0	0.005	13.9	14	1012	25	1	0.6	44	13500	5	0	1	1	1	1	1	0	0	0	3	98		
2019-07-10 11:00:00	57.24327	18.01485	41	0	29	0	0	0.005	13.8	14	1012	25	1	0.6	46	13400	5	0	1	1	1	1	1	0	0	0	1	100		
2019-07-10 11:10:00	57.24564	18.01869	12	0	0	0	0	0.005	13.8	14	1012	24	3	0.6	41	13400	5	0	1	1	1	1	1	0	0	0	2	82		
2019-07-10 11:20:00	57.24813	18.02247	12	0	1	0	0	0.005	13.8	14	1012	24	2	0.6	39	13300	5	0	1	1	1	1	1	0	0	0	1	96		
2019-07-10 11:30:00	57.25059	18.02712	13	0	2	0	0	0.005	13.9	14	1012	24	1	0.6	46	13200	5	0	1	1	1	1	1	0	0	0	7	93		
2019-07-10 11:40:00	57.25284	18.03201	12	0	3	0	0	0.005	13.9	14	1012	24	1	0.6	50	13200	5	0	1	1	1	1	1	0	0	0	3	98		
2019-07-10 11:50:00	57.25494	18.03765	12	0	4	0	0	0.005	13.9	14	1012	24	1	0.7	56	13200	5	0	1	1	1	1	1	0	0	0	0	100		
2019-07-10 12:00:00	57.25707	18.04365	12	0	5	0	0	0.005	13.9	14	1012	24	1	0.7	57	13300	5	0	1	1	1	1	1	0	0	0	0	100		
2019-07-10 12:10:00	57.25899	18.0492	12	0	6	0	0	0.005	13.9	14	1012	24	1	0.7	57	13300	5	0	1	1	1	1	1	0	0	0	0	100		
2019-07-10 12:20:00	57.26076	18.05418	12	0	7	0	0	0.005	13.8	14	1012	24	3	0.6	57	13300	5	0	1	1	1	1	1	0	0	0	1	91		
2019-07-10 12:30:00	57.26238	18.05871	13	0	8	0	0	0.005	13.8	14	1012	24	1	0.5	56	13400	5	0	1	1	1	1	1	0	0	0	0	100		
2019-07-10 12:40:00	57.26346	18.06351	14	0	9	0	0	0.005	13.9	14	1012	24	2	0.5	67	13400	5	0	1	1	1	1	1	0	0	0	2	95		
2019-07-10 12:50:00	57.26271	18.06114	13	0	10	0	1	0.005	13.9	14	1012	24	2	0.3	239	13400	335	0	0	1	1	1	1	0	0	84	0	14		
2019-07-10 13:00:00	57.26286	18.05721	11	0	11	0	0	0.005	13.9	14	1012	24	1	0.4	274	13300	335	0	0	0	1	1	1	0	0	100	1	0		
2019-07-10 13:10:00	57.26259	18.05217	11	0	12	0	0	0.005	13.9	14	1012	24	1	0.5	264	13100	335	0	0	0	0	1	1	0	0	100	0	0		
2019-07-10 13:20:00	57.26256	18.04842	11	0	13	0	0	0.005	13.9	14	1012	24	2	0.4	269	13000	335	0	0	0	0	0	1	0	0	97	1	0		
2019-07-10 13:30:00	57.26235	18.04449	41	0	14	0	0	0.005	13.9	14	1012	24	1	0.4	264	12800	335	0	0	0	0	0	0	0	0	100	0	0		
2019-07-10 13:40:00	57.26199	18.04146	11	0	15	0	0	0.005	13.9	14	1012	25	1	0.3	258	12800	335	0	0	0	0	0	0	0	0	95	3	0		
2019-07-10 13:50:00	57.26157	18.03708	11	0	16	0	0	0.005	13.9	14	1012	25	2	0.4	260	12600	335	0	0	0	0	0	0	0	0	99	0	0		
2019-07-10 14:00:00	57.26121	18.03228	13	0	17	0	0	0.005	13.9	14	1012	25	1	0.5	262	12500	335	0	0	0	0	0	0	0	0	100	0	0		
2019-07-10 14:10:00	57.26055	18.02775	13	0	18	0	0	0.005	13.9	14	1012	25	1	0.5	254	12400	335	0	0	0	0	0	0	0	0	100	0	0		
2019-07-10 14:20:00	57.25974	18.02247	12	0	19	0	0	0.005	13.9	14	1012	25	1	0.6	254	12300	335	0	0	0	0	0	0	0	0	100	0	0		
2019-07-10 14:30:00	57.25899	18.01671	12	0	20	0	0	0.005	13.9	14	1012	25	1	0.6	257	12100	335	0	0	0	0	0	0	0	0	100	0	0		
2019-07-10 14:40:00	57.26091	18.01983	14	0	21	0	1	0.005	13.9	14	1012	24	1	0.5	41	12100	330	0	1	0	0	0	0	0	0	10	1	90		
2019-07-10 14:50:00	57.26385	18.02316	13	0	22	0	0	0.005	13.9	14	1012	25	1	0.6	31	11900	330	0	1	1	0	0	0	0	0	0	0	100		
2019-07-10 15:00:00	57.26664	18.02619	13	0	23	0	0	0.005	13.9	14	1012	25	1	0.6	30	11800	330	0	1	1	1	0	0	0	0	0	3	98		
2019-07-10 15:10:00	57.2694	18.02898	12	0	24	0	0	0.005	13.9	14	1012	25	1	0.6	29	11600	330	0	1	1	1	1	0	0	0	0	2	99		
2019-07-10 15:20:00	57.27186	18.03165	12	0	25	0	0	0.005	13.9	14	1012	25	1	0.5	31	11500	330	0	1	1	1	1	1	0	0	0	6	95		
2019-07-10 15:30:00	57.27408	18.03408	12	0	26	0	0	0.005	13.9	15	1012	25	1	0.5	30	11400	330	0	1	1	1	1	1	0	0	0	9	92		
2019-07-10 15:40:00	57.27621	18.03648	13	0	27	0	0	0.005	13.9	15	1012	25	1	0.5	32	11300	330	0	1	1	1	1	1	0	0	0	4	97		
2019-07-10 15:50:00	57.27819	18.03918	13	0	28	0	0	0.005	13.9	15	1012	25	1	0.5	36	11200	330	0	1	1	1	1	1	0	0	0	15	86		
2019-07-10 16:00:00	57.28008	18.04155	40	0	29	0	0	0.005	13.8	15	1012	25	1	0.4	34	11200	330	0	1	1	1	1	1	0	0	0	6	95		
2019-07-10 16:10:00	57.28191	18.04419	11	0	0	0	0	0.005	13.9	15	1012	25	1	0.5	37	11100	330	0	1	1	1	1	1	0	0	0	9	87		
2019-07-10 16:20:00	57.28317	18.04653	11	0	1	0	0	0.005	13.9	15	1012	24	1	0.3	45	11100	330	0	1	1	1	1	1	0	0	0	19	82		
2019-07-10 16:30:00	57.28344	18.04929	12	0	2	0	0	0.005	13.9	15	1012	24	3	0.3	79	11200	330	0	1	1	1	1	1	0	0	18	8	66		
2019-07-10 16:40:00	57.28536	18.0522	12	0	3	0	0	0.005	13.9	15	1012	24	1	0.5	40	11100	330	0	1	1	1	1	1	0	0	0	13	88		
2019-07-10 16:50:00	57.28593	18.05121	12	0	4	0	1	0.005	13.9	15	1012	24	2	0.1	318	11000	330	0	0	1	1	1	1	0	0	80	6	11		
2019-07-10 17:00:00	57.28671	18.04953	12	0	5	0	0	0.005	13.9	15	1012	24	1	0.2	310	10900	330	0	0	0	1	1	1	0	0	99	2	0		
2019-07-10 17:10:00	57.28761	18.04824	11	0	6	0	0	0.005	13.9	15	1012	24	1	0.2	322	10700	330	0	0	0	0	1	1	0	0	98	3	0		
2019-07-10 17:30:00	57.2895	18.04413	12	0	8	0	0	0.005	14	15	1012	24	3	0.3	308	10400	330	0	0	0	0	0	0	0	0	81	4	0		
2019-07-10 17:40:00	57.29067	18.04203	12	0	9	0	0	0.005	14	14	1012	24	2	0.3	316	10300	330	0	0	0	0	0	0	0	0	97	1	0		
2019-07-10 17:50:00	57.29187	18.03984	12	0	10	0	0	0.005	14	14	1012	24	2	0.3	316	10100	330	0	0	0	0	0	0	0	0	99	1	0		
2019-07-10 18:00:00	57.29283	18.03831	12	0	11	0	0	0.005	13.9	14	1012	24	1	0.2	319	9900	330	0	0	0	0	0	0	0	0	92	9	0		
2019-07-10 18:10:00	57.29373	18.03591	13	0	12	0	0	0.005	13.9	14	1012	24	1	0.3	304	9800	330	0	0	0	0	0	0	0	0	97	4	0		
2019-07-10 18:20:00	57.29436	18.03531	12	0	13	0	0	0.005	13.9	13	1012	24	1	0.1	333	9700	330	0	0	0	0	0	0	0	0	90	11	0		
2019-07-10 18:30:00	57.29499	18.03417	12	0	14	0	0	0.005	13.9	13	1012	24	1	0.2	316	9600	330	0	0	0	0	0	0	0	0	91	10	0		
2019-07-10 18:40:00	57.29538	18.03198	13	0	15	0	0	0.005	13.9	13	1012	24	1	0.2	288	9500	330	0	0	0	0	0	0	0	0	96	5	0		
2019-07-10 18:50:00	57.29592	18.0291	13	0	16	0	0	0.005	13.9	13	1012	24	1	0.3	290	9300	330	0	0	0	0	0	0	0	0	100	1	0		
2019-07-10 19:00:00	57.29676	18.02625	13	0	17	0	0	0.005	13.9	13	1012	24	1	0.3	299	9100	330	0	0	0	0	0	0	0	0	100	1	0		
2019-07-10 19:10:00	57.29757	18.02418	14	0	18	0	0	0.005	13.9	13	1012	24	1	0.3	306	9000	330	0	0	0	0	0	0	0	0	97	4	0		
2019-07-10 19:20:00	57.29811	18.0228	13	0	19	0	0	0.005	13.9	13	1012	24	1	0.2	305	8900	330	0	0	0	0	0	0	0	0	92	9	0		
2019-07-10 19:30:00	57.29844	18.02193	14	0	20	0	0	0.005	13.9	13	1012	24	1	0.1	305	8800	330	0	0	0	0	0	0	0	0	86	15	0		
2019-07-10 19:40:00	57.29877	18.02148	13	0	21	0	0	0.005	13.9	13	1012	24	1	0.1	324	8800	330	0	0	0	0	0	0	0	0	73	27	1		
2019-07-10 19:50:00	57.29946	18.02157	14	0	22	0	0	0.005	13.9	12	1012	24	1	0.1	5	8700	330	0	0	0	0	0	0	0	0	46	48	7		
2019-07-10 20:00:00	57.29997	18.02145	40	0	23	0	0	0.005	13.9	12	1012	24	1	0.1	352	8700	330	0	0	0	0	0	0	0	0	44	51	6		
2019-07-10 20:10:00	57.30018	18.02061	12	0	24	0	0	0.005	13.9	12	1013	24	1	0.1	295	8600	330	0	0	0	0	0	0	0	0	67	31	0		
2019-07-10 20:20:00	57.30051	18.02019	13	0	25	0	0	0.005	13.9	12	1012	24	1	0.1	324	8600	330	0	0	0	0	0	0	0	0	79	22	0		
2019-07-10 20:30:00	57.30072	18.01974	13	0	26	0	0	0.005	13.9	12	1012	25	1	0.1	311	8600	330	0	0	0	0	0	0	0	0	82	19	0		
2019-07-10 20:40:00	57.30093	18.01764	16	0	27	0	0	0.005	13.9	12	1012	25	1	0.2	281	8500	330	0	0	0	0	0	0	0	0	93	8	0		
2019-07-10 20:50:00	57.30117	18.01518	13	0	28	0	0	0.005	13.9	12	1012	25	1	0.3	281	8300	330	0	0	0	0	0	0	0	0	98	3	0		
2019-07-10 21:00:00	57.30144	18.01341	20	0	29	0	0	0.005	13.9	13	1012	25	1	0.2	286	8300	330	0	0	0	0	0	0	0	0	94	7	0		
2019-07-10 21:10:00	57.30186	18.01302	13	0	0	0	0	0.005	13.9	13	1012	25	1	0.1	334	8200	330	0	0	0	0	0	0	0	0	77	24	0		
2019-07-10 21:20:00	57.30222	18.01272	14	0	1	0	0	0.005	13.8	13	1012	25	1	0.1	335	8200	330	0	0	0	0	0	0	0	0	72	29	0		
2019-07-10 21:30:00	57.30249	18.01233	12	0	2	0	0	0.005	13.8	13	1012	25	2	0.1	323	8100	330	0	0	0	0	0	0	0	0	74	22	0		
2019-07-10 21:40:00	57.30297	18.0123	13	0	3	0	0	0.005	13.8	13	1012	25	1	0.1	358	8100	330	0	0	0	0	0	0	0	0	60	40	1		
2019-07-10 21:50:00	57.30324	18.01224	13	0	4	0	0	0.005	13.8	13	1012	25	1	0	353	8100	330	0	0	0	0	0	0	0	0	63	33	5		
2019-07-10 22:00:00	57.30357	18.01212	41	0	5	0	0	0.005	13.8	13	1012	25	1	0.1	349	8000	330	0	0	0	0	0	0	0	0	72	28	1		
2019-07-10 22:10:00	57.30396	18.01221	12	0	6	0	0	0.005	13.8	13	1012	25	1	0.1	7	8000	330	0	0	0	0	0	0	0	0	61	32	4		
2019-07-10 22:30:00	57.30453	18.01215	11	0	8	0	0	0.005	13.8	13	1012	24	3	0	358	7900	330	0	0	0	0	0	0	0	0	54	27	9		
2019-07-10 22:40:00	57.30492	18.01209	13	0	9	0	0	0.005	13.8	13	1012	24	3	0.1	356	7900	330	0	0	0	0	0	0	0	0	35	43	14		
2019-07-10 22:50:00	57.30516	18.01185	12	0	10	0	0	0.005	13.8	13	1012	24	1	0.1	329	7900	330	0	0	0	0	0	0	0	0	35	44	22		
2019-07-10 23:00:00	57.30501	18.01194	11	0	11	0	4	0.005	13.8	13	1012	25	2	0	162	0	330	1	0	0	0	0	0	0	1	58	19	19		
2019-07-10 23:10:00	57.30426	18.01227	12	0	12	0	0	0.005	13.8	13	1012	24	2	0.1	166	100	330	1	0	0	0	0	0	0	1	73	4	20		
2019-07-10 23:20:00	57.3036	18.01347	12	0	13	0	0	0.005	13.7	13	1012	24	1	0.2	137	200	330	1	0	0	0	0	0	0	1	63	11	26		
2019-07-10 23:30:00	57.30279	18.01497	13	0	14	0	0	0.005	13.7	12	1012	24	3	0.2	134	300	330	1	0	0	0	0	0	0	1	63	4	24		
2019-07-10 23:40:00	57.30444	18.01554	13	0	15	0	1	0.005	13.7	12	1012	24	1	0.3	10	200	260	2	1	0	0	0	0	0	1	13	1	85		
2019-07-11 00:00:00	57.30828	18.01911	13	0	16	0	1	0.005	13.7	12	1012	25	1	0.4	27	300	260	2	2	1	0	0	0	0	1	0	5	96		
2019-07-11 00:20:00	57.31266	18.0261	12	0	17	0	0	0.005	13.7	13	1012	25	1	0.5	41	700	260	2	2	2	1	0	0	0	1	0	1	100		
2019-07-11 00:40:00	57.31698	18.03066	41	0	18	0	0	0.005	13.7	13	1012	25	1	0.4	30	900	260	2	2	2	2	1	0	0	1	0	11	90		
2019-07-11 01:00:00	57.32049	18.03555	11	0	19	0	0	0.005	13.7	13	1012	25	1	0.4	37	1100	260	2	2	2	2	2	1	0	1	0	14	87		
2019-07-11 02:00:00	57.33198	18.05052	11	0	22	0	0	0.005	13.7	13	1011	24	3	0.3	8	1700	260	1	1	2	2	2	2	0	1	0	13	88		
2019-07-11 02:20:00	57.33465	18.04959	13	0	23	0	0	0.005	13.7	12	1011	24	1	0.3	349	1600	260	1	1	1	2	2	2	0	1	0	15	86		
2019-07-11 02:40:00	57.33543	18.04836	41	0	24	0	0	0.005	13.7	12	1011	24	1	0.1	320	1500	260	1	1	1	1	2	2	0	1	23	34	45		
2019-07-11 03:00:00	57.33663	18.04689	12	0	25	0	0	0.005	13.8	12	1011	24	1	0.1	326	1400	260	2	1	1	1	1	2	0	1	25	32	44		
2019-07-11 03:20:00	57.33729	18.04623	12	0	26	0	0	0.005	14	12	1011	24	1	0.1	331	1400	260	2	2	1	1	1	1	0	1	30	25	46		
2019-07-11 03:40:00	57.33795	18.05337	12	0	27	0	0	0.005	14	12	1011	24	1	0.4	80	1800	260	1	2	2	1	1	1	0	1	0	5	96		
2019-07-11 04:00:00	57.3402	18.05409	12	0	28	0	0	0.005	13.9	12	1011	25	1	0.2	10	1800	260	1	1	2	2	1	1	0	1	8	19	74		
2019-07-11 04:20:00	57.34299	18.0546	11	0	29	0	0	0.005	13.9	12	1011	24	1	0.3	6	1800	260	1	1	1	2	2	1	0	1	2	17	83		
2019-07-11 04:40:00	57.34302	18.05421	12	0	0	0	0	0.005	13.9	13	1011	24	1	0	280	1700	260	1	1	1	1	2	2	0	1	25	35	41		
2019-07-11 05:00:00	57.34347	18.05406	41	0	1	0	0	0.005	13.9	13	1011	24	1	0	350	1700	260	1	1	1	1	1	2	0	1	15	40	46		
2019-07-11 05:20:00	57.34377	18.05388	11	0	2	0	0	0.005	13.9	13	1011	24	1	0	343	1700	260	1	1	1	1	1	1	0	1	30	19	52		
2019-07-11 05:40:00	57.34434	18.05436	11	0	3	0	0	0.005	13.9	13	1011	24	1	0.1	23	1700	260	1	1	1	1	1	1	0	1	8	33	60		
2019-07-11 06:00:00	57.34512	18.05367	12	0	4	0	0	0.005	13.9	14	1011	24	2	0.1	334	1700	260	1	1	1	1	1	1	0	1	1	35	65		
2019-07-11 06:20:00	57.34575	18.05322	11	0	5	0	0	0.005	13.9	14	1011	24	1	0.1	339	1600	260	1	1	1	1	1	1	0	1	2	37	63		
2019-07-11 06:40:00	57.34746	18.05199	12	0	6	0	0	0.005	13.8	14	1011	24	1	0.2	339	1500	260	1	1	1	1	1	1	0	1	0	18	83		
2019-07-11 07:00:00	57.34953	18.05049	13	0	7	0	0	0.005	13.8	15	1011	24	1	0.2	339	1400	260	2	1	1	1	1	1	0	1	0	13	88		
2019-07-11 07:20:00	57.35193	18.05001	13	0	8	0	0	0.005	13.8	15	1011	24	1	0.2	354	1300	260	2	2	1	1	1	1	0	1	0	25	76		
2019-07-11 07:40:00	57.35466	18.05091	13	0	9	0	0	0.005	13.9	15	1011	24	1	0.3	10	1300	260	2	2	2	1	1	1	0	1	0	13	88		
2019-07-11 08:00:00	57.35706	18.05382	41	0	10	0	0	0.005	13.9	16	1011	24	1	0.3	33	1400	260	2	2	2	2	1	1	0	1	0	17	84		
2019-07-11 08:20:00	57.35877	18.05805	12	0	11	0	0	0.005	13.9	16	1011	24	1	0.3	53	1700	260	1	2	2	2	2	1	0	1	0	10	91		
2019-07-11 08:40:00	57.36027	18.05772	13	0	12	0	0	0.005	13.9	16	1011	24	1	0.1	354	1600	260	1	1	2	2	2	2	0	1	1	23	78		
2019-07-11 09:00:00	57.36198	18.05502	13	0	13	0	0	0.005	13.9	17	1011	24	1	0.2	320	1400	260	2	1	1	2	2	2	0	1	4	13	85		
2019-07-11 09:20:00	57.36465	18.05538	12	0	14	0	0	0.005	13.9	17	1011	24	1	0.2	4	1400	260	1	2	1	1	2	2	0	1	0	12	89		
2019-07-11 09:40:00	57.36624	18.05484	13	0	15	0	0	0.005	13.9	18	1011	24	1	0.2	350	1300	260	1	1	2	1	1	2	0	1	0	13	88		
2019-07-11 10:00:00	57.36882	18.05427	41	0	16	0	0	0.005	13.9	18	1011	24	1	0.2	353	1200	260	1	1	1	2	1	1	0	1	0	13	88		
2019-07-11 10:20:00	57.3705	18.05583	12	0	17	0	0	0.005	13.8	18	1010	24	3	0.2	26	1300	260	1	1	1	1	2	1	0	1	0	39	62		
2019-07-11 10:40:00	57.36948	18.05763	13	0	18	0	0	0.005	13.8	17	1011	24	1	0.1	136	1400	260	0	1	1	1	1	2	0	1	15	46	41		
2019-07-11 11:00:00	57.36834	18.0588	14	0	19	0	0	0.005	13.8	17	1011	24	1	0.1	151	1500	340	1	0	1	1	1	1	0	1	27	37	38		
2019-07-11 11:20:00	57.36699	18.06018	12	0	20	0	0	0.005	13.9	17	1011	24	2	0.1	151	1600	60	0	1	0	1	1	1	0	1	52	49	0		
2019-07-11 11:40:00	57.36564	18.06138	13	0	21	0	0	0.005	13.9	18	1011	24	1	0.1	155	1700	350	0	0	1	0	1	1	0	1	24	52	26		
2019-07-11 12:00:00	57.36393	18.063	13	0	22	0	0	0.005	13.9	18	1011	24	2	0.2	153	1800	350	1	0	0	1	0	1	0	1	41	55	5		
2019-07-11 12:20:00	57.36498	18.06549	41	0	23	0	0	0.005	14	18	1010	24	1	0.2	52	2000	280	1	1	0	0	1	0	0	1	21	22	58		
2019-07-11 12:40:00	57.36789	18.06771	11	0	24	0	0	0.005	13.9	18	1011	24	1	0.3	22	2000	280	1	1	1	0	0	1	0	1	0	3	98		
2019-07-11 13:00:00	57.37128	18.07251	11	0	25	0	0	0.005	13.9	17	1010	24	1	0.4	37	2300	280	1	1	1	1	0	0	0	1	0	2	99		
2019-07-11 13:20:00	57.37407	18.07779	12	0	26	0	0	0.005	13.9	17	1011	24	1	0.4	46	2500	280	1	1	1	1	1	0	0	1	0	2	99		
2019-07-11 13:40:00	57.37575	18.08196	12	0	27	0	4	0.005	13.9	16	1011	25	1	0.3	53	800	280	1	1	1	1	1	1	0	1	0	7	94		
2019-07-11 14:00:00	57.37764	18.08727	12	0	28	0	1	0.005	13.9	16	1011	25	2	0.3	56	1100	280	1	1	1	1	1	1	0	1	0	3	98		
2019-07-11 14:20:00	57.37854	18.09171	12	0	29	0	0	0.005	13.9	15	1011	25	3	0.2	69	1400	280	0	1	1	1	1	1	0	1	0	11	90		
2019-07-11 14:40:00	57.37722	18.08718	13	0	0	0	0	0.005	13.9	15	1011	25	1	0.3	242	1100	335	0	0	1	1	1	1	0	1	89	4	8		
2019-07-11 15:00:00	57.37611	18.08292	14	0	1	0	0	0.005	13.9	15	1011	25	1	0.2	244	800	335	0	0	0	1	1	1	0	1	94	7	0		
2019-07-11 15:20:00	57.37485	18.0783	13	0	2	0	0	0.005	13.8	15	1011	25	1	0.3	243	500	335	0	0	0	0	1	1	0	1	92	9	0		
2019-07-11 15:40:00	57.37341	18.07272	13	0	3	0	0	0.005	14	15	1011	25	1	0.3	245	200	335	0	0	0	0	0	1	0	1	93	8	0		
2019-07-11 16:00:00	57.37206	18.06651	40	0	4	0	0	0.005	13.9	15	1011	25	1	0.3	248	-200	335	0	0	0	0	0	0	0	1	94	7	0		
2019-07-11 16:20:00	57.37098	18.06075	11	0	5	0	0	0.005	13.9	15	1011	25	1	0.3	251	-500	335	0	0	0	0	0	0	0	1	97	4	0		
2019-07-11 16:40:00	57.37029	18.05283	12	0	6	0	0	0.005	13.9	15	1011	25	1	0.4	261	-900	335	0	0	0	0	0	0	0	1	98	3	0		
2019-07-11 17:00:00	57.37077	18.04332	12	0	7	0	0	0.005	13.9	15	1011	25	1	0.5	275	-1300	335	0	0	0	0	0	0	0	1	100	1	0		
2019-07-11 17:20:00	57.37221	18.03297	12	0	8	0	0	0.005	13.9	15	1011	25	1	0.5	284	-1600	335	0	0	0	0	0	0	0	1	100	1	0		
2019-07-11 17:40:00	57.37422	18.02412	11	0	9	0	0	0.005	13.9	15	1011	25	1	0.5	293	-1800	335	0	0	0	0	0	0	0	1	99	2	0		
2019-07-11 18:00:00	57.3762	18.01725	11	0	10	0	0	0.005	13.9	15	1011	25	1	0.4	298	-2000	335	1	0	0	0	0	0	0	1	94	7	0		
2019-07-11 18:20:00	57.37773	18.01614	11	0	11	0	0	0.005	13.9	14	1011	25	1	0.2	339	-1900	10	0	1	0	0	0	0	0	1	12	23	66		
2019-07-11 18:40:00	57.37932	18.0099	13	0	12	0	0	0.005	14.1	14	1011	25	1	0.3	295	-2000	0	0	0	1	0	0	0	0	1	85	4	12		
2019-07-11 19:00:00	57.38172	18.00279	14	0	13	0	0	0.005	14	14	1011	25	1	0.4	302	-2200	0	0	0	0	1	0	0	0	1	97	4	0		
2019-07-11 19:20:00	57.38409	17.99538	13	0	14	0	1	0.005	14	14	1011	25	1	0.4	301	-2300	0	0	0	0	0	1	0	0	1	90	4	8		
2019-07-11 19:40:00	57.38715	17.98785	14	0	15	0	1	0.005	14	14	1011	25	1	0.5	307	-2400	0	0	0	0	0	0	1	0	1	100	1	0		
2019-07-11 20:00:00	57.38916	17.98242	40	0	16	0	0	0.005	14	14	1011	25	1	0.3	304	-2400	0	0	0	0	0	0	0	0	1	98	3	0		
2019-07-11 20:20:00	57.39147	17.97531	11	0	17	0	0	0.005	14	14	1011	25	1	0.4	301	-2600	0	0	0	0	0	0	0	0	1	100	0	0		
2019-07-11 20:40:00	57.39354	17.9673	12	0	18	0	0	0.005	13.9	14	1012	25	1	0.4	296	-2700	0	0	0	0	0	0	0	0	1	100	0	0		
2019-07-11 21:00:00	57.39594	17.96193	11	0	19	0	0	0.005	13.9	14	1012	25	1	0.3	309	-2800	0	0	0	0	0	0	0	0	1	100	1	0		
2019-07-11 21:20:00	57.39795	17.95776	12	0	20	0	0	0.005	13.9	14	1012	25	1	0.3	312	-2800	0	0	0	0	0	0	0	0	1	95	6	0		
2019-07-11 22:00:00	57.40092	17.95101	12	0	22	0	0	0.005	13.9	14	1012	25	3	0.2	311	-2900	0	0	0	0	0	0	0	0	1	87	4	11		
2019-07-11 22:20:00	57.40254	17.94798	13	0	23	0	0	0.005	13.9	14	1012	25	1	0.2	315	-2900	0	0	0	0	0	0	0	0	1	86	5	10		
2019-07-11 22:40:00	57.40527	17.9448	41	0	24	0	0	0.005	13.9	14	1012	25	1	0.3	328	-2800	0	1	0	0	0	0	0	0	1	100	0	0		
2019-07-11 23:00:00	57.40737	17.94222	12	0	25	0	0	0.005	13.9	14	1012	25	1	0.2	326	-2700	0	1	0	0	0	0	0	0	1	100	0	0		
2019-07-11 23:20:00	57.40887	17.93973	11	0	26	0	0	0.005	13.8	14	1012	25	1	0.2	318	-2700	0	1	0	0	0	0	0	0	1	93	0	8		
2019-07-11 23:40:00	57.41097	17.93721	12	0	27	0	0	0.005	13.9	14	1012	25	1	0.2	327	-2700	0	1	0	0	0	0	0	0	1	100	0	0		
2019-07-12 00:00:00	57.41409	17.93358	12	0	28	0	0	0.005	13.8	14	1012	25	1	0.3	328	-2600	0	1	0	0	0	0	0	0	1	100	0	0		
2019-07-12 00:20:00	57.41625	17.92542	11	0	29	0	0	0.005	13.8	14	1011	25	1	0.5	296	-2700	0	1	0	0	0	0	0	0	1	100	0	0		
2019-07-12 00:40:00	57.41709	17.91573	13	0	0	0	0	0.005	13.8	14	1012	25	1	0.5	279	-3100	0	1	0	0	0	0	0	0	1	100	0	0		
2019-07-12 01:00:00	57.41568	17.90583	11	0	1	0	0	0.005	13.8	14	1012	25	1	0.5	255	-3600	0	1	0	0	0	0	0	0	1	100	1	0		
2019-07-12 01:20:00	57.41241	17.89293	13	0	2	0	0	0.005	13.8	15	1012	25	1	0.7	245	-4400	0	1	0	0	0	0	0	0	1	99	2	0		
2019-07-12 01:40:00	57.40983	17.88186	12	0	3	0	0	0.005	13.8	15	1012	25	1	0.6	247	-5100	0	1	0	0	0	0	0	0	1	98	3	0		
2019-07-12 02:00:00	57.40665	17.86893	40	0	4	0	0	0.005	13.8	15	1012	25	1	0.7	245	-5900	0	1	0	0	0	0	0	0	0	91	5	6		
2019-07-12 02:20:00	57.40497	17.85732	12	0	5	0	0	0.005	13.8	15	1012	25	1	0.6	255	-6600	0	1	0	0	0	0	0	0	0	98	3	0		
2019-07-12 02:40:00	57.40374	17.84565	12	0	6	0	0	0.005	13.9	15	1011	25	1	0.6	259	-7300	0	1	0	0	0	0	0	0	0	100	0	0		
2019-07-12 03:00:00	57.40227	17.83473	12	0	7	0	0	0.005	14	16	1011	25	1	0.6	256	-7900	0	1	0	0	0	0	0	0	0	99	2	0		
2019-07-12 03:20:00	57.40227	17.82429	13	0	8	0	0	0.005	14	16	1011	25	3	0.5	270	-8400	0	1	0	0	0	0	0	0	0	100	1	0		
2019-07-12 03:40:00	57.40239	17.81214	12	0	9	0	0	0.005	14	16	1011	25	1	0.6	271	-9100	0	1	0	0	0	0	0	0	0	100	1	0		
2019-07-12 04:00:00	57.40164	17.80248	12	0	10	0	0	0.005	14	16	1011	25	1	0.5	262	-9600	0	1	0	0	0	0	0	0	0	93	3	5		
2019-07-12 04:20:00	57.40167	17.79342	13	0	11	0	0	0.005	14	16	1011	25	1	0.5	270	-10100	0	1	0	0	0	0	0	0	0	100	1	0		
2019-07-12 04:40:00	57.40155	17.78364	40	0	12	0	0	0.005	13.9	16	1011	25	1	0.5	269	-10700	0	1	0	0	0	0	0	0	0	94	7	0		
2019-07-12 05:00:00	57.40179	17.77212	11	0	13	0	0	0.005	13.9	16	1012	25	1	0.6	272	-11300	0	1	0	0	0	0	0	0	0	100	1	0		
2019-07-12 05:20:00	57.40206	17.75973	12	0	14	0	0	0.005	13.9	16	1012	25	1	0.6	272	-12000	0	1	0	0	0	0	0	0	0	100	1	0		
2019-07-12 05:40:00	57.40305	17.74875	12	0	15	0	0	0.005	13.9	16	1012	25	1	0.6	279	-12500	0	1	0	0	0	0	0	0	0	99	2	0		
2019-07-12 06:00:00	57.40425	17.73831	12	0	16	0	0	0.005	13.9	16	1012	25	1	0.5	282	-13100	0	1	0	0	0	0	0	0	0	99	2	0		
2019-07-12 06:20:00	57.40506	17.7276	12	0	17	0	0	0.005	13.9	17	1012	25	1	0.5	278	-13700	0	1	0	0	0	0	0	0	0	95	6	0		
2019-07-12 06:40:00	57.40596	17.71917	13	0	18	0	0	0.005	13.9	17	1012	25	3	0.4	281	-14100	0	1	0	0	0	0	0	0	0	98	3	0		
2019-07-12 07:00:00	57.40782	17.70873	13	0	19	0	0	0.005	13.9	17	1012	25	1	0.5	288	-14700	0	1	0	0	0	0	0	0	0	98	3	0		
2019-07-12 07:20:00	57.41022	17.69907	12	0	20	0	0	0.005	13.9	17	1012	25	1	0.5	295	-15200	0	1	0	0	0	0	0	0	0	100	1	0		
2019-07-12 07:40:00	57.41253	17.69025	41	0	21	0	0	0.005	13.9	17	1012	25	1	0.5	296	-15700	0	1	0	0	0	0	0	0	0	93	3	5		
2019-07-12 08:00:00	57.41571	17.6832	12	0	22	0	0	0.005	13.9	17	1012	25	1	0.5	310	-16000	0	1	0	0	0	0	0	0	0	97	4	0		
2019-07-12 08:20:00	57.41934	17.67495	11	0	23	0	0	0.005	13.9	18	1012	25	1	0.5	309	-16400	0	1	0	0	0	0	0	0	0	96	5	0		
2019-07-12 08:40:00	57.42276	17.66703	12	0	24	0	0	0.005	13.9	18	1012	25	1	0.5	309	-16900	0	1	0	0	0	0	0	0	0	96	5	0		
2019-07-12 09:00:00	57.42657	17.65908	12	0	25	0	0	0.005	13.9	18	1013	25	1	0.5	312	-17300	0	1	0	0	0	0	0	0	0	100	1	0		
2019-07-12 09:20:00	57.43014	17.65074	12	0	26	0	0	0.005	13.8	18	1012	25	1	0.5	308	-17800	0	1	0	0	0	0	0	0	0	99	2	0		
2019-07-12 09:40:00	57.43347	17.64222	11	0	27	0	0	0.005	13.9	18	1012	25	1	0.5	306	-18200	0	1	0	0	0	0	0	0	0	93	3	5		
2019-07-12 10:00:00	57.43734	17.63361	40	0	28	0	0	0.005	13.9	19	1013	25	1	0.5	310	-18700	0	1	0	0	0	0	0	0	0	99	2	0		
2019-07-12 10:20:00	57.44052	17.62671	11	0	29	0	0	0.005	13.9	19	1013	25	1	0.5	310	-19200	0	1	0	0	0	0	0	0	0	98	3	0		
2019-07-12 10:40:00	57.44478	17.62077	13	0	0	0	0	0.005	13.9	19	1013	25	1	0.5	323	-19500	0	1	0	0	0	0	0	0	0	99	2	0		
2019-07-12 11:00:00	57.44907	17.61633	16	0	1	0	0	0.005	13.9	19	1012	25	1	0.5	331	-19800	0	1	0	0	0	0	0	0	0	97	4	0		
2019-07-12 11:20:00	57.45339	17.61273	14	0	2	0	0	0.005	13.9	19	1012	25	1	0.4	336	-20100	0	1	0	0	0	0	0	0	0	96	5	0		
2019-07-12 11:40:00	57.45639	17.60928	13	0	3	0	0	0.005	13.8	20	1012	25	2	0.3	328	-20300	0	1	0	0	0	0	0	0	0	87	14	0		
2019-07-12 12:00:00	57.46122	17.60463	40	0	4	0	0	0.005	13.9	20	1012	25	1	0.5	333	-20600	0	2	0	0	0	0	0	0	0	100	1	0		
2019-07-12 12:20:00	57.46626	17.59998	12	0	5	0	0	0.005	13.9	20	1012	25	2	0.5	334	-21000	0	2	0	0	0	0	0	0	0	100	1	0		
2019-07-12 12:40:00	57.47079	17.59407	12	0	6	0	0	0.005	13.9	20	1012	25	2	0.5	325	-21400	0	2	0	0	0	0	0	0	0	99	2	0		
2019-07-12 13:00:00	57.47388	17.59035	11	0	7	0	0	0.005	13.9	19	1012	25	3	0.3	327	-21700	0	2	0	0	0	0	0	0	0	89	6	7		
2019-07-12 13:40:00	57.48039	17.58192	13	0	9	0	0	0.005	13.9	19	1012	25	3	0.4	324	-22300	0	2	0	0	0	0	0	0	0	99	2	0		
2019-07-12 14:00:00	57.48507	17.57649	12	0	10	0	4	0.005	13.9	19	1012	25	1	0.5	328	-1500	0	1	0	0	0	0	0	0	1	100	1	0		
2019-07-12 14:20:00	57.48312	17.58597	13	0	11	0	1	0.005	13.9	19	1012	25	1	0.5	111	-1100	40	1	1	0	0	0	0	0	1	5	4	93		
2019-07-12 14:40:00	57.4803	17.59617	12	0	12	0	0	0.005	13.9	19	1012	25	1	0.6	117	-600	40	1	1	1	0	0	0	0	1	0	2	99		
2019-07-12 15:00:00	57.47784	17.60487	13	0	13	0	0	0.005	13.9	19	1012	25	1	0.5	118	-100	40	1	1	1	1	0	0	0	1	0	4	97		
2019-07-12 15:20:00	57.47484	17.61312	12	0	14	0	0	0.005	13.9	19	1012	25	1	0.5	124	400	40	1	1	1	1	1	0	0	1	0	2	99		
2019-07-12 15:40:00	57.47184	17.62293	41	0	15	0	0	0.005	13.9	19	1012	25	1	0.5	120	900	40	1	1	1	1	1	1	0	1	0	2	99		
2019-07-12 16:00:00	57.46932	17.63202	11	0	16	0	0	0.005	13.9	18	1012	25	1	0.5	117	1300	40	1	1	1	1	1	1	0	1	0	2	99		
2019-07-12 16:20:00	57.46629	17.64225	11	0	17	0	0	0.005	13.9	18	1012	25	3	0.6	119	1800	40	1	1	1	1	1	1	0	1	0	1	100		
2019-07-12 16:40:00	57.46365	17.64909	11	0	18	0	0	0.005	13.9	18	1012	25	2	0.4	126	2200	40	0	1	1	1	1	1	0	1	0	5	96		
2019-07-12 17:00:00	57.46722	17.64141	11	0	19	0	0	0.005	13.9	18	1012	25	2	0.5	311	1700	40	1	0	1	1	1	1	0	1	94	0	7		
2019-07-12 17:20:00	57.46449	17.6469	12	0	20	0	0	0.005	13.9	18	1012	25	1	0.4	133	2100	40	1	1	0	1	1	1	0	1	5	4	93		
2019-07-12 17:40:00	57.46236	17.6529	11	0	21	0	0	0.005	14	17	1012	25	1	0.4	123	2500	40	1	1	1	0	1	1	0	1	0	2	99		
2019-07-12 18:00:00	57.45891	17.65662	40	0	22	0	0	0.005	14	17	1012	25	1	0.4	150	2900	40	0	1	1	1	0	1	0	1	0	3	98		
2019-07-12 18:20:00	57.46047	17.65119	12	0	23	0	0	0.005	14	17	1012	25	2	0.3	298	2600	45	0	0	1	1	1	0	0	1	75	12	15		
2019-07-12 18:40:00	57.46311	17.64753	12	0	24	0	4	0.005	14	17	1012	25	1	0.3	323		45	0	0	0	1	1	1	0	0	95	6	0		
2019-07-12 19:00:00	57.46521	17.64447	12	0	25	0	1	0.005	14	17	1012	25	1	0.2	322		45	0	0	0	0	1	1	0	0	90	11	0		
2019-07-12 19:20:00	57.47055	17.64555	11	0	26	0	0	0.005	14	17	1012	25	1	0.5	6		45	0	0	0	0	0	1	0	0	99	2	0		
2019-07-12 19:40:00	57.47787	17.65026	11	0	27	0	0	0.005	13.9	17	1012	25	2	0.7	19		45	0	0	0	0	0	0	0	0	100	0	0		
2019-07-12 20:00:00	57.48555	17.65587	13	0	28	0	0	0.005	13.9	17	1012	25	1	0.8	21		45	0	0	0	0	0	0	0	0	100	0	0		
2019-07-12 20:40:00	57.49839	17.66904	14	0	0	0	0	0.005	13.9	17	1012	25	3	0.7	32		45	0	0	0	0	0	0	0	0	100	0	0		
2019-07-12 21:00:00	57.50451	17.67732	41	0	1	0	0	0.005	13.9	17	1012	25	1	0.7	36		45	0	0	0	0	0	0	0	0	100	0	0		
2019-07-12 21:20:00	57.51042	17.68395	11	0	2	0	0	0.005	13.9	17	1012	25	1	0.7	31		45	0	0	0	0	0	0	0	0	100	0	0		
2019-07-12 21:40:00	57.51609	17.6913	11	0	3	0	0	0.005	13.9	17	1012	25	1	0.6	35		45	0	0	0	0	0	0	0	0	100	1	0		
2019-07-12 22:00:00	57.52215	17.69967	12	0	4	0	0	0.005	13.9	17	1012	25	1	0.7	37		45	0	0	0	0	0	0	0	0	100	0	0		
2019-07-12 22:20:00	57.5268	17.70855	11	0	5	0	0	0.005	13.9	17	1012	25	3	0.6	46		45	0	0	0	0	0	0	0	0	100	0	0		
2019-07-12 22:40:00	57.53157	17.71803	13	0	6	0	0	0.005	13.9	17	1012	25	3	0.6	47		45	0	0	0	0	0	0	0	0	100	1	0		
2019-07-12 23:00:00	57.53472	17.72703	12	0	7	0	0	0.005	13.8	17	1012	25	1	0.5	57		45	0	0	0	0	0	0	0	0	100	0	0		
2019-07-12 23:20:00	57.53643	17.73459	13	0	8	0	0	0.005	13.8	17	1012	25	1	0.4	67		45	0	0	0	0	0	0	0	0	99	2	0		
2019-07-12 23:40:00	57.53799	17.74224	41	0	9	0	0	0.005	13.8	16	1012	25	1	0.4	69		45	0	0	0	0	0	0	0	0	99	2	0		
2019-07-13 00:00:00	57.53862	17.75136	11	0	10	0	0	0.005	13.8	16	1012	25	1	0.5	83		45	0	0	0	0	0	0	0	0	99	2	0		
2019-07-13 00:20:00	57.53928	17.7597	12	0	11	0	0	0.005	13.8	16	1012	25	1	0.4	81		45	0	0	0	0	0	0	0	0	98	3	0		
2019-07-13 00:40:00	57.53904	17.76909	11	0	12	0	0	0.005	13.8	16	1012	25	1	0.5	93		45	0	0	0	0	0	0	0	0	97	4	0		
2019-07-13 01:00:00	57.53826	17.77857	12	0	13	0	0	0.005	13.8	16	1012	25	1	0.5	99		45	1	0	0	0	0	0	0	0	99	2	0		
2019-07-13 01:20:00	57.5391	17.77809	12	0	14	0	0	0.005	13.8	16	1012	25	1	0.1	343		195	2	1	0	0	0	0	0	0	10	10	82		
2019-07-13 01:40:00	57.54186	17.77818	12	0	15	0	0	0.005	13.8	16	1012	25	1	0.3	1		195	2	2	1	0	0	0	0	0	0	4	97		
2019-07-13 02:00:00	57.54243	17.77059	40	0	16	0	0	0.005	13.8	16	1012	25	1	0.4	278		195	2	2	2	1	0	0	0	0	0	0	100		
2019-07-13 02:20:00	57.54321	17.76204	12	0	17	0	0	0.005	13.8	16	1012	25	1	0.4	279		195	2	2	2	2	1	0	0	0	0	0	100		
2019-07-13 02:40:00	57.54438	17.75259	12	0	18	0	0	0.005	13.8	16	1012	25	1	0.5	283		195	2	2	2	2	2	1	0	0	0	0	100		
2019-07-13 03:00:00	57.54546	17.74317	12	0	19	0	0	0.005	13.9	16	1012	25	1	0.5	282		195	2	2	2	2	2	2	0	0	0	0	100		
2019-07-13 03:20:00	57.54843	17.73501	13	0	20	0	0	0.005	14	16	1012	25	1	0.5	304		195	2	2	2	2	2	2	0	0	0	0	100		
2019-07-13 03:40:00	57.55398	17.7318	14	0	21	0	0	0.005	14	16	1012	25	1	0.5	343		195	2	2	2	2	2	2	0	0	0	0	100		
2019-07-13 04:00:00	57.5583	17.72661	41	0	22	0	0	0.005	14	16	1012	25	1	0.5	327		195	2	2	2	2	2	2	0	0	14	1	86		
2019-07-13 04:20:00	57.56226	17.71983	12	0	23	0	0	0.005	14	16	1012	25	1	0.5	317		195	2	2	2	2	2	2	0	0	0	0	100		
2019-07-13 04:40:00	57.56562	17.71143	11	0	24	0	0	0.005	13.9	17	1012	25	1	0.5	307		195	2	2	2	2	2	2	0	0	0	0	100		
2019-07-13 05:00:00	57.56949	17.70366	12	0	25	0	0	0.005	13.9	17	1012	25	1	0.5	313		195	2	2	2	2	2	2	0	0	0	0	100		
2019-07-13 05:20:00	57.57318	17.69484	12	0	26	0	0	0.005	13.9	17	1012	25	1	0.6	308		195	2	2	2	2	2	2	0	0	0	0	100		
2019-07-13 05:40:00	57.57606	17.68416	13	0	27	0	0	0.005	13.9	17	1012	25	1	0.6	297		195	2	2	2	2	2	2	0	0	0	1	100		
2019-07-13 06:00:00	57.58002	17.67534	12	0	28	0	0	0.005	13.9	18	1012	25	1	0.6	310		195	2	2	2	2	2	2	0	0	0	1	100		
2019-07-13 06:20:00	57.58374	17.66703	13	0	29	0	0	0.005	13.9	18	1012	25	1	0.5	310		195	2	2	2	2	2	2	0	0	1	1	99		
2019-07-13 06:40:00	57.58599	17.6589	12	0	0	0	0	0.005	13.9	18	1012	25	1	0.5	297		195	2	2	2	2	2	2	0	0	6	3	92		
2019-07-13 07:00:00	57.58905	17.65149	41	0	1	0	0	0.005	13.9	19	1012	25	2	0.5	308		195	2	2	2	2	2	2	0	0	4	3	95		
2019-07-13 07:20:00	57.59019	17.64117	11	0	2	0	0	0.005	13.9	19	1012	25	2	0.5	282		195	2	2	2	2	2	2	0	0	0	1	100		
2019-07-13 07:40:00	57.5907	17.63205	12	0	3	0	0	0.005	13.9	19	1012	25	1	0.5	276		195	3	2	2	2	2	2	0	0	0	5	96		
2019-07-13 08:00:00	57.59409	17.63208	12	0	4	0	0	0.005	13.9	19	1013	25	1	0.3	0		150	3	3	2	2	2	2	0	0	91	6	4		
2019-07-13 08:20:00	57.5964	17.63289	12	0	5	0	0	0.005	13.9	19	1013	25	1	0.2	11		150	3	3	3	2	2	2	0	0	91	10	0		
2019-07-13 08:40:00	57.59802	17.6331	12	0	6	0	0	0.005	13.9	20	1013	25	1	0.2	4		150	3	3	3	3	2	2	0	0	89	12	0		
2019-07-13 09:00:00	57.5991	17.63217	12	0	7	0	0	0.005	13.9	20	1013	25	1	0.1	335		150	3	3	3	3	3	2	0	0	86	15	0		
2019-07-13 09:20:00	57.60054	17.62995	11	0	8	0	0	0.005	13.9	20	1013	25	1	0.2	321		150	3	3	3	3	3	3	0	0	71	24	6		
2019-07-13 09:40:00	57.60243	17.62665	14	0	9	0	0	0.005	13.9	22	1013	25	1	0.2	317		150	3	3	3	3	3	3	0	0	81	20	0		
2019-07-13 10:00:00	57.60357	17.62362	40	0	10	0	0	0.005	13.9	22	1013	25	1	0.2	305		150	3	3	3	3	3	3	0	0	58	24	20		
2019-07-13 10:20:00	57.60444	17.62059	13	0	11	0	0	0.005	13.9	22	1013	25	1	0.2	299		150	3	3	3	3	3	3	0	0	35	19	48		
2019-07-13 10:40:00	57.60492	17.61828	15	0	12	0	0	0.005	13.9	22	1013	25	1	0.1	291		150	3	3	3	3	3	3	0	0	46	12	43		
2019-07-13 11:00:00	57.60537	17.61543	14	0	13	0	0	0.005	13.9	23	1013	25	1	0.1	286		150	3	3	3	3	3	3	0	0	35	13	54		
2019-07-13 11:20:00	57.60369	17.61087	13	0	14	0	0	0.005	13.9	23	1013	25	3	0.3	236		150	2	3	3	3	3	3	0	0	50	2	50		
2019-07-13 11:40:00	57.6	17.60847	14	0	15	0	0	0.005	13.9	23	1013	25	1	0.4	199		60	0	2	3	3	3	3	0	0	0	0	100		
2019-07-13 12:00:00	57.60489	17.59875	40	0	16	0	0	0.005	13.9	22	1013	25	1	0.6	313		60	0	0	2	3	3	3	0	0	97	0	4		
2019-07-13 12:20:00	57.61095	17.59185	11	0	17	0	0	0.005	13.9	22	1013	25	1	0.7	329		60	0	0	0	2	3	3	0	0	100	0	0		
2019-07-13 12:40:00	57.6177	17.58597	11	0	18	0	0	0.005	13.9	21	1013	25	1	0.7	335		60	0	0	0	0	2	3	0	0	100	1	0		
2019-07-13 13:00:00	57.62499	17.58087	11	0	19	0	0	0.005	13.9	21	1013	25	1	0.7	339		60	0	0	0	0	0	2	0	0	98	3	0		
2019-07-13 13:20:00	57.63168	17.5764	11	0	20	0	0	0.005	13.8	20	1013	25	1	0.7	340		60	0	0	0	0	0	0	0	0	98	3	0		
2019-07-13 13:40:00	57.63834	17.57241	12	0	21	0	0	0.005	13.9	20	1013	25	1	0.6	342		60	0	0	0	0	0	0	0	0	96	5	0		
2019-07-13 14:00:00	57.64506	17.57007	12	0	22	0	0	0.005	13.8	20	1013	25	1	0.6	349	-25400	60	0	0	0	0	0	0	0	0	99	2	0		
2019-07-13 14:20:00	57.65136	17.56839	12	0	23	0	0	0.005	13.9	20	1013	25	1	0.6	352	-24800	60	0	0	0	0	0	0	0	0	99	2	0		
2019-07-13 14:40:00	57.65676	17.56617	13	0	24	0	0	0.005	13.8	19	1013	25	1	0.5	348	-24200	60	0	0	0	0	0	0	0	0	99	2	0		
2019-07-13 15:00:00	57.66168	17.56461	13	0	25	0	0	0.005	13.9	19	1013	25	1	0.5	350	-23700	60	0	0	0	0	0	0	0	0	100	1	0		
2019-07-13 15:20:00	57.66609	17.56356	12	0	26	0	4	0.005	13.9	19	1013	25	1	0.4	353	-10200	60	0	0	0	0	0	0	0	0	96	5	0		
2019-07-13 15:40:00	57.67065	17.56131	41	0	27	0	1	0.005	13.9	19	1013	25	1	0.4	345	-9700	60	0	0	0	0	0	0	0	0	96	5	0		
2019-07-13 16:00:00	57.67329	17.55996	11	0	28	0	0	0.005	13.9	19	1013	25	1	0.3	345	-9400	60	0	0	0	0	0	0	0	0	85	15	2		
2019-07-13 16:20:00	57.67485	17.55924	11	0	29	0	0	0.005	13.9	19	1013	25	1	0.1	346	-9200	60	0	0	0	0	0	0	0	0	80	20	1		
2019-07-13 16:40:00	57.67566	17.55912	12	0	0	0	0	0.005	14	19	1013	25	1	0.1	355	-9100	60	0	0	0	0	0	0	0	0	54	32	16		
2019-07-13 17:00:00	57.67593	17.55924	11	0	1	0	0	0.005	14	19	1013	25	1	0	10	-9100	60	0	0	0	0	0	0	0	0	19	41	41		
2019-07-13 17:20:00	57.67482	17.55855	12	0	2	0	0	0.005	14	19	1013	25	1	0.1	198	-9200	60	1	0	0	0	0	0	0	0	49	19	34		
2019-07-13 17:40:00	57.67554	17.56494	11	0	3	0	0	0.005	13.9	19	1013	25	1	0.3	78	-9200	335	1	1	0	0	0	0	0	0	0	3	98		
2019-07-13 18:00:00	57.6762	17.57079	40	0	4	0	0	0.005	13.9	19	1013	25	1	0.3	78	-9100	335	1	1	1	0	0	0	0	0	0	3	98		
2019-07-13 18:20:00	57.67698	17.57556	11	0	5	0	0	0.005	13.9	19	1013	25	1	0.3	73	-9100	335	1	1	1	1	0	0	0	0	0	2	99		
2019-07-13 18:40:00	57.67767	17.57988	11	0	6	0	0	0.005	13.9	19	1013	25	1	0.2	73	-9100	335	1	1	1	1	1	0	0	0	0	3	98		
2019-07-13 19:00:00	57.67788	17.58027	12	0	7	0	0	0.005	13.9	19	1013	25	1	0	45	-9100	335	1	1	1	1	1	1	0	0	29	20	53		
2019-07-13 19:20:00	57.68115	17.58288	11	0	8	0	0	0.005	14	18	1014	25	1	0.3	23	-8700	335	1	1	1	1	1	1	0	0	0	0	100		
2019-07-13 20:00:00	57.6906	17.57997	12	0	10	0	0	0.005	13.9	18	1014	26	3	0.4	356	-7700	335	1	1	1	1	1	1	0	0	0	3	98		
2019-07-13 20:20:00	57.69504	17.57955	13	0	11	0	0	0.005	13.9	18	1014	26	2	0.4	357	-7200	335	1	1	1	1	1	1	0	0	0	3	98		
2019-07-13 20:40:00	57.70008	17.5791	15	0	12	0	0	0.005	13.9	18	1014	26	1	0.5	357	-6600	335	1	1	1	1	1	1	0	0	0	3	98		
2019-07-13 21:00:00	57.70578	17.57811	14	0	13	0	0	0.005	13.9	18	1014	26	1	0.5	355	-6000	335	1	1	1	1	1	1	0	0	0	0	100		
2019-07-13 21:20:00	57.711	17.57862	14	0	14	0	0	0.005	13.9	18	1014	26	3	0.5	3	-5400	335	1	1	1	1	1	1	0	1	0	2	99		
2019-07-13 21:40:00	57.71613	17.57886	41	0	15	0	0	0.005	13.9	18	1014	26	1	0.5	1	-4900	335	1	1	1	1	1	1	0	1	0	4	97		
2019-07-13 22:00:00	57.71859	17.57883	11	0	16	0	0	0.005	13.9	18	1014	26	1	0.2	359	-4600	335	0	1	1	1	1	1	0	1	6	13	82		
2019-07-13 22:20:00	57.71544	17.57724	12	0	17	0	0	0.005	13.9	18	1014	26	1	0.3	195	-4900	280	1	0	1	1	1	1	0	1	93	5	4		
2019-07-13 22:40:00	57.71868	17.57634	12	0	18	0	4	0.005	13.9	17	1014	26	1	0.3	351	100	275	0	1	0	1	1	1	0	1	7	5	90		
2019-07-13 23:00:00	57.71649	17.57568	12	0	19	0	1	0.005	13.8	17	1014	26	1	0.2	189	-100	270	0	0	1	0	1	1	0	1	87	7	8		
2019-07-13 23:20:00	57.71424	17.5722	12	0	20	0	0	0.005	13.8	17	1014	26	3	0.3	220	-200	270	0	0	0	1	0	1	0	1	98	3	0		
2019-07-13 23:40:00	57.71163	17.568	14	0	21	0	0	0.005	13.8	17	1014	26	1	0.3	221	-200	270	0	0	0	0	1	0	0	1	100	1	0		
2019-07-14 00:00:00	57.70857	17.56374	40	0	22	0	0	0.005	13.8	17	1014	26	1	0.3	217	-400	270	0	0	0	0	0	1	0	1	100	1	0		
2019-07-14 00:20:00	57.70554	17.56029	12	0	23	0	0	0.005	13.8	17	1014	26	1	0.3	211	-500	270	0	0	0	0	0	0	0	1	99	2	0		
2019-07-14 00:40:00	57.70104	17.55717	12	0	24	0	0	0.005	13.8	17	1014	26	1	0.4	200	-800	270	0	0	0	0	0	0	0	1	100	0	0		
2019-07-14 01:20:00	57.69504	17.55132	12	0	26	0	0	0.005	13.8	17	1014	25	3	0.3	215	-1100	270	0	0	0	0	0	0	0	1	97	4	0		
2019-07-14 01:40:00	57.69219	17.5452	13	0	27	0	0	0.005	13.8	17	1014	25	2	0.4	229	-1200	270	0	0	0	0	0	0	0	1	100	0	0		
2019-07-14 02:00:00	57.68904	17.53509	41	0	28	0	0	0.005	13.8	17	1014	25	1	0.6	240	-1100	270	0	0	0	0	0	0	0	1	100	0	0		
2019-07-14 02:20:00	57.68661	17.52567	12	0	29	0	0	0.005	13.8	18	1014	25	1	0.5	244	-1000	270	0	0	0	0	0	0	0	1	100	0	0		
2019-07-14 02:40:00	57.68499	17.51439	12	0	0	0	0	0.005	13.8	18	1014	25	1	0.6	255	-700	270	0	0	0	0	0	0	0	1	100	0	0		
2019-07-14 03:00:00	57.68433	17.50155	12	0	1	0	0	0.005	13.9	18	1014	25	3	0.6	265	-300	270	0	0	0	0	0	0	0	1	100	0	0		
2019-07-14 03:20:00	57.68619	17.48988	12	0	2	0	0	0.005	14.1	18	1014	25	1	0.6	287	300	270	0	0	0	0	0	0	0	1	100	0	0		
2019-07-14 03:40:00	57.68808	17.47836	12	0	3	0	0	0.005	14	18	1014	25	1	0.6	287	900	270	0	0	0	0	0	0	0	1	100	0	0		
2019-07-14 04:00:00	57.68931	17.46723	12	0	4	0	0	0.005	14	18	1014	25	1	0.6	282	1400	270	0	0	0	0	0	0	0	1	100	0	0		
2019-07-14 04:20:00	57.6909	17.45643	11	0	5	0	0	0.005	14	18	1014	25	1	0.6	285	1900	270	0	0	0	0	0	0	0	1	100	0	0		
2019-07-14 04:40:00	57.69201	17.44608	13	0	6	0	0	0.005	14	18	1014	25	1	0.5	281	2400	270	0	0	0	0	0	0	0	1	100	0	0		
2019-07-14 05:00:00	57.69225	17.43666	14	0	7	0	0	0.005	14	18	1014	25	1	0.5	273	2700	270	0	0	0	0	0	0	0	1	100	1	0		
2019-07-14 05:20:00	57.6918	17.42628	41	0	8	0	0	0.005	13.9	18	1014	25	1	0.5	265	3000	270	0	0	0	0	0	0	0	1	100	0	0		
2019-07-14 05:40:00	57.69096	17.4156	12	0	9	0	0	0.005	13.9	18	1015	25	3	0.5	262	3300	270	0	0	0	0	0	0	0	1	100	0	0		
2019-07-14 06:00:00	57.68982	17.40384	12	0	10	0	0	0.005	13.9	18	1015	25	1	0.6	260	3700	270	0	0	0	0	0	0	0	1	100	0	0		
2019-07-14 06:20:00	57.68955	17.39241	13	0	11	0	0	0.005	13.9	18	1015	25	1	0.6	267	4000	270	1	0	0	0	0	0	0	1	100	0	0		
2019-07-14 06:40:00	57.68811	17.40015	12	0	12	0	0	0.005	13.9	18	1015	25	1	0.4	109	3600	5	2	1	0	0	0	0	0	1	5	2	95		
2019-07-14 07:00:00	57.67983	17.40675	12	0	13	0	0	0.005	13.9	17	1015	25	1	0.8	157	2700	5	3	2	1	0	0	0	0	1	0	0	100		
2019-07-14 07:20:00	57.67263	17.39682	12	0	14	0	0	0.005	13.9	18	1015	25	3	0.8	216	2400	5	3	3	2	1	0	0	0	1	99	0	2		
2019-07-14 07:40:00	57.66606	17.3853	12	0	15	0	0	0.005	13.9	18	1015	25	1	0.8	223	2200	5	3	3	3	2	1	0	0	1	100	0	0		
2019-07-14 08:00:00	57.65835	17.37297	40	0	16	0	0	0.005	13.9	18	1016	25	2	0.9	221	2000	5	3	3	3	3	2	1	0	1	100	0	0		
2019-07-14 08:20:00	57.65067	17.36214	12	0	17	0	0	0.005	13.9	19	1015	25	1	0.9	217	1700	5	3	3	3	3	3	2	0	1	100	0	0		
2019-07-14 08:40:00	57.64269	17.35041	12	0	18	0	0	0.005	13.8	19	1016	25	1	0.9	218	1400	5	3	3	3	3	3	3	0	1	100	0	0		
2019-07-14 09:00:00	57.63492	17.33946	11	0	19	0	0	0.005	13.8	19	1016	25	1	0.9	217	1100	5	3	3	3	3	3	3	0	1	100	0	0		
2019-07-14 09:20:00	57.6279	17.32632	11	0	20	0	0	0.005	13.9	19	1016	25	1	0.9	225	900	5	3	3	3	3	3	3	0	1	100	0	0		
2019-07-14 09:40:00	57.62223	17.31207	11	0	21	0	0	0.005	13.9	19	1016	25	1	0.9	233	900	5	3	3	3	3	3	3	0	1	100	0	0		
2019-07-14 10:00:00	57.61635	17.29833	12	0	22	0	0	0.005	13.9	19	1016	25	1	0.9	231	900	5	3	3	3	3	3	3	0	1	100	0	0		
2019-07-14 10:20:00	57.61236	17.28423	12	0	23	0	0	0.005	13.9	19	1016	25	1	0.8	242	1100	5	3	3	3	3	3	3	0	1	100	0	0		
2019-07-14 10:40:00	57.6081	17.27424	13	0	24	0	0	0.005	13.9	19	1016	25	1	0.6	232	1000	5	3	3	3	3	3	3	0	1	100	0	1		
2019-07-14 11:00:00	57.60345	17.26488	12	0	25	0	0	0.005	13.9	19	1016	25	1	0.6	227	1000	5	3	3	3	3	3	3	0	1	100	1	0		
2019-07-14 11:20:00	57.59904	17.25744	12	0	26	0	0	0.005	13.9	19	1016	25	1	0.6	222	800	5	3	3	3	3	3	3	0	1	96	1	5		
2019-07-14 11:40:00	57.59511	17.25027	41	0	27	0	0	0.005	13.9	19	1016	25	1	0.5	225	700	5	3	3	3	3	3	3	0	1	100	1	0		
2019-07-14 12:00:00	57.59112	17.24427	11	0	28	0	0	0.005	13.9	19	1016	25	1	0.5	219	600	5	3	3	3	3	3	3	0	1	98	3	0		
2019-07-14 12:20:00	57.58893	17.23737	12	0	29	0	0	0.005	13.9	19	1016	25	1	0.4	239	700	5	3	3	3	3	3	3	0	1	94	7	0		
2019-07-14 12:40:00	57.5874	17.23179	12	0	0	0	0	0.005	13.9	19	1016	25	1	0.3	243	700	5	3	3	3	3	3	3	0	1	90	10	1		
2019-07-14 13:00:00	57.5874	17.22807	11	0	1	0	0	0.005	13.9	19	1016	25	1	0.2	270	900	5	3	3	3	3	3	3	0	1	85	16	0		
2019-07-14 13:20:00	57.58788	17.22369	11	0	2	0	0	0.005	13.9	20	1016	25	1	0.2	281	1100	5	3	3	3	3	3	3	0	1	90	10	1		
2019-07-14 13:40:00	57.58902	17.21904	11	0	3	0	0	0.005	13.9	20	1016	25	1	0.3	295	1300	5	3	3	3	3	3	3	0	1	92	8	1		
2019-07-14 14:00:00	57.59073	17.2128	40	0	4	0	0	0.005	13.9	20	1016	25	1	0.3	297	1700	5	3	3	3	3	3	3	0	1	93	8	0		
2019-07-14 14:20:00	57.59322	17.20968	12	0	5	0	0	0.005	13.9	20	1016	25	1	0.3	326	2000	5	2	3	3	3	3	3	0	1	92	9	0		
2019-07-14 14:40:00	57.59544	17.2062	11	0	6	0	0	0.005	13.9	21	1015	25	1	0.3	320	2400	110	1	2	3	3	3	3	0	1	57	6	38		
2019-07-14 15:00:00	57.59274	17.20173	12	0	7	0	0	0.005	13.9	21	1015	25	1	0.3	222	2300	110	1	1	2	3	3	3	0	1	3	0	98		
2019-07-14 15:20:00	57.58917	17.19993	12	0	8	0	0	0.005	13.9	21	1015	25	1	0.3	195	2000	110	2	1	1	2	3	3	0	1	0	2	99		
2019-07-14 15:40:00	57.5922	17.1942	12	0	9	0	0	0.005	13.8	21	1015	25	2	0.4	315	2500	110	1	2	1	1	2	3	0	1	0	0	100		
2019-07-14 16:00:00	57.59106	17.18718	13	0	10	0	0	0.005	13.9	21	1015	25	1	0.4	253	2700	110	1	1	2	1	1	2	0	1	0	1	100		
2019-07-14 16:20:00	57.58893	17.18064	11	0	11	0	0	0.005	13.9	20	1015	25	1	0.4	238	2700	110	1	1	1	2	1	1	0	1	0	1	100		
2019-07-14 16:40:00	57.58767	17.17245	13	0	12	0	4	0.005	13.9	20	1015	25	1	0.4	254	900	110	0	1	1	1	2	1	0	1	0	0	100		
2019-07-14 17:00:00	57.58788	17.18733	41	0	13	0	1	0.005	13.9	19	1015	25	1	0.7	88	100	175	0	0	1	1	1	2	0	1	96	0	5		
2019-07-14 17:20:00	57.58698	17.2029	11	0	14	0	0	0.005	13.9	19	1014	25	1	0.8	96	-800	175	0	0	0	1	1	1	0	1	100	0	0		
2019-07-14 17:40:00	57.58557	17.21859	11	0	15	0	0	0.005	13.9	19	1015	25	1	0.8	100	-1700	175	1	0	0	0	1	1	0	1	100	0	0		
2019-07-14 18:00:00	57.58509	17.21334	12	0	16	0	0	0.005	13.9	19	1014	26	2	0.3	260	-1300	185	0	1	0	0	0	1	0	1	5	2	94		
2019-07-14 18:20:00	57.58374	17.22729	11	0	17	0	0	0.005	14	19	1014	25	1	0.7	100	-2100	185	1	0	1	0	0	0	0	1	95	1	6		
2019-07-14 18:40:00	57.58347	17.22213	11	0	18	0	0	0.005	14	18	1014	26	1	0.3	264	-1800	185	1	1	0	1	0	0	0	1	5	3	94		
2019-07-14 19:00:00	57.58389	17.21784	12	0	19	0	0	0.005	14	18	1014	26	1	0.2	281	-1600	185	0	1	1	0	1	0	0	1	6	5	91		
2019-07-14 19:20:00	57.57903	17.22897	12	0	20	0	0	0.005	14	18	1014	26	1	0.7	129	-2100	215	0	0	1	1	0	1	0	1	96	0	5		
2019-07-14 19:40:00	57.57333	17.238	15	0	21	0	0	0.005	13.9	18	1014	26	3	0.7	140	-2400	215	0	0	0	1	1	0	0	1	100	0	0		
2019-07-14 20:00:00	57.5673	17.24694	40	0	22	0	0	0.005	13.9	18	1014	26	1	0.7	142	-2800	215	0	0	0	0	1	1	0	1	100	1	0		
2019-07-14 20:20:00	57.56076	17.25447	12	0	23	0	0	0.005	13.9	18	1014	26	1	0.7	148	-3000	215	0	0	0	0	0	1	0	1	100	0	0		
2019-07-14 20:40:00	57.5538	17.26245	13	0	24	0	0	0.005	13.9	18	1014	25	1	0.8	148	-3300	215	0	0	0	0	0	0	0	1	100	0	0		
2019-07-14 21:00:00	57.54597	17.26947	13	0	25	0	0	0.005	13.9	18	1014	26	1	0.8	154	-3500	215	0	0	0	0	0	0	0	1	100	0	0		
2019-07-14 21:40:00	57.52974	17.28003	13	0	27	0	0	0.005	13.9	18	1014	26	3	0.8	163	-3600	215	0	0	0	0	0	0	0	1	100	0	0		
2019-07-14 22:00:00	57.52164	17.28435	13	0	28	0	0	0.005	13.9	18	1014	25	3	0.8	164	-3600	215	0	0	0	0	0	0	0	1	100	0	0		
2019-07-14 22:20:00	57.5133	17.2878	14	0	29	0	0	0.005	13.9	18	1014	25	1	0.8	167	-3600	215	0	0	0	0	0	0	0	1	100	0	0		
2019-07-14 22:40:00	57.50496	17.29095	41	0	0	0	0	0.005	13.9	18	1014	26	1	0.8	169	-3500	215	0	0	0	0	0	0	0	1	100	0	0		
2019-07-14 23:00:00	57.49743	17.29392	12	0	1	0	0	0.005	13.8	18	1014	25	1	0.7	168	-3500	215	0	0	0	0	0	0	0	1	100	0	0		
2019-07-14 23:20:00	57.48969	17.29719	41	0	2	0	0	0.005	13.8	18	1014	25	1	0.7	167	-3500	215	0	0	0	0	0	0	0	1	100	0	0		
2019-07-15 00:00:00	57.47613	17.30433	12	0	4	0	0	0.005	13.8	18	1014	25	3	0.7	164	-3500	215	0	0	0	0	0	0	0	1	100	1	0		
2019-07-15 00:20:00	57.47019	17.3079	14	0	5	0	4	0.005	13.8	18	1014	26	1	0.6	162	100	215	0	0	0	0	0	0	0	1	92	4	5		
2019-07-15 00:40:00	57.46461	17.31009	12	0	6	0	1	0.005	13.8	18	1014	26	1	0.5	168	200	215	0	0	0	0	0	0	0	1	97	4	0		
2019-07-15 01:00:00	57.4596	17.31156	13	0	7	0	0	0.005	13.8	18	1014	26	1	0.5	171	300	215	0	0	0	0	0	0	0	1	98	3	0		
2019-07-15 01:20:00	57.45393	17.31273	41	0	8	0	0	0.005	13.8	18	1013	26	1	0.5	174	400	215	0	0	0	0	0	0	0	1	100	1	0		
2019-07-15 01:40:00	57.44838	17.31417	11	0	9	0	0	0.005	13.8	18	1013	26	2	0.5	172	500	215	0	0	0	0	0	0	0	1	100	1	0		
2019-07-15 02:00:00	57.44139	17.31444	11	0	10	0	0	0.005	13.8	17	1013	26	2	0.6	179	700	215	0	0	0	0	0	0	0	1	100	0	0		
2019-07-15 02:20:00	57.4347	17.31372	12	0	11	0	0	0.005	13.8	17	1013	26	1	0.6	183	1000	215	0	0	0	0	0	0	0	1	100	1	0		
2019-07-15 02:40:00	57.42798	17.3118	12	0	12	0	0	0.005	13.8	17	1013	26	1	0.6	189	1300	215	0	0	0	0	0	0	0	1	100	1	0		
2019-07-15 03:20:00	57.41556	17.31132	13	0	14	0	0	0.005	14	18	1013	25	3	0.6	179	1800	215	0	0	0	0	0	0	0	1	98	3	0		
2019-07-15 03:40:00	57.40875	17.3103	12	0	15	0	0	0.005	14	18	1013	25	2	0.6	185	2100	215	0	0	0	0	0	0	0	1	100	1	0		
2019-07-15 04:00:00	57.40077	17.30946	40	0	16	0	0	0.005	14	18	1013	25	3	0.7	183	2400	215	0	0	0	0	0	0	0	1	100	0	0		
2019-07-15 04:20:00	57.39348	17.30745	11	0	17	0	0	0.005	14	18	1013	25	1	0.7	189	2700	215	0	0	0	0	0	0	0	1	100	0	0		
2019-07-15 04:40:00	57.3861	17.30592	12	0	18	0	0	0.005	14	18	1013	26	1	0.7	186	3100	215	0	0	0	0	0	0	0	1	100	0	0		
2019-07-15 05:00:00	57.37902	17.30301	41	0	19	0	0	0.005	13.9	18	1013	26	1	0.7	192	3500	215	0	0	0	0	0	0	0	1	100	0	0		
2019-07-15 05:20:00	57.37305	17.30133	11	0	20	0	0	0.005	13.9	18	1013	25	1	0.6	189	3800	215	3	0	0	0	0	0	0	1	99	2	0		
2019-07-15 05:40:00	57.36654	17.30892	11	0	21	0	0	0.005	13.9	18	1013	25	1	0.7	148	3600	215	3	3	0	0	0	0	0	1	100	0	0		
2019-07-15 06:00:00	57.36105	17.31921	11	0	22	0	0	0.005	13.9	18	1013	26	1	0.7	135	3200	215	0	3	3	0	0	0	0	1	100	1	0		
2019-07-15 06:20:00	57.3552	17.31783	12	0	23	0	0	0.005	13.9	18	1012	26	1	0.5	187	3400	215	0	0	3	3	0	0	0	1	100	1	0		
2019-07-15 06:40:00	57.35016	17.31729	12	0	24	0	0	0.005	13.9	18	1012	25	1	0.5	183	3600	215	3	0	0	3	3	0	0	1	96	5	0		
2019-07-15 07:00:00	57.34821	17.32692	12	0	25	0	0	0.005	13.9	18	1013	25	1	0.5	111	3100	215	0	3	0	0	3	3	0	1	100	1	0		
2019-07-15 07:20:00	57.34428	17.33013	14	0	26	0	0	0.005	13.9	18	1013	25	1	0.4	156	3100	215	0	0	3	0	0	3	0	1	93	8	0		
2019-07-15 07:40:00	57.33909	17.33184	13	0	27	0	0	0.005	13.9	19	1012	26	2	0.5	170	3200	215	0	0	0	3	0	0	0	1	97	4	0		
2019-07-15 08:00:00	57.33339	17.33547	65	0	28	0	0	0.005	13.9	19	1012	25	1	0.5	161	3200	215	0	0	0	0	3	0	0	1	98	3	0		
2019-07-15 08:20:00	57.32826	17.33955	12	0	29	0	0	0.005	13.9	19	1012	25	1	0.5	157	3100	215	0	0	0	0	0	3	0	1	100	1	0		
2019-07-15 08:40:00	57.32415	17.34723	11	0	0	0	0	0.005	13.9	19	1012	25	1	0.5	135	2800	215	0	0	0	0	0	0	0	1	98	3	0		
2019-07-15 09:00:00	57.3198	17.35275	11	0	1	0	0	0.005	13.9	19	1012	25	1	0.5	146	2600	215	0	0	0	0	0	0	0	1	97	4	0		
2019-07-15 09:20:00	57.31575	17.35854	11	0	2	0	0	0.005	13.9	19	1011	25	1	0.5	142	2400	215	0	0	0	0	0	0	0	1	97	4	0		
2019-07-15 09:40:00	57.31185	17.3628	12	0	3	0	0	0.005	13.8	19	1012	25	1	0.4	150	2300	215	0	0	0	0	0	0	0	1	97	4	0		
2019-07-15 10:00:00	57.30762	17.37237	13	0	4	0	0	0.005	13.8	19	1011	25	3	0.6	129	1900	215	0	0	0	0	0	0	0	1	100	1	0		
2019-07-15 10:40:00	57.30081	17.39505	41	0	6	0	0	0.005	13.9	19	1011	25	3	0.7	116	800	215	0	0	0	0	0	0	0	1	100	0	0		
2019-07-15 11:00:00	57.29823	17.40987	11	0	7	0	0	0.005	13.9	19	1010	25	1	0.8	108	100	215	0	0	0	0	0	0	0	1	100	0	0		
2019-07-15 11:20:00	57.29631	17.42469	13	0	8	0	0	0.005	13.9	19	1011	25	1	0.8	103	-700	215	0	0	0	0	0	0	0	1	100	0	0		
2019-07-15 11:40:00	57.29508	17.43852	12	0	9	0	0	0.005	13.9	19	1011	25	1	0.7	99	-1500	215	0	0	0	0	0	0	0	1	100	0	0		
2019-07-15 12:00:00	57.29205	17.45475	12	0	10	0	0	0.005	13.9	19	1010	25	1	0.9	109	-2300	215	0	0	0	0	0	0	0	1	100	0	0		
2019-07-15 12:40:00	57.28899	17.45988	12	0	12	0	0	0.005	13.8	19	1009	25	3	0.6	274	-2500	195	1	1	0	0	0	0	0	1	4	0	97		
2019-07-15 13:00:00	57.28923	17.44452	12	0	13	0	4	0.005	13.8	19	1010	26	1	0.8	272	700	195	3	1	1	0	0	0	0	1	0	1	100		
2019-07-15 13:20:00	57.29115	17.46888	41	0	14	0	1	0.005	13.9	19	1009	25	1	1.2	82	200	195	3	3	1	1	0	0	0	1	93	0	8		
2019-07-15 13:40:00	57.29076	17.49666	11	0	15	0	0	0.005	13.9	19	1009	25	1	1.4	92	300	195	3	3	3	1	1	0	0	1	100	0	0		
2019-07-15 14:00:00	57.28773	17.52423	41	0	16	0	0	0.005	13.9	18	1009	25	1	1.4	101	800	195	3	3	3	3	1	1	0	1	100	0	0		
2019-07-15 14:20:00	57.28428	17.54982	12	0	17	0	0	0.005	13.9	18	1009	25	1	1.4	104	1200	195	3	3	3	3	3	1	0	1	100	0	0		
2019-07-15 14:40:00	57.28023	17.5764	12	0	18	0	0	0.005	13.9	18	1009	25	2	1.4	106	1800	195	3	3	3	3	3	3	0	1	100	0	0		
2019-07-15 15:00:00	57.27594	17.6049	13	0	19	0	0	0.005	13.9	18	1009	25	1	1.5	106	2400	195	3	3	3	3	3	3	0	1	100	0	0		
2019-07-15 15:20:00	57.27099	17.63268	13	0	20	0	4	0.005	14	18	1009	25	1	1.5	108	2500	195	3	3	3	3	3	3	0	1	100	0	0		
2019-07-15 15:40:00	57.26451	17.66178	41	0	21	0	1	0.005	14	18	1009	25	1	1.5	112	3900	195	2	3	3	3	3	3	0	1	100	0	0		
2019-07-15 16:00:00	57.26961	17.6466	13	0	22	0	0	0.005	14	17	1008	25	1	0.9	302	3000	205	2	2	3	3	3	3	0	1	4	0	97		
2019-07-15 16:20:00	57.27702	17.63106	13	0	23	0	0	0.005	14	17	1008	25	1	1	311	1800	205	3	2	2	3	3	3	0	1	0	1	100		
2019-07-15 16:40:00	57.2727	17.65782	41	0	24	0	0	0.005	14	17	1008	25	1	1.4	107	3000	205	2	3	2	2	3	3	0	1	99	0	2		
2019-07-15 17:00:00	57.28077	17.6589	12	0	25	0	0	0.005	13.9	17	1008	25	1	0.8	4	2200	225	2	2	3	2	2	3	0	1	5	0	96		
2019-07-15 17:20:00	57.28356	17.6712	12	0	26	0	0	0.005	13.9	17	1008	25	2	0.7	67	2300	225	2	2	2	3	2	2	0	1	33	0	68		
2019-07-15 17:40:00	57.28158	17.68395	13	0	27	0	0	0.005	13.9	17	1008	25	1	0.7	106	2800	225	2	2	2	2	3	2	0	1	60	5	36		
2019-07-15 18:00:00	57.27831	17.69646	11	0	28	0	1	0.005	13.9	17	1008	25	1	0.7	116	3500	225	2	2	2	2	2	3	0	1	77	6	18		
2019-07-15 18:20:00	57.26967	17.70471	13	0	29	0	0	0.005	13.9	17	1008	25	1	0.9	153	4600	225	3	2	2	2	2	2	0	1	32	4	66		
2019-07-15 18:40:00	57.25851	17.70783	37	0	0	0	0	0.005	14	17	1008	25	1	1	171	5800	225	2	2	2	2	2	2	0	0	44	9	49		
2019-07-15 19:00:00	57.24663	17.70969	12	0	1	0	0	0.005	13.9	17	1008	25	1	1.1	175	7000	225	3	2	2	2	2	2	0	0	30	7	65		
2019-07-15 19:20:00	57.23538	17.715	12	0	2	0	4	0.005	13.9	17	1009	25	2	1.1	166	-1100	225	0	2	2	2	2	2	0	1	42	5	55		
2019-07-15 19:40:00	57.225	17.70708	12	0	3	0	1	0.005	13.9	17	1008	25	1	1	202	-900	225	0	0	2	2	2	2	0	1	97	1	3		
2019-07-15 20:00:00	57.21873	17.68944	11	0	4	0	0	0.005	13.9	17	1009	25	1	1.1	237	0	225	0	0	0	2	2	2	0	1	100	0	0		
2019-07-15 20:20:00	57.2145	17.67156	13	0	5	0	0	0.005	13.9	17	1009	25	1	1	246	900	225	0	0	0	0	2	2	0	1	100	1	0		
2019-07-15 20:40:00	57.21165	17.65344	13	0	6	0	0	0.005	13.9	17	1009	25	1	0.9	254	1900	225	0	0	0	0	0	2	0	1	100	0	0		
2019-07-15 21:00:00	57.2091	17.63415	13	0	7	0	0	0.005	13.9	17	1009	25	2	1	256	2900	225	1	0	0	0	0	0	0	1	100	0	0		
2019-07-15 21:20:00	57.20847	17.64606	41	0	8	0	0	0.005	13.9	17	1009	25	1	0.6	96	2200	355	2	1	0	0	0	0	0	1	5	0	96		
2019-07-15 21:40:00	57.20034	17.66481	12	0	9	0	0	0.005	13.9	17	1009	25	1	1.2	129	900	355	3	2	1	0	0	0	0	1	0	0	100		
2019-07-15 22:20:00	57.17313	17.62599	41	0	11	0	0	0.005	13.8	17	1009	25	3	1.6	219	2400	345	2	3	3	2	1	0	0	1	100	0	0		
2019-07-15 22:40:00	57.16347	17.63694	12	0	12	0	0	0.005	13.8	16	1009	25	2	1.1	148	1500	350	3	2	3	3	2	1	0	1	3	0	98		
2019-07-15 23:00:00	57.15168	17.61747	13	0	13	0	0	0.005	13.8	16	1009	25	2	1.5	222	2300	355	2	3	2	3	3	2	0	1	99	0	2		
2019-07-15 23:20:00	57.14358	17.62887	13	0	14	0	0	0.005	13.8	16	1009	25	1	0.9	143	1400	350	3	2	3	2	3	3	0	1	4	0	97		
2019-07-15 23:40:00	57.13245	17.61069	13	0	15	0	0	0.005	13.8	16	1009	25	1	1.4	222	2200	350	2	3	2	3	2	3	0	1	98	0	3		
2019-07-16 00:00:00	57.12255	17.61855	16	0	16	0	0	0.005	13.8	16	1009	25	1	1	157	1500	355	2	2	3	2	3	2	0	1	3	0	98		
2019-07-16 00:20:00	57.11583	17.6313	41	0	17	0	0	0.005	13.8	16	1009	25	1	0.9	134	500	355	3	2	2	3	2	3	0	1	0	0	100		
2019-07-16 00:40:00	57.10536	17.61735	12	0	18	0	0	0.005	13.7	16	1009	25	1	1.2	216	1100	345	3	3	2	2	3	2	0	1	98	1	3		
2019-07-16 01:00:00	57.093	17.60601	12	0	19	0	0	0.005	13.7	16	1009	25	1	1.3	206	1400	345	3	3	3	2	2	3	0	1	100	0	0		
2019-07-16 01:20:00	57.08037	17.59761	12	0	20	0	0	0.005	13.7	16	1009	25	1	1.2	200	1500	345	3	3	3	3	2	2	0	1	100	0	0		
2019-07-16 01:40:00	57.06849	17.58999	13	0	21	0	0	0.005	13.7	16	1009	25	1	1.2	199	1600	345	3	3	3	3	3	2	0	1	100	0	0		
2019-07-16 02:00:00	57.05742	17.5818	12	0	22	0	0	0.005	13.7	16	1009	25	1	1.1	202	1800	345	3	3	3	3	3	3	0	1	100	0	0		
2019-07-16 02:20:00	57.04623	17.57232	41	0	23	0	0	0.005	13.7	16	1009	25	1	1.1	205	2100	345	3	3	3	3	3	3	0	1	100	0	0		
2019-07-16 02:40:00	57.03573	17.56731	12	0	24	0	0	0.005	13.7	16	1009	25	1	1	195	2100	345	3	3	3	3	3	3	0	1	100	0	0		
2019-07-16 03:00:00	57.02412	17.56371	13	0	25	0	0	0.005	13.8	16	1009	25	1	1.1	190	2000	345	3	3	3	3	3	3	0	1	100	0	0		
2019-07-16 03:20:00	57.01299	17.56401	12	0	26	0	0	0.005	13.9	16	1009	25	1	1	179	1600	345	3	3	3	3	3	3	0	1	100	0	0		
2019-07-16 04:00:00	56.99325	17.57034	14	0	28	0	0	0.005	14	16	1009	25	3	0.9	175	700	345	3	3	3	3	3	3	0	1	100	0	0		
2019-07-16 04:40:00	56.97915	17.57679	13	0	0	0	0	0.005	13.9	16	1009	25	3	0.6	165	0	345	3	3	3	3	3	3	0	1	96	1	4		
2019-07-16 05:00:00	56.97288	17.58552	13	0	1	0	0	0.005	13.9	16	1008	25	1	0.7	143	-700	345	3	3	3	3	3	3	0	1	97	0	4		
2019-07-16 05:40:00	56.96172	17.60502	13	0	3	0	0	0.005	13.9	16	1008	25	3	0.8	137	-2200	345	3	3	3	3	3	3	0	1	96	1	5		
2019-07-16 06:00:00	56.95671	17.61747	14	0	4	0	0	0.005	13.9	16	1008	25	1	0.8	126	-3000	345	2	3	3	3	3	3	0	1	81	0	20		
2019-07-16 06:20:00	56.95935	17.63181	41	0	5	0	0	0.005	13.9	16	1008	25	1	0.7	71	-3800	275	0	2	3	3	3	3	0	1	3	0	98		
2019-07-16 06:40:00	56.95368	17.63313	13	0	6	0	0	0.005	13.9	16	1008	25	1	0.5	173	-4000	275	0	0	2	3	3	3	0	1	97	1	3		
2019-07-16 07:20:00	56.94024	17.63226	14	0	8	0	0	0.005	13.9	16	1008	25	3	0.7	181	-4400	275	0	0	0	0	2	3	0	1	100	0	0		
2019-07-16 08:00:00	56.92701	17.63664	13	0	10	0	0	0.005	13.9	16	1008	25	3	0.6	162	-5000	275	1	0	0	0	0	0	0	1	100	1	0		
2019-07-16 08:20:00	56.92965	17.64366	40	0	11	0	0	0.005	13.9	16	1008	25	1	0.4	55	-5300	280	1	1	0	0	0	0	0	1	5	10	86		
2019-07-16 08:40:00	56.93193	17.65014	12	0	12	0	0	0.005	13.8	16	1008	25	3	0.4	57	-5600	280	1	1	1	0	0	0	0	0	0	6	95		
2019-07-16 09:00:00	56.93415	17.65365	12	0	13	0	0	0.005	13.9	16	1008	25	1	0.3	41	-5800	280	1	1	1	1	0	0	0	0	0	3	98		
2019-07-16 09:20:00	56.93601	17.65605	12	0	14	0	4	0.005	13.9	16	1008	25	1	0.2	35	-600	280	0	1	1	1	1	0	0	1	0	4	97		
2019-07-16 09:40:00	56.93085	17.65635	41	0	15	0	1	0.005	13.9	17	1008	25	2	0.5	178	-400	280	0	0	1	1	1	1	0	1	92	3	6		
2019-07-16 10:00:00	56.92563	17.65593	12	0	16	0	0	0.005	13.9	17	1008	25	2	0.5	183	-400	280	0	0	0	1	1	1	0	1	96	5	0		
2019-07-16 10:20:00	56.92125	17.65752	13	0	17	0	0	0.005	13.9	17	1008	25	2	0.4	169	-500	280	0	0	0	0	1	1	0	1	86	15	0		
2019-07-16 10:40:00	56.91636	17.66004	12	0	18	0	0	0.005	14	17	1008	25	1	0.5	164	-700	280	0	0	0	0	0	1	0	1	82	10	10		
2019-07-16 11:00:00	56.90997	17.66193	12	0	19	0	0	0.005	13.9	17	1008	25	1	0.6	171	-900	280	0	0	0	0	0	0	0	1	96	5	0		
2019-07-16 11:20:00	56.90568	17.66481	40	0	20	0	0	0.005	13.9	17	1008	25	1	0.4	160	-1100	280	0	0	0	0	0	0	0	1	83	12	7		
2019-07-16 11:40:00	56.89887	17.66583	12	0	21	0	0	0.005	13.9	17	1008	25	1	0.6	175	-1200	280	0	0	0	0	0	0	0	1	99	2	0		
2019-07-16 12:00:00	56.89032	17.66766	11	0	22	0	0	0.005	13.9	17	1008	25	3	0.8	173	-1400	280	0	0	0	0	0	0	0	1	100	0	0		
2019-07-16 12:20:00	56.88438	17.67375	12	0	23	0	0	0.005	13.9	17	1008	25	2	0.6	151	-1800	280	0	0	0	0	0	0	0	1	96	5	0		
2019-07-16 12:40:00	56.88012	17.67921	11	0	24	0	0	0.005	13.9	17	1008	25	1	0.5	145	-2100	280	0	0	0	0	0	0	0	1	94	7	0		
2019-07-16 13:00:00	56.87715	17.68386	13	0	25	0	0	0.005	13.9	17	1008	25	1	0.4	140	-2400	280	0	0	0	0	0	0	0	1	86	14	1		
2019-07-16 13:20:00	56.87268	17.68926	12	0	26	0	0	0.005	13.9	17	1008	25	1	0.5	146	-2800	280	0	0	0	0	0	0	0	1	95	6	0		
2019-07-16 13:40:00	56.86581	17.69526	12	0	27	0	0	0.005	14	17	1008	25	2	0.7	154	-3200	280	0	0	0	0	0	0	0	1	100	0	0		
2019-07-16 14:00:00	56.86035	17.70003	40	0	28	0	0	0.005	14	17	1008	25	1	0.5	155	-3500	280	0	0	0	0	0	0	0	1	86	10	6		
2019-07-16 14:20:00	56.85738	17.70039	11	0	29	0	0	0.005	14	17	1008	25	1	0.3	176	-3600	280	0	0	0	0	0	0	0	1	84	16	2		
2019-07-16 14:40:00	56.85735	17.69856	12	0	0	0	0	0.005	14	16	1008	25	1	0.1	268	-3500	280	0	0	0	0	0	0	0	1	38	17	46		
2019-07-16 15:00:00	56.85657	17.69712	14	0	1	0	0	0.005	13.9	16	1008	25	2	0.1	226	-3400	280	0	0	0	0	0	0	0	1	26	34	42		
2019-07-16 15:20:00	56.85528	17.69685	11	0	2	0	0	0.005	13.9	16	1008	25	1	0.1	187	-3400	280	0	0	0	0	0	0	0	1	38	46	18		
2019-07-16 15:40:00	56.8515	17.69085	11	0	3	0	0	0.005	13.9	16	1008	25	1	0.5	221	-3000	280	0	0	0	0	0	0	0	1	100	1	0		
2019-07-16 16:00:00	56.84739	17.68182	12	0	4	0	4	0.005	13.9	16	1008	25	1	0.6	230	-700	280	0	0	0	0	0	0	0	1	100	0	0		
2019-07-16 16:20:00	56.84349	17.66847	13	0	5	0	1	0.005	13.9	16	1008	25	1	0.8	242	-1100	280	0	0	0	0	0	0	0	1	100	0	0		
2019-07-16 16:40:00	56.84118	17.65914	11	0	6	0	0	0.005	13.9	16	1008	25	1	0.5	246	-1200	280	0	0	0	0	0	0	0	1	99	2	0		
2019-07-16 17:00:00	56.83824	17.65026	41	0	7	0	0	0.005	13.9	16	1008	25	1	0.5	239	-1500	280	1	0	0	0	0	0	0	1	100	1	0		
2019-07-16 17:20:00	56.8419	17.65596	11	0	8	0	0	0.005	13.9	16	1008	25	1	0.5	41	-1100	320	0	1	0	0	0	0	0	1	7	4	91		
2019-07-16 17:40:00	56.8401	17.65137	11	0	9	0	0	0.005	13.9	16	1008	25	3	0.3	235	-1300	315	0	0	1	0	0	0	0	1	94	1	6		
2019-07-16 18:00:00	56.83821	17.64525	11	0	10	0	0	0.005	14	16	1008	25	1	0.4	240	-1500	315	0	0	0	1	0	0	0	1	100	1	0		
2019-07-16 18:20:00	56.83644	17.63958	12	0	11	0	0	0.005	14.1	16	1008	25	1	0.3	241	-1600	315	0	0	0	0	1	0	0	1	99	2	0		
2019-07-16 18:40:00	56.83503	17.63409	12	0	12	0	0	0.005	14	16	1008	25	1	0.3	244	-1700	315	0	0	0	0	0	1	0	1	97	4	0		
2019-07-16 19:00:00	56.83395	17.63043	11	0	13	0	0	0.005	14	16	1009	25	1	0.2	242	-1800	315	0	0	0	0	0	0	0	1	88	13	0		
2019-07-16 19:20:00	56.83485	17.62632	12	0	14	0	0	0.005	14	16	1009	25	1	0.2	292	-1700	315	0	0	0	0	0	0	0	1	95	6	0		
2019-07-16 19:40:00	56.83647	17.619	11	0	15	0	0	0.005	14	16	1009	25	1	0.4	292	-1400	315	0	0	0	0	0	0	0	1	100	0	0		
2019-07-16 20:00:00	56.8395	17.60889	40	0	16	0	0	0.005	14	16	1009	25	1	0.6	299	-1000	315	0	0	0	0	0	0	0	1	100	0	0		
2019-07-16 20:20:00	56.84325	17.59845	12	0	17	0	0	0.005	14	16	1010	25	1	0.6	303	-500	315	0	0	0	0	0	0	0	1	100	0	0		
2019-07-16 20:40:00	56.84787	17.58744	11	0	18	0	0	0.005	14	16	1010	25	1	0.7	308	100	315	0	0	0	0	0	0	1	1	100	0	0		
2019-07-16 21:20:00	56.84679	17.56167	11	0	20	0	0	0.005	13.9	16	1010	25	3	0.9	238	900	315	2	3	0	0	0	0	1	1	100	0	0		
2019-07-16 21:40:00	56.83611	17.57511	11	0	21	0	0	0.005	13.9	16	1010	25	1	1.2	145	-1100	20	0	2	3	0	0	0	0	1	4	0	97		
2019-07-16 22:00:00	56.83962	17.56467	12	0	22	0	0	0.005	13.9	16	1010	25	1	0.6	302	-1100	20	1	0	2	3	0	0	0	1	98	0	3		
2019-07-16 22:20:00	56.8386	17.57892	12	0	23	0	4	0.005	13.9	16	1010	25	1	0.7	98	-300	20	1	1	0	2	3	0	0	1	4	1	96		
2019-07-16 22:40:00	56.83758	17.59638	41	0	24	0	1	0.005	13.9	16	1010	25	1	0.9	96	-400	20	1	1	1	0	2	3	0	1	0	2	99		
2019-07-16 23:00:00	56.83671	17.6124	12	0	25	0	0	0.005	13.9	16	1010	25	1	0.8	96	-500	20	1	1	1	1	0	2	0	1	0	3	98		
2019-07-16 23:20:00	56.83521	17.62875	12	0	26	0	0	0.005	13.9	16	1010	25	1	0.8	100	-500	20	1	1	1	1	1	0	0	1	0	1	100		
2019-07-16 23:40:00	56.8329	17.64429	11	0	27	0	0	0.005	13.9	17	1010	25	1	0.8	105	-400	20	1	1	1	1	1	1	0	1	0	0	100		
2019-07-17 00:00:00	56.83059	17.65914	12	0	28	0	0	0.005	13.9	16	1010	25	1	0.8	106	-400	20	1	1	1	1	1	1	0	1	0	1	100		
2019-07-17 00:20:00	56.82759	17.67318	13	0	29	0	0	0.005	13.9	16	1011	25	1	0.8	111	-200	20	1	1	1	1	1	1	0	1	0	1	100		
2019-07-17 00:40:00	56.82474	17.68614	11	0	0	0	0	0.005	13.9	16	1011	25	2	0.7	112	0	20	1	1	1	1	1	1	0	1	0	1	100		
2019-07-17 01:00:00	56.82234	17.70084	41	0	1	0	0	0.005	13.8	16	1011	25	1	0.8	107	100	20	1	1	1	1	1	1	0	1	0	1	100		
2019-07-17 01:20:00	56.81874	17.71308	12	0	2	0	0	0.005	13.8	16	1011	25	1	0.7	118	300	20	1	1	1	1	1	1	0	1	0	3	98		
2019-07-17 01:40:00	56.81604	17.72502	11	0	3	0	0	0.005	13.8	16	1011	25	1	0.7	112	500	20	1	1	1	1	1	1	0	1	0	1	100		
2019-07-17 02:00:00	56.81325	17.73657	13	0	4	0	0	0.005	13.8	16	1011	25	1	0.6	114	600	20	1	1	1	1	1	1	0	1	0	2	99		
2019-07-17 02:20:00	56.81145	17.74635	13	0	5	0	0	0.005	13.8	16	1011	25	1	0.5	109	700	20	1	1	1	1	1	1	0	1	0	3	98		
2019-07-17 02:40:00	56.80923	17.75586	13	0	6	0	0	0.005	13.8	16	1011	25	1	0.5	113	800	20	1	1	1	1	1	1	0	1	0	1	100		
2019-07-17 03:00:00	56.80761	17.76558	41	0	7	0	0	0.005	13.9	16	1011	25	1	0.5	107	900	20	1	1	1	1	1	1	0	1	0	1	100		
2019-07-17 03:20:00	56.80512	17.77479	12	0	8	0	0	0.005	14	16	1011	25	1	0.5	116	1100	20	1	1	1	1	1	1	0	1	0	1	100		
2019-07-17 03:40:00	56.80353	17.78427	11	0	9	0	0	0.005	14	16	1011	25	1	0.5	107	1100	20	1	1	1	1	1	1	0	1	0	0	100		
2019-07-17 04:00:00	56.80251	17.79471	12	0	10	0	0	0.005	14	16	1011	25	1	0.5	100	1100	20	1	1	1	1	1	1	0	1	0	0	100		
2019-07-17 04:20:00	56.80242	17.80518	12	0	11	0	0	0.005	14	16	1011	25	1	0.5	91	1000	20	1	1	1	1	1	1	0	1	0	0	100		
2019-07-17 04:40:00	56.80314	17.81529	15	0	12	0	0	0.005	14	16	1011	25	1	0.5	83	800	20	1	1	1	1	1	1	0	1	0	0	100		
2019-07-17 05:00:00	56.8035	17.8254	41	0	13	0	0	0.005	14	16	1011	25	1	0.5	86	700	20	1	1	1	1	1	1	0	1	0	1	100		
2019-07-17 05:20:00	56.80383	17.83635	12	0	14	0	0	0.005	14	16	1011	25	1	0.6	87	500	20	1	1	1	1	1	1	0	1	0	1	100		
2019-07-17 05:40:00	56.80551	17.84712	12	0	15	0	0	0.005	13.9	16	1011	25	3	0.6	74	200	20	1	1	1	1	1	1	0	1	0	1	100		
2019-07-17 06:00:00	56.80734	17.8593	11	0	16	0	0	0.005	13.9	16	1012	25	2	0.6	75	-200	20	1	1	1	1	1	1	0	1	0	0	100		
2019-07-17 06:20:00	56.80947	17.87151	12	0	17	0	0	0.005	13.9	16	1012	25	3	0.6	72	-500	20	1	1	1	1	1	1	0	1	0	0	100		
2019-07-17 06:40:00	56.81151	17.88384	12	0	18	0	0	0.005	13.9	16	1011	25	2	0.7	73	-900	20	1	1	1	1	1	1	0	1	0	1	100		
2019-07-17 07:00:00	56.81391	17.8959	13	0	19	0	0	0.005	13.9	16	1012	25	1	0.6	70	-1300	20	2	1	1	1	1	1	0	1	0	1	100		
2019-07-17 07:20:00	56.80836	17.90967	12	0	20	0	0	0.005	13.9	16	1012	25	1	0.9	126	-900	20	1	2	1	1	1	1	0	1	0	0	100		
2019-07-17 07:40:00	56.81091	17.92158	41	0	21	0	0	0.005	13.9	16	1012	25	1	0.6	69	-1300	20	2	1	2	1	1	1	0	1	0	0	100		
2019-07-17 08:00:00	56.80671	17.93499	12	0	22	0	0	0.005	13.9	16	1012	25	1	0.8	120	-1000	20	1	2	1	2	1	1	0	1	0	0	100		
2019-07-17 08:20:00	56.80968	17.94645	12	0	23	0	0	0.005	13.9	16	1012	25	1	0.6	65	-1400	20	2	1	2	1	2	1	0	1	0	1	100		
2019-07-17 08:40:00	56.80584	17.96157	12	0	24	0	0	0.005	13.9	16	1012	25	1	0.8	115	-1200	20	2	2	1	2	1	2	0	1	0	0	100		
2019-07-17 09:00:00	56.80176	17.97756	12	0	25	0	0	0.005	13.9	16	1012	25	1	0.9	115	-900	20	1	2	2	1	2	1	0	1	0	0	100		
2019-07-17 09:20:00	56.80518	17.98869	13	0	26	0	0	0.005	13.9	16	1013	25	1	0.6	61	-1400	20	2	1	2	2	1	2	0	1	0	1	100		
2019-07-17 09:40:00	56.8014	18.00321	14	0	27	0	0	0.005	13.9	17	1012	25	1	0.8	116	-1200	20	2	2	1	2	2	1	0	1	0	0	100		
2019-07-17 10:00:00	56.7975	18.01731	40	0	28	0	0	0.005	13.9	17	1013	25	1	0.8	117	-900	20	1	2	2	1	2	2	0	1	0	0	100		
2019-07-17 10:20:00	56.80173	18.0279	12	0	29	0	0	0.005	13.9	17	1013	25	1	0.7	54	-1500	20	2	1	2	2	1	2	0	1	0	0	100		
2019-07-17 10:40:00	56.80122	18.04668	15	0	0	0	0	0.005	13.9	17	1013	25	1	0.9	93	-1700	20	2	2	1	2	2	1	0	1	0	0	100		
2019-07-17 11:00:00	56.80134	18.06594	13	0	1	0	0	0.005	13.8	17	1013	25	1	1	89	-1900	20	2	2	2	1	2	2	0	1	0	0	100		
2019-07-17 11:20:00	56.80194	18.08544	14	0	2	0	0	0.005	13.8	17	1012	25	1	1	87	-2200	20	2	2	2	2	1	2	0	1	0	0	100		
2019-07-17 11:40:00	56.80257	18.10527	41	0	3	0	0	0.005	13.8	17	1013	25	1	1	87	-2500	20	2	2	2	2	2	1	0	1	0	0	100		
2019-07-17 12:00:00	56.80371	18.1248	11	0	4	0	0	0.005	13.8	17	1013	25	1	1	84	-2900	20	2	2	2	2	2	2	0	1	0	0	100		
2019-07-17 13:00:00	56.80695	18.18657	11	0	7	0	0	0.005	13.9	18	1013	25	3	1.1	87	-4000	20	2	2	2	2	2	2	0	1	0	0	100		
2019-07-17 13:20:00	56.80731	18.20793	12	0	8	0	0	0.005	13.8	18	1013	25	1	1.1	88	-4300	20	2	2	2	2	2	2	0	1	0	0	100		
2019-07-17 13:40:00	56.80839	18.22902	11	0	9	0	0	0.005	13.8	18	1013	25	1	1.1	85	-4700	20	3	2	2	2	2	2	0	1	0	0	100		
2019-07-17 14:00:00	56.79495	18.22152	40	0	10	0	4	0.005	13.8	18	1013	25	1	1.3	197	-1600	320	0	3	2	2	2	2	0	1	98	0	3		
2019-07-17 14:20:00	56.79063	18.20505	12	0	11	0	1	0.005	13.9	18	1013	25	1	0.9	244	-1900	320	1	0	3	2	2	2	0	1	100	0	0		
2019-07-17 14:40:00	56.79438	18.21309	11	0	12	0	0	0.005	13.9	18	1013	25	1	0.5	50	-1500	330	0	1	0	3	2	2	0	1	4	1	96		
2019-07-17 15:00:00	56.79045	18.19932	12	0	13	0	0	0.005	13.9	18	1013	25	1	0.8	242	-1900	325	1	0	1	0	3	2	0	1	96	1	5		
2019-07-17 15:20:00	56.79354	18.20697	12	0	14	0	0	0.005	13.9	18	1013	25	1	0.5	54	-1500	330	0	1	0	1	0	3	0	1	4	0	97		
2019-07-17 15:40:00	56.78898	18.19563	12	0	15	0	0	0.005	13.9	18	1013	25	1	0.7	234	-2200	325	1	0	1	0	1	0	0	1	95	1	6		
2019-07-17 16:00:00	56.79222	18.2004	12	0	16	0	0	0.005	13.9	18	1013	25	1	0.4	39	-1700	320	1	1	0	1	0	1	0	1	5	2	95		
2019-07-17 16:40:00	56.80164	18.20913	12	0	18	0	0	0.005	13.9	18	1013	25	3	0.6	26	-600	320	1	1	1	1	0	1	0	1	0	0	100		
2019-07-17 17:00:00	56.80701	18.21345	12	0	19	0	0	0.005	13.9	18	1013	26	1	0.5	24	300	320	0	1	1	1	1	0	0	1	0	3	98		
2019-07-17 17:20:00	56.80152	18.20007	12	0	20	0	0	0.005	14	18	1013	25	1	0.8	233	-800	310	1	0	1	1	1	1	0	1	96	0	5		
2019-07-17 17:40:00	56.80548	18.20367	12	0	21	0	0	0.005	13.9	17	1013	26	1	0.4	26	-300	315	1	1	0	1	1	1	0	1	5	0	96		
2019-07-17 18:00:00	56.81013	18.20838	40	0	22	0	0	0.005	13.9	17	1013	26	1	0.5	29	300	315	0	1	1	0	1	1	0	1	0	1	100		
2019-07-17 18:20:00	56.80509	18.19665	12	0	23	0	0	0.005	13.9	17	1013	26	1	0.8	232	-600	315	1	0	1	1	0	1	0	1	95	1	6		
2019-07-17 18:40:00	56.80836	18.19998	12	0	24	0	0	0.005	13.9	17	1013	26	1	0.3	29	-200	315	1	1	0	1	1	0	0	1	5	1	95		
2019-07-17 19:00:00	56.81289	18.20229	11	0	25	0	0	0.005	14	17	1013	26	1	0.4	16	300	315	0	1	1	0	1	1	0	1	0	1	100		
2019-07-17 19:20:00	56.80923	18.19239	12	0	26	0	0	0.005	14	17	1013	26	1	0.6	236	-400	310	1	0	1	1	0	1	0	1	95	1	5		
2019-07-17 19:40:00	56.8122	18.19473	12	0	27	0	0	0.005	14	17	1013	26	1	0.3	23	-100	315	0	1	0	1	1	0	0	1	5	2	94		
2019-07-17 20:00:00	56.80875	18.18567	13	0	28	0	0	0.005	14	17	1013	26	1	0.6	235	-700	315	1	0	1	0	1	1	0	1	94	1	6		
2019-07-17 20:20:00	56.81139	18.1875	18	0	29	0	0	0.005	13.9	17	1013	26	1	0.3	21	-400	315	1	1	0	1	0	1	0	1	5	4	93		
2019-07-17 20:40:00	56.81478	18.18849	41	0	0	0	0	0.005	13.9	17	1013	26	2	0.3	9	-100	315	1	1	1	0	1	0	0	1	0	7	94		
2019-07-17 21:00:00	56.81814	18.18969	11	0	1	0	0	0.005	13.9	17	1013	26	2	0.3	11	200	315	0	1	1	1	0	1	0	1	0	9	92		
2019-07-17 21:20:00	56.8155	18.17964	12	0	2	0	0	0.005	13.9	17	1013	26	1	0.6	244	-400	315	1	0	1	1	1	0	0	1	94	2	6		
2019-07-17 21:40:00	56.81844	18.18138	12	0	3	0	0	0.005	13.9	17	1013	26	3	0.3	18	-100	320	0	1	0	1	1	1	0	1	6	3	93		
2019-07-17 22:00:00	56.81664	18.17181	12	0	4	0	0	0.005	13.9	17	1014	26	2	0.5	251	-600	320	0	0	1	0	1	1	0	1	91	2	8		
2019-07-17 22:20:00	56.81448	18.1605	13	0	5	0	0	0.005	13.9	17	1014	26	2	0.6	251	-1200	320	1	0	0	1	0	1	0	1	99	2	0		
2019-07-17 22:40:00	56.81739	18.16374	12	0	6	0	4	0.005	13.9	17	1014	26	1	0.3	31	-200	325	0	1	0	0	1	0	0	1	6	2	93		
2019-07-17 23:00:00	56.81595	18.15363	13	0	7	0	1	0.005	13.8	17	1014	26	1	0.5	255	-600	330	0	0	1	0	0	1	0	1	94	1	6		
2019-07-17 23:20:00	56.81538	18.14307	41	0	8	0	0	0.005	13.8	17	1014	26	1	0.5	264	-1000	330	0	0	0	1	0	0	0	1	100	0	0		
2019-07-17 23:40:00	56.81574	18.13353	11	0	9	0	0	0.005	13.8	17	1014	26	1	0.5	274	-1200	330	0	0	0	0	1	0	0	1	100	1	0		
2019-07-18 00:00:00	56.81616	18.12426	13	0	10	0	0	0.005	13.8	17	1014	26	1	0.5	275	-1400	330	0	0	0	0	0	1	0	1	96	5	0		
2019-07-18 00:20:00	56.81628	18.11553	12	0	11	0	0	0.005	13.8	16	1014	26	1	0.4	271	-1700	330	0	0	0	0	0	0	0	1	96	5	0		
2019-07-18 00:40:00	56.81613	18.10617	13	0	12	0	0	0.005	13.8	16	1014	26	1	0.5	269	-2000	330	0	0	0	0	0	0	0	1	100	1	0		
2019-07-18 01:00:00	56.81631	18.09705	12	0	13	0	0	0.005	13.8	16	1014	26	1	0.5	272	-2200	330	0	0	0	0	0	0	0	1	100	1	0		
2019-07-18 01:20:00	56.81715	18.08862	41	0	14	0	0	0.005	13.8	16	1013	26	1	0.4	280	-2400	330	0	0	0	0	0	0	0	1	98	3	0		
2019-07-18 01:40:00	56.81811	18.07998	11	0	15	0	0	0.005	13.8	16	1013	26	2	0.5	282	-2500	330	0	0	0	0	0	0	0	1	100	0	0		
2019-07-18 02:00:00	56.81949	18.072	12	0	16	0	0	0.005	13.8	16	1013	26	1	0.4	288	-2600	330	0	0	0	0	0	0	0	1	98	3	0		
2019-07-18 02:20:00	56.82141	18.06303	11	0	17	0	0	0.005	13.8	16	1013	26	1	0.5	291	-2700	330	1	0	0	0	0	0	0	1	100	0	0		
2019-07-18 02:40:00	56.82336	18.06912	13	0	18	0	0	0.005	13.8	16	1013	26	1	0.4	60	-2300	360	0	1	0	0	0	0	0	1	6	2	93		
2019-07-18 03:00:00	56.8257	18.06243	12	0	19	0	0	0.005	13.9	16	1014	26	1	0.4	303	-2300	5	0	0	1	0	0	0	0	1	93	1	7		
2019-07-18 03:20:00	56.82873	18.05607	13	0	20	0	0	0.005	14.1	16	1013	26	1	0.4	311	-2200	5	0	0	0	1	0	0	0	1	99	2	0		
2019-07-18 03:40:00	56.83182	18.05058	11	0	21	0	0	0.005	14	16	1014	26	1	0.4	316	-2100	5	0	0	0	0	1	0	0	1	96	5	0		
2019-07-18 04:00:00	56.83515	18.04644	40	0	22	0	0	0.005	14	17	1014	26	1	0.4	326	-1900	5	0	0	0	0	0	1	0	1	98	3	0		
2019-07-18 04:20:00	56.83794	18.04239	11	0	23	0	0	0.005	14	17	1014	26	1	0.3	322	-1700	5	0	0	0	0	0	0	0	1	95	6	0		
2019-07-18 04:40:00	56.84133	18.03804	12	0	24	0	0	0.005	13.9	17	1014	25	1	0.4	325	-1500	5	0	0	0	0	0	0	0	1	99	2	0		
2019-07-18 05:00:00	56.84484	18.03456	12	0	25	0	0	0.005	13.9	17	1014	25	1	0.4	331	-1300	5	0	0	0	0	0	0	0	1	99	2	0		
2019-07-18 05:20:00	56.84796	18.03126	12	0	26	0	0	0.005	13.9	18	1014	25	1	0.3	330	-1000	5	0	0	0	0	0	0	0	1	99	2	0		
2019-07-18 05:40:00	56.85123	18.02733	11	0	27	0	0	0.005	13.9	18	1014	25	1	0.4	326	-800	5	0	0	0	0	0	0	0	1	98	3	0		
2019-07-18 06:00:00	56.8542	18.02376	11	0	28	0	0	0.005	13.9	18	1014	25	1	0.3	327	-700	5	0	0	0	0	0	0	0	1	99	2	0		
2019-07-18 06:20:00	56.85651	18.01929	11	0	29	0	0	0.005	13.9	19	1014	25	3	0.3	314	-600	5	0	0	0	0	0	0	0	1	89	3	9		
2019-07-18 06:40:00	56.85918	18.01425	11	0	0	0	0	0.005	13.9	19	1014	25	1	0.4	314	-400	5	0	0	0	0	0	0	0	1	100	1	0		
2019-07-18 07:00:00	56.86248	18.009	11	0	1	0	0	0.005	13.9	19	1014	25	2	0.4	319	-300	5	0	0	0	0	0	0	0	1	100	0	0		
2019-07-18 07:20:00	56.86518	18.00309	12	0	2	0	0	0.005	13.9	20	1014	25	1	0.4	310	-200	5	0	0	0	0	0	0	0	1	100	0	0		
2019-07-18 07:40:00	56.86692	17.99598	41	0	3	0	0	0.005	13.9	20	1014	25	1	0.4	294	-200	5	0	0	0	0	0	0	0	1	100	0	0		
2019-07-18 08:00:00	56.86755	17.9898	11	0	4	0	0	0.005	13.9	20	1014	25	1	0.3	281	-300	5	0	0	0	0	0	0	0	1	100	0	0		
2019-07-18 08:20:00	56.8683	17.9859	12	0	5	0	0	0.005	13.9	21	1014	25	1	0.2	289	-400	5	0	0	0	0	0	0	0	1	100	1	0		
2019-07-18 08:40:00	56.86827	17.98263	11	0	6	0	0	0.005	13.9	21	1014	25	1	0.2	269	-500	5	0	0	0	0	0	0	0	1	100	0	0		
2019-07-18 09:00:00	56.86803	17.97918	11	0	7	0	0	0.005	13.9	21	1015	25	1	0.2	263	-600	5	0	0	0	0	0	0	0	1	100	1	0		
2019-07-18 09:20:00	56.86677	17.97759	11	0	8	0	0	0.005	13.9	22	1014	25	1	0.1	214	-800	5	1	0	0	0	0	0	0	1	100	0	0		
2019-07-18 09:40:00	56.86851	17.98059	12	0	9	0	0	0.005	13.9	22	1015	25	1	0.2	43	-500	310	0	1	0	0	0	0	0	1	34	1	66		
2019-07-18 10:00:00	56.86845	17.98143	40	0	10	0	0	0.005	13.9	22	1015	25	1	0	95	-500	305	0	0	1	0	0	0	0	1	92	2	8		
2019-07-18 10:20:00	56.86746	17.98224	13	0	11	0	0	0.005	13.9	22	1015	25	3	0.1	156	-600	305	1	0	0	1	0	0	0	1	100	0	0		
2019-07-18 10:40:00	56.8698	17.98698	12	0	12	0	0	0.005	13.9	22	1015	25	3	0.3	48	-200	300	0	1	0	0	1	0	0	1	12	0	89		
2019-07-18 11:00:00	56.86947	17.99106	12	0	13	0	0	0.005	13.9	23	1014	25	2	0.2	99	-100	275	1	0	1	0	0	1	0	1	97	1	3		
2019-07-18 11:20:00	56.87514	17.99709	11	0	14	0	0	0.005	13.9	23	1015	25	1	0.6	30	600	280	1	1	0	1	0	0	0	1	11	0	90		
2019-07-18 11:40:00	56.88147	17.99991	12	0	15	0	0	0.005	13.9	24	1014	25	1	0.6	14	1300	280	1	1	1	0	1	0	0	1	0	0	100		
2019-07-18 12:00:00	56.88801	18.0003	12	0	16	0	0	0.005	13.9	24	1015	25	1	0.6	2	2000	280	1	1	1	1	0	1	0	1	0	0	100		
2019-07-18 12:20:00	56.89428	18.00198	12	0	17	0	0	0.005	13.9	24	1015	25	2	0.6	8	2600	280	1	1	1	1	1	0	0	1	0	0	100		
2019-07-18 12:40:00	56.90007	18.00672	13	0	18	0	4	0.005	13.9	24	1015	25	1	0.6	24	1100	280	1	1	1	1	1	1	0	1	0	1	100		
2019-07-18 13:00:00	56.90637	18.00876	41	0	19	0	1	0.005	13.9	24	1015	25	1	0.6	10	1500	280	1	1	1	1	1	1	0	1	0	0	100		
2019-07-18 13:20:00	56.91186	18.01035	12	0	20	0	0	0.005	13.9	24	1014	25	2	0.5	9	2000	280	1	1	1	1	1	1	0	1	0	0	100		
2019-07-18 13:40:00	56.91759	18.01176	11	0	21	0	0	0.005	13.9	24	1015	25	3	0.5	8	2400	280	1	1	1	1	1	1	0	1	0	0	100		
2019-07-18 14:00:00	56.9217	18.01593	12	0	22	0	0	0.005	13.9	24	1015	25	1	0.4	29	2800	280	1	1	1	1	1	1	0	1	0	0	100		
2019-07-18 14:20:00	56.92641	18.01725	12	0	23	0	0	0.005	13.9	24	1015	25	1	0.4	9	3200	280	1	1	1	1	1	1	0	1	0	1	100		
2019-07-18 14:40:00	56.93055	18.01497	12	0	24	0	0	0.005	13.9	24	1014	25	1	0.4	343	3300	280	1	1	1	1	1	1	0	1	0	0	100		
2019-07-18 15:00:00	56.93436	18.01269	13	0	25	0	0	0.005	13.9	23	1014	25	1	0.4	342	3400	280	1	1	1	1	1	1	0	1	0	0	100		
2019-07-18 15:20:00	56.93841	18.01053	12	0	26	0	0	0.005	13.9	23	1014	26	1	0.4	344	3600	280	1	1	1	1	1	1	0	1	0	0	100		
2019-07-18 15:40:00	56.94282	18.00786	13	0	27	0	0	0.005	13.9	23	1014	26	1	0.4	342	3700	280	0	1	1	1	1	1	0	1	0	0	100		
2019-07-18 16:00:00	56.94192	18.01101	40	0	28	0	0	0.005	13.9	22	1014	26	1	0.2	118	3800	240	1	0	1	1	1	1	0	1	91	0	10		
2019-07-18 16:20:00	56.94528	18.00996	12	0	29	0	0	0.005	13.9	22	1014	26	2	0.3	350	4000	245	1	1	0	1	1	1	0	1	11	0	90		
2019-07-18 16:40:00	56.94837	18.0072	11	0	0	0	0	0.005	13.9	22	1014	26	1	0.3	334	4000	245	1	1	1	0	1	1	0	1	0	0	100		
2019-07-18 17:00:00	56.95122	18.00345	12	0	1	0	0	0.005	14	21	1014	26	2	0.3	324	4000	245	1	1	1	1	0	1	0	1	0	1	100		
2019-07-18 17:20:00	56.95359	17.9985	12	0	2	0	0	0.005	13.9	21	1014	26	1	0.3	311	3900	245	1	1	1	1	1	0	0	1	0	0	100		
2019-07-18 17:40:00	56.9556	17.99352	11	0	3	0	0	0.005	13.9	20	1014	26	1	0.3	307	3700	245	1	1	1	1	1	1	0	1	0	0	100		
2019-07-18 18:00:00	56.95782	17.98809	12	0	4	0	0	0.005	13.9	20	1014	26	1	0.3	307	3600	245	1	1	1	1	1	1	0	1	0	0	100		
2019-07-18 18:20:00	56.95989	17.98248	12	0	5	0	0	0.005	13.9	19	1014	26	1	0.3	304	3400	245	1	1	1	1	1	1	0	1	0	0	100		
2019-07-18 18:40:00	56.96202	17.97783	12	0	6	0	0	0.005	13.9	19	1014	26	1	0.3	310	3300	245	1	1	1	1	1	1	0	1	0	1	100		
2019-07-18 19:00:00	56.96394	17.9736	13	0	7	0	0	0.005	13.9	19	1014	26	1	0.3	310	3200	245	1	1	1	1	1	1	0	1	0	1	100		
2019-07-18 19:20:00	56.96601	17.9706	12	0	8	0	0	0.005	13.9	19	1014	26	1	0.2	322	3200	245	1	1	1	1	1	1	0	1	0	5	96		
2019-07-18 19:40:00	56.9679	17.96856	12	0	9	0	0	0.005	13.9	18	1014	26	3	0.2	330	3200	245	1	1	1	1	1	1	0	1	6	4	92		
2019-07-18 20:00:00	56.97039	17.96733	40	0	10	0	0	0.005	13.9	18	1014	26	1	0.2	345	3300	245	1	1	1	1	1	1	0	1	1	4	96		
2019-07-18 20:20:00	56.973	17.96646	11	0	11	0	0	0.005	13.9	18	1014	26	1	0.3	350	3400	245	1	1	1	1	1	1	0	1	12	6	84		
2019-07-18 20:40:00	56.97543	17.96436	12	0	12	0	0	0.005	13.8	18	1014	26	3	0.2	335	3500	245	1	1	1	1	1	1	0	1	0	0	100		
2019-07-18 21:00:00	56.97735	17.96199	12	0	13	0	0	0.005	13.8	18	1014	26	1	0.2	326	3500	245	1	1	1	1	1	1	0	1	0	2	99		
2019-07-18 21:20:00	56.98008	17.95905	11	0	14	0	0	0.005	13.8	18	1014	26	1	0.3	329	3500	245	1	1	1	1	1	1	0	1	0	3	98		
2019-07-18 21:40:00	56.98323	17.95611	12	0	15	0	0	0.005	13.8	18	1014	26	1	0.3	333	3500	245	1	1	1	1	1	1	0	1	0	0	100		
2019-07-18 22:00:00	56.98638	17.95263	12	0	16	0	4	0.005	13.8	18	1014	26	1	0.3	329	-700	245	2	1	1	1	1	1	0	1	0	0	100		
2019-07-18 22:20:00	56.99244	17.95212	13	0	17	0	1	0.005	13.8	17	1014	26	1	0.6	357	-1000	245	2	2	1	1	1	1	0	1	0	0	100		
2019-07-18 22:40:00	56.99985	17.95368	41	0	18	0	0	0.005	13.8	17	1015	26	1	0.7	6	-1300	245	2	2	2	1	1	1	0	1	0	0	100		
2019-07-18 23:00:00	57.00606	17.95584	12	0	19	0	0	0.005	13.8	17	1014	26	2	0.6	11	-1400	245	2	2	2	2	1	1	0	1	0	1	100		
2019-07-18 23:20:00	57.0123	17.95836	11	0	20	0	0	0.005	13.8	17	1014	26	1	0.6	12	-1600	245	2	2	2	2	2	1	0	1	0	0	100		
2019-07-18 23:40:00	57.01749	17.95992	11	0	21	0	0	0.005	13.8	17	1014	26	1	0.5	9	-1800	245	2	2	2	2	2	2	0	1	0	3	98		
2019-07-19 00:00:00	57.02262	17.95968	13	0	22	0	0	0.005	13.8	17	1014	26	2	0.5	358	-2000	245	2	2	2	2	2	2	0	1	0	3	98		
2019-07-19 00:20:00	57.02859	17.95824	12	0	23	0	0	0.005	13.8	17	1014	26	1	0.6	353	-2400	245	2	2	2	2	2	2	0	1	0	1	100		
2019-07-19 00:40:00	57.03429	17.95536	13	0	24	0	0	0.005	13.7	17	1014	26	3	0.5	345	-2800	245	2	2	2	2	2	2	0	1	0	1	100		
2019-07-19 01:00:00	57.03909	17.95077	14	0	25	0	0	0.005	13.8	17	1014	26	1	0.5	332	-3300	245	3	2	2	2	2	2	0	1	0	4	97		
2019-07-19 01:20:00	57.04134	17.95548	41	0	26	0	0	0.005	13.7	17	1014	26	1	0.3	49	-3200	205	3	3	2	2	2	2	0	1	91	1	9		
2019-07-19 01:40:00	57.04572	17.95605	12	0	27	0	0	0.005	13.7	18	1014	26	3	0.4	4	-3400	205	3	3	3	2	2	2	0	1	87	4	11		
2019-07-19 02:00:00	57.05043	17.95962	13	0	28	0	0	0.005	13.7	17	1014	26	1	0.5	23	-3400	205	3	3	3	3	2	2	0	1	97	0	4		
2019-07-19 02:20:00	57.05562	17.96337	11	0	29	0	0	0.005	13.7	17	1014	26	1	0.5	21	-3400	205	3	3	3	3	3	2	0	1	96	1	5		
2019-07-19 02:40:00	57.06126	17.96283	12	0	0	0	0	0.005	13.7	17	1015	26	1	0.5	357	-3800	205	3	3	3	3	3	3	0	1	67	3	32		
2019-07-19 03:00:00	57.06648	17.96808	13	0	1	0	0	0.005	13.7	17	1015	26	1	0.5	29	-3700	205	3	3	3	3	3	3	0	1	94	1	6		
2019-07-19 03:20:00	57.07215	17.97057	12	0	2	0	0	0.005	13.9	17	1015	26	1	0.5	13	-3900	205	3	3	3	3	3	3	0	1	95	1	5		
2019-07-19 03:40:00	57.07824	17.97357	13	0	3	0	0	0.005	14.1	17	1015	26	1	0.6	15	-4000	205	3	3	3	3	3	3	0	1	100	0	0		
2019-07-19 05:00:00	57.09921	17.99622	12	0	7	0	0	0.005	13.9	18	1015	26	3	0.6	43	-3800	205	3	3	3	3	3	3	0	1	100	0	0		
2019-07-19 05:20:00	57.10404	18.00486	12	0	8	0	4	0.005	13.9	18	1015	26	2	0.6	44	1500	205	2	3	3	3	3	3	0	1	100	0	0		
2019-07-19 05:40:00	57.10971	18.00564	11	0	9	0	1	0.005	13.9	18	1015	26	1	0.5	4	1400	190	2	2	3	3	3	3	0	1	3	1	97		
2019-07-19 06:00:00	57.11379	18.00369	11	0	10	0	0	0.005	13.9	18	1015	26	2	0.4	345	1200	190	2	2	2	3	3	3	0	1	0	4	97		
2019-07-19 06:20:00	57.11787	18.00195	13	0	11	0	0	0.005	13.9	19	1015	26	1	0.4	347	1100	190	3	2	2	2	3	3	0	1	0	5	96		
2019-07-19 06:40:00	57.12033	18.00864	12	0	12	0	0	0.005	13.9	19	1015	26	1	0.4	56	1400	200	2	3	2	2	2	3	0	1	96	0	5		
2019-07-19 07:00:00	57.12348	18.01026	41	0	13	0	0	0.005	14	20	1015	25	1	0.3	15	1500	195	2	2	3	2	2	2	0	1	3	10	88		
2019-07-19 07:20:00	57.12639	18.00978	11	0	14	0	0	0.005	13.9	20	1015	25	1	0.3	355	1400	195	2	2	2	3	2	2	0	1	0	11	90		
2019-07-19 07:40:00	57.12969	18.0087	11	0	15	0	0	0.005	13.9	21	1015	25	1	0.3	350	1300	195	2	2	2	2	3	2	0	1	2	7	93		
2019-07-19 08:00:00	57.13236	18.00729	13	0	16	0	0	0.005	13.9	21	1015	25	1	0.3	344	1100	195	2	2	2	2	2	3	0	1	2	9	90		
2019-07-19 08:20:00	57.13497	18.00501	16	0	17	0	0	0.005	13.9	22	1015	25	1	0.3	335	1000	195	2	2	2	2	2	2	0	1	0	10	91		
2019-07-19 08:40:00	57.1389	18.00324	14	0	18	0	0	0.005	13.9	22	1015	25	1	0.4	346	800	195	2	2	2	2	2	2	0	1	0	3	98		
2019-07-19 09:00:00	57.14295	18.00267	41	0	19	0	0	0.005	13.9	23	1015	25	2	0.4	356	700	195	2	2	2	2	2	2	0	1	0	5	96		
2019-07-19 09:20:00	57.14655	18.00447	11	0	20	0	0	0.005	13.9	23	1015	25	1	0.4	15	700	195	2	2	2	2	2	2	0	1	0	3	98		
2019-07-19 09:40:00	57.15075	18.00729	11	0	21	0	0	0.005	13.9	24	1015	25	1	0.4	20	800	195	2	2	2	2	2	2	0	1	0	0	100		
2019-07-19 10:00:00	57.15495	18.01032	11	0	22	0	0	0.005	13.9	24	1015	25	1	0.4	21	1000	195	2	2	2	2	2	2	0	1	0	1	100		
2019-07-19 10:20:00	57.15969	18.01425	13	0	23	0	0	0.005	13.9	24	1015	25	1	0.5	24	1100	195	2	2	2	2	2	2	0	1	0	0	100		
2019-07-19 10:40:00	57.16533	18.01914	12	0	24	0	0	0.005	13.9	25	1015	25	1	0.6	25	1300	195	2	2	2	2	2	2	0	1	0	0	100		
2019-07-19 11:00:00	57.17175	18.02427	13	0	25	0	0	0.005	13.9	25	1015	25	1	0.6	23	1500	195	2	2	2	2	2	2	0	1	0	0	100		
2019-07-19 11:20:00	57.1782	18.03039	13	0	26	0	0	0.005	13.9	25	1015	25	2	0.7	27	1800	195	2	2	2	2	2	2	0	1	0	0	100		
2019-07-19 11:40:00	57.18516	18.03657	41	0	27	0	4	0.005	13.9	24	1015	25	1	0.7	26	1200	195	2	2	2	2	2	2	0	1	0	0	100		
2019-07-19 12:00:00	57.19224	18.04095	12	0	28	0	1	0.005	13.9	24	1015	25	1	0.7	19	1700	195	2	2	2	2	2	2	0	1	0	0	100		
2019-07-19 12:20:00	57.19938	18.04407	11	0	29	0	0	0.005	13.9	24	1015	25	1	0.7	13	2200	195	2	2	2	2	2	2	0	1	0	0	100		
2019-07-19 12:40:00	57.20667	18.04824	11	0	0	0	0	0.005	13.9	24	1015	26	1	0.7	17	2700	195	2	2	2	2	2	2	0	1	0	0	100		
2019-07-19 13:00:00	57.21417	18.05151	11	0	1	0	0	0.005	13.9	24	1015	25	1	0.7	13	3200	195	2	2	2	2	2	2	0	1	0	0	100		
2019-07-19 13:20:00	57.22179	18.05223	12	0	2	0	0	0.005	13.9	23	1015	26	1	0.7	3	3500	195	2	2	2	2	2	2	0	1	0	0	100		
2019-07-19 13:40:00	57.23004	18.05391	13	0	3	0	4	0.005	13.9	23	1015	26	1	0.8	6	1600	195	1	2	2	2	2	2	0	1	0	0	100		
2019-07-19 14:00:00	57.23289	18.04728	40	0	4	0	1	0.005	13.9	22	1015	26	1	0.4	309	1700	195	1	1	2	2	2	2	0	1	0	3	98		
2019-07-19 14:20:00	57.23529	18.0414	11	0	5	0	0	0.005	13.9	22	1015	26	1	0.4	307	1700	195	1	1	1	2	2	2	0	1	0	5	96		
2019-07-19 14:40:00	57.23808	18.03387	12	0	6	0	0	0.005	13.8	21	1015	26	1	0.5	304	1800	195	1	1	1	1	2	2	0	1	0	1	100		
2019-07-19 15:00:00	57.24045	18.02793	11	0	7	0	0	0.005	13.9	21	1015	26	2	0.4	307	1800	195	1	1	1	1	1	2	0	1	0	6	95		
2019-07-19 15:20:00	57.243	18.02205	13	0	8	0	0	0.005	13.9	20	1015	26	1	0.4	308	1900	195	1	1	1	1	1	1	0	1	0	3	98		
2019-07-19 15:40:00	57.24594	18.01707	12	0	9	0	0	0.005	13.9	20	1015	26	1	0.4	317	2000	195	1	1	1	1	1	1	0	1	0	6	95		
2019-07-19 16:00:00	57.24852	18.01284	11	0	10	0	0	0.005	13.9	20	1015	26	1	0.3	318	2100	195	1	1	1	1	1	1	0	1	0	7	94		
2019-07-19 16:20:00	57.25017	18.0084	11	0	11	0	4	0.005	13.9	20	1015	26	1	0.3	304	500	195	1	1	1	1	1	1	0	1	0	5	96		
2019-07-19 16:40:00	57.25146	18.00423	11	0	12	0	1	0.005	14	19	1015	26	1	0.2	300	600	195	1	1	1	1	1	1	0	1	0	8	93		
2019-07-19 17:00:00	57.25347	17.99868	12	0	13	0	0	0.005	14	19	1015	26	1	0.3	304	800	195	1	1	1	1	1	1	0	1	0	5	96		
2019-07-19 17:20:00	57.25503	17.99478	13	0	14	0	0	0.005	14	19	1015	26	1	0.2	306	1000	195	1	1	1	1	1	1	0	1	0	9	92		
2019-07-19 17:40:00	57.25629	17.991	13	0	15	0	0	0.005	14	19	1015	26	1	0.2	302	1200	195	1	1	1	1	1	1	0	1	0	5	96		
2019-07-19 18:00:00	57.25869	17.99796	40	0	16	0	1	0.005	13.9	19	1015	26	1	0.4	58	1400	170	1	0	1	1	1	1	0	1	81	12	9		
2019-07-19 18:20:00	57.25911	18.00426	11	0	17	0	0	0.005	13.9	19	1015	26	2	0.3	83	1500	170	1	0	0	1	1	1	0	1	89	12	0		
2019-07-19 18:40:00	57.25863	18.01155	12	0	18	0	4	0.005	13.9	19	1015	26	2	0.4	97	-800	170	1	0	0	0	1	1	0	1	95	6	0		
2019-07-19 19:00:00	57.25911	18.00741	13	0	19	0	1	0.005	13.9	18	1015	26	1	0.2	282	-600	190	1	1	0	0	0	1	0	1	6	4	91		
2019-07-19 19:20:00	57.2592	18.00351	11	0	20	0	0	0.005	13.9	18	1015	26	1	0.2	272	-300	190	1	1	1	0	0	0	0	1	0	8	93		
2019-07-19 19:40:00	57.25947	17.99928	13	0	21	0	0	0.005	13.9	18	1015	26	1	0.2	277	100	190	1	1	1	1	0	0	0	1	0	7	94		
2019-07-19 20:00:00	57.2604	17.99364	41	0	22	0	0	0.005	13.9	18	1015	26	1	0.3	287	300	190	1	1	1	1	1	0	0	1	0	8	93		
2019-07-19 20:20:00	57.26193	17.98761	11	0	23	0	0	0.005	13.9	18	1015	26	1	0.3	295	700	190	1	1	1	1	1	1	0	1	0	8	93		
2019-07-19 20:40:00	57.26436	17.98107	11	0	24	0	0	0.005	13.9	18	1015	26	1	0.4	305	1100	190	1	1	1	1	1	1	0	1	0	10	91		
2019-07-19 21:20:00	57.26991	17.96697	11	0	26	0	0	0.005	13.9	18	1016	26	3	0.4	302	2100	190	1	1	1	1	1	1	0	1	0	4	97		
2019-07-19 21:25:00	57.27045	17.96499	12	0	27	0	1	0.005	13.9	18	1016	26	1	0.4	297	2200	190	1	1	1	1	1	1	0	1	0	1	43		
2019-07-19 21:30:00	57.27063	17.96574	12	0	28	0	1	0.005	13.9	18	1016	26	1	0.2	66	2200	195	1	0	1	1	1	1	0	1	27	1	14		
2019-07-19 21:40:00	57.2697	17.9673	11	0	0	0	0	0.005	13.8	18	1016	26	3	0.2	137	2100	195	0	0	0	0	1	1	0	1	28	0	0		
2019-07-19 21:45:00	57.2706	17.96634	13	0	1	0	1	0.005	13.8	18	1016	26	1	0.4	330	2200	235	0	1	0	0	0	1	0	1	14	0	29		
2019-07-19 21:50:00	57.27132	17.96394	12	0	2	0	0	0.005	13.8	18	1016	26	1	0.5	299	2300	235	0	1	1	0	0	0	0	1	0	1	42		
2019-07-19 21:55:00	57.27207	17.96169	13	0	3	0	0	0.005	13.8	18	1016	26	1	0.5	301	2500	235	0	1	1	1	0	0	0	1	0	3	41		
2019-07-19 22:00:00	57.27282	17.95929	13	0	4	0	0	0.005	13.8	18	1016	26	2	0.6	301	2600	235	0	1	1	1	1	0	0	1	0	0	35		
2019-07-19 22:05:00	57.27396	17.95737	13	0	5	0	0	0.005	13.8	18	1016	26	1	0.6	317	2800	235	0	1	1	1	1	1	0	1	0	4	40		
2019-07-19 22:10:00	57.27483	17.95545	13	0	6	0	0	0.005	13.8	18	1015	26	1	0.5	310	2900	235	0	1	1	1	1	1	0	1	0	8	35		
2019-07-19 22:15:00	57.27561	17.95335	13	0	7	0	0	0.005	13.8	18	1016	26	1	0.5	305	3100	235	0	1	1	1	1	1	0	1	0	4	40		
2019-07-19 22:20:00	57.27654	17.95152	11	0	8	0	0	0.005	13.8	18	1016	26	1	0.5	313	3200	235	0	1	1	1	1	1	0	1	0	7	37		
2019-07-19 22:25:00	57.27756	17.94951	13	0	9	0	0	0.005	13.8	18	1016	26	1	0.5	313	3400	235	0	1	1	1	1	1	0	1	0	9	35		
2019-07-19 22:30:00	57.27873	17.94741	14	0	10	0	0	0.005	13.8	18	1016	26	1	0.6	316	3600	235	0	1	1	1	1	1	0	1	0	7	36		
2019-07-19 22:35:00	57.27972	17.94522	13	0	11	0	0	0.005	13.8	18	1016	26	1	0.6	310	3700	235	0	1	1	1	1	1	0	1	0	5	39		
2019-07-19 22:40:00	57.28071	17.94297	13	0	12	0	0	0.005	13.8	18	1016	26	1	0.6	310	3900	235	0	1	1	1	1	1	0	1	0	3	40		
2019-07-19 22:45:00	57.28167	17.94087	12	0	13	0	0	0.005	13.8	18	1016	26	1	0.5	310	4100	235	0	1	1	1	1	1	0	1	0	2	42		
2019-07-19 22:50:00	57.28266	17.93889	12	0	14	0	0	0.005	13.8	18	1016	26	1	0.5	313	4200	235	0	1	1	1	1	1	0	1	0	3	37		
2019-07-19 22:55:00	57.28362	17.93697	14	0	15	0	0	0.005	13.8	18	1016	26	1	0.5	313	4400	235	0	1	1	1	1	1	0	1	0	0	44		
2019-07-19 23:00:00	57.28446	17.93508	40	0	16	0	0	0.005	13.8	18	1016	26	1	0.5	309	4500	235	0	1	1	1	1	1	0	1	0	2	42		
2019-07-19 23:05:00	57.28509	17.93376	12	0	17	0	0	0.005	13.8	18	1016	26	1	0.4	312	4600	235	0	1	1	1	1	1	0	1	0	6	31		
2019-07-19 23:10:00	57.28578	17.93235	11	0	18	0	0	0.005	13.8	18	1016	26	1	0.4	312	4700	235	0	1	1	1	1	1	0	1	0	5	38		
2019-07-19 23:15:00	57.28665	17.93145	13	0	19	0	0	0.005	13.7	18	1016	26	1	0.4	331	4800	235	0	1	1	1	1	1	0	1	0	9	35		
2019-07-19 23:20:00	57.28725	17.9304	12	0	20	0	0	0.005	13.7	18	1016	26	1	0.3	317	4900	235	0	1	1	1	1	1	0	1	0	4	40		
2019-07-19 23:25:00	57.28791	17.92896	13	0	21	0	0	0.005	13.7	18	1016	26	1	0.4	309	5000	235	0	1	1	1	1	1	0	1	0	3	40		
2019-07-19 23:30:00	57.28857	17.92746	12	0	22	0	0	0.005	13.7	18	1016	26	1	0.4	309	5100	235	0	1	1	1	1	1	0	1	0	5	39		
2019-07-19 23:35:00	57.28908	17.92611	13	0	23	0	0	0.005	13.7	18	1016	26	1	0.3	305	5200	235	0	1	1	1	1	1	0	1	0	5	39		
2019-07-19 23:40:00	57.28965	17.92473	11	0	24	0	0	0.005	13.7	18	1016	26	1	0.4	307	5300	235	0	1	1	1	1	1	0	1	0	2	38		
2019-07-19 23:45:00	57.29004	17.92359	12	0	25	0	0	0.005	13.7	18	1016	26	1	0.3	302	5400	235	0	1	1	1	1	1	0	1	0	10	34		
2019-07-19 23:50:00	57.29043	17.92194	13	0	26	0	4	0.005	13.7	18	1016	26	1	0.4	294	-200	235	2	1	1	1	1	1	0	1	0	5	39		
2019-07-19 23:55:00	57.29088	17.9202	12	0	27	0	0	0.005	13.7	18	1016	26	1	0.4	296	-300	235	2	1	1	1	1	1	0	1	0	4	40		
2019-07-20 00:00:00	57.29127	17.9184	12	0	28	0	0	0.005	13.7	18	1016	26	1	0.4	292	-400	235	2	1	1	1	1	1	0	1	0	2	42		
2019-07-20 00:05:00	57.29178	17.9166	12	0	29	0	0	0.005	13.7	18	1016	26	1	0.4	298	-500	235	2	1	1	1	1	1	0	1	0	6	36		
2019-07-20 00:10:00	57.29232	17.91447	12	0	0	0	0	0.005	13.7	18	1016	26	1	0.5	295	-600	235	2	1	1	1	1	1	0	1	0	2	42		
2019-07-20 00:15:00	57.29277	17.91252	12	0	1	0	0	0.005	13.7	18	1016	26	1	0.4	294	-700	235	2	1	1	1	1	1	0	1	0	3	40		
2019-07-20 00:20:00	57.29349	17.91075	12	0	2	0	2	0.005	13.7	18	1016	26	1	0.4	307	-800	235	2	2	1	1	1	1	0	1	0	2	41		
2019-07-20 00:30:00	57.29589	17.90742	13	0	3	0	0	0.005	13.7	18	1015	26	1	0.6	323	-1000	235	2	2	2	1	1	1	0	1	1	9	91		
2019-07-20 00:40:00	57.29865	17.90388	11	0	4	0	0	0.005	13.7	18	1016	26	1	0.6	325	-1100	235	2	2	2	2	1	1	0	1	0	5	96		
2019-07-20 00:50:00	57.30204	17.90079	12	0	5	0	0	0.005	13.7	18	1016	26	2	0.7	334	-1200	235	2	2	2	2	2	1	0	1	0	0	96		
2019-07-20 01:00:00	57.30507	17.89707	12	0	6	0	0	0.005	13.7	18	1016	26	2	0.7	326	-1400	235	2	2	2	2	2	2	0	1	0	3	93		
2019-07-20 01:10:00	57.30882	17.89455	12	0	7	0	0	0.005	13.7	18	1016	26	1	0.7	340	-1500	235	2	2	2	2	2	2	0	1	0	2	99		
2019-07-20 01:20:00	57.31299	17.89287	13	0	8	0	0	0.005	13.7	18	1016	26	1	0.8	348	-1500	235	2	2	2	2	2	2	0	1	0	0	100		
2019-07-20 01:30:00	57.31722	17.8911	12	0	9	0	0	0.005	13.7	18	1016	26	1	0.8	347	-1500	235	2	2	2	2	2	2	0	1	0	0	100		
2019-07-20 01:40:00	57.32148	17.88927	41	0	10	0	0	0.005	13.7	17	1016	26	1	0.8	347	-1500	235	2	2	2	2	2	2	0	1	0	1	100		
2019-07-20 01:50:00	57.32496	17.88762	12	0	11	0	0	0.005	13.7	18	1016	26	2	0.7	346	-1600	235	2	2	2	2	2	2	0	1	0	7	85		
2019-07-20 02:00:00	57.32901	17.88573	11	0	12	0	0	0.005	13.7	18	1016	26	2	0.8	346	-1600	235	2	2	2	2	2	2	0	1	0	1	95		
2019-07-20 02:10:00	57.3333	17.88318	12	0	13	0	4	0.005	13.7	18	1016	26	1	0.8	342	1000	235	0	2	2	2	2	2	0	1	0	0	100		
2019-07-20 02:20:00	57.33378	17.88681	12	0	14	0	1	0.005	13.7	18	1016	26	1	0.4	76	1000	235	1	0	2	2	2	2	0	1	96	0	5		
2019-07-20 02:30:00	57.3351	17.88258	12	0	15	0	0	0.005	13.6	18	1016	26	1	0.5	300	1200	190	1	1	0	2	2	2	0	1	9	3	89		
2019-07-20 02:40:00	57.336	17.87787	12	0	16	0	0	0.005	13.7	18	1016	26	1	0.5	290	1400	190	1	1	1	0	2	2	0	1	0	5	96		
2019-07-20 02:50:00	57.33702	17.87253	12	0	17	0	0	0.005	13.7	18	1016	26	1	0.6	289	1600	190	1	1	1	1	0	2	0	1	0	2	99		
2019-07-20 03:00:00	57.33783	17.86767	11	0	18	0	0	0.005	13.7	18	1016	26	1	0.5	287	1900	190	1	1	1	1	1	0	0	1	0	7	94		
2019-07-20 03:10:00	57.33849	17.86296	12	0	19	0	0	0.005	13.7	18	1016	26	1	0.5	284	2100	190	1	1	1	1	1	1	0	1	0	4	97		
2019-07-20 03:20:00	57.33933	17.85786	13	0	20	0	0	0.005	13.8	18	1016	26	1	0.5	287	2400	190	1	1	1	1	1	1	0	1	0	4	97		
2019-07-20 03:30:00	57.33984	17.85339	13	0	21	0	0	0.005	13.9	18	1016	26	1	0.5	282	2600	190	1	1	1	1	1	1	0	1	0	10	91		
2019-07-20 03:40:00	57.34047	17.84871	12	0	22	0	0	0.005	14	18	1016	26	1	0.5	284	2800	190	1	1	1	1	1	1	0	1	0	4	97		
2019-07-20 03:50:00	57.34113	17.84403	12	0	23	0	0	0.005	14	18	1016	26	1	0.5	285	3000	190	1	1	1	1	1	1	0	1	0	6	95		
2019-07-20 04:00:00	57.34179	17.83953	40	0	24	0	0	0.005	14	18	1016	26	1	0.4	285	3200	190	1	1	1	1	1	1	0	1	0	4	97		
2019-07-20 04:10:00	57.3423	17.83524	12	0	25	0	0	0.005	14	18	1016	26	1	0.5	282	3400	190	0	1	1	1	1	1	0	1	0	5	93		
2019-07-20 04:20:00	57.3429	17.83827	12	0	26	0	0	0.005	14	18	1016	26	1	0.3	70	3400	180	1	0	1	1	1	1	0	1	89	0	12		
2019-07-20 04:30:00	57.34371	17.83479	11	0	27	0	0	0.005	13.9	18	1016	26	1	0.4	294	3600	185	1	1	0	1	1	1	0	1	12	0	89		
2019-07-20 04:40:00	57.34401	17.83098	13	0	28	0	0	0.005	13.9	18	1016	26	1	0.4	278	3700	185	1	1	1	0	1	1	0	1	0	6	95		
2019-07-20 04:50:00	57.34398	17.82726	12	0	29	0	0	0.005	13.9	18	1016	26	1	0.4	269	3900	185	1	1	1	1	0	1	0	1	0	13	88		
2019-07-20 05:00:00	57.34416	17.82282	12	0	0	0	0	0.005	13.9	18	1016	26	1	0.4	274	4100	185	1	1	1	1	1	0	0	1	0	2	98		
2019-07-20 05:10:00	57.34428	17.81883	12	0	1	0	0	0.005	13.9	18	1016	26	1	0.4	273	4200	185	1	1	1	1	1	1	0	1	0	5	96		
2019-07-20 05:20:00	57.34446	17.814	11	0	2	0	0	0.005	13.9	18	1016	26	1	0.5	274	4400	185	0	1	1	1	1	1	0	1	0	3	98		
2019-07-20 05:40:00	57.34539	17.82165	13	0	4	0	0	0.005	13.9	18	1016	26	3	0.4	88	4200	170	0	0	0	1	1	1	0	1	88	0	0		
2019-07-20 05:50:00	57.34569	17.82666	12	0	5	0	0	0.005	14.1	18	1016	26	1	0.5	83	4000	170	0	0	0	0	1	1	0	1	100	0	0		
2019-07-20 06:00:00	57.34599	17.83179	12	0	6	0	0	0.005	14	18	1017	26	1	0.5	84	3900	170	1	0	0	0	0	1	0	1	100	0	0		
2019-07-20 06:10:00	57.34695	17.82789	12	0	7	0	0	0.005	14	18	1017	26	1	0.4	295	4100	190	0	1	0	0	0	0	0	1	9	0	92		
2019-07-20 06:20:00	57.34755	17.83155	14	0	8	0	0	0.005	14	18	1017	26	1	0.4	73	4000	185	0	0	1	0	0	0	0	1	89	0	11		
2019-07-20 06:30:00	57.3474	17.83587	12	0	9	0	0	0.005	14	18	1017	26	1	0.4	94	3900	185	0	0	0	1	0	0	0	1	100	0	0		
2019-07-20 06:40:00	57.34737	17.83932	13	0	10	0	0	0.005	14	18	1017	26	1	0.3	91	3700	185	0	0	0	0	1	0	0	1	99	2	0		
2019-07-20 06:50:00	57.34734	17.84319	13	0	11	0	0	0.005	14	18	1017	26	1	0.4	91	3600	185	0	0	0	0	0	1	0	1	97	4	0		
2019-07-20 07:00:00	57.34758	17.84835	41	0	12	0	0	0.005	13.9	18	1017	26	1	0.5	85	3400	185	1	0	0	0	0	0	0	1	100	0	0		
2019-07-20 07:10:00	57.34854	17.84532	13	0	13	0	4	0.005	13.9	18	1017	26	1	0.4	300	0	190	3	1	0	0	0	0	0	1	10	2	84		
2019-07-20 07:20:00	57.35241	17.84892	13	0	14	0	0	0.005	13.9	18	1017	26	1	0.8	27	-300	190	3	3	1	0	0	0	0	1	90	0	11		
2019-07-20 07:30:00	57.35667	17.85276	12	0	15	0	0	0.005	13.9	19	1017	26	1	0.9	26	-600	190	3	3	3	1	0	0	0	1	100	0	0		
2019-07-20 07:40:00	57.36096	17.85522	12	0	16	0	0	0.005	13.9	19	1017	26	1	0.8	17	-900	190	3	3	3	3	1	0	0	1	88	1	12		
2019-07-20 07:50:00	57.36549	17.85816	12	0	17	0	0	0.005	13.9	19	1017	26	1	0.9	19	-1200	190	3	3	3	3	3	1	0	1	91	2	8		
2019-07-20 08:00:00	57.37056	17.85981	14	0	18	0	0	0.005	13.9	19	1017	26	1	0.9	10	-1600	190	3	3	3	3	3	3	0	1	100	0	0		
2019-07-20 08:10:00	57.37536	17.86275	12	0	19	0	0	0.005	13.9	20	1017	26	2	0.9	18	-2000	190	3	3	3	3	3	3	0	1	98	0	0		
2019-07-20 08:40:00	57.39114	17.86983	41	0	22	0	0	0.005	13.8	21	1017	25	3	1	19	-3200	190	0	3	3	3	3	3	0	1	89	0	0		
2019-07-20 08:50:00	57.39255	17.87379	12	0	23	0	0	0.005	13.9	21	1017	25	2	0.5	57	-3200	190	0	0	3	3	3	3	0	1	93	0	0		
2019-07-20 09:00:00	57.39288	17.87874	11	0	24	0	0	0.005	13.9	21	1017	25	1	0.5	83	-3100	190	3	0	0	3	3	3	0	1	99	2	0		
2019-07-20 09:10:00	57.39639	17.88351	12	0	25	0	0	0.005	13.9	21	1017	25	1	0.8	36	-3200	190	0	3	0	0	3	3	0	1	100	0	0		
2019-07-20 09:20:00	57.39693	17.88837	11	0	26	0	0	0.005	13.9	20	1017	25	1	0.5	78	-3100	190	0	0	3	0	0	3	0	1	99	2	0		
2019-07-20 09:40:00	57.40011	17.89611	12	0	28	0	0	0.005	13.9	20	1017	25	3	0.7	34	-3200	190	0	3	0	0	3	0	0	1	88	0	0		
2019-07-20 09:50:00	57.40047	17.9007	11	0	29	0	0	0.005	13.9	20	1018	26	1	0.5	81	-3000	190	0	0	3	0	0	3	0	1	100	0	0		
2019-07-20 10:00:00	57.40038	17.90637	13	0	0	0	0	0.005	13.8	20	1017	26	2	0.6	92	-2900	190	0	0	0	3	0	0	0	1	96	1	0		
2019-07-20 10:10:00	57.40005	17.91135	13	0	1	0	0	0.005	13.9	20	1017	26	1	0.5	97	-2700	190	0	0	0	0	3	0	0	1	100	0	0		
2019-07-20 10:20:00	57.39948	17.91594	14	0	2	0	0	0.005	13.9	20	1018	26	1	0.5	103	-2500	190	0	0	0	0	0	3	0	1	98	3	0		
2019-07-20 10:30:00	57.39876	17.92035	12	0	3	0	0	0.005	13.9	20	1018	26	1	0.5	107	-2200	190	0	0	0	0	0	0	0	1	99	2	0		
2019-07-20 10:40:00	57.39792	17.92515	12	0	4	0	0	0.005	13.9	20	1018	26	2	0.5	108	-2000	190	0	0	0	0	0	0	0	1	98	0	0		
2019-07-20 10:50:00	57.39723	17.93001	12	0	5	0	0	0.005	13.9	20	1018	26	1	0.5	105	-1800	190	0	0	0	0	0	0	0	1	98	3	0		
2019-07-20 11:00:00	57.39609	17.93481	12	0	6	0	0	0.005	13.9	20	1018	26	1	0.5	114	-1500	190	3	0	0	0	0	0	0	1	100	0	0		
2019-07-20 11:10:00	57.39825	17.9418	13	0	7	0	0	0.005	13.9	20	1018	26	1	0.8	60	-1500	190	0	3	0	0	0	0	0	1	100	0	0		
2019-07-20 11:20:00	57.39774	17.94765	14	0	8	0	0	0.005	13.9	20	1018	26	3	0.6	99	-1200	190	0	0	3	0	0	0	0	1	92	0	0		
2019-07-20 11:30:00	57.39588	17.95329	41	0	9	0	0	0.005	13.9	20	1018	26	1	0.6	121	-900	190	3	0	0	3	0	0	0	1	100	0	0		
2019-07-20 11:40:00	57.39762	17.96133	12	0	10	0	0	0.005	13.9	20	1018	26	1	0.9	68	-800	190	0	3	0	0	3	0	0	1	98	0	0		
2019-07-20 12:00:00	57.39432	17.97225	12	0	12	0	0	0.005	13.9	20	1018	26	3	0.6	123	-100	190	3	0	0	3	0	0	1	1	89	1	0		
2019-07-20 12:10:00	57.39585	17.97987	12	0	13	0	0	0.005	13.9	21	1018	26	1	0.8	70	-200	190	1	3	0	0	3	0	1	1	100	0	0		
2019-07-20 12:20:00	57.39654	17.97738	12	0	14	0	0	0.005	13.8	21	1018	26	1	0.3	297	-200	190	0	1	3	0	0	3	1	1	3	2	96		
2019-07-20 12:30:00	57.3957	17.98281	12	0	15	0	0	0.005	13.8	21	1018	26	1	0.6	106	300	200	1	0	1	3	0	0	1	1	89	1	11		
2019-07-20 12:40:00	57.39606	17.98119	13	0	16	0	0	0.005	13.8	21	1018	26	1	0.2	292	200	200	1	1	0	1	3	0	1	1	10	2	89		
2019-07-20 12:50:00	57.39624	17.97843	13	0	17	0	0	0.005	13.9	21	1018	26	1	0.3	277	-200	200	1	1	1	0	1	3	1	1	0	3	98		
2019-07-20 13:00:00	57.39684	17.97513	14	0	18	0	0	0.005	13.9	21	1018	26	1	0.3	289	-300	200	0	1	1	1	0	1	1	1	0	3	98		
2019-07-20 13:10:00	57.39561	17.98002	12	0	19	0	0	0.005	13.9	21	1018	26	1	0.5	115	200	200	1	0	1	1	1	0	1	1	90	1	10		
2019-07-20 13:20:00	57.39609	17.97837	13	0	20	0	0	0.005	13.9	21	1018	26	1	0.2	297	-100	205	1	1	0	1	1	1	1	1	10	3	88		
2019-07-20 13:30:00	57.39654	17.9754	13	0	21	0	0	0.005	13.9	21	1018	26	1	0.3	286	-200	205	0	1	1	0	1	1	1	1	0	1	100		
2019-07-20 13:40:00	57.39534	17.98077	14	0	22	0	0	0.005	13.9	21	1018	26	1	0.6	113	200	200	1	0	1	1	0	1	1	1	89	1	11		
2019-07-20 13:50:00	57.39603	17.9781	14	0	23	0	0	0.005	13.8	21	1018	26	1	0.3	296	-100	205	1	1	0	1	1	0	1	1	9	1	91		
2019-07-20 14:00:00	57.39687	17.97369	40	0	24	0	0	0.005	13.9	21	1018	26	1	0.4	290	-300	205	0	1	1	0	1	1	1	1	0	0	100		
2019-07-20 14:10:00	57.39546	17.97879	12	0	25	0	0	0.005	13.9	21	1018	26	1	0.6	117	-100	205	1	0	1	1	0	1	1	1	86	0	11		
2019-07-20 14:20:00	57.39615	17.97627	11	0	26	0	0	0.005	13.9	21	1017	26	1	0.3	296	-200	205	0	1	0	1	1	0	1	1	9	2	90		
2019-07-20 14:30:00	57.39444	17.98089	12	0	27	0	0	0.005	13.9	21	1018	26	1	0.6	124	200	210	1	0	1	0	1	1	1	1	90	0	11		
2019-07-20 14:40:00	57.39519	17.97771	11	0	28	0	0	0.005	13.9	20	1017	26	1	0.3	294	0	210	1	1	0	1	0	1	1	1	10	0	91		
2019-07-20 14:50:00	57.39609	17.97357	12	0	29	0	0	0.005	13.9	20	1017	26	1	0.4	292	-200	210	0	1	1	0	1	0	1	1	0	0	100		
2019-07-20 15:00:00	57.39468	17.97825	12	0	0	0	0	0.005	13.9	20	1017	26	1	0.5	119	0	205	2	0	1	1	0	1	1	1	93	0	8		
2019-07-20 15:10:00	57.39852	17.97753	12	0	1	0	0	0.005	13.8	20	1017	26	1	0.7	354	-400	205	0	2	0	1	1	0	1	1	9	0	92		
2019-07-20 15:20:00	57.39741	17.98326	12	0	2	0	0	0.005	13.9	20	1017	26	1	0.6	110	-400	205	1	0	2	0	1	1	1	1	95	1	5		
2019-07-20 15:30:00	57.39765	17.98041	12	0	3	0	0	0.005	13.9	20	1017	26	1	0.3	279	-300	195	1	1	0	2	0	1	1	1	11	2	88		
2019-07-20 15:40:00	57.39744	17.97636	12	0	4	0	0	0.005	13.9	20	1017	26	1	0.4	264	-300	195	0	1	1	0	2	0	1	1	0	1	100		
2019-07-20 15:50:00	57.39627	17.98017	11	0	5	0	0	0.005	13.9	20	1017	26	1	0.4	120	-200	195	1	0	1	1	0	2	1	1	87	1	13		
2019-07-20 16:00:00	57.39669	17.97717	13	0	6	0	0	0.005	13.9	20	1017	26	1	0.3	285	-200	205	0	1	0	1	1	0	1	1	8	0	93		
2019-07-20 16:10:00	57.39513	17.98281	12	0	7	0	0	0.005	14	20	1017	26	1	0.6	117	300	205	1	0	1	0	1	1	1	1	91	1	9		
2019-07-20 16:20:00	57.39564	17.97993	12	0	8	0	0	0.005	13.9	20	1017	26	1	0.3	288	200	205	1	1	0	1	0	1	1	1	13	1	86		
2019-07-20 16:30:00	57.39594	17.97579	13	0	9	0	0	0.005	13.9	20	1017	26	1	0.4	278	-200	205	0	1	1	0	1	0	1	1	0	2	99		
2019-07-20 16:40:00	57.39474	17.9796	12	0	10	0	0	0.005	13.9	20	1017	26	1	0.4	121	100	200	1	0	1	1	0	1	1	1	89	1	9		
2019-07-20 16:50:00	57.39516	17.97747	13	0	11	0	0	0.005	13.9	20	1017	26	2	0.2	290	0	205	1	1	0	1	1	0	1	1	12	1	81		
2019-07-20 17:00:00	57.39543	17.9742	14	0	12	0	0	0.005	13.9	20	1017	26	1	0.3	278	-200	205	3	1	1	0	1	1	1	1	0	6	95		
2019-07-20 17:10:00	57.39684	17.98059	12	0	13	0	0	0.005	13.9	20	1017	26	1	0.7	68	-300	205	1	3	1	1	0	1	1	1	89	0	12		
2019-07-20 17:20:00	57.3975	17.97777	13	0	14	0	0	0.005	13.9	20	1017	26	1	0.3	294	-300	205	0	1	3	1	1	0	1	1	4	3	94		
2019-07-20 17:30:00	57.39678	17.98083	13	0	15	0	0	0.005	14	20	1017	26	1	0.3	113	-300	205	1	0	1	3	1	1	1	1	85	1	15		
2019-07-20 17:40:00	57.39741	17.97933	13	0	16	0	0	0.005	14	20	1017	26	1	0.2	308	-300	210	0	1	0	1	3	1	1	1	12	3	84		
2019-07-20 17:50:00	57.39699	17.98332	13	0	17	0	0	0.005	14	20	1017	26	1	0.4	101	-400	200	1	0	1	0	1	3	1	1	94	0	7		
2019-07-20 18:00:00	57.39738	17.98107	40	0	18	0	0	0.005	14	19	1016	26	1	0.2	288	-300	195	1	1	0	1	0	1	1	1	11	3	87		
2019-07-20 18:10:00	57.39717	17.97858	12	0	19	0	0	0.005	14	19	1017	26	1	0.3	261	-300	195	1	1	1	0	1	0	1	1	0	6	92		
2019-07-20 18:20:00	57.39714	17.97594	11	0	20	0	0	0.005	13.9	19	1017	26	1	0.3	269	-300	195	0	1	1	1	0	1	1	1	0	3	98		
2019-07-20 18:30:00	57.39708	17.97957	11	0	21	0	0	0.005	13.9	19	1017	26	1	0.4	92	-300	180	1	0	1	1	1	0	1	1	86	6	9		
2019-07-20 18:40:00	57.39714	17.97756	12	0	22	0	0	0.005	13.9	19	1017	26	1	0.2	274	-300	180	1	1	0	1	1	1	1	1	11	4	84		
2019-07-20 18:50:00	57.39642	17.97468	11	0	23	0	0	0.005	13.9	19	1017	26	1	0.3	244	-200	180	0	1	1	0	1	1	1	1	0	4	97		
2019-07-20 19:00:00	57.39636	17.97801	11	0	24	0	0	0.005	13.9	19	1017	26	1	0.3	92	-200	170	1	0	1	1	0	1	1	1	87	0	14		
2019-07-20 19:10:00	57.39579	17.97567	13	0	25	0	0	0.005	13.9	19	1017	26	1	0.3	246	-100	170	0	1	0	1	1	0	1	1	12	2	87		
2019-07-20 19:20:00	57.39624	17.97888	13	0	26	0	0	0.005	13.9	19	1017	26	1	0.3	75	-200	160	1	0	1	0	1	1	1	1	83	4	14		
2019-07-20 19:30:00	57.39477	17.97585	12	0	27	0	0	0.005	13.9	19	1017	26	1	0.4	228	0	150	0	1	0	1	0	1	1	1	12	2	87		
2019-07-20 19:40:00	57.39564	17.97987	11	0	28	0	0	0.005	13.9	19	1017	26	1	0.4	68	200	150	1	0	1	0	1	0	1	1	88	3	9		
2019-07-20 19:50:00	57.3948	17.97792	13	0	29	0	0	0.005	13.9	19	1017	26	2	0.2	231	0	150	2	1	0	1	0	1	1	1	10	2	83		
2019-07-20 20:00:00	57.39495	17.97291	13	0	0	0	0	0.005	13.9	19	1017	26	1	0.5	273	-200	150	0	2	1	0	1	0	1	1	0	4	97		
2019-07-20 20:10:00	57.39558	17.97597	12	0	1	0	0	0.005	13.9	19	1017	26	1	0.3	69	-100	150	0	0	2	1	0	1	1	1	91	1	9		
2019-07-20 20:20:00	57.39621	17.97987	13	0	2	0	0	0.005	13.9	19	1017	26	1	0.4	73	-200	150	1	0	0	2	1	0	1	1	100	1	0		
2019-07-20 20:30:00	57.39546	17.97732	14	0	3	0	0	0.005	13.9	19	1017	26	1	0.3	241	-100	160	1	1	0	0	2	1	1	1	11	2	87		
2019-07-20 20:40:00	57.39435	17.97459	13	0	4	0	0	0.005	13.9	19	1017	26	2	0.3	233	-100	160	0	1	1	0	0	2	1	1	0	5	88		
2019-07-20 20:50:00	57.39534	17.97711	13	0	5	0	0	0.005	13.8	19	1017	26	1	0.3	54	-100	145	0	0	1	1	0	0	1	1	86	0	15		
2019-07-20 21:00:00	57.39642	17.98092	41	0	6	0	0	0.005	13.8	19	1017	26	1	0.4	62	-300	145	1	0	0	1	1	0	1	1	99	2	0		
2019-07-20 21:10:00	57.39546	17.97831	13	0	7	0	0	0.005	13.8	19	1017	26	1	0.3	236	-100	150	1	1	0	0	1	1	1	1	10	0	85		
2019-07-20 21:30:00	57.39579	17.97162	12	0	9	0	0	0.005	13.8	19	1017	26	3	0.5	313	-300	150	0	3	1	1	0	0	1	1	68	1	19		
2019-07-20 21:50:00	57.39732	17.97264	12	0	11	0	0	0.005	13.8	19	1017	26	3	0.3	232	-400	130	1	1	0	3	1	1	1	1	12	0	77		
2019-07-20 22:00:00	57.39513	17.96979	13	0	12	0	0	0.005	13.8	19	1017	26	1	0.5	215	-300	130	0	1	1	0	3	1	1	1	0	0	100		
2019-07-20 22:10:00	57.39759	17.97186	12	0	13	0	0	0.005	13.8	19	1017	26	1	0.5	25	-400	120	1	0	1	1	0	3	1	1	88	1	12		
2019-07-20 22:20:00	57.3963	17.96862	13	0	14	0	0	0.005	13.8	19	1017	26	1	0.4	233	-400	125	0	1	0	1	1	0	1	1	11	1	89		
2019-07-20 22:30:00	57.39867	17.97063	13	0	15	0	0	0.005	13.8	19	1017	26	1	0.5	25	-600	130	1	0	1	0	1	1	1	1	89	0	12		
2019-07-20 22:40:00	57.39753	17.96706	41	0	16	0	0	0.005	13.7	19	1017	26	1	0.4	239	-600	130	0	1	0	1	0	1	1	1	10	0	90		
2019-07-20 22:50:00	57.39936	17.96889	12	0	17	0	0	0.005	13.7	19	1017	26	1	0.4	29	-700	135	0	0	1	0	1	0	1	1	84	1	12		
2019-07-20 23:00:00	57.40122	17.97201	11	0	18	0	0	0.005	13.7	19	1017	26	1	0.5	42	-800	135	1	0	0	1	0	1	1	1	99	2	0		
2019-07-20 23:10:00	57.40038	17.96895	13	0	19	0	0	0.005	13.7	19	1016	26	1	0.3	243	-800	140	1	1	0	0	1	0	1	1	11	1	89		
2019-07-20 23:20:00	57.39867	17.96622	12	0	20	0	0	0.005	13.7	19	1017	26	1	0.4	221	-700	140	0	1	1	0	0	1	1	1	0	1	100		
2019-07-20 23:30:00	57.40116	17.96796	13	0	21	0	0	0.005	13.7	19	1017	26	1	0.5	21	-900	120	1	0	1	1	0	0	1	1	88	0	13		
2019-07-20 23:40:00	57.40002	17.96619	12	0	22	0	0	0.005	13.7	19	1016	26	1	0.3	220	-900	120	1	1	0	1	1	0	1	1	13	1	86		
2019-07-20 23:50:00	57.39858	17.9643	11	0	23	0	0	0.005	13.7	19	1016	26	1	0.3	215	-800	120	1	1	1	0	1	1	1	1	0	8	93		
2019-07-21 00:00:00	57.39684	17.96181	14	0	24	0	0	0.005	13.7	19	1016	26	1	0.4	218	-700	120	0	1	1	1	0	1	1	1	0	1	100		
2019-07-21 00:10:00	57.39978	17.96349	12	0	25	0	0	0.005	13.7	19	1016	26	1	0.6	17	-900	115	1	0	1	1	1	0	0	1	90	0	11		
2019-07-21 00:20:00	57.39837	17.96094	12	0	26	0	0	0.005	13.7	19	1016	26	1	0.4	225	-900	120	0	1	0	1	1	1	0	1	11	0	90		
2019-07-21 00:40:00	57.40053	17.9613	13	0	28	0	0	0.005	13.7	19	1016	26	3	0.2	226	-1100	115	1	1	0	1	0	1	0	1	10	0	76		
2019-07-21 00:50:00	57.39855	17.95917	41	0	29	0	0	0.005	13.7	19	1016	26	1	0.4	210	-900	115	0	1	1	0	1	0	0	1	0	2	99		
2019-07-21 01:00:00	57.40131	17.96067	13	0	0	0	0	0.005	13.7	19	1016	26	1	0.6	16	-1200	110	1	0	1	1	0	1	0	1	82	0	15		
2019-07-21 01:10:00	57.39981	17.95854	11	0	1	0	0	0.005	13.7	19	1016	26	1	0.4	217	-1100	115	1	1	0	1	1	0	0	1	10	1	90		
2019-07-21 01:20:00	57.39807	17.95761	11	0	2	0	0	0.005	13.7	19	1015	26	1	0.3	196	-1000	115	1	1	1	0	1	1	0	1	0	5	96		
2019-07-21 01:30:00	57.39567	17.95593	13	0	3	0	0	0.005	13.7	19	1015	26	1	0.5	200	-800	115	0	1	1	1	0	1	0	1	0	0	100		
2019-07-21 01:40:00	57.39825	17.95623	12	0	4	0	0	0.005	13.6	19	1015	26	1	0.5	3	-1000	100	1	0	1	1	1	0	0	1	82	5	14		
2019-07-21 01:50:00	57.39747	17.95494	12	0	5	0	0	0.005	13.7	19	1015	26	2	0.2	222	-1000	105	1	1	0	1	1	1	0	1	15	3	78		
2019-07-21 02:00:00	57.3963	17.95425	11	0	6	0	0	0.005	13.6	19	1015	26	1	0.2	198	-900	105	1	1	1	0	1	1	0	1	0	7	94		
2019-07-21 02:10:00	57.39474	17.95392	13	0	7	0	0	0.005	13.6	19	1015	26	1	0.3	186	-800	105	0	1	1	1	0	1	0	1	0	1	100		
2019-07-21 02:20:00	57.39759	17.95404	12	0	8	0	0	0.005	13.6	18	1015	26	1	0.5	1	-1000	95	1	0	1	1	1	0	0	1	86	2	13		
2019-07-21 02:30:00	57.3966	17.95266	12	0	9	0	0	0.005	13.6	18	1015	26	1	0.2	217	-1000	100	0	1	0	1	1	1	0	1	10	4	87		
2019-07-21 02:40:00	57.39927	17.95416	12	0	10	0	0	0.005	13.6	18	1015	26	1	0.5	17	-1200	115	0	0	1	0	1	1	0	1	88	1	12		
2019-07-21 02:50:00	57.40146	17.95689	12	0	11	0	0	0.005	13.6	18	1015	26	1	0.5	34	-1300	115	0	0	0	1	0	1	0	1	97	4	0		
2019-07-21 03:00:00	57.40395	17.95896	12	0	12	0	0	0.005	13.7	18	1015	26	1	0.5	24	-1500	115	1	0	0	0	1	0	0	1	90	11	0		
2019-07-21 03:20:00	57.40302	17.95797	13	0	14	0	0	0.005	13.8	18	1015	26	3	0.1	202	-1400	115	1	1	1	0	0	0	0	1	0	9	81		
2019-07-21 03:40:00	57.40068	17.95698	35	0	16	0	0	0.005	13.9	18	1015	26	3	0.3	193	-1200	115	1	1	1	1	1	0	0	1	0	2	85		
2019-07-21 03:50:00	57.399	17.95596	13	0	17	0	0	0.005	14.1	18	1014	26	2	0.3	198	-1100	115	0	1	1	1	1	1	0	1	0	2	92		
2019-07-21 04:00:00	57.40161	17.95536	13	0	18	0	0	0.005	14	18	1014	26	1	0.5	353	-1400	95	1	0	1	1	1	1	0	1	88	0	13		
2019-07-21 04:10:00	57.40056	17.95407	13	0	19	0	0	0.005	14	18	1014	26	1	0.2	213	-1300	95	1	1	0	1	1	1	0	1	9	1	91		
2019-07-21 04:20:00	57.3993	17.95314	13	0	20	0	0	0.005	14	18	1014	26	1	0.3	202	-1200	95	1	1	1	0	1	1	0	1	0	2	99		
2019-07-21 04:30:00	57.39756	17.95218	12	0	21	0	0	0.005	14	18	1014	26	1	0.3	197	-1100	95	1	1	1	1	0	1	0	1	0	2	99		
2019-07-21 04:40:00	57.39558	17.95146	13	0	22	0	0	0.005	13.9	18	1014	26	1	0.4	191	-900	95	1	1	1	1	1	0	0	1	0	1	100		
2019-07-21 04:50:00	57.39351	17.95089	14	0	23	0	0	0.005	13.9	18	1014	26	1	0.4	188	-700	95	0	1	1	1	1	1	0	1	0	1	100		
2019-07-21 05:00:00	57.39609	17.95122	41	0	24	0	0	0.005	13.9	18	1014	26	1	0.5	4	-1000	95	0	0	1	1	1	1	0	1	87	0	14		
2019-07-21 05:10:00	57.39885	17.95305	12	0	25	0	0	0.005	13.9	19	1014	26	1	0.6	20	-1200	95	1	0	0	1	1	1	0	1	98	0	0		
2019-07-21 05:20:00	57.3981	17.95188	12	0	26	0	0	0.005	13.9	19	1014	26	1	0.2	220	-1100	115	0	1	0	0	1	1	0	1	13	4	84		
2019-07-21 05:30:00	57.40092	17.95296	12	0	27	0	0	0.005	13.9	19	1014	26	1	0.5	12	-1400	110	1	0	1	0	0	1	0	1	90	0	11		
2019-07-21 05:40:00	57.39999	17.95179	11	0	28	0	0	0.005	13.9	19	1014	26	1	0.2	214	-1300	110	1	1	0	1	0	0	0	1	11	2	88		
2019-07-21 05:50:00	57.39795	17.95071	13	0	29	0	4	0.005	13.9	19	1014	26	1	0.4	196	400	110	1	1	1	0	1	0	0	1	0	1	100		
2019-07-21 06:00:00	57.396	17.94957	12	0	0	0	1	0.005	13.9	19	1014	26	1	0.4	197	600	110	0	1	1	1	0	1	0	1	0	3	98		
2019-07-21 06:10:00	57.39816	17.94975	12	0	1	0	0	0.005	13.9	19	1014	26	1	0.4	3	400	100	1	0	1	1	1	0	0	1	87	0	14		
2019-07-21 06:20:00	57.39738	17.9484	12	0	2	0	0	0.005	13.9	19	1014	26	1	0.2	222	500	105	0	1	0	1	1	1	0	1	17	2	82		
2019-07-21 06:30:00	57.39975	17.94816	12	0	3	0	0	0.005	13.8	19	1013	26	1	0.4	357	300	100	1	0	1	0	1	1	0	1	84	1	16		
2019-07-21 06:40:00	57.39834	17.94639	12	0	4	0	0	0.005	13.9	19	1013	26	1	0.3	214	500	100	1	1	0	1	0	1	0	1	13	1	87		
2019-07-21 07:00:00	57.39543	17.94465	12	0	6	0	0	0.005	13.9	19	1013	26	3	0.2	204	800	100	1	1	1	1	0	1	0	1	0	3	85		
2019-07-21 07:10:00	57.39444	17.94339	13	0	7	0	0	0.005	13.9	19	1013	26	1	0.2	214	900	100	0	1	1	1	1	0	0	1	0	19	82		
2019-07-21 07:20:00	57.39516	17.94303	14	0	8	0	0	0.005	13.9	19	1013	26	2	0.1	345	900	105	0	0	1	1	1	1	0	1	62	7	25		
2019-07-21 07:30:00	57.39636	17.9427	14	0	9	0	0	0.005	14	19	1013	26	3	0.2	352	800	105	0	0	0	1	1	1	0	1	57	19	15		
2019-07-21 07:40:00	57.39732	17.94315	22	0	10	0	0	0.005	14	20	1013	26	1	0.2	15	700	105	0	0	0	0	1	1	0	1	89	12	0		
2019-07-21 07:50:00	57.39846	17.94366	41	0	11	0	0	0.005	14	20	1013	26	1	0.2	13	600	105	0	0	0	0	0	1	0	1	94	7	0		
2019-07-21 08:00:00	57.39966	17.94471	12	0	12	0	0	0.005	14	20	1013	26	1	0.3	25	500	105	0	0	0	0	0	0	0	1	92	5	0		
2019-07-21 08:10:00	57.40095	17.94672	11	0	13	0	0	0.005	13.9	20	1013	26	1	0.3	40	400	105	0	0	0	0	0	0	0	1	100	0	0		
2019-07-21 08:20:00	57.4029	17.94948	12	0	14	0	0	0.005	13.9	20	1013	26	1	0.5	37	-300	105	0	0	0	0	0	0	0	1	99	2	0		
2019-07-21 08:30:00	57.40488	17.95305	11	0	15	0	0	0.005	13.9	20	1013	26	1	0.5	44	-400	105	0	0	0	0	0	0	0	1	100	0	0		
2019-07-21 08:40:00	57.4065	17.95656	12	0	16	0	0	0.005	13.9	20	1014	26	1	0.5	49	-700	105	0	0	0	0	0	0	0	1	100	1	0		
2019-07-21 08:50:00	57.40749	17.96079	12	0	17	0	0	0.005	13.9	20	1014	26	1	0.5	67	-800	105	0	0	0	0	0	0	0	1	99	2	0		
2019-07-21 09:00:00	57.40791	17.96514	12	0	18	0	0	0.005	13.9	19	1014	26	3	0.4	80	-1000	105	1	0	0	0	0	0	0	1	95	0	0		
2019-07-21 09:10:00	57.40914	17.96349	12	0	19	0	0	0.005	13.9	19	1014	26	1	0.3	324	-1100	195	0	1	0	0	0	0	0	1	13	4	84		
2019-07-21 09:20:00	57.40998	17.96286	41	0	20	0	0	0.005	13.9	19	1014	26	2	0.2	339	-1100	215	3	0	1	0	0	0	0	1	7	49	36		
2019-07-21 09:30:00	57.41118	17.96121	12	0	21	0	0	0.005	14	19	1014	26	1	0.3	324	-1200	215	0	3	0	1	0	0	0	1	50	21	23		
2019-07-21 09:40:00	57.41253	17.96151	11	0	22	0	0	0.005	14.1	19	1014	26	1	0.2	7	-1400	215	0	0	3	0	1	0	0	1	67	24	10		
2019-07-21 09:50:00	57.41325	17.96424	11	0	23	0	0	0.005	14	19	1014	26	1	0.3	63	-1500	215	0	0	0	3	0	1	0	1	96	5	0		
2019-07-21 10:00:00	57.41421	17.9649	13	0	24	0	0	0.005	14	19	1014	26	1	0.2	20	-1600	215	0	0	0	0	3	0	0	1	68	32	1		
2019-07-21 10:10:00	57.41481	17.96646	13	0	25	0	0	0.005	14	19	1014	26	1	0.2	54	-1700	215	0	0	0	0	0	3	0	1	90	8	3		
2019-07-21 10:20:00	57.41466	17.96958	41	0	26	0	0	0.005	14	19	1014	26	1	0.3	95	-1800	215	0	0	0	0	0	0	0	1	100	1	0		
2019-07-21 10:30:00	57.41361	17.97345	13	0	27	0	0	0.005	14	19	1014	26	1	0.5	117	-1700	215	0	0	0	0	0	0	0	1	98	0	0		
2019-07-21 10:40:00	57.41286	17.97771	12	0	28	0	0	0.005	14	19	1014	26	1	0.4	108	-1700	215	0	0	0	0	0	0	0	1	100	0	0		
2019-07-21 10:50:00	57.4119	17.9811	12	0	29	0	0	0.005	14	19	1014	26	1	0.4	118	-1700	215	0	0	0	0	0	0	0	1	100	0	0		
2019-07-21 11:00:00	57.41106	17.98335	11	0	0	0	0	0.005	14	19	1014	26	2	0.3	124	-1600	215	0	0	0	0	0	0	0	1	96	0	0		
2019-07-21 11:10:00	57.41031	17.98566	12	0	1	0	0	0.005	13.9	19	1014	26	1	0.3	122	-1600	215	0	0	0	0	0	0	0	1	100	1	0		
2019-07-21 11:20:00	57.40935	17.98701	13	0	2	0	0	0.005	13.9	19	1014	26	1	0.2	143	-1500	215	0	0	0	0	0	0	0	1	99	2	0		
2019-07-21 11:30:00	57.40719	17.98725	12	0	3	0	0	0.005	13.9	19	1014	26	1	0.4	177	-1300	215	0	0	0	0	0	0	0	1	100	0	0		
2019-07-21 11:40:00	57.40488	17.98557	13	0	4	0	0	0.005	13.9	19	1014	26	1	0.5	202	-1000	215	3	0	0	0	0	0	0	1	100	0	0		
2019-07-21 11:50:00	57.40233	17.98749	12	0	5	0	0	0.005	13.9	19	1014	26	1	0.5	158	-800	215	3	3	0	0	0	0	0	1	100	0	0		
2019-07-21 12:00:00	57.40002	17.98965	12	0	6	0	0	0.005	13.9	19	1014	26	1	0.5	153	-600	215	3	3	3	0	0	0	0	1	100	0	0		
2019-07-21 12:10:00	57.39825	17.99103	12	0	7	0	0	0.005	13.9	19	1014	26	1	0.4	157	-400	215	3	3	3	3	0	0	0	1	99	2	0		
2019-07-21 12:20:00	57.39657	17.99181	12	0	8	0	0	0.005	13.9	19	1014	26	1	0.3	166	-200	215	3	3	3	3	3	0	0	1	100	0	0		
2019-07-21 12:30:00	57.39525	17.99079	12	0	9	0	0	0.005	13.9	19	1014	26	2	0.3	202	-100	215	2	3	3	3	3	3	0	1	93	3	1		
2019-07-21 12:40:00	57.39345	17.99235	13	0	10	0	0	0.005	13.9	19	1014	26	2	0.4	155	100	20	1	2	3	3	3	3	0	1	8	9	77		
2019-07-21 12:50:00	57.39327	17.99637	41	0	11	0	0	0.005	13.9	19	1014	26	1	0.4	95	0	20	1	1	2	3	3	3	0	1	0	9	92		
2019-07-21 13:00:00	57.39297	17.99919	11	0	12	0	0	0.005	13.9	19	1014	26	1	0.3	101	0	20	1	1	1	2	3	3	0	1	0	7	91		
2019-07-21 13:10:00	57.39252	17.99997	12	0	13	0	0	0.005	14	19	1015	26	1	0.1	135	100	20	1	1	1	1	2	3	0	1	6	51	44		
2019-07-21 13:20:00	57.39084	17.99577	11	0	14	0	0	0.005	14.1	19	1014	26	1	0.5	234	300	20	0	1	1	1	1	2	0	1	3	1	97		
2019-07-21 13:30:00	57.3924	17.99328	11	0	15	0	0	0.005	14	19	1014	26	1	0.4	319	200	105	0	0	1	1	1	1	0	1	91	0	10		
2019-07-21 13:40:00	57.39357	17.99139	11	0	16	0	0	0.005	14	19	1014	26	1	0.3	319	100	105	0	0	0	1	1	1	0	1	100	0	0		
2019-07-21 13:50:00	57.39426	17.98932	11	0	17	0	0	0.005	14	19	1014	26	1	0.2	302	100	105	0	0	0	0	1	1	0	1	96	5	0		
2019-07-21 14:00:00	57.39498	17.98791	12	0	18	0	0	0.005	14	19	1014	26	1	0.2	313	0	105	0	0	0	0	0	1	0	1	94	7	0		
2019-07-21 14:10:00	57.39567	17.98662	12	0	19	0	0	0.005	14	19	1014	26	1	0.2	315	0	105	0	0	0	0	0	0	0	1	95	6	0		
2019-07-21 14:20:00	57.39567	17.98605	12	0	20	0	0	0.005	14	19	1014	26	1	0.1	273	0	105	0	0	0	0	0	0	0	1	76	23	2		
2019-07-21 14:30:00	57.39561	17.98515	12	0	21	0	0	0.005	14	19	1014	26	1	0.1	261	0	105	0	0	0	0	0	0	0	1	82	19	0		
2019-07-21 14:40:00	57.39525	17.98416	12	0	22	0	0	0.005	14	19	1014	26	1	0.1	235	0	105	0	0	0	0	0	0	0	1	90	11	0		
2019-07-21 14:50:00	57.39465	17.98293	13	0	23	0	0	0.005	13.9	19	1014	26	1	0.2	228	100	105	0	0	0	0	0	0	0	1	96	5	0		
2019-07-21 15:00:00	57.39516	17.98401	12	0	24	0	0	0.005	13.9	19	1014	26	1	0.1	49	100	105	0	0	0	0	0	0	0	1	39	20	41		
2019-07-21 15:10:00	57.39432	17.98662	12	0	25	0	0	0.005	13.9	19	1014	26	1	0.3	121	100	105	0	0	0	0	0	0	0	1	95	6	0		
2019-07-21 15:20:00	57.39237	17.98935	12	0	26	0	0	0.005	13.9	19	1014	26	1	0.5	143	300	105	0	0	0	0	0	0	0	1	100	0	0		
2019-07-21 15:30:00	57.38991	17.99067	12	0	27	0	0	0.005	13.9	19	1014	26	1	0.5	164	500	105	0	0	0	0	0	0	0	1	100	0	0		
2019-07-21 15:40:00	57.38772	17.99193	12	0	28	0	0	0.005	13.9	19	1014	26	1	0.4	163	700	105	0	0	0	0	0	0	0	1	100	0	0		
2019-07-21 15:50:00	57.38583	17.99286	12	0	29	0	0	0.005	13.9	19	1014	26	1	0.4	165	900	105	0	0	0	0	0	0	0	1	100	0	0		
2019-07-21 16:00:00	57.38376	17.99421	40	0	0	0	0	0.005	13.9	19	1014	26	1	0.4	161	1100	105	0	0	0	0	0	0	0	1	100	0	0		
2019-07-21 16:10:00	57.38241	17.99541	11	0	1	0	0	0.005	13.9	19	1014	26	2	0.3	154	1200	105	0	0	0	0	0	0	0	1	89	1	0		
2019-07-21 16:20:00	57.381	17.99727	11	0	2	0	0	0.005	13.9	19	1014	26	1	0.3	145	1300	105	0	0	0	0	0	0	0	1	99	2	0		
2019-07-21 16:30:00	57.3792	17.99871	12	0	3	0	0	0.005	13.9	19	1015	26	2	0.4	157	1500	105	0	0	0	0	0	0	0	1	92	0	0		
2019-07-21 16:40:00	57.37725	17.99943	11	0	4	0	0	0.005	13.9	19	1014	26	1	0.4	168	1700	105	0	0	0	0	0	0	0	1	99	2	0		
2019-07-21 16:50:00	57.37575	18.00012	12	0	5	0	0	0.005	14	19	1015	26	1	0.3	166	1800	105	0	0	0	0	0	0	0	1	97	4	0		
2019-07-21 17:00:00	57.37491	18.0003	12	0	6	0	0	0.005	14	19	1014	26	2	0.2	174	1900	105	1	0	0	0	0	0	0	1	91	7	0		
2019-07-21 17:10:00	57.37632	17.99949	11	0	7	0	0	0.005	14	19	1014	26	1	0.3	343	1800	255	3	1	0	0	0	0	0	1	20	9	72		
2019-07-21 17:20:00	57.37767	18.00477	12	0	8	0	0	0.005	13.9	19	1014	26	1	0.6	64	1500	255	3	3	1	0	0	0	0	1	82	2	17		
2019-07-21 17:30:00	57.38022	18.00954	12	0	9	0	0	0.005	13.9	19	1014	26	1	0.7	45	1200	255	3	3	3	1	0	0	0	1	100	0	0		
2019-07-21 17:40:00	57.38277	18.01647	12	0	10	0	0	0.005	13.9	19	1014	26	1	0.8	56	800	255	3	3	3	3	1	0	0	1	100	0	0		
2019-07-21 17:50:00	57.38649	18.02103	11	0	11	0	0	0.005	13.9	19	1014	26	1	0.8	33	300	255	3	3	3	3	3	1	0	1	100	0	0		
2019-07-21 18:00:00	57.38958	18.02739	12	0	12	0	0	0.005	13.9	19	1014	26	1	0.8	48	-100	255	3	3	3	3	3	3	0	1	100	0	0		
2019-07-21 18:10:00	57.39207	18.03456	11	0	13	0	0	0.005	13.9	19	1014	26	1	0.9	57	-500	255	3	3	3	3	3	3	0	1	100	0	0		
2019-07-21 18:20:00	57.39432	18.04008	11	0	14	0	0	0.005	13.9	19	1014	26	1	0.7	53	-800	255	3	3	3	3	3	3	0	1	100	0	0		
2019-07-21 18:30:00	57.39771	18.0432	13	0	15	0	0	0.005	13.9	19	1014	26	1	0.7	26	-1300	255	2	3	3	3	3	3	0	1	89	2	10		
2019-07-21 18:40:00	57.40035	18.04074	13	0	16	0	0	0.005	13.9	19	1014	26	1	0.5	333	-1500	165	0	2	3	3	3	3	0	1	4	2	95		
2019-07-21 18:50:00	57.40161	18.04314	11	0	17	0	0	0.005	14	19	1014	26	2	0.3	45	-1700	165	0	0	2	3	3	3	0	1	79	5	10		
2019-07-21 19:00:00	57.40203	18.04569	13	0	18	0	0	0.005	14	19	1014	26	1	0.3	73	-1800	165	0	0	0	2	3	3	0	1	80	20	0		
2019-07-21 19:10:00	57.40236	18.04926	12	0	19	0	0	0.005	14	19	1014	26	1	0.4	81	-1900	165	0	0	0	0	2	3	0	1	87	14	0		
2019-07-21 19:20:00	57.40197	18.05319	12	0	20	0	0	0.005	14	19	1014	26	1	0.4	100	-1900	165	0	0	0	0	0	2	0	1	100	0	0		
2019-07-21 19:30:00	57.40128	18.0582	11	0	21	0	0	0.005	14	19	1014	26	1	0.5	105	-1900	165	0	0	0	0	0	0	0	1	100	0	0		
2019-07-21 19:40:00	57.40041	18.06405	13	0	22	0	0	0.005	14	19	1014	26	1	0.6	105	-1900	165	1	0	0	0	0	0	0	1	100	0	0		
2019-07-21 19:50:00	57.4011	18.06156	40	0	23	0	0	0.005	13.9	19	1014	26	3	0.3	297	-1900	200	0	1	0	0	0	0	0	1	9	0	79		
2019-07-21 20:00:00	57.40143	18.06489	12	0	24	0	0	0.005	13.9	19	1014	26	1	0.4	79	-2000	185	0	0	1	0	0	0	0	1	81	1	14		
2019-07-21 20:10:00	57.40128	18.06954	12	0	25	0	0	0.005	13.9	19	1014	26	1	0.5	93	-2100	185	0	0	0	1	0	0	0	1	96	5	0		
2019-07-21 20:40:00	57.40101	18.08043	11	0	28	0	0	0.005	13.9	19	1014	26	3	0.4	105	-2300	185	0	0	0	0	0	0	0	1	85	5	0		
2019-07-21 20:50:00	57.40035	18.08304	12	0	29	0	4	0.005	13.9	19	1014	26	3	0.3	115	-800	185	1	0	0	0	0	0	0	1	90	5	0		
2019-07-21 21:00:00	57.4011	18.08223	12	0	0	0	1	0.005	13.9	19	1014	26	1	0.2	330	-800	220	0	1	0	0	0	0	0	1	22	14	66		
2019-07-21 21:10:00	57.39999	18.08472	11	0	1	0	0	0.005	13.8	19	1014	26	1	0.3	130	-900	225	0	0	1	0	0	0	0	1	85	0	15		
2019-07-21 21:30:00	57.39498	18.09051	12	0	3	0	0	0.005	13.8	19	1014	26	3	0.5	150	-1200	225	1	0	0	0	1	0	0	1	86	0	0		
2019-07-21 21:40:00	57.39654	18.08883	12	0	4	0	0	0.005	13.8	19	1014	26	1	0.3	330	-1100	240	0	1	0	0	0	1	0	1	13	1	87		
2019-07-21 21:50:00	57.39486	18.0909	12	0	5	0	0	0.005	13.8	19	1014	26	1	0.4	146	-1200	240	1	0	1	0	0	0	0	1	90	0	11		
2019-07-21 22:00:00	57.39696	18.08931	40	0	6	0	0	0.005	13.8	19	1015	26	1	0.4	337	-1100	240	0	1	0	1	0	0	0	1	11	2	88		
2019-07-21 22:10:00	57.39513	18.09087	12	0	7	0	0	0.005	13.8	19	1015	26	1	0.4	155	-1200	245	0	0	1	0	1	0	0	1	88	0	7		
2019-07-21 22:30:00	57.39405	18.09147	11	0	9	0	0	0.005	13.8	19	1015	26	3	0.3	341	-1200	250	1	1	0	0	1	0	0	1	11	1	76		
2019-07-21 22:40:00	57.39639	18.08844	12	0	10	0	0	0.005	13.8	19	1015	26	1	0.5	325	-1100	250	0	1	1	0	0	1	0	1	0	1	100		
2019-07-21 22:50:00	57.3939	18.09072	12	0	11	0	0	0.005	13.8	19	1015	26	1	0.5	154	-1200	240	1	0	1	1	0	0	0	1	91	0	10		
2019-07-21 23:00:00	57.39594	18.08961	13	0	12	0	0	0.005	13.7	19	1014	26	2	0.4	343	-1100	250	0	1	0	1	1	0	0	1	9	0	88		
2019-07-21 23:10:00	57.39378	18.0909	12	0	13	0	0	0.005	13.7	19	1015	26	1	0.4	162	-1200	255	0	0	1	0	1	1	0	1	92	0	8		
2019-07-21 23:20:00	57.39045	18.09279	12	0	14	0	0	0.005	13.7	19	1015	26	1	0.6	163	-1300	255	1	0	0	1	0	1	0	1	100	0	0		
2019-07-21 23:30:00	57.39309	18.09138	12	0	15	0	0	0.005	13.7	19	1015	26	1	0.5	344	-1200	255	1	1	0	0	1	0	0	1	9	0	92		
2019-07-21 23:40:00	57.39528	18.08907	12	0	16	0	0	0.005	13.7	19	1014	26	1	0.5	330	-1100	255	0	1	1	0	0	1	0	1	0	3	98		
2019-07-21 23:50:00	57.39282	18.09027	12	0	17	0	0	0.005	13.7	19	1015	26	1	0.5	165	-1200	250	1	0	1	1	0	0	0	1	89	1	11		
2019-07-22 00:00:00	57.39519	18.08964	13	0	18	0	0	0.005	13.7	19	1015	26	1	0.4	352	-1100	260	0	1	0	1	1	0	0	1	10	0	91		
2019-07-22 00:10:00	57.39201	18.09144	13	0	19	0	0	0.005	13.7	19	1014	26	1	0.6	163	-1200	255	1	0	1	0	1	1	0	1	93	0	7		
2019-07-22 00:20:00	57.39498	18.09135	13	0	20	0	0	0.005	13.7	19	1015	26	1	0.5	359	-1200	260	0	1	0	1	0	1	0	1	7	1	93		
2019-07-22 00:30:00	57.39249	18.09105	13	0	21	0	0	0.005	13.7	19	1015	26	3	0.5	184	-1200	270	0	0	1	0	1	0	0	1	80	0	11		
2019-07-22 00:40:00	57.38892	18.08958	13	0	22	0	0	0.005	13.7	19	1015	26	1	0.7	193	-1100	270	1	0	0	1	0	1	0	1	100	0	0		
2019-07-22 00:50:00	57.39138	18.08985	13	0	23	0	0	0.005	13.7	19	1015	26	1	0.5	3	-1100	280	0	1	0	0	1	0	0	1	10	2	89		
2019-07-22 01:00:00	57.38829	18.09006	14	0	24	0	0	0.005	13.7	19	1015	26	1	0.6	178	-1100	270	1	0	1	0	0	1	0	1	91	0	10		
2019-07-22 01:10:00	57.39102	18.09123	41	0	25	0	0	0.005	13.7	19	1015	26	1	0.5	13	-1200	275	0	1	0	1	0	0	0	1	8	0	93		
2019-07-22 01:20:00	57.3888	18.08976	12	0	26	0	0	0.005	13.7	19	1015	26	2	0.5	200	-1100	285	0	0	1	0	1	0	0	1	80	0	11		
2019-07-22 01:30:00	57.3852	18.08745	12	0	27	0	0	0.005	13.7	19	1015	26	1	0.7	199	-1100	285	1	0	0	1	0	1	0	1	100	0	0		
2019-07-22 01:40:00	57.3876	18.08844	12	0	28	0	0	0.005	13.7	19	1015	26	2	0.5	12	-1100	285	1	1	0	0	1	0	0	1	7	0	92		
2019-07-22 01:50:00	57.3906	18.08934	12	0	29	0	0	0.005	13.7	19	1015	26	1	0.6	9	-1100	285	0	1	1	0	0	1	0	1	0	4	97		
2019-07-22 02:00:00	57.38703	18.08826	13	0	0	0	0	0.005	13.7	19	1015	26	1	0.7	189	-1100	280	1	0	1	1	0	0	0	1	94	0	7		
2019-07-22 02:10:00	57.38904	18.08934	12	0	1	0	0	0.005	13.6	19	1015	26	2	0.4	16	-1100	280	0	1	0	1	1	0	0	1	8	1	86		
2019-07-22 02:20:00	57.38529	18.08778	12	0	2	0	0	0.005	13.7	19	1015	26	1	0.7	193	-1100	285	1	0	1	0	1	1	0	1	93	0	8		
2019-07-22 02:30:00	57.38766	18.08835	13	0	3	0	0	0.005	13.6	19	1015	26	1	0.4	8	-1100	280	1	1	0	1	0	1	0	1	8	1	92		
2019-07-22 02:40:00	57.39096	18.08868	13	0	4	0	0	0.005	13.6	19	1015	26	2	0.6	3	-1000	280	0	1	1	0	1	0	0	1	0	0	95		
2019-07-22 02:50:00	57.38727	18.08769	13	0	5	0	0	0.005	13.6	19	1015	26	1	0.7	188	-1000	275	1	0	1	1	0	1	0	1	92	0	9		
2019-07-22 03:00:00	57.38937	18.08895	14	0	6	0	0	0.005	13.6	19	1015	26	1	0.4	18	-1100	280	0	1	0	1	1	0	0	1	11	4	86		
2019-07-22 03:10:00	57.38631	18.08649	13	0	7	0	0	0.005	13.6	19	1015	26	1	0.6	203	-1000	290	1	0	1	0	1	1	1	1	93	0	8		
2019-07-22 03:20:00	57.38889	18.08814	13	0	8	0	0	0.005	13.7	19	1015	26	1	0.5	19	-1000	290	0	1	0	1	0	1	0	1	10	0	91		
2019-07-22 03:30:00	57.38475	18.08631	41	0	9	0	0	0.005	13.7	19	1016	26	1	0.8	193	-1100	285	1	0	1	0	1	0	0	1	91	1	9		
2019-07-22 03:40:00	57.38724	18.08724	13	0	10	0	0	0.005	13.7	19	1015	26	1	0.5	11	-1000	280	1	1	0	1	0	1	1	1	8	0	89		
2019-07-22 03:50:00	57.39084	18.08883	12	0	11	0	0	0.005	13.7	19	1016	26	1	0.7	13	-1100	280	0	1	1	0	1	0	0	1	0	0	100		
2019-07-22 04:00:00	57.38727	18.08724	12	0	12	0	0	0.005	13.8	19	1016	26	1	0.7	193	-1000	285	1	0	1	1	0	1	1	1	90	0	11		
2019-07-22 04:10:00	57.39	18.08829	13	0	13	0	0	0.005	14	19	1016	26	1	0.5	12	-1000	285	0	1	0	1	1	0	0	1	9	0	92		
2019-07-22 04:20:00	57.3873	18.0867	15	0	14	0	0	0.005	14	19	1016	26	2	0.5	198	-1000	285	1	0	1	0	1	1	1	1	78	2	10		
2019-07-22 04:30:00	57.39	18.08766	41	0	15	0	0	0.005	14	19	1016	26	1	0.5	11	-1000	285	0	1	0	1	0	1	1	1	9	0	92		
2019-07-22 04:40:00	57.38628	18.08568	13	0	16	0	0	0.005	14	19	1016	26	1	0.8	196	-1000	285	1	0	1	0	1	0	1	1	88	0	8		
2019-07-22 04:50:00	57.38901	18.08718	13	0	17	0	0	0.005	14	19	1016	26	1	0.5	17	-1000	285	0	1	0	1	0	1	1	1	9	1	91		
2019-07-22 05:00:00	57.38544	18.08487	13	0	18	0	0	0.005	13.9	19	1016	26	1	0.7	199	-1000	290	1	0	1	0	1	0	1	1	91	1	9		
2019-07-22 05:10:00	57.38808	18.0855	13	0	19	0	0	0.005	13.9	19	1016	26	2	0.5	8	-900	285	1	1	0	1	0	1	1	1	9	0	87		
2019-07-22 05:20:00	57.39141	18.08658	12	0	20	0	0	0.005	13.9	19	1016	26	1	0.6	10	-900	285	0	1	1	0	1	0	1	1	0	2	99		
2019-07-22 05:30:00	57.38799	18.08493	14	0	21	0	0	0.005	13.9	19	1016	26	1	0.7	194	-800	280	1	0	1	1	0	1	1	1	92	0	9		
2019-07-22 05:40:00	57.39012	18.08601	13	0	22	0	0	0.005	13.9	19	1016	26	1	0.4	15	-900	285	0	1	0	1	1	0	1	1	11	1	89		
2019-07-22 05:50:00	57.38721	18.08334	13	0	23	0	0	0.005	13.9	19	1016	26	1	0.6	206	-800	290	1	0	1	0	1	1	1	1	92	0	9		
2019-07-22 06:00:00	57.38916	18.0846	12	0	24	0	0	0.005	13.9	19	1016	26	2	0.4	19	-800	295	0	1	0	1	0	1	1	1	10	2	85		
2019-07-22 06:10:00	57.3855	18.08187	14	0	25	0	0	0.005	13.9	19	1016	26	1	0.7	202	-800	290	1	0	1	0	1	0	1	1	93	0	8		
2019-07-22 06:20:00	57.38805	18.08271	41	0	26	0	0	0.005	13.9	19	1016	26	1	0.5	10	-700	285	1	1	0	1	0	1	1	1	9	0	92		
2019-07-22 06:30:00	57.39162	18.08373	12	0	27	0	0	0.005	14	19	1016	26	1	0.7	9	-800	285	0	1	1	0	1	0	1	1	0	0	95		
2019-07-22 06:40:00	57.38772	18.08172	12	0	28	0	0	0.005	14	19	1016	26	1	0.7	195	-700	280	1	0	1	1	0	1	1	1	92	0	9		
2019-07-22 06:50:00	57.39078	18.08244	12	0	29	0	0	0.005	14	19	1016	26	1	0.6	7	-700	280	0	1	0	1	1	0	1	1	7	3	91		
2019-07-22 07:00:00	57.38721	18.07914	12	0	0	0	0	0.005	13.9	19	1017	26	1	0.7	206	-600	290	1	0	1	0	1	1	1	1	92	0	9		
2019-07-22 07:10:00	57.39027	18.07992	12	0	1	0	0	0.005	13.9	19	1017	26	1	0.6	8	-500	290	0	1	0	1	0	1	1	1	7	0	94		
2019-07-22 07:20:00	57.38661	18.07653	12	0	2	0	0	0.005	13.9	19	1017	26	1	0.8	206	-500	290	1	0	1	0	1	0	1	1	93	0	8		
2019-07-22 07:30:00	57.38952	18.07707	12	0	3	0	0	0.005	13.9	19	1016	26	1	0.5	6	-300	290	0	1	0	1	0	1	1	1	7	1	93		
2019-07-22 07:40:00	57.38628	18.07392	11	0	4	0	0	0.005	13.9	19	1017	26	1	0.7	208	-400	290	1	0	1	0	1	0	1	1	92	0	9		
2019-07-22 08:00:00	57.3927	18.07659	12	0	6	0	0	0.005	13.9	19	1017	26	3	0.7	12	-300	290	0	1	1	0	1	0	1	1	0	0	89		
2019-07-22 08:10:00	57.3897	18.07497	12	0	7	0	0	0.005	13.9	19	1017	26	3	0.6	196	-200	285	0	0	1	1	0	1	1	1	81	1	9		
2019-07-22 08:20:00	57.38634	18.07359	13	0	8	0	0	0.005	13.9	19	1017	26	1	0.6	192	-400	285	1	0	0	1	1	0	1	1	85	7	9		
2019-07-22 08:30:00	57.38922	18.07431	41	0	9	0	0	0.005	13.8	19	1017	26	1	0.5	8	-200	280	1	1	0	0	1	1	1	1	8	0	93		
2019-07-22 08:40:00	57.39243	18.07377	13	0	10	0	0	0.005	13.9	19	1017	26	1	0.6	355	-200	280	0	1	1	0	0	1	1	1	0	0	98		
2019-07-22 08:50:00	57.38889	18.07233	13	0	11	0	0	0.005	13.9	19	1017	26	1	0.7	193	-100	275	1	0	1	1	0	0	1	1	94	0	7		
2019-07-22 09:00:00	57.39186	18.07209	13	0	12	0	0	0.005	13.9	19	1017	26	1	0.5	358	-100	275	0	1	0	1	1	0	1	1	8	0	93		
2019-07-22 09:10:00	57.38838	18.0708	12	0	13	0	0	0.005	13.9	19	1017	26	1	0.7	191	200	275	1	0	1	0	1	1	1	1	93	0	8		
2019-07-22 09:20:00	57.39108	18.07098	12	0	14	0	0	0.005	13.9	19	1017	26	1	0.5	2	0	275	3	1	0	1	0	1	1	1	8	0	92		
2019-07-22 09:30:00	57.38745	18.07761	12	0	15	0	0	0.005	13.9	19	1017	26	1	0.9	135	-500	275	1	3	1	0	1	0	1	1	91	0	10		
2019-07-22 09:40:00	57.39033	18.07815	13	0	16	0	0	0.005	13.9	19	1017	26	1	0.5	6	-400	275	0	1	3	1	0	1	1	1	5	0	96		
2019-07-22 09:50:00	57.38739	18.07725	12	0	17	0	0	0.005	13.9	19	1018	26	1	0.6	189	-500	275	1	0	1	3	1	0	1	1	92	0	9		
2019-07-22 10:00:00	57.38976	18.07698	13	0	18	0	0	0.005	13.8	19	1017	26	1	0.4	357	-300	275	1	1	0	1	3	1	1	1	11	1	89		
2019-07-22 10:10:00	57.39318	18.07548	13	0	19	0	0	0.005	13.8	19	1018	26	1	0.6	347	-300	275	0	1	1	0	1	3	1	1	0	0	100		
2019-07-22 10:20:00	57.38985	18.07557	13	0	20	0	0	0.005	13.8	19	1018	26	2	0.6	179	-300	265	1	0	1	1	0	1	1	1	88	0	9		
2019-07-22 10:30:00	57.39258	18.07368	12	0	21	0	0	0.005	13.8	19	1018	26	1	0.5	340	-200	260	0	1	0	1	1	0	1	1	7	0	94		
2019-07-22 10:40:00	57.38907	18.07437	12	0	22	0	0	0.005	13.9	19	1018	26	1	0.6	174	-200	255	1	0	1	0	1	1	1	1	94	0	7		
2019-07-22 10:50:00	57.39093	18.07494	12	0	23	0	0	0.005	13.9	19	1018	26	1	0.3	9	-200	270	0	1	0	1	0	1	1	1	9	3	87		
2019-07-22 11:00:00	57.38904	18.07557	13	0	24	0	0	0.005	13.9	19	1018	26	1	0.4	170	-300	270	1	0	1	0	1	0	1	1	91	0	10		
2019-07-22 11:10:00	57.3909	18.07581	14	0	25	0	0	0.005	13.9	19	1018	26	1	0.3	4	-300	265	0	1	0	1	0	1	1	1	6	1	94		
2019-07-22 11:20:00	57.38907	18.0777	41	0	26	0	0	0.005	13.8	19	1018	26	3	0.4	151	-400	255	1	0	1	0	1	0	1	1	77	1	12		
2019-07-22 11:30:00	57.39057	18.07803	12	0	27	0	0	0.005	13.8	19	1018	26	2	0.3	7	-400	255	1	1	0	1	0	1	1	1	12	2	78		
2019-07-22 11:40:00	57.39279	18.07761	13	0	28	0	0	0.005	13.9	19	1018	26	1	0.4	354	-400	255	0	1	1	0	1	0	1	1	0	0	100		
2019-07-22 11:50:00	57.39057	18.07902	12	0	29	0	0	0.005	13.9	20	1018	26	1	0.4	161	-500	255	1	0	1	1	0	1	1	1	93	1	7		
2019-07-22 12:00:00	57.39237	18.07863	13	0	0	0	0	0.005	13.9	20	1018	26	1	0.3	353	-500	255	0	1	0	1	1	0	1	1	12	1	88		
2019-07-22 12:10:00	57.39009	18.08073	12	0	1	0	0	0.005	13.9	20	1018	26	1	0.5	153	-600	250	1	0	1	0	1	1	1	1	93	1	7		
2019-07-22 12:20:00	57.39159	18.08058	12	0	2	0	0	0.005	13.9	20	1018	26	1	0.3	357	-600	250	1	1	0	1	0	1	1	1	11	3	87		
2019-07-22 12:30:00	57.39354	18.07965	12	0	3	0	0	0.005	13.9	20	1018	26	2	0.4	346	-500	250	0	1	1	0	1	0	1	1	0	3	97		
2019-07-22 12:40:00	57.39204	18.08121	14	0	4	0	0	0.005	13.8	20	1018	26	2	0.3	150	-600	250	0	0	1	1	0	1	1	1	81	2	11		
2019-07-22 12:50:00	57.38991	18.08265	15	0	5	0	0	0.005	13.9	20	1018	26	1	0.4	160	-700	250	1	0	0	1	1	0	1	1	95	6	0		
2019-07-22 13:00:00	57.39093	18.08238	40	0	6	0	0	0.005	13.9	20	1018	26	1	0.2	352	-700	255	1	1	0	0	1	1	1	1	13	4	82		
2019-07-22 13:10:00	57.3924	18.08007	12	0	7	0	0	0.005	13.9	20	1018	26	1	0.4	319	-500	255	1	1	1	0	0	1	1	1	0	3	95		
2019-07-22 13:20:00	57.3939	18.07626	11	0	8	0	0	0.005	13.9	20	1017	26	1	0.5	306	-300	255	0	1	1	1	0	0	1	1	0	0	100		
2019-07-22 13:30:00	57.39267	18.08127	13	0	9	0	0	0.005	13.9	20	1018	26	1	0.5	115	-600	210	1	0	1	1	1	0	1	1	89	0	12		
2019-07-22 13:40:00	57.39348	18.07872	13	0	10	0	0	0.005	13.8	20	1018	26	1	0.3	301	-500	205	1	1	0	1	1	1	1	1	10	0	90		
2019-07-22 13:50:00	57.39519	18.07458	11	0	11	0	0	0.005	13.8	20	1017	26	1	0.5	307	-200	205	0	1	1	0	1	1	1	1	0	0	100		
2019-07-22 14:00:00	57.39411	18.07965	12	0	12	0	0	0.005	13.9	20	1017	26	1	0.5	111	-500	210	1	0	1	1	0	1	1	1	88	0	13		
2019-07-22 14:10:00	57.39492	18.07638	12	0	13	0	0	0.005	13.9	20	1017	26	1	0.4	294	-300	200	1	1	0	1	1	0	1	1	9	1	91		
2019-07-22 14:20:00	57.39624	18.07167		0	14	0	0	0.005	13.9	20	1017	26	1	0.6	298	-100	200	0	1	1	0	1	1	1	1	0	2	99		
2019-07-22 14:30:00	57.39822	18.06735	19	0	16	0	0	0.005	13.9	20	1017	26	1	0.5	309	200	80	1	1	0	1	1	0	1	1	5	1	95		
2019-07-22 14:40:00	57.39903	18.06312	71	0	17	0	0	0.005	13.9	20	1017	26	1	0.4	290	400	80	1	1	1	0	1	1	0	1	0	1	100		
2019-07-22 14:50:00	57.40065	18.05874	12	0	18	0	0	0.005	13.9	20	1017	26	1	0.6	304	600	80	1	1	1	1	0	1	0	1	0	0	89		
2019-07-22 15:00:00	57.40182	18.05403	12	0	19	0	0	0.005	13.9	20	1017	26	1	0.5	295	900	80	1	1	1	1	1	0	0	1	0	1	100		
2019-07-22 15:10:00	57.40314	18.04959	12	0	20	0	0	0.005	13.8	20	1017	26	1	0.5	299	1200	80	1	1	1	1	1	1	0	1	0	0	100		
2019-07-22 15:20:00	57.40389	18.04428	12	0	21	0	0	0.005	13.8	20	1017	26	1	0.5	285	1500	80	1	1	1	1	1	1	0	1	0	0	100		
2019-07-22 15:30:00	57.40524	18.03963	13	0	22	0	0	0.005	13.9	19	1017	26	1	0.5	298	1800	80	1	1	1	1	1	1	0	1	0	2	99		
2019-07-22 15:40:00	57.40635	18.03447	12	0	23	0	0	0.005	13.9	19	1017	26	3	0.6	292	2200	80	1	1	1	1	1	1	0	1	0	0	90		
2019-07-22 15:50:00	57.40734	18.02907	13	0	24	0	0	0.005	13.9	19	1017	26	2	0.6	289	2500	80	1	1	1	1	1	1	0	1	0	0	98		
2019-07-22 16:00:00	57.4086	18.02373	40	0	25	0	0	0.005	13.9	19	1017	26	1	0.6	293	2900	80	1	1	1	1	1	1	0	1	0	0	100		
2019-07-22 16:10:00	57.40962	18.01836	12	0	26	0	0	0.005	13.9	19	1017	26	1	0.6	290	3200	80	0	1	1	1	1	1	0	1	0	0	97		
2019-07-22 16:20:00	57.40905	18.02406	12	0	27	0	0	0.005	13.9	19	1017	26	1	0.6	101	2900	195	0	0	1	1	1	1	0	1	90	0	11		
2019-07-22 16:30:00	57.40782	18.03042	11	0	28	0	0	0.005	13.9	19	1017	26	1	0.7	110	2400	195	0	0	0	1	1	1	0	1	100	0	0		
2019-07-22 16:40:00	57.40668	18.036	12	0	29	0	0	0.005	13.9	19	1017	26	1	0.6	111	2100	195	0	0	0	0	1	1	0	1	100	1	0		
2019-07-22 16:50:00	57.40572	18.04188	11	0	0	0	0	0.005	14	19	1017	26	1	0.6	107	1700	195	0	0	0	0	0	1	0	1	100	0	0		
2019-07-22 17:00:00	57.40488	18.04806	11	0	1	0	0	0.005	14	19	1017	26	1	0.6	104	1300	195	0	0	0	0	0	0	0	1	99	2	0		
2019-07-22 17:10:00	57.40389	18.054	12	0	2	0	0	0.005	14	19	1017	26	1	0.6	107	1000	195	0	0	0	0	0	0	0	1	100	0	0		
2019-07-22 17:20:00	57.4032	18.06009	12	0	3	0	0	0.005	14	19	1017	26	1	0.6	102	600	195	0	0	0	0	0	0	0	1	100	1	0		
2019-07-22 17:30:00	57.40242	18.06648	12	0	4	0	0	0.005	13.9	19	1017	26	1	0.7	102	200	195	0	0	0	0	0	0	0	1	100	1	0		
2019-07-22 17:50:00	57.40077	18.07629	11	0	6	0	0	0.005	13.9	19	1017	26	3	0.5	109	-400	195	0	0	0	0	0	0	0	1	87	1	0		
2019-07-22 18:00:00	57.3999	18.07992	12	0	7	0	0	0.005	13.9	19	1017	26	2	0.4	114	-600	195	1	0	0	0	0	0	0	1	90	5	0		
2019-07-22 18:10:00	57.40092	18.07773	11	0	8	0	0	0.005	13.9	19	1017	26	1	0.3	311	-500	210	0	1	0	0	0	0	0	1	12	3	86		
2019-07-22 18:20:00	57.40065	18.0819	12	0	9	0	0	0.005	13.9	19	1017	26	1	0.4	97	-700	200	1	0	1	0	0	0	0	1	89	2	10		
2019-07-22 18:30:00	57.40173	18.07929	11	0	10	0	0	0.005	14	19	1017	26	1	0.3	307	-600	200	1	1	0	1	0	0	0	1	11	3	87		
2019-07-22 18:40:00	57.40257	18.07569	13	0	11	0	0	0.005	14	19	1017	26	1	0.4	294	-400	200	0	1	1	0	1	0	0	1	0	5	96		
2019-07-22 18:50:00	57.40221	18.07989	12	0	12	0	0	0.005	14.1	19	1017	26	1	0.4	99	-600	195	1	0	1	1	0	1	0	1	90	1	10		
2019-07-22 19:00:00	57.40293	18.07827	11	0	13	0	0	0.005	14	19	1017	26	3	0.2	310	-600	200	0	1	0	1	1	0	0	1	13	2	73		
2019-07-22 19:10:00	57.4026	18.08211	13	0	14	0	0	0.005	14.1	19	1017	26	1	0.4	99	-800	200	1	0	1	0	1	1	0	1	87	2	12		
2019-07-22 19:20:00	57.40353	18.08097	11	0	15	0	0	0.005	14	19	1017	26	1	0.2	326	-700	205	0	1	0	1	0	1	0	1	9	13	79		
2019-07-22 19:30:00	57.40308	18.08409	14	0	16	0	0	0.005	14	19	1017	26	1	0.3	104	-900	210	0	0	1	0	1	0	0	1	84	5	12		
2019-07-22 19:40:00	57.402	18.0867	26	0	17	0	0	0.005	14	18	1017	26	1	0.3	127	-1000	210	0	0	0	1	0	1	0	1	92	9	0		
2019-07-22 19:50:00	57.40059	18.08874	41	0	18	0	0	0.005	14	18	1017	26	1	0.3	142	-1100	210	0	0	0	0	1	0	0	1	99	2	0		
2019-07-22 20:00:00	57.39915	18.09108	12	0	19	0	0	0.005	14	18	1017	26	1	0.4	139	-1300	210	0	0	0	0	0	1	0	1	95	1	0		
2019-07-22 20:10:00	57.39774	18.09282	11	0	20	0	0	0.005	14	18	1017	26	1	0.3	147	-1400	210	1	0	0	0	0	0	0	1	98	3	0		
2019-07-22 20:20:00	57.39846	18.09228	12	0	21	0	0	0.005	13.9	18	1017	26	3	0.1	338	-1300	240	0	1	0	0	0	0	0	1	15	11	65		
2019-07-22 20:30:00	57.39774	18.09408	12	0	22	0	0	0.005	13.9	18	1017	26	1	0.2	126	-1400	230	1	0	1	0	0	0	0	1	80	9	12		
2019-07-22 20:50:00	57.39954	18.09141	11	0	24	0	0	0.005	13.9	18	1017	26	3	0.3	306	-1300	235	1	1	1	0	1	0	0	1	0	4	85		
2019-07-22 21:10:00	57.40161	18.0873	12	0	26	0	0	0.005	13.9	18	1017	26	3	0.3	316	-1100	235	0	1	1	1	1	0	0	1	0	4	84		
2019-07-22 21:20:00	57.40059	18.08829	11	0	27	0	0	0.005	13.9	18	1017	26	2	0.2	153	-1100	235	0	0	1	1	1	1	0	1	80	2	15		
2019-07-22 21:30:00	57.39921	18.08853	13	0	28	0	0	0.005	13.9	18	1017	26	3	0.3	175	-1100	235	0	0	0	1	1	1	0	1	93	1	0		
2019-07-22 21:40:00	57.39831	18.08868	13	0	29	0	0	0.005	13.9	18	1018	26	1	0.2	175	-1100	235	0	0	0	0	1	1	0	1	97	4	0		
2019-07-22 21:50:00	57.39666	18.08898	12	0	0	0	0	0.005	13.9	18	1017	26	1	0.3	175	-1100	235	0	0	0	0	0	1	0	1	100	1	0		
2019-07-22 22:00:00	57.39477	18.08886	40	0	1	0	0	0.005	13.8	18	1017	26	1	0.3	182	-1100	235	0	0	0	0	0	0	0	1	100	0	0		
2019-07-22 22:10:00	57.39183	18.08856	12	0	2	0	0	0.005	13.8	18	1018	26	1	0.6	183	-1000	235	1	0	0	0	0	0	0	1	98	0	0		
2019-07-22 22:20:00	57.39369	18.08817	12	0	3	0	0	0.005	13.8	18	1018	26	1	0.3	353	-1000	270	0	1	0	0	0	0	0	1	11	2	88		
2019-07-22 22:30:00	57.39126	18.08811	11	0	4	0	0	0.005	13.8	18	1018	26	1	0.4	181	-1000	270	0	0	1	0	0	0	0	1	91	0	10		
2019-07-22 22:40:00	57.38745	18.08616	12	0	5	0	0	0.005	13.8	18	1018	26	1	0.7	195	-900	270	1	0	0	1	0	0	1	1	100	0	0		
2019-07-22 22:50:00	57.38973	18.08721	12	0	6	0	0	0.005	13.8	18	1018	26	1	0.4	14	-1000	285	0	1	0	0	1	0	1	1	9	1	91		
2019-07-22 23:00:00	57.38634	18.08535	12	0	7	0	0	0.005	13.8	18	1018	26	1	0.7	196	-900	285	1	0	1	0	0	1	1	1	91	0	10		
2019-07-22 23:30:00	57.38811	18.08493	12	0	10	0	0	0.005	13.8	18	1018	26	3	0.3	14	-800	295	0	1	0	1	0	1	1	1	11	0	77		
2019-07-22 23:40:00	57.38586	18.08343	12	0	11	0	0	0.005	13.7	19	1018	26	2	0.4	200	-900	290	1	0	1	0	1	0	1	1	87	0	10		
2019-07-22 23:50:00	57.38775	18.08475	13	0	12	0	0	0.005	13.7	19	1018	26	1	0.4	21	-800	290	0	1	0	1	0	1	1	1	11	1	89		
2019-07-23 00:00:00	57.38505	18.08247	12	0	13	0	0	0.005	13.7	19	1018	26	1	0.6	205	-900	295	1	0	1	0	1	0	1	1	92	0	9		
2019-07-23 00:10:00	57.38694	18.08508	14	0	14	0	0	0.005	13.7	19	1018	26	1	0.4	37	-900	300	0	1	0	1	0	1	1	1	8	0	89		
2019-07-23 00:20:00	57.38415	18.0828	13	0	15	0	0	0.005	13.7	19	1018	26	1	0.6	204	-900	300	1	0	1	0	1	0	1	1	92	0	9		
2019-07-23 00:30:00	57.38577	18.08487	13	0	16	0	0	0.005	13.7	19	1018	26	1	0.4	35	-900	300	1	1	0	1	0	1	1	1	10	1	90		
2019-07-23 00:40:00	57.38808	18.08727	13	0	17	0	0	0.005	13.7	19	1018	26	1	0.5	29	-1000	300	0	1	1	0	1	0	1	1	0	0	100		
2019-07-23 00:50:00	57.38568	18.08565	15	0	18	0	0	0.005	13.7	19	1018	26	1	0.5	200	-1000	295	1	0	1	1	0	1	1	1	89	0	12		
2019-07-23 01:00:00	57.38667	18.08757	13	0	19	0	0	0.005	13.7	19	1018	26	2	0.3	46	-1000	300	0	1	0	1	1	0	0	1	11	2	82		
2019-07-23 01:10:00	57.38367	18.0855	41	0	20	0	0	0.005	13.7	19	1018	26	1	0.6	201	-1100	300	1	0	1	0	1	1	0	1	92	0	9		
2019-07-23 01:20:00	57.38505	18.08712	12	0	21	0	0	0.005	13.7	19	1018	26	1	0.3	32	-1100	295	1	1	0	1	0	1	0	1	10	1	86		
2019-07-23 01:30:00	57.38736	18.08874	12	0	22	0	0	0.005	13.7	19	1018	26	1	0.5	21	-1100	295	0	1	1	0	1	0	0	1	0	2	99		
2019-07-23 01:40:00	57.38415	18.0864	12	0	23	0	0	0.005	13.7	19	1018	26	1	0.6	202	-1100	290	1	0	1	1	0	1	0	1	93	0	8		
2019-07-23 01:50:00	57.38601	18.08766	11	0	24	0	0	0.005	13.7	19	1018	26	2	0.4	20	-1100	290	1	1	0	1	1	0	0	1	8	2	87		
2019-07-23 02:00:00	57.38904	18.08913	12	0	25	0	0	0.005	13.7	18	1018	26	1	0.6	14	-1100	290	0	1	1	0	1	1	0	1	0	0	100		
2019-07-23 02:10:00	57.38682	18.08673	12	0	26	0	0	0.005	13.7	19	1018	26	1	0.5	210	-1000	290	0	0	1	1	0	1	1	1	92	0	9		
2019-07-23 02:20:00	57.38385	18.08352	12	0	27	0	0	0.005	13.7	19	1018	26	1	0.6	210	-1000	290	1	0	0	1	1	0	1	1	100	1	0		
2019-07-23 02:30:00	57.38565	18.08586	12	0	28	0	0	0.005	13.7	19	1018	26	1	0.4	35	-1000	300	1	1	0	0	1	1	1	1	10	0	91		
2019-07-23 02:40:00	57.38808	18.08754	12	0	29	0	0	0.005	13.7	18	1017	26	1	0.5	20	-1000	300	0	1	1	0	0	1	1	1	0	2	99		
2019-07-23 02:50:00	57.3855	18.08571	12	0	0	0	0	0.005	13.7	18	1018	26	1	0.5	201	-1000	290	1	0	1	1	0	0	1	1	90	1	10		
2019-07-23 03:10:00	57.38514	18.08565	12	0	2	0	0	0.005	13.7	18	1018	26	3	0.4	197	-1000	290	1	0	1	0	1	1	0	1	77	0	9		
2019-07-23 03:20:00	57.38667	18.08667	11	0	3	0	0	0.005	13.7	18	1018	26	2	0.3	20	-1000	290	1	1	0	1	0	1	1	1	11	1	84		
2019-07-23 03:30:00	57.38922	18.08721	13	0	4	0	0	0.005	13.7	18	1018	26	1	0.5	6	-1000	290	0	1	1	0	1	0	1	1	0	0	100		
2019-07-23 03:40:00	57.38658	18.08547	13	0	5	0	0	0.005	13.7	18	1018	26	1	0.5	200	-900	285	1	0	1	1	0	1	1	1	92	0	9		
2019-07-23 03:50:00	57.38829	18.0876	12	0	6	0	0	0.005	13.8	18	1018	26	1	0.4	34	-1000	295	0	1	0	1	1	0	1	1	10	2	89		
2019-07-23 04:00:00	57.38556	18.08559	40	0	7	0	0	0.005	13.8	18	1018	26	1	0.5	202	-1000	295	1	0	1	0	1	1	1	1	90	1	10		
2019-07-23 04:10:00	57.38757	18.08706	19	0	8	0	0	0.005	13.9	18	1018	26	1	0.4	21	-1000	290	0	1	0	1	0	1	1	1	8	1	88		
2019-07-23 04:20:00	57.3852	18.08589	19	0	9	0	0	0.005	14	18	1018	26	1	0.5	195	-1000	290	1	0	1	0	1	0	0	1	89	1	11		
2019-07-23 04:30:00	57.38655	18.08748	15	0	10	0	0	0.005	14	18	1018	26	1	0.3	32	-1000	290	1	1	0	1	0	1	0	1	10	0	89		
2019-07-23 04:40:00	57.3885	18.08832	12	0	11	0	0	0.005	14	18	1018	26	1	0.4	13	-1000	290	0	1	1	0	1	0	0	1	0	1	100		
2019-07-23 04:50:00	57.38646	18.08736	12	0	12	0	0	0.005	14	18	1018	26	1	0.4	194	-1000	285	1	0	1	1	0	1	0	1	86	2	11		
2019-07-23 05:00:00	57.38784	18.08865	12	0	13	0	0	0.005	14	18	1018	26	1	0.3	27	-1100	290	0	1	0	1	1	0	0	1	12	5	84		
2019-07-23 05:10:00	57.38589	18.08775	13	0	14	0	0	0.005	13.9	18	1018	26	1	0.4	194	-1100	290	1	0	1	0	1	1	0	1	85	2	14		
2019-07-23 05:20:00	57.38706	18.08961	12	0	15	0	0	0.005	13.9	18	1018	26	1	0.3	40	-1100	295	0	1	0	1	0	1	0	1	10	4	87		
2019-07-23 05:30:00	57.38526	18.08937	12	0	16	0	0	0.005	13.9	18	1018	26	1	0.3	184	-1200	290	1	0	1	0	1	0	0	1	87	1	12		
2019-07-23 05:40:00	57.38625	18.09042	12	0	17	0	0	0.005	13.9	18	1018	26	1	0.2	30	-1200	285	1	1	0	1	0	1	0	1	11	11	78		
2019-07-23 05:50:00	57.38772	18.09066	13	0	18	0	0	0.005	13.9	18	1018	26	2	0.3	5	-1200	285	1	1	1	0	1	0	0	1	0	10	86		
2019-07-23 06:00:00	57.38931	18.09087	13	0	19	0	0	0.005	13.9	18	1018	26	1	0.3	4	-1200	285	0	1	1	1	0	1	0	1	0	9	92		
2019-07-23 06:10:00	57.38775	18.09138	13	0	20	0	0	0.005	13.9	18	1018	26	1	0.3	170	-1200	265	1	0	1	1	1	0	0	1	82	8	11		
2019-07-23 06:20:00	57.38853	18.09276	41	0	21	0	0	0.005	13.9	19	1018	26	2	0.2	44	-1300	280	0	1	0	1	1	1	0	1	19	11	68		
2019-07-23 06:30:00	57.38721	18.09375	13	0	22	0	0	0.005	13.9	19	1018	26	1	0.3	158	-1400	275	1	0	1	0	1	1	0	1	75	11	11		
2019-07-23 06:40:00	57.38799	18.09435	12	0	23	0	0	0.005	13.9	19	1018	26	3	0.2	23	-1400	265	1	1	0	1	0	1	0	1	14	8	66		
2019-07-23 06:50:00	57.38967	18.09393	11	0	24	0	0	0.005	13.9	19	1018	26	1	0.3	352	-1400	265	1	1	1	0	1	0	0	1	0	9	92		
2019-07-23 07:00:00	57.39123	18.09372	12	0	25	0	0	0.005	13.9	19	1018	26	1	0.3	355	-1300	265	1	1	1	1	0	1	0	1	0	10	91		
2019-07-23 07:10:00	57.39276	18.09354	12	0	26	0	0	0.005	13.9	19	1018	26	1	0.3	357	-1400	265	0	1	1	1	1	0	0	1	0	11	90		
2019-07-23 07:20:00	57.39165	18.09462	12	0	27	0	0	0.005	13.9	19	1018	26	3	0.2	152	-1400	255	1	0	1	1	1	1	0	1	73	2	17		
2019-07-23 07:30:00	57.39306	18.09459	11	0	28	0	0	0.005	13.9	19	1018	26	1	0.3	359	-1400	255	0	1	0	1	1	1	0	1	13	3	85		
2019-07-23 07:40:00	57.39174	18.0954	12	0	29	0	0	0.005	13.9	19	1019	26	1	0.3	162	-1500	260	1	0	1	0	1	1	0	1	86	2	12		
2019-07-23 07:50:00	57.39321	18.09558	12	0	0	0	0	0.005	13.9	19	1019	26	1	0.3	4	-1500	265	0	1	0	1	0	1	0	1	13	7	81		
2019-07-23 08:00:00	57.39177	18.09759	12	0	1	0	0	0.005	13.9	19	1019	26	1	0.3	143	-1600	250	1	0	1	0	1	0	0	1	90	3	8		
2019-07-23 08:10:00	57.39321	18.09792	12	0	2	0	0	0.005	13.9	19	1019	26	1	0.3	7	-1600	250	1	1	0	1	0	1	0	1	10	6	85		
2019-07-23 08:20:00	57.39504	18.09723	11	0	3	0	0	0.005	13.9	19	1019	26	1	0.3	348	-1600	250	1	1	1	0	1	0	0	1	0	8	93		
2019-07-23 08:30:00	57.39663	18.09636	18	0	4	0	0	0.005	13.8	19	1019	26	1	0.3	344	-1600	250	1	1	1	1	0	1	0	1	0	8	93		
2019-07-23 08:40:00	57.39852	18.09507	11	0	5	0	0	0.005	13.9	19	1019	26	1	0.4	340	-1500	250	0	1	1	1	1	0	0	1	0	2	99		
2019-07-23 08:50:00	57.39717	18.09684	12	0	6	0	0	0.005	13.9	20	1019	26	1	0.3	145	-1600	245	0	0	1	1	1	1	0	1	86	2	12		
2019-07-23 09:00:00	57.39516	18.09771	12	0	7	0	0	0.005	13.9	20	1019	26	1	0.4	167	-1600	245	0	0	0	1	1	1	0	1	100	0	0		
2019-07-23 09:10:00	57.39354	18.09912	41	0	8	0	0	0.005	13.9	20	1019	26	1	0.3	155	-1700	245	1	0	0	0	1	1	0	1	93	8	0		
2019-07-23 09:20:00	57.39492	18.09933	11	0	9	0	0	0.005	13.9	20	1019	26	1	0.3	4	-1700	260	0	1	0	0	0	1	0	1	11	4	82		
2019-07-23 09:30:00	57.39399	18.10116	12	0	10	0	0	0.005	13.9	20	1019	26	1	0.3	133	-1800	250	1	0	1	0	0	0	0	1	78	11	12		
2019-07-23 09:40:00	57.3951	18.10164	12	0	11	0	0	0.005	13.8	20	1019	26	3	0.2	13	-1900	250	1	1	0	1	0	0	0	1	15	4	69		
2019-07-23 09:50:00	57.39672	18.10017	11	0	12	0	0	0.005	13.9	20	1019	26	1	0.3	334	-1800	250	1	1	1	0	1	0	0	1	0	4	97		
2019-07-23 10:00:00	57.39822	18.09855	13	0	13	0	0	0.005	13.9	20	1019	26	2	0.3	330	-1700	250	1	1	1	1	0	1	0	1	0	4	94		
2019-07-23 10:10:00	57.39948	18.09615	12	0	14	0	0	0.005	13.9	20	1019	26	1	0.3	315	-1600	250	1	1	1	1	1	0	0	1	0	5	96		
2019-07-23 10:20:00	57.40047	18.09351	13	0	15	0	0	0.005	13.9	20	1019	26	1	0.3	304	-1400	250	1	1	1	1	1	1	0	1	0	4	97		
2019-07-23 10:30:00	57.40155	18.09069	12	0	16	0	0	0.005	13.9	20	1019	26	1	0.3	306	-1300	250	1	1	1	1	1	1	0	1	0	1	100		
2019-07-23 10:40:00	57.40278	18.08805	12	0	17	0	0	0.005	13.9	20	1019	26	1	0.3	311	-1100	250	0	1	1	1	1	1	0	1	0	4	97		
2019-07-23 10:50:00	57.40206	18.09141	13	0	18	0	0	0.005	13.9	20	1019	26	1	0.4	111	-1300	210	1	0	1	1	1	1	0	1	86	2	13		
2019-07-23 11:00:00	57.4032	18.09036	24	0	19	0	0	0.005	13.9	20	1019	26	1	0.2	333	-1300	215	1	1	0	1	1	1	0	1	17	3	80		
2019-07-23 11:10:00	57.40443	18.08781	14	0	20	0	0	0.005	13.9	20	1019	26	1	0.3	312	-1200	215	1	1	1	0	1	1	0	1	0	3	98		
2019-07-23 11:20:00	57.40578	18.08451	41	0	21	0	0	0.005	13.9	20	1019	26	2	0.4	307	-1000	215	0	1	1	1	0	1	0	1	0	2	98		
2019-07-23 11:30:00	57.40458	18.08844	12	0	22	0	0	0.005	13.9	20	1019	26	1	0.5	119	-1200	215	1	0	1	1	1	0	0	1	84	0	13		
2019-07-23 11:40:00	57.40587	18.08661	11	0	23	0	0	0.005	13.9	20	1019	26	1	0.3	323	-1100	220	0	1	0	1	1	1	0	1	11	5	85		
2019-07-23 11:50:00	57.40485	18.08919	12	0	24	0	0	0.005	13.8	20	1019	26	1	0.3	127	-1200	225	0	0	1	0	1	1	0	1	83	4	14		
2019-07-23 12:00:00	57.40284	18.09231	11	0	25	0	0	0.005	13.8	20	1019	26	1	0.5	140	-1400	225	0	0	0	1	0	1	0	1	100	1	0		
2019-07-23 12:10:00	57.40077	18.09537	12	0	26	0	0	0.005	13.9	20	1019	26	1	0.5	141	-1500	225	0	0	0	0	1	0	0	1	99	2	0		
2019-07-23 12:20:00	57.39831	18.09933	12	0	27	0	0	0.005	13.9	20	1019	26	1	0.6	139	-1800	225	1	0	0	0	0	1	0	1	100	0	0		
2019-07-23 12:30:00	57.39975	18.09732	11	0	28	0	0	0.005	13.9	20	1019	26	1	0.3	323	-1600	230	1	1	0	0	0	0	0	1	12	0	88		
2019-07-23 12:40:00	57.40125	18.09357	12	0	29	0	0	0.005	13.9	20	1019	26	1	0.5	307	-1400	230	1	1	1	0	0	0	0	1	0	1	100		
2019-07-23 12:50:00	57.40239	18.0903	12	0	0	0	0	0.005	13.9	20	1019	26	1	0.4	303	-1300	230	0	1	1	1	0	0	0	1	0	4	97		
2019-07-23 13:00:00	57.40101	18.09405	12	0	1	0	0	0.005	13.9	20	1019	26	1	0.5	125	-1500	215	1	0	1	1	1	0	0	1	88	0	13		
2019-07-23 13:10:00	57.4026	18.09192	14	0	2	0	0	0.005	13.9	20	1019	26	1	0.4	325	-1400	225	0	1	0	1	1	1	0	1	13	0	88		
2019-07-23 13:20:00	57.4011	18.09615	12	0	3	0	0	0.005	13.9	20	1019	26	1	0.5	123	-1600	220	1	0	1	0	1	1	0	1	90	0	11		
2019-07-23 13:30:00	57.40269	18.09354	12	0	4	0	0	0.005	13.9	20	1019	26	1	0.4	318	-1400	220	1	1	0	1	0	1	0	1	8	2	91		
2019-07-23 13:40:00	57.40407	18.08898	13	0	5	0	0	0.005	13.9	20	1018	26	1	0.5	300	-1200	220	1	1	1	0	1	0	0	1	0	1	100		
2019-07-23 13:50:00	57.40563	18.08397	13	0	6	0	0	0.005	13.9	20	1019	26	1	0.6	300	-1000	220	0	1	1	1	0	1	0	1	0	0	100		
2019-07-23 14:00:00	57.4041	18.08907	40	0	7	0	0	0.005	13.9	20	1019	26	1	0.6	119	-1200	210	1	0	1	1	1	0	0	1	92	0	9		
2019-07-23 14:10:00	57.40509	18.0858	12	0	8	0	0	0.005	13.9	20	1018	26	1	0.4	299	-1100	210	0	1	0	1	1	1	0	1	9	1	86		
2019-07-23 14:20:00	57.40371	18.0897	12	0	9	0	0	0.005	13.9	20	1019	26	1	0.5	123	-1200	210	1	0	1	0	1	1	0	1	93	0	8		
2019-07-23 14:30:00	57.40473	18.08691	12	0	10	0	0	0.005	13.9	20	1018	26	1	0.3	304	-1100	215	0	1	0	1	0	1	0	1	11	1	89		
2019-07-23 14:40:00	57.40362	18.09126	12	0	11	0	0	0.005	13.9	20	1018	26	1	0.5	115	-1300	210	1	0	1	0	1	0	0	1	88	0	13		
2019-07-23 14:50:00	57.40503	18.08919	12	0	12	0	0	0.005	13.9	20	1018	26	1	0.3	321	-1200	215	0	1	0	1	0	1	0	1	10	4	87		
2019-07-23 15:00:00	57.40434	18.09276	11	0	13	0	0	0.005	13.9	20	1018	26	1	0.4	110	-1400	215	1	0	1	0	1	0	0	1	90	1	10		
2019-07-23 15:10:00	57.40578	18.09132	12	0	14	0	0	0.005	14	20	1018	26	1	0.3	332	-1400	220	0	1	0	1	0	1	0	1	14	3	84		
2019-07-23 15:20:00	57.40521	18.09423	12	0	15	0	0	0.005	13.9	20	1018	26	1	0.3	110	-1500	220	0	0	1	0	1	0	0	1	89	2	10		
2019-07-23 15:30:00	57.4044	18.09873	12	0	16	0	0	0.005	13.9	20	1018	26	2	0.5	108	-1800	220	1	0	0	1	0	1	0	1	98	0	0		
2019-07-23 15:40:00	57.4053	18.0969	12	0	17	0	0	0.005	13.9	20	1018	26	1	0.2	312	-1700	205	1	1	0	0	1	0	0	1	11	3	87		
2019-07-23 15:50:00	57.40593	18.09369	12	0	18	0	0	0.005	13.9	20	1018	26	1	0.3	290	-1500	205	1	1	1	0	0	1	0	1	0	8	93		
2019-07-23 16:00:00	57.40686	18.09063	12	0	19	0	0	0.005	13.9	20	1019	26	1	0.4	300	-1400	205	1	1	1	1	0	0	0	1	0	6	95		
2019-07-23 16:10:00	57.40749	18.0882	11	0	20	0	0	0.005	13.9	20	1018	26	2	0.3	296	-1300	205	1	1	1	1	1	0	0	1	0	11	83		
2019-07-23 16:20:00	57.40839	18.08574	12	0	21	0	0	0.005	13.9	20	1018	26	1	0.3	303	-1300	205	1	1	1	1	1	1	0	1	3	3	95		
2019-07-23 16:30:00	57.40887	18.08307	14	0	22	0	0	0.005	13.9	20	1019	26	2	0.3	289	-1200	205	1	1	1	1	1	1	0	1	0	4	91		
2019-07-23 16:40:00	57.40995	18.07998	13	0	23	0	0	0.005	14	20	1019	26	1	0.4	303	-1100	205	0	1	1	1	1	1	0	1	0	1	100		
2019-07-23 16:50:00	57.4092	18.08292	12	0	24	0	0	0.005	14	19	1019	26	1	0.3	115	-1200	210	0	0	1	1	1	1	0	1	86	2	13		
2019-07-23 17:00:00	57.4083	18.0858	12	0	25	0	0	0.005	14	19	1019	26	1	0.3	120	-1200	210	0	0	0	1	1	1	0	1	87	14	0		
2019-07-23 17:10:00	57.40686	18.08823	13	0	26	0	0	0.005	14	19	1019	26	1	0.4	138	-1300	210	0	0	0	0	1	1	0	1	98	3	0		
2019-07-23 17:20:00	57.4053	18.09087	12	0	27	0	0	0.005	13.9	19	1019	26	2	0.4	138	-1400	210	0	0	0	0	0	1	0	1	97	1	0		
2019-07-23 17:30:00	57.40362	18.0933	13	0	28	0	0	0.005	13.9	19	1019	26	1	0.4	142	-1400	210	0	0	0	0	0	0	0	1	99	1	0		
2019-07-23 17:40:00	57.40188	18.09585	14	0	29	0	0	0.005	13.9	19	1019	26	1	0.4	142	-1600	210	1	0	0	0	0	0	0	1	100	0	0		
2019-07-23 17:50:00	57.40323	18.09504	20	0	0	0	0	0.005	13.9	19	1019	26	1	0.3	342	-1500	240	0	1	0	0	0	0	0	1	13	6	82		
2019-07-23 18:00:00	57.40203	18.09717	40	0	1	0	0	0.005	13.9	19	1019	26	1	0.3	137	-1700	240	0	0	1	0	0	0	0	1	87	0	14		
2019-07-23 18:10:00	57.40071	18.0984	11	0	2	0	0	0.005	13.9	19	1019	26	1	0.3	153	-1700	240	0	0	0	1	0	0	0	1	90	7	0		
2019-07-23 18:20:00	57.39924	18.09987	13	0	3	0	0	0.005	13.9	19	1019	26	1	0.3	152	-1800	240	0	0	0	0	1	0	0	1	96	5	0		
2019-07-23 18:30:00	57.39768	18.10125	12	0	4	0	0	0.005	13.9	19	1019	26	1	0.3	154	-1900	240	0	0	0	0	0	1	0	1	96	5	0		
2019-07-23 18:40:00	57.39621	18.1029	12	0	5	0	0	0.005	14	19	1019	26	1	0.3	148	-1900	240	1	0	0	0	0	0	0	1	100	1	0		
2019-07-23 18:50:00	57.39723	18.10227	12	0	6	0	0	0.005	14	19	1019	26	1	0.2	342	-1900	245	1	1	0	0	0	0	0	1	16	13	72		
2019-07-23 19:00:00	57.39816	18.10047	12	0	7	0	0	0.005	14	19	1019	26	1	0.2	313	-1800	245	1	1	1	0	0	0	0	1	0	12	89		
2019-07-23 19:10:00	57.39903	18.09903	12	0	8	0	0	0.005	14	19	1019	26	1	0.2	318	-1700	245	1	1	1	1	0	0	0	1	0	22	79		
2019-07-23 19:20:00	57.39996	18.09762	11	0	9	0	0	0.005	14	19	1019	26	1	0.2	321	-1700	245	1	1	1	1	1	0	0	1	0	14	87		
2019-07-23 19:30:00	57.40068	18.09654	13	0	10	0	0	0.005	14	19	1019	26	1	0.2	321	-1600	245	0	1	1	1	1	1	0	1	0	18	83		
2019-07-23 19:40:00	57.40026	18.09759	12	0	11	0	0	0.005	14	19	1019	26	2	0.1	126	-1700	225	1	0	1	1	1	1	0	1	74	3	21		
2019-07-23 19:50:00	57.40086	18.09729	12	0	12	0	0	0.005	13.9	19	1019	26	1	0.1	345	-1700	235	0	1	0	1	1	1	0	1	27	10	65		
2019-07-23 20:00:00	57.40056	18.09852	13	0	13	0	0	0.005	13.9	19	1019	26	1	0.1	115	-1700	230	1	0	1	0	1	1	0	1	75	7	18		
2019-07-23 20:10:00	57.40107	18.09804	13	0	14	0	0	0.005	13.9	19	1019	26	1	0.1	333	-1700	220	1	1	0	1	0	1	0	1	27	16	58		
2019-07-23 20:20:00	57.40146	18.0966	13	0	15	0	0	0.005	13.9	19	1019	26	1	0.2	297	-1600	220	1	1	1	0	1	0	0	1	0	20	81		
2019-07-23 20:30:00	57.40155	18.09543	13	0	16	0	0	0.005	13.9	19	1019	26	1	0.1	278	-1500	220	1	1	1	1	0	1	0	1	0	13	88		
2019-07-23 20:40:00	57.40197	18.09501	13	0	17	0	0	0.005	13.9	19	1019	26	1	0.1	333	-1500	220	1	1	1	1	1	0	0	1	18	21	63		
2019-07-23 20:50:00	57.40236	18.09441	41	0	18	0	0	0.005	13.9	19	1019	26	1	0.1	318	-1500	220	1	1	1	1	1	1	0	1	0	23	78		
2019-07-23 21:00:00	57.40269	18.09312	11	0	19	0	0	0.005	13.9	19	1019	26	1	0.1	296	-1400	220	1	1	1	1	1	1	0	1	0	16	82		
2019-07-23 21:10:00	57.40299	18.09168	11	0	20	0	0	0.005	13.9	19	1019	26	1	0.2	291	-1300	220	1	1	1	1	1	1	0	1	0	21	80		
2019-07-23 21:20:00	57.40353	18.09081	11	0	21	0	0	0.005	13.9	19	1019	26	1	0.1	320	-1300	220	1	1	1	1	1	1	0	1	19	18	65		
2019-07-23 21:30:00	57.40389	18.0891	13	0	22	0	0	0.005	13.9	19	1019	26	2	0.2	291	-1200	220	1	1	1	1	1	1	0	1	0	21	76		
2019-07-23 21:40:00	57.40449	18.08808	12	0	23	0	0	0.005	13.8	19	1019	26	1	0.1	317	-1200	220	0	1	1	1	1	1	0	1	17	13	71		
2019-07-23 21:50:00	57.40428	18.08829	12	0	24	0	0	0.005	13.8	19	1019	26	1	0	152	-1200	230	0	0	1	1	1	1	0	1	66	13	22		
2019-07-23 22:20:00	57.40344	18.08928	13	0	27	0	0	0.005	13.8	19	1019	26	3	0	131	-1200	230	0	0	0	0	0	1	0	1	54	17	17		
2019-07-23 22:30:00	57.40278	18.08919	41	0	28	0	0	0.005	13.8	19	1019	26	1	0.1	185	-1200	230	0	0	0	0	0	0	0	1	96	5	0		
2019-07-23 22:40:00	57.40221	18.08886	13	0	29	0	0	0.005	13.8	19	1019	26	2	0.1	197	-1200	230	0	0	0	0	0	0	0	1	86	4	0		
2019-07-23 22:50:00	57.40125	18.08814	14	0	0	0	0	0.005	13.8	19	1019	26	1	0.2	202	-1100	230	0	0	0	0	0	0	0	1	100	0	0		
2019-07-23 23:00:00	57.39996	18.08733	13	0	1	0	0	0.005	13.8	19	1019	26	1	0.3	199	-1100	230	0	0	0	0	0	0	0	1	100	0	0		
2019-07-23 23:10:00	57.3993	18.08715	12	0	2	0	0	0.005	13.8	19	1019	26	1	0.1	188	-1000	230	0	0	0	0	0	0	0	1	84	5	12		
2019-07-23 23:20:00	57.39846	18.08727	11	0	3	0	0	0.005	13.8	19	1019	26	1	0.2	176	-1000	230	0	0	0	0	0	0	0	1	97	4	0		
2019-07-23 23:30:00	57.3978	18.08685	13	0	4	0	0	0.005	13.8	18	1019	26	1	0.1	198	-1000	230	0	0	0	0	0	0	0	1	100	0	0		
2019-07-23 23:50:00	57.396	18.08529	12	0	6	0	0	0.005	13.7	19	1019	26	3	0.2	204	-900	230	1	0	0	0	0	0	0	1	87	1	0		
2019-07-24 00:00:00	57.39567	18.08541	12	0	7	0	0	0.005	13.7	19	1019	26	2	0.1	169	-900	310	0	1	0	0	0	0	0	1	59	22	14		
2019-07-24 00:10:00	57.39561	18.08565	19	0	8	0	0	0.005	13.7	19	1019	26	1	0	117	-900	110	2	0	1	0	0	0	0	1	52	26	23		
2019-07-24 00:20:00	57.39537	18.08679	13	0	9	0	0	0.005	13.7	19	1019	26	1	0.1	111	-1000	110	3	2	0	1	0	0	0	1	59	13	28		
2019-07-24 00:30:00	57.39531	18.08718	12	0	10	0	0	0.005	13.7	19	1019	26	1	0	107	-1000	25	3	3	2	0	1	0	0	1	69	11	20		
2019-07-24 00:40:00	57.3951	18.08745	41	0	11	0	0	0.005	13.7	19	1019	26	3	0	141	-1000	25	3	3	3	2	0	1	0	1	75	12	2		
2019-07-24 00:50:00	57.39504	18.08727	11	0	12	0	0	0.005	13.7	19	1019	26	1	0	235	-1000	25	3	3	3	3	2	0	0	1	0	37	60		
2019-07-24 01:00:00	57.39489	18.08748	11	0	13	0	0	0.005	13.7	18	1019	26	2	0	141	-1000	25	3	3	3	3	3	2	0	1	52	6	39		
2019-07-24 01:10:00	57.39474	18.08751	11	0	14	0	0	0.005	13.7	18	1019	26	1	0	174	-1000	25	3	3	3	3	3	3	0	1	62	32	8		
2019-07-24 01:20:00	57.39462	18.08748	11	0	15	0	0	0.005	13.7	18	1019	26	1	0	186	-1000	25	3	3	3	3	3	3	0	1	0	33	68		
2019-07-24 01:30:00	57.39438	18.08793	13	0	16	0	0	0.005	13.7	18	1019	26	1	0.1	135	-1000	25	3	3	3	3	3	3	0	1	59	41	1		
2019-07-24 01:40:00	57.39417	18.08859	12	0	17	0	0	0.005	13.7	18	1019	26	2	0.1	121	-1100	25	3	3	3	3	3	3	0	1	72	17	7		
2019-07-24 01:50:00	57.39405	18.08874	12	0	18	0	0	0.005	13.7	18	1019	26	1	0	143	-1100	25	3	3	3	3	3	3	0	1	63	18	20		
2019-07-24 02:00:00	57.3939	18.08955	11	0	19	0	0	0.005	13.7	18	1019	26	1	0.1	108	-1100	25	3	3	3	3	3	3	0	1	80	13	8		
2019-07-24 02:10:00	57.39414	18.08886	12	0	20	0	0	0.005	13.6	18	1019	26	1	0.1	302	-1100	25	3	3	3	3	3	3	0	1	67	10	22		
2019-07-24 02:20:00	57.39432	18.08766	12	0	21	0	0	0.005	13.6	18	1019	26	1	0.1	286	-1000	25	3	3	3	3	3	3	0	1	69	8	24		
2019-07-24 02:30:00	57.39474	18.08547	12	0	22	0	0	0.005	13.6	18	1019	26	1	0.2	289	-900	25	3	3	3	3	3	3	0	1	86	1	14		
2019-07-24 02:40:00	57.3954	18.08334	12	0	23	0	0	0.005	13.6	18	1019	26	2	0.2	300	-800	25	3	3	3	3	3	3	1	1	88	1	9		
2019-07-24 02:50:00	57.3963	18.08145	11	0	24	0	0	0.005	13.7	18	1019	26	1	0.3	311	-700	25	2	3	3	3	3	3	1	1	90	0	11		
2019-07-24 03:00:00	57.39555	18.07839	13	0	25	0	0	0.005	13.7	18	1019	26	1	0.3	246	-500	110	2	2	3	3	3	3	1	1	6	0	95		
2019-07-24 03:10:00	57.39489	18.07539	13	0	26	0	0	0.005	13.7	18	1019	26	1	0.3	248	-300	110	1	2	2	3	3	3	1	1	0	1	100		
2019-07-24 03:20:00	57.39306	18.0732	12	0	27	0	0	0.005	13.8	19	1019	26	1	0.4	212	-100	110	1	1	2	2	3	3	1	1	0	0	100		
2019-07-24 03:30:00	57.39141	18.07113	13	0	28	0	0	0.005	13.9	19	1019	26	1	0.4	214	0	110	1	1	1	2	2	3	1	1	0	0	100		
2019-07-24 03:50:00	57.39063	18.06789	14	0	0	0	0	0.005	14.1	19	1019	26	3	0.1	317	200	115	0	0	1	1	1	2	1	1	57	2	29		
2019-07-24 04:10:00	57.39228	18.06717	12	0	2	0	0	0.005	14	19	1019	26	3	0.2	280	200	140	1	1	0	0	1	1	1	1	21	1	61		
2019-07-24 04:20:00	57.39174	18.06459	11	0	3	0	0	0.005	14	19	1019	26	2	0.3	249	400	140	0	1	1	0	0	1	1	1	0	0	97		
2019-07-24 04:30:00	57.39276	18.06471	11	0	4	0	0	0.005	13.9	19	1019	26	1	0.2	4	400	135	0	0	1	1	0	0	1	1	72	5	24		
2019-07-24 04:40:00	57.39414	18.06693	12	0	5	0	0	0.005	13.9	19	1019	26	1	0.3	41	200	135	1	0	0	1	1	0	1	1	100	0	0		
2019-07-24 04:50:00	57.39402	18.06501	12	0	6	0	0	0.005	13.9	19	1020	26	1	0.2	263	300	145	0	1	0	0	1	1	1	1	18	1	82		
2019-07-24 05:00:00	57.39525	18.06561	11	0	7	0	0	0.005	13.9	19	1020	26	1	0.2	15	300	135	1	0	1	0	0	1	1	1	77	1	23		
2019-07-24 05:10:00	57.39549	18.06459	12	0	8	0	0	0.005	13.9	19	1020	26	1	0.1	293	300	130	1	1	0	1	0	0	1	1	22	1	78		
2019-07-24 05:20:00	57.39486	18.06387	11	0	9	0	0	0.005	13.9	19	1020	26	1	0.1	212	400	130	1	1	1	0	1	0	1	1	0	0	100		
2019-07-24 05:30:00	57.3945	18.06261	12	0	10	0	0	0.005	13.9	19	1020	26	1	0.1	242	500	130	1	1	1	1	0	1	1	1	0	0	100		
2019-07-24 05:40:00	57.39399	18.06126	11	0	11	0	0	0.005	13.9	20	1020	26	1	0.2	236	600	130	1	1	1	1	1	0	1	1	0	0	100		
2019-07-24 05:50:00	57.393	18.06018	12	0	12	0	0	0.005	13.9	20	1020	26	1	0.2	210	600	130	1	1	1	1	1	1	1	1	0	0	100		
2019-07-24 06:00:00	57.39201	18.05913	13	0	13	0	0	0.005	13.9	20	1020	26	1	0.2	210	700	130	0	1	1	1	1	1	1	1	0	0	100		
2019-07-24 06:10:00	57.39318	18.05886	12	0	14	0	4	0.005	13.9	20	1020	26	1	0.2	353	-100	100	0	0	1	1	1	1	0	1	79	1	21		
2019-07-24 06:20:00	57.39501	18.05865	12	0	15	0	0	0.005	13.9	20	1020	26	1	0.3	357	-200	100	0	0	0	1	1	1	0	1	100	0	0		
2019-07-24 06:25:00	57.39588	18.0588	13	0	16	0	1	0.005	13.9	20	1020	26	1	0.3	5	-300	100	0	0	0	0	1	1	0	1	42	0	0		
2019-07-24 06:30:00	57.3966	18.05916	13	0	17	0	0	0.005	13.9	20	1020	26	1	0.3	15	-400	100	0	0	0	0	0	1	0	1	44	0	0		
2019-07-24 06:35:00	57.3972	18.05988	11	0	18	0	0	0.005	14	20	1020	26	1	0.3	33	-500	100	0	0	0	0	0	0	0	1	44	0	0		
2019-07-24 06:40:00	57.39762	18.06051	13	0	19	0	0	0.005	13.9	20	1020	26	2	0.2	39	-500	100	0	0	0	0	0	0	0	1	37	0	0		
2019-07-24 06:45:00	57.39807	18.06117	13	0	20	0	0	0.005	13.9	20	1020	26	1	0.2	38	-600	100	0	0	0	0	0	0	0	1	44	0	0		
2019-07-24 06:50:00	57.39843	18.06183	13	0	21	0	0	0.005	13.9	20	1020	26	1	0.2	44	-600	100	0	0	0	0	0	0	0	1	44	0	0		
2019-07-24 06:55:00	57.39873	18.06237	13	0	22	0	0	0.005	13.9	21	1020	26	3	0.1	46	-600	100	0	0	0	0	0	0	0	1	31	0	0		
2019-07-24 07:00:00	57.39891	18.06288	11	0	23	0	0	0.005	13.9	21	1020	26	1	0.1	56	-600	100	0	0	0	0	0	0	0	1	44	0	0		
2019-07-24 07:05:00	57.39906	18.0633	11	0	24	0	0	0.005	13.9	21	1020	26	1	0.1	54	-600	100	0	0	0	0	0	0	0	1	45	0	0		
2019-07-24 07:10:00	57.39912	18.06396	12	0	25	0	0	0.005	13.9	22	1020	26	1	0.1	82	-600	100	0	0	0	0	0	0	0	1	44	0	0		
2019-07-24 07:15:00	57.39918	18.06429	13	0	26	0	0	0.005	13.9	22	1020	26	3	0.1	68	-700	100	0	0	0	0	0	0	0	1	29	0	0		
2019-07-24 07:20:00	57.39918	18.06489	12	0	27	0	0	0.005	13.9	22	1020	26	1	0.1	91	-600	100	0	0	0	0	0	0	0	1	31	13	0		
2019-07-24 07:25:00	57.39921	18.06582	13	0	28	0	0	0.005	13.9	22	1020	26	1	0.2	85	-600	100	1	0	0	0	0	0	0	1	29	8	6		
2019-07-24 07:30:00	57.39954	18.06684	41	0	29	0	0	0.005	13.9	23	1020	26	1	0.2	62	-700	275	3	1	0	0	0	0	0	1	17	4	21		
2019-07-24 07:35:00	57.3999	18.06783	13	0	0	0	0	0.005	13.9	23	1020	26	3	0.3	55	-700	275	3	3	1	0	0	0	0	1	0	0	25		
2019-07-24 07:40:00	57.3999	18.06912	11	0	1	0	0	0.005	13.9	23	1020	26	1	0.3	90	-700	275	3	3	3	1	0	0	0	1	29	2	12		
2019-07-24 07:45:00	57.39993	18.07035	11	0	2	0	0	0.005	13.9	23	1020	26	1	0.2	88	-700	275	3	3	3	3	1	0	0	1	6	3	32		
2019-07-24 07:50:00	57.39954	18.07167	12	0	3	0	1	0.005	14	23	1020	26	1	0.3	119	-600	275	3	0	3	3	3	1	0	1	33	1	9		
2019-07-24 07:55:00	57.39915	18.07275	13	0	4	0	0	0.005	14	23	1020	26	1	0.3	123	-600	275	3	0	0	3	3	3	0	1	44	0	0		
2019-07-24 08:00:00	57.39888	18.07392	12	0	5	0	0	0.005	13.9	23	1020	26	2	0.3	114	-600	275	3	0	0	0	3	3	0	1	34	0	0		
2019-07-24 08:05:00	57.39858	18.07539	12	0	6	0	0	0.005	13.9	23	1020	26	1	0.3	111	-500	275	3	0	0	0	0	3	0	1	43	0	0		
2019-07-24 08:15:00	57.39831	18.07755	12	0	8	0	0	0.005	13.9	23	1020	26	3	0.2	102	-500	275	3	0	0	0	0	0	0	1	0	0	0		
2019-07-24 08:25:00	57.39801	18.07929	12	0	10	0	0	0.005	13.9	23	1020	26	3	0.2	113	-400	275	3	0	0	0	0	0	0	1	0	0	0		
2019-07-24 08:30:00	57.39789	18.0801	11	0	11	0	0	0.005	13.9	23	1020	26	1	0.2	105	-400	275	3	0	0	0	0	0	0	1	0	0	0		
