Time	Lat	Long	TTFF	Warning	Count	Leak	BigLeak	Commands	NavLight	I	V	Temperature	Pressure	Humidity	TransmissionTries	OnTimeSec	Velocity	Heading	TrackDistance	WaypointDirection	TrackRadius	WindDirection	AutoModeEnabled	SwitchWaypointModeEnabled	NextAutopilotTack	CurrentTack	T1	T2	T3	WPReached	WithinTrackRadius	SailAtPortBow	SailAtPort	SailInCentre	SailAtStarboard	SailAtStarboardBow	WPDIR	RANG	RCNT	CANG	TK_AGE	
2026-01-29 13:17:35	60.29148	5.28249	12	1	0	0	0	0	0	0.005	13.2	7	1008	43	0	0	0.1	130	0	176	2000	0	1	0	0	0				1	1	0	0	0	0	0	176	-4	0	-10	5	
2026-01-29 13:20:00	60.29142	5.28255	12	0	1	0	0	0	0	0.005	13.2	8	1008	42	1	32	0	157	0	336	2000	0	1	0	1	0	0			1	1	0	0	0	0	0	336	-4	1	-10	5	
2026-01-29 13:25:00	60.29148	5.28252	12	0	2	0	0	0	0	0.005	13.2	8	1008	37	1	31	0	344	0	290	2000	250	1	0	0	1	0	0		1	1	0	0	0	0	0	290	4	1	10	5	
2026-01-29 13:30:00	60.29148	5.28249	12	0	3	0	0	0	0	0.005	13.2	8	1008	35	1	27	0	279	0	91	2000	285	1	0	1	0	1	0	0	1	1	0	0	0	0	0	91	-4	1	-10	5	
2026-01-29 13:35:00	60.29151	5.28243	12	0	4	0	0	0	0	0.005	13.3	8	1008	35	2	69	0	329	0	139	2000	265	1	0	0	1	0	1	0	0	1	0	0	0	0	0	139	4	1	10	5	
2026-01-29 13:40:00	60.29151	5.28252	12	0	5	0	0	0	0	0.005	13.3	7	1008	35	1	28	0	110	0	215	2000	220	1	0	0	0	1	0	1	1	1	0	0	0	0	0	215	-4	1	-10	5	
2026-01-29 13:45:00	60.29148	5.28249	12	0	6	0	0	0	0	0.005	13.3	7	1008	36	1	29	0	215	0	34	2000	220	1	0	0	0	0	1	0	1	1	0	0	0	0	0	34	-4	0	-10	5	
2026-01-29 13:50:00	60.29145	5.28252	12	0	7	0	0	0	0	0.005	13.4	6	1008	37	1	28	0	162	0	351	2000	220	1	0	1	0	0	0	1	0	1	0	0	0	0	0	351	-4	0	-10	5	
2026-01-29 13:55:00	60.29148	5.28252	12	0	8	0	0	0	0	0.005	13.4	5	1008	38	1	32	0	355	0	192	2000	260	1	0	0	1	0	0	0	1	1	0	0	0	0	0	192	4	1	10	5	
2026-01-29 14:00:00	60.29148	5.28255	12	0	9	0	0	0	0	0.005	13.4	5	1008	38	1	31	0	75	0	240	2000	230	1	0	0	0	1	0	0	0	1	0	0	0	0	0	240	-4	1	-10	5	
2026-01-29 14:05:00	60.29148	5.28252	12	0	10	0	0	0	0	0.005	13.4	4	1008	39	1	32	0	227	0	282	2000	230	1	0	0	0	0	1	0	1	1	0	0	0	0	0	282	-4	0	-10	5	
2026-01-29 14:10:00	60.29154	5.2824	12	0	11	0	0	0	0	0.005	13.4	4	1008	41	1	31	0	317	0	141	2000	230	1	0	1	0	0	0	1	1	1	0	0	0	0	0	141	-4	0	-10	5	
2026-01-29 14:15:00	60.29148	5.28246	12	0	12	0	0	0	0	0.005	13.4	3	1008	42	1	28	0	151	0	125	2000	50	1	0	1	1	0	0	0	1	1	0	0	0	0	0	125	4	1	10	5	
2026-01-29 14:20:00	60.29145	5.28258	12	0	13	0	0	0	0	0.005	13.4	3	1008	43	3	83	0	133	0	317	2000	50	1	0	0	1	1	0	0	1	1	0	0	0	0	0	317	4	0	10	5	
2026-01-29 14:25:00	60.29154	5.2824	11	0	14	0	0	0	0	0.005	13.4	3	1008	43	1	28	0	322	0	146	2000	50	1	0	1	0	1	1	0	1	1	0	0	0	0	0	146	-4	1	-10	5	
2026-02-12 08:45:30	60.29145	5.28252	12	1	0	0	0	0	0	0.005	13.2	21	985	17	0	0	0.2	220	0	176	2000	0	1	0	0	0				1	1	0	0	0	0	0	176	-4	0	-10	5	
2026-02-12 08:50:00	60.29148	5.28249	12	0	1	0	0	0	0	0.005	13.3	21	985	17	1	32	0	305	0	127	2000	0	1	0	1	0	0			0	1	0	0	0	0	0	127	-4	1	-10	5	
2026-02-12 08:55:00	60.29145	5.28252	12	0	2	0	0	0	0	0.005	13.3	21	986	17	2	52	0	121	0	233	2000	35	1	0	0	1	0	0		1	1	0	0	0	0	0	233	4	1	10	5	
2026-02-12 09:00:00	60.29148	5.28249	12	0	3	0	0	0	0	0.005	13.3	20	986	16	2	59	0	338	0	163	2000	50	1	0	1	0	1	0	0	0	1	0	0	0	0	0	163	-4	1	-10	5	
2026-02-12 09:05:00	60.29148	5.28252	12	0	4	0	0	0	0	0.005	13.4	20	986	16	1	30	0	150	0	175	2000	65	1	0	1	1	0	1	0	0	1	0	0	0	0	0	175	4	1	10	5	
2026-02-24 10:12:41	60.17058	5.48469	12	1	0	0	0	0	0	0.005	13.4	13	1013	17	0	0	0.4	305	0	357	2000	0	1	0	0	0				1	1	0	0	0	0	0	357	-4	0	-10	5	
2026-02-24 10:15:00	60.17064	5.48418	13	0	1	0	0	0	0	0.005	13.5	13	1013	17	1	31	0.2	283	0	103	2000	0	1	0	1	0	0			1	1	0	0	0	0	0	103	-4	1	-10	5	
2026-02-24 10:20:00	60.17067	5.48358	13	0	2	0	0	0	0	0.005	13.5	13	1013	17	2	51	0.1	276	-100	99	2000	25	1	0	0	1	0	0		0	1	0	0	0	0	0	99	4	1	10	5	
2026-02-24 10:25:00	60.17082	5.48262	15	0	3	0	0	0	0	0.005	13.6	12	1013	17	1	28	0.2	289	-100	104	2000	40	1	0	1	0	1	0	0	0	1	0	0	0	0	0	104	-4	1	-10	5	
2026-02-24 10:30:00	60.17094	5.4819	15	0	4	0	0	2	0	0.005	13.7	12	1013	17	1	33	0.1	285	200	144	2000	30	1	0	2	1	0	1	0	0	1	0	0	0	0	0	144	4	1	10	5	
2026-02-24 10:36:27	60.1698	5.48367	3	0	5	0	0	1	0	1.015	12.8	12	1014	17	1	32	0.4	141	500	145	2000	30	1	0	2	6	1	0	1	0	1	0	0	0	0	0	145	0		0	5	
2026-02-24 10:44:54	60.16767	5.48583	2	0	7	0	0	0	0	1.07	12.7	12	1014	16	3	84	0.5	159	300	138	2000	30	1	0	2	6	6	6	1	0	1	0	0	0	0	0	138	0	21	0	5	
2026-02-24 10:49:58	60.16671	5.48754	1	0	8	0	0	1	0	1.086	12.7	12	1014	16	1	19	0.5	138	0	138	100	30	1	0	1	6	6	6	6	0	1	0	0	0	0	0	130	0	28	0	5	
2026-02-24 10:54:58	60.16578	5.48922	1	0	9	0	0	0	0	1.103	12.7	13	1014	16	1	33	0.5	138	0	131	100	30	1	0	0	6	6	6	6	1	1	0	0	0	0	0	131	0	25	0	5	
2026-02-24 11:04:58	60.16536	5.48943	2	0	11	0	0	0	0	1.112	12.7	13	1014	16	3	90	0.3	139	0	350	100	30	1	0	0	6	6	6	6	1	1	0	0	0	0	0	350	0	20	0	5	
2026-02-24 11:09:53	60.16596	5.48832	1	0	12	0	0	0	0	1.09	12.7	13	1014	16	1	18	0.3	317	100	112	100	30	1	0	1	0	6	6	6	1	1	0	0	0	0	0	112	-4	20	-10	5	
2026-02-24 11:15:00	60.16584	5.4876	2	0	13	0	0	2	0	0.005	13.2	12	1014	16	3	86	0.1	251	-100	340	100	75	1	0	0	1	0	6	6	0	1	0	0	0	0	0	26	4	1	10	5	
2026-02-24 11:20:00	60.1662	5.48661	13	0	14	0	0	0	0	0.005	13.2	12	1013	16	1	28	0.2	307	-100	344	100	75	1	0	0	0	1	0	6	0	1	0	0	0	0	0	64	-4	1	-10	5	
2026-02-24 11:25:00	60.16629	5.48565	11	0	15	0	0	0	0	0.005	13.2	12	1014	16	2	52	0.2	283	-200	348	100	75	1	0	1	0	0	1	0	0	0	0	0	0	0	0	64	-4	0	-10	5	
2026-02-24 11:29:55	60.16641	5.48712	1	0	16	0	0	2	0	1.015	13.7	11	1014	16	1	41	0.3	83	-100	341	100	60	1	0	0	6	0	0	1	0	1	0	0	0	0	0	22	0	23	0	5	
2026-02-24 11:35:01	60.16758	5.48793	3	0	17	0	0	0	0	1.047	13.7	11	1014	16	1	21	0.5	19	0	332	100	60	1	0	0	6	6	0	0	0	1	0	0	0	0	0	321	0	28	0	5	
2026-02-24 11:39:55	60.16893	5.48475	3	0	18	0	0	0	0	1.021	13.6	11	1014	16	2	58	0.8	310	-100	346	100	60	1	0	0	6	6	6	0	0	1	0	0	0	0	0	19	0	24	0	5	
2026-02-24 11:45:01	60.17088	5.48457	2	0	19	0	0	0	0	1.042	13.6	11	1014	16	1	30	0.7	358	0	329	100	60	1	0	0	6	6	6	6	1	1	0	0	0	0	0	326	0	28	0	5	
2026-02-24 11:49:56	60.17247	5.48304	1	0	20	0	0	0	0	1.04	13.7	12	1014	16	1	19	0.7	334	0	173	100	60	1	0	1	6	6	6	6	1	1	0	0	0	0	0	173	0	27	0	5	
2026-02-24 11:54:57	60.1719	5.48505	2	0	21	0	0	2	0	1.057	13.7	12	1014	16	2	44	0.4	120	0	97	100	60	1	0	1	6	6	6	6	0	1	0	0	0	0	0	95	0	25	0	5	
2026-02-24 12:00:57	60.17136	5.48769	1	0	22	0	0	0	0	1.047	13.7	12	1014	16	1	18	0.4	113	0	93	100	60	1	0	1	6	6	6	6	0	1	0	0	0	0	0	70	0		0	5	
2026-02-24 12:05:00	60.1713	5.48775	2	0	23	0	0	1	0	0.005	13.2	12	1014	16	3	63	0	152	100	92	100	60	1	0	0	1	6	6	6	0	1	0	0	0	0	0	66	4	1	10	5	
2026-02-24 12:10:00	60.17028	5.4888	11	0	24	0	0	0	0	0.005	13.2	11	1014	16	2	48	0.4	152	200	81	100	240	1	0	1	0	1	6	6	0	0	0	18	1	0	0	7	-4	1	-10	5	
2026-02-24 12:15:00	60.16998	5.48787	11	0	25	0	0	0	0	0.005	13.2	11	1014	16	2	57	0.2	237	200	78	100	215	1	0	2	1	0	1	6	0	0	0	8	0	26	0	7	4	2	10	5	
2026-02-24 12:20:01	60.17088	5.48835	2	0	26	0	0	1	0	0.981	13.7	11	1014	16	1	45	0.3	15	100	88	100	215	1	0	1	6	1	0	1	0	1	0	19	6	0	0	28	0	25	0	5	
2026-02-24 12:24:59	60.17013	5.48724	1	0	27	0	0	2	0	1.019	13.7	11	1014	16	1	21	0.3	217	100	115	100	215	1	0	0	6	6	1	0	0	1	0	3	10	15	0	85	0	28	0	5	
2026-02-24 12:29:55	60.17142	5.4903	3	0	28	0	0	0	0	1.038	13.7	11	1014	16	1	19	0.7	50	-200	127	100	215	1	0	1	6	6	6	1	0	0	0	27	1	0	0	208	0	27	0	5	
2026-03-16 11:06:34	60.29148	5.28252	11	1	0	0	0	0	0	0.005	13.2	18	995	18	0	0	0.1	294	0	209	2000	0	1	0	0	0				1	1	0	0	0	0	0	209	-4	0	-10	5	
2026-04-09 08:54:41	57.42504	18.21366	12	1	0	0	0	0	0	0.005	13.5	7	1029	19	0	0	0.2	66	0	191	2000	0	1	0	0	0				1	1	0	0	0	0	0	191	-4	0	-10	5	
2026-04-09 09:00:00	57.42495	18.21372	12	0	1	0	0	0	0	0.005	13.6	8	1029	19	3	90	0	161	0	340	2000	0	1	0	1	0	0			1	1	0	0	0	0	0	340	-4	1	-10	5	
2026-04-09 09:10:00	57.42498	18.21366	12	0	3	0	0	0	0	0.005	13.6	10	1029	19	3	93	0	253	0	8	2000	285	1	0	1	0	1	0	0	0	1	0	0	0	0	0	8	-4	1	-10	5	
2026-04-09 09:20:00	57.42501	18.21357	12	0	5	0	0	0	0	0.005	13.6	12	1028	19	3	92	0	269	0	73	2000	325	1	0	1	0	1	0	1	1	1	0	0	0	0	0	73	-4	1	-10	5	
2026-04-09 09:25:00	57.42498	18.2136	12	0	6	0	0	0	0	0.005	13.6	12	1029	19	1	28	0	154	0	42	2000	20	1	0	1	1	0	1	0	0	1	0	0	0	0	0	42	4	1	10	5	
2026-04-09 09:30:00	57.42489	18.21366	12	0	7	0	0	0	0	0.005	13.6	13	1028	19	2	57	0	161	0	5	2000	20	1	0	0	1	1	0	1	0	1	0	0	0	0	0	5	4	0	10	5	
2026-04-09 09:35:00	57.42501	18.21357	14	0	8	0	0	0	0	0.005	13.8	14	1028	19	1	27	0	343	0	77	2000	70	1	0	1	0	1	1	0	1	1	0	0	0	0	0	77	-4	1	-10	5	
2026-04-09 09:40:00	57.42495	18.21366	13	0	9	0	0	0	0	0.005	13.7	15	1028	19	1	32	0	144	0	358	2000	65	1	0	0	1	0	1	1	1	1	0	0	0	0	0	358	4	1	10	5	
2026-04-09 09:45:00	57.42498	18.21372	12	0	10	0	0	0	0	0.005	13.4	16	1028	19	1	34	0	33	0	315	2000	80	1	0	0	0	1	0	1	1	1	0	0	0	0	0	315	-4	1	-10	5	
2026-04-09 09:55:00	57.42507	18.21357	12	0	12	0	0	0	0	0.005	13.3	17	1028	19	3	83	0	122	0	124	2000	35	1	0	1	1	0	0	1	0	1	0	0	0	0	0	124	4	1	10	5	
2026-04-09 10:05:00	57.42507	18.21363	14	0	14	0	0	0	0	0.005	13.3	18	1028	19	3	89	0	86	0	142	2000	35	1	0	1	1	1	1	0	1	1	0	0	0	0	0	142	4	0	10	5	
2026-04-09 11:00:00	57.42495	18.21369	12	1	9	0	0	0	0	0.005	13.3	22	1026	18	3	107	0	104	0	288	2000	55	1	0	1	1	0	0	0	0	1	0	0	0	0	0	288	4	1	10	5	
2026-04-09 11:05:00	57.42495	18.21363	12	0	10	0	0	0	0	0.005	13.3	22	1027	18	3	109	0	249	0	346	2000	55	1	0	1	1	1	0	0	1	1	0	0	0	0	0	346	4	0	10	5	
2026-04-09 11:10:00	57.42489	18.21351	13	0	11	0	0	0	0	0.005	13.3	22	1026	18	1	32	0	231	0	39	2000	55	1	0	1	1	1	1	0	0	1	0	0	0	0	0	39	4	0	10	5	
2026-04-09 11:15:00	57.42459	18.21396	12	0	12	0	0	0	0	0.005	13.3	22	1027	18	2	67	0.1	141	0	334	2000	55	1	0	0	1	1	1	1	0	1	0	0	0	0	0	334	4	0	10	5	
2026-04-09 11:20:00	57.42486	18.21372	12	0	13	0	0	0	0	0.005	13.3	22	1027	18	1	30	0.1	335	0	330	2000	55	1	0	0	0	1	1	1	1	1	0	0	0	0	0	330	-4	1	-10	5	
2026-04-09 11:25:00	57.42489	18.21363	12	0	14	0	0	0	0	0.005	13.3	22	1027	18	1	33	0	277	0	352	2000	55	1	0	0	0	0	1	1	0	1	0	0	0	0	0	352	-4	0	-10	5	
2026-04-09 11:30:00	57.42492	18.2136	13	0	15	0	0	0	0	0.005	13.3	21	1027	18	1	28	0	323	0	10	2000	55	1	0	0	0	0	0	1	0	1	0	0	0	0	0	10	-4	0	-10	5	
2026-04-09 11:35:00	57.42495	18.21366	42	0	16	0	0	0	0	0.005	13.3	21	1027	18	2	64	0	44	0	308	2000	55	1	0	0	0	0	0	0	1	1	0	0	0	0	0	308	-4	0	-10	5	
2026-04-09 11:40:00	57.42492	18.21363	12	0	17	0	0	0	0	0.005	13.3	21	1027	18	1	59	0	246	0	352	2000	55	1	0	0	0	0	0	0	0	1	0	0	0	0	0	352	-4	0	-10	5	
2026-04-09 11:45:00	57.42489	18.21372	12	0	18	0	0	0	0	0.005	13.3	21	1027	18	2	57	0	121	0	319	2000	55	1	0	1	0	0	0	0	0	1	0	0	0	0	0	319	-4	0	-10	5	
2026-04-09 11:50:00	57.42489	18.21372	12	0	19	0	0	0	0	0.005	13.7	20	1026	18	1	30	0	178	0	327	2000	190	1	0	1	1	0	0	0	0	1	0	0	0	0	0	327	4	1	10	5	
2026-04-09 11:55:00	57.42498	18.21357	12	0	20	0	0	0	0	0.005	13.6	20	1026	18	2	67	0	315	0	99	2000	190	1	0	0	1	1	0	0	1	1	0	0	0	0	0	99	4	0	10	5	
2026-04-09 12:00:00	57.42492	18.21366	12	0	21	0	0	0	0	0.005	13.6	20	1026	18	2	53	0	121	0	319	2000	220	1	0	1	0	1	1	0	1	1	0	0	0	0	0	319	-4	1	-10	5	
2026-04-09 12:05:00	57.42486	18.21369	12	0	22	0	0	0	0	0.005	13.5	20	1026	18	2	47	0	165	0	336	2000	145	1	0	0	1	0	1	1	0	1	0	0	0	0	0	336	4	1	10	5	
2026-04-09 12:10:00	57.42498	18.21366	12	0	23	0	0	0	0	0.005	13.5	20	1027	18	1	31	0	351	0	215	2000	80	1	0	1	0	1	0	1	1	1	0	0	0	0	0	215	-4	1	-10	5	
2026-04-09 12:15:00	57.4248	18.2139	12	0	24	0	0	0	0	0.005	13.5	20	1026	18	1	31	0.1	146	0	316	2000	65	1	0	0	1	0	1	0	1	1	0	0	0	0	0	316	4	1	10	5	
2026-04-09 12:20:00	57.42486	18.21372	12	0	25	0	0	0	0	0.005	13.5	19	1026	18	1	29	0	301	0	332	2000	50	1	0	0	0	1	0	1	1	1	0	0	0	0	0	332	-4	1	-10	5	
2026-04-09 12:25:00	57.42492	18.21366	12	0	26	0	0	0	0	0.005	13.5	19	1026	18	2	63	0	340	0	320	2000	50	1	0	0	0	0	1	0	1	1	0	0	0	0	0	320	-4	0	-10	5	
2026-04-09 12:30:00	57.42486	18.21381	12	0	27	0	0	0	0	0.005	13.5	19	1026	18	1	30	0	136	0	317	2000	50	1	0	0	0	0	0	1	0	1	0	0	0	0	0	317	-4	0	-10	5	
2026-04-09 12:45:00	57.42477	18.2139	12	0	0	0	0	0	0	0.005	13.4	19	1026	18	0	128	0	106	0	321	2000	230	1	0	1	1	1	0	0	0	1	0	0	0	0	0	321	4	0	10	5	
2026-04-09 12:50:00	57.42486	18.21387	12	0	1	0	0	0	0	0.005	13.4	19	1026	18	2	54	0	348	0	310	2000	230	1	0	1	1	1	1	0	0	1	0	0	0	0	0	310	4	0	10	5	
2026-04-09 12:55:00	57.42486	18.21378	12	0	2	0	0	0	0	0.005	13.4	19	1026	18	1	29	0	287	0	320	2000	230	1	0	1	1	1	1	1	0	1	0	0	0	0	0	320	4	0	10	5	
2026-04-09 13:00:00	57.42483	18.21384	12	0	3	0	0	0	0	0.005	13.4	19	1026	19	1	27	0	118	0	314	2000	230	1	0	1	1	1	1	1	0	1	0	0	0	0	0	314	4	0	10	5	
2026-04-09 13:05:00	57.42489	18.21375	12	0	4	0	0	0	0	0.005	13.4	18	1026	19	1	31	0	321	0	309	2000	230	1	0	1	1	1	1	1	0	1	0	0	0	0	0	309	4	0	10	5	
2026-04-09 13:10:00	57.42489	18.21378	12	0	5	0	0	0	0	0.005	13.4	18	1026	19	1	40	0	139	0	311	2000	230	1	0	0	1	1	1	1	0	1	0	0	0	0	0	311	4	0	10	5	
2026-04-10 08:33:29	57.43797	18.14184	12	1	0	0	0	0	0	0.005	13.3	10	1024	16	0	0	0	15	0	349	2000	0	1	0	0	0				1	1	0	0	0	0	0	349	-4	0	-10	5	
2026-04-10 08:35:00	57.43797	18.14181	12	0	1	0	0	0	0	0.005	13.3	10	1024	16	1	37	0	247	0	60	2000	0	1	0	1	0	0			0	1	0	0	0	0	0	60	-4	1	-10	5	
2026-04-10 08:40:00	57.43608	18.13878	12	0	2	0	0	0	0	0.005	13.4	10	1024	16	1	26	0.9	221	-300	41	2000	130	1	0	0	1	0	0		0	1	0	0	0	0	0	41	4	1	10	5	
2026-04-10 08:45:00	57.42258	18.123	12	0	3	0	0	0	0	0.005	13.3	10	1023	17	2	57	5.9	212	-2000	33	2000	300	1	0	1	0	1	0	0	0	1	0	0	0	0	0	33	-4	1	-10	5	
2026-04-10 08:50:00	57.40806	18.1005	11	0	4	0	0	0	0	0.005	13.3	11	1024	17	1	28	7	220	-4100	37	2000	165	1	0	3	1	0	1	0	0	0	0	0	0	0	0	37	4	1	10	5	
2026-04-10 08:55:00	57.40866	18.10026	12	0	5	0	0	0	0	0.005	13.4	11	1024	16	1	31	0.2	347	-4100	37	2000	165	1	0	3	3	1	0	1	0	0	0	0	0	0	0	37	-1	1	-10	5	
2026-04-10 09:00:00	57.40914	18.10005	11	0	6	0	0	0	0	0.005	13.9	10	1022	17	1	29	0.2	347	-4100	38	2000	165	1	0	3	3	3	1	0	0	0	0	0	0	0	0	38	-1	0	-10	5	
2026-04-10 09:05:00	57.40965	18.0999	12	0	7	0	0	0	0	0.005	13.7	10	1024	17	1	25	0.2	352	-4000	39	2000	165	1	0	3	3	3	3	1	0	0	0	0	0	0	0	39	-1	0	-10	5	
2026-04-10 09:10:00	57.41019	18.09969	12	0	8	0	0	0	0	0.005	13.6	10	1024	17	1	30	0.2	349	-4000	39	2000	165	1	0	3	3	3	3	3	0	0	0	0	0	0	0	39	-1	0	-10	5	
2026-04-10 09:15:00	57.41064	18.0996	12	0	9	0	0	0	0	0.005	13.6	10	1024	17	1	32	0.2	353	-3900	40	2000	165	1	0	3	3	3	3	3	0	0	0	0	0	0	0	40	-1	0	-10	5	
2026-04-10 09:20:00	57.41112	18.09948	12	0	10	0	0	0	0	0.005	13.6	9	1024	17	1	28	0.2	351	-3900	40	2000	165	1	0	0	3	3	3	3	0	0	0	0	0	0	0	40	-1	0	-10	5	
2026-04-10 09:25:00	57.41115	18.09957	12	0	11	0	0	0	0	0.005	13.6	9	1024	17	1	30	0	83	-3900	40	2000	165	1	0	3	0	3	3	3	0	0	0	0	0	0	0	40	-4	1	-10	5	
2026-04-10 09:30:00	57.41121	18.0996	11	0	12	0	0	0	0	0.005	13.6	9	1024	17	1	39	0	17	-3900	40	2000	165	1	0	3	3	0	3	3	0	0	0	0	0	0	0	40	-1	1	-10	5	
2026-04-10 09:35:00	57.41118	18.09969	12	0	13	0	0	0	0	0.005	13.6	9	1024	17	1	29	0	102	-3900	40	2000	165	1	0	2	3	3	0	3	0	0	0	0	0	0	0	40	-1	0	-10	5	
2026-04-10 09:40:00	57.41121	18.09966	12	0	14	0	0	0	0	0.005	13.6	9	1024	17	1	36	0	307	-3900	40	2000	200	1	0	3	2	3	3	0	0	0	0	0	0	0	0	40	1	1	10	5	
2026-04-10 09:45:00	57.41118	18.09975	12	0	15	0	0	0	0	0.005	13.5	9	1024	17	1	28	0	115	-3900	40	2000	210	1	0	2	3	2	3	3	0	0	0	0	0	0	0	40	-1	1	-10	5	
2026-04-10 09:50:00	57.41121	18.09966	12	0	16	0	0	0	0	0.005	13.6	9	1024	17	1	30	0	298	-3900	40	2000	205	1	0	3	2	3	2	3	0	0	0	0	0	0	0	40	1	1	10	5	
2026-04-10 09:55:00	57.41118	18.09972	12	0	17	0	0	0	0	0.005	13.5	9	1024	17	1	33	0	129	-3900	40	2000	215	1	0	3	3	2	3	2	0	0	0	0	0	0	0	40	-1	1	-10	5	
2026-04-10 10:00:00	57.41115	18.09975	12	0	18	0	0	0	0	0.005	13.5	9	1024	17	1	31	0	138	-3900	40	2000	215	1	0	3	3	3	2	3	0	0	0	0	0	0	0	40	-1	0	-10	5	
2026-04-10 10:05:00	57.41118	18.09975	17	0	19	0	0	0	0	0.005	13.5	9	1023	17	1	32	0	3	-3900	40	2000	215	1	0	3	3	3	3	2	0	0	0	0	0	0	0	40	-1	0	-10	5	
2026-04-10 10:10:00	57.41112	18.09975	13	0	20	0	0	0	0	0.005	13.5	9	1023	17	1	32	0	177	-3900	40	2000	215	1	0	2	3	3	3	3	0	0	1	16	13	0	0	40	-1	0	-10	5	
2026-04-10 10:15:00	57.41211	18.09966	12	0	21	0	0	0	0	0.005	13.5	9	1024	17	1	33	0.4	357	-3800	41	2000	265	1	0	2	2	3	3	3	0	0	0	4	22	12	0	41	1	3	10	5	
2026-04-10 10:20:00	57.41436	18.10074	11	0	22	0	0	0	0	0.005	13.5	8	1024	17	2	51	0.9	15	-3600	43	2000	265	1	0	2	2	2	3	3	0	0	0	0	0	36	0	43	1	0	10	5	
2026-04-10 10:25:00	57.41403	18.10284	11	0	23	0	0	1	0	0.005	13.5	8	1024	17	2	55	0.4	106	-3500	41	2000	265	0	0	2	0	2	2	3	0	0	0	31	0	3	0	41	-4	2	-10	5	
2026-04-10 10:30:00	57.41322	18.10395	12	0	24	0	0	0	0	0.005	13.5	8	1024	17	3	81	0.4	144	-3600	39	2000	265	0	0	2	0	0	2	2	0	0	0	30	0	0	0	39	-4	0	-10	5	
2026-04-10 10:35:00	57.4122	18.10542	13	0	25	0	0	0	0	0.005	13.5	8	1024	17	1	33	0.5	142	-3600	37	2000	265	0	0	2	0	0	0	2	0	0	0	40	0	0	0	37	-4	0	-10	5	
2026-04-10 10:40:00	57.41277	18.10521	12	0	26	0	0	1	0	0.005	13.4	8	1024	17	3	80	0.2	350	-3600	38	2000	240	0	0	2	1	0	0	0	0	0	0	9	0	20	0	38	4	2	10	5	
2026-04-10 10:45:00	57.41412	18.10383	12	0	27	0	0	0	0	0.005	13.4	8	1024	17	1	33	0.6	331	-3500	41	2000	240	0	0	2	1	1	0	0	0	0	0	0	0	40	0	41	4	0	10	5	
2026-04-10 10:50:00	57.41577	18.10242	12	0	28	0	0	0	0	0.005	13.4	8	1024	17	1	30	0.7	335	-3400	44	2000	240	0	0	2	1	1	1	0	0	0	0	0	0	41	0	44	4	0	10	5	
2026-04-10 10:55:00	57.41691	18.10224	12	0	29	0	0	0	0	0.005	13.4	7	1024	17	1	41	0.4	356	-3300	45	2000	240	0	0	2	1	1	1	1	0	0	0	0	2	36	0	45	4	0	10	5	
2026-04-10 11:00:00	57.41844	18.10044	12	0	0	0	0	0	0	0.005	13.4	7	1024	17	2	60	0.7	327	-3300	49	2000	240	0	0	2	1	1	1	1	0	0	0	0	0	35	0	49	4	0	10	5	
2026-04-10 11:10:00	57.42042	18.09699	12	0	2	0	0	0	0	0.005	13.4	7	1023	17	3	89	0.5	315	-3300	54	2000	240	0	0	2	1	1	1	1	0	0	0	0	0	29	0	54	4	0	10	5	
2026-04-10 11:20:00	57.42213	18.09318	13	0	4	0	0	0	0	0.005	13.4	7	1024	17	3	84	0.5	309	-3400	59	2000	240	0	0	2	1	1	1	1	0	0	0	0	0	30	0	59	4	0	10	5	
2026-04-10 11:25:00	57.42294	18.09102	13	0	5	0	0	0	0	0.005	13.4	7	1023	17	1	28	0.5	305	-3500	61	2000	240	0	0	3	1	1	1	1	0	0	0	0	0	41	0	61	4	0	10	5	
2026-04-10 11:30:00	57.42384	18.08883	41	0	6	0	0	0	0	0.005	13.4	7	1023	17	1	41	0.5	308	-3500	64	2000	240	0	0	3	1	1	1	1	0	0	0	0	0	38	0	64	4	0	10	5	
2026-04-10 11:35:00	57.42468	18.08721	11	0	7	0	0	0	0	0.005	13.4	7	1024	17	1	61	0.5	313	-3600	66	2000	240	0	0	3	1	1	1	1	0	0	0	0	0	34	0	66	4	0	10	5	
2026-04-10 11:40:00	57.4254	18.08679	11	0	8	0	0	0	0	0.005	13.4	7	1024	17	1	28	0.3	343	-3600	67	2000	240	0	0	2	1	1	1	1	0	0	0	0	10	31	0	67	4	0	10	5	
2026-04-10 11:45:00	57.42681	18.08736	11	0	9	0	0	0	0	0.005	13.4	7	1024	17	1	31	0.5	12	-3500	69	2000	240	0	0	2	1	1	1	1	0	0	0	0	0	40	0	69	4	0	10	5	
2026-04-10 11:50:00	57.42636	18.08721	11	0	10	0	0	1	0	0.005	13.4	7	1023	17	1	30	0.2	190	-3500	68	2000	280	0	0	2	0	1	1	1	0	0	0	29	1	9	0	68	-4	2	-10	5	
2026-04-10 11:55:00	57.42576	18.08676	12	0	11	0	0	0	0	0.005	13.4	7	1024	17	1	30	0.2	203	-3600	68	2000	280	0	0	2	0	0	1	1	0	0	0	41	0	0	0	68	-4	0	-10	5	
2026-04-10 12:00:00	57.42513	18.08598	12	0	12	0	0	0	0	0.005	13.4	7	1023	17	1	32	0.3	213	-3600	67	2000	280	0	0	2	0	0	0	1	0	0	0	40	0	0	0	67	-4	0	-10	5	
2026-04-10 12:05:00	57.42438	18.08508	12	0	13	0	0	0	0	0.005	13.4	7	1024	17	1	34	0.3	213	-3700	66	2000	280	0	0	2	0	0	0	0	0	0	0	40	0	0	0	66	-4	0	-10	5	
2026-04-10 12:10:00	57.42375	18.08436	12	0	14	0	0	0	0	0.005	13.4	7	1024	17	2	46	0.3	211	-3800	65	2000	280	0	0	2	0	0	0	0	0	0	0	37	0	0	0	65	-4	0	-10	5	
2026-04-10 12:15:00	57.42318	18.08358	12	0	15	0	0	0	0	0.005	13.4	7	1024	17	1	30	0.3	217	-3900	65	2000	280	0	0	2	0	0	0	0	0	0	0	41	0	0	0	65	-4	0	-10	5	
2026-04-10 12:20:00	57.42249	18.08253	12	0	16	0	0	0	0	0.005	13.4	7	1024	17	1	45	0.3	219	-3900	64	2000	280	0	0	2	0	0	0	0	0	0	0	37	0	0	0	64	-4	0	-10	5	
2026-04-10 12:25:00	57.42189	18.08154	12	0	17	0	0	0	0	0.005	13.5	7	1024	17	2	47	0.3	222	-4000	64	2000	280	0	0	2	0	0	0	0	0	0	0	37	0	0	0	64	-4	0	-10	5	
2026-04-10 12:30:00	57.42132	18.08085	12	0	18	0	0	0	0	0.005	13.6	6	1024	17	1	29	0.3	213	-4100	63	2000	280	0	0	2	0	0	0	0	0	0	0	41	0	0	0	63	-4	0	-10	5	
2026-04-10 12:35:00	57.42075	18.07986	12	0	19	0	0	0	0	0.005	13.7	6	1023	17	2	50	0.3	223	-4200	63	2000	280	0	0	2	0	0	0	0	0	0	0	37	0	0	0	63	-4	0	-10	5	
2026-04-10 12:40:00	57.42018	18.0789	12	0	20	0	0	0	0	0.005	13.7	6	1023	17	1	32	0.3	222	-4300	62	2000	280	0	0	2	0	0	0	0	0	0	0	40	0	0	0	62	-4	0	-10	5	
2026-04-10 12:45:00	57.41961	18.07815	12	0	21	0	0	0	0	0.005	13.8	6	1023	17	1	30	0.3	215	-4300	62	2000	280	0	0	2	0	0	0	0	0	0	0	41	0	0	0	62	-4	0	-10	5	
2026-04-10 12:50:00	57.41895	18.07722	13	0	22	0	0	0	0	0.005	13.9	6	1023	17	1	30	0.3	218	-4400	61	2000	280	0	0	2	0	0	0	0	0	0	0	40	0	0	0	61	-4	0	-10	5	
2026-04-10 12:55:00	57.41826	18.07623	12	0	23	0	0	0	0	0.005	13.8	6	1023	17	1	33	0.3	218	-4500	61	2000	280	0	0	2	0	0	0	0	0	0	0	40	0	0	0	61	-4	0	-10	5	
2026-04-10 13:00:00	57.41763	18.07566	11	0	24	0	0	0	0	0.005	13.8	6	1024	17	1	30	0.3	205	-4600	60	2000	280	0	0	2	0	0	0	0	0	0	0	41	0	0	0	60	-4	0	-10	5	
2026-04-10 13:05:00	57.417	18.07491	12	0	25	0	0	0	0	0.005	13.8	6	1023	17	1	27	0.3	213	-4600	60	2000	280	0	0	2	0	0	0	0	0	0	0	41	0	0	0	60	-4	0	-10	5	
2026-04-10 13:10:00	57.41625	18.07404	12	0	26	0	0	0	0	0.005	13.8	6	1023	17	1	31	0.3	212	-4700	59	2000	280	0	0	2	0	0	0	0	0	0	0	40	0	0	0	59	-4	0	-10	5	
2026-04-10 13:15:00	57.41559	18.07314	12	0	27	0	0	0	0	0.005	13.8	6	1023	17	1	29	0.3	217	-4800	59	2000	280	0	0	2	0	0	0	0	0	0	0	41	0	0	0	59	-4	0	-10	5	
2026-04-10 13:20:00	57.41475	18.07221	12	0	28	0	0	0	0	0.005	13.8	6	1023	18	1	27	0.4	211	-4900	58	2000	280	0	0	2	0	0	0	0	0	0	0	41	0	0	0	58	-4	0	-10	5	
2026-04-10 13:25:00	57.41418	18.07143	12	0	29	0	0	0	0	0.005	13.8	6	1023	17	1	28	0.3	215	-5000	58	2000	280	0	0	2	0	0	0	0	0	0	0	41	0	0	0	58	-4	0	-10	5	
2026-04-10 13:30:00	57.41346	18.07077	12	0	0	0	0	0	0	0.005	13.7	6	1023	17	1	27	0.3	207	-5000	57	2000	280	0	0	2	0	0	0	0	0	0	0	41	0	0	0	57	-4	0	-10	5	
2026-04-10 13:35:00	57.41271	18.06996	12	0	1	0	0	0	0	0.005	13.7	6	1023	17	1	28	0.3	211	-5100	57	2000	280	0	0	2	0	0	0	0	0	0	0	41	0	0	0	57	-4	0	-10	5	
2026-04-10 13:40:00	57.41178	18.06894	13	0	2	0	0	0	0	0.005	13.7	6	1023	17	1	30	0.4	210	-5200	56	2000	280	0	0	2	0	0	0	0	0	0	0	41	0	0	0	56	-4	0	-10	5	
2026-04-10 13:45:00	57.411	18.06801	12	0	3	0	0	0	0	0.005	13.7	6	1023	17	1	32	0.3	213	-5300	56	2000	280	0	0	2	0	0	0	0	0	0	0	40	0	0	0	56	-4	0	-10	5	
2026-04-10 13:50:00	57.41028	18.06732	12	0	4	0	0	0	0	0.005	13.7	6	1023	17	1	30	0.3	208	-5400	55	2000	280	0	0	2	0	0	0	0	0	0	0	41	0	0	0	55	-4	0	-10	5	
2026-04-10 13:55:00	57.40959	18.06633	12	0	5	0	0	0	0	0.005	13.7	6	1023	17	1	27	0.3	217	-5500	55	2000	280	0	0	2	0	0	0	0	0	0	0	40	1	0	0	55	-4	0	-10	5	
2026-04-10 14:00:00	57.40869	18.06525	40	0	6	0	0	0	0	0.005	13.7	6	1023	17	1	30	0.4	213	-5600	55	2000	280	0	0	2	0	0	0	0	0	0	0	41	0	0	0	55	-4	0	-10	5	
2026-04-10 14:05:00	57.40794	18.06444	11	0	7	0	0	0	0	0.005	13.6	5	1023	17	1	57	0.4	210	-5700	54	2000	280	0	0	2	0	0	0	0	0	0	0	35	0	0	0	54	-4	0	-10	5	
2026-04-10 14:10:00	57.4071	18.06327	12	0	8	0	0	0	0	0.005	13.6	5	1022	18	1	29	0.4	217	-5800	54	2000	280	0	0	2	0	0	0	0	0	0	0	41	0	0	0	54	-4	0	-10	5	
2026-04-10 14:15:00	57.40638	18.06234	12	0	9	0	0	0	0	0.005	13.6	5	1023	17	1	29	0.3	215	-5900	54	2000	280	0	0	2	0	0	0	0	0	0	0	41	0	0	0	54	-4	0	-10	5	
2026-04-10 14:20:00	57.40566	18.0618	12	0	10	0	0	0	0	0.005	13.6	5	1023	18	2	60	0.3	202	-6000	53	2000	280	0	0	2	0	0	0	0	0	0	0	34	1	0	0	53	-4	0	-10	5	
2026-04-10 14:25:00	57.40488	18.06102	12	0	11	0	0	0	0	0.005	13.6	5	1023	18	1	27	0.3	208	-6100	53	2000	280	0	0	2	0	0	0	0	0	0	0	41	0	0	0	53	-4	0	-10	5	
2026-04-10 14:30:00	57.40416	18.06024	11	0	12	0	0	0	0	0.005	13.6	5	1022	18	1	30	0.3	211	-6200	52	2000	280	0	0	2	0	0	0	0	0	0	0	41	0	0	0	52	-4	0	-10	5	
2026-04-10 14:35:00	57.40329	18.05949	12	0	13	0	0	0	0	0.005	13.6	5	1023	18	1	28	0.4	205	-6300	52	2000	280	0	0	2	0	0	0	0	0	0	0	41	0	0	0	52	-4	0	-10	5	
2026-04-10 14:40:00	57.40242	18.05892	12	0	14	0	0	0	0	0.005	13.6	5	1022	18	1	30	0.3	199	-6300	51	2000	280	0	0	2	0	0	0	0	0	0	0	41	0	0	0	51	-4	0	-10	5	
2026-04-10 14:45:00	57.40155	18.05823	11	0	15	0	0	0	0	0.005	13.6	5	1022	18	1	38	0.3	203	-6400	51	2000	280	0	0	2	0	0	0	0	0	0	0	39	0	0	0	51	-4	0	-10	5	
2026-04-10 14:50:00	57.40062	18.05766	12	0	16	0	0	0	0	0.005	13.6	5	1022	18	1	26	0.4	199	-6500	50	2000	280	0	0	2	0	0	0	0	0	0	0	41	0	0	0	50	-4	0	-10	5	
2026-04-10 15:00:00	57.39918	18.05685	12	0	18	0	0	0	0	0.005	13.5	6	1022	18	3	85	0.3	194	-6700	50	2000	280	0	0	2	0	0	0	0	0	0	0	29	0	0	0	50	-4	0	-10	5	
2026-04-10 15:05:00	57.39849	18.05643	12	0	19	0	0	0	0	0.005	13.5	6	1022	18	1	32	0.3	199	-6700	49	2000	280	0	0	2	0	0	0	0	0	0	0	40	0	0	0	49	-4	0	-10	5	
2026-04-10 15:10:00	57.39768	18.05571	11	0	20	0	0	0	0	0.005	13.5	6	1022	17	2	51	0.3	206	-6800	49	2000	280	0	0	2	0	0	0	0	0	0	0	36	0	0	0	49	-4	0	-10	5	
2026-04-10 15:15:00	57.3969	18.0552	12	0	21	0	0	0	0	0.005	13.5	6	1022	17	2	67	0.3	199	-6900	49	2000	280	0	0	2	0	0	0	0	0	0	0	33	0	0	0	49	-4	0	-10	5	
2026-04-10 15:25:00	57.39525	18.05607	11	0	23	0	0	3	0	0.005	13.5	6	1022	17	3	87	0.3	164	-200	212	2000	280	1	0	2	2	2	0	0	0	1	0	6	2	20	0	216	1	2	10	5	
2026-04-10 15:30:00	57.39444	18.05622	11	0	24	0	0	1	0	0.005	13.5	6	1022	17	1	30	0.3	174	-200	213	2000	280	1	0	2	2	2	2	0	0	1	0	19	4	16	0	218	1	2	10	5	
2026-04-10 15:40:00	57.39282	18.0573	11	0	25	0	0	0	0	0.005	13.5	6	1022	17	1	30	0.3	161	-400	214	2000	280	1	0	3	2	2	2	2	0	1	0	35	5	57	0	222	1	6	10	5	
2026-04-10 15:50:00	57.39096	18.05661	12	0	26	0	0	0	0	0.005	13.5	6	1022	17	3	73	0.3	191	-400	214	2000	350	1	0	0	3	2	2	2	0	1	0	89	0	2	0	224	-1	2	-10	5	
2026-04-10 16:00:00	57.38964	18.05583	12	0	27	0	0	0	0	0.005	13.4	6	1021	17	1	32	0.3	197	-500	215	2000	350	1	0	0	0	3	2	2	0	1	0	97	3	0	0	225	-4	1	-10	5	
2026-04-10 16:10:00	57.38832	18.05496	12	0	28	0	0	0	0	0.005	13.4	6	1021	17	1	30	0.3	199	-500	215	2000	350	1	0	0	0	0	3	2	0	1	0	99	2	0	0	226	-4	0	-10	5	
2026-04-10 16:20:00	57.38673	18.05385	12	0	29	0	0	0	0	0.005	13.4	6	1021	17	1	44	0.3	201	-500	215	2000	350	1	0	0	0	0	0	3	0	1	0	98	0	0	0	227	-4	0	-10	5	
2026-04-10 16:30:00	57.38517	18.05304	12	0	0	0	0	0	0	0.005	13.4	6	1021	17	1	33	0.3	196	-600	216	2000	350	1	0	0	0	0	0	0	0	1	0	100	0	0	0	229	-4	0	-10	5	
2026-04-10 16:40:00	57.38385	18.05205	12	0	1	0	0	0	0	0.005	13.4	6	1021	17	1	32	0.3	202	-600	216	2000	350	1	0	0	0	0	0	0	0	1	0	100	0	0	0	229	-4	0	-10	5	
2026-04-10 16:50:00	57.38277	18.05172	41	0	2	0	0	0	0	0.005	13.4	6	1021	17	1	31	0.2	189	-700	216	2000	350	1	0	0	0	0	0	0	0	1	0	59	19	22	0	231	-4	0	-10	5	
2026-04-10 17:00:00	57.38172	18.05196	11	0	3	0	0	0	0	0.005	13.4	6	1021	17	1	56	0.2	173	-700	217	2000	350	1	0	0	0	0	0	0	0	1	0	53	6	36	0	233	-4	0	-10	5	
2026-04-10 17:10:00	57.38061	18.05091	12	0	4	0	0	0	0	0.005	13.4	6	1021	17	1	26	0.2	207	-800	217	2000	350	1	0	0	0	0	0	0	0	1	0	100	1	0	0	233	-4	0	-10	5	
2026-04-10 17:20:00	57.37941	18.04962	11	0	5	0	0	0	0	0.005	13.4	6	1021	17	1	28	0.3	210	-800	217	2000	350	1	0	0	0	0	0	0	0	1	0	100	1	0	0	233	-4	0	-10	5	
2026-04-10 17:30:00	57.378	18.04761	12	0	6	0	0	0	0	0.005	13.4	6	1021	17	1	27	0.3	218	-700	217	2000	350	1	0	0	0	0	0	0	0	1	0	100	0	0	0	233	-4	0	-10	5	
2026-04-10 17:40:00	57.37674	18.04521	11	0	7	0	0	0	0	0.005	13.4	5	1022	17	1	29	0.3	226	-700	217	2000	350	1	0	0	0	0	0	0	0	1	0	100	0	0	0	231	-4	0	-10	5	
2026-04-10 17:50:00	57.37557	18.04344	12	0	8	0	0	0	0	0.005	13.4	5	1022	17	1	28	0.3	219	-700	217	2000	350	1	0	0	0	0	0	0	0	1	0	100	0	0	0	231	-4	0	-10	5	
2026-04-10 18:00:00	57.37473	18.04305	11	0	9	0	0	0	0	0.005	13.4	5	1022	17	2	47	0.2	194	-700	217	2000	350	1	0	0	0	0	0	0	0	1	0	46	6	45	0	231	-4	0	-10	5	
2026-04-10 18:10:00	57.37407	18.04278	11	0	10	0	0	0	0	0.005	13.4	5	1022	17	1	25	0.1	192	-700	217	2000	350	1	0	0	0	0	0	0	0	1	0	69	0	32	0	232	-4	0	-10	5	
2026-04-10 18:20:00	57.37266	18.04017	12	0	11	0	0	0	0	0.005	13.4	4	1022	17	1	30	0.4	225	-700	217	2000	350	1	0	0	0	0	0	0	0	1	0	100	0	0	0	231	-4	0	-10	5	
2026-04-10 18:30:00	57.37161	18.03747	12	0	12	0	0	0	0	0.005	13.4	4	1022	17	1	30	0.3	234	-600	217	2000	350	1	0	0	0	0	0	0	0	1	0	100	0	0	0	228	-4	0	-10	5	
2026-04-10 18:50:00	57.3696	18.03174	11	0	14	0	0	0	0	0.005	13.4	4	1022	18	3	81	0.4	237	-400	215	2000	350	1	0	0	0	0	0	0	0	1	0	90	0	0	0	223	-4	0	-10	5	
2026-04-10 19:00:00	57.36864	18.02913	11	0	15	0	0	2	0	0.005	13.4	4	1022	18	3	68	0.3	236	0	236	2000	350	1	0	0	0	0	0	0	0	1	0	93	0	0	0	235	-4	0	-10	5	
2026-04-10 19:50:00	57.36555	18.01491	41	0	20	0	0	0	0	0.005	13.3	4	1022	18	3	113	0.3	254	200	235	2000	350	1	0	0	0	0	0	0	0	1	0	84	0	0	0	230	-4	0	-10	5	
2026-04-10 20:00:00	57.36546	18.01224	12	0	21	0	0	0	0	0.005	13.3	4	1022	18	1	61	0.3	267	300	234	2000	350	1	0	3	0	0	0	0	0	1	0	93	1	0	0	227	-4	0	-10	5	
2026-04-10 20:10:00	57.36531	18.00993	11	0	22	0	0	0	0	0.005	13.3	3	1022	18	2	48	0.2	263	400	234	2000	350	1	0	3	3	0	0	0	0	1	0	96	0	0	0	226	-1	1	-10	5	
2026-04-10 20:20:00	57.36501	18.00765	11	0	23	0	0	0	0	0.005	13.3	3	1022	18	2	52	0.2	256	400	234	2000	350	1	0	3	3	3	0	0	0	1	0	96	0	0	0	224	-1	0	-10	5	
2026-04-10 20:30:00	57.36456	18.00471	11	0	24	0	0	0	0	0.005	13.3	3	1022	18	1	27	0.3	254	500	233	2000	350	1	0	3	3	3	3	0	0	1	0	100	0	0	0	222	-1	0	-10	5	
2026-04-10 20:40:00	57.36405	18.00204	12	0	25	0	0	0	0	0.005	13.3	3	1022	18	1	29	0.3	250	500	233	2000	350	1	0	3	3	3	3	3	0	1	0	100	0	0	0	221	-1	0	-10	5	
2026-04-10 20:50:00	57.36291	17.99985	11	0	26	0	0	0	0	0.005	13.3	3	1022	18	1	28	0.3	226	500	233	2000	350	1	0	3	3	3	3	3	0	1	0	100	0	0	0	222	-1	0	-10	5	
2026-04-10 21:00:00	57.36147	17.99964	11	0	27	0	0	0	0	0.005	13.3	3	1022	18	1	30	0.3	185	300	234	2000	350	1	0	0	3	3	3	3	0	1	0	100	0	0	0	226	-1	0	-10	5	
2026-04-10 21:10:00	57.36108	17.99673	12	0	28	0	0	0	0	0.005	13.3	3	1022	18	1	29	0.3	256	400	233	2000	350	1	0	3	0	3	3	3	0	1	0	100	0	0	0	224	-4	1	-10	5	
2026-04-10 21:20:00	57.35982	17.99463	11	0	29	0	0	0	0	0.005	13.3	3	1022	18	1	31	0.3	222	400	234	2000	350	1	0	3	3	0	3	3	0	1	0	100	0	0	0	225	-1	1	-10	5	
2026-04-10 21:30:00	57.35799	17.99283	12	0	0	0	0	0	0	0.005	13.3	3	1022	18	3	72	0.4	208	300	234	2000	350	1	0	3	3	3	0	3	0	1	0	92	0	0	0	228	-1	0	-10	5	
2026-04-10 21:40:00	57.35616	17.99004	12	0	1	0	0	0	0	0.005	13.3	3	1022	18	3	64	0.4	220	200	235	2000	350	1	0	3	3	3	3	0	0	1	0	94	0	0	0	230	-1	0	-10	5	
2026-04-10 21:50:00	57.35406	17.98782	11	0	2	0	0	0	0	0.005	13.3	3	1022	18	1	30	0.4	210	100	235	2000	350	1	0	3	3	3	3	3	0	1	0	100	0	0	0	234	-1	0	-10	5	
2026-04-10 22:00:00	57.35154	17.98551	40	0	3	0	0	0	0	0.005	13.3	3	1022	18	1	27	0.5	206	-100	236	2000	350	1	0	0	3	3	3	3	0	1	0	100	0	0	0	238	-1	0	-10	5	
2026-04-10 22:10:00	57.35145	17.98254	12	0	4	0	0	0	0	0.005	13.3	3	1022	18	1	63	0.3	266	0	236	2000	350	1	0	3	0	3	3	3	0	1	0	94	0	0	0	236	-4	1	-10	5	
2026-04-10 22:20:00	57.35034	17.97864	12	0	5	0	0	0	0	0.005	13.3	3	1022	18	1	33	0.4	243	0	235	2000	350	1	0	3	3	0	3	3	0	1	0	100	0	0	0	235	-1	1	-10	5	
2026-04-10 22:30:00	57.34866	17.97522	12	0	6	0	0	0	0	0.005	13.3	3	1022	18	1	30	0.5	228	0	236	2000	350	1	0	3	3	3	0	3	0	1	0	100	0	0	0	236	-1	0	-10	5	
2026-04-10 22:40:00	57.34692	17.97189	12	0	7	0	0	0	0	0.005	13.3	3	1022	18	1	36	0.5	226	-100	236	2000	350	1	0	3	3	3	3	0	0	1	0	99	0	0	0	237	-1	0	-10	5	
2026-04-10 22:50:00	57.34518	17.96907	11	0	8	0	0	0	0	0.005	13.3	3	1022	18	1	29	0.4	221	-100	237	2000	350	1	0	3	3	3	3	3	0	1	0	100	0	0	0	239	-1	0	-10	5	
2026-04-10 23:00:00	57.34356	17.9655	11	0	9	0	0	0	0	0.005	13.3	3	1022	18	1	25	0.5	230	-100	237	2000	350	1	0	3	3	3	3	3	0	1	0	100	0	0	0	240	-1	0	-10	5	
2026-04-10 23:10:00	57.3426	17.96172	11	0	10	0	0	0	0	0.005	13.2	3	1022	18	2	43	0.4	244	-100	237	2000	350	1	0	3	3	3	3	3	0	1	0	98	0	0	0	239	-1	0	-10	5	
2026-04-10 23:30:00	57.34086	17.95461	12	0	12	0	0	0	0	0.005	13.3	3	1022	18	3	80	0.4	248	0	236	2000	350	1	0	3	3	3	3	3	0	1	0	91	0	0	0	236	-1	0	-10	5	
2026-04-10 23:40:00	57.34002	17.95212	11	0	13	0	0	0	0	0.005	13.2	3	1022	18	1	28	0.3	238	0	236	2000	350	1	0	3	3	3	3	3	0	1	0	100	0	0	0	236	-1	0	-10	5	
2026-04-10 23:50:00	57.33933	17.94927	12	0	14	0	0	0	0	0.005	13.2	3	1022	18	1	28	0.3	245	0	236	2000	350	1	0	3	3	3	3	3	0	1	0	100	0	0	0	235	-1	0	-10	5	
2026-04-11 00:00:00	57.34005	17.94528	13	0	15	0	0	0	0	0.005	13.2	3	1022	18	1	29	0.4	288	200	234	2000	350	1	0	3	3	3	3	3	0	1	0	100	0	0	0	230	-1	0	-10	5	
2026-04-11 00:10:00	57.34068	17.94204	18	0	16	0	0	0	0	0.005	13.2	3	1022	18	1	29	0.3	290	400	232	2000	350	1	0	2	3	3	3	3	0	1	0	100	0	0	0	225	-1	0	-10	5	
2026-04-11 00:20:00	57.33984	17.94357	12	0	17	0	0	0	0	0.005	13.2	3	1022	18	1	33	0.2	136	300	233	2000	30	1	0	3	2	3	3	3	0	1	0	12	1	86	0	228	1	2	10	5	
2026-04-11 00:30:00	57.33963	17.94216	12	0	18	0	0	0	0	0.005	13.2	3	1022	18	1	30	0.1	255	300	233	2000	20	1	0	3	3	2	3	3	0	1	0	90	0	9	0	228	-1	2	-10	5	
2026-04-11 00:40:00	57.3396	17.94	12	0	19	0	0	0	0	0.005	13.2	3	1022	18	1	25	0.2	269	400	232	2000	20	1	0	3	3	3	2	3	0	1	0	100	1	0	0	226	-1	0	-10	5	
2026-04-11 00:50:00	57.3396	17.93772	12	0	20	0	0	0	0	0.005	13.2	3	1022	18	1	30	0.2	270	400	231	2000	20	1	0	3	3	3	3	2	0	1	0	100	0	0	0	223	-1	0	-10	5	
2026-04-11 01:00:00	57.33927	17.93511	13	0	21	0	0	0	0	0.005	13.2	3	1022	18	1	31	0.3	257	500	230	2000	20	1	0	3	3	3	3	3	0	1	0	100	0	0	0	222	-1	0	-10	5	
2026-04-11 01:10:00	57.3384	17.93244	13	0	22	0	0	0	0	0.005	13.2	3	1022	18	1	27	0.3	239	500	230	2000	20	1	0	3	3	3	3	3	0	1	0	100	0	0	0	221	-1	0	-10	5	
2026-04-11 01:20:00	57.33732	17.93013	41	0	23	0	0	0	0	0.005	13.2	3	1022	18	1	32	0.3	229	500	230	2000	20	1	0	3	3	3	3	3	0	1	0	100	0	0	0	222	-1	0	-10	5	
2026-04-11 01:30:00	57.33591	17.92842	11	0	24	0	0	0	0	0.005	13.2	4	1022	18	1	56	0.3	213	400	231	2000	20	1	0	3	3	3	3	3	0	1	0	95	0	0	0	224	-1	0	-10	5	
2026-04-11 01:40:00	57.33423	17.92707	11	0	25	0	0	0	0	0.005	13.2	4	1022	18	2	43	0.3	203	300	232	2000	20	1	0	3	3	3	3	3	0	1	0	98	0	0	0	227	-1	0	-10	5	
2026-04-11 01:50:00	57.33282	17.92452	12	0	26	0	0	0	0	0.005	13.2	4	1022	18	1	31	0.4	225	300	232	2000	20	1	0	3	3	3	3	3	0	1	0	100	0	0	0	228	-1	0	-10	5	
2026-04-11 02:00:00	57.33198	17.92164	11	0	27	0	0	0	0	0.005	13.2	3	1022	18	2	56	0.3	242	300	232	2000	20	1	0	3	3	3	3	3	0	1	0	95	0	0	0	228	-1	0	-10	5	
2026-04-11 02:20:00	57.33063	17.91696	11	0	29	0	0	0	0	0.005	13.2	3	1022	18	3	77	0.3	238	300	231	2000	20	1	0	3	3	3	3	3	0	1	0	91	0	0	0	227	-1	0	-10	5	
2026-04-11 02:30:00	57.33015	17.91432	11	0	0	0	0	0	0	0.005	13.2	3	1022	18	1	26	0.3	251	400	230	2000	20	1	0	3	3	3	3	3	0	1	0	100	0	0	0	225	-1	0	-10	5	
2026-04-11 02:40:00	57.32985	17.91081	11	0	1	0	0	0	0	0.005	13.2	3	1022	18	3	70	0.4	261	400	228	2000	20	1	0	3	3	3	3	3	0	1	0	92	0	0	0	223	-1	0	-10	5	
2026-04-11 02:50:00	57.32991	17.90643	11	0	2	0	0	0	0	0.005	13.2	3	1022	18	1	28	0.4	271	600	225	2000	20	1	0	3	3	3	3	3	0	1	0	100	0	0	0	218	-1	0	-10	5	
2026-04-11 03:00:00	57.3294	17.90184	11	0	3	0	0	0	0	0.005	13.2	3	1022	18	1	30	0.5	259	700	222	2000	20	1	0	3	3	3	3	3	0	1	0	100	0	0	0	215	-1	0	-10	5	
2026-04-11 03:10:00	57.32844	17.89824	12	0	4	0	0	0	0	0.005	13.2	3	1022	18	1	31	0.4	244	700	221	2000	20	1	0	3	3	3	3	3	0	1	0	100	0	0	0	214	-1	0	-10	5	
2026-04-11 03:20:00	57.32727	17.89437	11	0	5	0	0	0	0	0.005	13.2	3	1022	18	3	68	0.4	241	800	219	2000	20	1	0	3	3	3	3	3	0	1	0	93	0	0	0	213	-1	0	-10	5	
2026-04-11 03:30:00	57.32652	17.89047	11	0	6	0	0	0	0	0.005	13.2	3	1022	18	1	30	0.4	250	800	215	2000	20	1	0	3	3	3	3	3	0	1	0	100	0	0	0	211	-1	0	-10	5	
2026-04-11 03:40:00	57.32568	17.88723	11	0	7	0	0	0	0	0.005	13.2	4	1022	18	1	26	0.4	244	900	213	2000	20	1	0	3	3	3	3	3	0	1	0	100	0	0	0	210	-1	0	-10	5	
2026-04-11 03:50:00	57.32451	17.8839	12	0	8	0	0	0	0	0.005	13.2	4	1022	18	1	27	0.4	237	900	210	2000	20	1	0	3	3	3	3	3	0	1	0	100	0	0	0	210	-1	0	-10	5	
2026-04-11 04:00:00	57.32367	17.87997	40	0	9	0	0	0	0	0.005	13.2	4	1022	18	1	27	0.4	248	1800	205	2000	20	1	0	3	3	3	3	3	0	1	0	100	0	0	0	205	-1	0	-10	5	
2026-04-11 04:10:00	57.32304	17.87568	11	0	10	0	0	0	0	0.005	13.2	4	1022	18	1	57	0.5	255	1700	198	2000	20	1	0	3	3	3	3	3	0	1	0	95	0	0	0	198	-1	0	-10	5	
2026-04-11 04:20:00	57.32196	17.87109	11	0	11	0	0	0	0	0.005	13.3	4	1022	18	1	30	0.5	247	1500	189	2000	20	1	0	3	3	3	3	3	0	1	0	100	0	0	0	189	-1	0	-10	5	
2026-04-11 04:40:00	57.31812	17.86671	12	0	13	0	0	0	0	0.005	13.5	4	1022	18	3	74	0.4	173	1000	178	2000	20	1	0	2	2	3	3	3	0	1	0	6	0	81	0	178	1	2	10	5	
2026-04-11 04:50:00	57.31488	17.86704	12	0	14	0	0	0	0	0.005	13.8	4	1022	18	1	34	0.6	177	700	179	2000	20	1	0	2	2	2	3	3	0	1	0	0	0	100	0	179	1	0	10	5	
2026-04-11 05:00:00	57.31041	17.865	11	0	15	0	0	0	0	0.005	13.8	4	1022	18	1	29	0.9	194	200	142	2000	20	1	0	1	2	2	2	3	1	1	0	0	0	100	0	142	1	0	10	5	
2026-04-11 05:10:00	57.30825	17.87043	11	0	16	0	0	0	0	0.005	13.7	4	1023	18	1	26	0.7	126	-200	290	2000	20	1	0	0	1	2	2	2	1	1	0	0	0	100	0	290	4	1	10	5	
2026-04-11 05:20:00	57.31014	17.8689	12	0	17	0	0	0	0	0.005	13.7	4	1022	18	1	26	0.4	336	200	217	2000	45	1	0	0	0	1	2	2	1	1	0	92	1	7	0	217	-4	2	-10	5	
2026-04-11 05:30:00	57.31254	17.86737	11	0	18	0	0	0	0	0.005	13.7	4	1023	18	2	45	0.5	341	400	182	2000	45	1	0	2	0	0	1	2	0	1	0	96	2	0	0	182	-4	0	-10	5	
2026-04-11 05:40:00	57.30891	17.86671	11	0	19	0	0	0	0	0.005	13.6	4	1023	18	1	29	0.7	186	0	92	2000	45	1	0	0	2	0	0	1	1	1	0	8	1	90	0	92	1	2	10	5	
2026-04-11 05:50:00	57.30996	17.86434	12	0	20	0	0	0	0	0.005	13.6	4	1022	18	1	29	0.3	309	200	124	2000	45	1	0	1	0	2	0	0	0	1	0	96	1	3	0	124	-4	2	-10	5	
2026-04-11 06:00:00	57.30945	17.86707	12	0	21	0	0	0	0	0.005	13.6	4	1022	18	2	47	0.3	109	100	172	2000	30	1	0	1	1	0	2	0	1	1	0	9	1	86	0	172	4	2	10	5	
2026-04-11 06:10:00	57.30876	17.8698	13	0	22	0	0	2	0	0.005	13.6	4	1022	17	2	47	0.3	114	-1400	169	2000	30	1	0	2	1	1	0	2	0	1	0	0	6	91	0	169	4	0	10	5	
2026-04-11 06:20:00	57.3054	17.87031	12	0	23	0	0	0	0	0.005	13.6	4	1023	18	1	29	0.6	175	-1100	167	2000	30	1	0	2	2	1	1	0	0	1	0	0	0	100	0	167	1	1	10	5	
2026-04-11 06:30:00	57.30198	17.8701	12	0	24	0	0	0	0	0.005	13.6	4	1023	18	1	31	0.6	182	700	158	2000	30	1	0	2	2	2	1	1	0	1	0	0	0	100	0	158	1	0	10	5	
2026-04-11 06:40:00	57.29895	17.87082	41	0	25	0	0	0	0	0.005	13.6	4	1023	18	1	30	0.5	173	400	145	2000	30	1	0	2	2	2	2	1	0	1	0	0	0	100	0	145	1	0	10	5	
2026-04-11 06:50:00	57.29637	17.87184	11	0	26	0	0	0	0	0.005	13.6	5	1023	18	1	58	0.5	168	200	97	2000	30	1	0	1	2	2	2	2	1	1	0	0	0	95	0	97	1	0	10	5	
2026-04-11 07:00:00	57.29586	17.87448	12	0	27	0	0	0	0	0.005	13.5	5	1023	18	1	31	0.3	109	0	353	2000	30	1	0	0	1	2	2	2	1	1	0	0	2	98	0	353	4	1	10	5	
2026-04-11 07:10:00	57.29703	17.87211	12	0	28	0	0	0	0	0.005	13.5	5	1023	17	1	35	0.3	312	200	124	2000	30	1	0	1	0	1	2	2	1	1	0	87	1	10	0	124	-4	2	-10	5	
2026-04-11 07:20:00	57.29676	17.87355	15	0	29	0	0	0	0	0.005	13.5	5	1023	18	1	32	0.1	109	100	140	2000	35	1	0	1	1	0	1	2	1	1	0	10	2	87	0	140	4	2	10	5	
2026-04-11 07:30:00	57.29706	17.87625	13	0	0	0	0	0	0	0.005	13.5	5	1023	17	1	36	0.3	78	-100	229	2000	35	1	0	0	1	1	0	1	1	1	0	0	1	98	0	229	4	0	10	5	
2026-04-11 07:40:00	57.29751	17.8743	12	0	1	0	0	0	0	0.005	13.5	5	1023	17	1	29	0.2	293	-100	178	2000	5	1	0	0	0	1	1	0	0	1	0	85	2	13	0	178	-4	2	-10	5	
2026-04-11 07:50:00	57.29862	17.87214	12	0	2	0	0	0	0	0.005	13.5	5	1023	18	1	32	0.3	313	300	153	2000	5	1	0	2	0	0	1	1	0	1	0	97	3	0	0	153	-4	0	-10	5	
2026-04-11 08:00:00	57.29667	17.87316	13	0	3	0	0	0	0	0.005	13.5	5	1023	18	1	30	0.4	164	100	125	2000	5	1	0	1	2	0	0	1	1	1	0	14	0	85	0	125	1	2	10	5	
2026-04-11 08:10:00	57.2967	17.87568	12	0	4	0	0	0	0	0.005	13.5	5	1023	17	1	27	0.3	89	-100	235	2000	5	1	0	0	1	2	0	0	1	1	0	0	0	100	0	235	4	1	10	5	
2026-04-11 08:20:00	57.29739	17.87334	11	0	5	0	0	0	0	0.005	13.5	6	1023	17	1	31	0.3	299	100	154	2000	15	1	0	1	0	1	2	0	1	1	0	87	0	12	0	154	-4	2	-10	5	
2026-04-11 08:30:00	57.2976	17.87541	11	0	6	0	0	0	0	0.005	13.5	6	1023	17	1	27	0.2	79	-200	201	2000	10	1	0	0	1	0	1	2	0	1	0	12	0	88	0	201	4	2	10	5	
2026-04-11 08:40:00	57.2982	17.87304	41	0	7	0	0	0	0	0.005	13.4	6	1023	17	1	28	0.2	294	-200	160	2000	10	1	0	1	0	1	0	1	0	1	0	86	1	10	0	160	-4	2	-10	5	
2026-04-11 08:50:00	57.29868	17.87487	11	0	8	0	0	0	0	0.005	13.4	6	1024	17	1	61	0.2	64	-300	186	2000	0	1	0	0	1	0	1	0	0	1	0	13	1	79	0	186	4	2	10	5	
2026-04-11 09:00:00	57.29874	17.87229	11	0	9	0	0	0	0	0.005	13.4	6	1023	17	1	30	0.3	272	300	156	2000	350	1	0	2	0	1	0	1	0	1	0	87	0	12	0	156	-4	2	-10	5	
2026-04-11 09:10:00	57.29736	17.8758	11	0	10	0	0	0	0	0.005	13.4	6	1023	17	1	29	0.4	126	-200	213	2000	350	1	0	0	2	0	1	0	1	1	0	14	0	85	0	213	1	2	10	5	
2026-04-11 09:20:00	57.2973	17.87226	11	0	11	0	0	0	0	0.005	13.4	6	1023	17	1	25	0.4	268	200	134	2000	350	1	0	1	0	2	0	1	1	1	0	96	0	5	0	134	-4	2	-10	5	
2026-04-11 09:30:00	57.29817	17.87481	12	0	12	0	0	0	0	0.005	13.4	6	1023	17	2	45	0.3	57	-200	186	2000	345	1	0	0	1	0	2	0	0	1	0	10	0	86	0	186	4	2	10	5	
2026-04-11 09:40:00	57.29781	17.87211	11	0	13	0	0	0	0	0.005	13.4	6	1023	17	1	31	0.3	257	200	143	2000	335	1	0	1	0	1	0	2	0	1	0	84	4	11	0	143	-4	2	-10	5	
2026-04-11 09:50:00	57.30012	17.8746	11	0	14	0	0	0	0	0.005	13.4	6	1023	17	1	27	0.5	30	-400	181	2000	315	1	0	3	1	0	1	0	0	1	0	0	0	100	0	181	4	1	10	5	
2026-04-11 10:00:00	57.29655	17.87457	12	0	15	0	0	0	0	0.005	13.4	7	1023	17	1	32	0.7	180	0	195	2000	315	1	0	0	3	1	0	1	1	1	0	91	0	8	0	195	-1	2	-10	5	
2026-04-11 10:10:00	57.29556	17.86986	11	0	16	0	0	0	0	0.005	13.4	6	1024	17	1	33	0.5	249	300	75	2000	315	1	0	1	0	3	1	0	1	1	0	99	1	0	0	75	-4	1	-10	5	
2026-04-11 10:20:00	57.29712	17.87259	12	0	17	0	0	0	0	0.005	13.4	6	1023	17	1	29	0.4	43	200	133	2000	325	1	0	1	1	0	3	1	1	1	0	8	0	92	0	133	4	2	10	5	
2026-04-11 10:30:00	57.29919	17.87613	12	0	18	0	0	0	0	0.005	13.4	6	1023	17	1	29	0.5	43	-300	197	2000	325	1	0	3	1	1	0	3	0	1	0	0	0	100	0	197	4	0	10	5	
2026-04-11 10:40:00	57.2958	17.871	12	0	19	0	0	0	0	0.005	13.4	6	1023	17	1	29	0.8	219	200	78	2000	325	1	0	1	3	1	1	0	1	1	0	92	0	7	0	78	-1	2	-10	5	
2026-04-11 11:00:00	57.29844	17.87655	12	0	21	0	0	0	0	0.005	13.4	6	1023	17	3	86	0.4	50	-300	207	2000	325	1	0	0	1	1	3	1	0	1	0	0	5	84	0	207	4	0	10	5	
2026-04-11 11:10:00	57.29856	17.87319	13	0	22	0	0	0	0	0.005	13.4	6	1023	17	1	32	0.3	274	-300	164	2000	340	1	0	0	0	1	1	3	0	1	0	90	2	6	0	164	-4	2	-10	5	
2026-04-11 11:20:00	57.29886	17.86926	13	0	23	0	0	0	0	0.005	13.3	6	1024	17	1	32	0.4	278	400	134	2000	340	1	0	2	0	0	1	1	0	1	0	100	0	0	0	134	-4	0	-10	5	
2026-04-11 11:30:00	57.29808	17.87574	41	0	24	0	0	0	0	0.005	13.3	6	1023	17	1	35	0.6	103	-200	201	2000	340	1	0	0	2	0	0	1	1	1	0	10	0	88	0	201	1	2	10	5	
2026-04-11 11:40:00	57.29796	17.87319	11	0	25	0	0	0	0	0.005	13.3	7	1023	17	2	79	0.3	265	-200	160	2000	340	1	0	0	0	2	0	0	0	1	0	85	0	5	0	160	-4	2	-10	5	
2026-04-11 11:50:00	57.29814	17.86947	12	0	26	0	0	0	0	0.005	13.4	6	1023	17	1	30	0.4	275	400	126	2000	340	1	0	2	0	0	2	0	0	1	0	98	3	0	0	126	-4	0	-10	5	
2026-04-11 12:00:00	57.29655	17.87457	11	0	27	0	0	0	0	0.005	13.3	6	1024	17	1	35	0.6	120	0	194	2000	340	1	0	1	2	0	0	2	1	1	0	7	1	90	0	194	1	2	10	5	
2026-04-11 12:10:00	57.29706	17.87793	12	0	28	0	0	0	0	0.005	13.3	6	1024	17	1	40	0.3	75	-200	246	2000	340	1	0	0	1	2	0	0	0	1	0	0	5	93	0	246	4	1	10	5	
2026-04-11 12:20:00	57.29673	17.87517	12	0	29	0	0	0	0	0.005	13.7	7	1024	17	1	29	0.3	258	-100	218	2000	345	1	0	0	0	1	2	0	1	1	0	90	1	9	0	218	-4	2	-10	5	
2026-04-11 12:30:00	57.29577	17.87268	11	0	0	0	0	0	0	0.005	13.6	6	1023	17	1	32	0.3	235	100	65	2000	345	1	0	1	0	0	1	2	1	1	0	70	10	20	0	65	-4	0	-10	5	
2026-04-11 12:40:00	57.29613	17.87475	11	0	1	0	0	0	0	0.005	13.6	6	1024	17	1	26	0.2	72	0	287	2000	330	1	0	1	1	0	0	1	1	1	0	8	7	85	0	287	4	2	10	5	
2026-04-11 12:50:00	57.29673	17.87781	12	0	2	0	0	0	0	0.005	13.6	6	1023	17	1	28	0.3	70	-200	254	2000	330	1	0	0	1	1	0	0	0	1	0	0	0	100	0	254	4	0	10	5	
2026-04-11 13:00:00	57.29676	17.87532	12	0	3	0	0	0	0	0.005	13.6	7	1024	17	1	27	0.2	271	-100	222	2000	350	1	0	0	0	1	1	0	1	1	0	84	1	15	0	222	-4	2	-10	5	
2026-04-11 13:10:00	57.29721	17.87169	12	0	4	0	0	0	0	0.005	13.6	7	1023	17	1	27	0.4	282	200	124	2000	350	1	0	1	0	0	1	1	1	1	0	99	2	0	0	124	-4	0	-10	5	
2026-04-11 13:20:00	57.29736	17.87388	12	0	5	0	0	0	0	0.005	13.6	6	1023	17	1	32	0.2	82	-100	166	2000	5	1	0	1	1	0	0	1	0	1	0	10	2	87	0	166	4	2	10	5	
2026-04-11 13:30:00	57.29781	17.87604	12	0	6	0	0	0	0	0.005	13.6	6	1024	17	1	29	0.2	69	-200	209	2000	5	1	0	0	1	1	0	0	0	1	0	0	10	91	0	209	4	0	10	5	
2026-04-11 13:40:00	57.29781	17.87241	13	0	7	0	0	0	0	0.005	13.6	6	1023	17	1	32	0.4	270	200	146	2000	350	1	0	1	0	1	1	0	1	1	0	88	1	10	0	146	-4	2	-10	5	
2026-04-11 13:50:00	57.29787	17.87403	12	0	8	0	0	0	0	0.005	13.5	6	1024	17	1	32	0.2	85	-200	173	2000	360	1	0	1	1	0	1	1	0	1	0	14	3	82	0	173	4	2	10	5	
2026-04-11 14:00:00	57.29841	17.87652	40	0	9	0	0	0	0	0.005	13.5	6	1023	17	1	26	0.3	68	-300	207	2000	360	1	0	0	1	1	0	1	0	1	0	0	0	100	0	207	4	0	10	5	
2026-04-11 14:10:00	57.29853	17.87343	11	0	10	0	0	0	0	0.005	13.5	6	1023	17	1	58	0.3	274	-300	167	2000	355	1	0	1	0	1	1	0	0	1	0	84	0	10	0	167	-4	2	-10	5	
2026-04-11 14:20:00	57.29916	17.87562	12	0	11	0	0	0	0	0.005	13.5	6	1023	17	1	38	0.2	63	-300	193	2000	350	1	0	3	1	0	1	1	0	1	0	8	2	88	0	193	4	2	10	5	
2026-04-11 14:30:00	57.29739	17.87196	12	0	12	0	0	0	0	0.005	13.5	6	1023	17	1	27	0.5	228	200	132	2000	350	1	0	1	3	1	0	1	1	1	0	87	1	11	0	132	-1	2	-10	5	
2026-04-11 14:50:00	57.29727	17.87574	12	0	14	0	0	0	0	0.005	13.5	6	1023	17	3	78	0.2	84	-100	214	2000	350	1	0	0	1	1	3	1	0	1	0	0	1	90	0	214	4	0	10	5	
2026-04-11 15:00:00	57.29721	17.87274	13	0	15	0	0	0	0	0.005	13.5	6	1023	17	1	28	0.3	268	100	138	2000	355	1	0	1	0	1	1	3	1	1	0	91	1	8	0	138	-4	2	-10	5	
2026-04-11 15:10:00	57.29691	17.87403	11	0	16	0	0	0	0	0.005	13.4	6	1023	17	1	29	0.1	113	-100	164	2000	5	1	0	1	1	0	1	1	1	1	0	12	1	87	0	164	4	2	10	5	
2026-04-11 15:20:00	57.297	17.87529	11	0	17	0	0	0	0	0.005	13.4	6	1023	17	1	32	0.1	82	-100	211	2000	5	1	0	0	1	1	0	1	0	1	0	0	4	96	0	211	4	0	10	5	
2026-04-11 15:30:00	57.29679	17.87292	12	0	18	0	0	0	0	0.005	13.4	6	1023	17	1	28	0.2	261	100	126	2000	350	1	0	1	0	1	1	0	1	1	0	84	1	15	0	126	-4	2	-10	5	
2026-04-11 15:40:00	57.29682	17.87346	12	0	19	0	0	0	0	0.005	13.4	6	1023	17	1	28	0.1	85	100	140	2000	350	1	0	1	1	0	1	1	0	1	0	13	5	82	0	140	4	3	10	5	
2026-04-11 15:50:00	57.29658	17.87361	12	0	20	0	0	0	0	0.005	13.4	6	1023	17	1	29	0	159	100	132	2000	350	1	0	1	1	1	0	1	0	1	0	0	29	72	0	132	4	0	10	5	
2026-04-11 16:00:00	57.2967	17.87433	12	0	21	0	0	0	0	0.005	13.4	6	1023	17	2	52	0.1	75	-100	176	2000	350	1	0	1	1	1	1	0	0	1	0	0	7	89	0	176	4	0	10	5	
2026-04-11 16:10:00	57.29652	17.87442	12	0	22	0	0	0	0	0.005	13.4	6	1023	17	1	31	0	165	0	183	2000	350	1	0	1	1	1	1	1	0	1	0	0	15	85	0	183	4	0	10	5	
2026-04-11 16:20:00	57.29625	17.87484	12	0	23	0	0	0	0	0.005	13.4	6	1023	17	1	31	0.1	142	0	261	2000	350	1	0	1	1	1	1	1	1	1	0	0	22	78	0	261	4	0	10	5	
2026-04-11 16:30:00	57.29586	17.87526	41	0	24	0	0	0	0	0.005	13.4	6	1023	17	1	29	0.1	150	-100	307	2000	350	1	0	0	1	1	1	1	0	1	0	0	20	81	0	307	4	0	10	5	
2026-04-11 16:40:00	57.29544	17.874	11	0	25	0	0	0	0	0.005	13.4	6	1023	17	1	66	0.2	240	100	16	2000	355	1	0	1	0	1	1	1	1	1	0	53	20	19	0	16	-4	2	-10	5	
2026-04-11 16:50:00	57.29514	17.87403	11	0	26	0	0	0	0	0.005	13.4	6	1023	17	1	30	0.1	175	100	10	2000	355	1	0	1	1	0	1	1	0	1	0	0	21	79	0	10	4	1	10	5	
2026-04-11 17:00:00	57.29481	17.87373	12	0	27	0	0	0	0	0.005	13.4	6	1023	17	1	30	0.1	207	200	14	2000	355	1	0	1	1	1	0	1	0	1	0	1	27	73	0	14	4	0	10	5	
2026-04-11 17:10:00	57.29448	17.8728	11	0	28	0	0	0	0	0.005	13.4	6	1023	17	1	34	0.1	239	200	27	2000	355	1	0	1	1	1	1	0	0	1	0	12	33	55	0	27	4	0	10	5	
2026-04-11 17:20:00	57.29424	17.87175	11	0	29	0	0	0	0	0.005	13.4	5	1023	17	1	28	0.1	246	300	36	2000	355	1	0	1	1	1	1	1	0	1	0	36	46	19	0	36	4	0	10	5	
2026-04-11 17:30:00	57.29406	17.87058	11	0	0	0	0	0	0	0.005	13.4	5	1023	17	1	28	0.1	254	300	44	2000	355	1	0	1	1	1	1	1	0	1	0	32	33	36	0	44	4	0	10	5	
2026-04-11 17:40:00	57.29382	17.86929	11	0	1	0	0	0	0	0.005	13.4	5	1023	17	1	27	0.1	251	400	49	2000	355	1	0	0	1	1	1	1	0	1	0	39	38	24	0	49	4	0	10	5	
2026-04-11 17:50:00	57.29352	17.86797	11	0	2	0	0	0	0	0.005	13.4	5	1023	17	1	28	0.1	247	500	52	2000	295	1	0	2	0	1	1	1	0	1	0	50	28	22	0	52	-4	3	-10	5	
2026-04-11 18:00:00	57.29319	17.86716	11	0	3	0	0	0	0	0.005	13.4	5	1023	17	1	31	0.1	232	500	52	2000	295	1	0	3	2	0	1	1	0	1	0	24	17	58	0	52	1	2	10	5	
2026-04-11 18:10:00	57.29298	17.86545	11	0	4	0	0	0	0	0.005	13.4	4	1023	17	2	42	0.2	257	600	56	2000	15	1	0	1	3	2	0	1	0	1	0	61	8	28	0	56	-1	2	-10	5	
2026-04-11 18:20:00	57.29244	17.86428	11	0	5	0	0	0	0	0.005	13.4	4	1023	17	1	30	0.2	230	700	55	2000	15	1	0	0	1	3	2	0	0	1	0	31	9	59	0	55	4	2	10	5	
2026-04-11 18:30:00	57.29277	17.86197	11	0	6	0	0	0	0	0.005	13.4	4	1023	17	1	28	0.2	285	800	63	2000	55	1	0	1	0	1	3	2	0	1	0	88	3	8	0	63	-4	2	-10	5	
2026-04-11 18:40:00	57.29241	17.86092	11	0	7	0	0	0	0	0.005	13.4	4	1023	17	1	31	0.1	237	900	62	2000	45	1	0	1	1	0	1	3	0	1	0	31	10	58	0	62	4	2	10	5	
2026-04-11 18:50:00	57.29169	17.86047	11	0	8	0	0	0	0	0.005	13.3	4	1023	18	1	27	0.1	200	1000	59	2000	45	1	0	1	1	1	0	1	0	1	0	0	15	86	0	59	4	0	10	5	
2026-04-11 19:00:00	57.29145	17.86086	11	0	9	0	0	0	0	0.005	13.4	4	1023	18	1	28	0.1	140	1000	57	2000	45	1	0	1	1	1	1	0	0	1	0	0	6	95	0	57	4	0	10	5	
2026-04-11 19:10:00	57.29085	17.86089	11	0	10	0	0	0	0	0.005	13.4	4	1023	18	1	28	0.1	179	1000	54	2000	45	1	0	1	1	1	1	1	0	1	0	0	6	95	0	54	4	0	10	5	
2026-04-11 19:20:00	57.29013	17.8611	13	0	11	0	0	0	0	0.005	13.3	4	1023	18	1	30	0.1	170	1000	50	2000	45	1	0	1	1	1	1	1	0	1	0	0	3	98	0	50	4	0	10	5	
2026-04-11 19:30:00	57.28905	17.86161	12	0	12	0	0	0	0	0.005	13.3	4	1023	18	1	29	0.2	166	1100	44	2000	45	1	0	0	1	1	1	1	0	1	0	0	0	100	0	44	4	0	10	5	
2026-04-11 19:40:00	57.29097	17.85921	12	0	13	0	0	0	0	0.005	13.3	4	1023	18	1	30	0.4	326	1100	58	2000	60	1	0	0	0	1	1	1	0	1	0	88	1	10	0	58	-4	2	-10	5	
2026-04-11 19:50:00	57.29349	17.85768	41	0	14	0	0	0	0	0.005	13.3	4	1023	18	1	31	0.5	342	1000	73	2000	60	1	0	1	0	0	1	1	0	1	0	100	0	0	0	73	-4	0	-10	5	
2026-04-11 20:10:00	57.29346	17.85534	11	0	16	0	0	0	0	0.005	13.3	4	1023	18	3	88	0.4	331	1200	75	2000	80	1	0	0	0	1	0	0	0	1	0	79	0	9	0	75	-4	2	-10	5	
2026-04-11 20:20:00	57.29571	17.85444	12	0	17	0	0	0	0	0.005	13.3	4	1024	18	1	30	0.4	348	1200	87	2000	80	1	0	1	0	0	1	0	0	1	0	100	0	0	0	87	-4	0	-10	5	
2026-04-11 20:30:00	57.29388	17.85288	12	0	18	0	0	0	0	0.005	13.3	4	1024	18	1	27	0.4	205	1300	79	2000	95	1	0	0	1	0	0	1	0	1	0	9	0	91	0	79	4	2	10	5	
2026-04-11 20:40:00	57.29592	17.85153	12	0	19	0	0	0	0	0.005	13.3	4	1024	18	1	27	0.4	340	1400	89	2000	90	1	0	0	0	1	0	0	0	1	0	93	0	7	0	89	-4	2	-10	5	
2026-04-11 20:50:00	57.29763	17.85126	12	0	20	0	0	0	0	0.005	13.3	4	1023	18	1	28	0.3	355	1400	96	2000	90	1	0	0	0	0	1	0	0	1	0	100	0	0	0	96	-4	0	-10	5	
2026-04-11 21:00:00	57.29958	17.85129	11	0	21	0	0	0	0	0.005	13.3	4	1023	18	1	28	0.4	1	1400	105	2000	90	1	0	1	0	0	0	1	0	1	0	100	0	0	0	105	-4	0	-10	5	
2026-04-11 21:10:00	57.29844	17.85027	11	0	22	0	0	0	0	0.005	13.3	4	1023	18	1	25	0.2	207	1500	100	2000	100	1	0	1	1	0	0	0	0	1	0	12	1	87	0	100	4	2	10	5	
2026-04-11 21:20:00	57.29712	17.85042	12	0	23	0	0	0	0	0.005	13.3	4	1023	18	1	25	0.2	176	1400	94	2000	100	1	0	1	1	1	0	0	0	1	0	0	1	100	0	94	4	0	10	5	
2026-04-11 21:30:00	57.29607	17.85051	12	0	24	0	0	0	0	0.005	13.3	4	1023	18	2	44	0.2	178	1400	89	2000	100	1	0	1	1	1	1	0	0	1	0	0	2	96	0	89	4	0	10	5	
2026-04-11 21:40:00	57.29523	17.85051	12	0	25	0	0	0	0	0.005	13.3	4	1023	18	1	32	0.2	180	1400	86	2000	100	1	0	0	1	1	1	1	0	1	0	0	4	96	0	86	4	0	10	5	
2026-04-11 21:50:00	57.29652	17.8482	12	0	26	0	0	0	0	0.005	13.3	4	1023	18	1	26	0.3	316	1600	91	2000	60	1	0	1	0	1	1	1	0	1	0	87	2	11	0	91	-4	2	-10	5	
2026-04-11 22:00:00	57.29577	17.84712	40	0	27	0	0	0	0	0.005	13.3	4	1023	18	1	27	0.2	218	1600	88	2000	70	1	0	1	1	0	1	1	0	1	0	15	1	84	0	88	4	2	10	5	
2026-04-11 22:10:00	57.29514	17.84691	11	0	28	0	0	0	0	0.005	13.3	4	1023	18	1	59	0.1	191	1700	86	2000	70	1	0	1	1	1	0	1	0	1	0	0	1	94	0	86	4	0	10	5	
2026-04-11 22:20:00	57.29457	17.84646	12	0	29	0	0	0	0	0.005	13.3	4	1023	18	1	29	0.1	202	1700	84	2000	70	1	0	1	1	1	1	0	0	1	0	0	7	94	0	84	4	0	10	5	
2026-04-11 22:30:00	57.29391	17.8458	12	0	0	0	0	0	0	0.005	13.3	4	1023	18	1	32	0.1	209	1700	82	2000	70	1	0	1	1	1	1	1	0	1	0	0	9	91	0	82	4	0	10	5	
2026-04-11 22:40:00	57.2934	17.84547	12	0	1	0	0	0	0	0.005	13.3	4	1023	18	3	86	0.1	199	1800	80	2000	70	1	0	1	1	1	1	1	0	1	0	0	7	82	0	80	4	0	10	5	
2026-04-11 22:50:00	57.29289	17.84538	11	0	2	0	0	0	0	0.005	13.3	4	1023	18	1	29	0.1	186	1800	78	2000	70	1	0	0	1	1	1	1	0	1	0	0	4	97	0	78	4	0	10	5	
2026-04-11 23:00:00	57.2943	17.84346	12	0	3	0	0	0	0	0.005	13.2	4	1023	18	1	31	0.3	324	1900	83	2000	65	1	0	1	0	1	1	1	0	1	0	80	1	18	0	83	-4	2	-10	5	
2026-04-11 23:10:00	57.2937	17.84193	12	0	4	0	0	0	0	0.005	13.3	4	1023	18	1	32	0.2	235	2000	82	2000	85	1	0	0	1	0	1	1	0	1	0	16	7	76	0	82	4	2	10	5	
2026-04-11 23:20:00	57.29499	17.84022	11	0	5	0	0	0	0	0.005	13.2	4	1023	18	1	30	0.3	325	2000	86	2000	85	1	0	0	0	1	0	1	0	1	0	83	1	15	0	80	-4	2	-10	5	
2026-04-11 23:30:00	57.29655	17.83893	11	0	6	0	0	0	0	0.005	13.2	4	1023	18	1	31	0.3	335	2000	91	2000	85	1	0	0	0	0	1	0	0	1	0	99	1	0	0	79	-4	0	-10	5	
2026-04-11 23:40:00	57.29841	17.83836	12	0	7	0	0	0	0	0.005	13.3	4	1023	18	3	63	0.3	351	1900	96	2000	85	1	0	0	0	0	0	1	0	1	0	94	0	0	0	84	-4	0	-10	5	
2026-04-12 00:00:00	57.30231	17.83749	13	0	9	0	0	0	0	0.005	13.2	4	1023	18	3	103	0.4	352	1800	107	2000	85	1	0	0	0	0	0	0	0	1	0	86	0	0	0	94	-4	0	-10	5	
2026-04-12 00:10:00	57.3042	17.83665	11	0	10	0	0	0	0	0.005	13.2	4	1023	18	1	34	0.4	347	1800	111	2000	85	1	0	1	0	0	0	0	0	1	0	100	0	0	0	96	-4	0	-10	5	
2026-04-12 00:20:00	57.30345	17.83635	12	0	11	0	0	0	0	0.005	13.2	4	1023	18	2	49	0.1	192	1800	109	2000	85	1	0	1	1	0	0	0	0	1	0	15	2	77	0	92	4	2	10	5	
2026-04-12 00:30:00	57.30264	17.83683	13	0	12	0	0	0	0	0.005	13.2	4	1023	18	1	29	0.2	162	1800	108	2000	85	1	0	1	1	1	0	0	0	1	0	0	2	99	0	92	4	0	10	5	
2026-04-12 00:40:00	57.3021	17.83719	12	0	13	0	0	0	0	0.005	13.2	4	1023	18	1	33	0.1	161	1800	106	2000	85	1	0	1	1	1	1	0	0	1	0	0	7	93	0	92	4	0	10	5	
2026-04-12 00:50:00	57.30153	17.83716	14	0	14	0	0	0	0	0.005	13.2	4	1023	18	1	26	0.1	181	1900	105	2000	85	1	0	1	1	1	1	1	0	1	0	0	5	96	0	90	4	0	10	5	
2026-04-12 01:00:00	57.30093	17.83716	12	0	15	0	0	0	0	0.005	13.2	4	1023	18	1	34	0.1	180	1900	103	2000	85	1	0	1	1	1	1	1	0	1	0	0	3	97	0	88	4	0	10	5	
2026-04-12 01:10:00	57.30012	17.8371	13	0	16	0	0	0	0	0.005	13.2	4	1023	18	1	29	0.1	182	1900	101	2000	85	1	0	0	1	1	1	1	0	1	0	0	2	99	0	85	4	0	10	5	
2026-04-12 01:20:00	57.30174	17.8356	13	0	17	0	0	0	0	0.005	13.2	4	1022	18	1	27	0.3	333	1900	105	2000	70	1	0	1	0	1	1	1	0	1	0	87	0	13	0	83	-4	2	-10	5	
2026-04-12 01:30:00	57.30108	17.83467	13	0	18	0	0	0	0	0.005	13.2	4	1022	18	1	28	0.2	217	2000	103	2000	80	1	0	0	1	0	1	1	0	1	0	15	1	84	0	68	4	2	10	5	
2026-04-12 01:40:00	57.30276	17.83317	13	0	19	0	0	0	0	0.005	13.2	4	1022	18	1	34	0.3	335	2000	106	2000	85	1	0	0	0	1	0	1	0	1	0	85	1	13	0	68	-4	2	-10	5	
2026-04-12 01:50:00	57.30486	17.83287	41	0	20	0	0	0	0	0.005	13.2	4	1022	18	1	34	0.4	356	2000	111	2000	85	1	0	0	0	0	1	0	0	1	0	100	0	0	0	79	-4	0	-10	5	
2026-04-12 02:00:00	57.30645	17.83194	12	0	21	0	0	0	0	0.005	13.2	4	1022	18	1	61	0.3	343	2000	114	2000	85	1	0	0	0	0	0	1	0	1	0	89	5	0	0	81	-4	0	-10	5	
2026-04-12 02:10:00	57.30801	17.83116	12	0	22	0	0	0	0	0.005	13.2	4	1022	18	1	32	0.3	345	2000	117	2000	85	1	0	0	0	0	0	0	0	1	0	95	5	0	0	84	-4	0	-10	5	
2026-04-12 02:20:00	57.30933	17.83083	12	0	23	0	0	0	0	0.005	13.2	4	1022	18	1	30	0.2	352	2000	119	2000	85	1	0	0	0	0	0	0	0	1	0	95	5	0	0	88	-4	0	-10	5	
2026-04-12 02:40:00	57.31005	17.82918	12	0	25	0	0	0	0	0.005	13.2	4	1022	18	3	103	0.2	230	2100	120	2000	105	1	0	0	1	0	0	0	0	1	0	12	4	69	0	90	4	2	10	5	
2026-04-12 02:50:00	57.31161	17.82864	12	0	26	0	0	0	0	0.005	13.2	4	1022	18	1	33	0.3	349	2100	122	2000	100	1	0	0	0	1	0	0	0	1	0	83	2	14	0	95	-4	2	-10	5	
2026-04-12 03:00:00	57.31305	17.82894	12	0	27	0	0	0	0	0.005	13.2	4	1022	18	2	59	0.3	7	2100	124	2000	100	1	0	0	0	0	1	0	0	1	0	95	0	0	0	99	-4	0	-10	5	
2026-04-12 03:10:00	57.31455	17.82951	12	0	28	0	0	0	0	0.005	13.2	4	1022	18	1	33	0.3	11	2100	127	2000	100	1	0	0	0	0	0	1	0	1	0	100	0	0	0	104	-4	0	-10	5	
2026-04-12 03:20:00	57.31623	17.83056	12	0	29	0	0	0	0	0.005	13.2	4	1022	18	1	33	0.3	19	2100	130	2000	100	1	0	0	0	0	0	0	0	1	0	100	0	0	0	109	-4	0	-10	5	
2026-04-12 03:30:00	57.31839	17.832	12	0	0	0	0	0	0	0.005	13.2	4	1022	18	1	31	0.4	20	2200	134	2000	100	1	0	0	0	0	0	0	0	1	0	100	0	0	0	116	-4	0	-10	5	
2026-04-12 03:50:00	57.31965	17.83035	17	0	2	0	0	0	0	0.005	13.2	4	1022	18	3	77	0.3	234	2300	135	2000	120	1	0	0	1	0	0	0	0	0	0	21	7	62	0	118	4	2	10	5	
2026-04-12 04:00:00	57.32205	17.83122	40	0	3	0	0	0	0	0.005	13.2	4	1022	18	1	36	0.4	11	2400	138	2000	120	1	0	1	0	1	0	0	0	0	0	91	0	7	0	124	-4	2	-10	5	
2026-04-12 04:10:00	57.32043	17.82954	11	0	4	0	0	0	0	0.005	13.2	4	1022	18	1	61	0.4	209	2400	135	2000	110	1	0	1	1	0	1	0	0	0	0	8	1	84	0	119	4	2	10	5	
2026-04-12 04:20:00	57.3186	17.82789	12	0	5	0	0	0	0	0.005	13.3	4	1022	18	1	28	0.4	206	2400	132	2000	110	1	0	1	1	1	0	1	0	0	0	0	2	99	0	114	4	0	10	5	
2026-04-12 04:30:00	57.31695	17.82639	12	0	6	0	0	0	0	0.005	13.3	4	1022	18	1	31	0.3	206	2400	129	2000	110	1	0	1	1	1	1	0	0	0	0	0	1	99	0	109	4	0	10	5	
2026-04-12 04:40:00	57.31515	17.82456	12	0	7	0	0	0	0	0.005	13.4	4	1022	18	1	29	0.4	209	2500	125	2000	110	1	0	0	1	1	1	1	0	0	0	0	1	100	0	103	4	0	10	5	
2026-04-12 04:50:00	57.31668	17.82513	12	0	8	0	0	0	0	0.005	13.5	4	1022	18	1	32	0.3	11	2500	128	2000	110	1	0	0	0	1	1	1	0	0	0	89	0	10	0	108	-4	2	-10	5	
2026-04-12 05:00:00	57.31848	17.82657	12	0	9	0	0	0	0	0.005	13.6	4	1022	18	1	30	0.4	24	2500	131	2000	110	1	0	0	0	0	1	1	0	0	0	100	1	0	0	113	-4	0	-10	5	
2026-04-12 05:10:00	57.32028	17.82768	12	0	10	0	0	0	0	0.005	13.9	4	1022	18	1	26	0.4	18	2500	134	2000	110	1	0	1	0	0	0	1	0	0	0	100	0	0	0	117	-4	0	-10	5	
2026-04-12 05:20:00	57.31911	17.82546	12	0	11	0	0	0	0	0.005	13.8	4	1022	18	1	27	0.3	226	2500	131	2000	120	1	0	0	1	0	0	0	0	0	0	8	0	92	0	113	4	2	10	5	
2026-04-12 05:30:00	57.321	17.82606	12	0	12	0	0	0	0	0.005	13.7	4	1023	18	2	58	0.4	10	2600	134	2000	115	1	0	1	0	1	0	0	0	0	0	84	0	10	0	118	-4	2	-10	5	
2026-04-12 05:40:00	57.3201	17.82333	12	0	13	0	0	0	0	0.005	13.7	4	1023	18	1	28	0.3	238	2700	131	2000	125	1	0	0	1	0	1	0	0	0	0	8	4	84	0	115	4	2	10	5	
2026-04-12 05:50:00	57.32214	17.82387	12	0	14	0	0	0	0	0.005	13.6	5	1023	18	1	28	0.4	8	2800	134	2000	120	1	0	0	0	1	0	1	0	0	0	89	1	10	0	119	-4	2	-10	5	
2026-04-12 06:00:00	57.32436	17.82579	12	0	15	0	0	0	0	0.005	13.6	5	1023	18	1	30	0.5	25	2800	137	2000	120	1	0	0	0	0	1	0	0	0	0	100	1	0	0	125	-4	0	-10	5	
2026-04-12 06:10:00	57.32634	17.82765	12	0	16	0	0	0	0	0.005	13.6	5	1023	18	1	33	0.4	27	2900	140	2000	120	1	0	0	0	0	0	1	0	0	0	99	1	0	0	130	-4	0	-10	5	
2026-04-12 06:20:00	57.32808	17.82978	17	0	17	0	0	0	0	0.005	13.6	5	1023	18	1	31	0.4	34	2900	143	2000	120	1	0	0	0	0	0	0	0	0	0	100	0	0	0	134	-4	0	-10	5	
2026-04-12 06:30:00	57.3297	17.83194	13	0	18	0	0	0	0	0.005	13.6	5	1023	17	1	40	0.4	36	2900	146	2000	120	1	0	1	0	0	0	0	0	0	0	99	0	0	0	138	-4	0	-10	5	
2026-04-12 06:40:00	57.32934	17.82948	41	0	19	0	0	0	0	0.005	13.6	5	1023	17	3	91	0.2	255	3000	144	2000	140	1	0	0	1	0	0	0	0	0	0	8	11	68	0	136	4	2	10	5	
2026-04-12 06:50:00	57.33069	17.82999	12	0	20	0	0	0	0	0.005	13.6	5	1023	17	1	59	0.3	12	3100	145	2000	130	1	0	1	0	1	0	0	0	0	0	84	0	10	0	138	-4	2	-10	5	
2026-04-12 07:00:00	57.33063	17.82771	12	0	21	0	0	0	0	0.005	13.5	5	1023	17	1	33	0.2	267	3200	144	2000	135	1	0	1	1	0	1	0	0	0	0	13	7	79	0	136	4	2	10	5	
2026-04-12 07:10:00	57.3303	17.82594	12	0	22	0	0	0	0	0.005	13.5	5	1023	17	1	29	0.2	251	3200	142	2000	135	1	0	1	1	1	0	1	0	0	0	0	9	92	0	134	4	0	10	5	
2026-04-12 07:20:00	57.3303	17.82387	14	0	23	0	0	0	0	0.005	13.5	5	1024	18	1	28	0.2	271	3300	141	2000	135	1	0	0	1	1	1	0	0	0	0	0	12	89	0	133	4	0	10	5	
2026-04-12 07:30:00	57.33135	17.82351	12	0	24	0	0	0	0	0.005	13.5	6	1023	17	2	67	0.2	348	3400	142	2000	130	1	0	1	0	1	1	1	0	0	0	74	5	13	0	134	-4	2	-10	5	
2026-04-12 07:40:00	57.33198	17.82171	16	0	25	0	0	0	0	0.005	13.5	6	1023	17	1	29	0.2	304	3500	141	2000	155	1	0	0	1	0	1	1	0	0	0	37	12	51	0	134	4	2	10	5	
2026-04-12 07:50:00	57.33327	17.82189	12	0	26	0	0	0	0	0.005	13.5	6	1023	17	1	34	0.2	4	3600	143	2000	150	1	0	0	0	1	0	1	0	0	0	98	1	0	0	135	-4	1	-10	5	
2026-04-12 08:00:00	57.33429	17.8224	40	0	27	0	0	0	0	0.005	13.5	7	1023	17	1	30	0.2	15	3700	144	2000	150	1	0	0	0	0	1	0	0	0	0	100	1	0	0	137	-4	0	-10	5	
2026-04-12 08:10:00	57.33501	17.82303	12	0	28	0	0	0	0	0.005	13.5	7	1023	17	1	58	0.2	25	3700	144	2000	150	1	0	0	0	0	0	1	0	0	0	95	0	0	0	138	-4	0	-10	5	
2026-04-12 08:20:00	57.33558	17.82408	12	0	29	0	0	0	0	0.005	13.5	7	1023	17	1	27	0.1	45	3700	145	2000	150	1	0	0	0	0	0	0	0	0	0	99	2	0	0	140	-4	0	-10	5	
2026-04-12 08:30:00	57.33615	17.82576	12	0	0	0	0	0	0	0.005	13.5	7	1023	17	1	27	0.2	58	3700	147	2000	150	1	0	0	0	0	0	0	0	0	0	100	0	0	0	141	-4	0	-10	5	
2026-04-12 08:40:00	57.33657	17.8278	11	0	1	0	0	0	0	0.005	13.5	8	1023	17	1	36	0.2	69	3700	148	2000	150	1	0	1	0	0	0	0	0	0	0	99	0	0	0	143	-4	0	-10	5	
2026-04-12 08:50:00	57.33699	17.82609	11	0	2	0	0	0	0	0.005	13.5	8	1024	17	1	32	0.2	294	3800	147	2000	180	1	0	0	1	0	0	0	0	0	0	15	9	75	0	143	4	2	10	5	
2026-04-12 09:00:00	57.33768	17.82726	12	0	3	0	0	0	0	0.005	13.4	8	1023	17	1	28	0.2	42	3800	148	2000	170	1	0	0	0	1	0	0	0	0	0	81	2	17	0	144	-4	2	-10	5	
2026-04-12 09:10:00	57.33804	17.82906	12	0	4	0	0	0	0	0.005	13.5	8	1023	17	1	33	0.2	71	3800	150	2000	170	1	0	0	0	0	1	0	0	0	0	100	0	0	0	146	-4	0	-10	5	
2026-04-12 09:20:00	57.33822	17.83107	11	0	5	0	0	0	0	0.005	13.4	9	1024	17	1	33	0.2	79	3700	151	2000	170	1	0	0	0	0	0	1	0	0	0	100	0	0	0	148	-4	0	-10	5	
2026-04-12 09:30:00	57.33804	17.83359	11	0	6	0	0	0	0	0.005	13.4	9	1023	17	1	27	0.3	98	3600	152	2000	170	1	0	0	0	0	0	0	0	0	0	100	0	0	0	149	-4	0	-10	5	
2026-04-12 09:40:00	57.33768	17.83605	11	0	7	0	0	0	0	0.005	13.4	9	1023	17	1	26	0.3	106	3500	153	2000	170	1	0	0	0	0	0	0	0	0	0	100	0	0	0	151	-4	0	-10	5	
2026-04-12 09:50:00	57.33696	17.83863	11	0	8	0	0	0	0	0.005	13.4	9	1023	17	2	47	0.3	117	3400	155	2000	170	1	0	0	0	0	0	0	0	0	0	97	0	0	0	153	-4	0	-10	5	
2026-04-12 10:00:00	57.33618	17.84106	13	0	9	0	0	0	0	0.005	13.4	9	1024	17	1	27	0.3	121	3200	156	2000	170	1	0	0	0	0	0	0	0	0	0	100	0	0	0	154	-4	0	-10	5	
2026-04-12 10:10:00	57.33519	17.84361	12	0	10	0	0	0	0	0.005	13.4	9	1023	17	1	28	0.3	126	3100	157	2000	170	1	0	0	0	0	0	0	0	0	0	100	0	0	0	156	-4	0	-10	5	
2026-04-12 10:20:00	57.33474	17.84598	12	0	11	0	0	0	0	0.005	13.4	9	1023	17	1	28	0.3	110	3000	158	2000	170	1	0	0	0	0	0	0	0	0	0	100	0	0	0	158	-4	0	-10	5	
2026-04-12 10:30:00	57.33411	17.84892	12	0	12	0	0	0	0	0.005	13.4	9	1023	17	1	38	0.3	111	-2800	160	2000	170	1	0	0	0	0	0	0	0	0	0	99	0	0	0	161	-4	0	-10	5	
2026-04-12 10:40:00	57.33363	17.85174	15	0	13	0	0	0	0	0.005	13.4	9	1023	17	1	30	0.3	108	-2700	162	2000	170	1	0	0	0	0	0	0	0	0	0	100	0	0	0	164	-4	0	-10	5	
2026-04-12 10:50:00	57.33342	17.8542	14	0	14	0	0	0	0	0.005	13.4	9	1024	17	2	56	0.2	99	-2700	164	2000	170	1	0	0	0	0	0	0	0	0	0	95	0	0	0	167	-4	0	-10	5	
2026-04-12 11:00:00	57.33291	17.85654	13	0	15	0	0	0	0	0.005	13.4	9	1024	17	1	33	0.3	113	-2600	165	2000	170	1	0	0	0	0	0	0	0	0	0	100	0	0	0	170	-4	0	-10	5	
2026-04-12 11:10:00	57.33228	17.859	14	0	16	0	0	0	0	0.005	13.4	9	1023	17	1	35	0.3	115	-2500	167	2000	170	1	0	0	0	0	0	0	0	0	0	100	0	0	0	173	-4	0	-10	5	
2026-04-12 11:20:00	57.33159	17.86239	26	0	17	0	0	0	0	0.005	13.4	9	1024	17	2	56	0.4	110	-2400	170	2000	170	1	0	0	0	0	0	0	0	0	0	95	0	0	0	177	-4	0	-10	5	
2026-04-12 11:30:00	57.33081	17.86557	40	0	18	0	0	0	0	0.005	13.4	9	1024	17	1	44	0.3	115	-2300	172	2000	170	1	0	0	0	0	0	0	0	0	0	98	0	0	0	182	-4	0	-10	5	
2026-04-12 11:40:00	57.33009	17.86845	11	0	19	0	0	0	0	0.005	13.4	9	1024	17	1	58	0.3	115	-2200	175	2000	170	1	0	1	0	0	0	0	0	0	0	95	0	0	0	186	-4	0	-10	5	
2026-04-12 11:50:00	57.33078	17.8659	11	0	20	0	0	0	0	0.005	13.4	9	1024	17	1	29	0.3	296	-2300	172	2000	205	1	0	0	1	0	0	0	0	0	0	12	0	87	0	182	4	2	10	5	
2026-04-12 12:00:00	57.33078	17.86806	11	0	21	0	0	0	0	0.005	13.4	9	1024	17	1	29	0.2	89	-2300	174	2000	195	1	0	0	0	1	0	0	0	0	0	87	0	13	0	186	-4	2	-10	5	
2026-04-12 12:10:00	57.33078	17.87001	11	0	22	0	0	0	0	0.005	13.4	9	1024	17	3	64	0.2	91	-2300	176	2000	195	1	0	0	0	0	1	0	0	0	0	94	0	0	0	188	-4	0	-10	5	
2026-04-12 12:20:00	57.33024	17.8725	11	0	23	0	0	0	0	0.005	13.4	9	1024	17	1	25	0.3	112	-2300	178	2000	195	1	0	0	0	0	0	1	0	0	0	100	0	0	0	192	-4	0	-10	5	
2026-04-12 12:30:00	57.33006	17.87403	11	0	24	0	0	0	0	0.005	13.4	9	1024	17	1	29	0.2	102	-2300	180	2000	195	1	0	0	0	0	0	0	0	0	0	100	0	0	0	195	-4	0	-10	5	
2026-04-12 12:40:00	57.32946	17.87616	12	0	25	0	0	0	0	0.005	13.4	9	1023	17	1	27	0.2	117	-2300	182	2000	195	1	0	0	0	0	0	0	0	0	0	100	0	0	0	198	-4	0	-10	5	
2026-04-12 12:50:00	57.32853	17.87871	11	0	26	0	0	0	0	0.005	13.4	9	1023	17	1	27	0.3	124	-2200	184	2000	195	1	0	1	0	0	0	0	0	0	0	100	0	0	0	203	-4	0	-10	5	
2026-04-12 13:00:00	57.32907	17.87601	12	0	27	0	0	0	0	0.005	13.3	9	1023	17	1	26	0.3	290	-2200	182	2000	205	1	0	0	1	0	0	0	0	0	0	12	0	88	0	198	4	2	10	5	
2026-04-12 13:10:00	57.32835	17.87859	12	0	28	0	0	0	0	0.005	13.6	9	1023	17	1	29	0.3	117	-2200	184	2000	205	1	0	1	0	1	0	0	0	0	0	87	0	11	0	203	-4	2	-10	5	
2026-04-12 13:20:00	57.32877	17.87589	12	0	29	0	0	0	0	0.005	13.6	9	1023	17	1	28	0.3	286	-2200	181	2000	200	1	0	0	1	0	1	0	0	1	0	9	0	91	0	198	4	2	10	5	
2026-04-12 13:30:00	57.32883	17.87829	41	0	0	0	0	0	0	0.005	13.6	9	1023	17	1	30	0.2	87	-2300	184	2000	190	1	0	1	0	1	0	1	0	0	0	87	0	12	0	202	-4	2	-10	5	
2026-04-12 13:40:00	57.32898	17.87634	12	0	1	0	0	0	0	0.005	13.6	9	1023	17	1	62	0.2	279	-2200	182	2000	185	1	0	1	1	0	1	0	0	0	0	14	1	78	0	199	4	2	10	5	
2026-04-12 13:50:00	57.3288	17.87454	12	0	2	0	0	0	0	0.005	13.5	8	1023	17	1	30	0.2	259	-2200	180	2000	185	1	0	1	1	1	0	1	0	1	0	0	2	99	0	196	4	0	10	5	
2026-04-12 14:00:00	57.32877	17.87283	12	0	3	0	0	0	0	0.005	13.5	8	1023	17	1	26	0.2	268	-2100	179	2000	185	1	0	1	1	1	1	0	0	1	0	0	8	93	0	194	4	0	10	5	
2026-04-12 14:10:00	57.32847	17.87103	12	0	4	0	0	0	0	0.005	13.5	8	1023	17	1	31	0.2	253	-2100	177	2000	185	1	0	1	1	1	1	1	0	1	0	0	5	95	0	191	4	0	10	5	
2026-04-12 14:20:00	57.32829	17.86908	12	0	5	0	0	0	0	0.005	13.5	8	1023	17	2	54	0.2	260	-2100	175	2000	185	1	0	1	1	1	1	1	0	1	0	0	4	92	0	188	4	0	10	5	
2026-04-12 14:30:00	57.32886	17.86782	11	0	6	0	0	0	0	0.005	13.5	7	1023	17	1	34	0.2	310	-2100	174	2000	185	1	0	0	1	1	1	1	0	1	0	29	9	62	0	186	4	0	10	5	
2026-04-12 14:40:00	57.3288	17.86959	12	0	7	0	0	0	0	0.005	13.5	7	1023	17	2	55	0.2	94	-2100	175	2000	200	1	0	0	0	1	1	1	0	1	0	82	0	12	0	189	-4	2	-10	5	
2026-04-12 14:50:00	57.32877	17.87139	11	0	8	0	0	0	0	0.005	13.5	7	1023	17	1	28	0.2	92	-2100	177	2000	200	1	0	0	0	0	1	1	0	1	0	99	2	0	0	192	-4	0	-10	5	
2026-04-12 15:00:00	57.32862	17.87316	12	0	9	0	0	0	0	0.005	13.5	8	1023	17	1	29	0.2	98	-2100	179	2000	200	1	0	0	0	0	0	1	0	1	0	98	3	0	0	194	-4	0	-10	5	
2026-04-12 15:10:00	57.32919	17.87337	11	0	10	0	0	0	0	0.005	13.5	8	1023	17	2	52	0.1	10	-2200	179	2000	200	1	0	1	0	0	0	0	0	1	0	52	4	40	0	194	-4	0	-10	5	
2026-04-12 15:20:00	57.3288	17.87184	12	0	11	0	0	0	0	0.005	13.5	8	1023	17	2	57	0.2	245	-2100	178	2000	135	1	0	1	1	0	0	0	0	1	0	10	2	82	0	192	4	2	10	5	
2026-04-12 15:30:00	57.32784	17.86965	11	0	12	0	0	0	0	0.005	13.5	8	1023	17	3	67	0.3	231	-2000	175	2000	135	1	0	1	1	1	0	0	0	1	0	0	1	92	0	189	4	0	10	5	
2026-04-12 15:40:00	57.32727	17.868	12	0	13	0	0	0	0	0.005	13.4	7	1023	17	1	28	0.2	237	-1900	174	2000	135	1	0	1	1	1	1	0	0	1	0	0	5	96	0	186	4	0	10	5	
2026-04-12 15:50:00	57.32658	17.86605	13	0	14	0	0	0	0	0.005	13.4	7	1023	17	2	43	0.2	237	-1800	172	2000	135	1	0	1	1	1	1	1	0	1	0	0	1	97	0	181	4	0	10	5	
2026-04-12 16:00:00	57.3258	17.86401	40	0	15	0	0	0	0	0.005	13.4	7	1023	17	1	32	0.2	234	-1800	169	2000	135	1	0	1	1	1	1	1	0	1	0	0	1	99	0	177	4	0	10	5	
2026-04-12 16:10:00	57.32502	17.86236	12	0	16	0	0	0	0	0.005	13.4	7	1023	17	1	59	0.2	229	-1700	167	2000	135	1	0	1	1	1	1	1	0	1	0	0	2	93	0	173	4	0	10	5	
2026-04-12 16:20:00	57.32391	17.86014	11	0	17	0	0	0	0	0.005	13.4	7	1023	17	1	33	0.3	227	-1600	164	2000	135	1	0	1	1	1	1	1	0	1	0	0	1	99	0	168	4	0	10	5	
2026-04-12 16:30:00	57.32301	17.85813	11	0	18	0	0	0	0	0.005	13.4	6	1023	17	1	30	0.3	231	-1500	162	2000	135	1	0	1	1	1	1	1	0	1	0	0	1	100	0	164	4	0	10	5	
2026-04-12 16:40:00	57.32268	17.8563	12	0	19	0	0	0	0	0.005	13.4	6	1024	17	1	29	0.2	252	-1500	160	2000	135	1	0	0	1	1	1	1	0	1	0	0	4	97	0	160	4	0	10	5	
2026-04-12 16:50:00	57.32319	17.85714	12	0	20	0	0	0	0	0.005	13.4	6	1024	17	1	32	0.1	42	-1500	161	2000	150	1	0	1	0	1	1	1	0	1	0	87	0	12	0	162	-4	2	-10	5	
2026-04-12 17:10:00	57.32439	17.85552	12	0	22	0	0	0	0	0.005	13.4	6	1024	17	1	32	0.2	7	-1700	160	2000	140	1	0	1	0	1	0	1	0	1	0	67	9	23	0	161	-4	3	-10	5	
2026-04-12 17:20:00	57.32346	17.85381	12	0	23	0	0	0	0	0.005	13.4	6	1024	17	1	27	0.2	225	1600	158	2000	120	1	0	1	1	0	1	0	0	1	0	11	0	89	0	157	4	2	10	5	
2026-04-12 17:30:00	57.32226	17.85234	12	0	24	0	0	0	0	0.005	13.4	6	1024	17	2	48	0.3	213	1500	155	2000	120	1	0	1	1	1	0	1	0	1	0	0	1	96	0	154	4	0	10	5	
2026-04-12 17:40:00	57.32139	17.85054	12	0	25	0	0	0	0	0.005	13.4	6	1024	17	1	27	0.2	228	1500	153	2000	120	1	0	1	1	1	1	0	0	1	0	0	1	100	0	150	4	0	10	5	
2026-04-12 17:50:00	57.32043	17.84868	11	0	26	0	0	0	0	0.005	13.4	5	1024	17	1	28	0.3	226	1500	150	2000	120	1	0	1	1	1	1	1	0	1	0	0	0	100	0	146	4	0	10	5	
2026-04-12 18:00:00	57.31971	17.84703	12	0	27	0	0	0	0	0.005	13.4	5	1024	17	1	32	0.2	231	1500	148	2000	120	1	0	1	1	1	1	1	0	1	0	0	2	98	0	142	4	0	10	5	
2026-04-12 18:10:00	57.31893	17.84541	12	0	28	0	0	0	0	0.005	13.4	5	1024	17	1	32	0.2	228	1500	145	2000	120	1	0	0	1	1	1	1	0	1	0	0	2	98	0	138	4	0	10	5	
2026-04-12 18:20:00	57.32034	17.84481	12	0	29	0	0	0	0	0.005	13.4	5	1024	17	2	56	0.3	347	1600	146	2000	105	1	0	1	0	1	1	1	0	1	0	78	3	13	0	139	-4	2	-10	5	
2026-04-12 18:30:00	57.31938	17.84364	15	0	0	0	0	0	0	0.005	13.4	5	1024	17	1	30	0.2	214	1600	144	2000	100	1	0	1	1	0	1	1	0	1	0	14	0	85	0	136	4	2	10	5	
2026-04-12 18:40:00	57.31851	17.84283	13	0	1	0	0	0	0	0.005	13.4	5	1025	17	1	31	0.2	207	1600	143	2000	100	1	0	1	1	1	0	1	0	1	0	0	1	99	0	133	4	0	10	5	
2026-04-12 18:50:00	57.31779	17.84229	12	0	2	0	0	0	0	0.005	13.4	5	1024	18	1	27	0.1	201	1600	141	2000	100	1	0	1	1	1	1	0	0	1	0	0	1	100	0	131	4	0	10	5	
2026-04-12 19:00:00	57.31728	17.84178	12	0	3	0	0	0	0	0.005	13.4	5	1024	18	2	46	0.1	208	1600	140	2000	100	1	0	1	1	1	1	1	0	1	0	0	4	93	0	130	4	0	10	5	
2026-04-12 19:10:00	57.31698	17.84139	13	0	4	0	0	0	0	0.005	13.4	5	1024	18	1	27	0.1	215	1600	139	2000	100	1	0	1	1	1	1	1	0	1	0	0	5	96	0	129	4	0	10	5	
2026-04-12 19:20:00	57.31734	17.83971	41	0	5	0	0	0	0	0.005	13.4	5	1025	18	1	32	0.2	292	1700	138	2000	100	1	0	0	1	1	1	1	0	1	0	20	40	40	0	126	4	0	10	5	
2026-04-12 19:30:00	57.31842	17.83899	11	0	6	0	0	0	0	0.005	13.3	5	1025	18	1	59	0.2	340	1800	139	2000	120	1	0	1	0	1	1	1	0	1	0	67	13	12	0	126	-4	2	-10	5	
2026-04-12 19:40:00	57.31869	17.83794	11	0	7	0	0	0	0	0.005	13.3	5	1024	18	1	31	0.1	295	1900	139	2000	100	1	0	1	1	0	1	1	0	1	0	18	14	67	0	125	4	2	10	5	
2026-04-12 19:50:00	57.31872	17.83647	11	0	8	0	0	0	0	0.005	13.3	5	1025	18	1	30	0.1	273	1900	138	2000	100	1	0	1	1	1	0	1	0	1	0	22	17	62	0	122	4	0	10	5	
2026-04-12 20:00:00	57.31806	17.83605	11	0	9	0	0	0	0	0.005	13.3	4	1025	18	1	27	0.1	199	1900	137	2000	100	1	0	1	1	1	1	0	0	1	0	0	12	89	0	120	4	0	10	5	
2026-04-12 20:10:00	57.31695	17.8368	12	0	10	0	0	0	0	0.005	13.3	4	1025	18	1	26	0.2	160	1800	136	2000	100	1	0	1	1	1	1	1	0	1	0	0	2	99	0	120	4	0	10	5	
2026-04-12 20:20:00	57.3162	17.83749	12	0	11	0	0	0	0	0.005	13.3	4	1025	18	1	29	0.2	153	1800	135	2000	100	1	0	1	1	1	1	1	0	1	0	0	1	100	0	120	4	0	10	5	
2026-04-12 20:30:00	57.31527	17.83806	12	0	12	0	0	0	0	0.005	13.3	4	1025	18	1	27	0.2	162	1700	134	2000	100	1	0	1	1	1	1	1	0	1	0	0	1	100	0	120	4	0	10	5	
2026-04-12 20:40:00	57.3138	17.83833	12	0	13	0	0	0	0	0.005	13.3	4	1024	18	1	27	0.3	174	1600	132	2000	100	1	0	1	1	1	1	1	0	1	0	0	0	100	0	118	4	0	10	5	
2026-04-12 20:50:00	57.31218	17.83845	12	0	14	0	0	0	0	0.005	13.3	4	1024	18	2	52	0.3	178	1600	129	2000	100	1	0	1	1	1	1	1	0	1	0	0	0	96	0	116	4	0	10	5	
2026-04-12 21:00:00	57.31071	17.83845	12	0	15	0	0	0	0	0.005	13.3	4	1025	18	1	30	0.3	180	1600	127	2000	100	1	0	1	1	1	1	1	0	1	0	0	2	99	0	113	4	0	10	5	
2026-04-12 21:10:00	57.30924	17.83779	12	0	16	0	0	0	0	0.005	13.3	4	1025	18	1	30	0.3	193	1600	123	2000	100	1	0	0	1	1	1	1	0	1	0	0	0	100	0	109	4	0	10	5	
2026-04-12 21:20:00	57.31107	17.83833	12	0	17	0	0	0	0	0.005	13.3	4	1024	18	1	33	0.3	9	1600	127	2000	100	1	0	1	0	1	1	1	0	1	0	87	2	10	0	114	-4	2	-10	5	
2026-04-12 21:30:00	57.31026	17.83782	12	0	18	0	0	0	0	0.005	13.3	4	1024	18	1	32	0.2	199	1600	125	2000	100	1	0	1	1	0	1	1	0	1	0	11	0	88	0	111	4	2	10	5	
2026-04-12 21:40:00	57.30921	17.83806	12	0	19	0	0	0	0	0.005	13.3	4	1024	18	2	47	0.2	173	1600	124	2000	100	1	0	1	1	1	0	1	0	1	0	0	0	97	0	110	4	0	10	5	
2026-04-12 21:50:00	57.30789	17.83842	12	0	20	0	0	0	0	0.005	13.3	4	1025	18	1	27	0.2	171	1600	121	2000	100	1	0	1	1	1	1	0	0	1	0	0	0	100	0	108	4	0	10	5	
2026-04-12 22:10:00	57.30567	17.83875	11	0	22	0	0	0	0	0.005	13.3	4	1025	18	3	110	0.2	178	1600	116	2000	100	1	0	1	1	1	1	1	0	1	0	0	0	85	0	105	4	0	10	5	
2026-04-12 22:20:00	57.30462	17.83854	12	0	23	0	0	0	0	0.005	13.3	4	1025	18	1	30	0.2	186	1700	113	2000	100	1	0	0	1	1	1	1	0	1	0	0	0	100	0	102	4	0	10	5	
2026-04-12 22:30:00	57.30666	17.83779	12	0	24	0	0	0	0	0.005	13.3	4	1025	18	1	31	0.4	349	1600	118	2000	85	1	0	1	0	1	1	1	0	1	0	88	1	10	0	105	-4	2	-10	5	
2026-04-12 22:40:00	57.30564	17.83725	12	0	25	0	0	0	0	0.005	13.3	4	1025	18	1	28	0.2	196	1700	115	2000	90	1	0	1	1	0	1	1	0	1	0	11	0	89	0	101	4	2	10	5	
2026-04-12 22:50:00	57.30471	17.83698	12	0	26	0	0	0	0	0.005	13.3	4	1025	18	3	76	0.2	189	1700	113	2000	90	1	0	1	1	1	0	1	0	1	0	0	0	91	0	98	4	0	10	5	
2026-04-12 23:00:00	57.30351	17.83626	12	0	27	0	0	0	0	0.005	13.3	4	1025	18	1	31	0.2	198	1800	110	2000	90	1	0	1	1	1	1	0	0	1	0	0	1	99	0	92	4	0	10	5	
2026-04-12 23:10:00	57.30246	17.83533	12	0	28	0	0	0	0	0.005	13.3	4	1025	18	1	32	0.2	205	1900	106	2000	90	1	0	0	1	1	1	1	0	1	0	0	1	99	0	84	4	0	10	5	
2026-04-12 23:20:00	57.30405	17.83446	12	0	29	0	0	0	0	0.005	13.2	4	1025	18	1	30	0.3	343	1900	110	2000	90	1	0	0	0	1	1	1	0	1	0	78	9	12	0	86	-4	2	-10	5	
2026-04-12 23:30:00	57.30549	17.8335	13	0	0	0	0	0	0	0.005	13.2	4	1025	18	1	30	0.3	340	1900	113	2000	90	1	0	0	0	0	1	1	0	1	0	69	11	20	0	86	-4	0	-10	5	
2026-04-12 23:40:00	57.30693	17.83326	12	0	1	0	0	0	0	0.005	13.2	4	1025	18	1	28	0.3	355	1900	116	2000	90	1	0	0	0	0	0	1	0	1	0	97	4	0	0	90	-4	0	-10	5	
2026-04-12 23:50:00	57.30843	17.83341	12	0	2	0	0	0	0	0.005	13.2	4	1025	18	1	28	0.3	3	1900	119	2000	90	1	0	0	0	0	0	0	0	1	0	95	6	0	0	95	-4	0	-10	5	
2026-04-13 00:00:00	57.30993	17.83257	12	0	3	0	0	0	0	0.005	13.2	4	1025	18	1	31	0.3	343	1900	121	2000	90	1	0	1	0	0	0	0	0	1	0	70	10	20	0	96	-4	0	-10	5	
2026-04-13 00:10:00	57.30945	17.83176	12	0	4	0	0	0	0	0.005	13.2	4	1025	18	1	30	0.1	222	2000	120	2000	90	1	0	1	1	0	0	0	0	1	0	15	5	79	0	92	4	2	10	5	
2026-04-13 00:20:00	57.30813	17.83095	12	0	5	0	0	0	0	0.005	13.2	4	1025	18	1	30	0.3	198	2000	117	2000	90	1	0	0	1	1	0	0	0	1	0	0	3	98	0	84	4	0	10	5	
2026-04-13 00:30:00	57.31008	17.83281	12	0	6	0	0	0	0	0.005	13.2	4	1025	18	1	29	0.4	27	1900	122	2000	115	1	0	0	0	1	1	0	0	1	0	90	0	10	0	97	-4	2	-10	5	
2026-04-13 00:40:00	57.3114	17.83443	12	0	7	0	0	0	0	0.005	13.2	4	1025	18	1	26	0.3	34	1800	125	2000	115	1	0	0	0	0	1	1	0	1	0	99	2	0	0	105	-4	0	-10	5	
2026-04-13 00:50:00	57.31299	17.83599	12	0	8	0	0	0	0	0.005	13.2	4	1025	18	1	31	0.3	27	1700	129	2000	115	1	0	1	0	0	0	1	0	1	0	92	8	0	0	112	-4	0	-10	5	
2026-04-13 01:00:00	57.31212	17.83425	12	0	9	0	0	0	0	0.005	13.2	4	1025	18	1	33	0.2	227	1800	126	2000	125	1	0	0	1	0	0	0	0	1	0	11	2	86	0	106	4	2	10	5	
2026-04-13 01:10:00	57.31362	17.83527	13	0	10	0	0	0	0	0.005	13.2	4	1025	18	2	45	0.3	20	1800	129	2000	120	1	0	0	0	1	0	0	0	1	0	87	1	8	0	111	-4	2	-10	5	
2026-04-13 01:20:00	57.31551	17.83725	13	0	11	0	0	0	0	0.005	13.2	4	1025	18	1	32	0.4	30	1700	134	2000	120	1	0	0	0	0	1	0	0	1	0	99	1	0	0	118	-4	0	-10	5	
2026-04-13 01:30:00	57.31686	17.83971	14	0	12	0	0	0	0	0.005	13.2	4	1025	18	1	31	0.3	44	1700	138	2000	120	1	0	0	0	0	0	1	0	1	0	99	1	0	0	125	-4	0	-10	5	
2026-04-13 01:40:00	57.31845	17.84196	13	0	13	0	0	0	0	0.005	13.2	4	1025	18	1	28	0.4	37	1600	142	2000	120	1	0	1	0	0	0	0	0	1	0	99	2	0	0	132	-4	0	-10	5	
2026-04-13 01:50:00	57.31758	17.84001	41	0	14	0	0	0	0	0.005	13.2	4	1025	18	1	31	0.2	230	1700	139	2000	130	1	0	0	1	0	0	0	0	1	0	12	5	82	0	127	4	2	10	5	
2026-04-13 02:00:00	57.31857	17.84151	12	0	15	0	0	0	0	0.005	13.2	4	1026	18	2	86	0.2	40	1700	142	2000	135	1	0	0	0	1	0	0	0	1	0	79	1	8	0	131	-4	2	-10	5	
2026-04-13 02:10:00	57.31932	17.8437	12	0	16	0	0	0	0	0.005	13.2	4	1026	18	3	65	0.3	58	1600	144	2000	135	1	0	0	0	0	1	0	0	1	0	94	0	0	0	136	-4	0	-10	5	
2026-04-13 02:20:00	57.31995	17.84556	11	0	17	0	0	0	0	0.005	13.2	4	1026	18	1	29	0.2	57	1600	147	2000	135	1	0	0	0	0	0	1	0	1	0	99	2	0	0	140	-4	0	-10	5	
2026-04-13 02:30:00	57.32073	17.84787	11	0	18	0	0	0	0	0.005	13.2	4	1026	18	1	28	0.3	59	1500	150	2000	135	1	0	1	0	0	0	0	0	1	0	100	0	0	0	145	-4	0	-10	5	
2026-04-13 02:40:00	57.31962	17.84643	12	0	19	0	0	0	0	0.005	13.2	4	1026	18	2	47	0.2	216	1500	147	2000	140	1	0	0	1	0	0	0	0	1	0	11	0	83	0	141	4	2	10	5	
2026-04-13 02:50:00	57.32088	17.84895	12	0	20	0	0	0	0	0.005	13.2	4	1026	18	1	27	0.3	47	1500	151	2000	135	1	0	1	0	1	0	0	0	1	0	89	0	11	0	147	-4	2	-10	5	
2026-04-13 03:00:00	57.31956	17.84757	12	0	21	0	0	0	0	0.005	13.2	4	1026	18	1	45	0.3	210	1500	148	2000	130	1	0	1	1	0	1	0	0	1	0	9	0	87	0	143	4	2	10	5	
2026-04-13 03:10:00	57.31785	17.84646	12	0	22	0	0	0	0	0.005	13.2	4	1026	18	1	29	0.3	199	1400	145	2000	130	1	0	1	1	1	0	1	0	1	0	0	4	97	0	139	4	0	10	5	
2026-04-13 03:20:00	57.31632	17.84532	12	0	23	0	0	0	0	0.005	13.2	4	1026	18	2	65	0.3	202	1300	142	2000	130	1	0	1	1	1	1	0	0	1	0	0	3	91	0	135	4	0	10	5	
2026-04-13 03:30:00	57.31446	17.84409	12	0	24	0	0	0	0	0.005	13.2	4	1026	18	1	30	0.4	200	1300	138	2000	130	1	0	1	1	1	1	1	0	1	0	0	0	100	0	130	4	0	10	5	
2026-04-13 03:40:00	57.31275	17.84322	12	0	25	0	0	0	0	0.005	13.2	4	1026	18	1	31	0.3	195	1300	134	2000	130	1	0	1	1	1	1	1	0	1	0	0	0	100	0	126	4	0	10	5	
2026-04-13 03:50:00	57.31071	17.84238	41	0	26	0	0	0	0	0.005	13.2	4	1026	18	1	30	0.4	193	1300	130	2000	130	1	0	0	1	1	1	1	0	1	0	0	1	100	0	122	4	0	10	5	
2026-04-13 04:10:00	57.31152	17.8422	12	0	28	0	0	0	0	0.005	13.2	4	1026	18	3	90	0.2	221	1300	131	2000	115	1	0	1	1	0	1	1	0	1	0	8	3	76	0	123	4	2	10	5	
2026-04-13 04:20:00	57.30984	17.84091	12	0	29	0	0	0	0	0.005	13.2	4	1026	18	2	67	0.3	203	1400	127	2000	115	1	0	1	1	1	0	1	0	1	0	0	2	91	0	117	4	0	10	5	
2026-04-13 04:30:00	57.30771	17.8398	41	0	0	0	0	0	0	0.005	13.3	4	1026	18	1	30	0.4	196	1500	122	2000	115	1	0	1	1	1	1	0	0	1	0	0	0	100	0	111	4	0	10	5	
2026-04-13 04:40:00	57.30621	17.83863	12	0	1	0	0	0	0	0.005	13.4	4	1026	18	1	62	0.3	203	1600	117	2000	115	1	0	0	1	1	1	1	0	1	0	0	1	93	0	106	4	0	10	5	
2026-04-13 04:50:00	57.30804	17.83998	12	0	2	0	0	0	0	0.005	13.4	4	1026	18	1	29	0.4	22	1500	122	2000	110	1	0	1	0	1	1	1	0	1	0	90	1	9	0	112	-4	2	-10	5	
2026-04-13 05:00:00	57.30624	17.83815	13	0	3	0	0	0	0	0.005	13.6	4	1026	18	1	27	0.4	209	1600	117	2000	115	1	0	0	1	0	1	1	0	1	0	7	2	91	0	105	4	2	10	5	
2026-04-13 05:10:00	57.30804	17.83974	12	0	4	0	0	0	0	0.005	13.8	5	1026	18	1	32	0.4	25	1500	122	2000	115	1	0	0	0	1	0	1	0	1	0	92	0	7	0	112	-4	2	-10	5	
2026-04-13 05:20:00	57.30969	17.84217	12	0	5	0	0	0	0	0.005	13.8	5	1027	18	2	45	0.4	39	1300	128	2000	115	1	0	0	0	0	1	0	0	1	0	98	0	0	0	120	-4	0	-10	5	
2026-04-13 05:30:00	57.31131	17.84484	13	0	6	0	0	0	0	0.005	13.8	5	1027	18	1	28	0.4	41	1200	133	2000	115	1	0	1	0	0	0	1	0	1	0	100	0	0	0	127	-4	0	-10	5	
2026-04-13 05:40:00	57.30945	17.84289	12	0	7	0	0	0	0	0.005	13.7	5	1027	18	1	28	0.4	209	1300	128	2000	125	1	0	0	1	0	0	0	0	1	0	8	1	91	0	121	4	2	10	5	
2026-04-13 05:50:00	57.31122	17.8446	12	0	8	0	0	0	0	0.005	13.7	5	1027	18	2	46	0.4	28	1200	133	2000	120	1	0	1	0	1	0	0	0	1	0	89	1	6	0	127	-4	2	-10	5	
2026-04-13 06:00:00	57.3093	17.84211	40	0	9	0	0	0	0	0.005	13.6	5	1027	18	1	32	0.4	215	1300	127	2000	120	1	0	0	1	0	1	0	0	1	0	9	1	89	0	119	4	2	10	5	
2026-04-13 06:10:00	57.31083	17.84385	11	0	10	0	0	0	0	0.005	13.6	5	1027	18	1	64	0.3	31	1200	132	2000	125	1	0	1	0	1	0	1	0	1	0	82	1	9	0	125	-4	3	-10	5	
2026-04-13 06:20:00	57.30912	17.84154	12	0	11	0	0	0	0	0.005	13.6	5	1027	18	1	33	0.4	215	1400	126	2000	125	1	0	0	1	0	1	0	0	1	0	10	3	84	0	118	4	2	10	5	
2026-04-13 06:30:00	57.31068	17.84277	12	0	12	0	0	0	0	0.005	13.6	5	1027	18	1	30	0.3	22	1300	130	2000	120	1	0	1	0	1	0	1	0	1	0	91	0	8	0	122	-4	2	-10	5	
2026-04-13 06:40:00	57.30909	17.84037	11	0	13	0	0	0	0	0.005	13.6	5	1027	18	1	32	0.4	219	1400	125	2000	120	1	0	0	1	0	1	0	0	1	0	7	1	91	0	115	4	2	10	5	
2026-04-13 06:50:00	57.31059	17.84157	12	0	14	0	0	0	0	0.005	13.6	5	1027	18	1	32	0.3	23	1400	129	2000	120	1	0	0	0	1	0	1	0	1	0	89	0	10	0	120	-4	2	-10	5	
2026-04-13 07:00:00	57.31242	17.84301	11	0	15	0	0	0	0	0.005	13.6	5	1027	18	2	57	0.4	23	1300	134	2000	120	1	0	1	0	0	1	0	0	1	0	91	4	0	0	125	-4	0	-10	5	
2026-04-13 07:10:00	57.31134	17.84031	12	0	16	0	0	0	0	0.005	13.5	5	1027	18	1	31	0.3	234	1400	129	2000	130	1	0	0	1	0	0	1	0	1	0	9	1	89	0	118	4	2	10	5	
2026-04-13 07:20:00	57.31239	17.84064	12	0	17	0	0	0	0	0.005	13.5	5	1028	18	2	48	0.2	10	1400	132	2000	130	1	0	0	0	1	0	0	0	1	0	86	1	9	0	121	-4	2	-10	5	
2026-04-13 07:30:00	57.3135	17.84187	13	0	18	0	0	0	0	0.005	13.5	6	1028	18	1	31	0.2	31	1400	135	2000	130	1	0	0	0	0	1	0	0	1	0	100	0	0	0	125	-4	0	-10	5	
2026-04-13 07:40:00	57.31488	17.84154	13	0	19	0	0	0	0	0.005	13.5	6	1028	17	1	31	0.3	352	1500	136	2000	130	1	0	1	0	0	0	1	0	1	0	73	8	19	0	126	-4	0	-10	5	
2026-04-13 07:50:00	57.31449	17.8392	12	0	20	0	0	0	0	0.005	13.5	6	1028	17	1	34	0.2	253	1600	134	2000	120	1	0	0	1	0	0	0	0	1	0	12	4	83	0	121	4	2	10	5	
2026-04-13 08:00:00	57.31539	17.83905	15	0	21	0	0	0	0	0.005	13.5	6	1028	17	1	32	0.2	355	1600	135	2000	130	1	0	0	0	1	0	0	0	1	0	85	0	14	0	122	-4	2	-10	5	
2026-04-13 08:10:00	57.31635	17.84022	13	0	22	0	0	0	0	0.005	13.5	6	1028	17	1	33	0.2	33	1600	138	2000	130	1	0	0	0	0	1	0	0	1	0	100	0	0	0	126	-4	0	-10	5	
2026-04-13 08:20:00	57.31734	17.84232	14	0	23	0	0	0	0	0.005	13.5	7	1028	17	1	29	0.3	49	1600	141	2000	130	1	0	0	0	0	0	1	0	1	0	100	0	0	0	131	-4	0	-10	5	
2026-04-13 08:30:00	57.31842	17.84472	41	0	24	0	0	0	0	0.005	13.5	7	1028	17	1	32	0.3	50	1500	144	2000	130	1	0	0	0	0	0	0	0	1	0	100	0	0	0	136	-4	0	-10	5	
2026-04-13 08:40:00	57.31929	17.84655	11	0	25	0	0	0	0	0.005	13.5	7	1028	17	1	59	0.3	48	1500	147	2000	130	1	0	0	0	0	0	0	0	1	0	95	0	0	0	141	-4	0	-10	5	
2026-04-13 08:50:00	57.32037	17.84841	11	0	26	0	0	0	0	0.005	13.5	7	1028	17	1	28	0.3	43	1500	150	2000	130	1	0	1	0	0	0	0	0	1	0	100	0	0	0	145	-4	0	-10	5	
2026-04-13 09:00:00	57.31995	17.84583	11	0	27	0	0	0	0	0.005	13.5	7	1028	17	1	28	0.3	252	1600	147	2000	150	1	0	0	1	0	0	0	0	1	0	11	2	87	0	140	4	2	10	5	
2026-04-13 09:10:00	57.32139	17.84748	12	0	28	0	0	0	0	0.005	13.4	7	1028	17	1	24	0.3	32	1600	150	2000	140	1	0	1	0	1	0	0	0	1	0	90	1	10	0	145	-4	2	-10	5	
2026-04-13 09:20:00	57.32055	17.84499	12	0	29	0	0	0	0	0.005	13.4	7	1028	17	1	33	0.3	238	1600	147	2000	135	1	0	1	1	0	1	0	0	1	0	11	0	88	0	140	4	2	10	5	
2026-04-13 09:30:00	57.31953	17.84292	12	0	0	0	0	0	0	0.005	13.4	7	1028	17	1	33	0.3	228	1700	144	2000	135	1	0	1	1	1	0	1	0	1	0	0	1	99	0	135	4	0	10	5	
2026-04-13 09:40:00	57.31872	17.84004	12	0	1	0	0	0	0	0.005	13.4	7	1028	17	1	32	0.3	242	1700	140	2000	135	1	0	0	1	1	1	0	0	1	0	0	10	90	0	128	4	0	10	5	
2026-04-13 09:50:00	57.31992	17.84157	12	0	2	0	0	0	0	0.005	13.4	7	1028	17	1	27	0.3	35	1800	143	2000	140	1	0	0	0	1	1	1	0	1	0	89	1	10	0	133	-4	2	-10	5	
2026-04-13 10:00:00	57.32091	17.84379	12	0	3	0	0	0	0	0.005	13.4	7	1028	17	1	34	0.3	51	1700	146	2000	140	1	0	0	0	0	1	1	0	1	0	100	0	0	0	138	-4	0	-10	5	
2026-04-13 10:10:00	57.32184	17.84511	12	0	4	0	0	0	0	0.005	13.4	7	1028	17	1	33	0.2	36	1700	148	2000	140	1	0	0	0	0	0	1	0	1	0	99	1	0	0	141	-4	0	-10	5	
2026-04-13 10:20:00	57.32328	17.8473	12	0	5	0	0	0	0	0.005	13.4	8	1028	17	2	45	0.3	40	1800	152	2000	140	1	0	1	0	0	0	0	0	1	0	94	4	0	0	147	-4	0	-10	5	
2026-04-13 10:30:00	57.32295	17.84496	12	0	6	0	0	0	0	0.005	13.4	8	1028	17	1	29	0.2	255	1800	149	2000	145	1	0	0	1	0	0	0	0	1	0	16	2	78	0	142	4	3	10	5	
2026-04-13 10:40:00	57.32403	17.84592	14	0	7	0	0	0	0	0.005	13.4	8	1028	17	1	30	0.2	26	1900	151	2000	140	1	0	1	0	1	0	0	0	1	0	88	0	11	0	145	-4	2	-10	5	
2026-04-13 10:50:00	57.32382	17.84403	13	0	8	0	0	0	0	0.005	13.4	8	1028	17	1	33	0.2	259	2000	149	2000	140	1	0	1	1	0	1	0	0	1	0	12	4	83	0	142	4	2	10	5	
2026-04-13 11:00:00	57.32259	17.84118	14	0	9	0	0	0	0	0.005	13.4	8	1028	17	2	53	0.4	231	2000	146	2000	140	1	0	1	1	1	0	1	0	1	0	0	0	96	0	136	4	0	10	5	
2026-04-13 11:10:00	57.32172	17.83833	13	0	10	0	0	0	0	0.005	13.4	8	1028	17	1	34	0.3	240	2000	143	2000	140	1	0	0	1	1	1	0	0	1	0	0	1	99	0	130	4	0	10	5	
2026-04-13 11:20:00	57.32283	17.84013	40	0	11	0	0	0	0	0.005	13.4	8	1028	17	1	30	0.3	41	2000	145	2000	140	1	0	0	0	1	1	1	0	1	0	91	0	8	0	135	-4	2	-10	5	
2026-04-13 11:30:00	57.32376	17.84253	12	0	12	0	0	0	0	0.005	13.4	8	1028	17	1	60	0.3	55	2000	148	2000	140	1	0	0	0	0	1	1	0	1	0	95	0	0	0	139	-4	0	-10	5	
2026-04-13 11:40:00	57.32448	17.84484	12	0	13	0	0	0	0	0.005	13.4	8	1028	17	1	32	0.3	60	2000	151	2000	140	1	0	0	0	0	0	1	0	1	0	100	0	0	0	144	-4	0	-10	5	
2026-04-13 11:50:00	57.32514	17.84703	12	0	14	0	0	0	0	0.005	13.4	8	1028	17	1	28	0.3	60	2000	153	2000	140	1	0	0	0	0	0	0	0	1	0	100	0	0	0	149	-4	0	-10	5	
2026-04-13 12:00:00	57.32595	17.84889	12	0	15	0	0	0	0	0.005	13.4	8	1028	17	2	49	0.2	52	2000	155	2000	140	1	0	1	0	0	0	0	0	1	0	97	0	0	0	152	-4	0	-10	5	
2026-04-13 12:10:00	57.32556	17.84583	11	0	16	0	0	0	0	0.005	13.4	8	1028	17	1	29	0.3	256	2100	152	2000	155	1	0	0	1	0	0	0	0	1	0	7	4	89	0	147	4	2	10	5	
2026-04-13 12:20:00	57.32661	17.8479	11	0	17	0	0	0	0	0.005	13.3	7	1028	17	1	30	0.3	47	2100	155	2000	150	1	0	0	0	1	0	0	0	1	0	91	0	8	0	152	-4	2	-10	5	
2026-04-13 12:30:00	57.32766	17.85006	11	0	18	0	0	0	0	0.005	13.4	7	1028	17	1	27	0.3	47	2100	157	2000	150	1	0	1	0	0	1	0	0	1	0	97	4	0	0	156	-4	0	-10	5	
2026-04-13 12:40:00	57.32748	17.84736	12	0	19	0	0	0	0	0.005	13.3	7	1028	17	2	49	0.3	263	2200	155	2000	155	1	0	0	1	0	0	1	0	1	0	7	3	86	0	152	4	2	10	5	
2026-04-13 12:50:00	57.32928	17.84757	11	0	20	0	0	0	0	0.005	13.3	7	1028	17	1	28	0.3	4	2400	156	2000	130	1	0	1	0	1	0	0	0	0	0	63	9	28	0	155	-4	2	-10	5	
2026-04-13 13:00:00	57.32919	17.84499	12	0	21	0	0	0	0	0.005	13.8	7	1028	17	1	41	0.3	267	2400	154	2000	130	1	0	1	1	0	1	0	0	0	0	11	4	82	0	151	4	2	10	5	
2026-04-13 13:10:00	57.32874	17.84235	12	0	22	0	0	0	0	0.005	13.8	7	1028	17	1	31	0.3	252	2500	152	2000	130	1	0	1	1	1	0	1	0	0	0	0	2	98	0	148	4	0	10	5	
2026-04-13 13:20:00	57.32829	17.8398	12	0	23	0	0	0	0	0.005	13.8	7	1028	17	1	28	0.3	252	2500	150	2000	130	1	0	1	1	1	1	0	0	0	0	0	10	91	0	144	4	0	10	5	
2026-04-13 13:30:00	57.32781	17.83767	13	0	24	0	0	0	0	0.005	13.8	7	1028	17	1	32	0.2	248	2500	148	2000	130	1	0	1	1	1	1	1	0	0	0	0	4	96	0	141	4	0	10	5	
2026-04-13 13:40:00	57.32724	17.83527	13	0	25	0	0	0	0	0.005	13.8	6	1028	17	1	32	0.3	246	2600	146	2000	130	1	0	1	1	1	1	1	0	0	0	0	6	94	0	138	4	0	10	5	
2026-04-13 13:50:00	57.32682	17.83272	12	0	26	0	0	0	0	0.005	13.8	6	1028	17	1	34	0.3	253	2700	144	2000	130	1	0	0	1	1	1	1	0	0	0	0	5	95	0	135	4	0	10	5	
2026-04-13 14:00:00	57.32838	17.83314	40	0	27	0	0	0	0	0.005	13.7	6	1028	17	1	26	0.3	8	2800	145	2000	130	1	0	1	0	1	1	1	0	0	0	80	3	17	0	138	-4	2	-10	5	
2026-04-13 14:10:00	57.32829	17.83062	12	0	28	0	0	0	0	0.005	13.7	6	1028	17	2	75	0.3	266	2900	144	2000	135	1	0	0	1	0	1	1	0	0	0	10	3	77	0	135	4	2	10	5	
2026-04-13 14:20:00	57.3294	17.83191	12	0	29	0	0	0	0	0.005	13.6	6	1028	17	2	43	0.2	32	2900	145	2000	150	1	0	0	0	1	0	1	0	0	0	85	0	12	0	138	-4	2	-10	5	
2026-04-13 14:30:00	57.33048	17.8341	12	0	0	0	0	0	0	0.005	13.6	6	1028	17	1	28	0.3	48	2900	148	2000	150	1	0	0	0	0	1	0	0	0	0	100	0	0	0	141	-4	0	-10	5	
2026-04-13 14:40:00	57.33165	17.83701	12	0	1	0	0	0	0	0.005	13.6	6	1028	17	2	67	0.4	53	2900	150	2000	150	1	0	0	0	0	0	1	0	0	0	93	0	0	0	146	-4	0	-10	5	
2026-04-13 14:50:00	57.33267	17.83887	12	0	2	0	0	0	0	0.005	13.6	6	1028	17	1	31	0.3	45	2900	152	2000	150	1	0	0	0	0	0	0	0	0	0	100	0	0	0	149	-4	0	-10	5	
2026-04-13 15:00:00	57.33369	17.84013	12	0	3	0	0	0	0	0.005	13.6	6	1028	17	1	30	0.2	33	3000	154	2000	150	1	0	0	0	0	0	0	0	0	0	100	0	0	0	151	-4	0	-10	5	
2026-04-13 15:10:00	57.33495	17.84082	12	0	4	0	0	0	0	0.005	13.6	6	1028	17	1	31	0.2	17	3100	155	2000	150	1	0	1	0	0	0	0	0	0	0	89	11	0	0	153	-4	0	-10	5	
2026-04-13 15:20:00	57.33522	17.83863	12	0	5	0	0	0	0	0.005	13.6	6	1028	17	1	33	0.2	283	3200	154	2000	150	1	0	1	1	0	0	0	0	0	0	3	28	64	0	151	4	3	10	5	
2026-04-13 15:30:00	57.3351	17.8371	12	0	6	0	0	0	0	0.005	13.6	6	1028	17	3	82	0.2	261	3200	153	2000	150	1	0	1	1	1	0	0	0	0	0	0	10	80	0	150	4	0	10	5	
2026-04-13 15:40:00	57.3351	17.83557	12	0	7	0	0	0	0	0.005	13.6	6	1028	17	1	31	0.2	269	3300	152	2000	150	1	0	1	1	1	1	0	0	0	0	0	11	89	0	148	4	0	10	5	
2026-04-13 15:50:00	57.33552	17.83413	12	0	8	0	0	0	0	0.005	13.5	6	1028	17	1	34	0.2	299	3400	151	2000	150	1	0	1	1	1	1	1	0	0	0	1	37	62	0	147	4	0	10	5	
2026-04-13 16:00:00	57.33594	17.83287	12	0	9	0	0	0	0	0.005	13.5	6	1028	17	1	32	0.1	302	3400	151	2000	150	1	0	1	1	1	1	1	0	0	0	3	32	65	0	147	4	0	10	5	
2026-04-13 16:10:00	57.33582	17.83206	12	0	10	0	0	0	0	0.005	13.5	6	1028	17	1	34	0.1	255	3500	150	2000	150	1	0	0	1	1	1	1	0	0	0	0	10	90	0	146	4	0	10	5	
2026-04-13 16:20:00	57.33711	17.83113	41	0	11	0	0	0	0	0.005	13.5	6	1028	17	1	38	0.2	338	3600	150	2000	90	1	0	1	0	1	1	1	0	0	0	74	10	14	0	147	-4	2	-10	5	
2026-04-13 16:30:00	57.33654	17.83035	11	0	12	0	0	0	0	0.005	13.5	6	1028	17	1	59	0.1	217	3600	149	2000	90	1	0	1	1	0	1	1	0	0	0	13	3	78	0	145	4	2	10	5	
2026-04-13 16:40:00	57.3351	17.83062	12	0	13	0	0	0	0	0.005	13.5	5	1028	17	1	30	0.3	174	3400	149	2000	90	1	0	1	1	1	0	1	0	0	0	0	0	100	0	144	4	0	10	5	
2026-04-13 16:50:00	57.33348	17.83074	12	0	14	0	0	0	0	0.005	13.5	5	1028	17	1	35	0.3	178	3300	148	2000	90	1	0	1	1	1	1	0	0	0	0	0	0	100	0	142	4	0	10	5	
2026-04-13 17:00:00	57.33216	17.83065	12	0	15	0	0	0	0	0.005	13.5	5	1028	17	1	32	0.2	182	3200	147	2000	90	1	0	1	1	1	1	1	0	0	0	0	0	100	0	141	4	0	10	5	
2026-04-13 17:10:00	57.33036	17.83056	12	0	16	0	0	0	0	0.005	13.5	5	1028	17	1	31	0.3	182	3000	145	2000	90	1	0	1	1	1	1	1	0	0	0	0	0	100	0	138	4	0	10	5	
2026-04-13 17:20:00	57.32868	17.83047	12	0	17	0	0	0	0	0.005	13.5	5	1028	17	1	27	0.3	181	2900	144	2000	90	1	0	1	1	1	1	1	0	0	0	0	1	100	0	136	4	0	10	5	
2026-04-13 17:30:00	57.32706	17.83005	12	0	18	0	0	0	0	0.005	13.5	5	1028	17	1	27	0.3	188	2800	142	2000	90	1	0	1	1	1	1	1	0	0	0	0	1	100	0	133	4	0	10	5	
2026-04-13 17:40:00	57.32592	17.82987	12	0	19	0	0	0	0	0.005	13.5	5	1028	17	1	29	0.2	185	2700	141	2000	90	1	0	1	1	1	1	1	0	0	0	0	1	100	0	131	4	0	10	5	
2026-04-13 18:00:00	57.32298	17.83191	12	0	21	0	0	0	0	0.005	13.5	5	1028	18	3	81	0.3	157	2400	139	2000	90	1	0	1	1	1	1	1	0	0	0	0	1	89	0	127	4	0	10	5	
2026-04-13 18:10:00	57.32115	17.83323	12	0	22	0	0	0	0	0.005	13.5	5	1027	18	2	51	0.4	159	2200	138	2000	90	1	0	1	1	1	1	1	0	0	0	0	1	95	0	124	4	0	10	5	
2026-04-13 18:20:00	57.31905	17.83416	12	0	23	0	0	0	0	0.005	13.4	5	1027	18	1	31	0.4	167	2100	136	2000	90	1	0	1	1	1	1	1	0	1	0	0	6	94	0	119	4	0	10	5	
2026-04-13 18:30:00	57.31695	17.83659	12	0	24	0	0	0	0	0.005	13.4	5	1027	18	1	32	0.5	148	1800	135	2000	90	1	0	1	1	1	1	1	0	1	0	0	2	98	0	119	4	0	10	5	
2026-04-13 18:40:00	57.3153	17.83854	12	0	25	0	0	0	0	0.005	13.4	5	1028	18	2	51	0.4	147	1700	135	2000	90	1	0	1	1	1	1	1	0	1	0	0	1	95	0	121	4	0	10	5	
2026-04-13 18:50:00	57.31386	17.84046	12	0	26	0	0	0	0	0.005	13.4	5	1028	18	3	83	0.3	144	1500	134	2000	90	1	0	1	1	1	1	1	0	1	0	0	2	88	0	123	4	0	10	5	
2026-04-13 19:00:00	57.31263	17.84271	12	0	27	0	0	0	0	0.005	13.4	5	1027	18	3	71	0.3	136	1300	134	2000	90	1	0	1	1	1	1	1	0	1	0	0	3	89	0	125	4	0	10	5	
2026-04-13 19:10:00	57.31104	17.84529	14	0	28	0	0	0	0	0.005	13.4	5	1028	18	3	68	0.4	138	1100	133	2000	90	1	0	1	1	1	1	1	0	1	0	0	0	93	0	128	4	0	10	5	
2026-04-13 19:30:00	57.30849	17.85	41	0	0	0	0	0	0	0.005	13.4	5	1028	18	3	80	0.3	136	900	133	2000	90	1	0	1	1	1	1	1	0	1	0	0	9	82	0	133	4	0	10	5	
2026-04-13 19:40:00	57.30732	17.85261	12	0	1	0	0	0	0	0.005	13.4	5	1028	18	2	86	0.4	130	1800	133	2000	90	1	0	1	1	1	1	1	0	1	0	0	0	89	0	133	4	0	10	5	
2026-04-13 19:50:00	57.30594	17.85555	13	0	2	0	0	0	0	0.005	13.4	5	1028	18	1	26	0.4	131	1600	134	2000	90	1	0	1	1	1	1	1	0	1	0	0	0	100	0	134	4	0	10	5	
2026-04-13 20:00:00	57.30453	17.85882	12	0	3	0	0	0	0	0.005	13.4	5	1027	18	1	30	0.4	128	1300	135	2000	90	1	0	1	1	1	1	1	0	1	0	0	0	100	0	135	4	0	10	5	
2026-04-13 20:10:00	57.30279	17.86182	14	0	4	0	0	0	0	0.005	13.4	5	1028	18	1	33	0.4	137	1100	134	2000	90	1	0	1	1	1	1	1	0	1	0	0	5	95	0	134	4	0	10	5	
2026-04-13 20:20:00	57.30132	17.86473	41	0	5	0	0	0	0	0.005	13.4	5	1027	18	1	36	0.4	133	800	134	2000	90	1	0	1	1	1	1	1	0	1	0	0	2	97	0	134	4	0	10	5	
2026-04-13 20:30:00	57.29994	17.86743	11	0	6	0	0	0	0	0.005	13.4	5	1028	18	1	59	0.4	133	600	135	2000	90	1	0	1	1	1	1	1	0	1	0	0	0	95	0	135	4	0	10	5	
2026-04-13 20:40:00	57.29829	17.87037	12	0	7	0	0	0	0	0.005	13.4	5	1028	18	2	46	0.4	136	300	134	2000	90	1	0	1	1	1	1	1	0	1	0	0	0	97	0	134	4	0	10	5	
2026-04-13 20:50:00	57.29673	17.87307	12	0	8	0	0	0	0	0.005	13.4	5	1027	18	1	28	0.4	137	100	126	2000	90	1	0	0	1	1	1	1	1	1	0	0	0	100	0	126	4	0	10	5	
2026-04-13 21:00:00	57.2997	17.87229	12	0	9	0	0	0	0	0.005	13.4	5	1028	18	1	38	0.6	352	-400	162	2000	70	1	0	1	0	1	1	1	0	1	0	91	0	7	0	162	-4	2	-10	5	
2026-04-13 21:10:00	57.29778	17.87334	12	0	10	0	0	0	0	0.005	13.4	5	1027	18	1	32	0.4	164	-200	160	2000	80	1	0	1	1	0	1	1	1	1	0	8	1	90	0	160	4	2	10	5	
2026-04-13 21:20:00	57.29589	17.87484	12	0	11	0	0	0	0	0.005	13.3	5	1027	18	2	48	0.4	157	0	322	2000	80	1	0	1	1	1	0	1	1	1	0	0	1	96	0	322	4	0	10	5	
2026-04-13 21:30:00	57.29409	17.8761	11	0	12	0	0	0	0	0.005	13.3	5	1027	18	1	29	0.4	160	-300	337	2000	80	1	0	0	1	1	1	0	0	1	0	0	1	100	0	337	4	0	10	5	
2026-04-13 21:40:00	57.29775	17.87643	12	0	13	0	0	0	0	0.005	13.3	5	1027	18	1	31	0.7	3	-200	215	2000	85	1	0	1	0	1	1	1	1	1	0	92	1	6	0	215	-4	2	-10	5	
2026-04-13 21:50:00	57.29616	17.87625	12	0	14	0	0	0	0	0.005	13.3	5	1027	18	2	55	0.3	183	-100	272	2000	95	1	0	1	1	0	1	1	1	1	0	7	4	83	0	272	4	2	10	5	
2026-04-13 22:00:00	57.29349	17.87655	13	0	15	0	0	0	0	0.005	13.3	5	1028	18	1	27	0.5	177	-300	337	2000	95	1	0	0	1	1	0	1	0	1	0	0	1	100	0	337	4	0	10	5	
2026-04-13 22:10:00	57.29733	17.87694	12	0	16	0	0	0	0	0.005	13.3	5	1028	18	1	31	0.7	3	-200	230	2000	90	1	0	1	0	1	1	0	1	1	0	93	0	6	0	230	-4	2	-10	5	
2026-04-13 22:20:00	57.29613	17.877	41	0	17	0	0	0	0	0.005	13.3	5	1027	18	3	89	0.2	179	-200	273	2000	90	1	0	1	1	0	1	1	0	1	0	7	1	80	0	273	4	2	10	5	
2026-04-13 22:30:00	57.29427	17.87736	12	0	18	0	0	0	0	0.005	13.3	5	1027	18	1	59	0.4	174	-300	320	2000	90	1	0	0	1	1	0	1	0	1	0	0	0	95	0	320	4	0	10	5	
2026-04-13 22:40:00	57.29784	17.87823	11	0	19	0	0	0	0	0.005	13.3	5	1028	18	1	30	0.7	7	-300	232	2000	95	1	0	2	0	1	1	0	1	1	0	91	0	8	0	232	-4	2	-10	5	
2026-04-13 22:50:00	57.29625	17.87037	12	0	20	0	0	0	0	0.005	13.3	5	1028	18	1	29	0.8	250	200	92	2000	95	1	0	1	2	0	1	1	1	1	0	8	1	90	0	92	1	2	10	5	
2026-04-13 23:00:00	57.29472	17.86914	12	0	21	0	0	0	0	0.005	13.3	5	1028	18	1	30	0.3	203	400	63	2000	95	1	0	0	1	2	0	1	0	1	0	0	1	99	0	63	4	1	10	5	
2026-04-13 23:10:00	57.29775	17.86953	11	0	22	0	0	0	0	0.005	13.3	5	1028	18	1	26	0.6	4	300	120	2000	100	1	0	1	0	1	2	0	0	1	0	93	0	7	0	120	-4	2	-10	5	
2026-04-13 23:30:00	57.29601	17.86716	12	0	24	0	0	0	0	0.005	13.3	5	1028	18	3	80	0.2	220	400	87	2000	100	1	0	0	1	1	0	1	0	1	0	0	2	88	0	87	4	0	10	5	
2026-04-13 23:40:00	57.29985	17.8668	12	0	25	0	0	0	0	0.005	13.3	5	1028	18	1	35	0.7	357	600	132	2000	95	1	0	1	0	1	1	0	0	1	0	99	0	0	0	132	-4	1	-10	5	
2026-04-13 23:50:00	57.29901	17.86509	12	0	26	0	0	0	0	0.005	13.3	5	1028	18	1	33	0.2	227	600	119	2000	100	1	0	1	1	0	1	1	0	1	0	9	0	90	0	119	4	2	10	5	
2026-04-14 00:00:00	57.29811	17.8644	12	0	27	0	0	0	0	0.005	13.3	5	1027	18	1	29	0.2	203	600	110	2000	100	1	0	1	1	1	0	1	0	1	0	0	4	97	0	110	4	0	10	5	
2026-04-14 00:10:00	57.29718	17.86401	11	0	28	0	0	0	0	0.005	13.3	5	1027	18	1	29	0.2	193	600	100	2000	100	1	0	1	1	1	1	0	0	1	0	0	0	100	0	100	4	0	10	5	
2026-04-14 00:20:00	57.29571	17.86413	12	0	29	0	0	0	0	0.005	13.3	5	1027	18	1	26	0.3	178	600	85	2000	100	1	0	1	1	1	1	1	0	1	0	0	2	99	0	85	4	0	10	5	
2026-04-14 00:30:00	57.29424	17.86419	12	0	0	0	0	0	0	0.005	13.3	5	1027	18	1	27	0.3	179	700	70	2000	100	1	0	0	1	1	1	1	0	1	0	0	0	100	0	70	4	0	10	5	
2026-04-14 00:40:00	57.29826	17.86494	12	0	1	0	0	0	0	0.005	13.3	5	1027	18	1	32	0.8	6	600	112	2000	95	1	0	1	0	1	1	1	0	1	1	92	0	7	0	112	-4	2	-10	5	
2026-04-14 00:50:00	57.29661	17.86446	15	0	2	0	0	0	0	0.005	13.2	5	1027	18	1	26	0.3	189	600	94	2000	95	1	0	1	1	0	1	1	0	1	0	6	4	90	0	94	4	2	10	5	
2026-04-14 01:00:00	57.29529	17.86458	16	0	3	0	0	0	0	0.005	13.3	5	1027	18	1	32	0.2	177	600	80	2000	95	1	0	1	1	1	0	1	0	1	0	0	3	97	0	80	4	0	10	5	
2026-04-14 01:10:00	57.29334	17.86491	41	0	4	0	0	0	0	0.005	13.2	5	1027	18	1	40	0.3	175	700	61	2000	95	1	0	0	1	1	1	0	0	1	0	0	1	97	0	61	4	0	10	5	
2026-04-14 01:20:00	57.29745	17.86617	12	0	5	0	0	0	0	0.005	13.2	5	1027	18	1	60	0.8	9	500	106	2000	95	1	0	1	0	1	1	1	0	1	0	87	0	6	0	106	-4	2	-10	5	
2026-04-14 01:30:00	57.29619	17.86611	12	0	6	0	0	0	0	0.005	13.2	5	1027	18	1	32	0.2	181	500	90	2000	95	1	0	1	1	0	1	1	0	1	0	7	1	91	0	90	4	2	10	5	
2026-04-14 01:40:00	57.29433	17.86662	13	0	7	0	0	0	0	0.005	13.2	5	1027	18	2	48	0.3	172	500	66	2000	95	1	0	0	1	1	0	1	0	1	0	0	0	97	0	66	4	0	10	5	
2026-04-14 02:00:00	57.29754	17.86761	13	0	9	0	0	0	0	0.005	13.2	5	1027	18	3	75	0.1	189	400	110	2000	100	1	0	1	1	0	1	1	0	1	0	8	4	78	0	110	4	2	10	5	
2026-04-14 02:10:00	57.29601	17.86818	12	0	10	0	0	0	0	0.005	13.2	5	1027	18	1	32	0.3	169	400	87	2000	100	1	0	1	1	1	0	1	0	1	0	0	0	100	0	87	4	0	10	5	
2026-04-14 02:20:00	57.29451	17.86836	12	0	11	0	0	0	0	0.005	13.2	5	1027	18	3	72	0.3	176	400	63	2000	100	1	0	0	1	1	1	0	0	1	0	0	1	91	0	63	4	0	10	5	
2026-04-14 02:30:00	57.29859	17.86986	13	0	12	0	0	0	0	0.005	13.2	5	1027	18	2	54	0.8	11	400	134	2000	95	1	0	1	0	1	1	1	1	1	0	89	0	6	0	134	-4	2	-10	5	
2026-04-14 02:40:00	57.29724	17.87007	12	0	13	0	0	0	0	0.005	13.2	5	1027	18	1	27	0.3	175	300	114	2000	95	1	0	1	1	0	1	1	0	1	0	5	1	94	0	114	4	2	10	5	
2026-04-14 02:50:00	57.29523	17.87058	12	0	14	0	0	0	0	0.005	13.2	5	1027	18	1	28	0.4	172	300	65	2000	95	1	0	0	1	1	0	1	0	1	0	0	0	100	0	65	4	0	10	5	
2026-04-14 03:00:00	57.29886	17.87154	12	0	15	0	0	0	0	0.005	13.2	5	1027	18	2	46	0.7	8	300	150	2000	90	1	0	1	0	1	1	0	1	1	0	88	1	7	0	150	-4	2	-10	5	
2026-04-14 03:10:00	57.29754	17.87073	12	0	16	0	0	0	0	0.005	13.2	5	1027	18	1	36	0.3	199	300	124	2000	100	1	0	1	1	0	1	1	0	1	0	8	1	89	0	124	4	2	10	5	
2026-04-14 03:20:00	57.29589	17.87121	18	0	17	0	0	0	0	0.005	13.2	5	1027	18	1	32	0.3	171	200	80	2000	100	1	0	1	1	1	0	1	0	1	0	0	1	99	0	80	4	0	10	5	
2026-04-14 03:30:00	57.29439	17.87148	12	0	18	0	0	0	0	0.005	13.2	5	1027	18	1	44	0.3	174	300	41	2000	100	1	0	0	1	1	1	0	0	1	0	0	0	98	0	41	4	0	10	5	
2026-04-14 03:40:00	57.29808	17.87289	13	0	19	0	0	0	0	0.005	13.2	5	1027	18	1	26	0.7	12	200	157	2000	95	1	0	1	0	1	1	1	1	1	0	94	0	4	0	157	-4	2	-10	5	
2026-04-14 03:50:00	57.29598	17.87274	41	0	20	0	0	0	0	0.005	13.2	5	1027	18	1	31	0.4	182	100	76	2000	100	1	0	1	1	0	1	1	1	1	0	8	0	91	0	76	4	2	10	5	
2026-04-14 04:00:00	57.29391	17.87319	12	0	21	0	0	0	0	0.005	13.2	5	1027	18	1	57	0.4	173	300	16	2000	100	1	0	0	1	1	0	1	0	1	0	0	0	95	0	16	4	0	10	5	
2026-04-14 04:10:00	57.29763	17.87493	26	0	22	0	0	0	0	0.005	13.3	5	1027	18	1	29	0.7	14	-200	191	2000	95	1	0	1	0	1	1	0	1	1	0	94	0	6	0	191	-4	2	-10	5	
2026-04-14 04:20:00	57.29616	17.87532	49	0	23	0	0	0	0	0.005	13.3	5	1027	18	1	43	0.3	172	-100	273	2000	100	1	0	1	1	0	1	1	1	1	0	6	0	91	0	273	4	2	10	5	
2026-04-14 04:30:00	57.294	17.87619	13	0	24	0	0	0	0	0.005	13.4	5	1027	18	1	64	0.4	168	-300	336	2000	100	1	0	0	1	1	0	1	0	1	0	0	0	94	0	336	4	0	10	5	
2026-04-14 04:40:00	57.29775	17.87802	13	0	25	0	0	0	0	0.005	13.4	5	1027	18	1	29	0.7	15	-300	231	2000	95	1	0	1	0	1	1	0	1	1	0	94	0	6	0	231	-4	2	-10	5	
2026-04-14 04:50:00	57.29565	17.87829	13	0	26	0	0	0	0	0.005	13.5	5	1027	18	1	29	0.4	176	-200	285	2000	100	1	0	1	1	0	1	1	0	1	0	6	1	93	0	285	4	2	10	5	
2026-04-14 05:00:00	57.2934	17.87892	15	0	27	0	0	0	0	0.005	13.8	5	1027	18	1	41	0.4	171	-400	319	2000	100	1	0	3	1	1	0	1	0	1	0	0	0	98	0	319	4	0	10	5	
2026-04-14 05:10:00	57.29877	17.87589	13	0	28	0	0	0	0	0.005	13.8	5	1027	18	1	34	1	343	-300	197	2000	100	1	0	1	3	1	1	0	1	1	0	91	1	6	0	197	-1	2	-10	5	
2026-04-14 05:20:00	57.29712	17.87586	13	0	29	0	0	0	0	0.005	13.8	5	1027	18	1	28	0.3	181	-100	221	2000	100	1	0	1	1	3	1	1	1	1	0	5	0	95	0	221	4	2	10	5	
2026-04-14 05:30:00	57.29508	17.87628	14	0	0	0	0	0	0	0.005	13.7	5	1027	18	1	35	0.4	174	-200	318	2000	100	1	0	0	1	1	3	1	1	1	0	0	2	97	0	318	4	0	10	5	
2026-04-14 05:40:00	57.29823	17.87631	41	0	1	0	0	0	0	0.005	13.7	5	1028	18	2	45	0.6	0	-300	207	2000	90	1	0	1	0	1	1	3	1	1	0	77	8	11	0	207	-4	2	-10	5	
2026-04-14 05:50:00	57.2964	17.87628	12	0	2	0	0	0	0	0.005	13.6	5	1027	18	2	76	0.4	181	-100	260	2000	90	1	0	1	1	0	1	1	1	1	0	7	0	83	0	260	4	2	10	5	
2026-04-14 06:00:00	57.2943	17.87688	12	0	3	0	0	0	0	0.005	13.6	5	1027	18	1	30	0.4	171	-300	325	2000	90	1	0	0	1	1	0	1	0	1	0	0	0	100	0	325	4	0	10	5	
2026-04-14 06:10:00	57.29784	17.87856	12	0	4	0	0	0	0	0.005	13.6	5	1027	18	1	28	0.7	14	-300	234	2000	95	1	0	2	0	1	1	0	1	1	0	94	0	6	0	234	-4	2	-10	5	
2026-04-14 06:20:00	57.2967	17.8716	11	0	5	0	0	0	0	0.005	13.6	5	1027	18	1	46	0.7	253	200	108	2000	95	1	0	1	2	0	1	1	1	1	0	7	0	89	0	108	1	2	10	5	
2026-04-14 06:30:00	57.29466	17.87112	12	0	6	0	0	0	0	0.005	13.6	5	1027	18	1	27	0.4	187	300	49	2000	95	1	0	0	1	2	0	1	0	1	0	0	0	100	0	49	4	1	10	5	
2026-04-14 06:40:00	57.29727	17.87193	12	0	7	0	0	0	0	0.005	13.6	5	1027	18	1	35	0.5	9	200	129	2000	100	1	0	1	0	1	2	0	1	1	0	90	0	6	0	129	-4	2	-10	5	
2026-04-14 07:10:00	57.29724	17.8728	13	0	10	0	0	0	0	0.005	13.5	6	1028	18	3	100	0.4	21	200	140	2000	105	1	0	1	0	1	1	0	1	1	0	76	1	8	0	140	-4	2	-10	5	
2026-04-14 07:20:00	57.29613	17.87232	13	0	11	0	0	0	0	0.005	13.5	6	1028	18	1	37	0.2	193	100	86	2000	110	1	0	1	1	0	1	1	1	1	0	7	0	91	0	86	4	2	10	5	
2026-04-14 07:30:00	57.2946	17.87211	14	0	12	0	0	0	0	0.005	13.5	6	1028	18	1	40	0.3	184	200	38	2000	110	1	0	0	1	1	0	1	0	1	0	0	1	98	0	38	4	0	10	5	
2026-04-14 07:40:00	57.29736	17.87436	12	0	13	0	0	0	0	0.005	13.5	6	1027	18	1	35	0.6	24	-100	179	2000	105	1	0	1	0	1	1	0	1	1	0	91	0	7	0	179	-4	2	-10	5	
2026-04-14 07:50:00	57.29589	17.87355	12	0	14	0	0	0	0	0.005	13.5	6	1028	18	1	33	0.3	196	100	56	2000	110	1	0	1	1	0	1	1	1	1	0	8	3	88	0	56	4	2	10	5	
2026-04-14 08:00:00	57.29355	17.87319	40	0	15	0	0	0	0	0.005	13.5	6	1028	17	1	27	0.4	185	300	14	2000	110	1	0	0	1	1	0	1	0	1	0	0	1	100	0	14	4	0	10	5	
2026-04-14 08:10:00	57.29616	17.87538	11	0	16	0	0	0	0	0.005	13.5	6	1028	17	1	68	0.6	25	-100	274	2000	105	1	0	1	0	1	1	0	1	1	0	85	0	7	0	274	-4	2	-10	5	
2026-04-14 08:20:00	57.29463	17.87433	11	0	17	0	0	0	0	0.005	13.5	6	1028	17	1	33	0.3	201	200	1	2000	115	1	0	0	1	0	1	1	1	1	0	8	2	89	0	1	4	2	10	5	
2026-04-14 08:30:00	57.29727	17.87631	11	0	18	0	0	0	0	0.005	13.4	6	1028	17	1	27	0.5	22	-200	224	2000	110	1	0	1	0	1	0	1	1	1	0	90	0	10	0	224	-4	2	-10	5	
2026-04-14 08:40:00	57.29607	17.87571	11	0	19	0	0	0	0	0.005	13.4	6	1028	17	1	28	0.2	196	-100	280	2000	110	1	0	1	1	0	1	0	1	1	0	7	2	91	0	280	4	2	10	5	
2026-04-14 08:50:00	57.29472	17.8743	11	0	20	0	0	0	0	0.005	13.4	6	1027	17	1	27	0.3	209	200	2	2000	110	1	0	0	1	1	0	1	1	1	0	0	7	94	0	2	4	0	10	5	
2026-04-14 09:00:00	57.29673	17.8761	11	0	21	0	0	0	0	0.005	13.4	6	1027	17	1	30	0.4	26	-100	240	2000	115	1	0	1	0	1	1	0	1	1	0	92	0	7	0	240	-4	2	-10	5	
2026-04-14 09:10:00	57.29598	17.87367	12	0	22	0	0	0	0	0.005	13.4	6	1027	17	1	26	0.3	240	0	61	2000	130	1	0	0	1	0	1	1	1	1	0	9	3	88	0	61	4	2	10	5	
2026-04-14 09:20:00	57.29769	17.87547	11	0	23	0	0	0	0	0.005	13.4	6	1027	17	2	50	0.4	30	-200	201	2000	135	1	0	1	0	1	0	1	1	1	0	81	0	13	0	201	-4	2	-10	5	
2026-04-14 09:30:00	57.29727	17.87385	12	0	24	0	0	0	0	0.005	13.4	7	1027	17	1	27	0.2	245	-100	164	2000	130	1	0	1	1	0	1	0	0	1	0	11	5	84	0	164	4	2	10	5	
2026-04-14 09:40:00	57.29646	17.87211	13	0	25	0	0	0	0	0.005	13.4	7	1027	17	1	31	0.2	229	100	102	2000	130	1	0	0	1	1	0	1	0	1	0	0	7	93	0	102	4	0	10	5	
2026-04-14 10:00:00	57.2976	17.87322	12	0	27	0	0	0	0	0.005	13.4	7	1027	17	0	83	0.2	231	200	156	2000	130	1	0	1	1	0	1	1	0	1	0	6	2	81	0	156	4	2	10	5	
2026-04-14 10:10:00	57.2964	17.87235	12	0	28	0	0	0	0	0.005	13.4	7	1027	17	2	58	0.2	201	100	101	2000	130	1	0	1	1	1	0	1	1	1	0	0	1	94	0	101	4	0	10	5	
2026-04-14 10:20:00	57.29544	17.87115	13	0	29	0	0	0	0	0.005	13.4	7	1027	17	2	60	0.2	213	200	66	2000	130	1	0	0	1	1	1	0	0	1	0	0	1	94	0	66	4	0	10	5	
2026-04-14 10:30:00	57.29709	17.87283	41	0	0	0	0	0	0	0.005	13.4	7	1027	17	3	69	0.3	29	100	136	2000	120	1	0	1	0	1	1	1	1	1	0	81	0	11	0	136	-4	2	-10	5	
2026-04-14 10:40:00	57.2961	17.87094	12	0	1	0	0	0	0	0.005	13.4	7	1027	17	2	74	0.3	226	200	87	2000	125	1	0	0	1	0	1	1	0	1	0	8	2	81	0	87	4	2	10	5	
2026-04-14 11:10:00	57.29835	17.87169	11	0	4	0	0	0	0	0.005	13.6	7	1027	17	3	86	0.2	22	300	146	2000	130	1	0	1	0	1	0	1	0	1	0	75	1	12	0	146	-4	2	-10	5	
2026-04-14 11:20:00	57.29745	17.86947	11	0	5	0	0	0	0	0.005	13.6	7	1027	17	1	37	0.3	233	300	115	2000	130	1	0	0	1	0	1	0	0	1	0	9	4	85	0	115	4	2	10	5	
2026-04-14 11:30:00	57.29952	17.87175	12	0	6	0	0	0	0	0.005	13.6	7	1027	17	1	29	0.4	31	400	157	2000	130	1	0	1	0	1	0	1	0	1	0	91	1	8	0	157	-4	2	-10	5	
2026-04-14 11:40:00	57.29865	17.86947	12	0	7	0	0	0	0	0.005	13.6	7	1027	17	1	27	0.3	235	400	133	2000	130	1	0	1	1	0	1	0	0	1	0	9	0	91	0	133	4	2	10	5	
2026-04-14 11:50:00	57.29742	17.86809	12	0	8	0	0	0	0	0.005	13.6	7	1027	17	1	29	0.3	211	400	110	2000	130	1	0	0	1	1	0	1	0	1	0	0	1	100	0	110	4	0	10	5	
2026-04-14 12:00:00	57.29922	17.8695	12	0	9	0	0	0	0	0.005	13.5	7	1027	17	1	37	0.4	23	400	139	2000	115	1	0	1	0	1	1	0	0	1	0	89	0	9	0	139	-4	2	-10	5	
2026-04-14 12:10:00	57.2985	17.86752	11	0	10	0	0	0	0	0.005	13.5	6	1027	17	1	30	0.2	236	500	122	2000	125	1	0	1	1	0	1	1	0	1	0	9	2	86	0	122	4	2	10	5	
2026-04-14 12:20:00	57.29706	17.86518	12	0	11	0	0	0	0	0.005	13.5	6	1026	17	1	31	0.4	221	600	100	2000	125	1	0	0	1	1	0	1	0	1	0	0	10	90	0	100	4	0	10	5	
2026-04-14 12:30:00	57.29898	17.86761	11	0	12	0	0	0	0	0.005	13.5	6	1026	17	1	28	0.4	34	500	127	2000	125	1	0	1	0	1	1	0	0	1	0	90	1	9	0	127	-4	2	-10	5	
2026-04-14 12:40:00	57.29796	17.86557	13	0	13	0	0	0	0	0.005	13.5	6	1026	17	1	26	0.3	228	600	110	2000	130	1	0	0	1	0	1	1	0	1	0	11	1	88	0	110	4	2	10	5	
2026-04-14 12:50:00	57.3	17.86611	41	0	14	0	0	0	0	0.005	13.5	6	1026	17	1	28	0.4	8	700	130	2000	115	1	0	1	0	1	0	1	0	1	0	85	9	6	0	130	-4	2	-10	5	
2026-04-14 13:00:00	57.29961	17.86392	11	0	15	0	0	0	0	0.005	13.5	6	1026	17	1	57	0.2	251	700	121	2000	125	1	0	1	1	0	1	0	0	1	0	16	3	75	0	121	4	2	10	5	
2026-04-14 13:10:00	57.29904	17.86317	12	0	16	0	0	0	0	0.005	13.5	6	1026	17	1	27	0.1	217	700	115	2000	125	1	0	1	1	1	0	1	0	1	0	0	2	99	0	115	4	0	10	5	
2026-04-14 13:20:00	57.29808	17.86245	12	0	17	0	0	0	0	0.005	13.5	6	1026	17	1	28	0.2	202	700	106	2000	125	1	0	1	1	1	1	0	0	1	0	0	1	100	0	106	4	0	10	5	
2026-04-14 13:30:00	57.29724	17.86185	12	0	18	0	0	0	0	0.005	13.5	6	1026	17	1	32	0.2	201	800	99	2000	125	1	0	1	1	1	1	1	0	1	0	0	4	96	0	99	4	0	10	5	
2026-04-14 13:40:00	57.29568	17.86095	12	0	19	0	0	0	0	0.005	13.4	6	1026	17	1	44	0.3	197	800	86	2000	125	1	0	0	1	1	1	1	0	1	0	0	2	96	0	86	4	0	10	5	
2026-04-14 13:50:00	57.29781	17.86221	13	0	20	0	0	0	0	0.005	13.4	6	1026	17	1	33	0.4	18	800	104	2000	105	1	0	0	0	1	1	1	0	1	0	90	0	9	0	104	-4	2	-10	5	
2026-04-14 14:00:00	57.29979	17.86434	12	0	21	0	0	0	0	0.005	13.4	6	1026	17	1	30	0.4	31	700	123	2000	105	1	0	1	0	0	1	1	0	1	0	100	0	0	0	123	-4	0	-10	5	
2026-04-14 14:10:00	57.2991	17.86335	12	0	22	0	0	0	0	0.005	13.4	6	1026	17	1	30	0.2	219	700	116	2000	125	1	0	0	1	0	0	1	0	1	0	10	3	86	0	116	4	2	10	5	
2026-04-14 14:20:00	57.30153	17.86557	12	0	23	0	0	0	0	0.005	13.4	6	1026	17	1	30	0.5	26	800	138	2000	120	1	0	1	0	1	0	0	0	1	0	99	1	0	0	138	-4	1	-10	5	
2026-04-14 14:30:00	57.30039	17.86452	12	0	24	0	0	0	0	0.005	13.4	6	1025	17	1	31	0.2	206	800	128	2000	115	1	0	1	1	0	1	0	0	1	0	7	1	91	0	128	4	2	10	5	
2026-04-14 14:40:00	57.29784	17.86413	13	0	25	0	0	0	0	0.005	13.4	6	1025	17	1	28	0.5	185	600	107	2000	115	1	0	1	1	1	0	1	0	1	0	0	1	100	0	107	4	0	10	5	
2026-04-14 14:50:00	57.29598	17.8638	15	0	26	0	0	0	0	0.005	13.4	6	1025	17	2	46	0.3	185	600	88	2000	115	1	0	0	1	1	1	0	0	1	0	0	1	96	0	88	4	0	10	5	
2026-04-14 15:00:00	57.29736	17.86437	15	0	27	0	0	0	0	0.005	13.4	6	1026	17	3	68	0.3	13	600	102	2000	100	1	0	1	0	1	1	1	0	1	0	84	0	8	0	102	-4	2	-10	5	
2026-04-14 15:10:00	57.29709	17.86356	41	0	28	0	0	0	0	0.005	13.4	6	1025	17	1	36	0.1	239	700	99	2000	115	1	0	0	1	0	1	1	0	1	0	11	9	78	0	99	4	2	10	5	
2026-04-14 15:20:00	57.29898	17.86395	11	0	29	0	0	0	0	0.005	13.4	6	1025	17	1	62	0.4	6	700	116	2000	105	1	0	1	0	1	0	1	0	1	0	84	0	9	0	116	-4	2	-10	5	
2026-04-14 15:30:00	57.29742	17.86461	12	0	0	0	0	0	0	0.005	13.4	6	1025	17	1	28	0.3	167	600	103	2000	90	1	0	1	1	0	1	0	0	1	0	10	0	90	0	103	4	2	10	5	
2026-04-14 15:40:00	57.29547	17.86575	12	0	1	0	0	0	0	0.005	13.4	6	1025	17	1	27	0.4	162	500	81	2000	90	1	0	0	1	1	0	1	0	1	0	0	0	100	0	81	4	0	10	5	
2026-04-14 15:50:00	57.29772	17.86575	11	0	2	0	0	0	0	0.005	13.4	6	1025	17	1	30	0.4	360	500	108	2000	80	1	0	1	0	1	1	0	0	1	0	88	4	5	0	108	-4	2	-10	5	
2026-04-14 16:00:00	57.29604	17.86644	11	0	3	0	0	0	0	0.005	13.6	6	1025	17	1	31	0.3	168	500	88	2000	85	1	0	1	1	0	1	1	0	1	0	7	0	92	0	88	4	2	10	5	
2026-04-14 16:10:00	57.29394	17.86698	11	0	4	0	0	0	0	0.005	13.9	6	1025	17	1	31	0.4	172	500	60	2000	85	1	0	0	1	1	0	1	0	1	0	0	2	98	0	60	4	0	10	5	
2026-04-14 16:20:00	57.29703	17.86833	12	0	5	0	0	0	0	0.005	13.8	6	1025	17	1	27	0.6	13	400	104	2000	95	1	0	1	0	1	1	0	0	1	0	93	0	7	0	104	-4	2	-10	5	
2026-04-14 16:30:00	57.29568	17.86791	11	0	6	0	0	0	0	0.005	13.8	5	1025	17	1	29	0.3	189	400	81	2000	100	1	0	0	1	0	1	1	0	1	0	7	7	86	0	81	4	2	10	5	
2026-04-14 16:40:00	57.29832	17.86887	12	0	7	0	0	0	0	0.005	13.8	5	1025	18	1	29	0.5	11	400	125	2000	100	1	0	1	0	1	0	1	0	1	0	89	0	11	0	125	-4	2	-10	5	
2026-04-14 16:50:00	57.29793	17.86857	12	0	8	0	0	0	0	0.005	13.7	5	1025	18	1	31	0.1	201	400	119	2000	100	1	0	1	1	0	1	0	0	1	0	8	2	89	0	119	4	2	10	5	
2026-04-14 17:00:00	57.29709	17.86902	12	0	9	0	0	0	0	0.005	13.7	5	1025	18	1	35	0.2	164	300	107	2000	100	1	0	1	1	1	0	1	0	1	0	0	1	99	0	107	4	0	10	5	
2026-04-14 17:10:00	57.2955	17.86911	13	0	10	0	0	0	0	0.005	13.7	5	1025	18	1	30	0.3	178	300	76	2000	100	1	0	0	1	1	1	0	0	1	0	0	6	94	0	76	4	0	10	5	
2026-04-14 17:20:00	57.29805	17.87022	13	0	11	0	0	0	0	0.005	13.7	5	1025	18	1	31	0.5	13	300	129	2000	95	1	0	1	0	1	1	1	0	1	0	91	0	8	0	129	-4	2	-10	5	
2026-04-14 17:30:00	57.29742	17.87007	13	0	12	0	0	0	0	0.005	13.6	5	1024	17	1	31	0.1	188	300	118	2000	100	1	0	1	1	0	1	1	0	1	0	8	1	90	0	118	4	2	10	5	
2026-04-14 17:40:00	57.29703	17.87019	41	0	13	0	0	0	0	0.005	13.6	5	1025	18	1	34	0.1	171	300	110	2000	100	1	0	1	1	1	0	1	0	1	0	0	4	96	0	110	4	0	10	5	
2026-04-14 17:50:00	57.2967	17.87055	11	0	14	0	0	0	0	0.005	13.6	5	1025	17	2	76	0.1	148	200	104	2000	100	1	0	1	1	1	1	0	0	1	0	0	4	87	0	104	4	0	10	5	
2026-04-14 18:00:00	57.29613	17.87118	12	0	15	0	0	0	0	0.005	13.6	5	1025	18	1	30	0.1	149	200	88	2000	100	1	0	1	1	1	1	1	0	1	0	0	2	99	0	88	4	0	10	5	
2026-04-14 18:10:00	57.29526	17.87142	11	0	16	0	0	0	0	0.005	13.6	5	1025	18	1	29	0.2	172	200	59	2000	100	1	0	0	1	1	1	1	0	1	0	0	4	97	0	59	4	0	10	5	
2026-04-14 18:20:00	57.29733	17.87106	12	0	17	0	0	0	0	0.005	13.6	5	1025	18	1	29	0.4	355	200	122	2000	85	1	0	1	0	1	1	1	0	1	0	87	1	12	0	122	-4	2	-10	5	
2026-04-14 18:30:00	57.29679	17.87112	11	0	18	0	0	0	0	0.005	13.6	5	1025	18	1	34	0.1	177	200	108	2000	85	1	0	1	1	0	1	1	0	1	0	12	2	85	0	108	4	2	10	5	
2026-04-14 18:40:00	57.29613	17.87208	12	0	19	0	0	0	0	0.005	13.6	5	1025	18	1	26	0.2	141	100	87	2000	85	1	0	1	1	1	0	1	0	1	0	0	4	97	0	87	4	0	10	5	
2026-04-14 18:50:00	57.29496	17.87319	12	0	20	0	0	0	0	0.005	13.6	5	1025	18	1	29	0.2	154	200	28	2000	85	1	0	0	1	1	1	0	0	1	0	0	0	100	0	28	4	0	10	5	
2026-04-14 19:00:00	57.29697	17.87349	12	0	21	0	0	0	0	0.005	13.6	5	1024	18	1	28	0.4	5	100	148	2000	85	1	0	1	0	1	1	1	1	1	0	90	0	10	0	148	-4	2	-10	5	
2026-04-14 19:10:00	57.29652	17.87313	41	0	22	0	0	0	0	0.005	13.5	5	1024	18	1	28	0.1	203	100	115	2000	100	1	0	1	1	0	1	1	0	1	0	14	1	85	0	115	4	2	10	5	
2026-04-14 19:20:00	57.29583	17.87364	11	0	23	0	0	0	0	0.005	13.5	5	1024	18	1	58	0.1	158	100	48	2000	100	1	0	1	1	1	0	1	1	1	0	0	5	90	0	48	4	0	10	5	
2026-04-14 19:30:00	57.29463	17.87475	12	0	24	0	0	0	0	0.005	13.5	5	1024	18	1	29	0.2	153	200	353	2000	100	1	0	0	1	1	1	0	0	1	0	0	1	100	0	353	4	0	10	5	
2026-04-14 19:40:00	57.29697	17.87544	12	0	25	0	0	0	0	0.005	13.5	5	1024	18	1	30	0.4	9	-100	216	2000	85	1	0	1	0	1	1	1	1	1	0	90	0	8	0	216	-4	2	-10	5	
2026-04-14 19:50:00	57.29574	17.87595	12	0	26	0	0	0	0	0.005	13.5	5	1024	18	1	32	0.2	168	-100	299	2000	90	1	0	1	1	0	1	1	1	1	0	11	2	86	0	299	4	2	10	5	
2026-04-14 20:00:00	57.29412	17.87739	12	0	27	0	0	0	0	0.005	13.5	5	1024	18	1	32	0.3	154	-300	322	2000	90	1	0	0	1	1	0	1	0	1	0	0	2	98	0	322	4	0	10	5	
2026-04-14 20:10:00	57.29646	17.87748	12	0	28	0	0	0	0	0.005	13.5	5	1024	18	1	28	0.4	1	-200	261	2000	80	1	0	1	0	1	1	0	1	1	0	92	0	8	0	261	-4	2	-10	5	
2026-04-14 20:20:00	57.29532	17.87823	12	0	29	0	0	0	0	0.005	13.5	5	1024	18	1	26	0.2	161	-300	293	2000	85	1	0	0	1	0	1	1	0	1	0	7	1	92	0	293	4	2	10	5	
2026-04-14 20:30:00	57.29769	17.87778	13	0	0	0	0	0	0	0.005	13.5	5	1024	18	2	48	0.4	354	-300	231	2000	80	1	0	1	0	1	0	1	1	1	0	82	5	9	0	231	-4	2	-10	5	
2026-04-14 20:40:00	57.29586	17.87832	13	0	1	0	0	0	0	0.005	13.5	5	1024	18	1	29	0.3	171	-200	279	2000	85	1	0	0	1	0	1	0	0	1	0	9	1	90	0	279	4	2	10	5	
2026-04-14 20:50:00	57.29886	17.87877	12	0	2	0	0	0	0	0.005	13.4	5	1024	18	2	49	0.6	5	-400	222	2000	90	1	0	2	0	1	0	1	0	1	0	86	1	8	0	222	-4	3	-10	5	
2026-04-14 21:00:00	57.29685	17.87367	12	0	3	0	0	0	0	0.005	13.4	5	1024	18	1	30	0.6	234	100	149	2000	90	1	0	1	2	0	1	0	1	1	0	8	0	91	0	149	1	2	10	5	
2026-04-14 21:10:00	57.29502	17.87466	13	0	4	0	0	0	0	0.005	13.4	5	1024	18	1	29	0.4	164	100	353	2000	90	1	0	0	1	2	0	1	1	1	0	0	0	100	0	353	4	1	10	5	
2026-04-14 21:20:00	57.29706	17.87406	12	0	5	0	0	0	0	0.005	13.4	5	1024	18	2	47	0.4	351	-100	168	2000	80	1	0	1	0	1	2	0	1	1	0	86	0	10	0	168	-4	2	-10	5	
2026-04-14 21:30:00	57.2955	17.87388	14	0	6	0	0	0	0	0.005	13.4	5	1024	18	1	30	0.3	184	100	22	2000	85	1	0	0	1	0	1	2	1	1	0	12	0	87	0	22	4	2	10	5	
2026-04-14 21:50:00	57.29643	17.87559	41	0	8	0	0	0	0	0.005	13.4	5	1024	18	3	80	0.4	181	-100	251	2000	100	1	0	1	1	0	1	0	1	1	0	8	0	81	0	251	4	2	10	5	
2026-04-14 22:00:00	57.29382	17.87565	11	0	9	0	0	0	0	0.005	13.4	5	1024	18	1	60	0.5	179	300	344	2000	100	1	0	0	1	1	0	1	1	1	0	0	0	95	0	344	4	0	10	5	
2026-04-14 22:10:00	57.29673	17.8773	12	0	10	0	0	0	0	0.005	13.4	5	1024	18	2	49	0.6	17	-200	251	2000	100	1	0	1	0	1	1	0	1	1	0	88	1	4	0	251	-4	2	-10	5	
2026-04-14 22:20:00	57.29445	17.877	12	0	11	0	0	0	0	0.005	13.4	5	1024	18	1	29	0.4	184	-200	321	2000	100	1	0	0	1	0	1	1	1	1	0	6	0	93	0	321	4	2	10	5	
2026-04-14 22:30:00	57.29694	17.87865	12	0	12	0	0	0	0	0.005	13.4	5	1024	18	2	57	0.5	20	-300	252	2000	105	1	0	1	0	1	0	1	1	1	0	88	0	6	0	252	-4	2	-10	5	
2026-04-14 22:40:00	57.29577	17.87643	12	0	13	0	0	0	0	0.005	13.4	5	1024	18	1	30	0.3	226	-100	291	2000	120	1	0	1	1	0	1	0	1	1	0	8	22	69	0	291	4	2	10	5	
2026-04-14 22:50:00	57.29397	17.87508	12	0	14	0	0	0	0	0.005	13.4	5	1023	18	1	29	0.4	202	300	351	2000	120	1	0	0	1	1	0	1	0	1	0	0	5	96	0	351	4	0	10	5	
2026-04-14 23:00:00	57.29601	17.87589	12	0	15	0	0	0	0	0.005	13.4	5	1023	18	2	53	0.4	12	-100	284	2000	105	1	0	1	0	1	1	0	1	1	0	87	0	8	0	284	-4	2	-10	5	
2026-04-14 23:10:00	57.29493	17.87439	12	0	16	0	0	0	0	0.005	13.4	5	1023	18	1	30	0.2	217	100	1	2000	110	1	0	0	1	0	1	1	1	1	0	10	3	86	0	1	4	2	10	5	
2026-04-14 23:20:00	57.29715	17.87556	12	0	17	0	0	0	0	0.005	13.3	5	1023	18	1	27	0.4	16	-100	214	2000	115	1	0	1	0	1	0	1	1	1	0	94	0	6	0	214	-4	2	-10	5	
2026-04-14 23:30:00	57.29544	17.87334	12	0	18	0	0	0	0	0.005	13.3	5	1023	18	1	27	0.4	215	100	37	2000	115	1	0	0	1	0	1	0	1	1	0	8	3	89	0	37	4	2	10	5	
2026-04-14 23:40:00	57.29814	17.87541	12	0	19	0	0	0	0	0.005	13.3	5	1023	18	1	28	0.5	23	-200	196	2000	120	1	0	1	0	1	0	1	1	1	0	92	1	7	0	196	-4	2	-10	5	
2026-04-15 00:00:00	57.29478	17.87271	40	0	21	0	0	0	0	0.005	13.3	5	1023	18	3	89	0.4	197	200	33	2000	115	1	0	0	1	1	0	1	1	1	0	0	0	89	0	33	4	0	10	5	
2026-04-15 00:10:00	57.29721	17.87406	12	0	22	0	0	0	0	0.005	13.3	5	1023	18	1	59	0.5	17	-100	170	2000	105	1	0	1	0	1	1	0	1	1	0	84	0	10	0	170	-4	2	-10	5	
2026-04-15 00:20:00	57.29598	17.87256	12	0	23	0	0	0	0	0.005	13.3	5	1023	18	2	53	0.3	213	100	77	2000	115	1	0	0	1	0	1	1	1	1	0	6	1	88	0	77	4	2	10	5	
2026-04-15 00:30:00	57.29835	17.87427	11	0	24	0	0	0	0	0.005	13.3	5	1023	18	1	34	0.5	21	-200	178	2000	115	1	0	1	0	1	0	1	1	1	0	89	0	8	0	178	-4	2	-10	5	
2026-04-15 00:40:00	57.29673	17.87268	11	0	25	0	0	0	0	0.005	13.3	5	1023	18	1	27	0.3	208	100	120	2000	115	1	0	1	1	0	1	0	1	1	0	7	0	93	0	120	4	2	10	5	
2026-04-15 00:50:00	57.29634	17.87079	12	0	26	0	0	0	0	0.005	13.3	5	1023	18	2	45	0.2	249	200	94	2000	115	1	0	0	1	1	0	1	0	1	0	0	9	89	0	94	4	0	10	5	
2026-04-15 01:00:00	57.29871	17.87313	12	0	27	0	0	0	0	0.005	13.3	5	1023	18	2	60	0.5	28	-300	165	2000	130	1	0	1	0	1	1	0	1	1	0	86	1	6	0	165	-4	2	-10	5	
2026-04-15 01:10:00	57.2985	17.87025	12	0	28	0	0	0	0	0.005	13.3	5	1022	18	2	45	0.3	262	400	136	2000	140	1	0	1	1	0	1	1	0	1	0	9	3	84	0	136	4	2	10	5	
2026-04-15 01:20:00	57.29811	17.86719	12	0	29	0	0	0	0	0.005	13.3	5	1022	18	1	27	0.3	257	500	116	2000	140	1	0	0	1	1	0	1	0	1	0	0	4	97	0	116	4	0	10	5	
2026-04-15 01:30:00	57.29955	17.86782	12	0	0	0	0	0	0	0.005	13.3	5	1023	18	3	80	0.3	13	500	133	2000	140	1	0	0	0	1	1	0	0	1	0	81	0	8	0	133	-4	2	-10	5	
2026-04-15 01:40:00	57.30105	17.86938	12	0	1	0	0	0	0	0.005	13.3	5	1022	18	2	47	0.3	29	600	151	2000	140	1	0	1	0	0	1	1	0	1	0	96	1	0	0	151	-4	0	-10	5	
2026-04-15 01:50:00	57.30111	17.86785	12	0	2	0	0	0	0	0.005	13.3	5	1022	18	1	32	0.2	273	700	144	2000	140	1	0	1	1	0	0	1	0	1	0	9	3	87	0	144	4	2	10	5	
2026-04-15 02:00:00	57.3006	17.86692	12	0	3	0	0	0	0	0.005	13.3	5	1022	18	1	31	0.1	225	700	138	2000	140	1	0	1	1	1	0	0	0	1	0	0	1	99	0	138	4	0	10	5	
2026-04-15 02:10:00	57.30018	17.86626	12	0	4	0	0	0	0	0.005	13.3	5	1022	18	1	27	0.1	221	700	132	2000	140	1	0	1	1	1	1	0	0	1	0	0	3	98	0	132	4	0	10	5	
2026-04-15 02:20:00	57.2994	17.86557	13	0	5	0	0	0	0	0.005	13.3	5	1022	18	1	31	0.2	204	600	124	2000	140	1	0	1	1	1	1	1	0	1	0	0	0	100	0	124	4	0	10	5	
2026-04-15 02:30:00	57.2985	17.86518	13	0	6	0	0	0	0	0.005	13.2	5	1022	18	1	33	0.2	194	600	115	2000	140	1	0	1	1	1	1	1	0	1	0	0	1	99	0	115	4	0	10	5	
2026-04-15 02:40:00	57.29775	17.86419	13	0	7	0	0	0	0	0.005	13.2	5	1022	18	1	32	0.2	215	600	106	2000	140	1	0	0	1	1	1	1	0	1	0	0	4	96	0	106	4	0	10	5	
2026-04-15 02:50:00	57.29991	17.86551	13	0	8	0	0	0	0	0.005	13.2	5	1022	18	1	35	0.4	18	700	128	2000	115	1	0	1	0	1	1	1	0	1	0	89	0	9	0	128	-4	2	-10	5	
2026-04-15 03:00:00	57.29958	17.86422	12	0	9	0	0	0	0	0.005	13.2	5	1022	18	1	34	0.1	245	700	122	2000	120	1	0	1	1	0	1	1	0	1	0	10	2	87	0	122	4	2	10	5	
2026-04-15 03:10:00	57.29895	17.86335	13	0	10	0	0	0	0	0.005	13.2	5	1022	18	3	69	0.1	216	700	115	2000	120	1	0	1	1	1	0	1	0	1	0	0	1	92	0	115	4	0	10	5	
2026-04-15 03:20:00	57.29832	17.8623	13	0	11	0	0	0	0	0.005	13.2	5	1022	18	2	48	0.2	223	800	108	2000	120	1	0	0	1	1	1	0	0	1	0	0	2	95	0	108	4	0	10	5	
2026-04-15 03:30:00	57.30048	17.86392	13	0	12	0	0	0	0	0.005	13.2	5	1022	18	1	30	0.4	22	800	127	2000	115	1	0	1	0	1	1	1	0	1	0	88	0	11	0	127	-4	2	-10	5	
2026-04-15 03:40:00	57.30048	17.86227	40	0	13	0	0	0	0	0.005	13.2	5	1022	18	3	66	0.2	269	900	123	2000	130	1	0	1	1	0	1	1	0	1	0	11	3	78	0	123	4	2	10	5	
2026-04-15 03:50:00	57.30048	17.86014	12	0	14	0	0	0	0	0.005	13.2	5	1022	18	2	76	0.2	271	1000	119	2000	130	1	0	0	1	1	0	1	0	1	0	0	14	77	0	119	4	0	10	5	
2026-04-15 04:00:00	57.30219	17.86146	12	0	15	0	0	0	0	0.005	13.2	5	1022	18	1	32	0.3	23	1000	131	2000	140	1	0	0	0	1	1	0	0	1	0	86	0	13	0	131	-4	2	-10	5	
2026-04-15 04:10:00	57.30369	17.86341	12	0	16	0	0	0	0	0.005	13.2	5	1022	18	1	28	0.3	35	1100	142	2000	140	1	0	0	0	0	1	1	0	1	0	100	1	0	0	142	-4	0	-10	5	
2026-04-15 04:20:00	57.30534	17.86614	12	0	17	0	0	0	0	0.005	13.2	5	1022	18	1	28	0.4	41	1100	154	2000	140	1	0	1	0	0	0	1	0	1	0	100	0	0	0	154	-4	0	-10	5	
2026-04-15 04:30:00	57.30525	17.86383	12	0	18	0	0	0	0	0.005	13.2	5	1022	18	1	30	0.2	265	1200	148	2000	145	1	0	1	1	0	0	0	0	1	0	11	1	87	0	148	4	2	10	5	
2026-04-15 04:40:00	57.30513	17.86131	12	0	19	0	0	0	0	0.005	13.2	5	1022	18	1	30	0.3	265	1300	142	2000	145	1	0	0	1	1	0	0	0	1	0	0	5	95	0	142	4	0	10	5	
2026-04-15 04:50:00	57.3063	17.86344	12	0	20	0	0	0	0	0.005	13.2	5	1022	18	1	31	0.3	44	1300	150	2000	155	1	0	0	0	1	1	0	0	1	0	85	0	14	0	150	-4	2	-10	5	
2026-04-15 05:00:00	57.30708	17.8653	12	0	21	0	0	0	0	0.005	13.3	5	1022	18	1	29	0.2	52	1300	156	2000	155	1	0	0	0	0	1	1	0	1	0	100	1	0	0	156	-4	0	-10	5	
2026-04-15 05:10:00	57.3084	17.86644	12	0	22	0	0	0	0	0.005	13.3	5	1022	18	1	26	0.3	26	-1400	161	2000	155	1	0	1	0	0	0	1	0	1	0	95	6	0	0	161	-4	0	-10	5	
2026-04-15 05:20:00	57.30813	17.86548	12	0	23	0	0	0	0	0.005	13.3	5	1022	18	1	28	0.1	244	1400	158	2000	125	1	0	1	1	0	0	0	0	1	0	17	3	78	0	158	4	2	10	5	
2026-04-15 05:30:00	57.30735	17.86407	12	0	24	0	0	0	0	0.005	13.3	5	1022	18	1	32	0.2	224	1400	153	2000	125	1	0	1	1	1	0	0	0	1	0	0	1	99	0	153	4	0	10	5	
2026-04-15 05:40:00	57.30681	17.86206	12	0	25	0	0	0	0	0.005	13.4	5	1022	18	1	31	0.2	243	1400	148	2000	125	1	0	1	1	1	1	0	0	1	0	0	3	97	0	148	4	0	10	5	
2026-04-15 05:50:00	57.30666	17.86008	12	0	26	0	0	0	0	0.005	13.4	5	1023	18	1	29	0.2	262	1400	143	2000	125	1	0	1	1	1	1	1	0	1	0	0	2	99	0	143	4	0	10	5	
2026-04-15 06:00:00	57.30696	17.85864	40	0	27	0	0	0	0	0.005	13.5	5	1022	18	1	28	0.1	291	1500	142	2000	125	1	0	0	1	1	1	1	0	1	0	0	15	86	0	142	4	0	10	5	
2026-04-15 06:10:00	57.3078	17.85861	11	0	28	0	0	0	0	0.005	13.6	5	1022	18	3	135	0.2	358	1600	144	2000	140	1	0	1	0	1	1	1	0	1	0	60	9	9	0	144	-4	2	-10	5	
2026-04-15 06:20:00	57.30828	17.85813	11	0	29	0	0	0	0	0.005	13.7	5	1023	18	1	36	0.1	331	1700	144	2000	120	1	0	1	1	0	1	1	0	1	0	22	30	46	0	144	4	3	10	5	
2026-04-15 06:40:00	57.30825	17.85669	12	0	1	0	0	0	0	0.005	13.9	5	1022	18	3	81	0.1	103	1700	142	2000	185	1	0	0	0	1	1	0	0	1	0	69	1	19	0	142	-4	2	-10	5	
2026-04-15 06:50:00	57.30795	17.85729	11	0	2	0	0	0	0	0.005	13.9	5	1022	17	2	58	0.1	133	1700	142	2000	185	1	0	0	0	0	1	1	0	1	0	93	2	0	0	142	-4	0	-10	5	
2026-04-15 07:00:00	57.30858	17.85732	11	0	3	0	0	0	0	0.005	13.8	5	1022	17	1	29	0.1	2	400	143	2000	185	1	0	0	0	0	0	1	0	1	0	67	27	7	0	143	-4	0	-10	5	
2026-04-15 07:10:00	57.30927	17.85726	12	0	4	0	0	0	0	0.005	13.8	5	1022	17	1	31	0.1	358	400	145	2000	185	1	0	0	0	0	0	0	0	1	0	24	15	61	0	145	-4	0	-10	5	
2026-04-15 07:20:00	57.30999	17.85804	12	0	5	0	0	0	0	0.005	13.8	5	1022	17	1	29	0.2	30	400	147	2000	185	1	0	0	0	0	0	0	0	1	0	93	8	0	0	147	-4	0	-10	5	
2026-04-15 07:30:00	57.31173	17.85801	12	0	6	0	0	0	0	0.005	13.8	5	1022	17	1	36	0.3	359	400	150	2000	185	1	0	1	0	0	0	0	0	1	0	99	0	0	0	150	-4	0	-10	5	
2026-04-15 07:40:00	57.3105	17.85786	12	0	7	0	0	0	0	0.005	13.8	5	1022	17	1	29	0.2	184	400	148	2000	90	1	0	1	1	0	0	0	0	1	0	14	1	85	0	148	4	2	10	5	
2026-04-15 07:50:00	57.30933	17.85795	11	0	8	0	0	0	0	0.005	13.7	5	1022	17	1	30	0.2	177	400	146	2000	90	1	0	1	1	1	0	0	0	1	0	0	1	100	0	146	4	0	10	5	
2026-04-15 08:00:00	57.30843	17.85777	12	0	9	0	0	0	0	0.005	13.7	5	1022	17	1	27	0.2	186	1700	144	2000	90	1	0	1	1	1	1	0	0	1	0	0	2	99	0	144	4	0	10	5	
2026-04-15 08:10:00	57.30735	17.85789	11	0	10	0	0	0	0	0.005	13.7	5	1022	17	1	32	0.2	177	1600	141	2000	90	1	0	1	1	1	1	1	0	1	0	0	0	100	0	141	4	0	10	5	
2026-04-15 08:20:00	57.30573	17.85792	12	0	11	0	0	0	0	0.005	13.7	5	1022	17	1	26	0.3	179	1500	137	2000	90	1	0	1	1	1	1	1	0	1	0	0	0	100	0	137	4	0	10	5	
2026-04-15 08:30:00	57.30432	17.85744	11	0	12	0	0	0	0	0.005	13.7	5	1022	17	1	33	0.3	190	1400	131	2000	90	1	0	1	1	1	1	1	0	1	0	0	0	100	0	131	4	0	10	5	
2026-04-15 08:40:00	57.30267	17.85804	12	0	13	0	0	0	0	0.005	13.7	5	1022	17	1	27	0.3	169	1200	126	2000	90	1	0	1	1	1	1	1	0	1	0	0	0	100	0	126	4	0	10	5	
2026-04-15 08:50:00	57.30108	17.86005	17	0	14	0	0	0	0	0.005	13.7	5	1022	17	1	32	0.4	146	1000	122	2000	90	1	0	1	1	1	1	1	0	1	0	0	0	100	0	122	4	0	10	5	
2026-04-15 09:00:00	57.29988	17.86143	41	0	15	0	0	0	0	0.005	13.6	5	1022	17	1	37	0.3	148	900	118	2000	90	1	0	1	1	1	1	1	0	1	0	0	0	99	0	118	4	0	10	5	
2026-04-15 09:10:01	57.30177	17.86404	2	0	16	0	0	4	0	0.971	13.1	6	1022	17	1	64	0.5	37	0	106	100	90	1	0	0	6	1	1	1	0	1	0	2	40	11	0	105	0		0	5	
2026-04-15 09:19:58	57.30054	17.86989	3	0	17	0	0	0	0	0.984	13.1	7	1022	17	1	21	0.6	111	0	104	100	90	1	0	0	6	6	1	1	0	1	0	0	1	57	0	84	0		0	5	
2026-04-15 09:29:55	57.29994	17.87535	2	0	18	0	0	0	0	1.013	13	7	1022	17	1	21	0.6	101	0	105	100	90	1	0	0	6	6	6	1	0	1	0	0	21	37	0	99	0		0	5	
2026-04-15 09:40:01	57.29919	17.88003	3	0	19	0	0	0	0	1.047	13.1	7	1022	16	1	21	0.5	106	0	104	100	90	1	0	0	6	6	6	6	0	1	0	0	26	33	0	97	0		0	5	
2026-04-15 09:49:53	57.2988	17.88459	2	0	20	0	0	0	0	1.061	13.1	8	1022	16	1	17	0.5	99	0	109	100	90	1	0	1	6	6	6	6	0	1	0	0	56	2	0	116	0		0	5	
2026-04-15 09:59:56	57.29772	17.88921	1	0	21	0	0	0	0	1.053	13.1	8	1022	16	1	16	0.5	114	100	81	100	90	1	0	0	6	6	6	6	1	1	0	0	11	48	0	81	0		0	5	
2026-04-15 10:10:02	57.29865	17.88948	2	0	22	0	0	0	0	1.054	13.1	8	1022	16	1	18	0.2	8	-100	158	100	90	1	0	1	6	6	6	6	1	1	0	30	11	18	0	159	0		0	5	
2026-04-15 10:20:00	57.29739	17.88981	2	0	23	0	0	3	0	0.005	13.1	8	1022	16	1	18	0.2	172	-300	252	100	90	1	0	3	1	6	6	6	0	0	0	12	0	86	0	297	4	2	10	5	
2026-04-15 10:30:00	57.29724	17.88474	11	0	24	0	0	0	0	0.005	13.1	7	1022	16	3	57	0.5	267	-100	244	100	90	1	0	0	3	1	6	6	0	0	0	81	0	13	0	319	-1	2	-10	5	
2026-04-15 10:40:00	57.2991	17.88117	13	0	25	0	0	0	0	0.005	13.2	7	1022	17	1	29	0.5	314	200	212	100	90	1	0	1	0	3	1	6	0	0	0	100	0	0	0	139	-4	1	-10	5	
2026-04-15 10:50:00	57.29781	17.88039	11	0	26	0	0	0	0	0.005	13.2	6	1022	17	1	31	0.3	198	100	217	100	65	1	0	1	1	0	3	1	0	1	0	12	0	87	0	176	4	2	10	5	
2026-04-15 11:00:00	57.29628	17.87877	11	0	27	0	0	0	0	0.005	13.2	6	1022	17	1	29	0.3	210	0	225	100	65	1	0	1	1	1	0	3	1	1	0	0	7	94	0	221	4	0	10	5	
2026-04-15 11:10:00	57.29529	17.87682	11	0	28	0	0	0	0	0.005	13.2	6	1022	17	1	29	0.3	227	0	212	100	65	1	0	1	1	1	1	0	1	1	0	0	14	87	0	212	4	0	10	5	
2026-04-15 11:20:00	57.29517	17.8749	12	0	29	0	0	0	0	0.005	13.2	6	1022	17	1	31	0.2	264	100	94	100	65	1	0	1	1	1	1	1	1	1	0	40	16	44	0	94	4	0	10	5	
2026-04-15 11:30:00	57.29559	17.87079	11	0	0	0	0	0	0	0.005	13.2	6	1022	17	1	31	0.4	281	400	99	100	65	1	0	1	1	1	1	1	0	0	0	29	2	69	0	99	4	0	10	5	
2026-04-15 11:40:00	57.29484	17.86734	11	0	1	0	0	0	0	0.005	13.2	6	1022	17	1	28	0.4	248	600	87	100	65	1	0	0	1	1	1	1	0	0	0	0	3	98	0	87	4	0	10	5	
2026-04-15 11:50:00	57.29595	17.86677	11	0	2	0	0	0	0	0.005	13.2	6	1022	17	1	32	0.2	344	600	99	100	130	1	0	0	0	1	1	1	0	0	0	84	1	14	0	99	-4	2	-10	5	
2026-04-15 12:00:00	57.29724	17.86773	11	0	3	0	0	0	0	0.005	13.2	6	1022	17	1	32	0.3	22	600	114	100	130	1	0	0	0	0	1	1	0	0	0	100	0	0	0	114	-4	0	-10	5	
2026-04-15 12:10:00	57.29835	17.86857	11	0	4	0	0	0	0	0.005	13.2	6	1022	17	1	28	0.2	21	600	127	100	130	1	0	0	0	0	0	1	0	0	0	100	0	0	0	127	-4	0	-10	5	
2026-04-15 12:20:00	57.29943	17.86893	11	0	5	0	0	0	0	0.005	13.2	6	1022	17	1	26	0.2	10	700	136	100	130	1	0	0	0	0	0	0	0	0	0	100	0	0	0	136	-4	0	-10	5	
2026-04-15 12:30:00	57.2994	17.86974	12	0	6	0	0	0	0	0.005	13.2	6	1022	17	1	31	0.1	97	600	139	100	130	1	0	0	0	0	0	0	0	0	0	100	0	0	0	139	-4	0	-10	5	
2026-04-15 12:40:00	57.29871	17.8695	11	0	7	0	0	0	0	0.005	13.2	6	1022	17	1	32	0.1	190	600	133	100	130	1	0	3	0	0	0	0	0	0	0	100	0	0	0	133	-4	0	-10	5	
2026-04-15 12:50:00	57.29991	17.87235	12	0	8	0	0	0	0	0.005	13.2	6	1022	17	1	27	0.4	52	600	154	100	130	1	0	1	3	0	0	0	0	0	0	100	0	0	0	139	-1	1	-10	5	
2026-04-15 13:00:00	57.30162	17.86731	12	0	9	0	0	0	0	0.005	13.2	6	1022	17	1	27	0.6	302	900	142	100	130	1	0	0	1	3	0	0	0	0	0	5	0	95	0	139	4	2	10	5	
2026-04-15 13:10:00	57.30132	17.86806	13	0	10	0	0	0	0	0.005	13.2	6	1022	17	1	29	0.1	128	900	143	100	215	1	0	0	0	1	3	0	0	0	0	89	0	11	0	139	-4	2	-10	5	
2026-04-15 13:20:00	57.3009	17.86809	41	0	11	0	0	0	0	0.005	13.2	6	1022	17	1	28	0.1	178	800	142	100	215	1	0	0	0	0	1	3	0	0	0	100	0	0	0	139	-4	0	-10	5	
2026-04-15 13:30:00	57.3009	17.86788	11	0	12	0	0	0	0	0.005	13.2	6	1022	17	1	58	0	266	800	141	100	215	1	0	0	0	0	0	1	0	0	0	95	0	0	0	139	-4	0	-10	5	
2026-04-15 13:40:00	57.30144	17.86716	11	0	13	0	0	0	0	0.005	13.2	6	1022	17	2	49	0.1	325	900	141	100	215	1	0	0	0	0	0	0	0	0	0	95	2	0	0	139	-4	0	-10	5	
2026-04-15 13:50:00	57.30261	17.86608	11	0	14	0	0	0	0	0.005	13.2	6	1022	17	1	30	0.2	334	1000	143	100	215	1	0	0	0	0	0	0	0	0	0	90	11	0	0	139	-4	0	-10	5	
2026-04-15 14:00:00	57.30408	17.86527	12	0	15	0	0	0	0	0.005	13.2	6	1022	17	1	26	0.3	343	1200	146	100	215	1	0	3	0	0	0	0	0	0	0	96	5	0	0	139	-4	0	-10	5	
2026-04-15 14:10:00	57.30552	17.86437	11	0	16	0	0	0	0	0.005	13.2	6	1022	17	1	31	0.3	341	1400	148	100	215	1	0	2	3	0	0	0	0	0	0	63	25	11	0	139	-1	2	-10	5	
2026-04-15 14:20:00	57.30603	17.86308	11	0	17	0	0	0	0	0.005	13.2	6	1022	17	1	34	0.2	306	1500	146	100	105	1	0	1	2	3	0	0	0	0	0	47	3	47	0	139	1	4	10	5	
2026-04-15 14:30:00	57.3069	17.86182	12	0	18	0	0	0	0	0.005	13.2	6	1022	17	1	32	0.2	322	1600	146	100	105	1	0	1	1	2	3	0	0	0	0	34	4	61	0	139	4	3	10	5	
2026-04-15 14:40:00	57.30819	17.86047	11	0	19	0	0	0	0	0.005	13.2	6	1022	17	1	35	0.3	331	1700	146	100	105	1	0	0	1	1	2	3	0	0	0	12	47	40	0	139	4	0	10	5	
2026-04-15 14:50:00	57.3099	17.86026	12	0	20	0	0	0	0	0.005	13.2	6	1022	17	1	31	0.3	356	1900	149	100	145	1	0	0	0	1	1	2	0	0	0	86	3	10	0	139	-4	2	-10	5	
2026-04-15 15:00:00	57.31077	17.86068	12	0	21	0	0	0	0	0.005	13.2	6	1022	17	3	64	0.2	14	1900	151	100	145	1	0	0	0	0	1	1	0	0	0	94	0	0	0	139	-4	0	-10	5	
2026-04-15 15:10:00	57.31227	17.8608	12	0	22	0	0	2	0	0.005	13.2	6	1022	17	1	35	0.3	2	0	354	100	145	1	0	0	0	0	0	1	0	1	0	55	8	37	0	353	-4	0	-10	5	
2026-04-15 15:20:00	57.31329	17.86191	11	0	23	0	0	0	0	0.005	13.2	6	1022	17	1	34	0.2	31	100	352	100	145	1	0	1	0	0	0	0	0	1	0	100	0	0	0	301	-4	0	-10	5	
2026-04-15 15:30:00	57.31482	17.86002	12	0	24	0	0	0	0	0.005	13.2	6	1022	17	1	30	0.3	326	0	354	100	200	1	0	0	1	0	0	0	0	1	0	21	3	73	0	2	4	2	10	5	
2026-04-15 15:40:00	57.31665	17.86014	12	0	25	0	0	0	0	0.005	13.2	6	1022	17	1	34	0.3	2	0	354	100	165	1	0	0	0	1	0	0	0	1	0	83	1	15	0	346	-4	2	-10	5	
2026-04-15 15:50:00	57.31875	17.86203	12	0	26	0	0	0	0	0.005	13.2	6	1022	17	1	29	0.4	26	200	349	100	165	1	0	1	0	0	1	0	0	0	0	100	0	0	0	264	-4	0	-10	5	
2026-04-15 16:00:00	57.31905	17.8584	40	0	27	0	0	0	0	0.005	13.2	6	1022	17	1	33	0.4	279	-100	356	100	150	1	0	0	1	0	0	1	0	1	0	13	0	86	0	32	4	2	10	5	
2026-04-15 16:10:00	57.32094	17.86011	11	0	28	0	0	0	0	0.005	13.2	6	1022	17	1	64	0.4	26	100	352	100	150	1	0	1	0	1	0	0	0	1	0	81	0	12	0	315	-4	2	-10	5	
2026-04-15 16:20:00	57.32103	17.85759	11	0	29	0	0	0	0	0.005	13.2	5	1022	17	1	30	0.3	274	-100	357	100	140	1	0	0	1	0	1	0	0	1	0	14	0	85	0	53	4	2	10	5	
2026-04-15 16:30:00	57.32256	17.85957	12	0	0	0	0	0	0	0.005	13.2	5	1021	17	1	30	0.3	35	0	352	100	150	1	0	1	0	1	0	1	0	1	0	86	1	12	0	324	-4	2	-10	5	
2026-04-15 16:40:00	57.32232	17.85696	11	0	1	0	0	0	0	0.005	13.2	5	1021	17	1	29	0.3	261	-100	358	100	145	1	0	0	1	0	1	0	0	1	0	11	0	89	0	84	4	2	10	5	
2026-04-15 16:50:00	57.32358	17.85885	11	0	2	0	0	0	0	0.005	13.2	5	1021	17	1	40	0.3	39	0	353	100	150	1	0	0	0	1	0	1	0	1	0	83	0	14	0	344	-4	2	-10	5	
2026-04-15 17:00:00	57.32472	17.86119	11	0	3	0	0	0	0	0.005	13.2	5	1021	17	1	29	0.3	49	200	345	100	150	1	0	1	0	0	1	0	0	0	0	100	0	0	0	264	-4	0	-10	5	
2026-04-15 17:10:00	57.32517	17.85963	11	0	4	0	0	0	0	0.005	13.2	5	1022	17	2	55	0.2	298	100	350	100	160	1	0	1	1	0	0	1	0	1	0	18	1	75	0	297	4	2	10	5	
2026-04-15 17:20:00	57.32496	17.85798	12	0	5	0	0	0	0	0.005	13.2	5	1022	17	1	27	0.2	256	0	355	100	160	1	0	0	1	1	0	0	0	1	0	0	0	100	0	3	4	0	10	5	
2026-04-15 17:30:00	57.32679	17.85864	11	0	6	0	0	0	0	0.005	13.2	5	1022	17	1	27	0.3	11	0	351	100	120	1	0	1	0	1	1	0	0	1	0	83	1	16	0	328	-4	2	-10	5	
2026-04-15 17:40:00	57.32724	17.8572	12	0	7	0	0	0	0	0.005	13.2	5	1022	17	3	74	0.2	300	0	356	100	130	1	0	0	1	0	1	1	0	1	0	15	1	75	0	16	4	2	10	5	
2026-04-15 17:50:00	57.32886	17.85849	12	0	8	0	0	0	0	0.005	13.2	5	1022	17	1	36	0.3	23	100	349	100	140	1	0	1	0	1	0	1	0	1	0	83	1	14	0	318	-4	2	-10	5	
2026-04-15 18:00:00	57.32847	17.856	11	0	9	0	0	0	0	0.005	13.2	5	1021	17	1	29	0.3	253	-100	2	100	135	1	0	0	1	0	1	0	0	1	0	13	1	82	0	64	4	2	10	5	
2026-04-15 18:10:00	57.33033	17.85729	12	0	10	0	0	0	0	0.005	13.2	5	1022	17	1	29	0.4	21	0	353	100	130	1	0	0	0	1	0	1	0	1	0	88	0	12	0	351	-4	2	-10	5	
2026-04-15 18:30:00	57.33147	17.85819	11	0	12	0	0	0	0	0.005	13.2	5	1022	17	3	75	0.2	249	100	343	100	140	1	0	1	1	0	0	1	0	1	0	14	0	76	0	308	4	2	10	5	
2026-04-15 18:50:00	57.33168	17.85798	12	0	14	0	0	0	0	0.005	13.2	5	1022	17	3	76	0.3	21	100	344	100	115	1	0	0	0	1	1	0	0	1	0	77	0	13	0	315	-4	2	-10	5	
2026-04-15 19:00:00	57.33303	17.86044	12	0	15	0	0	0	0	0.005	13.2	5	1022	17	1	27	0.3	45	200	309	100	115	1	0	1	0	0	1	1	0	0	0	100	0	0	0	264	-4	0	-10	5	
2026-04-15 19:10:00	57.33234	17.85804	12	0	16	0	0	0	0	0.005	13.2	5	1022	17	1	31	0.3	242	100	340	100	140	1	0	1	1	0	0	1	0	1	0	11	0	88	0	308	4	2	10	5	
2026-04-15 19:20:00	57.33132	17.85552	12	0	17	0	0	0	0	0.005	13.2	5	1022	17	1	30	0.3	233	-100	7	100	140	1	0	0	1	1	0	0	0	1	0	0	0	100	0	56	4	0	10	5	
2026-04-15 19:30:00	57.33237	17.85819	41	0	18	0	0	0	0	0.005	13.2	5	1022	17	1	28	0.3	53	100	338	100	145	1	0	1	0	1	1	0	0	1	0	90	0	10	0	298	-4	2	-10	5	
2026-04-15 19:40:00	57.33201	17.85543	11	0	19	0	0	0	0	0.005	13.2	5	1022	17	1	60	0.3	256	-100	10	100	155	1	0	0	1	0	1	1	0	1	0	11	0	82	0	53	4	2	10	5	
2026-04-15 19:50:00	57.33315	17.85753	11	0	20	0	0	0	0	0.005	13.2	5	1022	17	1	32	0.3	45	100	339	100	150	1	0	1	0	1	0	1	0	1	0	88	0	11	0	322	-4	2	-10	5	
2026-04-15 20:00:00	57.33336	17.85462	11	0	21	0	0	0	0	0.005	13.2	5	1022	17	1	28	0.3	277	-100	32	100	160	1	0	0	1	0	1	0	0	0	0	12	0	88	0	84	4	2	10	5	
2026-04-15 20:10:00	57.33429	17.85678	11	0	22	0	0	0	0	0.005	13.2	5	1022	17	1	27	0.3	51	100	336	100	165	1	0	1	0	1	0	1	1	1	0	90	1	9	0	336	-4	2	-10	5	
2026-04-15 20:20:00	57.3342	17.85438	11	0	23	0	0	1	0	0.005	13.2	5	1022	17	1	29	0.2	266	-100	59	100	155	1	0	0	1	0	1	0	1	0	0	13	0	87	0	84	4	2	10	5	
2026-04-15 20:30:00	57.33555	17.85516	11	0	24	0	0	2	0	0.005	13.2	5	1022	17	1	28	0.3	17	-100	115	100	140	1	0	1	0	1	0	1	0	1	0	89	0	11	0	138	-4	2	-10	5	
2026-04-15 20:50:00	57.33606	17.85243	12	0	26	0	0	0	0	0.005	13.2	5	1022	17	3	91	0.2	338	-300	114	100	115	1	0	1	0	1	0	1	0	0	0	70	0	15	0	120	-4	2	-10	5	
2026-04-15 21:00:00	57.33657	17.85099	12	0	27	0	0	0	0	0.005	13.2	5	1022	17	1	30	0.2	302	-400	115	100	125	1	0	0	1	0	1	0	0	0	0	41	8	50	0	121	4	2	10	5	
2026-04-15 21:10:00	57.33717	17.85093	12	0	28	0	0	0	0	0.005	13.2	5	1022	17	2	48	0.1	358	-400	116	100	170	1	0	0	0	1	0	1	0	0	0	72	6	18	0	129	-4	2	-10	5	
2026-04-15 21:20:00	57.33741	17.84964	12	0	29	0	0	0	0	0.005	13.2	5	1022	17	1	31	0.1	288	-500	115	100	170	1	0	0	0	0	1	0	0	0	0	69	8	23	0	126	-4	0	-10	5	
2026-04-15 21:30:00	57.33816	17.84844	11	0	0	0	0	0	0	0.005	13.2	5	1022	17	2	54	0.2	320	-600	116	100	170	1	0	1	0	0	0	1	0	0	0	91	5	0	0	128	-4	0	-10	5	
2026-04-15 22:00:00	57.33618	17.85003	40	0	3	0	0	0	0	0.005	13.2	5	1022	17	3	77	0.2	166	400	114	100	70	1	0	1	1	1	1	0	0	0	0	0	0	91	0	112	4	0	10	5	
2026-04-15 22:10:00	57.3363	17.84877	12	0	4	0	0	0	0	0.005	13.2	5	1022	17	1	66	0.1	280	500	113	100	70	1	0	1	1	1	1	1	0	0	0	51	6	36	0	110	4	0	10	5	
2026-04-15 22:20:00	57.3357	17.84679	11	0	5	0	0	0	0	0.005	13.2	5	1022	17	2	50	0.2	241	600	112	100	70	1	0	0	1	1	1	1	0	0	0	0	0	97	0	100	4	0	10	5	
2026-04-15 22:30:00	57.33669	17.84592	11	0	6	0	0	0	0	0.005	13.2	5	1022	17	2	46	0.2	335	700	113	100	110	1	0	0	0	1	1	1	0	0	0	68	3	25	0	108	-4	2	-10	5	
2026-04-15 22:40:00	57.33759	17.84712	11	0	7	0	0	0	0	0.005	13.2	5	1022	17	3	60	0.2	36	-600	115	100	110	1	0	0	0	0	1	1	0	0	0	95	0	0	0	119	-4	0	-10	5	
2026-04-15 22:50:00	57.33825	17.84778	11	0	8	0	0	0	0	0.005	13.2	5	1022	17	2	44	0.1	28	-600	116	100	110	1	0	0	0	0	0	1	0	0	0	98	0	0	0	127	-4	0	-10	5	
2026-04-15 23:00:00	57.33864	17.8467	11	0	9	0	0	0	0	0.005	13.2	5	1022	17	2	44	0.1	303	-700	116	100	110	1	0	1	0	0	0	0	0	0	0	97	1	0	0	126	-4	0	-10	5	
2026-04-15 23:10:00	57.33876	17.84553	11	0	10	0	0	0	0	0.005	13.2	5	1021	17	1	31	0.1	282	-800	116	100	100	1	0	1	1	0	0	0	0	0	0	0	62	38	0	124	4	1	10	5	
2026-04-15 23:20:00	57.33876	17.84409	12	0	11	0	0	0	0	0.005	13.2	5	1021	17	1	31	0.1	270	-900	115	100	100	1	0	1	1	1	0	0	0	0	0	86	14	0	0	121	4	0	10	5	
2026-04-15 23:30:00	57.33888	17.84295	11	0	12	0	0	0	0	0.005	13.2	5	1022	17	1	27	0.1	281	-900	115	100	100	1	0	1	1	1	1	0	0	0	0	60	14	27	0	119	4	0	10	5	
2026-04-15 23:40:00	57.33843	17.84289	12	0	13	0	0	0	0	0.005	13.2	5	1022	17	1	30	0.1	186	-900	114	100	100	1	0	1	1	1	1	1	0	0	0	34	0	67	0	116	4	0	10	5	
2026-04-15 23:50:00	57.33876	17.84331	12	0	14	0	0	0	0	0.005	13.2	5	1022	17	1	28	0.1	33	-900	115	100	100	1	0	1	1	1	1	1	0	0	0	0	5	96	0	119	4	0	10	5	
2026-04-16 00:00:00	57.33924	17.84349	12	0	15	0	0	0	0	0.005	13.2	5	1022	18	1	33	0.1	12	-900	116	100	100	1	0	0	1	1	1	1	0	0	0	0	11	89	0	123	4	0	10	5	
2026-04-16 00:10:00	57.34104	17.84061	12	0	16	0	0	0	0	0.005	13.2	5	1022	18	1	29	0.4	319	-1200	117	100	40	1	0	2	0	1	1	1	0	0	0	88	0	12	0	126	-4	2	-10	5	
2026-04-16 00:20:00	57.33921	17.83833	12	0	17	0	0	0	0	0.005	13.2	5	1021	18	1	32	0.4	214	-1200	114	100	40	1	0	3	2	0	1	1	0	0	0	18	0	81	0	114	1	2	10	5	
2026-04-16 00:30:00	57.3396	17.83236	12	0	18	0	0	0	0	0.005	13.2	5	1021	18	1	25	0.6	277	1500	113	100	50	1	0	1	3	2	0	1	0	0	0	93	0	7	0	110	-1	2	-10	5	
2026-04-16 00:40:00	57.33858	17.83239	12	0	19	0	0	0	0	0.005	13.2	5	1021	17	1	32	0.2	179	1500	111	100	50	1	0	1	1	3	2	0	0	0	0	6	0	93	0	106	4	2	10	5	
2026-04-16 00:50:00	57.33762	17.83323	12	0	20	0	0	0	0	0.005	13.2	5	1021	17	1	33	0.2	155	1400	110	100	50	1	0	1	1	1	3	2	0	0	0	0	1	99	0	103	4	0	10	5	
2026-04-16 01:00:00	57.3369	17.83353	13	0	21	0	0	0	0	0.005	13.2	5	1021	17	1	37	0.1	168	1400	109	100	50	1	0	1	1	1	1	3	0	0	0	0	6	93	0	100	4	0	10	5	
2026-04-16 01:10:00	57.33561	17.83422	13	0	22	0	0	0	0	0.005	13.2	5	1021	18	1	31	0.2	164	1300	108	100	50	1	0	1	1	1	1	1	0	0	0	0	11	89	0	94	4	0	10	5	
2026-04-16 01:20:00	57.33435	17.83368	13	0	23	0	0	0	0	0.005	13.2	5	1021	18	2	49	0.2	193	1400	106	100	50	1	0	0	1	1	1	1	0	0	0	0	10	87	0	88	4	0	10	5	
2026-04-16 01:40:00	57.33456	17.83152	13	0	25	0	0	0	0	0.005	13.2	5	1021	18	3	79	0.1	216	1500	106	100	40	1	0	1	1	0	1	1	0	0	0	24	6	60	0	89	4	2	10	5	
2026-04-16 01:50:00	57.33423	17.83161	13	0	26	0	0	0	0	0.005	13.2	5	1021	18	1	34	0.1	174	1500	105	100	40	1	0	1	1	1	0	1	0	0	0	0	2	98	0	87	4	0	10	5	
2026-04-16 02:00:00	57.33381	17.83212	40	0	27	0	0	0	0	0.005	13.2	5	1021	18	2	50	0.1	145	1500	105	100	40	1	0	1	1	1	1	0	0	0	0	0	4	92	0	86	4	0	10	5	
2026-04-16 02:10:00	57.33336	17.83278	11	0	28	0	0	0	0	0.005	13.2	5	1022	18	1	60	0.1	142	1400	105	100	40	1	0	1	1	1	1	1	0	0	0	0	6	89	0	83	4	0	10	5	
2026-04-16 02:20:00	57.33246	17.83359	11	0	29	0	0	0	0	0.005	13.2	5	1021	18	1	28	0.2	155	1400	103	100	40	1	0	1	1	1	1	1	0	0	0	0	1	100	0	79	4	0	10	5	
2026-04-16 02:30:00	57.33159	17.83431	11	0	0	0	0	0	0	0.005	13.2	5	1021	18	1	28	0.2	156	1400	102	100	40	1	0	0	1	1	1	1	0	0	0	0	3	98	0	75	4	0	10	5	
2026-04-16 02:40:00	57.33288	17.83242	12	0	1	0	0	0	0	0.005	13.2	5	1021	18	1	30	0.3	322	1400	104	100	55	1	0	1	0	1	1	1	0	0	0	87	0	12	0	81	-4	2	-10	5	
2026-04-16 02:50:00	57.33231	17.83182	11	0	2	0	0	0	0	0.005	13.2	5	1022	18	2	55	0.1	209	1500	103	100	70	1	0	1	1	0	1	1	0	0	0	16	2	74	0	79	4	2	10	5	
2026-04-16 03:00:00	57.33177	17.83053	11	0	3	0	0	0	0	0.005	13.2	5	1022	18	1	35	0.2	233	1600	102	100	70	1	0	0	1	1	0	1	0	0	0	24	20	56	0	78	4	0	10	5	
2026-04-16 03:10:00	57.33141	17.82861	11	0	4	0	0	0	0	0.005	13.2	5	1021	18	1	28	0.2	250	1700	101	100	25	1	0	1	0	1	1	0	0	0	0	83	10	7	0	77	-4	2	-10	5	
2026-04-16 03:20:00	57.3321	17.82828	12	0	5	0	0	0	0	0.005	13.2	5	1021	18	1	27	0.1	345	1700	102	100	310	1	0	2	1	0	1	1	0	0	0	0	4	97	0	80	4	1	10	5	
2026-04-16 03:30:00	57.33285	17.82819	11	0	6	0	0	0	0	0.005	13.2	5	1021	17	1	30	0.1	357	1700	103	100	310	1	0	2	2	1	0	1	0	0	0	0	6	94	0	83	1	1	10	5	
2026-04-16 03:40:00	57.33231	17.83044	12	0	7	0	0	0	0	0.005	13.2	5	1021	17	1	25	0.2	114	1600	103	100	310	1	0	2	2	2	1	0	0	0	0	0	1	100	0	80	1	0	10	5	
2026-04-16 03:50:00	57.33195	17.83194	11	0	8	0	0	0	0	0.005	13.2	5	1021	18	1	29	0.2	114	1500	102	100	310	1	0	2	2	2	2	1	0	0	0	0	5	96	0	78	1	0	10	5	
2026-04-16 04:10:00	57.32964	17.8329	12	0	10	0	0	0	0	0.005	13.2	5	1021	18	3	86	0.3	180	1500	99	100	310	1	0	3	2	2	2	2	0	0	0	0	1	88	0	68	1	0	10	5	
2026-04-16 04:20:00	57.32781	17.82996	13	0	11	0	0	0	0	0.005	13.2	5	1021	18	1	31	0.4	221	1800	96	100	345	1	0	2	3	2	2	2	0	0	0	94	0	5	0	64	-1	2	-10	5	
2026-04-16 04:30:00	57.32691	17.83437	13	0	12	0	0	0	0	0.005	13.2	5	1021	18	1	29	0.5	111	1600	95	100	345	1	0	1	2	3	2	2	0	0	0	5	0	94	0	56	1	2	10	5	
2026-04-16 04:40:00	57.32832	17.83764	12	0	13	0	0	0	0	0.005	13.2	5	1021	18	1	33	0.4	51	1300	98	100	345	1	0	1	1	2	3	2	0	0	0	0	1	99	0	57	4	1	10	5	
2026-04-16 04:50:00	57.33003	17.84052	13	0	14	0	0	0	0	0.005	13.2	5	1021	18	1	29	0.4	42	1100	101	100	345	1	0	1	1	1	2	3	0	0	0	0	0	100	0	61	4	0	10	5	
2026-04-16 05:00:00	57.33144	17.84439	41	0	15	0	0	0	0	0.005	13.2	5	1021	18	1	31	0.4	56	800	104	100	345	1	0	1	1	1	1	2	0	0	0	0	0	100	0	62	4	0	10	5	
2026-04-16 05:10:00	57.33312	17.8476	11	0	16	0	0	0	0	0.005	13.2	5	1021	18	2	74	0.5	46	600	108	100	345	1	0	1	1	1	1	1	0	0	0	0	1	91	0	70	4	0	10	5	
2026-04-16 05:20:00	57.33519	17.85111	11	0	17	0	0	0	0	0.005	13.2	5	1021	18	2	45	0.5	42	300	112	100	345	1	0	2	1	1	1	1	0	0	0	0	1	97	0	97	4	0	10	5	
2026-04-16 05:30:00	57.33441	17.85672	11	0	18	0	0	0	0	0.005	13.2	5	1021	18	1	26	0.6	104	0	113	100	345	1	0	0	2	1	1	1	0	1	0	0	0	100	0	95	1	1	10	5	
2026-04-16 05:40:00	57.33492	17.85366	11	0	19	0	0	0	0	0.005	13.3	5	1021	18	1	27	0.3	287	200	113	100	345	1	0	1	0	2	1	1	0	0	0	95	1	4	0	93	-4	2	-10	5	
2026-04-16 05:50:00	57.33663	17.85702	11	0	20	0	0	0	0	0.005	13.3	5	1021	18	1	27	0.5	47	-200	118	100	340	1	0	0	1	0	2	1	0	0	0	7	2	91	0	192	4	2	10	5	
2026-04-16 06:00:00	57.33726	17.85507	11	0	21	0	0	0	0	0.005	13.3	5	1021	18	2	46	0.2	301	-300	118	100	340	1	0	0	0	1	0	2	0	0	0	86	1	9	0	165	-4	3	-10	5	
2026-04-16 06:10:00	57.33843	17.85246	11	0	22	0	0	0	0	0.005	13.3	5	1021	18	1	29	0.3	309	-500	118	100	340	1	0	2	0	0	1	0	0	0	0	100	0	0	0	150	-4	0	-10	5	
2026-04-16 06:20:00	57.33762	17.85705	11	0	23	0	0	0	0	0.005	13.4	5	1021	18	1	32	0.5	108	-300	119	100	340	1	0	3	2	0	0	1	0	0	0	10	0	89	0	188	1	2	10	5	
2026-04-16 06:30:00	57.33549	17.85657	11	0	24	0	0	0	0	0.005	13.4	5	1021	18	3	86	0.4	187	-100	115	100	335	1	0	0	3	2	0	0	0	1	0	83	0	5	0	162	-1	2	-10	5	
2026-04-16 06:50:00	57.33675	17.85789	11	0	26	0	0	0	0	0.005	13.3	5	1021	17	3	80	0.4	65	-200	118	100	350	1	0	0	1	0	3	2	0	0	0	9	0	76	0	204	4	2	10	5	
2026-04-16 07:00:00	57.33711	17.85585	12	0	27	0	0	0	0	0.005	13.4	5	1021	17	2	59	0.2	289	-300	118	100	350	1	0	0	0	1	0	3	0	0	0	86	0	8	0	174	-4	2	-10	5	
2026-04-16 07:10:00	57.33774	17.85288	12	0	28	0	0	0	0	0.005	13.4	5	1021	17	1	29	0.3	291	-400	117	100	350	1	0	2	0	0	1	0	0	0	0	100	0	0	0	147	-4	0	-10	5	
2026-04-16 07:20:00	57.33789	17.85909	12	0	29	0	0	0	0	0.005	13.4	5	1021	17	1	39	0.6	87	-400	121	100	350	1	0	3	2	0	0	1	0	0	0	8	0	89	0	204	1	2	10	5	
2026-04-16 07:30:00	57.33489	17.86035	13	0	0	0	0	0	0	0.005	13.4	5	1021	18	1	29	0.6	167	-100	116	100	310	1	0	0	3	2	0	0	0	1	0	93	0	6	0	204	-1	2	-10	5	
2026-04-16 07:40:00	57.33393	17.85771	12	0	1	0	0	0	0	0.005	13.4	5	1021	18	1	30	0.3	236	100	113	100	310	1	0	1	0	3	2	0	0	1	0	100	0	0	0	78	-4	1	-10	5	
2026-04-16 07:50:00	57.3357	17.86047	11	0	2	0	0	0	0	0.005	13.4	5	1021	18	1	33	0.4	40	-200	118	100	315	1	0	0	1	0	3	2	0	0	0	11	2	86	0	204	4	2	10	5	
2026-04-16 08:00:00	57.33543	17.85834	40	0	3	0	0	0	0	0.005	13.5	5	1021	18	1	27	0.2	257	-100	116	100	320	1	0	0	0	1	0	3	0	0	0	87	1	12	0	204	-4	2	-10	5	
2026-04-16 08:10:00	57.33525	17.85651	11	0	4	0	0	0	0	0.005	13.5	5	1021	18	1	56	0.2	260	0	115	100	320	1	0	0	0	0	1	0	0	1	0	95	0	0	0	142	-4	0	-10	5	
2026-04-16 08:20:00	57.33459	17.85456	11	0	5	0	0	0	0	0.005	13.8	5	1021	18	1	26	0.2	238	100	113	100	320	1	0	1	0	0	0	1	0	1	0	100	1	0	0	76	-4	0	-10	5	
2026-04-16 08:30:00	57.3363	17.85651	12	0	6	0	0	0	0	0.005	13.6	5	1021	18	1	27	0.4	32	-200	117	100	310	1	0	0	1	0	0	0	0	0	0	9	0	91	0	184	4	2	10	5	
2026-04-16 08:40:00	57.33579	17.85477	12	0	7	0	0	0	0	0.005	13.6	6	1021	18	1	29	0.2	241	-100	115	100	310	1	0	0	0	1	0	0	0	0	0	90	0	10	0	139	-4	2	-10	5	
2026-04-16 08:50:00	57.33519	17.85147	11	0	8	0	0	0	0	0.005	13.5	6	1021	17	1	28	0.3	252	300	113	100	310	1	0	2	0	0	1	0	0	0	0	100	0	0	0	98	-4	0	-10	5	
2026-04-16 09:00:00	57.33456	17.85885	11	0	9	0	0	0	0	0.005	13.5	6	1021	17	1	31	0.7	99	0	115	100	310	1	0	1	2	0	0	1	0	1	0	10	0	89	0	134	1	2	10	5	
2026-04-16 09:10:00	57.33633	17.86266	12	0	10	0	0	0	0	0.005	13.5	6	1021	17	1	26	0.5	49	-300	120	100	310	1	0	0	1	2	0	0	0	0	0	0	5	96	0	204	4	1	10	5	
2026-04-16 09:20:00	57.33597	17.86068	11	0	11	0	0	0	0	0.005	13.5	6	1021	17	1	30	0.2	252	-200	118	100	325	1	0	0	0	1	2	0	0	0	0	91	0	8	0	204	-4	2	-10	5	
2026-04-16 09:30:00	57.33528	17.85834	11	0	12	0	0	0	0	0.005	13.5	6	1021	17	1	30	0.3	241	-100	116	100	325	1	0	0	0	0	1	2	0	1	0	95	5	0	0	185	-4	0	-10	5	
2026-04-16 09:40:00	57.33474	17.85531	13	0	13	0	0	0	0	0.005	13.5	6	1021	17	1	31	0.3	251	100	113	100	325	1	0	1	0	0	0	1	0	1	0	99	1	0	0	93	-4	0	-10	5	
2026-04-16 09:50:00	57.33642	17.85771	12	0	14	0	0	0	0	0.005	13.5	6	1021	17	1	39	0.4	37	-200	117	100	320	1	0	0	1	0	0	0	0	0	0	9	0	89	0	204	4	2	10	5	
2026-04-16 10:00:00	57.33522	17.85534	12	0	15	0	0	0	0	0.005	13.4	6	1021	17	1	35	0.3	227	-100	114	100	310	1	0	0	0	1	0	0	0	1	0	89	0	9	0	124	-4	2	-10	5	
2026-04-16 10:20:00	57.33591	17.85495	13	0	17	0	0	0	0	0.005	13.4	6	1021	17	3	76	0.3	33	-100	115	100	315	1	0	0	1	0	0	1	0	0	0	10	1	77	0	145	4	2	10	5	
2026-04-16 10:30:00	57.33474	17.8533	13	0	18	0	0	0	0	0.005	13.4	6	1022	17	3	66	0.3	218	200	112	100	305	1	0	1	0	1	0	0	0	0	0	82	1	9	0	87	-4	2	-10	5	
2026-04-16 10:40:00	57.33663	17.85531	13	0	19	0	0	0	0	0.005	13.4	6	1021	17	1	34	0.4	30	-200	117	100	305	1	0	0	1	0	1	0	0	0	0	8	3	88	0	163	4	2	10	5	
2026-04-16 10:50:00	57.33534	17.85396	29	0	20	0	0	0	0	0.005	13.4	6	1021	17	2	49	0.3	209	200	114	100	300	1	0	0	0	1	0	1	0	0	0	83	3	9	0	112	-4	3	-10	5	
2026-04-16 11:00:00	57.33378	17.85261	13	0	21	0	0	0	0	0.005	13.4	6	1022	17	1	49	0.3	205	300	110	100	300	1	0	1	0	0	1	0	0	0	0	94	3	0	0	62	-4	0	-10	5	
2026-04-16 11:10:00	57.33531	17.85483	40	0	22	0	0	0	0	0.005	13.4	6	1021	17	1	30	0.3	38	-100	114	100	300	1	0	0	1	0	0	1	0	1	0	9	4	86	0	121	4	2	10	5	
2026-04-16 11:20:00	57.3345	17.853	12	0	23	0	0	0	0	0.005	13.4	6	1021	17	1	57	0.2	231	200	112	100	315	1	0	1	0	1	0	0	0	0	0	85	0	9	0	80	-4	2	-10	5	
2026-04-16 11:30:00	57.33603	17.85558	12	0	24	0	0	0	0	0.005	13.4	7	1021	17	1	27	0.4	42	-100	116	100	315	1	0	0	1	0	1	0	0	0	0	9	7	84	0	161	4	2	10	5	
2026-04-16 11:40:00	57.33507	17.85378	11	0	25	0	0	0	0	0.005	13.4	7	1021	17	1	34	0.3	226	200	113	100	315	1	0	1	0	1	0	1	0	0	0	90	1	8	0	100	-4	2	-10	5	
2026-04-16 11:50:00	57.33684	17.8554	11	0	26	0	0	0	0	0.005	13.6	7	1021	17	1	32	0.4	26	-200	117	100	305	1	0	0	1	0	1	0	0	0	0	10	3	86	0	166	4	2	10	5	
2026-04-16 12:00:00	57.33591	17.8533	11	0	27	0	0	0	0	0.005	13.6	7	1021	17	1	31	0.3	231	-200	115	100	305	1	0	0	0	1	0	1	0	0	0	90	0	9	0	124	-4	2	-10	5	
2026-04-16 12:10:00	57.33504	17.84994	12	0	28	0	0	0	0	0.005	13.6	7	1021	17	1	29	0.4	244	400	112	100	305	1	0	2	0	0	1	0	0	0	0	100	0	0	0	94	-4	0	-10	5	
2026-04-16 12:20:00	57.33447	17.85702	12	0	29	0	0	0	0	0.005	13.6	7	1021	17	1	31	0.7	99	0	114	100	305	1	0	1	2	0	0	1	0	1	0	10	0	89	0	102	1	2	10	5	
2026-04-16 12:30:00	57.33606	17.86008	11	0	0	0	0	0	0	0.005	13.5	7	1021	17	1	30	0.4	46	-200	118	100	305	1	0	0	1	2	0	0	0	0	0	0	2	98	0	204	4	1	10	5	
2026-04-16 12:40:00	57.33573	17.85666	12	0	1	0	0	0	0	0.005	13.5	7	1021	17	1	28	0.3	260	-100	116	100	330	1	0	0	0	1	2	0	0	1	0	92	0	7	0	191	-4	2	-10	5	
2026-04-16 12:50:00	57.33591	17.85219	13	0	2	0	0	0	0	0.005	13.5	7	1021	17	1	30	0.4	274	-300	114	100	330	1	0	1	0	0	1	2	0	0	0	100	0	0	0	116	-4	0	-10	5	
2026-04-16 13:00:00	57.33696	17.85723	12	0	3	0	0	0	0	0.005	13.5	7	1021	17	1	32	0.5	69	-200	118	100	350	1	0	0	1	0	0	1	0	0	0	8	0	91	0	193	4	2	10	5	
2026-04-16 13:10:00	57.3369	17.85468	12	0	4	0	0	0	0	0.005	13.5	7	1021	17	1	27	0.3	267	-200	117	100	345	1	0	0	0	1	0	0	0	0	0	92	0	8	0	157	-4	2	-10	5	
2026-04-16 13:20:00	57.3372	17.85084	41	0	5	0	0	0	0	0.005	13.5	7	1021	17	1	30	0.4	278	-400	116	100	345	1	0	2	0	0	1	0	0	0	0	100	0	0	0	128	-4	0	-10	5	
2026-04-16 13:30:00	57.33474	17.85528	11	0	6	0	0	0	0	0.005	13.5	7	1021	17	1	59	0.7	136	100	113	100	345	1	0	1	2	0	0	1	0	1	0	8	0	85	0	94	1	2	10	5	
2026-04-16 13:40:00	57.33534	17.85849	11	0	7	0	0	0	0	0.005	13.5	7	1021	17	1	30	0.3	71	-100	116	100	345	1	0	0	1	2	0	0	0	1	0	0	9	91	0	204	4	1	10	5	
2026-04-16 13:50:00	57.33501	17.85519	11	0	8	0	0	0	0	0.005	13.5	7	1021	17	1	26	0.3	260	100	114	100	345	1	0	1	0	1	2	0	0	1	0	91	1	8	0	108	-4	2	-10	5	
2026-04-16 14:00:00	57.3354	17.85738	11	0	9	0	0	0	0	0.005	13.4	7	1021	17	1	26	0.2	72	-100	115	100	345	1	0	1	1	0	1	2	0	1	0	11	0	89	0	170	4	2	10	5	
2026-04-16 14:10:00	57.33636	17.86101	11	0	10	0	0	0	0	0.005	13.4	7	1021	17	2	44	0.4	63	-300	119	100	345	1	0	0	1	1	0	1	0	0	0	0	2	96	0	204	4	0	10	5	
2026-04-16 14:20:00	57.33669	17.85792	11	0	11	0	0	0	0	0.005	13.4	7	1021	17	1	36	0.3	281	-200	118	100	350	1	0	0	0	1	1	0	0	0	0	89	0	9	0	204	-4	2	-10	5	
2026-04-16 14:30:00	57.33702	17.85453	11	0	12	0	0	0	0	0.005	13.4	7	1021	17	1	32	0.3	280	-300	117	100	350	1	0	1	0	0	1	1	0	0	0	100	0	0	0	156	-4	0	-10	5	
2026-04-16 14:40:00	57.33774	17.85726	12	0	13	0	0	0	0	0.005	13.4	7	1021	17	2	48	0.3	64	-300	120	100	355	1	0	3	1	0	0	1	0	0	0	8	2	86	0	190	4	2	10	5	
2026-04-16 14:50:00	57.33522	17.85402	12	0	14	0	0	0	0	0.005	13.4	7	1021	17	1	30	0.6	215	100	114	100	355	1	0	1	3	1	0	0	0	0	0	90	0	9	0	107	-1	2	-10	5	
2026-04-16 15:00:00	57.33594	17.85702	11	0	15	0	0	0	0	0.005	13.4	7	1021	17	1	30	0.3	66	-100	116	100	355	1	0	0	1	3	1	0	0	0	0	4	4	91	0	199	4	2	10	5	
2026-04-16 15:10:00	57.33585	17.85429	12	0	16	0	0	0	0	0.005	13.4	7	1021	17	1	26	0.3	267	-200	115	100	345	1	0	1	0	1	3	1	0	0	0	91	0	9	0	133	-4	2	-10	5	
2026-04-16 15:20:00	57.33663	17.85732	11	0	17	0	0	0	0	0.005	13.4	7	1021	17	2	47	0.3	65	-200	118	100	345	1	0	0	1	0	1	3	0	0	0	8	0	88	0	197	4	2	10	5	
2026-04-16 15:30:00	57.33684	17.85417	12	0	18	0	0	0	0	0.005	13.4	6	1021	17	1	29	0.3	277	-300	116	100	350	1	0	1	0	1	0	1	0	0	0	87	2	9	0	150	-4	2	-10	5	
2026-04-16 15:40:00	57.33768	17.85714	12	0	19	0	0	0	0	0.005	13.4	6	1021	17	1	26	0.3	62	-300	119	100	350	1	0	3	1	0	1	0	0	0	0	12	1	87	0	189	4	2	10	5	
2026-04-16 15:50:00	57.33474	17.85438	11	0	20	0	0	0	0	0.005	13.4	6	1021	17	1	28	0.6	207	100	113	100	350	1	0	1	3	1	0	1	0	0	0	92	0	8	0	84	-1	2	-10	5	
2026-04-16 16:00:00	57.33546	17.85708	40	0	21	0	0	0	0	0.005	13.8	6	1021	17	1	32	0.3	64	-100	115	100	350	1	0	1	1	3	1	0	0	1	0	5	1	93	0	169	4	2	10	5	
2026-04-16 16:10:00	57.33648	17.85966	11	0	22	0	0	0	0	0.005	13.7	6	1021	17	1	59	0.3	54	-200	119	100	350	1	0	0	1	1	3	1	0	0	0	0	5	90	0	204	4	0	10	5	
2026-04-16 16:20:00	57.33672	17.85711	12	0	23	0	0	0	0	0.005	13.7	6	1021	17	3	65	0.3	280	-200	118	100	345	1	0	0	0	1	1	3	0	0	0	83	0	9	0	193	-4	2	-10	5	
2026-04-16 16:30:00	57.33723	17.85342	12	0	24	0	0	0	0	0.005	13.6	6	1021	17	1	33	0.4	285	-300	117	100	345	1	0	2	0	0	1	1	0	0	0	100	0	0	0	147	-4	0	-10	5	
2026-04-16 16:40:00	57.33489	17.85672	11	0	25	0	0	0	0	0.005	13.6	6	1021	17	1	30	0.5	143	0	114	100	345	1	0	1	2	0	0	1	0	1	0	10	0	89	0	123	1	2	10	5	
2026-04-16 16:50:00	57.33528	17.85987	12	0	26	0	0	0	0	0.005	13.6	6	1021	17	1	33	0.3	77	-100	116	100	345	1	0	0	1	2	0	0	0	0	0	0	0	100	0	204	4	1	10	5	
2026-04-16 17:00:00	57.33555	17.8572	12	0	27	0	0	0	0	0.005	13.6	6	1021	17	1	25	0.3	280	-100	116	100	360	1	0	0	0	1	2	0	0	1	0	86	3	11	0	183	-4	2	-10	5	
2026-04-16 17:10:00	57.33576	17.85525	12	0	28	0	0	0	0	0.005	13.6	6	1021	17	1	30	0.2	282	-100	115	100	360	1	0	1	0	0	1	2	0	0	0	82	19	0	0	148	-4	0	-10	5	
2026-04-16 17:20:00	57.33597	17.85675	12	0	29	0	0	0	0	0.005	13.6	6	1021	17	1	29	0.2	75	-100	116	100	360	1	0	0	1	0	0	1	0	0	0	11	2	87	0	192	4	2	10	5	
2026-04-16 17:30:00	57.33615	17.85486	12	0	0	0	0	0	0	0.005	13.6	6	1021	17	1	27	0.2	279	-200	116	100	360	1	0	1	0	1	0	0	0	0	0	88	1	11	0	149	-4	2	-10	5	
2026-04-16 17:40:00	57.33648	17.85702	12	0	1	0	0	0	0	0.005	13.6	6	1021	17	1	29	0.2	73	-200	117	100	355	1	0	0	1	0	1	0	0	0	0	11	1	88	0	193	4	2	10	5	
2026-04-16 17:50:00	57.33714	17.85474	12	0	2	0	0	0	0	0.005	13.5	6	1021	17	1	28	0.3	298	-300	117	100	5	1	0	1	0	1	0	1	0	0	0	90	0	10	0	160	-4	2	-10	5	
2026-04-16 18:00:00	57.33765	17.85615	11	0	3	0	0	0	0	0.005	13.5	5	1021	17	1	29	0.2	57	-300	119	100	5	1	0	1	1	0	1	0	0	0	0	10	0	90	0	178	4	2	10	5	
2026-04-16 18:10:00	57.33873	17.8572	12	0	4	0	0	0	0	0.005	13.5	5	1021	17	1	29	0.2	27	-400	121	100	5	1	0	3	1	1	0	1	0	0	0	0	1	100	0	187	4	0	10	5	
2026-04-16 18:20:00	57.33672	17.85588	12	0	5	0	0	0	0	0.005	13.5	5	1021	17	1	30	0.4	199	-200	117	100	5	1	0	0	3	1	1	0	0	0	0	82	0	16	0	173	-1	2	-10	5	
2026-04-16 18:40:00	57.33723	17.85495	12	0	7	0	0	0	0	0.005	13.5	5	1021	18	3	89	0.3	83	-300	118	100	5	1	0	1	2	0	3	1	0	0	0	16	3	68	0	163	1	2	10	5	
2026-04-16 18:50:00	57.33897	17.85729	11	0	8	0	0	2	0	0.005	13.5	5	1021	18	1	28	0.4	36	100	340	100	5	1	0	0	1	2	0	3	0	0	0	0	0	100	0	251	4	1	10	5	
2026-04-16 19:00:00	57.33912	17.85588	13	0	9	0	0	0	0	0.005	13.5	5	1021	18	2	54	0.1	280	0	341	100	320	1	0	0	0	1	2	0	0	1	0	83	0	12	0	319	-4	2	-10	5	
2026-04-16 19:10:00	57.33927	17.85387	13	0	10	0	0	0	0	0.005	13.5	5	1021	18	1	30	0.2	279	-100	341	100	320	1	0	1	0	0	1	2	0	1	0	100	0	0	0	25	-4	0	-10	5	
2026-04-16 19:20:00	57.34095	17.85645	41	0	11	0	0	0	0	0.005	13.4	5	1022	18	1	30	0.4	40	100	340	100	330	1	0	0	1	0	0	1	0	0	0	11	0	88	0	251	4	2	10	5	
2026-04-16 19:30:00	57.34116	17.85465	12	0	12	0	0	0	0	0.005	13.4	5	1022	18	1	61	0.2	282	0	341	100	330	1	0	0	0	1	0	0	0	1	0	81	2	10	0	316	-4	2	-10	5	
2026-04-16 19:40:00	57.3408	17.85159	12	0	13	0	0	0	0	0.005	13.4	5	1022	18	2	52	0.3	258	-100	342	100	330	1	0	1	0	0	1	0	0	0	0	94	2	0	0	71	-4	0	-10	5	
2026-04-16 19:50:00	57.34218	17.85396	12	0	14	0	0	0	0	0.005	13.4	5	1022	18	1	30	0.3	43	0	341	100	330	1	0	0	1	0	0	1	0	1	0	8	0	91	0	318	4	2	10	5	
2026-04-16 20:00:00	57.34245	17.85087	13	0	15	0	0	0	0	0.005	13.4	5	1022	18	1	31	0.3	280	-100	342	100	340	1	0	1	0	1	0	0	0	0	0	89	0	10	0	71	-4	2	-10	5	
2026-04-16 20:10:00	57.34368	17.85291	13	0	16	0	0	0	0	0.005	13.4	5	1022	18	1	39	0.3	42	0	341	100	340	1	0	0	1	0	1	0	0	1	0	12	0	86	0	320	4	2	10	5	
2026-04-16 20:20:00	57.34383	17.8506	13	0	17	0	0	0	0	0.005	13.4	5	1022	18	1	26	0.2	277	-100	342	100	335	1	0	1	0	1	0	1	0	1	0	86	0	14	0	46	-4	2	-10	5	
2026-04-16 20:30:00	57.34518	17.85228	12	0	18	0	0	0	0	0.005	13.4	5	1022	18	1	31	0.3	34	100	341	100	330	1	0	0	1	0	1	0	0	1	0	14	0	85	0	308	4	2	10	5	
2026-04-16 20:40:00	57.34548	17.85027	41	0	19	0	0	0	0	0.005	13.4	5	1022	18	2	45	0.2	285	0	341	100	330	1	0	1	0	1	0	1	0	1	0	86	0	10	0	11	-4	2	-10	5	
2026-04-16 20:50:00	57.34704	17.85234	11	0	20	0	0	0	0	0.005	13.4	5	1022	18	1	60	0.4	36	100	340	100	330	1	0	0	1	0	1	0	0	0	0	12	0	81	0	251	4	2	10	5	
2026-04-16 21:00:00	57.3471	17.85039	11	0	21	0	0	0	0	0.005	13.4	5	1022	18	1	30	0.2	275	0	341	100	325	1	0	0	0	1	0	1	0	1	0	86	1	9	0	332	-4	3	-10	5	
2026-04-16 21:10:00	57.34764	17.84838	11	0	22	0	0	0	0	0.005	13.4	5	1022	18	1	32	0.2	296	-100	342	100	325	1	0	1	0	0	1	0	0	1	0	100	0	0	0	32	-4	0	-10	5	
2026-04-16 21:20:00	57.34899	17.85123	11	0	23	0	0	0	0	0.005	13.4	5	1022	18	1	28	0.4	49	100	340	100	345	1	0	0	1	0	0	1	0	0	0	10	7	83	0	251	4	2	10	5	
2026-04-16 21:30:00	57.34935	17.84874	12	0	24	0	0	0	0	0.005	13.4	5	1022	18	1	28	0.3	285	0	341	100	340	1	0	0	0	1	0	0	0	1	0	90	0	10	0	338	-4	2	-10	5	
2026-04-16 21:40:00	57.35028	17.84574	12	0	25	0	0	0	0	0.005	13.4	5	1022	18	2	50	0.3	300	-100	342	100	340	1	0	1	0	0	1	0	0	0	0	97	0	0	0	71	-4	0	-10	5	
2026-04-16 21:50:00	57.3513	17.84943	12	0	26	0	0	0	0	0.005	13.4	5	1022	18	1	36	0.4	63	100	340	100	360	1	0	0	1	0	0	1	0	0	0	9	2	87	0	251	4	2	10	5	
2026-04-16 22:00:00	57.35208	17.84751	11	0	27	0	0	0	0	0.005	13.3	5	1022	18	1	26	0.2	308	0	341	100	355	1	0	0	0	1	0	0	0	1	0	90	1	9	0	321	-4	2	-10	5	
2026-04-16 22:10:00	57.35274	17.84595	12	0	28	0	0	0	0	0.005	13.3	5	1022	18	2	56	0.2	307	0	341	100	355	1	0	0	0	0	1	0	0	1	0	93	2	0	0	359	-4	0	-10	5	
2026-04-16 22:20:00	57.35304	17.84448	12	0	29	0	0	0	0	0.005	13.3	5	1022	18	2	58	0.2	292	-100	342	100	355	1	0	1	0	0	0	1	0	1	0	93	2	0	0	71	-4	0	-10	5	
2026-04-16 22:30:00	57.35421	17.84643	12	0	0	0	0	0	0	0.005	13.3	5	1022	18	2	65	0.3	43	100	340	100	335	1	0	0	1	0	0	0	0	1	0	11	2	79	0	311	4	2	10	5	
2026-04-16 22:40:00	57.35409	17.84478	12	0	1	0	0	0	0	0.005	13.3	5	1022	18	1	29	0.2	263	0	341	100	325	1	0	1	0	1	0	0	0	1	0	87	0	13	0	10	-4	2	-10	5	
2026-04-16 22:50:00	57.35559	17.84745	12	0	2	0	0	0	0	0.005	13.3	5	1022	18	1	29	0.4	44	200	339	100	325	1	0	0	1	0	1	0	0	0	0	11	1	88	0	251	4	2	10	5	
2026-04-16 23:00:00	57.35502	17.84574	12	0	3	0	0	0	0	0.005	13.3	5	1022	18	1	32	0.2	239	0	341	100	320	1	0	0	0	1	0	1	0	1	0	87	0	12	0	317	-4	2	-10	5	
2026-04-16 23:20:00	57.35631	17.84571	41	0	5	0	0	0	0	0.005	13.3	5	1022	18	3	88	0.4	34	100	340	100	320	1	0	0	1	0	0	1	0	1	0	9	0	79	0	282	4	2	10	5	
2026-04-16 23:30:00	57.35607	17.84481	12	0	6	0	0	0	0	0.005	13.3	5	1022	18	2	112	0.1	242	0	341	100	310	1	0	0	0	1	0	0	0	1	0	73	1	9	0	326	-4	2	-10	5	
2026-04-16 23:40:00	57.35577	17.84271	12	0	7	0	0	0	0	0.005	13.3	5	1022	18	1	33	0.2	256	-100	342	100	310	1	0	1	0	0	1	0	0	1	0	100	0	0	0	71	-4	0	-10	5	
2026-04-16 23:50:00	57.35748	17.84565	12	0	8	0	0	0	0	0.005	13.3	5	1022	18	2	46	0.4	43	100	340	100	325	1	0	0	1	0	0	1	0	0	0	9	0	87	0	251	4	2	10	5	
2026-04-17 00:00:00	57.35712	17.8434	13	0	9	0	0	0	0	0.005	13.3	5	1022	18	1	29	0.2	252	0	341	100	325	1	0	0	0	1	0	0	0	1	0	89	0	8	0	351	-4	2	-10	5	
2026-04-17 00:10:00	57.3573	17.84112	13	0	10	0	0	0	0	0.005	13.3	5	1022	18	1	29	0.2	279	-100	342	100	325	1	0	1	0	0	1	0	0	0	0	100	0	0	0	71	-4	0	-10	5	
2026-04-17 00:20:00	57.35832	17.84484	12	0	11	0	0	0	0	0.005	13.3	5	1022	18	1	29	0.4	63	100	340	100	345	1	0	0	1	0	0	1	0	1	0	10	2	88	0	251	4	2	10	5	
2026-04-17 00:30:00	57.35829	17.84361	12	0	12	0	0	0	0	0.005	13.3	5	1022	18	1	30	0.1	268	0	341	100	340	1	0	0	0	1	0	0	0	1	0	87	2	10	0	319	-4	2	-10	5	
2026-04-17 00:40:00	57.35877	17.8419	12	0	13	0	0	0	0	0.005	13.3	5	1022	17	1	32	0.2	297	0	341	100	340	1	0	0	0	0	1	0	0	1	0	100	0	0	0	5	-4	0	-10	5	
2026-04-17 00:50:00	57.35913	17.84079	12	0	14	0	0	0	0	0.005	13.3	5	1022	18	1	26	0.1	303	-100	342	100	340	1	0	0	0	0	0	1	0	1	0	100	0	0	0	46	-4	0	-10	5	
2026-04-17 01:00:00	57.35964	17.83959	41	0	15	0	0	0	0	0.005	13.2	5	1022	18	1	27	0.1	308	-100	342	100	340	1	0	1	0	0	0	0	0	0	0	100	0	0	0	71	-4	0	-10	5	
2026-04-17 01:10:00	57.36024	17.84274	11	0	16	0	0	0	0	0.005	13.2	5	1022	18	3	121	0.4	70	100	340	100	355	1	0	0	1	0	0	0	0	1	0	13	3	65	0	304	4	2	10	5	
2026-04-17 01:20:00	57.36024	17.84226	12	0	17	0	0	0	0	0.005	13.2	5	1022	18	2	50	0	266	0	341	100	340	1	0	0	0	1	0	0	0	1	0	82	3	10	0	322	-4	2	-10	5	
2026-04-17 01:30:00	57.35994	17.84106	11	0	18	0	0	0	0	0.005	13.2	5	1022	18	1	28	0.1	246	0	341	100	340	1	0	0	0	0	1	0	0	1	0	95	6	0	0	9	-4	0	-10	5	
2026-04-17 01:40:00	57.35982	17.83992	12	0	19	0	0	0	0	0.005	13.2	5	1022	18	1	36	0.1	258	-100	342	100	340	1	0	1	0	0	0	1	0	0	0	98	1	0	0	71	-4	0	-10	5	
2026-04-17 01:50:00	57.36111	17.84247	12	0	20	0	0	0	0	0.005	13.2	5	1022	18	2	51	0.4	46	100	340	100	325	1	0	0	1	0	0	0	0	1	0	11	1	83	0	292	4	2	10	5	
2026-04-17 02:00:00	57.36093	17.84163	11	0	21	0	0	0	0	0.005	13.2	5	1022	18	3	88	0.1	249	0	341	100	320	1	0	0	0	1	0	0	0	1	0	79	0	9	0	328	-4	2	-10	5	
2026-04-17 02:20:00	57.36189	17.84196	13	0	23	0	0	0	0	0.005	13.2	5	1022	18	0	106	0.3	43	100	340	100	325	1	0	0	1	0	0	1	0	1	0	11	1	72	0	292	4	2	10	5	
2026-04-17 02:30:00	57.36153	17.84085	12	0	24	0	0	0	0	0.005	13.2	5	1022	18	3	79	0.1	238	0	341	100	320	1	0	0	0	1	0	0	0	1	0	79	0	11	0	341	-4	2	-10	5	
2026-04-17 02:40:00	57.36111	17.83818	12	0	25	0	0	0	0	0.005	13.2	5	1022	18	2	47	0.3	254	-200	343	100	320	1	0	1	0	0	1	0	0	0	0	97	0	0	0	71	-4	0	-10	5	
2026-04-17 02:50:00	57.36225	17.84028	13	0	26	0	0	0	0	0.005	13.2	5	1022	18	2	47	0.3	45	0	341	100	330	1	0	1	1	0	0	1	0	1	0	11	1	84	0	344	4	2	10	5	
2026-04-17 03:00:00	57.36387	17.84274	13	0	27	0	0	0	0	0.005	13.2	5	1022	18	2	46	0.4	39	200	339	100	330	1	0	0	1	1	0	0	0	0	0	0	2	95	0	251	4	0	10	5	
2026-04-17 03:10:00	57.36351	17.84019	13	0	28	0	0	0	0	0.005	13.2	5	1022	18	1	28	0.3	256	0	341	100	325	1	0	0	0	1	1	0	0	1	0	90	1	9	0	321	-4	2	-10	5	
2026-04-17 03:20:00	57.36345	17.83731	13	0	29	0	0	0	0	0.005	13.2	5	1022	18	1	39	0.3	268	-100	342	100	325	1	0	1	0	0	1	1	0	0	0	99	0	0	0	71	-4	0	-10	5	
2026-04-17 03:30:00	57.3648	17.8407	13	0	0	0	0	0	0	0.005	13.2	5	1022	18	1	30	0.4	54	100	340	100	335	1	0	0	1	0	0	1	0	1	0	7	8	84	0	251	4	2	10	5	
2026-04-17 03:40:00	57.36459	17.83854	14	0	1	0	0	0	0	0.005	13.2	5	1022	18	1	31	0.2	260	0	341	100	335	1	0	0	0	1	0	0	0	1	0	91	0	7	0	353	-4	2	-10	5	
2026-04-17 03:50:00	57.36414	17.83572	14	0	2	0	0	0	0	0.005	13.2	5	1022	18	1	32	0.3	253	-200	343	100	335	1	0	1	0	0	1	0	0	0	0	99	1	0	0	71	-4	0	-10	5	
2026-04-17 04:00:00	57.3654	17.83845	40	0	3	0	0	0	0	0.005	13.2	5	1022	18	1	33	0.3	49	0	341	100	330	1	0	0	1	0	0	1	0	1	0	11	1	87	0	339	4	2	10	5	
2026-04-17 04:10:00	57.36492	17.83626	11	0	4	0	0	0	0	0.005	13.2	5	1022	18	1	57	0.2	247	-100	343	100	325	1	0	1	0	1	0	0	0	0	0	84	1	9	0	71	-4	2	-10	5	
2026-04-17 04:20:00	57.36618	17.83914	13	0	5	0	0	0	0	0.005	13.3	5	1022	18	1	27	0.4	51	100	340	100	330	1	0	0	1	0	1	0	0	1	0	9	0	91	0	296	4	2	10	5	
2026-04-17 04:30:00	57.36588	17.83629	12	0	6	0	0	0	0	0.005	13.3	5	1022	18	1	31	0.3	259	-100	342	100	335	1	0	1	0	1	0	1	0	1	0	88	0	11	0	71	-4	2	-10	5	
2026-04-17 04:40:00	57.36705	17.83932	12	0	7	0	0	0	0	0.005	13.3	5	1022	18	1	32	0.4	54	100	340	100	335	1	0	0	1	0	1	0	0	0	0	7	1	91	0	251	4	2	10	5	
2026-04-17 04:50:00	57.36675	17.83662	12	0	8	0	0	0	0	0.005	13.4	5	1023	18	1	29	0.3	258	-100	342	100	335	1	0	1	0	1	0	1	0	1	0	90	0	10	0	11	-4	2	-10	5	
2026-04-17 05:00:00	57.36774	17.83902	13	0	9	0	0	0	0	0.005	13.5	5	1023	18	2	48	0.3	53	100	339	100	335	1	0	0	1	0	1	0	0	0	0	11	1	84	0	251	4	2	10	5	
2026-04-17 05:10:00	57.36741	17.83605	13	0	10	0	0	0	0	0.005	13.7	5	1023	18	1	31	0.3	259	-100	342	100	335	1	0	1	0	1	0	1	0	1	0	91	0	8	0	17	-4	2	-10	5	
2026-04-17 05:30:00	57.36843	17.83689	12	0	12	0	0	0	0	0.005	13.8	5	1023	18	3	81	0.2	259	0	341	100	335	1	0	0	0	1	0	1	0	1	0	78	2	9	0	326	-4	2	-10	5	
2026-04-17 05:40:00	57.36837	17.83368	12	0	13	0	0	0	0	0.005	13.7	5	1023	18	3	66	0.3	268	-200	343	100	335	1	0	1	0	0	1	0	0	0	0	93	0	0	0	71	-4	0	-10	5	
2026-04-17 05:50:00	57.36942	17.83689	14	0	14	0	0	0	0	0.005	13.7	5	1023	18	3	67	0.4	59	100	340	100	345	1	0	0	1	0	0	1	0	1	0	6	0	86	0	303	4	2	10	5	
2026-04-17 06:00:00	57.36936	17.83494	41	0	15	0	0	0	0	0.005	13.6	5	1023	18	3	76	0.2	268	-100	342	100	340	1	0	0	0	1	0	0	0	1	0	81	0	9	0	11	-4	2	-10	5	
2026-04-17 06:10:00	57.36957	17.832	12	0	16	0	0	0	0	0.005	13.6	5	1023	18	2	86	0.3	277	-200	344	100	340	1	0	1	0	0	1	0	0	0	0	89	0	0	0	71	-4	0	-10	5	
2026-04-17 06:20:00	57.37032	17.83488	12	0	17	0	0	0	0	0.005	13.6	6	1023	18	1	31	0.3	64	0	341	100	350	1	0	0	1	0	0	1	0	1	0	11	8	78	0	352	4	2	10	5	
2026-04-17 06:30:00	57.37041	17.83125	12	0	18	0	0	0	0	0.005	13.6	6	1023	17	1	32	0.4	273	-200	344	100	350	1	0	1	0	1	0	0	0	0	0	92	0	7	0	71	-4	2	-10	5	
2026-04-17 06:40:00	57.37122	17.83443	11	0	19	0	0	0	0	0.005	13.6	6	1023	17	1	26	0.4	65	0	341	100	350	1	0	1	1	0	1	0	0	1	0	8	2	90	0	348	4	2	10	5	
2026-04-17 07:00:00	57.37134	17.83464	12	0	21	0	0	0	0	0.005	13.5	6	1023	18	0	82	0.3	261	0	341	100	350	1	0	0	0	1	1	0	0	1	0	82	1	6	0	339	-4	2	-10	5	
2026-04-17 07:10:00	57.37143	17.83041	12	0	22	0	0	0	0	0.005	13.5	6	1023	18	2	48	0.4	273	-200	344	100	350	1	0	1	0	0	1	1	0	0	0	97	0	0	0	71	-4	0	-10	5	
2026-04-17 07:20:00	57.37233	17.83344	12	0	23	0	0	0	0	0.005	13.5	6	1023	18	1	33	0.3	62	0	341	100	350	1	0	1	1	0	0	1	0	1	0	8	0	91	0	358	4	2	10	5	
2026-04-17 07:30:00	57.3732	17.83608	12	0	24	0	0	0	0	0.005	13.5	6	1023	18	1	29	0.3	58	200	339	100	350	1	0	0	1	1	0	0	0	0	0	0	5	96	0	251	4	0	10	5	
2026-04-17 07:40:00	57.37338	17.83329	12	0	25	0	0	0	0	0.005	13.5	6	1024	18	1	39	0.3	276	0	341	100	345	1	0	0	0	1	1	0	0	1	0	88	0	10	0	341	-4	2	-10	5	
2026-04-17 07:50:00	57.37359	17.82969	12	0	26	0	0	0	0	0.005	13.5	6	1024	18	1	33	0.4	277	-200	344	100	345	1	0	1	0	0	1	1	0	0	0	100	0	0	0	71	-4	0	-10	5	
2026-04-17 08:00:00	57.37458	17.83215	11	0	27	0	0	0	0	0.005	13.5	6	1024	18	1	29	0.3	54	0	341	100	345	1	0	1	1	0	0	1	0	1	0	8	4	88	0	353	4	2	10	5	
2026-04-17 08:10:00	57.37605	17.8353	13	0	28	0	0	0	0	0.005	13.5	6	1024	17	1	32	0.4	49	200	337	100	345	1	0	0	1	1	0	0	0	0	0	0	7	93	0	251	4	0	10	5	
2026-04-17 08:20:00	57.37599	17.832	12	0	29	0	0	0	0	0.005	13.5	6	1024	18	1	32	0.3	268	0	341	100	335	1	0	0	0	1	1	0	0	1	0	91	0	8	0	328	-4	2	-10	5	
2026-04-17 08:30:00	57.3762	17.82789	13	0	0	0	0	0	0	0.005	13.5	6	1024	18	1	31	0.4	276	-200	344	100	335	1	0	1	0	0	1	1	0	0	0	100	0	0	0	71	-4	0	-10	5	
2026-04-17 08:40:00	57.37719	17.83164	41	0	1	0	0	0	0	0.005	13.5	6	1024	17	1	27	0.4	65	0	340	100	350	1	0	0	1	0	0	1	0	1	0	8	2	90	0	313	4	2	10	5	
2026-04-17 08:50:00	57.37752	17.82789	12	0	2	0	0	0	0	0.005	13.4	6	1024	17	1	60	0.4	280	-200	344	100	350	1	0	1	0	1	0	0	0	0	0	85	0	8	0	71	-4	2	-10	5	
2026-04-17 09:00:00	57.37794	17.8308	13	0	3	0	0	0	0	0.005	13.4	6	1024	17	1	31	0.3	76	0	340	100	360	1	0	0	1	0	1	0	0	1	0	9	5	85	0	326	4	2	10	5	
2026-04-17 09:10:00	57.37872	17.82747	12	0	4	0	0	0	0	0.005	13.4	7	1024	17	1	29	0.4	294	-100	343	100	5	1	0	1	0	1	0	1	0	0	0	92	0	8	0	71	-4	2	-10	5	
2026-04-17 09:20:00	57.37899	17.82966	12	0	5	0	0	0	0	0.005	13.4	7	1024	17	2	49	0.2	78	0	341	100	10	1	0	0	1	0	1	0	0	1	0	8	2	82	0	342	4	2	10	5	
2026-04-17 09:30:00	57.37941	17.8272	13	0	6	0	0	0	0	0.005	13.4	7	1024	17	1	30	0.3	288	-100	343	100	5	1	0	1	0	1	0	1	0	0	0	88	0	11	0	71	-4	2	-10	5	
2026-04-17 09:40:00	57.37986	17.82948	13	0	7	0	0	0	0	0.005	13.4	7	1024	17	1	31	0.2	71	0	341	100	0	1	0	0	1	0	1	0	0	1	0	12	3	84	0	329	4	2	10	5	
2026-04-17 09:50:00	57.37989	17.82591	12	0	8	0	0	0	0	0.005	13.4	7	1024	17	1	32	0.4	271	-200	344	100	355	1	0	1	0	1	0	1	0	0	0	89	1	9	0	71	-4	2	-10	5	
2026-04-17 10:00:00	57.38085	17.82828	11	0	9	0	0	0	0	0.005	13.4	7	1024	17	1	46	0.3	53	0	341	100	345	1	0	1	1	0	1	0	0	1	0	9	1	86	0	347	4	2	10	5	
2026-04-17 10:10:00	57.38169	17.83164	13	0	10	0	0	0	0	0.005	13.4	7	1024	17	1	30	0.4	65	200	337	100	345	1	0	0	1	1	0	1	0	0	0	0	0	100	0	251	4	0	10	5	
2026-04-17 10:30:00	57.38253	17.82633	11	0	12	0	0	0	0	0.005	13.4	7	1024	17	3	132	0.4	289	-100	342	100	350	1	0	1	0	0	1	1	0	1	0	80	0	0	0	18	-4	0	-10	5	
2026-04-17 10:40:00	57.3828	17.82891	11	0	13	0	0	0	0	0.005	13.4	7	1025	17	2	47	0.3	79	100	339	100	5	1	0	0	1	0	0	1	0	1	0	10	3	83	0	269	4	2	10	5	
2026-04-17 10:50:00	57.38328	17.82693	11	0	14	0	0	0	0	0.005	13.6	7	1024	17	2	56	0.2	294	0	341	100	5	1	0	0	0	1	0	0	0	1	0	84	0	10	0	341	-4	2	-10	5	
2026-04-17 11:00:00	57.38412	17.8242	11	0	15	0	0	0	0	0.005	13.6	7	1024	17	1	31	0.3	300	-100	344	100	5	1	0	1	0	0	1	0	0	0	0	99	1	0	0	71	-4	0	-10	5	
2026-04-17 11:10:00	57.38451	17.82624	11	0	16	0	0	0	0	0.005	13.6	7	1025	17	2	56	0.2	71	0	341	100	10	1	0	0	1	0	0	1	0	1	0	12	3	79	0	337	4	2	10	5	
2026-04-17 11:20:00	57.38535	17.8239	12	0	17	0	0	0	0	0.005	13.6	7	1024	17	1	27	0.3	303	-100	343	100	10	1	0	1	0	1	0	0	0	1	0	90	1	9	0	54	-4	2	-10	5	
2026-04-17 11:30:00	57.38592	17.82636	12	0	18	0	0	0	0	0.005	13.6	7	1024	17	1	32	0.3	67	100	339	100	5	1	0	0	1	0	1	0	0	1	0	14	0	85	0	302	4	2	10	5	
2026-04-17 11:40:00	57.38622	17.82369	12	0	19	0	0	0	0	0.005	13.6	7	1024	17	1	28	0.3	282	-100	343	100	355	1	0	1	0	1	0	1	0	1	0	89	0	11	0	31	-4	2	-10	5	
2026-04-17 11:50:00	57.38718	17.82624	11	0	20	0	0	0	0	0.005	13.5	7	1025	17	1	31	0.3	55	100	338	100	345	1	0	0	1	0	1	0	0	1	0	11	1	87	0	251	4	2	10	5	
2026-04-17 12:00:00	57.3876	17.82366	11	0	21	0	0	0	0	0.005	13.5	7	1025	17	1	32	0.3	287	0	342	100	350	1	0	1	0	1	0	1	0	1	0	89	0	7	0	357	-4	2	-10	5	
2026-04-17 12:10:00	57.38835	17.8263	11	0	22	0	0	0	0	0.005	13.5	7	1025	17	1	28	0.3	63	100	337	100	355	1	0	0	1	0	1	0	0	0	0	11	2	87	0	251	4	2	10	5	
2026-04-17 12:20:00	57.3885	17.82363	12	0	23	0	0	0	0	0.005	13.5	7	1025	17	1	25	0.3	277	0	341	100	350	1	0	0	0	1	0	1	0	1	0	88	0	12	0	339	-4	2	-10	5	
2026-04-17 12:30:00	57.38889	17.82093	12	0	24	0	0	0	0	0.005	13.5	7	1025	17	1	29	0.3	286	-100	345	100	350	1	0	1	0	0	1	0	0	0	0	100	0	0	0	71	-4	0	-10	5	
2026-04-17 12:40:00	57.3897	17.82285	12	0	25	0	0	0	0	0.005	13.5	7	1025	17	1	32	0.2	52	0	341	100	350	1	0	0	1	0	0	1	0	1	0	12	0	87	0	339	4	2	10	5	
2026-04-17 12:50:00	57.39003	17.82009	11	0	26	0	0	0	0	0.005	13.5	7	1024	17	1	30	0.3	282	-100	346	100	350	1	0	1	0	1	0	0	0	0	0	89	0	10	0	71	-4	2	-10	5	
2026-04-17 13:00:00	57.3909	17.82297	13	0	27	0	0	0	0	0.005	13.5	7	1024	17	1	26	0.3	61	100	339	100	350	1	0	0	1	0	1	0	0	1	0	11	0	89	0	309	4	2	10	5	
2026-04-17 13:10:00	57.39096	17.82042	13	0	28	0	0	0	0	0.005	13.5	7	1025	17	2	47	0.3	272	-100	344	100	345	1	0	1	0	1	0	1	0	1	0	87	0	9	0	44	-4	2	-10	5	
2026-04-17 13:20:00	57.39189	17.82315	41	0	29	0	0	0	0	0.005	13.4	7	1024	17	2	50	0.3	58	100	337	100	345	1	0	0	1	0	1	0	0	1	0	11	2	82	0	256	4	2	10	5	
2026-04-17 13:30:00	57.39189	17.82051	12	0	0	0	0	0	0	0.005	13.4	7	1024	17	1	59	0.3	270	-100	343	100	345	1	0	1	0	1	0	1	0	1	0	85	0	9	0	11	-4	2	-10	5	
2026-04-17 13:40:00	57.39321	17.82327	11	0	1	0	0	0	0	0.005	13.4	7	1025	17	2	54	0.4	49	200	335	100	335	1	0	0	1	0	1	0	0	0	0	9	0	86	0	251	4	2	10	5	
2026-04-17 13:50:00	57.39285	17.82042	11	0	2	0	0	0	0	0.005	13.4	7	1024	17	1	30	0.3	257	0	342	100	330	1	0	1	0	1	0	1	0	1	0	89	1	9	0	353	-4	2	-10	5	
2026-04-17 14:00:00	57.39495	17.82318	11	0	3	0	0	0	0	0.005	13.4	7	1024	17	1	39	0.5	36	200	331	100	320	1	0	0	1	0	1	0	0	0	0	11	0	87	0	251	4	2	10	5	
2026-04-17 14:20:00	57.39426	17.81679	11	0	5	0	0	0	0	0.005	13.4	7	1024	17	3	93	0.4	265	-200	349	100	320	1	0	1	0	0	1	0	0	0	0	87	1	0	0	71	-4	0	-10	5	
2026-04-17 14:40:00	57.3954	17.81889	11	0	7	0	0	0	0	0.005	13.4	7	1024	17	3	84	0.1	262	0	342	100	330	1	0	0	0	1	0	0	0	1	0	78	1	10	0	349	-4	2	-10	5	
2026-04-17 14:50:00	57.3954	17.81625	13	0	8	0	0	0	0	0.005	13.4	7	1024	17	3	69	0.3	270	-200	350	100	330	1	0	1	0	0	1	0	0	0	0	93	0	0	0	71	-4	0	-10	5	
2026-04-17 15:00:00	57.39654	17.81937	11	0	9	0	0	0	0	0.005	13.7	7	1024	17	2	51	0.4	56	100	338	100	340	1	0	0	1	0	0	1	0	1	0	9	5	81	0	308	4	2	10	5	
2026-04-17 15:10:00	57.39618	17.81736	11	0	10	0	0	0	0	0.005	13.6	7	1024	17	1	33	0.2	251	-100	345	100	330	1	0	1	0	1	0	0	0	1	0	88	0	11	0	27	-4	2	-10	5	
2026-04-17 15:20:00	57.39759	17.82027	13	0	11	0	0	0	0	0.005	13.6	7	1024	17	1	29	0.4	48	100	332	100	325	1	0	0	1	0	1	0	1	0	0	9	1	90	0	251	4	2	10	5	
2026-04-17 15:40:00	57.39753	17.81568	13	0	13	0	0	0	0	0.005	13.6	6	1024	17	3	90	0.3	272	-100	349	100	330	1	0	1	0	0	1	0	1	0	0	89	0	0	0	71	-4	0	-10	5	
2026-04-17 15:50:00	57.3981	17.81967	12	0	14	0	0	0	0	0.005	13.6	6	1024	17	1	32	0.4	75	100	332	100	350	1	0	0	1	0	0	1	1	0	0	9	2	88	0	251	4	2	10	5	
2026-04-17 16:00:00	57.39852	17.81745	40	0	15	0	0	0	0	0.005	13.6	6	1024	17	1	33	0.2	289	0	340	100	355	1	0	0	0	1	0	0	1	1	0	87	0	12	0	331	-4	2	-10	5	
2026-04-17 16:10:00	57.39963	17.81547	12	0	16	0	0	0	0	0.005	13.5	6	1024	17	1	58	0.3	316	-100	346	100	355	1	0	0	0	0	1	0	1	1	0	95	0	0	0	14	-4	0	-10	5	
2026-04-17 16:20:00	57.40083	17.81403	13	0	17	0	0	0	0	0.005	13.5	6	1024	17	1	28	0.3	327	-100	352	100	355	1	0	1	0	0	0	1	1	1	0	100	1	0	0	47	-4	0	-10	5	
2026-04-17 16:30:00	57.40065	17.81706	12	0	18	0	0	0	0	0.005	13.5	6	1024	17	1	29	0.3	96	100	333	100	30	1	0	0	1	0	0	0	1	1	0	36	11	53	0	294	4	2	10	5	
2026-04-17 16:40:00	57.40047	17.81559	12	0	19	0	0	0	0	0.005	13.5	6	1024	17	1	30	0.1	256	0	343	100	360	1	0	0	0	1	0	0	1	1	0	89	0	10	0	350	-4	2	-10	5	
2026-04-17 16:50:00	57.40047	17.81331	12	0	20	0	0	0	0	0.005	13.5	6	1024	17	1	29	0.2	270	-100	358	100	360	1	0	1	0	0	1	0	1	0	0	96	5	0	0	71	-4	0	-10	5	
2026-04-17 17:00:00	57.40128	17.81658	12	0	21	0	0	0	0	0.005	13.5	6	1024	17	1	25	0.4	65	100	333	100	345	1	0	0	1	0	0	1	1	1	0	9	2	89	0	297	4	2	10	5	
2026-04-17 17:10:00	57.40128	17.81514	13	0	22	0	0	0	0	0.005	13.5	6	1024	17	3	65	0.1	270	0	343	100	340	1	0	0	0	1	0	0	1	1	0	81	0	11	0	348	-4	2	-10	5	
2026-04-17 17:20:00	57.40155	17.81271	12	0	23	0	0	0	0	0.005	13.5	6	1024	17	2	66	0.2	282	-100	2	100	340	1	0	1	0	0	1	0	1	0	0	92	1	0	0	71	-4	0	-10	5	
2026-04-17 17:30:00	57.40221	17.81619	13	0	24	0	0	0	0	0.005	13.5	6	1024	17	1	28	0.4	71	100	328	100	355	1	0	0	1	0	0	1	1	1	0	8	1	89	0	288	4	2	10	5	
2026-04-17 17:40:00	57.40233	17.81382	12	0	25	0	0	0	0	0.005	13.5	6	1024	17	1	31	0.2	275	0	350	100	350	1	0	0	0	1	0	0	1	1	0	90	0	9	0	11	-4	2	-10	5	
2026-04-17 17:50:00	57.40287	17.81148	13	0	26	0	0	0	0	0.005	13.5	6	1024	17	1	29	0.3	293	-200	20	100	350	1	0	1	0	0	1	0	1	0	0	100	0	0	0	71	-4	0	-10	5	
2026-04-17 18:00:00	57.4035	17.81502	13	0	27	0	0	0	0	0.005	13.4	6	1024	17	2	47	0.4	72	100	325	100	360	1	0	0	1	0	0	1	1	1	0	13	0	83	0	304	4	2	10	5	
2026-04-17 18:10:00	57.40374	17.81292	13	0	28	0	0	0	0	0.005	13.4	6	1024	17	1	32	0.2	283	0	1	100	355	1	0	0	0	1	0	0	1	1	0	90	0	9	0	10	-4	2	-10	5	
2026-04-17 18:20:00	57.40425	17.81097	13	0	29	0	0	2	0	0.005	13.4	6	1024	18	1	31	0.2	295	100	99	100	355	1	0	1	0	0	1	0	0	0	0	100	0	0	0	53	-4	0	-10	5	
2026-04-17 18:30:00	57.40467	17.81433	12	0	0	0	0	0	0	0.005	13.4	6	1024	18	1	37	0.3	77	0	100	100	0	1	0	1	1	0	0	1	0	1	0	9	3	86	0	84	4	2	10	5	
2026-04-17 18:40:00	57.40503	17.81757	12	0	1	0	0	0	0	0.005	13.4	5	1024	18	1	30	0.3	78	0	100	100	0	1	0	1	1	1	0	0	0	1	0	0	5	96	0	127	4	0	10	5	
2026-04-17 18:50:00	57.40563	17.82042	41	0	2	0	0	0	0	0.005	13.4	5	1025	18	2	78	0.3	69	-100	101	100	0	1	0	0	1	1	1	0	0	0	0	0	2	89	0	190	4	0	10	5	
2026-04-17 19:00:00	57.40611	17.8188	11	0	3	0	0	0	0	0.005	13.4	5	1025	18	1	57	0.2	298	-200	101	100	360	1	0	0	0	1	1	1	0	0	0	84	0	10	0	190	-4	2	-10	5	
2026-04-17 19:10:00	57.40671	17.81742	11	0	4	0	0	0	0	0.005	13.4	5	1025	18	1	28	0.2	310	-200	101	100	360	1	0	0	0	0	1	1	0	0	0	100	0	0	0	190	-4	0	-10	5	
2026-04-17 19:20:00	57.40713	17.81526	11	0	5	0	0	0	0	0.005	13.4	5	1025	18	1	29	0.2	289	-300	102	100	360	1	0	0	0	0	0	1	0	0	0	98	3	0	0	190	-4	0	-10	5	
2026-04-17 19:30:00	57.40779	17.81385	12	0	6	0	0	0	0	0.005	13.4	5	1025	18	2	47	0.2	311	-300	102	100	360	1	0	3	0	0	0	0	0	0	0	96	1	0	0	190	-4	0	-10	5	
2026-04-17 19:40:00	57.40785	17.81058	12	0	7	0	0	0	0	0.005	13.4	5	1025	18	1	30	0.3	272	-300	102	100	360	1	0	2	3	0	0	0	0	0	0	100	0	0	0	155	-1	1	-10	5	
2026-04-17 19:50:00	57.40605	17.81217	12	0	8	0	0	0	0	0.005	13.4	5	1025	18	1	31	0.4	154	-100	101	100	35	1	0	1	2	3	0	0	0	0	0	9	0	90	0	158	1	2	10	5	
2026-04-17 20:00:00	57.40611	17.81535	13	0	9	0	0	0	0	0.005	13.4	5	1025	18	1	31	0.3	88	-100	101	100	35	1	0	0	1	2	3	0	0	0	0	0	4	96	0	190	4	1	10	5	
2026-04-17 20:10:00	57.40677	17.81382	12	0	10	0	0	0	0	0.005	13.4	5	1025	18	1	30	0.2	308	-200	101	100	15	1	0	0	0	1	2	3	0	0	0	86	0	13	0	190	-4	2	-10	5	
2026-04-17 20:20:00	57.40785	17.81214	12	0	11	0	0	0	0	0.005	13.4	5	1025	18	1	26	0.3	320	-300	102	100	15	1	0	2	0	0	1	2	0	0	0	100	0	0	0	171	-4	0	-10	5	
2026-04-17 20:30:00	57.40611	17.81241	13	0	12	0	0	0	0	0.005	13.4	5	1025	18	1	31	0.3	175	-100	101	100	15	1	0	1	2	0	0	1	0	0	0	14	0	85	0	165	1	2	10	5	
2026-04-17 20:40:00	57.40542	17.81448	14	0	13	0	0	0	0	0.005	13.3	5	1025	18	1	28	0.2	122	-100	100	100	15	1	0	1	1	2	0	0	0	1	0	0	5	95	0	133	4	1	10	5	
2026-04-17 20:50:00	57.4053	17.81625	15	0	14	0	0	0	0	0.005	13.3	5	1025	18	1	29	0.2	97	-100	100	100	15	1	0	1	1	1	2	0	0	1	0	0	5	96	0	136	4	0	10	5	
2026-04-17 21:10:00	57.40509	17.81739	13	0	16	0	0	0	0	0.005	13.3	5	1025	18	3	83	0.1	140	0	100	100	15	1	0	1	1	1	1	1	0	1	0	0	21	69	0	128	4	0	10	5	
2026-04-17 21:50:00	57.40476	17.81796	11	0	20	0	0	0	0	0.005	13.3	5	1024	18	0	82	0.1	258	0	100	100	15	1	0	0	1	2	1	1	0	1	0	0	15	75	0	110	4	1	10	5	
2026-04-17 22:00:00	57.40572	17.81718	11	0	21	0	0	0	0	0.005	13.3	5	1025	18	1	28	0.2	336	-100	101	100	90	1	0	1	0	1	2	1	0	0	0	86	1	13	0	190	-4	2	-10	5	
2026-04-17 22:10:00	57.40602	17.81685	11	0	22	0	0	0	0	0.005	13.3	5	1024	18	1	29	0.1	330	-100	101	100	70	1	0	1	1	0	1	2	0	0	0	35	6	56	0	190	4	2	10	5	
2026-04-17 22:20:00	57.40614	17.81682	12	0	23	0	0	0	0	0.005	13.3	5	1024	18	1	28	0	350	-200	101	100	70	1	0	1	1	1	0	1	0	0	0	0	20	81	0	190	4	0	10	5	
2026-04-17 22:30:00	57.40716	17.81637	13	0	24	0	0	0	0	0.005	13.3	5	1024	18	1	33	0.2	347	-300	102	100	70	1	0	0	1	1	1	0	0	0	0	89	4	7	0	190	4	0	10	5	
2026-04-17 22:40:00	57.40869	17.81688	11	0	25	0	0	0	0	0.005	13.3	5	1024	18	1	32	0.3	10	-400	103	100	135	1	0	1	0	1	1	1	0	0	0	99	1	0	0	190	-4	1	-10	5	
2026-04-17 22:50:00	57.41034	17.81619	11	0	26	0	0	0	0	0.005	13.3	5	1024	18	1	25	0.3	347	-600	104	100	190	1	0	0	1	0	1	1	0	0	0	15	2	83	0	190	4	2	10	5	
2026-04-17 23:00:00	57.41169	17.81706	11	0	27	0	0	0	0	0.005	13.3	5	1025	18	1	29	0.3	19	-800	105	100	200	1	0	0	0	1	0	1	0	0	0	61	1	38	0	190	-4	2	-10	5	
2026-04-17 23:10:00	57.41301	17.81871	12	0	28	0	0	0	0	0.005	13.3	5	1025	18	2	46	0.3	34	-900	106	100	200	1	0	0	0	0	1	0	0	0	0	41	2	54	0	190	-4	0	-10	5	
2026-04-17 23:20:00	57.41283	17.82087	12	0	29	0	0	0	0	0.005	13.3	5	1025	18	1	30	0.2	98	-900	106	100	200	1	0	0	0	0	0	1	0	0	0	100	0	0	0	190	-4	0	-10	5	
2026-04-17 23:30:00	57.41175	17.81994	13	0	0	0	0	0	0	0.005	13.3	5	1025	18	1	27	0.2	205	-800	105	100	200	1	0	0	0	0	0	0	0	0	0	100	0	0	0	190	-4	0	-10	5	
2026-04-17 23:40:00	57.41133	17.81715	12	0	1	0	0	0	0	0.005	13.3	5	1025	18	2	54	0.3	254	-700	105	100	200	1	0	0	0	0	0	0	0	0	0	96	0	0	0	190	-4	0	-10	5	
2026-04-17 23:50:00	57.411	17.81469	13	0	2	0	0	0	0	0.005	13.3	5	1025	18	1	33	0.3	256	-700	104	100	200	1	0	3	0	0	0	0	0	0	0	100	0	0	0	189	-4	0	-10	5	
2026-04-18 00:00:00	57.40923	17.8149	40	0	3	0	0	0	0	0.005	13.3	5	1025	18	1	32	0.3	176	-500	103	100	200	1	0	3	3	0	0	0	0	0	0	100	0	0	0	190	-1	1	-10	5	
2026-04-18 00:10:00	57.40731	17.81562	11	0	4	0	0	0	0	0.005	13.2	5	1025	18	2	80	0.4	169	-300	102	100	200	1	0	3	3	3	0	0	0	0	0	91	0	0	0	190	-1	0	-10	5	
2026-04-18 00:20:00	57.40521	17.81688	11	0	5	0	0	0	0	0.005	13.2	5	1025	18	1	29	0.4	162	-100	100	100	200	1	0	1	3	3	3	0	0	1	0	100	0	0	0	134	-1	0	-10	5	
2026-04-18 00:30:00	57.40695	17.8206	11	0	6	0	0	0	0	0.005	13.3	5	1025	18	1	25	0.5	49	-300	102	100	200	1	0	0	1	3	3	3	0	0	0	5	0	95	0	190	4	2	10	5	
2026-04-18 00:40:00	57.40695	17.81862	12	0	7	0	0	0	0	0.005	13.2	5	1025	18	1	26	0.2	271	-300	102	100	330	1	0	0	0	1	3	3	0	0	0	90	0	10	0	190	-4	2	-10	5	
2026-04-18 00:50:00	57.4077	17.81589	12	0	8	0	0	0	0	0.005	13.2	5	1025	18	2	45	0.3	297	-300	102	100	330	1	0	3	0	0	1	3	0	0	0	98	0	0	0	190	-4	0	-10	5	
2026-04-18 01:00:00	57.40626	17.81421	12	0	9	0	0	0	0	0.005	13.2	5	1024	18	1	27	0.3	212	-100	101	100	330	1	0	0	3	0	0	1	0	0	0	100	0	0	0	190	-1	1	-10	5	
2026-04-18 01:10:00	57.40662	17.81208	12	0	10	0	0	0	0	0.005	13.2	5	1024	18	2	46	0.2	288	-200	101	100	330	1	0	0	0	3	0	0	0	0	0	97	0	0	0	163	-4	1	-10	5	
2026-04-18 01:30:00	57.40863	17.80857	12	0	12	0	0	0	0	0.005	13.2	5	1024	18	3	76	0.2	299	-500	102	100	330	1	0	2	3	0	0	3	0	0	0	91	0	0	0	147	-1	1	-10	5	
2026-04-18 01:40:00	57.40782	17.8113	12	0	13	0	0	0	0	0.005	13.2	5	1024	18	1	30	0.3	118	-300	102	100	30	1	0	2	2	3	0	0	0	0	0	13	1	85	0	162	1	2	10	5	
2026-04-18 01:50:00	57.40665	17.81403	11	0	14	0	0	0	0	0.005	13.2	5	1024	18	1	32	0.3	128	-200	101	100	30	1	0	1	2	2	3	0	0	0	0	0	0	100	0	190	1	0	10	5	
2026-04-18 02:00:00	57.40695	17.81727	12	0	15	0	0	0	0	0.005	13.2	5	1024	18	1	27	0.3	80	-300	102	100	30	1	0	1	1	2	2	3	0	0	0	0	2	99	0	190	4	1	10	5	
2026-04-18 02:10:00	57.4074	17.82054	12	0	16	0	0	0	0	0.005	13.2	5	1024	18	1	27	0.3	76	-300	102	100	30	1	0	2	1	1	2	2	0	0	0	0	1	100	0	190	4	0	10	5	
2026-04-18 02:20:00	57.40656	17.82309	12	0	17	0	0	0	0	0.005	13.2	5	1024	18	2	49	0.3	121	-300	102	100	30	1	0	0	2	1	1	2	0	0	0	0	0	96	0	190	1	1	10	5	
2026-04-18 02:30:00	57.40785	17.8227	13	0	18	0	0	0	0	0.005	13.2	5	1024	18	1	32	0.2	350	-400	103	100	30	1	0	2	0	2	1	1	0	0	0	87	0	12	0	190	-4	2	-10	5	
2026-04-18 02:40:00	57.40713	17.82255	12	0	19	0	0	0	0	0.005	13.2	5	1024	18	1	29	0.1	186	-300	102	100	30	1	0	2	2	0	2	1	0	0	0	16	2	81	0	190	1	2	10	5	
2026-04-18 02:50:00	57.40563	17.82282	13	0	20	0	0	0	0	0.005	13.2	5	1024	18	3	83	0.3	174	-200	101	100	30	1	0	0	2	2	0	2	0	0	0	0	0	90	0	190	1	0	10	5	
2026-04-18 03:00:00	57.40716	17.82288	12	0	21	0	0	0	0	0.005	13.2	5	1024	18	1	29	0.3	1	-300	102	100	30	1	0	2	0	2	2	0	0	0	0	91	0	9	0	190	-4	2	-10	5	
2026-04-18 03:10:00	57.40704	17.82168	13	0	22	0	0	0	0	0.005	13.2	5	1024	18	1	32	0.1	258	-300	102	100	30	1	0	2	2	0	2	2	0	0	0	15	1	81	0	190	1	2	10	5	
2026-04-18 03:30:00	57.40866	17.8188	40	0	24	0	0	0	0	0.005	13.2	5	1024	18	3	81	0.3	323	-500	103	100	65	1	0	2	3	2	2	0	0	0	0	81	0	8	0	190	-1	2	-10	5	
2026-04-18 03:40:00	57.40821	17.81787	11	0	25	0	0	0	0	0.005	13.2	5	1024	17	1	61	0.1	229	-400	103	100	75	1	0	2	2	3	2	2	0	0	0	9	1	83	0	190	1	2	10	5	
2026-04-18 03:50:00	57.40773	17.81883	11	0	26	0	0	0	0	0.005	13.2	5	1024	17	1	36	0.1	132	-400	102	100	75	1	0	2	2	2	3	2	0	0	0	0	0	99	0	190	1	0	10	5	
2026-04-18 04:00:00	57.40764	17.81997	11	0	27	0	0	0	0	0.005	13.2	5	1024	17	1	26	0.1	100	-400	102	100	75	1	0	2	2	2	2	3	0	0	0	0	3	98	0	190	1	0	10	5	
2026-04-18 04:10:00	57.40803	17.82123	11	0	28	0	0	0	0	0.005	13.2	5	1024	17	1	29	0.1	60	-400	103	100	75	1	0	2	2	2	2	2	0	0	0	0	25	76	0	190	1	0	10	5	
2026-04-18 04:20:00	57.40923	17.823	11	0	29	0	0	0	0	0.005	13.2	5	1024	17	1	27	0.3	38	-600	104	100	75	1	0	2	2	2	2	2	0	0	0	23	3	74	0	190	1	2	10	5	
2026-04-18 04:30:00	57.41007	17.8254	11	0	0	0	0	0	0	0.005	13.3	5	1024	17	1	28	0.3	57	-700	105	100	75	1	0	3	2	2	2	2	0	0	0	0	1	100	0	190	1	0	10	5	
2026-04-18 04:40:00	57.40953	17.82783	12	0	1	0	0	0	0	0.005	13.3	5	1024	17	2	43	0.3	113	-600	105	100	270	1	0	0	3	2	2	2	0	0	0	87	1	9	0	190	-1	2	-10	5	
2026-04-18 04:50:00	57.40935	17.82822	11	0	2	0	0	0	0	0.005	13.3	5	1024	17	1	31	0.1	128	-600	105	100	270	1	0	0	0	3	2	2	0	0	0	100	0	0	0	190	-4	1	-10	5	
2026-04-18 05:00:00	57.40983	17.82888	13	0	3	0	0	0	0	0.005	13.3	5	1024	17	1	28	0.1	38	-700	105	100	270	1	0	1	0	0	3	2	0	0	0	82	7	12	0	190	-4	0	-10	5	
2026-04-18 05:10:00	57.4101	17.83128	12	0	4	0	0	0	0	0.005	13.4	5	1024	17	1	30	0.2	78	-700	105	100	10	1	0	3	1	0	0	3	0	0	0	0	0	100	0	190	4	1	10	5	
2026-04-18 05:20:00	57.40959	17.83197	12	0	5	0	0	0	0	0.005	13.4	5	1024	17	1	30	0.1	143	-700	105	100	10	1	0	3	3	1	0	0	0	0	0	81	0	18	0	190	-1	2	-10	5	
2026-04-18 05:30:00	57.40881	17.83194	12	0	6	0	0	0	0	0.005	13.5	5	1024	17	1	30	0.1	181	-600	105	100	10	1	0	2	3	3	1	0	0	0	0	100	0	0	0	190	-1	0	-10	5	
2026-04-18 05:40:00	57.40851	17.83497	12	0	7	0	0	0	0	0.005	13.5	5	1024	17	1	34	0.3	100	-600	105	100	345	1	0	3	2	3	3	1	0	0	0	12	1	86	0	190	1	2	10	5	
2026-04-18 05:50:00	57.40746	17.83416	12	0	8	0	0	0	0	0.005	13.7	5	1024	17	2	53	0.2	202	-500	104	100	340	1	0	3	3	2	3	3	0	0	0	82	0	13	0	190	-1	2	-10	5	
2026-04-18 06:30:00	57.40722	17.83053	11	0	12	0	0	0	0	0.005	13.7	6	1024	17	3	107	0.2	354	-400	103	100	340	1	0	2	3	0	3	3	0	0	0	85	0	0	0	190	-1	1	-10	5	
2026-04-18 06:40:00	57.40737	17.83095	11	0	13	0	0	0	0	0.005	13.6	6	1024	17	1	27	0	54	-400	103	100	70	1	0	2	2	3	0	3	0	0	0	43	4	49	0	190	1	2	10	5	
2026-04-18 06:50:00	57.40767	17.83176	11	0	14	0	0	0	0	0.005	13.6	6	1024	17	2	47	0.1	57	-500	104	100	70	1	0	2	2	2	3	0	0	0	0	45	21	31	0	190	1	1	10	5	
2026-04-18 07:00:00	57.4083	17.83257	11	0	15	0	0	0	0	0.005	13.6	6	1024	17	1	30	0.1	33	-600	104	100	70	1	0	2	2	2	2	3	0	0	0	35	4	60	0	190	1	3	10	5	
2026-04-18 07:10:00	57.4092	17.8338	11	0	16	0	0	0	0	0.005	13.6	6	1024	17	2	52	0.2	37	-700	105	100	70	1	0	2	2	2	2	2	0	0	0	0	0	96	0	190	1	0	10	5	
2026-04-18 07:20:00	57.41013	17.83488	11	0	17	0	0	0	0	0.005	13.6	6	1024	17	1	29	0.2	32	-800	106	100	70	1	0	3	2	2	2	2	0	0	0	0	1	100	0	190	1	0	10	5	
2026-04-18 07:30:00	57.41085	17.83563	12	0	18	0	0	0	0	0.005	13.6	6	1024	17	2	51	0.2	29	-900	107	100	315	1	0	3	3	2	2	2	0	0	0	75	4	16	0	190	-1	2	-10	5	
2026-04-18 07:40:00	57.41184	17.8365	11	0	19	0	0	0	0	0.005	13.6	6	1024	17	1	28	0.2	26	-1000	108	100	315	1	0	2	3	3	2	2	0	0	0	100	0	0	0	190	-1	0	-10	5	
2026-04-18 07:50:00	57.4128	17.83683	11	0	20	0	0	0	0	0.005	13.5	6	1024	17	1	25	0.2	11	-1100	108	100	170	1	0	1	2	3	3	2	0	0	0	28	1	71	0	190	1	2	10	5	
2026-04-18 08:00:00	57.41391	17.83674	12	0	21	0	0	0	0	0.005	13.5	6	1024	17	1	26	0.2	358	-1200	109	100	170	1	0	0	1	2	3	3	0	0	0	0	0	100	0	190	4	1	10	5	
2026-04-18 08:10:00	57.41487	17.83806	13	0	22	0	0	0	0	0.005	13.5	7	1024	17	1	26	0.2	36	-1300	110	100	190	1	0	0	0	1	2	3	0	0	0	81	1	18	0	190	-4	2	-10	5	
2026-04-18 08:20:00	57.41583	17.83926	11	0	23	0	0	0	0	0.005	13.5	7	1024	17	1	31	0.2	34	-1400	111	100	190	1	0	0	0	0	1	2	0	0	0	100	0	0	0	190	-4	0	-10	5	
2026-04-18 08:30:00	57.41679	17.84034	13	0	24	0	0	0	0	0.005	13.5	7	1024	17	1	31	0.2	31	-1600	112	100	190	1	0	0	0	0	0	1	0	0	0	100	0	0	0	190	-4	0	-10	5	
2026-04-18 08:40:00	57.41766	17.84055	19	0	25	0	0	0	0	0.005	13.5	7	1024	17	1	27	0.2	8	-1700	113	100	190	1	0	0	0	0	0	0	0	0	0	71	26	4	0	190	-4	0	-10	5	
2026-04-18 08:50:00	57.41817	17.84007	38	0	26	0	0	0	0	0.005	13.5	7	1024	17	1	40	0.1	332	-1700	113	100	190	1	0	0	0	0	0	0	0	0	0	71	1	27	0	190	-4	0	-10	5	
2026-04-18 09:00:00	57.41862	17.84007	11	0	27	0	0	0	0	0.005	13.5	8	1024	17	1	58	0.1	1	-1800	114	100	190	1	0	1	0	0	0	0	0	0	0	15	14	66	0	190	-4	0	-10	5	
2026-04-18 09:10:00	57.41889	17.84055	11	0	28	0	0	0	0	0.005	13.5	8	1024	17	1	30	0.1	44	-1800	114	100	35	1	0	2	1	0	0	0	0	0	0	45	2	52	0	190	4	2	10	5	
2026-04-18 09:20:00	57.41922	17.84112	11	0	29	0	0	0	0	0.005	13.5	8	1024	17	1	30	0.1	42	-1800	114	100	35	1	0	3	2	1	0	0	0	0	0	0	37	63	0	190	1	1	10	5	
2026-04-18 09:30:00	57.41967	17.8407	11	0	0	0	0	0	0	0.005	13.5	8	1024	17	1	29	0.1	332	-1900	115	100	10	1	0	3	3	2	1	0	0	0	0	100	0	0	0	190	-1	1	-10	5	
2026-04-18 09:40:00	57.42003	17.83926	13	0	1	0	0	0	0	0.005	13.5	8	1024	17	1	26	0.2	295	-1900	115	100	10	1	0	3	3	3	2	1	0	0	0	100	0	0	0	190	-1	0	-10	5	
2026-04-18 10:00:00	57.42048	17.83677	12	0	3	0	0	0	0	0.005	13.5	9	1024	17	3	75	0.1	284	-1900	114	100	10	1	0	3	3	3	3	3	0	0	0	91	0	0	0	190	-1	0	-10	5	
2026-04-18 10:10:00	57.42072	17.83578	12	0	4	0	0	0	0	0.005	13.5	9	1024	17	1	27	0.1	297	-2000	115	100	10	1	0	3	3	3	3	3	0	0	0	100	0	0	0	190	-1	0	-10	5	
2026-04-18 10:20:00	57.42108	17.83533	11	0	5	0	0	0	0	0.005	13.4	9	1024	17	1	32	0.1	326	-2000	115	100	10	1	0	2	3	3	3	3	0	0	0	100	0	0	0	190	-1	0	-10	5	
2026-04-18 10:30:00	57.42171	17.83599	11	0	6	0	0	0	0	0.005	13.4	9	1024	17	2	50	0.1	29	-2100	115	100	335	1	0	3	2	3	3	3	0	0	0	52	38	5	0	190	1	2	10	5	
2026-04-18 10:40:00	57.42261	17.83638	12	0	7	0	0	0	0	0.005	13.4	10	1024	17	1	31	0.2	14	-2200	116	100	65	1	0	2	3	2	3	3	0	0	0	52	4	43	0	190	-1	3	-10	5	
2026-04-18 10:50:00	57.42357	17.83596	11	0	8	0	0	0	0	0.005	13.4	10	1023	17	1	33	0.2	346	-2300	117	100	190	1	0	1	2	3	2	3	0	0	0	20	0	79	0	190	1	2	10	5	
2026-04-18 11:00:00	57.42483	17.83422	41	0	9	0	0	0	0	0.005	13.4	10	1023	17	1	29	0.3	324	-2400	117	100	190	1	0	0	1	2	3	2	0	0	0	0	0	100	0	190	4	1	10	5	
2026-04-18 11:10:00	57.42516	17.83638	11	0	10	0	0	0	0	0.005	13.4	11	1023	17	1	63	0.2	75	-2400	118	100	205	1	0	0	0	1	2	3	0	0	0	75	0	17	0	190	-4	2	-10	5	
2026-04-18 11:20:00	57.42498	17.83797	11	0	11	0	0	0	0	0.005	13.4	11	1023	17	1	30	0.2	102	-2400	118	100	205	1	0	0	0	0	1	2	0	0	0	100	0	0	0	190	-4	0	-10	5	
2026-04-18 11:30:00	57.42444	17.83893	12	0	12	0	0	0	0	0.005	13.4	11	1023	17	1	31	0.1	136	-2400	118	100	205	1	0	0	0	0	0	1	0	0	0	100	0	0	0	190	-4	0	-10	5	
2026-04-18 11:40:00	57.42435	17.83932	12	0	13	0	0	0	0	0.005	13.4	11	1023	17	1	28	0	117	-2400	118	100	205	1	0	0	0	0	0	0	0	0	0	100	0	0	0	190	-4	0	-10	5	
2026-04-18 11:50:00	57.42441	17.83899	11	0	14	0	0	0	0	0.005	13.4	10	1023	17	1	28	0	291	-2400	118	100	205	1	0	0	0	0	0	0	0	0	0	100	0	0	0	190	-4	0	-10	5	
2026-04-18 12:00:00	57.42489	17.84013	12	0	15	0	0	0	0	0.005	13.4	10	1023	17	2	49	0.1	52	-2500	118	100	205	1	0	1	0	0	0	0	0	0	0	45	7	45	0	190	-4	0	-10	5	
2026-04-18 12:10:00	57.42597	17.84259	12	0	16	0	0	0	0	0.005	13.4	10	1023	17	1	30	0.3	50	-2600	120	100	320	1	0	3	1	0	0	0	0	0	0	10	1	88	0	190	4	2	10	5	
2026-04-18 12:20:00	57.42666	17.84475	12	0	17	0	0	0	0	0.005	13.4	10	1023	17	1	31	0.2	60	-2700	121	100	320	1	0	2	3	1	0	0	0	0	0	75	0	24	0	190	-1	2	-10	5	
2026-04-18 12:30:00	57.42798	17.84637	11	0	18	0	0	0	0	0.005	13.4	11	1023	17	3	87	0.3	33	-2900	122	100	245	1	0	0	2	3	1	0	0	0	0	26	0	62	0	190	1	2	10	5	
2026-04-18 12:40:00	57.42801	17.84916	12	0	19	0	0	0	0	0.005	13.4	11	1023	17	1	30	0.3	89	-2900	123	100	245	1	0	0	0	2	3	1	0	0	0	87	0	13	0	190	-4	2	-10	5	
2026-04-18 12:50:00	57.4278	17.85177	13	0	20	0	0	0	0	0.005	13.4	11	1023	17	1	26	0.3	98	-2900	123	100	245	1	0	0	0	0	2	3	0	0	0	100	0	0	0	190	-4	0	-10	5	
2026-04-18 13:00:00	57.42786	17.85393	12	0	21	0	0	0	0	0.005	13.4	11	1023	17	1	34	0.2	88	-2900	124	100	245	1	0	0	0	0	0	2	0	0	0	100	0	0	0	190	-4	0	-10	5	
2026-04-18 13:10:00	57.42816	17.85645	41	0	22	0	0	0	0	0.005	13.7	11	1023	17	1	28	0.2	77	-3000	125	100	245	1	0	1	0	0	0	0	0	0	0	100	0	0	0	190	-4	0	-10	5	
2026-04-18 13:20:00	57.42921	17.85786	12	0	23	0	0	0	0	0.005	13.7	11	1023	17	2	75	0.2	37	-3100	126	100	240	1	0	0	1	0	0	0	0	0	0	30	5	55	0	190	4	2	10	5	
2026-04-18 13:30:00	57.42936	17.86005	11	0	24	0	0	0	0	0.005	13.6	11	1023	17	1	31	0.2	81	-3100	127	100	245	1	0	0	0	1	0	0	0	0	0	82	0	17	0	190	-4	2	-10	5	
2026-04-18 13:40:00	57.42921	17.86266	11	0	25	0	0	0	0	0.005	13.6	11	1022	17	1	29	0.3	97	-3200	127	100	245	1	0	0	0	0	1	0	0	0	0	100	0	0	0	190	-4	0	-10	5	
2026-04-18 13:50:00	57.42921	17.86506	12	0	26	0	0	0	0	0.005	13.6	11	1022	17	1	32	0.2	89	-3200	128	100	245	1	0	0	0	0	0	1	0	0	0	100	0	0	0	190	-4	0	-10	5	
2026-04-18 14:00:00	57.42963	17.86683	11	0	27	0	0	0	0	0.005	13.6	11	1022	17	1	31	0.2	67	-3200	129	100	245	1	0	0	0	0	0	0	0	0	0	100	0	0	0	190	-4	0	-10	5	
2026-04-18 14:10:00	57.42966	17.86653	12	0	28	0	0	0	0	0.005	13.6	11	1022	17	1	27	0	286	-3200	129	100	245	1	0	0	0	0	0	0	0	0	0	46	0	55	0	190	-4	0	-10	5	
2026-04-18 14:20:00	57.43011	17.86611	11	0	29	0	0	0	0	0.005	13.6	10	1022	17	2	53	0.1	332	-3300	129	100	245	1	0	1	0	0	0	0	0	0	0	48	1	47	0	190	-4	0	-10	5	
2026-04-18 14:30:00	57.43005	17.86869	11	0	0	0	0	0	0	0.005	13.6	10	1022	17	1	27	0.3	92	-3300	130	100	15	1	0	2	1	0	0	0	0	0	0	22	0	78	0	190	4	2	10	5	
2026-04-18 14:50:00	57.42849	17.87103	11	0	2	0	0	0	0	0.005	13.5	10	1022	17	3	94	0.2	166	-3200	130	100	15	1	0	2	2	2	1	0	0	0	0	0	0	88	0	190	1	0	10	5	
2026-04-18 15:00:00	57.42792	17.87118	11	0	3	0	0	0	0	0.005	13.5	10	1022	17	3	89	0.1	172	-3100	129	100	15	1	0	2	2	2	2	1	0	0	0	0	0	89	0	190	1	0	10	5	
2026-04-18 15:10:00	57.42795	17.8716	12	0	4	0	0	0	0	0.005	13.5	9	1022	17	1	25	0	87	-3100	129	100	15	1	0	3	2	2	2	2	0	0	0	0	0	100	0	190	1	0	10	5	
2026-04-18 15:20:00	57.42834	17.87199	11	0	5	0	0	0	0	0.005	13.5	9	1022	17	1	30	0.1	28	-3200	130	100	90	1	0	2	3	2	2	2	0	0	0	20	13	66	0	190	-1	2	-10	5	
2026-04-18 15:30:00	57.42849	17.87193	11	0	6	0	0	0	0	0.005	13.5	9	1022	17	1	30	0	349	-3200	130	100	135	1	0	1	2	3	2	2	0	0	0	10	1	88	0	190	1	2	10	5	
2026-04-18 15:40:00	57.42876	17.87229	11	0	7	0	0	0	0	0.005	13.5	9	1022	17	1	26	0.1	37	-3200	130	100	135	1	0	0	1	2	3	2	0	0	0	0	0	100	0	190	4	1	10	5	
2026-04-18 15:50:00	57.42921	17.87343	12	0	8	0	0	0	0	0.005	13.5	9	1022	17	2	47	0.1	54	-3300	131	100	155	1	0	1	0	1	2	3	0	0	0	4	14	78	0	190	-4	2	-10	5	
2026-04-18 16:00:00	57.42999	17.87409	40	0	9	0	0	0	0	0.005	13.5	9	1022	18	1	28	0.2	24	-3400	132	100	230	1	0	0	1	0	1	2	0	0	0	28	6	66	0	190	4	2	10	5	
2026-04-18 16:10:00	57.42993	17.87583	12	0	10	0	0	0	0	0.005	13.5	9	1022	18	1	61	0.2	94	-3400	132	100	230	1	0	0	0	1	0	1	0	0	0	70	0	21	0	190	-4	2	-10	5	
2026-04-18 16:20:00	57.43041	17.87691	11	0	11	0	0	0	0	0.005	13.4	9	1022	18	1	31	0.1	49	-3400	133	100	230	1	0	0	0	0	1	0	0	0	0	22	14	64	0	190	-4	0	-10	5	
2026-04-18 16:30:00	57.43077	17.87793	12	0	12	0	0	0	0	0.005	13.4	9	1022	17	1	29	0.1	56	-3500	134	100	230	1	0	0	0	0	0	1	0	0	0	100	0	0	0	190	-4	0	-10	5	
2026-04-18 16:40:00	57.43083	17.88012	11	0	13	0	0	0	0	0.005	13.4	9	1021	17	1	29	0.2	88	-3500	135	100	230	1	0	0	0	0	0	0	0	0	0	100	0	0	0	190	-4	0	-10	5	
2026-04-18 16:50:00	57.42972	17.88138	11	0	14	0	0	0	0	0.005	13.4	9	1021	17	1	30	0.2	148	-3400	134	100	230	1	0	0	0	0	0	0	0	0	0	100	0	0	0	190	-4	0	-10	5	
2026-04-18 17:00:00	57.42861	17.88261	11	0	15	0	0	0	0	0.005	13.4	9	1021	17	1	27	0.2	149	-3300	134	100	230	1	0	0	0	0	0	0	0	0	0	100	0	0	0	190	-4	0	-10	5	
2026-04-18 17:10:00	57.42774	17.8836	11	0	16	0	0	0	0	0.005	13.4	9	1021	17	1	26	0.2	148	-3200	134	100	230	1	0	0	0	0	0	0	0	0	0	100	0	0	0	190	-4	0	-10	5	
2026-04-18 17:30:00	57.42603	17.88624	12	0	18	0	0	0	0	0.005	13.4	8	1021	17	3	77	0.2	143	-3100	133	100	230	1	0	0	0	0	0	0	0	0	0	91	0	0	0	190	-4	0	-10	5	
2026-04-18 17:40:00	57.42564	17.8875	11	0	19	0	0	0	0	0.005	13.4	8	1021	17	1	28	0.1	120	-3000	134	100	230	1	0	0	0	0	0	0	0	0	0	100	0	0	0	190	-4	0	-10	5	
2026-04-18 17:50:00	57.42543	17.88858	11	0	20	0	0	0	0	0.005	13.4	8	1021	17	1	28	0.1	109	-3000	134	100	230	1	0	1	0	0	0	0	0	0	0	100	0	0	0	190	-4	0	-10	5	
2026-04-18 18:00:00	57.42555	17.89002	12	0	21	0	0	0	0	0.005	13.4	7	1021	17	1	31	0.1	83	-3000	135	100	300	1	0	3	1	0	0	0	0	0	0	19	2	78	0	190	4	2	10	5	
2026-04-18 18:20:00	57.42588	17.89188	12	0	23	0	0	0	0	0.005	13.4	7	1021	18	3	78	0.1	72	-3100	136	100	155	1	0	0	2	3	1	0	0	0	0	28	23	38	0	190	1	4	10	5	
2026-04-18 18:30:00	57.42603	17.89257	12	0	24	0	0	0	0	0.005	13.4	7	1021	18	2	47	0.1	69	-3100	136	100	155	1	0	0	0	2	3	1	0	0	0	35	31	30	0	190	-4	3	-10	5	
2026-04-18 18:50:00	57.42579	17.89488	12	0	26	0	0	0	0	0.005	13.4	6	1021	18	3	81	0.1	120	-3100	137	100	155	1	0	0	0	0	0	2	0	0	0	90	0	0	0	190	-4	0	-10	5	
2026-04-18 19:00:00	57.42585	17.89521	11	0	27	0	0	0	0	0.005	13.4	6	1021	18	1	31	0	74	-3100	137	100	155	1	0	1	0	0	0	0	0	0	0	76	17	7	0	190	-4	0	-10	5	
2026-04-18 19:10:00	57.42642	17.89608	11	0	28	0	0	0	0	0.005	13.4	6	1021	18	3	74	0.1	40	-3200	138	100	300	1	0	3	1	0	0	0	0	0	0	0	0	91	0	190	4	1	10	5	
2026-04-18 19:20:00	57.42627	17.89668	41	0	29	0	0	0	0	0.005	13.3	6	1021	18	1	31	0.1	112	-3200	138	100	300	1	0	3	3	1	0	0	0	0	0	44	3	52	0	190	-1	2	-10	5	
2026-04-18 19:30:00	57.42609	17.89686	12	0	0	0	0	0	0	0.005	13.3	6	1021	18	1	58	0	153	-3200	138	100	300	1	0	3	3	3	1	0	0	0	0	95	0	0	0	190	-1	0	-10	5	
2026-04-18 19:40:00	57.42606	17.89698	11	0	1	0	0	0	0	0.005	13.3	6	1021	18	1	28	0	127	-3200	138	100	300	1	0	3	3	3	3	1	0	0	0	100	0	0	0	190	-1	0	-10	5	
2026-04-18 19:50:00	57.42639	17.89716	12	0	2	0	0	0	0	0.005	13.3	6	1021	18	1	29	0.1	17	-3200	139	100	300	1	0	2	3	3	3	3	0	0	0	37	37	26	0	190	-1	2	-10	5	
2026-04-18 20:00:00	57.42645	17.89683	12	0	3	0	0	0	0	0.005	13.3	5	1021	18	1	29	0	289	-3200	139	100	135	1	0	0	2	3	3	3	0	0	0	92	0	7	0	190	1	2	10	5	
2026-04-18 20:10:00	57.42726	17.89689	12	0	4	0	0	0	0	0.005	13.3	5	1021	18	1	32	0.2	2	-3300	139	100	135	1	0	1	0	2	3	3	0	0	0	75	1	23	0	190	-4	2	-10	5	
2026-04-18 20:20:00	57.42681	17.89653	11	0	5	0	0	0	0	0.005	13.3	5	1021	18	2	44	0.1	203	-3200	139	100	100	1	0	2	1	0	2	3	0	0	0	26	0	71	0	190	4	2	10	5	
2026-04-18 20:30:00	57.42516	17.89467	12	0	6	0	0	0	0	0.005	13.3	5	1021	18	1	26	0.4	211	-3000	137	100	100	1	0	2	2	1	0	2	0	0	0	0	0	100	0	190	1	1	10	5	
2026-04-18 20:40:00	57.42366	17.89182	12	0	7	0	0	0	0	0.005	13.3	5	1021	18	2	53	0.4	226	-2800	134	100	100	1	0	2	2	2	1	0	0	0	0	0	0	96	0	190	1	0	10	5	
2026-04-18 20:50:00	57.42231	17.88858	12	0	8	0	0	0	0	0.005	13.3	5	1021	18	1	28	0.4	232	-2700	131	100	100	1	0	2	2	2	2	1	0	0	0	0	0	100	0	190	1	0	10	5	
2026-04-18 21:00:00	57.42138	17.88477	12	0	9	0	0	0	0	0.005	13.3	5	1021	18	1	32	0.4	246	-2500	129	100	100	1	0	2	2	2	2	2	0	0	0	0	0	100	0	190	1	0	10	5	
2026-04-18 21:10:00	57.4203	17.88081	11	0	10	0	0	0	0	0.005	13.3	5	1021	18	1	33	0.4	243	-2400	126	100	100	1	0	1	2	2	2	2	0	0	0	0	0	100	0	190	1	0	10	5	
2026-04-18 21:20:00	57.41856	17.88057	11	0	11	0	0	0	0	0.005	13.3	5	1021	18	1	31	0.3	184	-2200	124	100	100	1	0	1	1	2	2	2	0	0	0	0	0	100	0	190	4	1	10	5	
2026-04-18 21:30:00	57.41688	17.88099	11	0	12	0	0	0	0	0.005	13.3	5	1021	18	1	26	0.3	173	-2000	123	100	100	1	0	1	1	1	2	2	0	0	0	0	0	100	0	190	4	0	10	5	
2026-04-18 22:00:00	57.41214	17.88105	40	0	15	0	0	0	0	0.005	13.3	5	1021	18	3	77	0.3	179	-1500	118	100	100	1	0	1	1	1	1	1	0	0	0	0	0	91	0	190	4	0	10	5	
2026-04-18 22:10:00	57.41076	17.88141	11	0	16	0	0	0	0	0.005	13.3	5	1021	18	3	104	0.3	172	-1300	116	100	100	1	0	1	1	1	1	1	0	0	0	0	0	86	0	190	4	0	10	5	
2026-04-18 22:20:00	57.40956	17.88108	11	0	17	0	0	0	0	0.005	13.3	6	1021	18	3	76	0.2	189	-1200	115	100	100	1	0	1	1	1	1	1	0	0	0	0	0	91	0	190	4	0	10	5	
2026-04-18 22:30:00	57.40866	17.88033	12	0	18	0	0	0	0	0.005	13.3	6	1021	18	1	29	0.2	203	-1100	113	100	100	1	0	1	1	1	1	1	0	0	0	0	2	99	0	190	4	0	10	5	
2026-04-18 22:40:00	57.40752	17.88033	11	0	19	0	0	0	0	0.005	13.3	6	1021	18	1	29	0.2	181	-1000	112	100	100	1	0	1	1	1	1	1	0	0	0	0	0	100	0	190	4	0	10	5	
2026-04-18 22:50:00	57.40644	17.88039	12	0	20	0	0	0	0	0.005	13.2	6	1021	18	1	25	0.2	178	-800	110	100	100	1	0	1	1	1	1	1	0	0	0	0	0	100	0	190	4	0	10	5	
2026-04-18 23:00:00	57.40542	17.88036	12	0	21	0	0	0	0	0.005	13.3	6	1021	18	2	51	0.2	181	-700	109	100	100	1	0	1	1	1	1	1	0	0	0	0	0	96	0	190	4	0	10	5	
2026-04-18 23:10:00	57.40422	17.88078	12	0	22	0	0	0	0	0.005	13.2	6	1021	18	1	31	0.2	169	-600	108	100	100	1	0	1	1	1	1	1	0	0	0	0	0	100	0	190	4	0	10	5	
2026-04-18 23:20:00	57.40302	17.8815	11	0	23	0	0	0	0	0.005	13.2	6	1021	18	1	27	0.2	162	-500	106	100	100	1	0	2	1	1	1	1	0	0	0	0	0	100	0	190	4	0	10	5	
2026-04-18 23:30:00	57.40164	17.87763	11	0	24	0	0	0	0	0.005	13.3	6	1021	18	1	28	0.5	237	-300	104	100	100	1	0	1	2	1	1	1	0	0	0	0	0	97	0	190	1	1	10	5	
2026-04-18 23:40:00	57.40032	17.87757	12	0	25	0	0	0	0	0.005	13.2	6	1021	18	1	29	0.2	181	-100	102	100	100	1	0	1	1	2	1	1	0	0	0	0	0	100	0	190	4	1	10	5	
2026-04-18 23:50:00	57.39924	17.87844	11	0	26	0	0	0	0	0.005	13.2	6	1021	18	1	28	0.2	156	0	100	100	100	1	0	1	1	1	2	1	0	1	0	0	0	100	0	123	4	0	10	5	
2026-04-19 00:00:00	57.39816	17.87937	12	0	27	0	0	0	0	0.005	13.2	5	1021	18	1	32	0.2	155	100	99	100	100	1	0	0	1	1	1	2	0	1	0	0	1	99	0	55	4	0	10	5	
2026-04-19 00:10:00	57.39993	17.88021	12	0	28	0	0	0	0	0.005	13.2	5	1021	18	1	28	0.3	14	-100	102	100	90	1	0	1	0	1	1	1	0	0	0	86	1	13	0	190	-4	2	-10	5	
2026-04-19 00:20:00	57.39903	17.88039	11	0	29	0	0	0	0	0.005	13.2	5	1021	18	1	29	0.2	174	0	100	100	100	1	0	1	1	0	1	1	0	1	0	12	0	88	0	121	4	2	10	5	
2026-04-19 00:30:00	57.39786	17.8824	12	0	0	0	0	0	0	0.005	13.2	5	1021	18	1	25	0.3	137	100	99	100	100	1	0	0	1	1	0	1	0	1	0	0	0	100	0	55	4	0	10	5	
2026-04-19 00:40:00	57.39987	17.8836	12	0	1	0	0	0	0	0.005	13.2	5	1021	18	1	33	0.4	18	-200	102	100	80	1	0	1	0	1	1	0	0	0	0	88	0	11	0	190	-4	2	-10	5	
2026-04-19 00:50:00	57.39864	17.8845	14	0	2	0	0	0	0	0.005	13.2	5	1021	18	1	32	0.2	158	0	100	100	95	1	0	1	1	0	1	1	0	1	0	9	0	90	0	121	4	2	10	5	
2026-04-19 01:00:00	57.39735	17.88609	13	0	3	0	0	0	0	0.005	13.2	5	1021	18	1	35	0.3	146	100	99	100	95	1	0	0	1	1	0	1	0	1	0	0	0	100	0	36	4	0	10	5	
2026-04-19 01:20:00	57.39867	17.88672	13	0	5	0	0	0	0	0.005	13.2	5	1020	18	3	76	0.1	178	-100	101	100	95	1	0	1	1	0	1	1	0	1	0	13	3	74	0	139	4	2	10	5	
2026-04-19 01:30:00	57.39765	17.88582	13	0	6	0	0	0	0	0.005	13.2	5	1021	18	3	64	0.2	206	100	99	100	95	1	0	0	1	1	0	1	0	1	0	20	6	68	0	65	4	0	10	5	
2026-04-19 01:40:00	57.39894	17.88573	13	0	7	0	0	0	0	0.005	13.2	5	1020	18	2	48	0.2	358	-100	101	100	100	1	0	1	0	1	1	0	0	1	0	87	0	9	0	154	-4	2	-10	5	
2026-04-19 01:50:00	57.39843	17.88537	13	0	8	0	0	0	0	0.005	13.2	5	1021	18	1	33	0.1	200	0	100	100	95	1	0	1	1	0	1	1	0	1	0	9	6	84	0	112	4	2	10	5	
2026-04-19 02:00:00	57.39798	17.88636	40	0	9	0	0	0	0	0.005	13.2	5	1020	18	1	30	0.1	130	0	100	100	95	1	0	1	1	1	0	1	0	1	0	0	12	89	0	89	4	0	10	5	
2026-04-19 02:10:00	57.39762	17.88714	12	0	10	0	0	0	0	0.005	13.2	5	1020	18	1	59	0.1	130	0	99	100	95	1	0	1	1	1	1	0	0	1	0	0	7	88	0	71	4	0	10	5	
2026-04-19 02:20:00	57.3972	17.88792	11	0	11	0	0	0	0	0.005	13.2	5	1021	18	1	28	0.1	135	100	99	100	95	1	0	0	1	1	1	1	0	1	0	0	9	92	0	40	4	0	10	5	
2026-04-19 02:30:00	57.39915	17.88828	11	0	12	0	0	0	0	0.005	13.2	5	1021	18	1	27	0.4	6	-100	102	100	85	1	0	1	0	1	1	1	0	0	0	89	0	11	0	190	-4	2	-10	5	
2026-04-19 02:40:00	57.39831	17.88873	11	0	13	0	0	0	0	0.005	13.2	5	1020	18	1	30	0.2	164	0	101	100	90	1	0	1	1	0	1	1	0	1	0	11	3	85	0	125	4	2	10	5	
2026-04-19 02:50:00	57.39747	17.88945	11	0	14	0	0	0	0	0.005	13.2	5	1020	18	1	29	0.2	155	0	99	100	90	1	0	1	1	1	0	1	0	1	0	0	9	92	0	76	4	0	10	5	
2026-04-19 03:00:00	57.39681	17.8899	11	0	15	0	0	0	0	0.005	13.2	5	1020	18	1	35	0.1	161	100	98	100	90	1	0	0	1	1	1	0	0	1	0	0	12	88	0	10	4	0	10	5	
2026-04-19 03:10:00	57.39912	17.89008	12	0	16	0	0	0	0	0.005	13.2	5	1020	18	1	33	0.4	3	-100	102	100	90	1	0	1	0	1	1	1	0	0	0	86	2	11	0	190	-4	2	-10	5	
2026-04-19 03:20:00	57.39813	17.88996	11	0	17	0	0	0	0	0.005	13.2	5	1020	18	1	29	0.2	184	0	100	100	95	1	0	1	1	0	1	1	0	1	0	11	1	84	0	121	4	2	10	5	
2026-04-19 03:30:00	57.39699	17.89197	12	0	18	0	0	0	0	0.005	13.2	5	1020	18	1	26	0.3	136	100	99	100	95	1	0	1	1	1	0	1	0	1	0	0	1	100	0	58	4	0	10	5	
2026-04-19 03:40:00	57.39552	17.89446	11	0	19	0	0	0	0	0.005	13.2	5	1020	18	1	33	0.4	138	200	97	100	95	1	0	0	1	1	1	0	0	0	0	0	3	97	0	10	4	0	10	5	
2026-04-19 03:50:00	57.3981	17.895	12	0	20	0	0	0	0	0.005	13.2	5	1021	18	1	29	0.5	6	-100	101	100	75	1	0	1	0	1	1	1	0	1	0	91	1	8	0	158	-4	2	-10	5	
2026-04-19 04:00:00	57.39648	17.8959	12	0	21	0	0	0	0	0.005	13.2	5	1020	18	1	27	0.3	163	100	99	100	85	1	0	0	1	0	1	1	0	1	0	8	2	90	0	45	4	2	10	5	
2026-04-19 04:10:00	57.39897	17.89674	13	0	22	0	0	0	0	0.005	13.2	5	1020	18	1	32	0.5	11	-200	103	100	90	1	0	1	0	1	0	1	0	0	0	89	3	7	0	190	-4	2	-10	5	
2026-04-19 04:20:00	57.39747	17.89788	13	0	23	0	0	0	0	0.005	13.3	5	1020	18	1	28	0.3	158	0	101	100	90	1	0	1	1	0	1	0	0	1	0	8	2	90	0	127	4	2	10	5	
2026-04-19 04:30:00	57.39591	17.89914	13	0	24	0	0	0	0	0.005	13.3	5	1021	18	1	33	0.3	156	100	98	100	90	1	0	0	1	1	0	1	0	0	0	0	5	95	0	10	4	0	10	5	
2026-04-19 04:40:00	57.39873	17.90019	12	0	25	0	0	0	0	0.005	13.4	5	1020	18	1	28	0.5	11	-200	104	100	90	1	0	1	0	1	1	0	0	0	0	94	0	6	0	190	-4	2	-10	5	
2026-04-19 04:50:00	57.39723	17.90148	41	0	26	0	0	0	0	0.005	13.4	5	1021	18	1	34	0.3	155	-100	101	100	90	1	0	1	1	0	1	1	0	1	0	7	0	92	0	136	4	2	10	5	
2026-04-19 05:00:00	57.39543	17.90271	11	0	27	0	0	0	0	0.005	13.5	5	1021	18	1	55	0.4	160	100	98	100	90	1	0	0	1	1	0	1	0	0	0	0	0	95	0	10	4	0	10	5	
2026-04-19 05:10:00	57.39861	17.90379	11	0	28	0	0	0	0	0.005	13.8	5	1021	18	1	26	0.6	10	-200	104	100	90	1	0	1	0	1	1	0	0	0	0	92	0	8	0	190	-4	2	-10	5	
2026-04-19 05:20:00	57.39726	17.90481	11	0	29	0	0	0	0	0.005	13.8	5	1021	18	2	45	0.3	158	-100	102	100	90	1	0	1	1	0	1	1	0	1	0	8	3	85	0	170	4	2	10	5	
2026-04-19 05:30:00	57.3951	17.90679	11	0	0	0	0	0	0	0.005	13.8	5	1021	18	1	26	0.4	153	100	98	100	90	1	0	0	1	1	0	1	0	0	0	0	1	100	0	10	4	0	10	5	
2026-04-19 05:40:00	57.39828	17.90769	12	0	1	0	0	0	0	0.005	13.7	5	1021	18	1	27	0.6	9	-200	105	100	85	1	0	1	0	1	1	0	0	0	0	90	3	7	0	190	-4	2	-10	5	
2026-04-19 05:50:00	57.39705	17.90859	11	0	2	0	0	0	0	0.005	13.7	5	1021	18	1	36	0.2	159	-100	102	100	90	1	0	1	1	0	1	1	0	0	0	9	1	88	0	190	4	2	10	5	
2026-04-19 06:00:00	57.3951	17.90958	12	0	3	0	0	0	0	0.005	13.7	5	1021	18	2	50	0.4	165	100	98	100	90	1	0	0	1	1	0	1	0	1	0	0	1	96	0	33	4	0	10	5	
2026-04-19 06:10:00	57.39837	17.9103	41	0	4	0	0	0	0	0.005	13.6	6	1021	18	1	29	0.6	7	-300	106	100	90	1	0	1	0	1	1	0	0	0	0	90	1	9	0	190	-4	2	-10	5	
2026-04-19 06:50:00	57.39579	17.913	12	0	8	0	0	0	0	0.005	13.6	6	1021	18	3	78	0.5	15	0	100	100	95	1	0	1	0	1	1	1	0	1	0	77	5	5	0	110	-4	2	-10	5	
2026-04-19 07:00:00	57.3939	17.91321	12	0	9	0	0	0	0	0.005	13.5	6	1021	18	1	33	0.3	177	200	96	100	95	1	0	0	1	0	1	1	0	0	0	9	0	90	0	10	4	2	10	5	
2026-04-19 07:10:00	57.39702	17.91585	11	0	10	0	0	0	0	0.005	13.5	6	1021	18	1	29	0.6	25	-200	105	100	105	1	0	1	0	1	0	1	0	0	0	94	0	6	0	190	-4	2	-10	5	
2026-04-19 07:20:00	57.40314	17.91336	12	0	11	0	0	1	0	0.005	13.5	6	1021	18	1	41	1.2	348	-800	118	100	105	0	0	2	3	0	1	0	0	0	0	98	0	0	0	190	-1	1	-10	5	
2026-04-19 07:40:00	57.41457	17.90649	12	0	12	0	0	1	0	0.005	13.5	6	1021	18	1	34	1.1	342	-2000	132	100	105	0	0	2	3	3	0	1	0	0	0	100	0	0	0	190	-1	0	-10	5	
2026-04-19 08:00:00	57.42519	17.89884	12	0	13	0	0	0	0	0.005	13.5	6	1021	17	1	33	1.1	339	-3100	139	100	105	0	0	2	3	3	3	0	0	0	0	100	0	0	0	190	-1	0	-10	5	
2026-04-19 08:20:00	57.43608	17.8935	12	0	14	0	0	0	0	0.005	13.5	6	1022	17	1	27	1	345	-4200	144	100	105	0	0	2	3	3	3	3	0	0	0	100	0	0	0	190	-1	0	-10	5	
2026-04-19 08:40:00	57.44592	17.88747	41	0	15	0	0	0	0	0.005	13.5	6	1022	17	1	41	0.9	342	-5200	147	100	105	0	0	2	3	3	3	3	0	0	0	100	0	0	0	190	-1	0	-10	5	
2026-04-19 09:00:00	57.45651	17.87769	12	0	16	0	0	0	0	0.005	13.5	6	1022	17	1	65	1.1	334	-6300	148	100	105	0	0	2	3	3	3	3	0	0	0	100	0	0	0	190	-1	0	-10	5	
2026-04-19 09:20:00	57.46983	17.87217	11	0	17	0	0	0	0	0.005	13.5	6	1022	17	2	61	1.3	347	-7700	151	100	105	0	0	2	3	3	3	3	0	0	0	100	0	0	0	190	-1	0	-10	5	
2026-04-19 09:40:00	57.48324	17.86956	13	0	18	0	0	0	0	0.005	13.4	6	1022	17	1	36	1.2	354	-9100	154	100	105	0	0	2	3	3	3	3	0	0	0	100	0	0	0	190	-1	0	-10	5	
2026-04-19 10:00:00	57.4923	17.85534	14	0	19	0	0	0	0	0.005	13.4	6	1023	17	2	52	1.1	320	-10000	152	100	105	0	0	2	3	3	3	3	0	0	0	100	0	0	0	190	-1	0	-10	5	
2026-04-19 10:20:00	57.50235	17.84304	40	0	20	0	0	0	0	0.005	13.4	6	1023	17	2	49	1.1	327	-11000	152	100	105	0	0	2	3	3	3	3	0	0	0	100	0	0	0	189	-1	0	-10	5	
2026-04-19 10:40:00	57.51051	17.82861	11	0	21	0	0	0	0	0.005	13.4	6	1023	17	3	100	1.1	316	-11800	150	100	105	0	0	2	3	3	3	3	0	0	0	100	0	0	0	185	-1	0	-10	5	
2026-04-19 11:00:00	57.51729	17.81037	14	0	22	0	0	0	0	0.005	13.4	6	1023	17	1	31	1.1	305	-12500	148	100	105	0	0	2	3	3	3	3	0	0	0	100	0	0	0	179	-1	0	-10	5	
2026-04-19 11:20:00	57.52359	17.79276	11	0	23	0	0	0	0	0.005	13.4	7	1023	17	1	34	1.1	304	-13200	147	100	105	0	0	2	3	3	3	3	0	0	0	100	0	0	0	175	-1	0	-10	5	
2026-04-19 11:40:00	57.52473	17.77368	11	0	24	0	0	0	0	0.005	13.4	7	1023	17	1	28	1	276	-13500	144	100	105	0	0	2	3	3	3	3	0	0	0	100	0	0	0	170	-1	0	-10	5	
2026-04-19 12:00:00	57.53373	17.75856	12	0	25	0	0	0	0	0.005	13.4	6	1023	17	1	28	1.1	318	-14700	143	100	105	0	0	2	3	3	3	3	0	0	0	100	0	0	0	167	-1	0	-10	5	
2026-04-19 12:20:00	57.54096	17.7585	12	0	26	0	0	1	0	0.005	13.4	6	1023	17	1	30	0.7	360	-15400	145	100	105	0	0	2	0	3	3	3	0	0	0	100	1	0	0	168	-4	1	-10	5	
2026-04-19 12:40:00	57.54741	17.75847	12	0	27	0	0	0	0	0.005	13.4	6	1023	17	1	25	0.6	360	-16200	146	100	105	0	0	2	0	0	3	3	0	0	0	99	2	0	0	168	-4	0	-10	5	
2026-04-19 13:00:00	57.55449	17.7567	13	0	28	0	0	0	0	0.005	13.4	6	1024	17	1	27	0.7	352	-16900	147	100	105	0	0	2	0	0	0	3	0	0	0	99	2	0	0	169	-4	0	-10	5	
2026-04-19 13:20:00	57.5613	17.75493	41	0	29	0	0	0	0	0.005	13.4	6	1023	17	1	34	0.6	352	-17700	148	100	105	0	0	2	0	0	0	0	0	0	0	100	1	0	0	169	-4	0	-10	5	
2026-04-19 13:40:00	57.56802	17.75334	12	0	0	0	0	0	0	0.005	13.4	6	1024	17	1	60	0.6	353	-18500	149	100	105	0	0	2	0	0	0	0	0	0	0	100	1	0	0	169	-4	0	-10	5	
2026-04-19 14:00:00	57.57612	17.75202	11	0	1	0	0	0	0	0.005	13.4	6	1023	17	1	32	0.8	355	-19400	149	100	105	0	0	2	0	0	0	0	0	0	0	100	0	0	0	169	-4	0	-10	5	
2026-04-19 14:20:00	57.58377	17.74833	13	0	2	0	0	0	0	0.005	13.4	6	1023	17	2	49	0.7	346	-20200	150	100	105	0	0	2	0	0	0	0	0	0	0	100	0	0	0	169	-4	0	-10	5	
2026-04-19 14:40:00	57.59115	17.74068	14	0	3	0	0	0	0	0.005	13.4	6	1023	17	1	40	0.8	331	-21100	150	100	105	0	0	2	0	0	0	0	0	0	0	100	0	0	0	168	-4	0	-10	5	
2026-04-19 15:00:00	57.59886	17.73213	41	0	4	0	0	0	0	0.005	13.4	6	1024	18	1	32	0.8	329	-22100	150	100	105	0	0	2	0	0	0	0	0	0	0	100	1	0	0	167	-4	0	-10	5	
2026-04-19 15:20:00	57.60651	17.72412	12	0	5	0	0	0	0	0.005	13.4	6	1024	18	1	56	0.8	331	-23000	150	100	105	0	0	2	0	0	0	0	0	0	0	100	0	0	0	167	-4	0	-10	5	
2026-04-19 15:40:00	57.61389	17.71377	12	0	6	0	0	0	0	0.005	13.4	6	1024	18	1	30	0.9	323	-23900	150	100	105	0	0	1	0	0	0	0	0	0	0	100	0	0	0	166	-4	0	-10	5	
2026-04-19 16:00:00	57.62139	17.70249	14	0	7	0	0	0	0	0.005	13.3	5	1024	18	1	27	0.9	321	-24900	149	100	105	0	0	1	0	0	0	0	0	0	0	100	1	0	0	165	-4	0	-10	5	
2026-04-19 16:20:00	57.62835	17.69076	14	0	8	0	0	0	0	0.005	13.3	5	1024	18	1	34	0.9	318		149	100	105	0	0	1	0	0	0	0	0	0	0	100	0	0	0	164	-4	0	-10	5	
2026-04-19 16:40:00	57.63492	17.67864	41	0	9	0	0	0	0	0.005	13.5	5	1024	18	1	34	0.8	315		149	100	105	0	0	1	0	0	0	0	0	0	0	100	1	0	0	163	-4	0	-10	5	
2026-04-19 17:00:00	57.64146	17.66688	11	0	10	0	0	0	0	0.005	13.8	5	1024	18	1	59	0.9	316		148	100	105	0	0	1	0	0	0	0	0	0	0	100	0	0	0	162	-4	0	-10	5	
2026-04-19 17:20:00	57.64767	17.65554	13	0	11	0	0	0	0	0.005	13.7	5	1024	18	1	26	0.8	316		148	100	105	0	0	1	0	0	0	0	0	0	0	99	2	0	0	161	-4	0	-10	5	
2026-04-19 17:40:00	57.65469	17.6442	13	0	12	0	0	0	0	0.005	13.7	5	1024	18	1	27	0.9	319		148	100	105	0	0	1	0	0	0	0	0	0	0	100	0	0	0	160	-4	0	-10	5	
2026-04-19 18:00:00	57.66195	17.63352	13	0	13	0	0	0	0	0.005	13.7	5	1024	18	1	28	0.9	322		147	100	105	0	0	1	0	0	0	0	0	0	0	100	1	0	0	159	-4	0	-10	5	
2026-04-19 18:20:00	57.66951	17.62359	13	0	14	0	0	0	0	0.005	13.7	5	1024	18	1	32	0.9	325		147	100	105	0	0	1	0	0	0	0	0	0	0	100	0	0	0	159	-4	0	-10	5	
2026-04-19 18:40:00	57.67725	17.61339	16	0	15	0	0	0	0	0.005	13.6	5	1024	18	1	30	0.9	325		147	100	105	0	0	1	0	0	0	0	0	0	0	100	1	0	0	158	-4	0	-10	5	
2026-04-19 19:00:00	57.68511	17.60337	47	0	16	0	0	0	0	0.005	13.6	5	1024	18	1	31	0.9	326		147	100	105	0	0	1	0	0	0	0	0	0	0	99	2	0	0	158	-4	0	-10	5	
2026-04-19 19:20:00	57.69222	17.59491	14	0	17	0	0	0	0	0.005	13.6	4	1024	18	1	64	0.8	328		147	100	105	0	0	1	0	0	0	0	0	0	0	100	1	0	0	158	-4	0	-10	5	
2026-04-19 19:40:00	57.69903	17.58558	41	0	18	0	0	0	0	0.005	13.6	4	1024	18	1	31	0.8	324		147	100	105	0	0	1	0	0	0	0	0	0	0	93	2	6	0	157	-4	0	-10	5	
2026-04-19 20:00:00	57.70704	17.57733	13	0	19	0	0	0	0	0.005	13.6	4	1025	18	1	58	0.9	331		147	100	105	0	0	1	0	0	0	0	0	0	0	100	0	0	0	157	-4	0	-10	5	
2026-04-19 20:20:00	57.71493	17.57157	11	0	20	0	0	0	0	0.005	13.6	4	1025	18	1	32	0.8	339		147	100	105	0	0	1	0	0	0	0	0	0	0	100	0	0	0	157	-4	0	-10	5	
2026-04-19 20:40:00	57.72315	17.56581	12	0	21	0	0	0	0	0.005	13.6	4	1025	18	2	46	0.8	340		148	100	105	0	0	1	0	0	0	0	0	0	0	100	0	0	0	157	-4	0	-10	5	
2026-04-19 21:00:00	57.73143	17.56032	12	0	22	0	0	0	0	0.005	13.6	4	1025	18	1	29	0.8	340		148	100	105	0	0	1	0	0	0	0	0	0	0	100	1	0	0	157	-4	0	-10	5	
2026-04-19 21:20:00	57.7398	17.55411	13	0	23	0	0	0	0	0.005	13.5	4	1025	18	2	47	0.8	338		148	100	105	0	0	1	0	0	0	0	0	0	0	100	1	0	0	157	-4	0	-10	5	
2026-04-19 21:40:00	57.73653	17.56113	13	0	24	0	0	3	0	0.005	13.5	4	1025	18	2	49	0.5	131		359	100	60	1	0	3	1	0	0	0	0	0	0	3	0	98	0	343	4	2	10	5	
2026-04-19 22:00:00	57.74415	17.54298	40	0	25	0	0	0	0	0.005	13.5	4	1025	18	2	54	1.1	308		0	100	60	1	0	3	3	1	0	0	0	0	0	97	0	4	0	344	-1	2	-10	5	
2026-04-19 22:20:00	57.75093	17.5233	12	0	26	0	0	0	0	0.005	13.5	4	1026	18	1	59	1.2	303		2	100	60	1	0	3	3	3	1	0	0	0	0	100	0	0	0	345	-1	0	-10	5	
2026-04-19 22:40:00	57.7578	17.50419	13	0	27	0	0	0	0	0.005	13.5	4	1026	18	1	30	1.1	304		3	100	60	1	0	3	3	3	3	1	0	0	0	100	0	0	0	346	-1	0	-10	5	
2026-04-19 23:20:00	57.77157	17.46792	12	0	29	0	0	0	0	0.005	13.5	4	1026	18	3	92	1.1	303		5	100	60	1	0	3	3	3	3	3	0	0	0	100	0	0	0	348	-1	0	-10	5	
2026-04-19 23:40:00	57.77424	17.45079	12	0	0	0	0	0	0	0.005	13.5	4	1026	18	3	73	0.9	286		6	100	60	1	0	0	3	3	3	3	0	0	0	100	0	0	0	349	-1	0	-10	5	
2026-04-20 00:00:00	57.78072	17.44404	13	0	1	0	0	0	0	0.005	13.4	4	1026	18	1	30	0.7	331		6	100	60	1	0	0	0	3	3	3	0	0	0	100	1	0	0	349	-4	1	-10	5	
2026-04-20 00:20:00	57.78669	17.43819	13	0	2	0	0	0	0	0.005	13.4	4	1026	18	1	33	0.6	332		7	100	60	1	0	0	0	0	3	3	0	0	0	96	5	0	0	350	-4	0	-10	5	
2026-04-20 00:40:00	57.79311	17.43294	40	0	3	0	0	0	0	0.005	13.4	4	1026	18	1	30	0.6	336		7	100	60	1	0	0	0	0	0	3	0	0	0	100	0	0	0	350	-4	0	-10	5	
2026-04-20 01:00:00	57.79842	17.42706	14	0	4	0	0	0	0	0.005	13.4	4	1026	18	1	57	0.6	329		8	100	60	1	0	0	0	0	0	0	0	0	0	86	9	7	0	350	-4	0	-10	5	
2026-04-20 01:20:00	57.80505	17.42235	13	0	5	0	0	0	0	0.005	13.4	4	1027	18	1	32	0.7	339		8	100	60	1	0	0	0	0	0	0	0	0	0	100	0	0	0	350	-4	0	-10	5	
2026-04-20 01:40:00	57.81132	17.41707	14	0	6	0	0	0	0	0.005	13.4	4	1026	18	1	30	0.6	336		8	100	60	1	0	0	0	0	0	0	0	0	0	100	1	0	0	350	-4	0	-10	5	
2026-04-20 02:00:00	57.81732	17.41005	41	0	7	0	0	0	0	0.005	13.4	4	1027	18	2	66	0.6	328		9	100	60	1	0	0	0	0	0	0	0	0	0	99	2	0	0	351	-4	0	-10	5	
2026-04-20 02:20:00	57.82419	17.4039	12	0	8	0	0	0	0	0.005	13.4	4	1027	18	1	61	0.7	335		10	100	60	1	0	0	0	0	0	0	0	0	0	100	0	0	0	351	-4	0	-10	5	
2026-04-20 02:40:00	57.831	17.39868	12	0	9	0	0	0	0	0.005	13.4	4	1027	18	2	48	0.7	338		10	100	60	1	0	0	0	0	0	0	0	0	0	100	0	0	0	351	-4	0	-10	5	
2026-04-20 03:00:00	57.83748	17.39241	12	0	10	0	0	0	0	0.005	13.4	4	1027	18	1	33	0.7	333		11	100	60	1	0	0	0	0	0	0	0	0	0	100	0	0	0	352	-4	0	-10	5	
2026-04-20 03:20:00	57.84321	17.38638	13	0	11	0	0	0	0	0.005	13.4	4	1027	18	1	41	0.6	331		11	100	60	1	0	0	0	0	0	0	0	0	0	100	1	0	0	352	-4	0	-10	5	
2026-04-20 03:40:00	57.84879	17.37984	12	0	12	0	0	0	0	0.005	13.4	4	1027	18	1	31	0.6	328		12	100	60	1	0	0	0	0	0	0	0	0	0	100	0	0	0	353	-4	0	-10	5	
2026-04-20 04:00:00	57.85506	17.37339	41	0	13	0	0	0	0	0.005	13.5	4	1027	18	3	63	0.6	331		12	100	60	1	0	0	0	0	0	0	0	0	0	100	0	0	0	353	-4	0	-10	5	
2026-04-20 04:20:00	57.86058	17.36736	12	0	14	0	0	0	0	0.005	13.8	4	1027	18	1	57	0.6	330		13	100	60	1	0	0	0	0	0	0	0	0	0	99	2	0	0	353	-4	0	-10	5	
2026-04-20 04:40:00	57.86604	17.36076	14	0	15	0	0	0	0	0.005	13.8	4	1027	18	1	28	0.6	327		13	100	60	1	0	0	0	0	0	0	0	0	0	98	3	0	0	354	-4	0	-10	5	
2026-04-20 05:00:00	57.87177	17.35446	12	0	16	0	0	0	0	0.005	13.8	4	1028	18	1	31	0.6	330		14	100	60	1	0	0	0	0	0	0	0	0	0	100	0	0	0	354	-4	0	-10	5	
2026-04-20 05:20:00	57.8778	17.34882	12	0	17	0	0	0	0	0.005	13.8	4	1028	18	1	29	0.6	333		15	100	60	1	0	0	0	0	0	0	0	0	0	100	0	0	0	355	-4	0	-10	5	
2026-04-20 05:40:00	57.88371	17.34333	13	0	18	0	0	0	0	0.005	13.7	5	1028	18	1	31	0.6	334		15	100	60	1	0	0	0	0	0	0	0	0	0	100	1	0	0	355	-4	0	-10	5	
2026-04-20 06:00:00	57.88944	17.33742	40	0	19	0	0	0	0	0.005	13.7	5	1028	18	2	61	0.6	331		16	100	60	1	0	0	0	0	0	0	0	0	0	98	3	0	0	356	-4	0	-10	5	
2026-04-20 06:20:00	57.89406	17.33166	13	0	20	0	0	0	0	0.005	13.7	5	1028	18	2	95	0.5	326		16	100	60	1	0	0	0	0	0	0	0	0	0	100	0	0	0	356	-4	0	-10	5	
2026-04-20 06:40:00	57.89925	17.32455	12	0	21	0	0	0	0	0.005	13.6	5	1028	18	1	37	0.6	324		17	100	60	1	0	0	0	0	0	0	0	0	0	100	1	0	0	357	-4	0	-10	5	
2026-04-20 07:00:00	57.90435	17.31639	12	0	22	0	0	0	0	0.005	13.6	5	1028	18	2	52	0.6	320		18	100	60	1	0	0	0	0	0	0	0	0	0	100	0	0	0	357	-4	0	-10	5	
2026-04-20 07:20:00	57.90885	17.30727	12	0	23	0	0	0	0	0.005	13.6	5	1028	18	1	31	0.6	313		19	100	60	1	0	0	0	0	0	0	0	0	0	100	0	0	0	358	-4	0	-10	5	
2026-04-20 07:40:00	57.91161	17.2995	14	0	24	0	0	0	0	0.005	13.6	5	1028	18	1	29	0.5	304		19	100	60	1	0	0	0	0	0	0	0	0	0	88	6	7	0	359	-4	0	-10	5	
2026-04-20 08:00:00	57.91482	17.29185	41	0	25	0	0	0	0	0.005	13.6	5	1029	18	1	34	0.5	308		20	100	60	1	0	0	0	0	0	0	0	0	0	94	7	0	0	360	-4	0	-10	5	
2026-04-20 08:20:00	57.91779	17.28246	11	0	26	0	0	0	0	0.005	13.6	6	1029	17	1	56	0.6	301		21	100	60	1	0	0	0	0	0	0	0	0	0	90	11	0	0	1	-4	0	-10	5	
2026-04-20 08:40:00	57.92079	17.27325	13	0	27	0	0	0	0	0.005	13.6	6	1029	17	1	31	0.5	301		22	100	60	1	0	0	0	0	0	0	0	0	0	100	0	0	0	2	-4	0	-10	5	
2026-04-20 09:00:00	57.92373	17.26194	11	0	28	0	0	0	0	0.005	13.6	6	1029	17	1	28	0.6	296		23	100	60	1	0	0	0	0	0	0	0	0	0	100	1	0	0	3	-4	0	-10	5	
2026-04-20 09:20:00	57.92676	17.25072	13	0	29	0	0	0	0	0.005	13.6	6	1029	17	2	44	0.6	297		24	100	60	1	0	0	0	0	0	0	0	0	0	98	3	0	0	4	-4	0	-10	5	
2026-04-20 09:40:00	57.92925	17.24082	41	0	0	0	0	0	0	0.005	13.5	6	1029	17	1	29	0.5	295		25	100	60	1	0	1	0	0	0	0	0	0	0	100	1	0	0	5	-4	0	-10	5	
2026-04-20 10:00:00	57.92961	17.24952	12	0	1	0	0	0	0	0.005	13.5	6	1029	17	2	87	0.4	85		24	100	10	1	0	0	1	0	0	0	0	0	0	4	0	97	0	5	4	2	10	5	
2026-04-20 10:20:00	57.9324	17.24082	12	0	2	0	0	0	0	0.005	13.5	6	1029	17	1	33	0.5	301		25	100	15	1	0	0	0	1	0	0	0	0	0	97	0	4	0	6	-4	2	-10	5	
2026-04-20 10:40:00	57.93507	17.232	12	0	3	0	0	0	0	0.005	13.5	6	1029	17	1	29	0.5	300		26	100	15	1	0	0	0	0	1	0	0	0	0	100	0	0	0	7	-4	0	-10	5	
2026-04-20 11:00:00	57.93708	17.22525	12	0	4	0	0	0	0	0.005	13.5	6	1029	17	1	36	0.4	299		26	100	15	1	0	0	0	0	0	1	0	0	0	94	7	0	0	7	-4	0	-10	5	
2026-04-20 11:20:00	57.93864	17.21757	12	0	5	0	0	0	0	0.005	13.5	6	1029	17	1	32	0.4	291		27	100	15	1	0	1	0	0	0	0	0	0	0	99	2	0	0	8	-4	0	-10	5	
2026-04-20 11:40:00	57.93885	17.22465	12	0	6	0	0	0	0	0.005	13.5	6	1029	17	2	55	0.3	87		26	100	10	1	0	0	1	0	0	0	0	0	0	4	1	96	0	7	4	2	10	5	
2026-04-20 12:00:00	57.94062	17.21751	40	0	7	0	0	0	0	0.005	13.5	6	1029	17	1	32	0.4	295		27	100	10	1	0	1	0	1	0	0	0	0	0	95	1	6	0	8	-4	3	-10	5	
2026-04-20 12:20:00	57.9405	17.22522	12	0	8	0	0	0	0	0.005	13.4	6	1029	17	1	54	0.4	92		26	100	15	1	0	0	1	0	1	0	0	0	0	5	1	95	0	7	4	2	10	5	
2026-04-20 12:40:00	57.94299	17.21862	11	0	9	0	0	0	0	0.005	13.4	6	1029	17	1	26	0.4	305		27	100	20	1	0	0	0	1	0	1	0	0	0	95	1	5	0	8	-4	2	-10	5	
2026-04-20 13:00:00	57.94608	17.21331	12	0	10	0	0	0	0	0.005	13.4	6	1028	17	1	29	0.4	318		28	100	20	1	0	0	0	0	1	0	0	0	0	100	0	0	0	9	-4	0	-10	5	
2026-04-20 13:20:00	57.9507	17.20905	12	0	11	0	0	0	0	0.005	13.4	6	1028	17	1	30	0.5	334		28	100	20	1	0	0	0	0	0	1	0	0	0	100	0	0	0	10	-4	0	-10	5	
2026-04-20 13:40:00	57.95403	17.20533	12	0	12	0	0	2	0	0.005	13.4	6	1028	17	1	31	0.4	330	500	302	100	20	1	0	0	0	0	0	0	0	0	0	100	1	0	0	218	-4	0	-10	5	
2026-04-20 14:00:00	57.95757	17.19996	12	0	13	0	0	0	0	0.005	13.4	6	1028	18	1	36	0.4	321	600	300	100	20	1	0	3	0	0	0	0	0	0	0	100	0	0	0	218	-4	0	-10	5	
2026-04-20 14:20:00	57.95805	17.18622	41	0	14	0	0	0	0	0.005	13.4	6	1028	18	3	83	0.7	274	200	305	100	20	1	0	1	3	0	0	0	0	0	0	100	0	0	0	218	-1	1	-10	5	
2026-04-20 14:40:00	57.95571	17.193	11	0	15	0	0	0	0	0.005	13.4	5	1028	18	1	58	0.4	123	200	305	100	20	1	0	1	1	3	0	0	0	0	0	2	2	97	0	218	4	2	10	5	
2026-04-20 15:00:00	57.95328	17.20008	12	0	16	0	0	0	0	0.005	13.4	6	1028	18	2	46	0.4	123	200	305	100	20	1	0	1	1	1	3	0	0	0	0	0	2	99	0	218	4	0	10	5	
2026-04-20 15:20:00	57.95133	17.20572	12	0	17	0	0	0	0	0.005	13.4	6	1028	18	2	49	0.3	123	300	305	100	20	1	0	1	1	1	1	3	0	0	0	0	1	100	0	218	4	0	10	5	
2026-04-20 15:40:00	57.94938	17.21067	12	0	18	0	0	0	0	0.005	13.4	6	1028	18	1	27	0.3	127	300	305	100	20	1	0	1	1	1	1	1	0	0	0	0	1	100	0	218	4	0	10	5	
2026-04-20 16:00:00	57.94641	17.21445	13	0	19	0	0	0	0	0.005	13.4	6	1028	18	1	40	0.3	146	200	306	100	20	1	0	0	1	1	1	1	0	0	0	9	3	90	0	218	4	0	10	5	
2026-04-20 16:20:00	57.95055	17.21169	14	0	20	0	0	0	0	0.005	13.7	5	1028	17	1	29	0.4	340	400	303	100	65	1	0	1	0	1	1	1	0	0	0	97	1	3	0	218	-4	2	-10	5	
2026-04-20 16:40:00	57.94926	17.21562	12	0	21	0	0	0	0	0.005	13.7	5	1028	18	1	39	0.2	122	400	303	100	55	1	0	1	1	0	1	1	0	0	0	5	5	92	0	218	4	2	10	5	
2026-04-20 17:00:00	57.94845	17.2194	13	0	22	0	0	0	0	0.005	13.7	5	1028	18	1	29	0.2	112	500	303	100	55	1	0	1	1	1	0	1	0	0	0	0	3	98	0	218	4	0	10	5	
2026-04-20 17:20:00	57.9486	17.22327	41	0	23	0	0	0	0	0.005	13.6	5	1028	18	1	35	0.2	86	700	302	100	55	1	0	2	1	1	1	0	0	0	0	0	3	98	0	218	4	0	10	5	
2026-04-20 17:40:00	57.9483	17.22687	13	0	24	0	0	0	0	0.005	13.6	5	1028	18	1	58	0.2	99	800	301	100	55	1	0	3	2	1	1	1	0	0	0	0	1	100	0	220	1	1	10	5	
2026-04-20 18:00:00	57.94704	17.22849	12	0	25	0	0	1	0	0.005	13.6	5	1028	18	1	41	0.1	145	700	301	100	320	1	0	1	3	2	1	1	0	0	0	27	5	69	0	232	-1	9	-10	5	
2026-04-20 18:20:00	57.94725	17.23287	12	0	26	0	0	0	0	0.005	13.6	4	1028	18	1	38	0.2	85	1000	300	100	320	1	0	0	1	3	2	1	0	0	0	0	1	100	0	241	4	1	10	5	
2026-04-20 18:40:00	57.94776	17.22822	12	0	27	0	0	0	0	0.005	13.6	4	1028	18	2	56	0.2	282	800	301	100	5	1	0	3	0	1	3	2	0	0	0	94	1	6	0	227	-4	2	-10	5	
2026-04-20 19:00:00	57.94479	17.2245	41	0	28	0	0	0	0	0.005	13.5	4	1029	18	1	30	0.3	214	400	304	100	5	1	0	0	3	0	1	3	0	0	0	87	2	12	0	240	-1	7	-10	5	
2026-04-20 19:20:00	57.94563	17.22045	12	0	29	0	0	0	0	0.005	13.5	4	1028	18	1	58	0.2	291	300	305	100	5	1	0	0	0	3	0	1	0	0	0	96	3	3	0	218	-4	2	-10	5	
2026-04-20 19:40:00	57.94656	17.21652	12	0	0	0	0	0	0	0.005	13.5	4	1028	18	1	29	0.2	294	200	305	100	5	1	0	0	0	0	3	0	0	0	0	91	10	0	0	218	-4	0	-10	5	
2026-04-20 19:50:00	57.94698	17.21472	12	0	1	0	0	2	0	0.005	13.5	4	1029	18	2	48	0.2	294	200	306	5000	5	1	0	0	0	0	0	3	0	1	0	93	4	0	0	305	-4	0	-10	5	
2026-04-20 20:00:00	57.94776	17.21202	13	0	2	0	0	0	0	0.005	13.5	4	1029	18	1	25	0.3	299	200	306	5000	5	1	0	0	0	0	0	0	0	1	0	99	2	0	0	305	-4	0	-10	5	
2026-04-20 20:10:00	57.94809	17.21031	12	0	3	0	0	0	0	0.005	13.5	4	1029	18	1	30	0.2	291	200	306	5000	5	1	0	0	0	0	0	0	0	1	0	91	10	0	0	306	-4	0	-10	5	
2026-04-20 20:20:00	57.9486	17.20788	14	0	4	0	0	0	0	0.005	13.5	4	1029	18	1	32	0.3	292	100	306	5000	5	1	0	0	0	0	0	0	0	1	0	96	4	0	0	306	-4	0	-10	5	
2026-04-20 20:30:00	57.94926	17.20548	14	0	5	0	0	0	0	0.005	13.5	4	1029	18	2	63	0.3	297	100	307	5000	5	1	0	0	0	0	0	0	0	1	0	93	1	0	0	307	-4	0	-10	5	
2026-04-20 20:40:00	57.94893	17.20404	13	0	6	0	0	1	0	0.005	13.5	4	1029	18	1	32	0.2	246	0	308	5000	5	1	0	0	0	0	0	0	0	1	0	73	3	24	0	308	-4	0	-10	5	
2026-04-20 21:00:00	57.9489	17.20041	15	0	7	0	0	0	0	0.005	13.5	4	1029	18	1	33	0.2	270	-100	309	5000	5	1	0	0	0	0	0	0	0	1	0	91	10	0	0	309	-4	0	-10	5	
2026-04-20 21:20:00	57.94878	17.19537	13	0	8	0	0	0	0	0.005	13.4	4	1029	18	2	49	0.2	267	-300	311	5000	5	1	0	0	0	0	0	0	0	1	0	97	1	4	0	311	-4	0	-10	5	
2026-04-20 21:40:00	57.94818	17.19189	41	0	9	0	0	0	0	0.005	13.4	4	1029	18	3	80	0.2	252	-4900	313	5000	5	1	0	0	0	0	0	0	0	1	0	83	10	9	0	313	-4	0	-10	5	
2026-04-20 22:00:00	57.9483	17.18745	12	0	10	0	0	0	0	0.005	13.4	4	1029	18	1	56	0.2	272	-4700	315	5000	5	1	0	0	0	0	0	0	0	1	0	100	1	0	0	315	-4	0	-10	5	
2026-04-20 22:20:00	57.94869	17.18301	12	0	11	0	0	0	0	0.005	13.4	4	1029	18	2	45	0.2	280	-4500	317	5000	5	1	0	0	0	0	0	0	0	1	0	100	0	0	0	317	-4	0	-10	5	
2026-04-20 22:40:00	57.94902	17.17854	12	0	12	0	0	0	0	0.005	13.4	4	1029	18	2	57	0.2	278	-4300	320	5000	5	1	0	0	0	0	0	0	0	1	0	99	2	0	0	320	-4	0	-10	5	
2026-04-20 23:00:00	57.94926	17.17422	12	0	13	0	0	0	0	0.005	13.4	4	1029	18	1	30	0.2	276	-4100	322	5000	5	1	0	0	0	0	0	0	0	1	0	99	2	0	0	322	-4	0	-10	5	
2026-04-20 23:20:00	57.94956	17.17005	12	0	14	0	0	0	0	0.005	13.4	4	1029	18	1	26	0.2	278	-3900	325	5000	5	1	0	0	0	0	0	0	0	1	0	100	0	0	0	325	-4	0	-10	5	
2026-04-20 23:40:00	57.94962	17.16636	12	0	15	0	0	0	0	0.005	13.4	4	1029	18	1	28	0.2	271	-3800	327	5000	5	1	0	0	0	0	0	0	0	1	0	100	1	0	0	327	-4	0	-10	5	
2026-04-21 00:00:00	57.9498	17.16201	40	0	16	0	0	0	0	0.005	13.4	4	1029	18	1	28	0.2	275	-3700	331	5000	5	1	0	0	0	0	0	0	0	1	0	100	0	0	0	331	-4	0	-10	5	
2026-04-21 00:20:00	57.94989	17.15817	12	0	17	0	0	0	0	0.005	13.4	4	1029	18	1	67	0.2	272	-3500	334	5000	5	1	0	0	0	0	0	0	0	1	0	99	2	0	0	334	-4	0	-10	5	
2026-04-21 00:40:00	57.94986	17.15424	11	0	18	0	0	0	0	0.005	13.4	4	1029	18	1	27	0.2	269	-3500	337	5000	5	1	0	0	0	0	0	0	0	1	0	100	1	0	0	337	-4	0	-10	5	
2026-04-21 01:00:00	57.9495	17.15016	13	0	19	0	0	0	0	0.005	13.4	4	1029	18	2	43	0.2	261	-3400	341	5000	5	1	0	1	0	0	0	0	0	1	0	95	6	0	0	341	-4	0	-10	5	
2026-04-21 01:20:00	57.95136	17.1585	11	0	20	0	0	0	0	0.005	13.4	4	1029	18	1	33	0.4	67	-3400	332	5000	340	1	0	0	1	0	0	0	0	1	0	5	0	96	0	332	4	2	10	5	
2026-04-21 01:40:00	57.95166	17.15343	12	0	21	0	0	0	0	0.005	13.4	4	1029	18	3	68	0.2	276	-3200	337	5000	345	1	0	0	0	1	0	0	0	1	0	96	1	5	0	337	-4	2	-10	5	
2026-04-21 02:00:00	57.95157	17.14809	12	0	22	0	0	0	0	0.005	13.3	4	1029	18	1	35	0.3	269	-3100	342	5000	345	1	0	0	0	0	1	0	0	1	0	100	1	0	0	342	-4	0	-10	5	
2026-04-21 02:20:00	57.95121	17.14203	14	0	23	0	0	0	0	0.005	13.3	4	1029	18	2	49	0.3	264	-3100	348	5000	345	1	0	1	0	0	0	1	0	1	0	100	1	0	0	348	-4	0	-10	5	
2026-04-21 02:40:00	57.95319	17.15025	14	0	24	0	0	0	0	0.005	13.3	4	1029	18	1	32	0.4	66	-3000	339	5000	345	1	0	0	1	0	0	0	0	1	0	5	3	93	0	339	4	2	10	5	
2026-04-21 03:00:00	57.95361	17.14449	13	0	25	0	0	0	0	0.005	13.3	4	1029	18	1	34	0.3	278	-2900	344	5000	350	1	0	0	0	1	0	0	0	1	0	97	0	4	0	344	-4	2	-10	5	
2026-04-21 03:20:00	57.95436	17.13753	40	0	26	0	0	0	0	0.005	13.3	4	1029	18	1	29	0.3	282	-2700	352	5000	350	1	0	1	0	0	1	0	0	1	0	100	1	0	0	352	-4	0	-10	5	
2026-04-21 03:40:00	57.95628	17.14611	13	0	27	0	0	0	0	0.005	13.3	4	1029	18	1	61	0.5	67	-2600	341	5000	350	1	0	0	1	0	0	1	0	1	0	5	6	90	0	341	4	2	10	5	
2026-04-21 04:00:00	57.95646	17.14026	12	0	28	0	0	0	0	0.005	13.4	4	1029	18	2	49	0.3	273	-2500	348	5000	345	1	0	1	0	1	0	0	0	1	0	96	1	4	0	348	-4	2	-10	5	
2026-04-21 04:20:00	57.95886	17.14905	14	0	29	0	0	0	0	0.005	13.5	4	1029	18	1	27	0.5	63	-2400	335	5000	345	1	0	0	1	0	1	0	0	1	0	4	1	96	0	335	4	2	10	5	
2026-04-21 04:40:00	57.95895	17.14416	12	0	0	0	0	0	0	0.005	13.8	4	1029	18	1	30	0.2	272	-2300	341	5000	340	1	0	0	0	1	0	1	0	1	0	95	0	6	0	341	-4	2	-10	5	
2026-04-21 05:00:00	57.95844	17.1378	13	0	1	0	0	0	0	0.005	13.8	4	1029	18	2	47	0.3	262	-2300	350	5000	340	1	0	1	0	0	1	0	0	1	0	98	3	0	0	350	-4	0	-10	5	
2026-04-21 05:20:00	57.96114	17.14566	12	0	2	0	0	0	0	0.005	13.7	4	1028	18	1	32	0.5	57	-2100	336	5000	335	1	0	0	1	0	0	1	0	1	0	4	2	95	0	336	4	2	10	5	
2026-04-21 05:40:00	57.96399	17.15292	13	0	3	0	0	1	0	0.005	13.7	4	1029	18	1	30	0.4	54	-2000	322	5000	335	0	0	0	1	1	0	0	0	1	0	0	1	100	0	322	4	0	10	5	
2026-04-21 06:00:00	57.96714	17.16027	40	0	4	0	0	0	0	0.005	13.7	4	1029	18	1	40	0.5	51	2100	307	5000	335	0	0	0	1	1	1	0	0	1	0	0	1	100	0	307	4	0	10	5	
2026-04-21 06:20:00	57.97029	17.16708	12	0	5	0	0	0	0	0.005	13.6	5	1028	18	1	72	0.5	49	2300	293	5000	335	0	0	0	1	1	1	1	0	1	0	0	0	100	0	293	4	0	10	5	
2026-04-21 06:40:00	57.9735	17.17452	12	0	6	0	0	0	0	0.005	13.6	5	1028	18	2	58	0.5	51	2600	282	5000	335	0	0	0	1	1	1	1	0	1	0	0	1	100	0	282	4	0	10	5	
2026-04-21 07:00:00	57.97626	17.18043	12	0	7	0	0	0	0	0.005	13.6	5	1028	18	1	29	0.4	49	2900	275	5000	335	0	0	0	1	1	1	1	0	1	0	0	3	98	0	275	4	0	10	5	
2026-04-21 07:20:00	57.97866	17.18688	12	0	8	0	0	0	0	0.005	13.6	5	1029	18	1	29	0.4	55	3300	270	5000	335	0	0	0	1	1	1	1	0	1	0	0	2	99	0	270	4	0	10	5	
2026-04-21 07:40:00	57.981	17.19345	13	0	9	0	0	0	0	0.005	13.6	5	1029	18	1	30	0.4	56	3700	266	5000	335	0	0	3	1	1	1	1	0	1	0	0	2	99	0	266	4	0	10	5	
2026-04-21 08:00:00	57.98247	17.19918	41	0	10	0	0	0	0	0.005	13.6	5	1029	18	1	32	0.3	64	4000	264	5000	335	0	0	3	1	1	1	1	0	1	0	0	5	96	0	264	4	0	10	5	
2026-04-21 08:20:00	57.9834	17.20455	12	0	11	0	0	0	0	0.005	13.6	6	1029	18	1	58	0.3	72	4300	263	5000	335	0	0	3	1	1	1	1	0	1	0	0	7	94	0	263	4	0	10	5	
2026-04-21 08:40:00	57.98367	17.21022	11	0	12	0	0	0	0	0.005	13.6	6	1029	18	1	27	0.3	84	4700	263	5000	335	0	0	3	1	1	1	1	0	1	0	11	7	83	0	263	4	0	10	5	
2026-04-21 09:00:00	57.98379	17.21532	12	0	13	0	0	0	0	0.005	13.6	6	1029	18	1	28	0.3	88	5000	263	5000	335	0	0	3	1	1	1	1	0	1	0	11	6	84	0	263	4	0	10	5	
2026-04-21 09:20:00	57.98457	17.22009	11	0	14	0	0	0	0	0.005	13.5	7	1028	18	1	29	0.2	73	3700	263	5000	335	0	0	3	1	1	1	1	0	1	0	0	9	92	0	260	4	0	10	5	
2026-04-21 09:40:00	57.98529	17.22417	12	0	15	0	0	0	0	0.005	13.5	7	1028	17	1	26	0.2	71	3900	262	5000	335	0	0	3	1	1	1	1	0	1	0	0	8	93	0	256	4	0	10	5	
2026-04-21 10:00:00	57.98613	17.22747	14	0	16	0	0	0	0	0.005	13.5	8	1028	17	1	27	0.2	64	4100	261	5000	335	0	0	3	1	1	1	1	0	1	0	0	7	94	0	252	4	0	10	5	
2026-04-21 10:20:00	57.98715	17.23086	14	0	17	0	0	0	0	0.005	13.5	9	1028	17	1	33	0.2	61	4300	261	5000	335	0	0	3	1	1	1	1	0	1	0	0	7	94	0	248	4	0	10	5	
2026-04-21 10:40:00	57.98739	17.23425	12	0	18	0	0	0	0	0.005	13.5	9	1028	17	1	32	0.2	83	4500	261	5000	335	0	0	3	1	1	1	1	0	1	0	12	13	76	0	244	4	0	10	5	
2026-04-21 11:00:00	57.98826	17.23776	40	0	19	0	0	0	0	0.005	13.5	10	1028	17	2	48	0.2	65	4700	260	5000	335	0	0	3	1	1	1	1	0	1	0	0	8	93	0	238	4	0	10	5	
2026-04-21 11:20:00	57.98835	17.23989	12	0	20	0	0	0	0	0.005	13.5	11	1028	17	1	62	0.1	85	4800	260	5000	335	0	0	3	1	1	1	1	0	1	0	0	16	85	0	235	4	0	10	5	
2026-04-21 11:40:00	57.98823	17.24196	12	0	21	0	0	0	0	0.005	13.5	11	1027	17	1	27	0.1	97	4800	261	5000	335	0	0	3	1	1	1	1	0	1	0	11	21	69	0	233	4	0	10	5	
2026-04-21 12:00:00	57.98826	17.24331	12	0	22	0	0	0	0	0.005	13.5	11	1027	17	1	28	0.1	88	4900	261	5000	335	0	0	3	1	1	1	1	0	1	0	22	24	55	0	230	4	0	10	5	
2026-04-21 12:20:00	57.98841	17.24436	14	0	23	0	0	0	0	0.005	13.5	12	1027	17	1	29	0.1	74	4900	261	5000	335	0	0	3	1	1	1	1	0	1	0	41	29	31	0	227	4	0	10	5	
2026-04-21 12:40:00	57.98892	17.2467	12	0	24	0	0	0	0	0.005	13.5	13	1027	16	1	34	0.1	69	5100	260	5000	335	0	0	3	1	1	1	1	0	1	0	23	15	64	0	218	4	0	10	5	
2026-04-21 13:00:00	57.99096	17.24958	40	0	25	0	0	0	0	0.005	13.5	13	1026	16	1	37	0.2	37	5300	259	5000	335	0	0	3	1	1	1	1	0	1	0	0	2	99	0	218	4	0	10	5	
2026-04-21 13:20:00	57.99237	17.25273	12	0	26	0	0	0	0	0.005	13.4	13	1026	16	1	58	0.2	50	5600	258	5000	335	0	0	3	1	1	1	1	0	0	0	0	4	97	0	218	4	0	10	5	
2026-04-21 13:40:00	57.9951	17.25546	12	0	27	0	0	0	0	0.005	13.4	13	1026	16	1	28	0.3	28	5900	256	5000	335	0	0	3	1	1	1	1	0	0	0	0	0	100	0	218	4	0	10	5	
2026-04-21 14:00:00	57.99669	17.25807	12	0	28	0	0	0	0	0.005	13.4	13	1026	16	1	29	0.2	41	6100	255	5000	335	0	0	3	1	1	1	1	0	0	0	0	1	100	0	218	4	0	10	5	
2026-04-21 14:20:00	57.99885	17.25306	11	0	29	0	0	0	0	0.005	13.4	13	1025	16	1	34	0.3	309	6200	252	5000	335	0	0	3	1	1	1	1	0	0	0	0	0	100	0	218	4	0	10	5	
2026-04-21 14:40:00	58.00047	17.2464	11	0	0	0	0	0	0	0.005	13.4	12	1024	16	1	30	0.4	295	6100	250	5000	335	0	0	0	1	1	1	1	0	0	0	0	0	100	0	218	4	0	10	5	
2026-04-21 15:00:00	58.00182	17.24091	13	0	1	0	0	0	0	0.005	13.4	11	1024	17	1	32	0.3	295	6000	248	5000	335	0	0	0	1	1	1	1	0	0	0	0	0	100	0	218	4	0	10	5	
2026-04-21 15:20:00	58.00269	17.2368	12	0	2	0	0	0	0	0.005	13.4	10	1024	17	1	33	0.2	292	5900	247	5000	335	0	0	0	1	1	1	1	0	0	0	0	1	100	0	218	4	0	10	5	
2026-04-21 15:40:00	58.00365	17.23251	41	0	3	0	0	0	0	0.005	13.4	9	1024	17	1	30	0.2	293	5800	245	5000	335	0	0	0	1	1	1	1	0	0	0	0	0	100	0	218	4	0	10	5	
2026-04-21 16:00:00	58.00479	17.2284	12	0	4	0	0	0	0	0.005	13.4	9	1024	17	1	57	0.2	298	5800	243	5000	335	0	0	0	1	1	1	1	0	0	0	0	0	100	0	218	4	0	10	5	
2026-04-21 16:20:00	58.00638	17.22372	12	0	5	0	0	0	0	0.005	13.4	8	1024	18	1	31	0.3	302	5800	240	5000	335	0	0	0	1	1	1	1	0	0	0	0	1	100	0	218	4	0	10	5	
2026-04-21 16:40:00	58.00797	17.21886	12	0	6	0	0	0	0	0.005	13.4	8	1024	18	1	30	0.3	302	5700	238	5000	335	0	0	0	1	1	1	1	0	0	0	0	2	99	0	218	4	0	10	5	
2026-04-21 17:00:00	58.00896	17.21415	11	0	7	0	0	0	0	0.005	13.4	7	1024	18	1	29	0.2	291	5700	235	5000	335	0	0	0	1	1	1	1	0	0	0	0	2	99	0	218	4	0	10	5	
2026-04-21 17:20:00	58.01052	17.20896	11	0	8	0	0	0	0	0.005	13.4	7	1024	18	1	32	0.3	300	5600	232	5000	335	0	0	0	1	1	1	1	0	0	0	0	3	98	0	218	4	0	10	5	
2026-04-21 17:40:00	58.01259	17.20422	12	0	9	0	0	0	0	0.005	13.5	7	1023	18	1	35	0.3	309	5600	229	5000	335	0	0	3	1	1	1	1	0	0	0	0	4	97	0	218	4	0	10	5	
2026-04-21 18:20:00	58.0161	17.19735	12	0	11	0	0	0	0	0.005	13.5	6	1023	18	3	117	0.3	319	5700	223	5000	335	0	0	3	1	1	1	1	0	0	0	0	2	99	0	218	4	0	10	5	
2026-04-21 18:40:00	58.0179	17.19339	12	0	12	0	0	0	0	0.005	13.5	6	1023	18	1	40	0.3	311	5700	220	5000	335	0	0	3	1	1	1	1	0	0	0	0	2	99	0	218	4	0	10	5	
2026-04-21 19:00:00	58.01931	17.19162	13	0	13	0	0	0	0	0.005	13.5	6	1023	18	1	31	0.2	326	5800	218	5000	335	0	0	3	1	1	1	1	0	0	0	1	8	92	0	218	4	0	10	5	
2026-04-21 19:20:00	58.01976	17.18991	12	0	14	0	0	0	0	0.005	13.5	5	1024	18	2	50	0.1	296	5700	217	5000	335	0	0	0	1	1	1	1	0	0	0	1	2	99	0	217	4	0	10	5	
2026-04-21 19:40:00	58.01826	17.18769	12	0	15	0	0	0	0	0.005	13.5	5	1024	18	1	30	0.2	218	5500	217	5000	335	0	0	1	1	1	1	1	0	0	0	0	1	100	0	217	4	0	10	5	
2026-04-21 20:00:00	58.0173	17.1855	16	0	16	0	0	0	0	0.005	13.5	5	1023	18	1	29	0.1	230	5400	216	5000	335	0	0	1	1	1	1	1	0	1	0	0	1	100	0	216	4	0	10	5	
2026-04-21 20:20:00	58.0158	17.18331	41	0	17	0	0	0	0	0.005	13.5	5	1023	18	1	32	0.2	218	5200	216	5000	335	0	0	1	1	1	1	1	0	1	0	0	0	100	0	216	4	0	10	5	
2026-04-21 20:40:00	58.01487	17.18124	12	0	18	0	0	3	0	0.005	13.5	5	1023	18	2	76	0.1	229	-400	26	5000	335	1	0	0	1	1	1	1	0	1	0	0	1	100	0	27	4	0	10	5	
2026-04-21 21:00:00	58.01388	17.1855	11	0	19	0	0	0	0	0.005	13.4	5	1023	18	1	28	0.2	113	400	25	5000	180	1	0	3	0	1	1	1	0	1	0	93	0	8	0	24	-4	2	-10	5	
2026-04-21 21:40:00	58.01877	17.19675	11	0	21	0	0	0	0	0.005	13.4	5	1023	18	3	105	0.4	45	500	25	5000	180	1	0	3	3	3	0	1	0	1	0	100	0	0	0	20	-1	0	-10	5	
2026-04-21 22:00:00	58.02207	17.19939	12	0	22	0	0	0	0	0.005	13.4	5	1023	18	1	26	0.3	23	500	25	5000	180	1	0	3	3	3	3	0	0	1	0	100	0	0	0	20	-1	0	-10	5	
2026-04-21 22:20:00	58.026	17.2017	12	0	23	0	0	0	0	0.005	13.4	4	1023	18	2	51	0.4	17	400	25	5000	180	1	0	3	3	3	3	3	0	1	0	100	0	0	0	21	-1	0	-10	5	
2026-04-21 22:40:00	58.02846	17.20575	12	0	24	0	0	0	0	0.005	13.4	4	1023	18	2	51	0.3	41	500	25	5000	180	1	0	3	3	3	3	3	0	1	0	100	0	0	0	20	-1	0	-10	5	
2026-04-21 23:00:00	58.03053	17.21091	12	0	25	0	0	0	0	0.005	13.4	4	1022	18	3	73	0.3	53	700	24	5000	180	1	0	3	3	3	3	3	0	1	0	100	0	0	0	18	-1	0	-10	5	
2026-04-21 23:20:00	58.03113	17.21688	12	0	26	0	0	0	0	0.005	13.4	4	1022	18	1	31	0.3	79	1000	24	5000	180	1	0	2	3	3	3	3	0	1	0	100	0	0	0	14	-1	0	-10	5	
2026-04-21 23:40:00	58.03434	17.21931	12	0	27	0	0	0	0	0.005	13.4	4	1022	18	1	27	0.3	22	1000	24	5000	235	1	0	2	2	3	3	3	0	1	0	5	0	95	0	15	1	2	10	5	
2026-04-22 00:00:00	58.03692	17.22678	40	0	28	0	0	0	0	0.005	13.4	4	1022	18	1	27	0.4	57	1200	23	5000	235	1	0	1	2	2	3	3	0	1	0	0	0	100	0	11	1	0	10	5	
2026-04-22 00:20:00	58.03908	17.22792	11	0	29	0	0	0	0	0.005	13.4	4	1021	18	1	54	0.2	15	1200	23	5000	235	1	0	1	1	2	2	3	0	1	0	0	5	96	0	12	4	1	10	5	
2026-04-22 00:40:00	58.04244	17.22915	12	0	0	0	0	0	0	0.005	13.4	4	1021	18	1	27	0.3	11	1100	23	5000	235	1	0	1	1	1	2	2	0	1	0	0	0	100	0	13	4	0	10	5	
2026-04-22 01:00:00	58.04646	17.22984	11	0	1	0	0	0	0	0.005	13.4	4	1021	18	1	34	0.4	5	900	24	5000	235	1	0	1	1	1	1	2	0	1	0	0	1	100	0	15	4	0	10	5	
2026-04-22 01:40:00	58.05363	17.23476	12	0	3	0	0	0	0	0.005	13.3	5	1021	18	3	88	0.4	26	900	24	5000	235	1	0	1	1	1	1	1	0	1	0	0	7	94	0	16	4	0	10	5	
2026-04-22 02:00:00	58.05648	17.23683	13	0	4	0	0	0	0	0.005	13.3	5	1021	18	3	66	0.3	21	800	24	5000	235	1	0	1	1	1	1	1	0	1	0	0	8	93	0	16	4	0	10	5	
2026-04-22 02:20:00	58.06005	17.23944	12	0	5	0	0	0	0	0.005	13.3	5	1021	18	2	47	0.4	21	800	24	5000	235	1	0	1	1	1	1	1	0	1	0	0	1	100	0	17	4	0	10	5	
2026-04-22 02:40:00	58.0638	17.24391	12	0	6	0	0	0	0	0.005	13.3	5	1021	18	1	27	0.4	32	800	24	5000	235	1	0	1	1	1	1	1	0	1	0	0	5	96	0	16	4	0	10	5	
2026-04-22 03:00:00	58.06638	17.25186	12	0	7	0	0	0	0	0.005	13.3	5	1021	18	1	32	0.5	59	1100	23	5000	235	1	0	1	1	1	1	1	0	1	0	7	3	92	0	13	4	0	10	5	
2026-04-22 03:20:00	58.06731	17.26341	12	0	8	0	0	0	0	0.005	13.3	5	1021	18	1	29	0.6	81	1700	21	5000	235	1	0	0	1	1	1	1	0	1	0	8	4	90	0	6	4	0	10	5	
2026-04-22 03:40:00	58.07004	17.25111	41	0	9	0	0	0	0	0.005	13.3	5	1021	18	1	30	0.6	293	900	23	5000	10	1	0	1	0	1	1	1	0	1	0	98	0	3	0	15	-4	2	-10	5	
2026-04-22 04:00:00	58.06926	17.26134	16	0	10	0	0	0	0	0.005	13.4	5	1021	18	1	57	0.5	98	1500	22	5000	15	1	0	0	1	0	1	1	0	1	0	11	3	88	0	8	4	2	10	5	
2026-04-22 04:20:00	58.06983	17.25228	41	0	11	0	0	0	0	0.005	13.7	5	1022	18	1	36	0.4	277	1000	23	5000	5	1	0	1	0	1	0	1	0	1	0	97	1	3	0	14	-4	2	-10	5	
2026-04-22 04:40:00	58.0695	17.25945	12	0	12	0	0	0	0	0.005	13.9	5	1022	18	1	64	0.4	95	1400	22	5000	5	1	0	1	1	0	1	0	0	1	0	6	2	93	0	10	4	2	10	5	
2026-04-22 05:00:00	58.07022	17.26734	12	0	13	0	0	0	0	0.005	13.8	5	1022	18	2	57	0.4	80	1800	21	5000	5	1	0	1	1	1	0	1	0	1	0	0	0	100	0	5	4	0	10	5	
2026-04-22 05:20:00	58.07151	17.27487	13	0	14	0	0	0	0	0.005	13.8	5	1022	18	2	48	0.4	72	2100	20	5000	5	1	0	0	1	1	1	0	0	1	0	0	3	98	0	1	4	0	10	5	
2026-04-22 05:40:00	58.07016	17.26629	12	0	15	0	0	0	0	0.005	13.8	5	1022	18	1	34	0.4	254	1700	21	5000	345	1	0	1	0	1	1	1	0	1	0	95	3	4	0	6	-4	2	-10	5	
2026-04-22 06:00:00	58.07253	17.27205	41	0	16	0	0	0	0	0.005	13.8	5	1022	18	1	30	0.3	52	1900	20	5000	335	1	0	1	1	0	1	1	0	1	0	4	1	97	0	3	4	2	10	5	
2026-04-22 06:20:00	58.07472	17.27769	11	0	17	0	0	0	0	0.005	13.7	5	1022	18	1	62	0.4	54	2100	20	5000	335	1	0	1	1	1	0	1	0	1	0	0	5	96	0	1	4	0	10	5	
2026-04-22 06:40:00	58.07679	17.28297	12	0	18	0	0	0	0	0.005	13.7	5	1021	18	2	65	0.3	53	2300	19	5000	335	1	0	1	1	1	1	0	0	1	0	0	3	98	0	359	4	0	10	5	
2026-04-22 07:00:00	58.07835	17.28759	12	0	19	0	0	0	0	0.005	13.7	5	1021	18	1	27	0.3	58	2500	19	5000	335	1	0	1	1	1	1	1	0	1	0	0	1	100	0	356	4	0	10	5	
2026-04-22 07:20:00	58.08057	17.29284	12	0	20	0	0	0	0	0.005	13.6	5	1021	18	1	30	0.3	51	2600	18	5000	335	1	0	1	1	1	1	1	0	1	0	0	5	96	0	354	4	0	10	5	
2026-04-22 07:40:00	58.08282	17.29827	12	0	21	0	0	1	0	0.005	13.6	5	1021	18	1	33	0.3	52	2800	17	5000	335	0	0	1	1	1	1	1	0	1	0	0	2	99	0	352	4	0	10	5	
2026-04-22 08:00:00	58.0848	17.30163	41	0	22	0	0	0	0	0.005	13.6	6	1021	18	1	31	0.2	42	2900	17	5000	335	0	0	1	1	1	1	1	0	1	0	0	3	98	0	351	4	0	10	5	
2026-04-22 08:20:00	58.08585	17.30442	12	0	23	0	0	0	0	0.005	13.6	6	1021	18	1	56	0.2	55	3000	16	5000	335	0	0	1	1	1	1	1	0	1	0	0	6	95	0	349	4	0	10	5	
2026-04-22 08:40:00	58.08618	17.30643	12	0	24	0	0	0	0	0.005	13.6	6	1021	18	1	27	0.1	73	3100	16	5000	335	0	0	0	1	1	1	1	0	1	0	0	18	83	0	348	4	0	10	5	
2026-04-22 09:00:00	58.08663	17.30826	12	0	25	0	0	0	0	0.005	13.6	7	1021	17	1	28	0.1	65	3100	16	5000	335	0	0	0	1	1	1	1	0	1	0	0	11	90	0	347	4	0	10	5	
2026-04-22 09:20:00	58.08642	17.30949	12	0	26	0	0	0	0	0.005	13.6	7	1021	17	1	34	0.1	108	3200	16	5000	335	0	0	0	1	1	1	1	0	1	0	4	26	71	0	346	4	0	10	5	
2026-04-22 09:40:00	58.08603	17.30892	13	0	27	0	0	0	0	0.005	13.6	8	1021	17	1	31	0	220	3200	16	5000	335	0	0	0	1	1	1	1	0	1	0	40	29	33	0	346	4	0	10	5	
2026-04-22 10:00:00	58.08696	17.30868	40	0	28	0	0	0	0	0.005	13.6	9	1020	17	1	32	0.1	353	3100	16	5000	335	0	0	1	1	1	1	1	0	1	0	9	10	82	0	347	4	0	10	5	
2026-04-22 10:20:00	58.08684	17.30892	12	0	29	0	0	0	0	0.005	13.6	10	1020	17	1	58	0	134	3200	16	5000	335	0	0	0	1	1	1	1	0	1	0	8	27	67	0	347	4	0	10	5	
2026-04-22 10:40:00	58.08885	17.3106	12	0	0	0	0	0	0	0.005	13.6	10	1020	17	1	31	0.2	24	3200	16	5000	335	0	0	1	1	1	1	1	0	1	0	0	1	100	0	347	4	0	10	5	
2026-04-22 11:00:00	58.09152	17.31186	11	0	1	0	0	0	0	0.005	13.5	9	1019	17	1	31	0.3	14	3100	16	5000	335	0	0	1	1	1	1	1	0	1	0	0	0	100	0	348	4	0	10	5	
2026-04-22 11:20:00	58.09515	17.31393	11	0	2	0	0	0	0	0.005	13.5	9	1019	17	1	29	0.3	17	3000	16	5000	335	0	0	1	1	1	1	1	0	1	0	0	0	100	0	349	4	0	10	5	
2026-04-22 11:40:00	58.0974	17.31501	12	0	3	0	0	0	0	0.005	13.5	9	1019	17	1	29	0.2	14	3000	16	5000	335	0	0	1	1	1	1	1	0	1	0	0	1	100	0	349	4	0	10	5	
2026-04-22 12:00:00	58.10043	17.31513	12	0	4	0	0	0	0	0.005	13.5	9	1018	17	1	28	0.3	1	2800	16	5000	335	0	0	1	1	1	1	1	0	1	0	0	0	100	0	351	4	0	10	5	
2026-04-22 12:20:00	58.10355	17.31483	12	0	5	0	0	0	0	0.005	13.5	9	1018	17	1	29	0.3	357	2700	16	5000	335	0	0	1	1	1	1	1	0	1	0	0	0	100	0	354	4	0	10	5	
2026-04-22 12:40:00	58.10556	17.31606	12	0	6	0	0	0	0	0.005	13.5	8	1018	17	1	29	0.2	18	2600	16	5000	335	0	0	1	1	1	1	1	0	1	0	0	1	100	0	354	4	0	10	5	
2026-04-22 13:00:00	58.10937	17.31528	12	0	7	0	0	0	0	0.005	13.5	8	1018	17	1	27	0.4	354	2400	17	5000	335	0	0	1	1	1	1	1	0	1	0	0	1	100	0	357	4	0	10	5	
2026-04-22 13:20:00	58.11249	17.31435	13	0	8	0	0	0	0	0.005	13.5	8	1018	17	1	32	0.3	351	2200	17	5000	335	0	0	1	1	1	1	1	0	1	0	0	1	100	0	360	4	0	10	5	
2026-04-22 13:40:00	58.1148	17.31462	12	0	9	0	0	0	0	0.005	13.5	8	1018	17	1	33	0.2	3	2100	18	5000	335	0	0	1	1	1	1	1	0	1	0	0	0	100	0	1	4	0	10	5	
2026-04-22 14:00:00	58.11735	17.3148	40	0	10	0	0	0	0	0.005	13.5	8	1018	17	1	34	0.2	2	2000	18	5000	335	0	0	1	1	1	1	1	0	1	0	0	0	100	0	2	4	0	10	5	
2026-04-22 14:20:00	58.1199	17.31579	12	0	11	0	0	0	0	0.005	13.5	8	1017	17	2	77	0.2	11	1900	18	5000	335	0	0	1	1	1	1	1	0	1	0	0	4	97	0	3	4	0	10	5	
2026-04-22 14:40:00	58.12413	17.31519	11	0	12	0	0	0	0	0.005	13.4	7	1017	17	1	33	0.4	356	1700	19	5000	335	0	0	1	1	1	1	1	0	1	0	0	0	100	0	6	4	0	10	5	
2026-04-22 15:00:00	58.12722	17.31528	11	0	13	0	0	0	0	0.005	13.4	7	1017	17	1	32	0.3	1	1500	19	5000	335	0	0	1	1	1	1	1	0	1	0	0	0	100	0	8	4	0	10	5	
2026-04-22 15:20:00	58.131	17.31564	12	0	14	0	0	0	0	0.005	13.4	7	1017	17	1	33	0.4	3	1400	20	5000	335	0	0	1	1	1	1	1	0	1	0	0	1	100	0	10	4	0	10	5	
2026-04-22 15:40:00	58.13328	17.31642	12	0	15	0	0	0	0	0.005	13.4	6	1017	18	1	29	0.2	10	1300	20	5000	335	0	0	1	1	1	1	1	0	1	0	0	2	99	0	11	4	0	10	5	
2026-04-22 16:00:00	58.13724	17.31729	13	0	16	0	0	0	0	0.005	13.4	6	1016	18	1	27	0.4	7	1200	21	5000	335	0	0	1	1	1	1	1	0	1	0	0	1	100	0	12	4	0	10	5	
2026-04-22 16:20:00	58.13859	17.32344	13	0	17	0	0	0	0	0.005	13.4	6	1017	18	1	30	0.3	67	1400	19	5000	335	0	0	1	1	1	1	1	0	1	0	0	12	89	0	9	4	0	10	5	
2026-04-22 16:40:00	58.13931	17.32833	14	0	18	0	0	0	0	0.005	13.4	6	1016	18	1	28	0.2	75	1600	18	5000	335	0	0	1	1	1	1	1	0	1	0	0	7	94	0	7	4	0	10	5	
2026-04-22 17:00:00	58.1409	17.33304	15	0	19	0	0	0	0	0.005	13.4	6	1016	18	2	49	0.3	58	1800	17	5000	335	0	0	1	1	1	1	1	0	1	0	0	2	99	0	5	4	0	10	5	
2026-04-22 17:20:00	58.14291	17.33739	41	0	20	0	0	0	0	0.005	13.4	6	1016	18	1	31	0.3	49	1900	16	5000	335	0	0	1	1	1	1	1	0	1	0	0	2	99	0	3	4	0	10	5	
2026-04-22 17:40:00	58.14447	17.3418	12	0	21	0	0	0	0	0.005	13.4	6	1016	18	1	59	0.3	56	2100	15	5000	335	0	0	1	1	1	1	1	0	1	0	0	1	100	0	1	4	0	10	5	
2026-04-22 18:00:00	58.14468	17.34426	12	0	22	0	0	0	0	0.005	13.4	5	1016	18	2	46	0.1	81	2200	14	5000	335	0	0	0	1	1	1	1	0	1	0	0	6	95	0	359	4	0	10	5	
2026-04-22 18:20:00	58.1415	17.34327	12	0	23	0	0	3	0	0.005	13.4	5	1016	18	1	35	0.3	189	11900	22	5000	300	1	0	2	0	1	1	1	0	0	0	79	5	17	0	4	-4	2	-10	5	
2026-04-22 18:40:00	58.14246	17.35137	41	0	24	0	0	0	0	0.005	13.4	5	1016	18	1	30	0.4	77	11800	21	5000	300	1	0	2	2	0	1	1	0	0	0	6	0	95	0	2	1	2	10	5	
2026-04-22 19:00:00	58.14201	17.36238	12	0	25	0	0	0	0	0.005	13.4	5	1016	18	1	57	0.6	94	11800	19	5000	300	1	0	1	2	2	0	1	0	0	0	0	0	100	0	359	1	0	10	5	
2026-04-22 19:20:00	58.14249	17.36301	11	0	26	0	0	0	0	0.005	13.4	5	1016	18	1	29	0.1	35	11800	19	5000	300	1	0	1	1	2	2	0	0	0	0	0	2	99	0	359	4	1	10	5	
2026-04-22 19:40:00	58.14321	17.36214	12	0	27	0	0	0	0	0.005	13.4	5	1016	18	1	31	0.1	329	11700	19	5000	300	1	0	1	1	1	2	2	0	0	0	0	3	98	0	359	4	0	10	5	
2026-04-22 20:00:00	58.1457	17.36244	13	0	28	0	0	0	0	0.005	13.4	5	1016	18	1	29	0.2	4	11400	19	5000	300	1	0	1	1	1	1	2	0	0	0	0	1	100	0	359	4	0	10	5	
2026-04-22 20:20:00	58.14771	17.36244	41	0	29	0	0	0	0	0.005	13.3	5	1016	18	1	31	0.2	0	11200	19	5000	300	1	0	1	1	1	1	1	0	0	0	0	3	98	0	359	4	0	10	5	
2026-04-22 20:40:00	58.14978	17.3622	11	0	0	0	0	0	0	0.005	13.3	5	1016	18	2	76	0.2	356	10900	20	5000	300	1	0	1	1	1	1	1	0	0	0	0	2	99	0	359	4	0	10	5	
2026-04-22 21:20:00	58.15587	17.36793	12	0	2	0	0	0	0	0.005	13.3	5	1016	18	3	88	0.3	30	10300	19	5000	300	1	0	1	1	1	1	1	0	0	0	0	0	100	0	357	4	0	10	5	
2026-04-22 21:40:00	58.15818	17.37204	13	0	3	0	0	0	0	0.005	13.3	5	1016	18	1	29	0.3	43	10000	19	5000	300	1	0	1	1	1	1	1	0	0	0	7	5	90	0	355	4	0	10	5	
2026-04-22 22:00:00	58.15995	17.37621	13	0	4	0	0	0	0	0.005	13.3	5	1017	18	1	30	0.3	51	9900	18	5000	300	1	0	1	1	1	1	1	0	0	0	0	8	93	0	354	4	0	10	5	
2026-04-22 22:20:00	58.16157	17.38314	13	0	5	0	0	0	0	0.005	13.3	5	1017	18	1	27	0.4	66	9700	17	5000	300	1	0	0	1	1	1	1	0	0	0	0	3	98	0	351	4	0	10	5	
2026-04-22 22:40:00	58.16088	17.37174	14	0	6	0	0	0	0	0.005	13.3	5	1017	18	1	30	0.6	263	9700	19	5000	345	1	0	1	0	1	1	1	0	0	0	97	1	3	0	355	-4	2	-10	5	
2026-04-22 23:00:00	58.16106	17.37711	41	0	7	0	0	0	0	0.005	13.3	5	1017	18	1	29	0.3	86	9800	18	5000	355	1	0	1	1	0	1	1	0	0	0	4	2	95	0	354	4	2	10	5	
2026-04-22 23:20:00	58.16232	17.38125	12	0	8	0	0	0	0	0.005	13.3	5	1017	18	1	57	0.2	60	9600	17	5000	355	1	0	1	1	1	0	1	0	0	0	0	2	99	0	352	4	0	10	5	
2026-04-22 23:40:00	58.16403	17.38536	12	0	9	0	0	0	0	0.005	13.3	5	1017	18	1	27	0.3	52	9500	17	5000	355	1	0	1	1	1	1	0	0	0	0	0	2	99	0	350	4	0	10	5	
2026-04-23 00:00:00	58.16661	17.39118	12	0	10	0	0	0	0	0.005	13.3	5	1017	18	1	33	0.4	50	9300	16	5000	355	1	0	1	1	1	1	1	0	0	0	0	5	95	0	348	4	0	10	5	
2026-04-23 00:20:00	58.17	17.39718	12	0	11	0	0	0	0	0.005	13.3	5	1017	18	2	56	0.4	43	9000	14	5000	355	1	0	1	1	1	1	1	0	0	0	0	2	99	0	345	4	0	10	5	
2026-04-23 00:40:00	58.17387	17.4012	13	0	12	0	0	0	0	0.005	13.3	5	1018	18	1	31	0.4	29	8600	14	5000	355	1	0	1	1	1	1	1	0	0	0	0	3	98	0	343	4	0	10	5	
2026-04-23 01:00:00	58.17792	17.40459	13	0	13	0	0	0	0	0.005	13.3	5	1018	18	2	69	0.4	24	8300	14	5000	355	1	0	1	1	1	1	1	0	0	0	0	4	97	0	341	4	0	10	5	
2026-04-23 01:20:00	58.18215	17.40921	13	0	14	0	0	0	0	0.005	13.3	5	1018	18	1	30	0.5	30	7900	13	5000	355	1	0	1	1	1	1	1	0	0	0	0	1	100	0	338	4	0	10	5	
2026-04-23 01:40:00	58.1862	17.41368	15	0	15	0	0	0	0	0.005	13.3	5	1018	18	1	30	0.4	30	7600	12	5000	355	1	0	1	1	1	1	1	0	0	0	0	4	97	0	335	4	0	10	5	
2026-04-23 02:00:00	58.19064	17.41995	40	0	16	0	0	0	0	0.005	13.2	5	1018	18	3	79	0.5	37	7400	10	5000	355	1	0	1	1	1	1	1	0	0	0	0	4	97	0	331	4	0	10	5	
2026-04-23 02:20:00	58.19496	17.42751	14	0	17	0	0	0	0	0.005	13.3	5	1018	18	1	56	0.6	43	7200	8	5000	355	1	0	0	1	1	1	1	0	0	0	0	1	100	0	327	4	0	10	5	
2026-04-23 02:40:00	58.19577	17.4132	15	0	18	0	0	0	0	0.005	13.2	5	1018	18	1	31	0.7	276	6700	13	5000	345	1	0	0	0	1	1	1	0	0	0	99	0	2	0	331	-4	2	-10	5	
2026-04-23 03:20:00	58.19838	17.40693	14	0	20	0	0	0	0	0.005	13.2	5	1018	18	3	93	0.4	47	6200	16	5000	340	1	0	0	1	0	0	1	0	0	0	4	2	95	0	333	4	2	10	5	
2026-04-23 03:40:00	58.19832	17.39487	41	0	21	0	0	0	0	0.005	13.3	5	1019	18	1	35	0.6	270	6000	20	5000	340	1	0	0	0	1	0	0	0	0	0	97	1	3	0	339	-4	2	-10	5	
2026-04-23 04:00:00	58.19718	17.38299	13	0	22	0	0	0	0	0.005	13.4	5	1019	18	1	56	0.6	259	5900	23	5000	340	1	0	1	0	0	1	0	0	0	0	100	1	0	0	346	-4	0	-10	5	
2026-04-23 04:20:00	58.20015	17.38878	12	0	23	0	0	0	0	0.005	13.4	5	1019	18	1	30	0.4	46	5600	22	5000	335	1	0	1	1	0	0	1	0	0	0	3	0	98	0	342	4	2	10	5	
2026-04-23 04:40:00	58.20381	17.39421	13	0	24	0	0	0	0	0.005	13.7	5	1019	18	1	28	0.4	38	5400	21	5000	335	1	0	1	1	1	0	0	0	1	0	0	1	100	0	337	4	0	10	5	
2026-04-23 05:00:00	58.20771	17.39766	13	0	25	0	0	0	0	0.005	13.8	5	1019	18	1	33	0.4	25	5100	21	5000	335	1	0	1	1	1	1	0	0	1	0	0	3	98	0	333	4	0	10	5	
2026-04-23 05:20:00	58.21191	17.403	12	0	26	0	0	0	0	0.005	13.7	5	1019	18	1	40	0.5	34	4800	20	5000	335	1	0	1	1	1	1	1	0	1	0	0	3	98	0	342	4	0	10	5	
2026-04-23 05:40:00	58.21671	17.41041	41	0	27	0	0	0	0	0.005	13.7	5	1020	18	1	33	0.6	39	4600	19	5000	335	1	0	1	1	1	1	1	0	1	0	0	0	100	0	350	4	0	10	5	
2026-04-23 06:00:00	58.22028	17.41578	12	0	28	0	0	0	0	0.005	13.7	5	1020	18	1	66	0.4	38	4400	17	5000	335	1	0	1	1	1	1	1	0	1	0	0	3	98	0	354	4	0	10	5	
2026-04-23 06:20:00	58.22349	17.42091	12	0	29	0	0	0	0	0.005	13.7	5	1020	18	2	58	0.4	40	4300	16	5000	335	1	0	1	1	1	1	1	0	1	0	0	5	96	0	357	4	0	10	5	
2026-04-23 06:40:00	58.22532	17.42658	14	0	0	0	0	0	0	0.005	13.6	5	1020	18	1	27	0.3	59	4300	13	5000	335	1	0	1	1	1	1	1	0	1	0	8	4	90	0	357	4	0	10	5	
2026-04-23 07:00:00	58.22826	17.42892	13	0	1	0	0	0	0	0.005	13.6	5	1020	18	1	35	0.3	23	4100	13	5000	335	1	0	1	1	1	1	1	0	1	0	0	3	98	0	1	4	0	10	5	
2026-04-23 07:20:00	58.2306	17.43078	12	0	2	0	0	0	0	0.005	13.6	5	1020	18	1	27	0.2	23	4000	12	5000	335	1	0	1	1	1	1	1	0	1	0	0	7	94	0	4	4	0	10	5	
2026-04-23 07:40:00	58.23312	17.43297	15	0	3	0	0	0	0	0.005	13.6	6	1020	18	1	30	0.3	25	3800	12	5000	335	1	0	1	1	1	1	1	0	1	0	0	2	99	0	7	4	0	10	5	
2026-04-23 08:00:00	58.23696	17.4348	40	0	4	0	0	0	0	0.005	13.6	6	1020	18	1	29	0.4	14	4900	11	5000	335	1	0	1	1	1	1	1	0	1	0	0	1	100	0	11	4	0	10	5	
2026-04-23 08:20:00	58.24026	17.43843	13	0	5	0	0	1	0	0.005	13.6	6	1020	18	1	57	0.4	30	4500	10	5000	335	1	0	1	1	1	1	1	0	1	0	0	5	96	0	10	4	0	10	5	
2026-04-23 08:40:00	58.24347	17.44188	12	0	6	0	0	2	0	0.005	13.6	7	1020	17	1	32	0.3	30	4700	19	5000	335	1	0	1	1	1	1	1	0	1	0	0	2	99	0	19	4	0	10	5	
2026-04-23 09:00:00	58.24647	17.445	12	0	7	0	0	0	0	0.005	13.6	7	1020	17	1	28	0.3	29	4300	18	5000	335	1	0	1	1	1	1	1	0	1	0	0	1	100	0	18	4	0	10	5	
2026-04-23 09:20:00	58.24911	17.44731	12	0	8	0	0	0	0	0.005	13.5	7	1019	17	1	29	0.3	25	4000	17	5000	335	1	0	1	1	1	1	1	0	1	0	0	5	96	0	17	4	0	10	5	
2026-04-23 09:40:00	58.25139	17.44956	13	0	9	0	0	0	0	0.005	13.5	8	1019	17	1	30	0.2	28	3700	17	5000	335	1	0	1	1	1	1	1	0	1	0	0	4	97	0	17	4	0	10	5	
2026-04-23 10:00:00	58.25397	17.45073	40	0	10	0	0	0	0	0.005	13.5	9	1019	17	1	30	0.2	13	3400	17	5000	335	1	0	1	1	1	1	1	0	1	0	0	2	99	0	17	4	0	10	5	
2026-04-23 10:20:00	58.25535	17.45208	12	0	11	0	0	0	0	0.005	13.5	9	1019	17	1	60	0.1	27	3200	16	5000	335	1	0	1	1	1	1	1	0	1	0	0	12	89	0	16	4	0	10	5	
2026-04-23 10:40:00	58.25622	17.45355	11	0	12	0	0	0	0	0.005	13.5	10	1019	17	1	31	0.1	42	3100	15	5000	335	1	0	1	1	1	1	1	0	1	0	3	15	83	0	15	4	0	10	5	
2026-04-23 11:00:00	58.25772	17.45448	13	0	13	0	0	0	0	0.005	13.5	11	1018	17	1	25	0.1	18	2900	15	5000	335	1	0	1	1	1	1	1	0	1	0	8	12	82	0	15	4	0	10	5	
2026-04-23 11:20:00	58.25925	17.4555	12	0	14	0	0	0	0	0.005	13.5	12	1018	16	1	31	0.1	20	2800	15	5000	335	1	0	1	1	1	1	1	0	1	0	0	9	92	0	15	4	0	10	5	
2026-04-23 11:40:00	58.26123	17.45655	12	0	15	0	0	0	0	0.005	13.5	13	1018	16	3	83	0.2	15	2500	15	5000	335	1	0	1	1	1	1	1	0	1	0	0	8	93	0	15	4	0	10	5	
2026-04-23 12:00:00	58.26489	17.45646	12	0	16	0	0	0	0	0.005	13.5	13	1018	16	1	29	0.3	359	2100	18	5000	335	1	0	1	1	1	1	1	0	1	0	0	1	100	0	18	4	0	10	5	
2026-04-23 12:20:00	58.2687	17.45523	13	0	17	0	0	0	0	0.005	13.5	13	1018	16	1	36	0.4	350	-1800	24	5000	335	1	0	2	1	1	1	1	0	1	0	0	0	100	0	24	4	0	10	5	
2026-04-23 12:40:00	58.27248	17.4579	41	0	18	0	0	0	0	0.005	13.5	13	1017	16	1	29	0.4	20	-1300	25	5000	335	1	0	2	2	1	1	1	0	1	0	0	1	100	0	25	1	1	10	5	
2026-04-23 13:00:00	58.27506	17.46084	11	0	19	0	0	0	0	0.005	13.5	13	1017	16	1	57	0.3	31	-1000	24	5000	335	1	0	2	2	2	1	1	1	1	0	0	1	100	0	24	1	0	10	5	
2026-04-23 13:20:00	58.278	17.46603	12	0	20	0	0	0	0	0.005	13.5	13	1017	16	1	28	0.4	43	600	9	5000	335	1	0	1	2	2	2	1	1	1	0	0	0	100	0	9	1	0	10	5	
2026-04-23 13:40:00	58.28166	17.46327	12	0	21	0	0	0	0	0.005	13.4	13	1016	16	1	29	0.4	338	-300	55	5000	335	1	0	0	1	2	2	2	1	1	0	0	0	100	0	55	4	1	10	5	
2026-04-23 14:00:00	58.27941	17.46873	13	0	22	0	0	0	0	0.005	13.4	13	1016	16	1	31	0.3	128	400	351	5000	235	1	0	1	0	1	2	2	1	1	0	96	0	5	0	351	-4	2	-10	5	
2026-04-23 14:40:00	58.2828	17.46087	12	0	24	0	0	2	0	0.005	13.4	11	1015	17	3	96	0.3	299	0	255	5000	225	1	0	1	1	1	0	1	0	1	0	0	0	100	0	255	4	0	10	5	
2026-04-23 15:00:00	58.28481	17.45514	12	0	25	0	0	2	0	0.005	13.4	10	1015	17	1	30	0.3	304	4900	289	5000	225	1	0	1	1	1	1	0	0	1	0	0	1	100	0	289	4	0	10	5	
2026-04-23 15:20:00	58.28679	17.4507	12	0	26	0	0	0	0	0.005	13.4	10	1015	17	1	29	0.3	310	4600	287	5000	225	1	0	1	1	1	1	1	0	1	0	0	3	98	0	287	4	0	10	5	
2026-04-23 15:40:00	58.28865	17.44431	41	0	27	0	0	0	0	0.005	13.4	9	1015	17	1	29	0.3	299	4200	286	5000	225	1	0	1	1	1	1	1	0	1	0	0	1	100	0	286	4	0	10	5	
2026-04-23 16:00:00	58.29	17.44092	12	0	28	0	0	0	0	0.005	13.4	8	1015	17	1	57	0.2	307	4000	285	5000	225	1	0	1	1	1	1	1	0	1	0	0	6	95	0	285	4	0	10	5	
2026-04-23 16:20:00	58.29204	17.43732	12	0	29	0	0	0	0	0.005	13.8	8	1015	18	1	28	0.3	317	3700	282	5000	225	1	0	1	1	1	1	1	0	1	0	0	4	97	0	282	4	0	10	5	
2026-04-23 16:40:00	58.2945	17.43348	12	0	0	0	0	0	0	0.005	13.8	7	1015	18	1	30	0.3	321	3400	279	5000	225	1	0	1	1	1	1	1	0	1	0	0	5	96	0	279	4	0	10	5	
2026-04-23 17:00:00	58.29666	17.42853	12	0	1	0	0	0	0	0.005	13.8	7	1014	18	1	32	0.3	310	3100	275	5000	225	1	0	1	1	1	1	1	0	1	0	0	1	100	0	275	4	0	10	5	
2026-04-23 17:40:00	58.30227	17.41746	11	0	3	0	0	0	0	0.005	13.7	6	1014	18	0	83	0.3	311	2500	262	5000	225	1	0	1	1	1	1	1	0	1	0	0	2	99	0	262	4	0	10	5	
2026-04-23 18:40:00	58.30902	17.40093	11	0	6	0	0	0	0	0.005	13.6	6	1014	18	3	84	0.4	303	1900	234	5000	225	1	0	1	1	1	1	1	0	1	0	0	1	100	0	234	4	0	10	5	
2026-04-23 19:00:00	58.31166	17.39253	12	0	7	0	0	0	0	0.005	13.6	6	1013	18	1	32	0.5	301	1700	216	5000	225	1	0	0	1	1	1	1	0	1	0	0	6	95	0	216	4	0	10	5	
2026-04-23 19:20:00	58.30917	17.40093	12	0	8	0	0	0	0	0.005	13.6	6	1013	18	1	28	0.5	120	1900	233	5000	210	1	0	1	0	1	1	1	0	1	1	87	5	9	0	233	-4	2	-10	5	
2026-04-23 19:40:00	58.31124	17.39778	12	0	9	0	0	0	0	0.005	13.6	6	1013	18	1	28	0.2	322	1900	224	5000	215	1	0	1	1	0	1	1	0	1	0	12	5	85	0	224	4	2	10	5	
2026-04-23 20:00:00	58.31289	17.39487	13	0	10	0	0	0	0	0.005	13.6	6	1013	18	1	31	0.2	317	1900	217	5000	215	1	0	1	1	1	0	1	0	1	0	10	4	87	0	217	4	0	10	5	
2026-04-23 20:20:00	58.31424	17.39175	13	0	11	0	0	0	0	0.005	13.6	6	1013	18	1	32	0.2	310	1900	210	5000	215	1	0	1	1	1	1	0	0	1	0	0	7	94	0	210	4	0	10	5	
2026-04-23 20:40:00	58.3152	17.38971	13	0	12	0	0	0	0	0.005	13.6	6	1013	18	1	31	0.1	311	2000	205	5000	215	1	0	0	1	1	1	1	0	1	0	0	10	91	0	205	4	0	10	5	
2026-04-23 21:00:00	58.31349	17.39178	41	0	13	0	0	0	0	0.005	13.5	6	1013	18	2	90	0.2	147	1900	211	5000	230	1	0	0	0	1	1	1	0	1	0	93	1	7	0	211	-4	2	-10	5	
2026-04-23 21:40:00	58.30404	17.39124	13	0	15	0	0	0	0	0.005	13.5	6	1013	18	3	94	0.4	183	1100	240	5000	230	1	0	0	0	0	0	1	0	1	0	100	0	0	0	240	-4	0	-10	5	
2026-04-23 22:00:00	58.29879	17.38965	11	0	16	0	0	0	0	0.005	13.5	6	1013	18	2	45	0.5	189	800	272	5000	230	1	0	1	0	0	0	0	1	1	0	100	0	0	0	272	-4	0	-10	5	
2026-04-23 22:20:00	58.30257	17.39046	13	0	17	0	0	2	0	0.005	13.5	6	1013	18	2	46	0.4	7	1200	33	5000	280	1	0	2	1	0	0	0	0	1	0	4	5	93	0	29	4	2	10	5	
2026-04-23 22:40:00	58.30116	17.40642	11	0	18	0	0	0	0	0.005	13.4	6	1013	18	1	30	0.8	100	1600	27	5000	280	1	0	2	2	1	0	0	0	1	0	0	0	100	0	20	1	1	10	5	
2026-04-23 23:00:00	58.29942	17.42496	41	0	19	0	0	0	0	0.005	13.4	5	1012	18	1	30	0.9	100	2500	20	5000	280	1	0	3	2	2	1	0	0	1	0	0	0	100	0	7	1	0	10	5	
2026-04-23 23:20:00	58.29108	17.42661	12	0	20	0	0	0	0	0.005	13.4	5	1013	18	1	58	0.8	174	3200	17	5000	320	1	0	1	3	2	2	1	0	1	0	99	0	2	0	358	-1	2	-10	5	
2026-04-23 23:40:00	58.29474	17.43237	11	0	21	0	0	0	0	0.005	13.4	5	1013	18	1	26	0.4	40	3200	16	5000	320	1	0	1	1	3	2	2	0	1	0	3	3	95	0	358	4	2	10	5	
2026-04-24 00:00:00	58.29885	17.43702	11	0	22	0	0	0	0	0.005	13.4	5	1013	18	1	28	0.4	31	3100	15	5000	320	1	0	1	1	1	3	2	0	1	0	0	3	98	0	359	4	0	10	5	
2026-04-24 00:20:00	58.30251	17.44536	12	0	23	0	0	0	0	0.005	13.4	5	1012	18	2	53	0.5	50	3200	13	5000	320	1	0	1	1	1	1	3	0	1	0	0	3	98	0	357	4	0	10	5	
2026-04-24 01:20:00	58.30467	17.45952	12	0	26	0	0	0	0	0.005	13.4	5	1013	18	3	82	0.3	263	3700	7	5000	355	1	0	0	0	1	1	1	0	1	0	96	1	4	0	349	-4	2	-10	5	
2026-04-24 01:40:00	58.30449	17.45181	12	0	27	0	0	0	0	0.005	13.4	5	1013	18	2	66	0.4	267	3400	10	5000	355	1	0	0	0	0	1	1	0	1	0	100	1	0	0	354	-4	0	-10	5	
2026-04-24 02:00:00	58.30419	17.44473	40	0	28	0	0	0	0	0.005	13.4	5	1013	18	1	31	0.3	265	3100	13	5000	355	1	0	1	0	0	0	1	0	1	0	100	0	0	0	359	-4	0	-10	5	
2026-04-24 02:20:00	58.30533	17.45145	12	0	29	0	0	0	0	0.005	13.4	5	1013	18	1	60	0.4	72	3300	10	5000	350	1	0	1	1	0	0	0	0	1	0	14	3	84	0	355	4	2	10	5	
2026-04-24 02:40:00	58.30737	17.45961	12	0	0	0	0	0	0	0.005	13.4	5	1013	18	1	27	0.4	64	3600	7	5000	350	1	0	0	1	1	0	0	0	1	0	0	1	100	0	352	4	0	10	5	
2026-04-24 03:00:00	58.30581	17.45643	12	0	1	0	0	0	0	0.005	13.4	5	1013	18	1	29	0.2	227	3500	8	5000	330	1	0	1	0	1	1	0	0	1	0	92	5	5	0	352	-4	2	-10	5	
2026-04-24 03:20:00	58.308	17.46033	11	0	2	0	0	0	0	0.005	13.3	5	1013	18	1	29	0.3	43	3600	7	5000	315	1	0	1	1	0	1	1	0	1	0	7	1	94	0	352	4	2	10	5	
2026-04-24 03:40:00	58.31067	17.46528	13	0	3	0	0	0	0	0.005	13.4	5	1013	18	1	26	0.3	44	3600	4	5000	315	1	0	1	1	1	0	1	0	1	0	0	1	100	0	351	4	0	10	5	
2026-04-24 04:00:00	58.31379	17.47155	12	0	4	0	0	0	0	0.005	13.4	5	1014	18	1	30	0.4	47	3700	1	5000	315	1	0	1	1	1	1	0	0	1	0	0	0	100	0	350	4	0	10	5	
2026-04-24 04:20:00	58.31706	17.47806	14	0	5	0	0	0	0	0.005	13.6	5	1014	18	1	29	0.4	46	3800	358	5000	315	1	0	1	1	1	1	1	0	1	0	0	1	100	0	348	4	0	10	5	
2026-04-24 04:40:00	58.32048	17.48427	41	0	6	0	0	0	0	0.005	13.9	5	1014	18	2	46	0.4	43	3800	354	5000	315	1	0	1	1	1	1	1	0	1	0	0	1	100	0	347	4	0	10	5	
2026-04-24 05:00:00	58.32363	17.48979	11	0	7	0	0	0	0	0.005	13.8	5	1014	18	1	57	0.4	43	3900	350	5000	315	1	0	1	1	1	1	1	0	1	0	0	2	99	0	346	4	0	10	5	
2026-04-24 05:20:00	58.32738	17.49423	11	0	8	0	0	0	0	0.005	13.8	5	1014	18	2	51	0.4	32	4900	346	5000	315	1	0	1	1	1	1	1	0	1	0	0	0	100	0	346	4	0	10	5	
2026-04-24 05:40:00	58.33083	17.50065	11	0	9	0	0	0	0	0.005	13.8	6	1014	18	1	34	0.4	44	4700	341	5000	315	1	0	1	1	1	1	1	0	1	0	0	14	87	0	341	4	0	10	5	
2026-04-24 06:00:00	58.33527	17.50578	13	0	10	0	0	0	0	0.005	13.7	6	1014	18	1	34	0.5	31	4300	335	5000	315	1	0	1	1	1	1	1	0	1	0	0	0	100	0	335	4	0	10	5	
2026-04-24 06:20:00	58.33923	17.51127	14	0	11	0	0	0	0	0.005	13.7	6	1014	18	3	88	0.5	36	4100	328	5000	315	1	0	1	1	1	1	1	0	1	0	0	3	98	0	328	4	0	10	5	
2026-04-24 06:40:00	58.3428	17.51601	18	0	12	0	0	0	0	0.005	13.7	6	1014	18	2	59	0.4	35	3900	322	5000	315	1	0	0	1	1	1	1	0	1	0	0	2	99	0	322	4	0	10	5	
2026-04-24 07:00:00	58.34169	17.51106	41	0	13	0	0	0	0	0.005	13.6	6	1014	18	1	38	0.3	247	3900	326	5000	315	1	0	1	0	1	1	1	0	1	0	94	3	5	0	326	-4	2	-10	5	
2026-04-24 07:20:00	58.34469	17.51715	11	0	14	0	0	0	0	0.005	13.6	7	1014	18	1	61	0.4	47	3800	319	5000	325	1	0	0	1	0	1	1	0	1	0	4	1	96	0	319	4	2	10	5	
2026-04-24 07:40:00	58.34391	17.51478	11	0	15	0	0	0	0	0.005	13.6	7	1014	18	1	29	0.1	238	3800	321	5000	320	1	0	1	0	1	0	1	0	1	0	95	1	5	0	321	-4	2	-10	5	
2026-04-24 08:00:00	58.34616	17.52072	12	0	16	0	0	0	0	0.005	13.6	7	1014	18	1	30	0.4	54	3800	315	5000	325	1	0	0	1	0	1	0	0	1	0	6	2	94	0	315	4	2	10	5	
2026-04-24 08:20:00	58.34496	17.51862	11	0	17	0	0	0	0	0.005	13.6	7	1014	18	1	27	0.2	222	3800	318	5000	320	1	0	0	0	1	0	1	0	1	0	96	0	5	0	318	-4	2	-10	5	
2026-04-24 08:40:00	58.3437	17.51604	12	0	18	0	0	0	0	0.005	13.6	8	1014	17	1	27	0.2	227	3900	321	5000	320	1	0	0	0	0	1	0	0	1	0	100	1	0	0	321	-4	0	-10	5	
2026-04-24 09:00:00	58.34214	17.51463	12	0	19	0	0	0	0	0.005	13.6	8	1014	17	1	29	0.2	205	3900	323	5000	320	1	0	1	0	0	0	1	0	1	0	99	2	0	0	323	-4	0	-10	5	
2026-04-24 09:20:00	58.34394	17.51832	12	0	20	0	0	0	0	0.005	13.5	9	1014	17	1	34	0.2	47	3900	319	5000	310	1	0	1	1	0	0	0	0	1	0	7	0	94	0	319	4	2	10	5	
2026-04-24 10:00:00	58.34772	17.5227	40	0	22	0	0	0	0	0.005	13.5	10	1014	17	3	77	0.2	26	3800	312	5000	310	1	0	1	1	1	1	0	0	1	0	0	0	100	0	312	4	0	10	5	
2026-04-24 10:20:00	58.34919	17.52414	11	0	23	0	0	0	0	0.005	13.5	11	1014	17	1	60	0.2	28	3800	309	5000	310	1	0	1	1	1	1	1	0	1	0	0	3	98	0	309	4	0	10	5	
2026-04-24 10:40:00	58.35075	17.52543	11	0	24	0	0	0	0	0.005	13.5	11	1014	16	1	34	0.2	24	3700	307	5000	310	1	0	1	1	1	1	1	0	1	0	0	3	98	0	307	4	0	10	5	
2026-04-24 11:00:00	58.35252	17.52438	12	0	25	0	0	0	0	0.005	13.5	12	1013	16	2	50	0.2	343	3500	305	5000	310	1	0	1	1	1	1	1	0	1	0	0	1	100	0	305	4	0	10	5	
2026-04-24 11:20:00	58.35414	17.52267	11	0	26	0	0	0	0	0.005	13.5	13	1013	16	2	51	0.2	331	3400	303	5000	310	1	0	1	1	1	1	1	0	1	0	0	2	99	0	303	4	0	10	5	
2026-04-24 11:40:00	58.35588	17.51991	12	0	27	0	0	0	0	0.005	13.5	13	1013	16	1	27	0.2	320	3100	302	5000	310	1	0	1	1	1	1	1	0	1	0	0	1	100	0	302	4	0	10	5	
2026-04-24 12:00:00	58.35729	17.51556	11	0	28	0	0	0	0	0.005	13.5	13	1013	16	1	28	0.2	302	2800	302	5000	310	1	0	1	1	1	1	1	0	1	0	0	0	100	0	302	4	0	10	5	
2026-04-24 12:20:00	58.35927	17.50893	11	0	29	0	0	0	0	0.005	13.5	13	1013	16	1	26	0.4	300	2400	302	5000	310	1	0	1	1	1	1	1	0	1	0	0	0	100	0	302	4	0	10	5	
2026-04-24 12:40:00	58.36089	17.50293	12	0	0	0	0	0	0	0.005	13.5	13	1012	16	1	29	0.3	297	2000	303	5000	310	1	0	1	1	1	1	1	0	1	0	0	0	100	0	303	4	0	10	5	
2026-04-24 13:00:00	58.36275	17.49336	15	0	1	0	0	0	0	0.005	13.5	13	1012	16	1	41	0.5	290	1400	308	5000	310	1	0	1	1	1	1	1	0	1	0	0	0	100	0	308	4	0	10	5	
2026-04-24 13:20:00	58.36407	17.48316	13	0	2	0	0	1	0	0.005	13.4	13	1012	16	1	33	0.5	284	900	325	5000	310	0	0	2	1	1	1	1	1	1	0	0	0	100	0	325	4	0	10	5	
2026-04-24 13:40:00	58.36512	17.47437	13	0	3	0	0	0	0	0.005	13.4	12	1012	17	1	29	0.4	283	600	359	5000	310	0	0	0	1	1	1	1	1	1	0	0	1	100	0	359	4	0	10	5	
2026-04-24 14:00:00	58.3659	17.46492	40	0	4	0	0	0	0	0.005	13.4	11	1012	17	1	29	0.5	279	-800	46	5000	310	0	0	0	1	1	1	1	1	1	0	0	0	100	0	46	4	0	10	5	
2026-04-24 14:20:00	58.36749	17.45499	12	0	5	0	0	0	0	0.005	13.4	10	1011	17	2	77	0.5	287	-1200	73	5000	310	0	0	2	1	1	1	1	0	1	0	0	0	100	0	73	4	0	10	5	
2026-04-24 14:40:00	58.36917	17.44581	12	0	6	0	0	0	0	0.005	13.4	9	1011	17	1	27	0.5	289	-1700	84	5000	310	0	0	2	1	1	1	1	0	1	0	0	3	98	0	84	4	0	10	5	
2026-04-24 15:00:00	58.37106	17.43816	12	0	7	0	0	0	0	0.005	13.4	9	1011	17	1	31	0.4	295	-2100	91	5000	310	0	0	2	1	1	1	1	0	1	0	0	5	95	0	91	4	0	10	5	
2026-04-24 15:20:00	58.37313	17.42979	12	0	8	0	0	0	0	0.005	13.4	8	1011	18	1	29	0.4	295	-2600	96	5000	310	0	0	2	1	1	1	1	0	1	0	0	7	94	0	96	4	0	10	5	
2026-04-24 15:40:00	58.37508	17.42094	12	0	9	0	0	0	0	0.005	13.4	8	1011	18	1	30	0.5	293	-3100	99	5000	310	0	0	2	1	1	1	1	0	1	0	0	2	99	0	99	4	0	10	5	
2026-04-24 16:00:00	58.37715	17.41224	12	0	10	0	0	0	0	0.005	13.4	7	1011	18	1	26	0.5	294	-3700	101	5000	310	0	0	2	1	1	1	1	0	1	0	0	4	97	0	101	4	0	10	5	
2026-04-24 16:20:00	58.37919	17.40249	12	0	11	0	0	0	0	0.005	13.4	7	1010	18	1	27	0.5	292	-4300	103	5000	310	0	0	2	1	1	1	1	0	1	0	0	5	96	0	103	4	0	10	5	
2026-04-24 16:40:00	58.38165	17.39103	13	0	12	0	0	0	0	0.005	13.4	7	1010	18	1	28	0.6	292	-4600	104	5000	310	0	0	2	1	1	1	1	0	1	0	0	4	97	0	104	4	0	10	5	
2026-04-24 17:00:00	58.38369	17.38065	41	0	13	0	0	0	0	0.005	13.4	7	1010	18	1	32	0.5	291	-5200	105	5000	310	0	0	2	1	1	1	1	0	1	0	0	2	99	0	127	4	0	10	5	
2026-04-24 17:20:00	58.38489	17.36922	11	0	14	0	0	0	0	0.005	13.6	7	1010	18	1	58	0.6	281	-5800	105	5000	310	0	0	2	1	1	1	1	0	0	0	0	2	99	0	127	4	0	10	5	
2026-04-24 17:40:00	58.38633	17.35965	11	0	15	0	0	0	0	0.005	13.9	7	1009	18	1	27	0.5	286	-6400	105	5000	310	0	0	2	1	1	1	1	0	0	0	7	5	89	0	127	4	0	10	5	
2026-04-24 18:00:00	58.38666	17.34915	12	0	16	0	0	0	0	0.005	13.8	7	1009	18	1	29	0.5	274	-6900	104	5000	310	0	0	2	1	1	1	1	0	0	0	0	1	100	0	127	4	0	10	5	
2026-04-24 18:20:00	58.38807	17.33718	12	0	17	0	0	0	0	0.005	13.8	6	1009	18	1	33	0.6	283	-7500	104	5000	310	0	0	2	1	1	1	1	0	0	0	0	1	100	0	127	4	0	10	5	
2026-04-24 18:40:00	58.38972	17.32365	12	0	18	0	0	0	0	0.005	13.8	6	1009	18	1	28	0.7	283	-8300	104	5000	310	0	0	2	1	1	1	1	0	0	0	0	1	100	0	127	4	0	10	5	
2026-04-24 19:00:00	58.39104	17.31066	12	0	19	0	0	0	0	0.005	13.8	6	1009	18	2	47	0.6	281	-9000	103	5000	310	0	0	2	1	1	1	1	0	0	0	0	0	100	0	127	4	0	10	5	
2026-04-24 19:20:00	58.39206	17.29761	12	0	20	0	0	0	0	0.005	13.8	6	1009	18	1	32	0.6	279	-9600	103	5000	310	0	0	2	1	1	1	1	0	0	0	0	1	100	0	127	4	0	10	5	
2026-04-24 19:40:00	58.39251	17.28498	41	0	21	0	0	0	0	0.005	13.7	6	1008	18	1	33	0.6	274	-10300	102	5000	310	0	0	2	1	1	1	1	0	0	0	0	2	99	0	127	4	0	10	5	
2026-04-24 20:00:00	58.39311	17.27373	13	0	22	0	0	0	0	0.005	13.7	6	1008	18	1	56	0.6	276	-10800	102	5000	310	0	0	2	1	1	1	1	0	0	0	0	1	100	0	127	4	0	10	5	
2026-04-24 20:20:00	58.39392	17.26251	13	0	23	0	0	0	0	0.005	13.7	6	1008	18	2	56	0.5	278	-11400	102	5000	310	0	0	2	1	1	1	1	0	0	0	0	1	100	0	127	4	0	10	5	
2026-04-24 20:40:00	58.39584	17.25342	41	0	24	0	0	2	0	0.005	13.6	6	1008	18	2	54	0.5	292	4600	133	5000	310	0	0	3	1	1	1	1	0	1	0	6	7	88	0	133	4	0	10	5	
2026-04-24 21:00:00	58.39701	17.24424	12	0	25	0	0	0	0	0.005	13.6	6	1007	18	1	62	0.5	284	5100	130	5000	310	0	0	3	1	1	1	1	0	1	0	0	2	99	0	130	4	0	10	5	
2026-04-24 21:20:00	58.39878	17.26188	12	0	26	0	0	1	0	0.005	13.6	6	1007	18	1	31	0.9	79	4500	140	5000	310	1	0	3	3	1	1	1	0	1	0	96	0	5	0	140	-1	2	-10	5	
2026-04-24 21:40:00	58.40079	17.27976	12	0	27	0	0	2	0	0.005	13.6	6	1007	18	1	27	0.9	78	-1600	157	5000	310	1	0	2	3	3	1	1	0	1	0	100	0	0	0	166	-1	0	-10	5	
2026-04-24 22:00:00	58.41009	17.27835	12	0	28	0	0	0	0	0.005	13.6	6	1006	18	1	30	0.9	355	-2100	159	5000	215	1	0	0	2	3	3	1	0	1	0	2	0	99	0	172	1	2	10	5	
2026-04-24 22:20:00	58.40778	17.28627	12	0	29	0	0	0	0	0.005	13.6	6	1006	18	1	36	0.4	119	-2300	161	5000	215	1	0	0	0	2	3	3	0	1	0	99	0	2	0	175	-4	2	-10	5	
2026-04-24 22:40:00	58.40433	17.2929	13	0	0	0	0	0	0	0.005	13.6	6	1006	18	1	31	0.5	135	-2400	163	5000	215	1	0	0	0	0	2	3	0	1	0	100	0	0	0	177	-4	0	-10	5	
2026-04-24 23:00:00	58.4013	17.29971	41	0	1	0	0	0	0	0.005	13.5	6	1005	18	1	31	0.4	130	-2600	164	5000	215	1	0	0	0	0	0	2	0	1	0	98	3	0	0	179	-4	0	-10	5	
2026-04-24 23:20:00	58.3983	17.30625	12	0	2	0	0	2	0	0.005	13.5	6	1005	18	1	58	0.4	131	1600	342	5000	215	1	0	2	0	0	0	0	0	1	0	99	2	0	0	339	-4	0	-10	5	
2026-04-24 23:40:00	58.40712	17.30952	12	0	3	0	0	0	0	0.005	13.5	6	1005	18	1	27	0.8	11	1400	338	5000	215	1	0	2	2	0	0	0	0	1	0	4	1	96	0	335	1	2	10	5	
2026-04-25 00:00:00	58.4148	17.31372	13	0	4	0	0	0	0	0.005	13.5	6	1004	18	1	29	0.7	16	1700	332	5000	215	1	0	2	2	2	0	0	0	1	0	0	0	100	0	330	1	0	10	5	
2026-04-25 00:20:00	58.42134	17.32038	13	0	5	0	0	0	0	0.005	13.5	5	1004	18	1	28	0.7	28	4900	324	5000	215	1	0	2	2	2	2	0	0	1	0	0	0	100	0	324	1	0	10	5	
2026-04-25 01:40:00	58.43637	17.34933	11	0	9	0	0	0	0	0.005	13.4	5	1002	18	3	79	0.2	313	4200	296	5000	245	1	0	1	1	3	2	2	0	1	0	3	3	95	0	294	4	2	10	5	
2026-04-25 02:20:00	58.43991	17.33934	11	0	11	0	0	0	0	0.005	13.4	5	1001	18	3	84	0.3	303	4400	295	5000	245	1	0	1	1	1	1	3	0	1	0	0	1	100	0	295	4	0	10	5	
2026-04-25 02:40:00	58.44063	17.33391	13	0	12	0	0	0	0	0.005	13.4	5	1001	18	1	32	0.3	285	4100	296	5000	245	1	0	1	1	1	1	1	0	1	0	0	2	99	0	296	4	0	10	5	
2026-04-25 03:00:00	58.44123	17.32962	12	0	13	0	0	0	0	0.005	13.4	6	1000	18	1	33	0.2	285	3900	297	5000	245	1	0	1	1	1	1	1	0	1	0	0	3	98	0	297	4	0	10	5	
2026-04-25 03:20:00	58.44183	17.3274	13	0	14	0	0	0	0	0.005	13.4	6	1000	18	1	29	0.1	297	3700	297	5000	245	1	0	1	1	1	1	1	0	1	0	0	17	84	0	297	4	0	10	5	
2026-04-25 03:40:00	58.44222	17.32734	41	0	15	0	0	0	0	0.005	13.4	6	1000	18	1	30	0	356	3700	296	5000	245	1	0	1	1	1	1	1	0	1	0	38	33	30	0	296	4	0	10	5	
2026-04-25 04:00:00	58.44177	17.32767	12	0	16	0	0	0	0	0.005	13.4	6	1000	18	1	56	0	160	3700	297	5000	245	1	0	0	1	1	1	1	0	1	0	39	14	48	0	297	4	0	10	5	
2026-04-25 04:20:00	58.44171	17.32824	13	0	17	0	0	0	0	0.005	13.4	6	999	18	1	28	0	101	3800	297	5000	105	1	0	3	0	1	1	1	0	1	0	65	32	4	0	297	-4	3	-10	5	
2026-04-25 04:40:00	58.44162	17.32929	14	0	18	0	0	0	0	0.005	13.6	6	999	18	1	30	0.1	98	3800	296	5000	105	1	0	2	3	0	1	1	0	1	0	86	15	1	0	296	-1	1	-10	5	
2026-04-25 05:00:00	58.44186	17.32638	15	0	19	0	0	0	0	0.005	13.8	6	999	18	1	31	0.1	279	3700	297	5000	190	1	0	2	2	3	0	1	0	1	0	3	18	81	0	297	1	2	10	5	
2026-04-25 05:40:00	58.44378	17.32923	12	0	21	0	0	0	0	0.005	13.7	6	999	18	3	122	0.2	74	3700	293	5000	190	1	0	3	2	2	2	3	0	1	0	29	12	60	0	293	1	8	10	5	
2026-04-25 06:00:00	58.44204	17.33094	13	0	22	0	0	0	0	0.005	13.7	6	999	18	1	32	0.2	153	3900	295	5000	290	1	0	1	3	2	2	2	0	1	0	100	1	0	0	295	-1	1	-10	5	
2026-04-25 06:20:00	58.4412	17.33253	12	0	23	0	0	0	0	0.005	13.6	6	998	18	1	30	0.1	135	4000	296	5000	290	1	0	0	1	3	2	2	0	1	0	60	8	34	0	296	4	2	10	5	
2026-04-25 06:40:00	58.43841	17.33055	13	0	24	0	0	0	0	0.005	13.6	6	998	18	1	26	0.3	200	4100	300	5000	315	1	0	0	0	1	3	2	0	1	0	99	0	2	0	300	-4	2	-10	5	
2026-04-25 07:00:00	58.43541	17.32248	16	0	25	0	0	0	0	0.005	13.6	7	999	18	1	31	0.5	235	3900	308	5000	315	1	0	0	0	0	1	3	0	1	0	100	0	0	0	308	-4	0	-10	5	
2026-04-25 07:20:00	58.43517	17.3097	13	0	26	0	0	0	0	0.005	13.6	7	998	18	1	31	0.6	268	3300	316	5000	315	1	0	0	0	0	0	1	0	1	0	100	0	0	0	316	-4	0	-10	5	
2026-04-25 07:40:00	58.43604	17.29848	41	0	27	0	0	0	0	0.005	13.6	7	999	18	1	30	0.5	278	2900	325	5000	315	1	0	0	0	0	0	0	0	1	0	100	0	0	0	325	-4	0	-10	5	
2026-04-25 08:00:00	58.43523	17.29308	12	0	28	0	0	0	0	0.005	13.6	7	999	17	1	59	0.3	254	2800	331	5000	315	1	0	0	0	0	0	0	0	1	0	91	7	4	0	331	-4	0	-10	5	
2026-04-25 08:20:00	58.43418	17.28558	11	0	29	0	0	0	0	0.005	13.6	7	999	17	1	30	0.4	255	2700	340	5000	315	1	0	1	0	0	0	0	0	1	0	90	4	8	0	340	-4	0	-10	5	
2026-04-25 08:40:00	58.43403	17.28726	11	0	0	0	0	0	0	0.005	13.5	7	999	18	1	27	0.1	101	2700	339	5000	350	1	0	0	1	0	0	0	0	1	0	16	23	62	0	339	4	2	10	5	
2026-04-25 09:00:00	58.43292	17.28573	12	0	1	0	0	0	0	0.005	13.5	7	999	18	1	28	0.1	216	2800	341	5000	330	1	0	1	0	1	0	0	0	1	0	63	15	23	0	341	-4	3	-10	5	
2026-04-25 09:20:00	58.43475	17.28474	14	0	2	0	0	0	0	0.005	13.5	7	999	18	1	35	0.2	344	2600	341	5000	275	1	0	1	1	0	1	0	0	1	0	7	2	92	0	341	4	2	10	5	
2026-04-25 09:40:00	58.43697	17.28324	13	0	3	0	0	0	0	0.005	13.5	8	999	18	1	36	0.2	340	2300	341	5000	275	1	0	1	1	1	0	1	0	1	0	0	2	99	0	341	4	0	10	5	
2026-04-25 10:00:00	58.44	17.28147	40	0	4	0	0	2	0	0.005	13.5	9	998	17	1	34	0.3	343	2400	24	5000	275	1	0	2	1	1	1	0	0	1	0	0	2	99	0	9	4	0	10	5	
2026-04-25 10:20:00	58.44144	17.29857	11	0	5	0	0	0	0	0.005	13.5	9	998	17	1	59	0.9	81	3100	19	5000	275	1	0	2	2	1	1	1	0	1	0	0	0	100	0	359	1	1	10	5	
2026-04-25 10:40:00	58.44414	17.31924	12	0	6	0	0	0	0	0.005	13.5	9	999	17	2	55	1	76	3800	13	5000	275	1	0	3	2	2	1	1	0	1	0	0	0	100	0	347	1	0	10	5	
2026-04-25 11:00:00	58.43433	17.31063	13	0	7	0	0	0	0	0.005	13.5	8	998	17	2	59	1	205	4100	15	5000	320	1	0	1	3	2	2	1	0	1	0	99	0	2	0	342	-1	2	-10	5	
2026-04-25 11:20:00	58.43676	17.31708	12	0	8	0	0	0	0	0.005	13.4	8	998	17	1	31	0.4	54	4200	13	5000	320	1	0	1	1	3	2	2	0	1	0	12	6	84	0	339	4	2	10	5	
2026-04-25 11:40:00	58.43856	17.32167	12	0	9	0	0	0	0	0.005	13.5	8	998	17	1	26	0.3	53	4300	12	5000	320	1	0	1	1	1	3	2	0	1	0	0	18	83	0	337	4	0	10	5	
2026-04-25 12:00:00	58.44231	17.32932	13	0	10	0	0	0	0	0.005	13.4	7	999	17	1	28	0.5	47	4400	10	5000	320	1	0	1	1	1	1	3	0	1	0	0	0	100	0	335	4	0	10	5	
2026-04-25 12:20:00	58.44585	17.33877	13	0	11	0	0	0	0	0.005	13.4	7	999	17	1	29	0.6	54	4600	7	5000	320	1	0	1	1	1	1	1	0	1	0	0	2	99	0	329	4	0	10	5	
2026-04-25 12:40:00	58.44885	17.34708	41	0	12	0	0	0	0	0.005	13.4	7	999	18	1	31	0.5	55	4800	4	5000	320	1	0	0	1	1	1	1	0	1	0	0	7	94	0	322	4	0	10	5	
2026-04-25 13:00:00	58.44624	17.33913	13	0	13	0	0	0	0	0.005	13.4	7	999	18	1	57	0.5	238	4600	7	5000	325	1	0	1	0	1	1	1	0	1	0	88	3	10	0	329	-4	2	-10	5	
2026-04-25 13:20:00	58.4493	17.34954	13	0	14	0	0	0	0	0.005	13.4	7	1000	18	1	33	0.6	61	4900	3	5000	330	1	0	0	1	0	1	1	0	1	0	4	3	94	0	318	4	2	10	5	
2026-04-25 13:40:00	58.44735	17.33697	12	0	15	0	0	0	0	0.005	13.4	7	1000	18	1	29	0.6	254	4400	8	5000	335	1	0	0	0	1	0	1	0	1	0	97	1	3	0	334	-4	2	-10	5	
2026-04-25 14:00:00	58.44624	17.32176	14	0	16	0	0	0	0	0.005	13.4	7	1000	18	3	80	0.7	262	3800	13	5000	335	1	0	1	0	0	1	0	0	1	0	100	0	0	0	347	-4	0	-10	5	
2026-04-25 14:20:00	58.4478	17.33313	15	0	17	0	0	0	0	0.005	13.4	7	1001	18	3	78	0.6	75	4200	9	5000	350	1	0	0	1	0	0	1	0	1	0	3	1	97	0	339	4	2	10	5	
2026-04-25 14:40:00	58.44858	17.31738	13	0	18	0	0	0	0	0.005	13.4	7	1001	18	1	38	0.8	275	3500	15	5000	355	1	0	1	0	1	0	0	0	1	0	97	1	3	0	353	-4	2	-10	5	
2026-04-25 15:00:00	58.44678	17.32869	14	0	19	0	0	0	0	0.005	13.4	6	1002	18	1	35	0.6	107	4100	10	5000	10	1	0	0	1	0	1	0	0	1	0	4	3	94	0	342	4	2	10	5	
2026-04-25 15:20:00	58.44846	17.31243	41	0	20	0	0	0	0	0.005	13.8	6	1003	18	1	36	0.8	281	3200	16	5000	15	1	0	0	0	1	0	1	0	1	1	98	1	3	0	357	-4	2	-10	5	
2026-04-25 15:40:00	58.45032	17.29671	12	0	21	0	0	0	0	0.005	13.7	6	1003	18	1	60	0.8	283	2400	22	5000	15	1	0	0	0	0	1	0	0	1	0	100	1	0	0	8	-4	0	-10	5	
2026-04-25 16:00:00	58.45236	17.28072	40	0	22	0	0	0	0	0.005	13.7	6	1003	18	1	29	0.8	284	1500	28	5000	15	1	0	1	0	0	0	1	0	1	0	100	0	0	0	19	-4	0	-10	5	
2026-04-25 16:20:00	58.45233	17.29134	12	0	23	0	0	0	0	0.005	13.6	6	1004	18	1	53	0.5	90	2000	24	5000	10	1	0	1	1	0	0	0	0	1	0	3	1	97	0	13	4	2	10	5	
2026-04-25 16:40:00	58.45164	17.30265	12	0	24	0	0	0	0	0.005	13.6	6	1004	18	1	28	0.6	97	2600	20	5000	10	1	0	0	1	1	0	0	0	1	0	0	0	100	0	6	4	0	10	5	
2026-04-25 17:00:00	58.45254	17.2899	12	0	25	0	0	0	0	0.005	13.6	6	1005	18	1	32	0.6	278	1900	25	5000	5	1	0	1	0	1	1	0	0	1	0	95	3	3	0	14	-4	2	-10	5	
2026-04-25 17:20:00	58.45146	17.29698	13	0	26	0	0	0	0	0.005	13.6	6	1005	18	1	31	0.4	106	2300	22	5000	10	1	0	1	1	0	1	1	0	1	0	4	5	93	0	9	4	2	10	5	
2026-04-25 18:00:00	58.45134	17.28915	41	0	28	0	0	0	0	0.005	13.6	6	1005	18	3	91	0.7	279	2000	25	5000	15	1	0	1	0	1	1	0	0	1	0	97	0	4	0	14	-4	2	-10	5	
2026-04-25 18:20:00	58.45287	17.29494	12	0	29	0	0	0	0	0.005	13.6	6	1006	18	1	59	0.3	63	2100	23	5000	360	1	0	1	1	0	1	1	0	1	0	4	0	97	0	12	4	2	10	5	
2026-04-25 18:40:00	58.45572	17.29953	12	0	0	0	0	0	0	0.005	13.5	6	1006	18	1	30	0.3	40	2100	23	5000	360	1	0	1	1	1	0	1	0	1	0	0	2	99	0	11	4	0	10	5	
2026-04-25 19:00:00	58.45914	17.30607	12	0	1	0	0	0	0	0.005	13.5	6	1007	18	1	38	0.4	45	2200	21	5000	360	1	0	1	1	1	1	0	0	1	0	0	0	100	0	10	4	0	10	5	
2026-04-25 19:20:00	58.46343	17.31321	12	0	2	0	0	0	0	0.005	13.5	5	1007	18	1	31	0.5	41	2300	20	5000	360	1	0	1	1	1	1	1	0	1	0	0	0	100	0	10	4	0	10	5	
2026-04-25 19:40:00	58.46856	17.32044	12	0	3	0	0	0	0	0.005	13.5	5	1007	18	1	28	0.6	36	2300	18	5000	360	1	0	1	1	1	1	1	0	1	0	0	2	99	0	10	4	0	10	5	
2026-04-25 20:00:00	58.47372	17.32734	13	0	4	0	0	0	0	0.005	13.5	5	1008	18	1	31	0.6	35	2200	16	5000	360	1	0	1	1	1	1	1	0	1	0	0	0	100	0	10	4	0	10	5	
2026-04-25 20:20:00	58.47873	17.33505	13	0	5	0	0	0	0	0.005	13.5	5	1008	18	1	34	0.6	39	2300	13	5000	360	1	0	1	1	1	1	1	0	1	0	0	1	100	0	10	4	0	10	5	
2026-04-25 21:00:00	58.48977	17.35284	49	0	7	0	0	0	0	0.005	13.5	5	1008	18	3	83	0.7	47	4300	4	5000	360	1	0	1	1	1	1	1	0	1	0	0	0	100	0	4	4	0	10	5	
2026-04-25 21:20:00	58.49547	17.36247	12	0	8	0	0	0	0	0.005	13.5	5	1008	18	1	78	0.7	42	3700	355	5000	360	1	0	1	1	1	1	1	0	1	0	0	1	100	0	355	4	0	10	5	
2026-04-25 21:40:00	58.50141	17.37216	12	0	9	0	0	0	0	0.005	13.4	5	1009	18	1	30	0.7	40	3100	344	5000	360	1	0	1	1	1	1	1	0	1	0	0	0	100	0	344	4	0	10	5	
2026-04-25 22:00:00	58.50729	17.38158	41	0	10	0	0	0	0	0.005	13.4	5	1009	18	1	30	0.7	40	2700	329	5000	360	1	0	0	1	1	1	1	0	1	0	0	1	100	0	329	4	0	10	5	
2026-04-25 22:20:00	58.50687	17.36847	12	0	11	0	0	0	0	0.005	13.4	5	1009	18	1	61	0.7	266	2500	345	5000	330	1	0	1	0	1	1	1	0	1	0	97	1	3	0	345	-4	2	-10	5	
2026-04-25 22:40:00	58.51365	17.37333	12	0	12	0	0	0	0	0.005	13.4	5	1009	18	1	29	0.7	21	1900	331	5000	325	1	0	1	1	0	1	1	0	1	0	3	0	98	0	331	4	2	10	5	
2026-04-25 23:00:00	58.52145	17.37879	12	0	13	0	0	0	0	0.005	13.4	5	1010	18	1	32	0.8	20	1500	302	5000	325	1	0	0	1	1	0	1	0	1	0	0	0	100	0	302	4	0	10	5	
2026-04-25 23:40:00	58.52661	17.37285	12	0	15	0	0	0	0	0.005	13.4	5	1010	18	3	99	0.7	29	900	282	5000	320	1	0	0	1	0	1	1	1	1	0	3	2	96	0	282	4	2	10	5	
2026-04-26 00:00:00	58.52568	17.35944	12	0	16	0	0	0	0	0.005	13.4	5	1010	18	1	27	0.7	262	300	339	5000	325	1	0	1	0	1	0	1	1	1	0	97	1	3	0	339	-4	2	-10	5	
2026-04-26 00:20:00	58.53264	17.36724	13	0	17	0	0	0	0	0.005	13.4	5	1011	18	2	51	0.7	30	700	230	5000	325	1	0	0	1	0	1	0	1	1	0	4	0	97	0	230	4	2	10	5	
2026-04-26 00:40:00	58.53138	17.35332	13	0	18	0	0	2	0	0.005	13.4	5	1011	18	1	32	0.7	260	-400	79	5000	325	1	0	2	0	1	0	1	0	1	0	98	0	3	0	82	-4	2	-10	5	
2026-04-26 01:00:00	58.53933	17.37147	41	0	19	0	0	0	0	0.005	13.3	5	1011	18	2	58	1.1	50	-1000	83	5000	325	1	0	2	2	0	1	0	0	1	1	3	1	97	0	89	1	2	10	5	
2026-04-26 01:20:00	58.54794	17.39103	12	0	20	0	0	0	0	0.005	13.3	5	1011	18	1	60	1.3	50	-1700	88	5000	325	1	0	2	2	2	0	1	0	1	0	0	0	100	0	97	1	0	10	5	
2026-04-26 01:40:00	58.55799	17.40834	13	0	21	0	0	0	0	0.005	13.3	5	1011	18	2	59	1.2	42	-2600	95	5000	325	1	0	2	2	2	2	0	0	1	0	0	0	100	0	108	1	0	10	5	
2026-04-26 02:00:00	58.56786	17.42472	41	0	22	0	0	0	0	0.005	13.3	5	1012	18	1	34	1.2	41	-3400	104	5000	325	1	0	2	2	2	2	2	0	1	0	0	3	98	0	121	1	0	10	5	
2026-04-26 02:20:00	58.57743	17.43936	13	0	23	0	0	0	0	0.005	13.3	5	1012	18	1	61	1.2	39	-4300	113	5000	325	1	0	3	2	2	2	2	0	1	0	0	0	100	0	137	1	0	10	5	
2026-04-26 03:00:00	58.57938	17.43315	47	0	25	0	0	0	0	0.005	13.3	5	1013	18	3	101	0.9	38	-4600	114	5000	320	1	0	3	2	3	2	2	0	1	0	3	1	97	0	144	1	2	10	5	
2026-04-26 03:20:00	58.57305	17.41518	13	0	26	0	0	0	0	0.005	13.3	5	1013	18	2	86	1.1	236	-4100	106	5000	320	1	0	2	3	2	3	2	0	1	0	98	0	3	0	133	-1	2	-10	5	
2026-04-26 03:40:00	58.58151	17.42826	49	0	27	0	0	0	0	0.005	13.3	5	1013	18	1	38	1	39	-4900	114	5000	320	1	0	3	2	3	2	3	0	1	0	3	1	98	0	155	1	2	10	5	
2026-04-26 04:00:00	58.57521	17.40897	41	0	28	0	0	0	0	0.005	13.5	5	1014	18	1	65	1.1	238	-4400	107	5000	320	1	0	3	3	2	3	2	0	1	0	97	0	4	1	140	-1	2	-10	5	
2026-04-26 04:20:00	58.56927	17.38761	12	0	29	0	0	0	0	0.005	13.8	5	1014	18	1	58	1.2	242	-4100	102	5000	320	1	0	2	3	3	2	3	0	1	0	100	0	0	0	132	-1	0	-10	5	
2026-04-26 04:40:00	58.57623	17.40414	13	0	0	0	0	0	0	0.005	13.8	5	1014	18	1	28	1	51	-4600	107	5000	325	1	0	2	2	3	3	2	0	1	0	3	0	98	0	145	1	2	10	5	
2026-04-26 05:00:00	58.58427	17.42028	13	0	1	0	0	1	0	0.005	13.7	5	1015	18	1	43	1.1	46	-5300	115	2000	325	1	0	3	2	2	3	3	0	0	0	0	1	100	0	167	1	0	10	5	
2026-04-26 05:40:00	58.57278	17.37666	13	0	3	0	0	0	0	0.005	13.6	6	1016	18	3	115	1.3	246	-4600	103	2000	325	1	0	3	3	3	2	2	0	0	0	100	0	0	0	167	-1	0	-10	5	
2026-04-26 06:00:00	58.5672	17.35272	13	0	4	0	0	2	0	0.005	13.6	6	1015	18	2	60	1.3	246	4200	128	2000	325	1	0	2	3	3	3	2	0	0	0	100	0	0	0	80	-1	0	-10	5	
2026-04-26 06:10:00	58.56981	17.35848	13	0	5	0	0	1	0	0.005	13.6	6	1016	18	2	67	0.7	49	3800	132	2000	330	1	0	2	2	3	3	3	0	0	0	6	2	84	0	80	1	2	10	5	
2026-04-26 06:20:00	58.57356	17.36724	49	0	6	0	0	0	0	0.005	13.6	6	1016	18	1	33	1	51	3200	138	2000	330	1	0	2	2	2	3	3	0	0	0	0	0	100	0	80	1	0	10	5	
2026-04-26 06:30:00	58.57626	17.37531	14	0	7	0	0	0	0	0.005	13.6	6	1016	18	1	65	1	57	2700	143	2000	330	1	0	2	2	2	2	3	0	0	0	0	0	94	0	80	1	0	10	5	
2026-04-26 06:35:00	58.57554	17.37168	47	0	8	0	0	2	0	0.005	13.6	6	1016	18	1	34	0.7	249	2900	141	2000	330	0	0	2	0	2	2	2	0	0	0	33	0	6	0	80	-4	2	-10	5	
2026-04-26 06:40:00	58.57485	17.36787	26	0	9	0	0	0	0	0.005	13.6	6	1016	18	1	65	0.8	251	3200	139	2000	330	0	0	2	0	0	2	2	0	0	0	34	0	0	0	80	-4	0	-10	5	
2026-04-26 06:45:00	58.57437	17.3634	14	0	10	0	0	0	0	0.005	13.5	6	1016	18	1	45	0.9	258	3400	137	2000	330	0	0	2	0	0	0	2	0	0	0	38	0	0	0	80	-4	0	-10	5	
2026-04-26 06:50:00	58.57272	17.35737	15	0	11	0	0	1	0	0.005	13.5	6	1016	18	2	54	1.3	243	3800	134	2000	330	0	0	2	3	0	0	0	0	0	0	35	0	0	0	80	-1	1	-10	5	
2026-04-26 06:55:00	58.57098	17.35191	15	0	12	0	0	0	0	0.005	13.5	6	1016	18	1	33	1.2	239	4200	130	2000	330	0	0	2	3	3	0	0	0	0	0	40	0	0	0	80	-1	0	-10	5	
2026-04-26 07:00:00	58.56885	17.34645	19	0	13	0	0	0	0	0.005	13.5	6	1016	18	1	35	1.3	233	4500	127	2000	330	0	0	2	3	3	3	0	0	0	0	40	0	0	0	80	-1	0	-10	5	
2026-04-26 07:05:00	58.56663	17.34099	41	0	14	0	0	0	0	0.005	13.5	6	1016	18	1	36	1.2	232	4900	124	2000	330	0	0	2	3	3	3	3	0	0	0	39	0	0	0	80	-1	0	-10	5	
2026-04-26 07:10:00	58.56486	17.34282	11	0	15	0	0	1	0	0.005	13.5	6	1016	18	1	59	0.8	152	4800	123	2000	330	0	0	2	3	3	3	3	0	0	0	32	0	2	0	80	2	1	-10	5	
2026-04-26 07:15:00	58.56345	17.34453	12	0	16	0	0	0	0	0.005	13.5	6	1016	18	1	29	0.6	147	4700	122	2000	330	0	0	2	3	3	3	3	0	0	0	31	0	8	0	80	2	2	-10	5	
2026-04-26 07:20:00	58.56072	17.34276	11	0	17	0	0	0	0	0.005	13.5	6	1017	18	1	30	1.1	198	4900	119	2000	330	0	0	2	3	3	3	3	0	0	0	34	0	5	0	80	2	2	-10	5	
2026-04-26 07:25:00	58.55772	17.34333	12	0	18	0	0	0	0	0.005	13.5	6	1016	18	1	31	1.1	174	4900	117	2000	330	0	0	2	3	3	3	3	0	0	0	30	0	8	0	80	2	4	-10	5	
2026-04-26 07:30:00	58.55544	17.34585	12	0	19	0	0	1	0	0.005	13.5	6	1016	18	1	33	1	150	4800	115	2000	330	0	0	2	3	3	3	3	0	0	0	33	0	6	0	80	2	2	-10	5	
2026-04-26 07:35:00	58.5525	17.34549	12	0	20	0	0	0	0	0.005	13.5	6	1017	18	1	28	1.1	184	4900	112	2000	330	0	0	2	3	3	3	3	0	0	1	35	0	5	0	80	2	2	-10	5	
2026-04-26 07:40:00	58.55064	17.34714	12	0	21	0	0	0	0	0.005	13.5	6	1017	18	1	27	0.8	155	4800	111	2000	330	0	0	2	3	3	3	3	0	0	0	36	0	4	0	80	2	2	-10	5	
2026-04-26 07:45:00	58.54881	17.34786	12	0	22	0	0	0	0	0.005	13.4	6	1017	18	1	29	0.7	168	4800	109	2000	330	0	0	2	3	3	3	3	0	0	0	28	0	11	0	80	2	3	-10	5	
2026-04-26 07:50:00	58.54611	17.34912	12	0	23	0	0	0	0	0.005	13.4	6	1016	18	1	28	1	166	4800	106	2000	330	0	0	2	3	3	3	3	0	0	0	39	0	0	0	80	2	1	-10	5	
2026-04-26 07:55:00	58.54383	17.34876	12	0	24	0	0	0	0	0.005	13.4	6	1017	18	1	25	0.8	185	4900	103	2000	330	0	0	2	3	3	3	3	0	0	0	29	0	10	0	80	2	4	-10	5	
2026-04-26 08:00:00	58.54191	17.3505	12	0	25	0	0	0	0	0.005	13.4	6	1017	18	1	41	0.8	155	4800	101	2000	330	0	0	2	3	3	3	3	0	0	0	32	0	5	0	80	2	2	-10	5	
2026-04-26 08:05:00	58.5402	17.35041	13	0	26	0	0	0	0	0.005	13.4	6	1017	18	1	26	0.6	181	4800	99	2000	330	0	0	2	3	3	3	3	0	0	0	31	0	8	0	80	2	3	-10	5	
2026-04-26 08:10:00	58.5381	17.35095	11	0	27	0	0	0	0	0.005	13.4	6	1017	18	1	29	0.8	172	4800	97	2000	330	0	0	2	3	3	3	3	0	0	0	34	0	5	0	80	2	3	-10	5	
2026-04-26 08:15:00	58.53681	17.35278	12	0	28	0	0	0	0	0.005	13.4	6	1017	18	1	29	0.6	144	4800	95	2000	330	0	0	2	3	3	3	3	0	0	0	35	0	5	0	80	2	2	-10	5	
2026-04-26 08:20:00	58.5348	17.3523	11	0	29	0	0	0	0	0.005	13.4	6	1017	18	1	30	0.7	187	4800	92	2000	330	0	0	2	3	3	3	3	0	0	0	27	0	11	0	80	2	4	-10	5	
2026-04-26 08:25:00	58.53219	17.35347	12	0	0	0	0	1	0	0.005	13.4	6	1017	18	2	59	1	167	4800	89	2000	330	0	0	2	3	3	3	3	0	0	0	28	0	5	0	80	1	3	-10	5	
2026-04-26 08:30:00	58.5297	17.35095	11	0	1	0	0	0	0	0.005	13.4	6	1017	18	1	29	1	208	5000	86	2000	330	0	0	2	3	3	3	3	0	0	0	35	0	4	0	80	1	2	-10	5	
2026-04-26 08:35:00	58.52766	17.35407	12	0	2	0	0	0	0	0.005	13.4	6	1017	18	1	28	1	141	4900	83	2000	330	0	0	2	3	3	3	3	0	0	0	40	0	1	0	80	1	0	-10	5	
2026-04-26 08:40:00	58.52613	17.35773	12	0	3	0	0	1	0	0.005	13.4	6	1017	18	1	32	0.9	129	4700	81	2000	300	0	0	1	2	3	3	3	0	0	0	6	0	30	0	80	-1	3	10	5	
2026-04-26 08:45:00	58.52463	17.36193	12	0	4	0	0	0	0	0.005	13.7	6	1017	18	1	33	1	125	4500	78	2000	300	0	0	1	2	2	3	3	0	0	1	5	0	34	0	78	-1	2	10	5	
2026-04-26 08:50:00	58.52247	17.36304	13	0	5	0	0	0	0	0.005	13.6	6	1017	18	1	31	0.8	165	4500	75	2000	300	0	0	3	2	2	2	3	0	0	0	2	0	38	0	75	-1	0	10	5	
2026-04-26 08:55:00	58.52187	17.3676	12	0	6	0	0	2	0	0.005	13.6	6	1017	18	1	31	0.9	104	4200	73	2000	300	0	0	1	2	2	2	2	0	0	0	4	0	35	0	73	0	2	10	5	
2026-04-26 09:00:00	58.5204	17.37339	12	0	7	0	0	0	0	0.005	13.6	6	1017	18	1	31	1.2	116	4000	69	2000	300	0	0	1	2	2	2	2	0	0	0	0	0	40	0	69	0	0	10	5	
2026-04-26 09:05:00	58.51938	17.37906	12	0	8	0	0	0	0	0.005	13.6	6	1017	18	1	29	1.2	109	3700	66	2000	300	0	0	1	2	2	2	2	0	0	0	0	0	41	0	66	0	0	10	5	
2026-04-26 09:10:00	58.51767	17.38206	13	0	9	0	0	0	0	0.005	13.6	6	1017	18	1	32	0.9	137	3600	62	2000	300	0	0	1	2	2	2	2	0	0	0	3	0	37	0	62	0	1	10	5	
2026-04-26 09:15:00	58.51665	17.38566	12	0	10	0	0	0	0	0.005	13.6	6	1017	18	1	30	0.8	119	3500	59	2000	300	0	0	1	2	2	2	2	0	0	0	0	1	39	0	59	0	1	10	5	
2026-04-26 09:20:00	58.51404	17.38788	12	0	11	0	0	0	0	0.005	13.6	6	1017	18	1	34	1.1	156	3600	54	2000	300	0	0	3	2	2	2	2	0	0	0	0	0	40	0	54	0	0	10	5	
2026-04-26 09:25:00	58.51371	17.39253	13	0	12	0	0	0	0	0.005	13.5	6	1017	18	3	65	0.9	98	3400	51	2000	300	0	0	1	2	2	2	2	0	0	0	2	0	30	0	51	0	2	10	5	
2026-04-26 09:30:00	58.51305	17.39763	12	0	13	0	0	0	0	0.005	13.5	6	1017	18	1	30	1	104	3200	46	2000	300	0	0	1	2	2	2	2	0	0	0	0	0	41	0	46	0	0	10	5	
2026-04-26 09:35:00	58.51242	17.40165	13	0	14	0	0	0	0	0.005	13.5	6	1017	18	3	67	0.8	107	3100	42	2000	300	0	0	1	2	2	2	2	0	0	0	5	0	27	0	42	0	2	10	5	
2026-04-26 09:40:00	58.5132	17.40531	41	0	15	0	0	1	0	0.005	13.5	6	1017	18	3	79	0.7	68	2900	40	2000	300	1	0	1	1	2	2	2	0	0	0	0	0	30	0	40	4	1	10	5	
2026-04-26 09:45:00	58.5141	17.40645	12	0	16	0	0	0	0	0.005	13.5	6	1018	18	1	62	0.4	33	2800	41	2000	300	1	0	1	1	1	2	2	0	0	0	0	0	34	0	41	4	0	10	5	
2026-04-26 09:50:00	58.51554	17.40846	11	0	17	0	0	1	0	0.005	13.5	6	1018	18	2	57	0.7	36	2600	41	2000	300	1	0	1	1	1	1	2	0	0	0	0	0	35	0	41	4	0	10	5	
2026-04-26 10:00:00	58.51728	17.41482	15	0	19	0	0	2	0	0.005	13.5	6	1017	18	3	86	0.9	79	-200	67	2000	300	1	0	2	2	1	1	1	0	1	0	0	0	29	0	71	0	1	10	5	
2026-04-26 10:05:00	58.5153	17.41764	15	0	20	0	0	0	0	0.005	13.5	6	1017	18	1	36	0.9	143	100	66	2000	300	1	0	1	2	2	1	1	0	1	0	0	0	39	0	64	0	0	10	5	
2026-04-26 10:10:00	58.51593	17.42028	15	0	21	0	0	0	0	0.005	13.5	6	1017	18	2	56	0.6	66	100	66	2000	300	1	0	1	1	2	2	1	0	1	0	2	0	32	0	64	4	2	10	5	
2026-04-26 10:15:00	58.51707	17.42232	14	0	22	0	0	0	0	0.005	13.5	6	1017	18	1	35	0.6	43	0	66	2000	300	1	0	1	1	1	2	2	0	1	0	0	0	40	0	66	4	0	10	5	
2026-04-26 10:20:00	58.51803	17.42442	14	0	23	0	0	0	0	0.005	13.4	6	1018	18	2	58	0.5	49	0	66	2000	300	1	0	1	1	1	1	2	0	1	0	0	5	30	0	67	4	0	10	5	
2026-04-26 10:25:00	58.51917	17.42703	14	0	24	0	0	0	0	0.005	13.4	6	1017	18	1	32	0.7	50	-100	67	2000	300	1	0	1	1	1	1	1	0	1	0	0	0	40	0	69	4	0	10	5	
2026-04-26 10:30:00	58.52043	17.4291	16	0	25	0	0	0	0	0.005	13.4	6	1018	18	1	33	0.6	40	-200	67	2000	300	1	0	2	1	1	1	1	0	1	0	0	1	39	0	71	4	0	10	5	
2026-04-26 10:35:00	58.51995	17.4327	15	0	26	0	0	0	0	0.005	13.4	6	1017	18	1	33	0.7	105	0	66	2000	300	1	0	1	2	1	1	1	0	1	0	0	0	39	0	67	0	1	10	5	
2026-04-26 10:40:00	58.52046	17.4351	14	0	27	0	0	0	0	0.005	13.4	6	1018	18	1	44	0.5	68	0	66	2000	300	1	0	1	1	2	1	1	0	1	0	0	0	37	0	67	4	1	10	5	
2026-04-26 10:45:00	58.52172	17.4366	15	0	28	0	0	0	0	0.005	13.4	7	1017	18	1	30	0.5	32	-100	67	2000	300	1	0	2	1	1	2	1	0	1	0	0	2	39	0	70	4	0	10	5	
2026-04-26 10:50:00	58.52172	17.43972	15	0	29	0	0	0	0	0.005	13.4	7	1018	18	1	37	0.6	90	-100	67	2000	300	1	0	2	2	1	1	2	0	1	0	0	0	39	0	68	0	1	10	5	
2026-04-26 10:55:00	58.52091	17.44359	14	0	0	0	0	0	0	0.005	13.4	7	1018	18	1	30	0.8	112	100	66	2000	300	1	0	1	2	2	1	1	0	1	0	0	0	41	0	63	0	0	10	5	
2026-04-26 11:00:00	58.5216	17.44572	16	0	1	0	0	0	0	0.005	13.4	7	1018	18	1	35	0.5	57	100	66	2000	300	1	0	1	1	2	2	1	0	1	0	0	0	39	0	63	4	1	10	5	
2026-04-26 11:05:00	58.5228	17.44755	41	0	2	0	0	0	0	0.005	13.4	7	1017	18	1	32	0.5	39	0	66	2000	300	1	0	2	1	1	2	2	0	1	0	0	0	40	0	66	4	0	10	5	
2026-04-26 11:10:00	58.52205	17.45025	12	0	3	0	0	0	0	0.005	13.4	7	1018	18	1	55	0.6	118	200	65	2000	300	1	0	1	2	1	1	2	0	1	0	0	1	34	0	62	0	1	10	5	
2026-04-26 11:15:00	58.52283	17.45256	12	0	4	0	0	0	0	0.005	13.4	7	1017	18	2	41	0.5	57	100	65	2000	300	1	0	1	1	2	1	1	0	1	0	0	0	38	0	62	4	1	10	5	
2026-04-26 11:20:00	58.52427	17.45397	12	0	5	0	0	0	0	0.005	13.4	7	1018	18	1	32	0.6	27	0	66	2000	300	1	0	2	1	1	2	1	0	1	0	0	0	40	0	66	4	0	10	5	
2026-04-26 11:25:00	58.5246	17.45733	11	0	6	0	0	0	0	0.005	13.4	7	1018	18	1	33	0.7	80	100	66	2000	300	1	0	2	2	1	1	2	0	1	0	0	0	40	0	64	0	1	10	5	
2026-04-26 11:30:00	58.5237	17.4606	12	0	7	0	0	0	0	0.005	13.4	7	1018	18	1	25	0.7	118	200	65	2000	300	1	0	1	2	2	1	1	0	1	0	0	0	42	0	59	0	0	10	5	
2026-04-26 11:35:00	58.52439	17.46261	12	0	8	0	0	0	0	0.005	13.4	7	1018	18	1	27	0.5	57	200	65	2000	300	1	0	1	1	2	2	1	0	1	0	0	0	41	0	60	4	1	10	5	
2026-04-26 11:40:00	58.52505	17.4636	12	0	9	0	0	0	0	0.005	13.4	7	1018	18	1	30	0.3	38	200	65	2000	300	1	0	1	1	1	2	2	0	1	0	0	1	40	0	61	4	0	10	5	
2026-04-26 11:45:00	58.52601	17.46435	11	0	10	0	0	0	0	0.005	13.4	7	1018	18	1	28	0.4	22	100	66	2000	300	1	0	2	1	1	1	2	0	1	0	0	0	41	0	64	4	0	10	5	
2026-04-26 11:50:00	58.52628	17.46702	12	0	11	0	0	0	0	0.005	13.4	7	1018	17	1	28	0.5	80	100	65	2000	300	1	0	2	2	1	1	1	0	1	0	0	0	41	0	63	0	1	10	5	
2026-04-26 11:55:00	58.52586	17.47035	11	0	12	0	0	0	0	0.005	13.4	7	1018	17	1	32	0.7	104	200	65	2000	300	1	0	1	2	2	1	1	0	1	0	0	0	40	0	59	0	0	10	5	
2026-04-26 12:00:00	58.52652	17.47221	11	0	13	0	0	0	0	0.005	13.4	7	1018	17	1	26	0.4	56	200	65	2000	300	1	0	1	1	2	2	1	0	1	0	6	0	31	0	60	4	3	10	5	
2026-04-26 12:05:00	58.52766	17.47305	13	0	14	0	0	0	0	0.005	13.4	7	1018	17	1	29	0.5	20	100	65	2000	300	1	0	2	1	1	2	2	0	1	0	0	0	41	0	63	4	0	10	5	
2026-04-26 12:10:00	58.52805	17.47632	13	0	15	0	0	0	0	0.005	13.4	7	1018	17	1	30	0.6	78	200	65	2000	300	1	0	2	2	1	1	2	0	1	0	0	0	40	0	62	0	1	10	5	
2026-04-26 12:15:00	58.5279	17.47938	12	0	16	0	0	0	0	0.005	13.3	7	1018	17	1	32	0.6	95	200	64	2000	300	1	0	1	2	2	1	1	0	1	0	5	0	35	0	59	0	2	10	5	
2026-04-26 12:20:00	58.52901	17.47992	13	0	17	0	0	0	0	0.005	13.3	7	1018	17	1	27	0.4	14	100	65	2000	300	1	0	2	1	2	2	1	0	1	0	0	1	40	0	62	4	1	10	5	
2026-04-26 12:25:00	58.52964	17.48226	13	0	18	0	0	0	0	0.005	13.3	7	1018	17	1	31	0.5	63	100	65	2000	300	1	0	2	2	1	2	2	0	1	0	0	0	40	0	62	0	1	10	5	
2026-04-26 12:30:00	58.53009	17.48556	41	0	19	0	0	0	0	0.005	13.3	7	1018	17	1	39	0.6	76	200	65	2000	300	1	0	2	2	2	1	2	0	1	0	0	0	39	0	61	0	0	10	5	
2026-04-26 12:35:00	58.53048	17.48853	11	0	20	0	0	0	0	0.005	13.3	7	1018	17	1	59	0.7	76	200	65	2000	300	1	0	2	2	2	2	1	0	1	0	0	0	35	0	61	0	0	10	5	
2026-04-26 12:40:00	58.53	17.49174	12	0	21	0	0	0	0	0.005	13.3	7	1018	17	1	29	0.6	106	300	64	2000	300	1	0	1	2	2	2	2	0	1	0	0	0	41	0	57	0	0	10	5	
2026-04-26 12:45:00	58.53108	17.49273	11	0	22	0	0	0	0	0.005	13.3	7	1017	17	2	44	0.4	25	200	64	2000	300	1	0	2	1	2	2	2	0	1	0	0	0	37	0	60	4	1	10	5	
2026-04-26 12:50:00	58.53129	17.496	11	0	23	0	0	0	0	0.005	13.8	8	1018	17	1	41	0.6	84	300	64	2000	300	1	0	1	2	1	2	2	0	1	0	0	0	38	0	58	0	1	10	5	
2026-04-26 12:55:00	58.53243	17.49714	11	0	24	0	0	0	0	0.005	13.7	8	1017	17	1	27	0.5	27	200	65	2000	300	1	0	2	1	2	1	2	0	1	0	0	0	41	0	61	4	1	10	5	
2026-04-26 13:00:00	58.53312	17.49909	12	0	25	0	0	0	0	0.005	13.6	8	1018	17	1	30	0.5	56	200	65	2000	300	1	0	2	2	1	2	1	0	1	0	0	0	40	0	61	0	1	10	5	
2026-04-26 13:05:00	58.53327	17.50299	12	0	26	0	0	0	0	0.005	13.6	7	1018	17	1	30	0.8	86	300	64	2000	300	1	0	1	2	2	1	2	0	1	0	0	0	41	0	59	0	0	10	5	
2026-04-26 13:10:00	58.53459	17.50464	11	0	27	0	0	0	0	0.005	13.6	7	1018	17	1	31	0.6	33	200	65	2000	300	1	0	2	1	2	2	1	0	1	0	0	0	40	0	62	4	1	10	5	
2026-04-26 13:15:00	58.53528	17.50713	11	0	28	0	0	0	0	0.005	13.6	7	1018	17	1	27	0.5	62	100	65	2000	300	1	0	2	2	1	2	2	0	1	0	0	0	41	0	62	0	1	10	5	
2026-04-26 13:20:00	58.53462	17.51118	11	0	29	0	0	0	0	0.005	13.6	7	1018	17	1	26	0.8	107	300	63	2000	300	1	0	1	2	2	1	2	0	1	0	0	0	41	0	57	0	0	10	5	
2026-04-26 13:25:00	58.53585	17.51247	11	0	0	0	0	0	0	0.005	13.6	7	1018	17	1	31	0.5	29	200	64	2000	300	1	0	2	1	2	2	1	0	1	0	2	1	36	0	60	4	2	10	5	
2026-04-26 13:30:00	58.53645	17.51664	11	0	1	0	0	0	0	0.005	13.6	7	1018	17	1	31	0.8	74	200	64	2000	300	1	0	2	2	1	2	2	0	1	0	0	0	40	0	59	0	1	10	5	
2026-04-26 13:35:00	58.53597	17.52063	11	0	2	0	0	0	0	0.005	13.6	7	1018	17	1	39	0.8	103	400	62	2000	300	1	0	1	2	2	1	2	0	1	0	5	0	33	0	55	0	2	10	5	
2026-04-26 13:40:00	58.5369	17.52288	11	0	3	0	0	0	0	0.005	13.6	7	1018	17	1	31	0.6	51	300	63	2000	300	1	0	1	1	2	2	1	0	1	0	0	0	40	0	56	4	1	10	5	
2026-04-26 13:45:00	58.5381	17.52432	12	0	4	0	0	0	0	0.005	13.5	7	1018	17	1	30	0.5	33	300	63	2000	300	1	0	2	1	1	2	2	0	1	0	0	0	40	0	59	4	0	10	5	
2026-04-26 13:50:00	58.53789	17.52675	11	0	5	0	0	0	0	0.005	13.5	7	1018	17	1	32	0.5	99	300	62	2000	300	1	0	1	2	1	1	2	0	1	0	11	9	19	0	57	0	3	10	5	
2026-04-26 13:55:00	58.53876	17.52897	12	0	6	0	0	0	0	0.005	13.5	7	1018	17	1	29	0.5	54	300	63	2000	300	1	0	1	1	2	1	1	0	1	0	0	0	40	0	58	4	1	10	5	
2026-04-26 14:00:00	58.54008	17.52975	12	0	7	0	0	0	0	0.005	13.5	7	1017	17	1	33	0.5	17	200	64	2000	300	1	0	2	1	1	2	1	0	1	0	0	0	40	0	61	4	0	10	5	
2026-04-26 14:05:00	58.54017	17.53404	12	0	8	0	0	0	0	0.005	13.5	7	1018	17	1	33	0.8	88	300	63	2000	300	1	0	1	2	1	1	2	0	1	0	0	0	39	0	58	0	1	10	5	
2026-04-26 14:10:00	58.5408	17.53614	12	0	9	0	0	0	0	0.005	13.5	7	1018	17	1	30	0.5	60	300	63	2000	300	1	0	1	1	2	1	1	0	1	0	4	0	32	0	59	4	3	10	5	
2026-04-26 14:15:00	58.54209	17.53722	11	0	10	0	0	0	0	0.005	13.5	7	1017	17	1	38	0.5	24	200	64	2000	300	1	0	2	1	1	2	1	0	1	0	0	0	39	0	62	4	0	10	5	
2026-04-26 14:20:00	58.54209	17.54028	11	0	11	0	0	0	0	0.005	13.5	7	1018	18	2	58	0.6	90	200	63	2000	300	1	0	1	2	1	1	2	0	1	0	0	0	34	0	60	0	1	10	5	
2026-04-26 14:25:00	58.5429	17.54262	11	0	12	0	0	0	0	0.005	13.5	7	1018	18	1	27	0.5	57	200	63	2000	300	1	0	1	1	2	1	1	0	1	0	0	0	41	0	61	4	1	10	5	
2026-04-26 14:30:00	58.54419	17.544	12	0	13	0	0	0	0	0.005	13.5	6	1017	18	2	56	0.5	29	100	65	2000	300	1	0	2	1	1	2	1	0	1	0	0	0	35	0	63	4	0	10	5	
2026-04-26 14:35:00	58.54434	17.54784	12	0	14	0	0	0	0	0.005	13.5	6	1018	18	1	37	0.7	85	200	64	2000	300	1	0	2	2	1	1	2	0	1	0	0	0	39	0	61	0	1	10	5	
2026-04-26 14:40:00	58.54395	17.55183	13	0	15	0	0	0	0	0.005	13.4	6	1018	18	1	32	0.8	100	300	61	2000	300	1	0	1	2	2	1	1	0	1	0	5	0	34	0	58	0	2	10	5	
2026-04-26 14:45:00	58.545	17.55381	13	0	16	0	0	0	0	0.005	13.4	6	1018	18	1	33	0.5	45	200	62	2000	300	1	0	1	1	2	2	1	0	1	0	0	0	40	0	59	4	1	10	5	
2026-04-26 14:50:00	58.5462	17.55459	12	0	17	0	0	0	0	0.005	13.4	6	1018	18	1	33	0.5	18	100	64	2000	300	1	0	2	1	1	2	2	0	1	0	0	0	40	0	62	4	0	10	5	
2026-04-26 14:55:00	58.54581	17.55798	12	0	18	0	0	0	0	0.005	13.4	6	1018	18	1	29	0.7	102	300	61	2000	300	1	0	1	2	1	1	2	0	1	0	0	0	40	0	59	0	1	10	5	
2026-04-26 15:00:00	58.54638	17.55981	12	0	19	0	0	0	0	0.005	13.4	6	1018	18	1	33	0.4	60	200	61	2000	300	1	0	1	1	2	1	1	0	1	0	0	0	39	0	59	4	1	10	5	
2026-04-26 15:05:00	58.5474	17.5605	12	0	20	0	0	0	0	0.005	13.4	6	1018	18	1	30	0.4	19	200	63	2000	300	1	0	2	1	1	2	1	0	1	0	0	0	41	0	62	4	0	10	5	
2026-04-26 15:10:00	58.54659	17.56455	12	0	21	0	0	0	0	0.005	13.4	6	1018	18	1	31	0.8	111	300	59	2000	300	1	0	1	2	1	1	2	0	1	0	0	0	40	0	57	0	1	10	5	
2026-04-26 15:15:00	58.54755	17.5665	13	0	22	0	0	0	0	0.005	13.4	6	1018	18	1	30	0.5	47	300	60	2000	300	1	0	1	1	2	1	1	0	1	0	2	0	37	0	58	4	2	10	5	
2026-04-26 15:20:00	58.54884	17.56767	49	0	23	0	0	0	0	0.005	13.4	6	1018	18	1	27	0.5	25	200	62	2000	300	1	0	2	1	1	2	1	0	1	0	0	0	41	0	61	4	0	10	5	
2026-04-26 15:25:00	58.54929	17.57133	11	0	24	0	0	0	0	0.005	13.4	6	1018	18	1	64	0.8	77	200	61	2000	300	1	0	2	2	1	1	2	0	1	0	0	0	33	0	60	0	1	10	5	
2026-04-26 15:35:00	58.54491	17.57454	11	0	26	0	0	0	0	0.005	13.4	6	1018	18	3	99	0.9	167	700	48	2000	310	1	0	2	3	2	2	1	0	1	0	27	0	0	0	45	0	0	-10	5	
2026-04-26 15:40:00	58.54368	17.57823	11	0	27	0	0	0	0	0.005	13.4	6	1018	18	1	30	0.8	123	900	41	2000	315	1	0	2	2	3	2	2	0	1	0	2	0	37	0	38	0	2	10	5	
2026-04-26 15:45:00	58.54224	17.58162	12	0	28	0	0	0	0	0.005	13.4	6	1018	18	1	28	0.8	129	1200	35	2000	315	1	0	2	2	2	3	2	0	1	0	3	0	37	0	30	0	2	10	5	
2026-04-26 15:50:00	58.54131	17.58591	12	0	29	0	0	0	0	0.005	13.4	6	1018	18	1	31	0.9	113	1400	28	2000	315	1	0	2	2	2	2	3	0	1	0	5	0	34	0	23	0	2	10	5	
2026-04-26 15:55:00	58.53996	17.58891	12	0	0	0	0	0	0	0.005	13.4	6	1018	18	1	33	0.8	130	1600	22	2000	315	1	0	1	2	2	2	2	0	1	0	5	1	33	0	14	0	2	10	5	
2026-04-26 16:00:00	58.54053	17.59155	11	0	1	0	0	0	0	0.005	13.4	6	1018	18	1	30	0.5	67	1600	19	2000	315	1	0	1	1	2	2	2	0	1	0	0	2	38	0	14	4	1	10	5	
2026-04-26 16:05:00	58.54164	17.59263	12	0	2	0	0	0	0	0.005	13.4	6	1018	18	1	28	0.5	27	1500	19	2000	315	1	0	1	1	1	2	2	0	1	0	0	2	39	0	18	4	0	10	5	
2026-04-26 16:10:00	58.54281	17.59383	11	0	3	0	0	0	0	0.005	13.4	6	1018	18	2	56	0.5	28	1900	18	2000	315	1	0	1	1	1	1	2	0	1	0	0	0	35	0	18	4	0	10	5	
2026-04-26 16:15:00	58.54395	17.59536	12	0	4	0	0	0	0	0.005	13.5	6	1018	18	1	28	0.5	35	1700	16	2000	315	1	0	1	1	1	1	1	0	1	0	0	0	41	0	16	4	0	10	5	
2026-04-26 16:20:00	58.5441	17.59767	12	0	5	0	0	0	0	0.005	13.7	6	1018	18	1	30	0.5	84	1700	12	2000	315	1	0	1	1	1	1	1	0	1	0	12	6	23	0	12	4	0	10	5	
2026-04-26 16:25:00	58.54428	17.59932	12	0	6	0	0	0	0	0.005	13.9	6	1018	18	1	30	0.3	77	1600	9	2000	315	1	0	1	1	1	1	1	0	1	0	6	3	32	0	9	4	0	10	5	
2026-04-26 16:30:00	58.54551	17.6016	12	0	7	0	0	0	0	0.005	13.9	6	1018	18	1	43	0.6	44	1500	5	2000	315	1	0	1	1	1	1	1	0	1	0	0	0	38	0	5	4	0	10	5	
2026-04-26 16:35:00	58.54689	17.60373	11	0	8	0	0	0	0	0.005	13.8	6	1018	18	1	29	0.7	39	1300	360	2000	315	1	0	1	1	1	1	1	0	1	0	0	0	41	0	360	4	0	10	5	
2026-04-26 16:40:00	58.54785	17.60523	12	0	9	0	0	0	0	0.005	13.8	6	1018	18	1	30	0.5	39	1200	356	2000	315	1	0	1	1	1	1	1	0	1	0	0	0	41	0	356	4	0	10	5	
2026-04-26 16:45:00	58.5486	17.60634	12	0	10	0	0	0	0	0.005	13.8	6	1018	18	1	32	0.4	38	1100	352	2000	315	1	0	1	1	1	1	1	0	1	0	0	1	39	0	352	4	0	10	5	
2026-04-26 16:50:00	58.54932	17.60793	12	0	11	0	0	0	0	0.005	13.8	6	1018	18	1	33	0.4	50	1100	347	2000	315	1	0	1	1	1	1	1	0	1	0	0	6	34	0	347	4	0	10	5	
2026-04-26 16:55:00	58.55013	17.60919	12	0	12	0	0	0	0	0.005	13.8	6	1018	18	1	31	0.4	39	1000	342	2000	315	1	0	1	1	1	1	1	0	1	0	0	2	38	0	342	4	0	10	5	
2026-04-26 17:00:00	58.55112	17.61069	13	0	13	0	0	0	0	0.005	13.8	6	1018	18	1	29	0.5	38	900	334	2000	315	1	0	1	1	1	1	1	1	1	0	0	1	40	0	334	4	0	10	5	
2026-04-26 17:05:00	58.55187	17.61186	12	0	14	0	0	0	0	0.005	13.7	6	1018	18	1	31	0.4	39	900	328	2000	315	1	0	0	1	1	1	1	1	1	0	0	5	35	0	328	4	0	10	5	
2026-04-26 17:10:00	58.55112	17.61045	12	0	15	0	0	0	0	0.005	13.7	6	1018	18	1	32	0.4	224	900	335	2000	310	1	0	1	0	1	1	1	1	1	0	30	0	8	0	335	-4	2	-10	5	
2026-04-26 17:15:00	58.55154	17.61147	12	0	16	0	0	0	0	0.005	13.7	6	1018	18	1	32	0.3	51	900	331	2000	315	1	0	1	1	0	1	1	1	1	0	13	0	26	0	331	4	2	10	5	
2026-04-26 17:20:00	58.55247	17.61375	12	0	17	0	0	0	0	0.005	13.7	6	1018	18	2	48	0.6	52	900	320	2000	315	1	0	0	1	1	0	1	1	1	0	0	0	37	0	320	4	0	10	5	
2026-04-26 17:25:00	58.55172	17.61264	13	0	18	0	0	0	0	0.005	13.6	6	1018	18	1	32	0.3	218	900	326	2000	315	1	0	1	0	1	1	0	1	1	0	29	1	9	0	326	-4	2	-10	5	
2026-04-26 17:30:00	58.55184	17.61327	12	0	19	0	0	0	0	0.005	13.6	6	1018	18	2	49	0.1	71	1000	324	2000	315	1	0	1	1	0	1	1	1	1	0	11	0	25	0	324	4	2	10	5	
2026-04-26 17:35:00	58.55274	17.61492	14	0	20	0	0	0	0	0.005	13.6	6	1018	18	2	54	0.5	44	900	316	2000	315	1	0	1	1	1	0	1	1	1	0	0	0	36	0	316	4	0	10	5	
2026-04-26 17:45:00	58.55418	17.61795	11	0	22	0	0	0	0	0.005	13.6	6	1018	18	3	83	0.5	50	1000	302	2000	315	1	0	0	1	1	1	1	1	1	0	0	0	30	0	302	4	0	10	5	
2026-04-26 17:50:00	58.55355	17.61591	12	0	23	0	0	0	0	0.005	13.6	6	1018	18	1	31	0.5	240	900	309	2000	325	1	0	0	0	1	1	1	1	1	0	31	0	8	0	309	-4	2	-10	5	
2026-04-26 17:55:00	58.55316	17.61324	13	0	24	0	0	0	0	0.005	13.5	6	1018	18	2	66	0.5	254	800	318	2000	325	1	0	0	0	0	1	1	1	1	0	33	0	0	0	318	-4	0	-10	5	
2026-04-26 18:05:00	58.55205	17.61093	11	0	26	0	0	0	0	0.005	13.5	6	1018	18	3	109	0.1	87	900	331	2000	330	1	0	1	1	0	0	0	1	1	0	9	0	15	0	331	4	2	10	5	
2026-04-26 18:10:00	58.55271	17.61228	11	0	27	0	0	2	0	0.005	13.5	6	1018	18	1	31	0.4	48	0	234	2000	330	1	0	3	1	1	0	0	0	1	0	0	1	39	0	233	4	0	10	5	
2026-04-26 18:15:00	58.55106	17.6118	11	0	28	0	0	0	0	0.005	13.5	6	1018	18	1	32	0.6	189	-100	235	2000	330	1	0	3	3	1	1	0	0	1	0	29	0	10	0	237	0	2	-10	5	
2026-04-26 18:20:00	58.5489	17.61291	11	0	29	0	0	0	0	0.005	13.5	6	1019	18	2	46	0.8	165	-300	236	2000	330	1	0	3	3	3	1	1	0	1	0	37	0	0	0	244	0	0	-10	5	
2026-04-26 18:25:00	58.5465	17.61426	12	0	0	0	0	0	0	0.005	13.5	6	1019	18	1	32	0.9	164	-600	237	2000	330	1	0	2	3	3	3	1	0	1	0	40	0	0	0	252	0	0	-10	5	
2026-04-26 18:30:00	58.54575	17.61738	11	0	1	0	0	0	0	0.005	13.5	6	1019	18	1	31	0.7	115	-800	237	2000	300	1	0	0	2	3	3	3	0	1	0	3	0	36	0	257	0	2	10	5	
2026-04-26 18:35:00	58.5447	17.61519	11	0	2	0	0	0	0	0.005	13.5	6	1019	18	1	30	0.6	228	-800	237	2000	300	1	0	0	0	2	3	3	0	1	0	35	0	4	0	258	-4	2	-10	5	
2026-04-26 18:40:00	58.5441	17.61243	12	0	3	0	0	0	0	0.005	13.5	6	1019	18	1	28	0.6	248	-700	237	2000	300	1	0	0	0	0	2	3	0	1	0	41	0	0	0	256	-4	0	-10	5	
2026-04-26 18:45:00	58.54341	17.60931	12	0	4	0	0	0	0	0.005	13.5	5	1019	18	1	39	0.7	247	-700	237	2000	300	1	0	0	0	0	0	2	0	1	0	39	0	0	0	255	-4	0	-10	5	
2026-04-26 18:50:00	58.54275	17.60664	12	0	5	0	0	0	0	0.005	13.5	5	1019	18	1	30	0.6	245	-700	237	2000	300	1	0	0	0	0	0	0	0	1	0	40	0	0	0	254	-4	0	-10	5	
2026-04-26 18:55:00	58.542	17.60376	12	0	6	0	0	0	0	0.005	13.5	5	1019	18	1	29	0.6	243	-600	237	2000	300	1	0	0	0	0	0	0	0	1	0	41	0	0	0	253	-4	0	-10	5	
2026-04-26 19:00:00	58.5414	17.60106	12	0	7	0	0	0	0	0.005	13.5	5	1019	18	1	29	0.6	247	-600	237	2000	300	1	0	0	0	0	0	0	0	1	0	41	0	0	0	252	-4	0	-10	5	
2026-04-26 19:05:00	58.54077	17.59851	12	0	8	0	0	0	0	0.005	13.5	5	1019	18	1	27	0.5	245	-600	237	2000	300	1	0	0	0	0	0	0	0	1	0	41	0	0	0	251	-4	0	-10	5	
2026-04-26 19:10:00	58.54008	17.59563	12	0	9	0	0	0	0	0.005	13.5	5	1019	18	1	25	0.6	245	-500	237	2000	300	1	0	0	0	0	0	0	0	1	0	42	0	0	0	250	-4	0	-10	5	
2026-04-26 19:15:00	58.53921	17.5926	13	0	10	0	0	0	0	0.005	13.5	5	1019	18	1	28	0.7	241	-500	237	2000	300	1	0	0	0	0	0	0	0	1	0	41	0	0	0	250	-4	0	-10	5	
2026-04-26 19:20:00	58.53852	17.59032	11	0	11	0	0	0	0	0.005	13.4	5	1019	18	1	30	0.5	240	-500	237	2000	300	1	0	0	0	0	0	0	0	1	0	40	0	0	0	249	-4	0	-10	5	
2026-04-26 19:25:00	58.53765	17.58813	12	0	12	0	0	0	0	0.005	13.4	5	1019	18	2	46	0.5	233	-500	237	2000	300	1	0	0	0	0	0	0	0	1	0	35	2	0	0	249	-4	0	-10	5	
2026-04-26 19:30:00	58.53705	17.58588	12	0	13	0	0	0	0	0.005	13.4	5	1019	18	1	30	0.5	243	-500	237	2000	300	1	0	0	0	0	0	0	0	1	0	40	0	0	0	249	-4	0	-10	5	
2026-04-26 19:35:00	58.53633	17.58336	12	0	14	0	0	0	0	0.005	13.4	5	1019	18	1	31	0.6	241	-500	236	2000	300	1	0	0	0	0	0	0	0	1	0	40	0	0	0	248	-4	0	-10	5	
2026-04-26 19:40:00	58.53564	17.58171	12	0	15	0	0	0	0	0.005	13.4	5	1019	18	1	34	0.4	231	-500	237	2000	300	1	0	0	0	0	0	0	0	1	0	40	0	0	0	248	-4	0	-10	5	
2026-04-26 19:45:00	58.53486	17.58003	11	0	16	0	0	0	0	0.005	13.4	5	1019	18	1	40	0.4	229	-500	237	2000	300	1	0	0	0	0	0	0	0	1	0	38	1	0	0	249	-4	0	-10	5	
2026-04-26 19:50:00	58.53405	17.57826	13	0	17	0	0	0	0	0.005	13.4	5	1019	18	1	29	0.5	228	-500	237	2000	300	1	0	0	0	0	0	0	0	1	0	40	1	0	0	249	-4	0	-10	5	
2026-04-26 19:55:00	58.53336	17.57637	12	0	18	0	0	0	0	0.005	13.4	5	1019	18	1	29	0.4	236	-500	237	2000	300	1	0	0	0	0	0	0	0	1	0	41	0	0	0	249	-4	0	-10	5	
2026-04-26 20:00:00	58.53255	17.57451	11	0	19	0	0	0	0	0.005	13.4	5	1019	18	1	30	0.5	230	-500	237	2000	300	1	0	0	0	0	0	0	0	1	0	41	0	0	0	249	-4	0	-10	5	
2026-04-26 20:05:00	58.53189	17.57301	13	0	20	0	0	0	0	0.005	13.4	5	1019	18	1	28	0.4	229	-500	237	2000	300	1	0	0	0	0	0	0	0	1	0	41	0	0	0	250	-4	0	-10	5	
2026-04-26 20:10:00	58.53114	17.57214	12	0	21	0	0	0	0	0.005	13.4	5	1019	18	2	45	0.3	211	-600	237	2000	300	1	0	0	0	0	0	0	0	1	0	36	1	0	0	251	-4	0	-10	5	
2026-04-26 20:15:00	58.5303	17.57064	12	0	22	0	0	0	0	0.005	13.4	5	1019	18	1	29	0.4	223	-600	237	2000	300	1	0	0	0	0	0	0	0	1	0	41	0	0	0	252	-4	0	-10	5	
2026-04-26 20:20:00	58.52952	17.56962	13	0	23	0	0	0	0	0.005	13.4	5	1019	18	1	31	0.3	214	-600	237	2000	300	1	0	0	0	0	0	0	0	1	0	40	0	0	0	253	-4	0	-10	5	
2026-04-26 20:25:00	58.52856	17.56833	13	0	24	0	0	0	0	0.005	13.4	5	1019	18	1	28	0.4	215	-700	238	2000	300	1	0	0	0	0	0	0	0	1	0	41	0	0	0	254	-4	0	-10	5	
2026-04-26 20:30:00	58.52763	17.56701	13	0	25	0	0	0	0	0.005	13.4	5	1019	18	3	67	0.4	217	-700	238	2000	300	1	0	0	0	0	0	0	0	1	0	33	0	0	0	255	-4	0	-10	5	
2026-04-26 20:35:00	58.52673	17.56536	12	0	26	0	0	0	0	0.005	13.4	5	1019	18	1	29	0.5	223	-700	238	2000	300	1	0	0	0	0	0	0	0	1	0	41	0	0	0	256	-4	0	-10	5	
2026-04-26 20:40:00	58.52574	17.56374	40	0	27	0	0	0	0	0.005	13.4	5	1019	18	1	32	0.4	221	-800	238	2000	300	1	0	0	0	0	0	0	0	1	0	39	1	0	0	257	-4	0	-10	5	
2026-04-26 20:50:00	58.52358	17.5605	11	0	29	0	0	0	0	0.005	13.4	5	1019	18	3	90	0.6	222	-900	239	2000	300	1	0	0	0	0	0	0	0	1	0	28	0	0	0	260	-4	0	-10	5	
2026-04-26 20:55:00	58.52256	17.55867	11	0	0	0	0	0	0	0.005	13.4	5	1020	18	1	30	0.5	223	-900	239	2000	300	1	0	0	0	0	0	0	0	1	0	41	0	0	0	261	-4	0	-10	5	
2026-04-26 21:00:00	58.52157	17.55705	12	0	1	0	0	0	0	0.005	13.4	5	1019	18	1	29	0.5	220	-900	239	2000	300	1	0	0	0	0	0	0	0	1	0	41	0	0	0	262	-4	0	-10	5	
2026-04-26 21:05:00	58.52019	17.55486	11	0	2	0	0	0	0	0.005	13.4	5	1020	18	1	36	0.7	220	-1000	239	2000	300	1	0	0	0	0	0	0	0	1	0	39	0	0	0	264	-4	0	-10	5	
2026-04-26 21:10:00	58.51905	17.55195	12	0	3	0	0	0	0	0.005	13.3	5	1020	18	1	37	0.7	233	-1000	239	2000	300	1	0	0	0	0	0	0	0	1	0	39	0	0	0	264	-4	0	-10	5	
2026-04-26 21:15:00	58.51809	17.54919	12	0	4	0	0	0	0	0.005	13.3	5	1019	18	1	39	0.6	237	-1000	239	2000	300	1	0	0	0	0	0	0	0	1	0	39	0	0	0	263	-4	0	-10	5	
2026-04-26 21:20:00	58.51716	17.54655	13	0	5	0	0	0	0	0.005	13.4	5	1019	18	1	27	0.6	236	-1000	239	2000	300	1	0	0	0	0	0	0	0	1	0	41	0	0	0	263	-4	0	-10	5	
2026-04-26 21:25:00	58.51641	17.54466	13	0	6	0	0	0	0	0.005	13.3	5	1019	18	1	31	0.5	233	-1000	240	2000	300	1	0	0	0	0	0	0	0	1	0	40	0	0	0	263	-4	0	-10	5	
2026-04-26 21:30:00	58.51557	17.54259	12	0	7	0	0	0	0	0.005	13.3	5	1019	18	1	33	0.5	231	-1000	240	2000	300	1	0	0	0	0	0	0	0	1	0	40	0	0	0	264	-4	0	-10	5	
2026-04-26 21:35:00	58.51473	17.54022	13	0	8	0	0	0	0	0.005	13.3	5	1020	18	1	32	0.5	236	-1000	240	2000	300	1	0	0	0	0	0	0	0	1	0	40	0	0	0	264	-4	0	-10	5	
2026-04-26 21:40:00	58.51389	17.53791	13	0	9	0	0	0	0	0.005	13.3	5	1019	18	1	29	0.5	235	-1000	240	2000	300	1	0	0	0	0	0	0	0	1	0	41	0	0	0	264	-4	0	-10	5	
2026-04-26 21:45:00	58.51311	17.53599	12	0	10	0	0	0	0	0.005	13.3	5	1020	18	1	28	0.5	232	-1000	240	2000	300	1	0	0	0	0	0	0	0	1	0	41	0	0	0	264	-4	0	-10	5	
2026-04-26 21:50:00	58.51227	17.53362	12	0	11	0	0	0	0	0.005	13.3	5	1020	18	1	29	0.6	236	-1000	240	2000	300	1	0	0	0	0	0	0	0	1	0	41	0	0	0	264	-4	0	-10	5	
2026-04-26 21:55:00	58.51167	17.53164	13	0	12	0	0	0	0	0.005	13.3	5	1020	18	2	53	0.4	240	-1000	240	2000	300	1	0	0	0	0	0	0	0	1	0	36	0	0	0	263	-4	0	-10	5	
2026-04-26 22:00:00	58.51092	17.52966	13	0	13	0	0	0	0	0.005	13.3	5	1020	18	1	29	0.5	234	-1000	240	2000	300	1	0	0	0	0	0	0	0	1	0	41	0	0	0	263	-4	0	-10	5	
2026-04-26 22:05:00	58.51005	17.52738	13	0	14	0	0	0	0	0.005	13.3	5	1020	18	1	30	0.5	234	-1000	240	2000	300	1	0	0	0	0	0	0	0	1	0	41	0	0	0	263	-4	0	-10	5	
2026-04-26 22:10:00	58.5093	17.52522	13	0	15	0	0	0	0	0.005	13.3	5	1020	18	1	30	0.5	237	-1000	240	2000	300	1	0	0	0	0	0	0	0	1	0	41	0	0	0	263	-4	0	-10	5	
2026-04-26 22:15:00	58.50858	17.52321	12	0	16	0	0	0	0	0.005	13.3	5	1020	18	2	59	0.5	234	-1000	240	2000	300	1	0	0	0	0	0	0	0	1	0	35	0	0	0	263	-4	0	-10	5	
2026-04-26 22:20:00	58.50789	17.52165	12	0	17	0	0	0	0	0.005	13.3	5	1020	18	1	26	0.4	230	-1000	240	2000	300	1	0	0	0	0	0	0	0	1	0	41	0	0	0	263	-4	0	-10	5	
2026-04-26 22:25:00	58.50705	17.51946	12	0	18	0	0	0	0	0.005	13.3	5	1020	18	2	49	0.5	233	-1000	240	2000	300	1	0	0	0	0	0	0	0	1	0	37	0	0	0	263	-4	0	-10	5	
2026-04-26 22:30:00	58.50618	17.51751	13	0	19	0	0	0	0	0.005	13.3	5	1020	18	1	26	0.5	230	-1000	241	2000	300	1	0	0	0	0	0	0	0	1	0	36	5	0	0	264	-4	0	-10	5	
2026-04-26 22:35:00	58.50537	17.51526	13	0	20	0	0	0	0	0.005	13.3	5	1020	18	1	28	0.5	235	-1000	241	2000	300	1	0	0	0	0	0	0	0	1	0	41	0	0	0	264	-4	0	-10	5	
2026-04-26 22:40:00	58.50447	17.51292	41	0	21	0	0	0	0	0.005	13.3	5	1020	18	1	28	0.5	234	-1000	241	2000	300	1	0	0	0	0	0	0	0	1	0	41	0	0	0	264	-4	0	-10	5	
2026-04-26 22:45:00	58.50369	17.51064	12	0	22	0	0	0	0	0.005	13.3	5	1020	18	1	56	0.6	236	-1000	241	2000	300	1	0	0	0	0	0	0	0	1	0	35	0	0	0	264	-4	0	-10	5	
2026-04-26 22:50:00	58.503	17.50887	12	0	23	0	0	0	0	0.005	13.3	5	1020	18	1	32	0.4	234	-1000	241	2000	300	1	0	0	0	0	0	0	0	1	0	37	3	0	0	264	-4	0	-10	5	
2026-04-26 22:55:00	58.50237	17.50683	11	0	24	0	0	0	0	0.005	13.3	5	1020	18	1	30	0.5	239	-1000	241	2000	300	1	0	0	0	0	0	0	0	1	0	40	0	0	0	263	-4	0	-10	5	
2026-04-26 23:00:00	58.50171	17.50446	12	0	25	0	0	0	0	0.005	13.3	5	1020	18	1	29	0.5	242	-900	241	2000	300	1	0	0	0	0	0	0	0	1	0	41	0	0	0	263	-4	0	-10	5	
2026-04-26 23:05:00	58.50093	17.50191	12	0	26	0	0	0	0	0.005	13.3	5	1020	18	1	27	0.6	240	-900	241	2000	300	1	0	0	0	0	0	0	0	1	0	41	0	0	0	262	-4	0	-10	5	
2026-04-26 23:10:00	58.50027	17.49918	12	0	27	0	0	0	0	0.005	13.3	5	1020	18	1	32	0.6	244	-900	241	2000	300	1	0	0	0	0	0	0	0	1	0	38	2	0	0	261	-4	0	-10	5	
2026-04-26 23:15:00	58.49934	17.49615	11	0	28	0	0	0	0	0.005	13.3	5	1020	18	1	28	0.7	239	-900	241	2000	300	1	0	0	0	0	0	0	0	1	0	41	0	0	0	261	-4	0	-10	5	
2026-04-26 23:20:00	58.4985	17.4936	11	0	29	0	0	0	0	0.005	13.3	5	1020	18	1	32	0.6	238	-900	241	2000	300	1	0	0	0	0	0	0	0	1	0	40	0	0	0	260	-4	0	-10	5	
2026-04-26 23:25:00	58.49763	17.49114	11	0	0	0	0	0	0	0.005	13.3	5	1020	18	1	27	0.6	237	-900	241	2000	300	1	0	0	0	0	0	0	0	1	0	39	2	0	0	260	-4	0	-10	5	
2026-04-26 23:30:00	58.49703	17.48868	11	0	1	0	0	0	0	0.005	13.3	5	1020	18	1	29	0.5	245	-800	241	2000	300	1	0	0	0	0	0	0	0	1	0	40	1	0	0	259	-4	0	-10	5	
2026-04-26 23:35:00	58.49655	17.48568	11	0	2	0	0	0	0	0.005	13.3	5	1020	18	1	27	0.6	253	-800	241	2000	300	1	0	0	0	0	0	0	0	1	0	41	0	0	0	257	-4	0	-10	5	
2026-04-26 23:40:00	58.49625	17.48265	12	0	3	0	0	0	0	0.005	13.3	5	1020	18	1	35	0.6	259	-700	240	2000	300	1	0	0	0	0	0	0	0	1	0	40	0	0	0	255	-4	0	-10	5	
2026-04-26 23:45:00	58.49592	17.47923	11	0	4	0	0	0	0	0.005	13.3	5	1020	18	1	28	0.7	260	-600	240	2000	300	1	0	0	0	0	0	0	0	1	0	41	0	0	0	252	-4	0	-10	5	
2026-04-26 23:50:00	58.49538	17.47617	12	0	5	0	0	0	0	0.005	13.3	5	1020	18	1	26	0.6	251	-600	239	2000	300	1	0	0	0	0	0	0	0	1	0	41	0	0	0	251	-4	0	-10	5	
2026-04-26 23:55:00	58.49481	17.47347	11	0	6	0	0	0	0	0.005	13.2	5	1020	18	1	30	0.6	249	-500	239	2000	300	1	0	0	0	0	0	0	0	1	0	40	1	0	0	250	-4	0	-10	5	
2026-04-27 00:00:00	58.4946	17.46981	13	0	7	0	0	0	0	0.005	13.3	5	1020	18	1	26	0.7	263	-400	238	2000	300	1	0	0	0	0	0	0	0	1	0	41	0	0	0	247	-4	0	-10	5	
2026-04-27 00:05:00	58.49448	17.46636	12	0	8	0	0	0	0	0.005	13.3	5	1020	18	1	30	0.7	267	-300	237	2000	300	1	0	0	0	0	0	0	0	1	0	41	0	0	0	244	-4	0	-10	5	
2026-04-27 00:10:00	58.49433	17.463	13	0	9	0	0	0	0	0.005	13.2	5	1020	18	1	29	0.6	265	-200	237	2000	300	1	0	0	0	0	0	0	0	1	0	41	0	0	0	241	-4	0	-10	5	
2026-04-27 00:15:00	58.49394	17.4603	41	0	10	0	0	0	0	0.005	13.2	5	1020	18	1	33	0.5	256	-200	236	2000	300	1	0	0	0	0	0	0	0	1	0	40	0	0	0	239	-4	0	-10	5	
2026-04-27 00:20:00	58.49373	17.45775	11	0	11	0	0	0	0	0.005	13.3	5	1020	18	2	75	0.6	261	-100	235	2000	300	1	0	0	0	0	0	0	0	1	0	32	0	0	0	237	-4	0	-10	5	
2026-04-27 00:25:00	58.49361	17.45427	13	0	12	0	0	0	0	0.005	13.2	5	1020	18	1	27	0.7	266	0	234	2000	300	1	0	3	0	0	0	0	0	1	0	41	0	0	0	234	-4	0	-10	5	
2026-04-27 00:30:00	58.4913	17.45112	11	0	13	0	0	0	0	0.005	13.2	5	1021	18	1	30	1.1	215	-100	235	2000	300	1	0	3	3	0	0	0	0	1	0	40	0	0	0	237	0	1	-10	5	
2026-04-27 00:35:00	58.48809	17.4495	11	0	14	0	0	0	0	0.005	13.3	5	1020	18	1	30	1.2	195	-300	238	2000	300	1	0	0	3	3	0	0	0	1	0	41	0	0	0	244	0	0	-10	5	
2026-04-27 00:45:00	58.48767	17.44104	12	0	16	0	0	0	0	0.005	13.2	5	1021	18	3	77	0.8	266	-100	235	2000	300	1	0	3	0	0	3	3	0	1	0	31	0	0	0	237	-4	0	-10	5	
2026-04-27 00:55:00	58.48341	17.43369	11	0	18	0	0	0	0	0.005	13.2	5	1021	18	3	91	1.3	222	-200	238	2000	300	1	0	3	3	3	0	0	0	1	0	28	0	0	0	241	0	0	-10	5	
2026-04-27 01:00:00	58.48044	17.42997	11	0	19	0	0	0	0	0.005	13.2	5	1021	18	1	27	1.3	213	-400	241	2000	300	1	0	0	3	3	3	0	0	1	0	41	0	0	0	245	0	0	-10	5	
2026-04-27 01:05:00	58.4802	17.42511	11	0	20	0	0	0	0	0.005	13.2	5	1021	18	1	41	0.9	264	-200	238	2000	300	1	0	0	0	3	3	3	0	1	0	38	0	0	0	241	-4	1	-10	5	
2026-04-27 01:15:00	58.47936	17.41521	11	0	22	0	0	0	0	0.005	13.2	5	1021	18	3	82	1.1	246	0	233	2000	300	1	0	3	3	0	0	3	0	1	0	30	0	0	0	233	0	1	-10	5	
2026-04-27 01:20:00	58.47681	17.4105	11	0	23	0	0	0	0	0.005	13.2	5	1021	18	1	30	1.3	224	0	235	2000	300	1	0	3	3	3	0	0	0	1	0	41	0	0	0	235	0	0	-10	5	
2026-04-27 01:25:00	58.47399	17.40645	11	0	24	0	0	0	0	0.005	13.2	5	1021	18	1	28	1.3	217	-1800	239	2000	300	1	0	3	3	3	3	0	0	1	0	41	0	0	0	239	0	0	-10	5	
2026-04-27 01:30:00	58.47159	17.40276	12	0	25	0	0	0	0	0.005	13.2	5	1021	18	1	26	1.1	219	-1500	243	2000	300	1	0	3	3	3	3	3	0	1	0	41	0	0	0	243	0	0	-10	5	
2026-04-27 01:35:00	58.4688	17.40168	11	0	26	0	0	0	0	0.005	13.2	5	1021	18	1	30	1.1	191	-1300	254	2000	300	1	0	0	3	3	3	3	0	1	0	41	0	0	0	254	0	0	-10	5	
2026-04-27 01:40:00	58.4679	17.39838	11	0	27	0	0	0	0	0.005	13.2	5	1021	18	2	44	0.7	242	-1100	256	2000	300	1	0	0	0	3	3	3	0	1	0	37	0	0	0	256	-4	1	-10	5	
2026-04-27 01:45:00	58.46766	17.39442	12	0	28	0	0	0	0	0.005	13.2	5	1021	18	1	25	0.8	264	-900	254	2000	300	1	0	0	0	0	3	3	1	1	0	41	0	0	0	254	-4	0	-10	5	
2026-04-27 01:50:00	58.46745	17.39109	12	0	29	0	0	0	0	0.005	13.2	5	1021	18	2	45	0.6	263	-700	252	2000	300	1	0	0	0	0	0	3	1	1	0	36	2	0	0	252	-4	0	-10	5	
2026-04-27 01:55:00	58.46727	17.38722	11	0	0	0	0	0	0	0.005	13.2	5	1021	18	2	53	0.8	265	-500	246	2000	300	1	0	0	0	0	0	0	1	1	0	36	0	0	0	246	-4	0	-10	5	
2026-04-27 02:00:00	58.46715	17.38356	11	0	1	0	0	0	0	0.005	13.2	5	1021	18	1	38	0.7	266	300	232	2000	300	1	0	3	0	0	0	0	1	1	0	39	0	0	0	232	-4	0	-10	5	
2026-04-27 02:05:00	58.46529	17.38044	11	0	2	0	0	0	0	0.005	13.2	5	1021	18	1	29	0.9	222	-100	290	2000	300	1	0	1	3	0	0	0	1	1	0	38	0	0	0	290	0	1	-10	5	
2026-04-27 02:10:00	58.46595	17.38224	11	0	3	0	0	0	0	0.005	13.2	5	1021	18	1	29	0.4	56	-200	253	2000	300	1	0	0	1	3	0	0	1	1	0	3	0	37	0	253	4	2	10	5	
2026-04-27 02:15:00	58.46577	17.37909	13	0	4	0	0	2	0	0.005	13.2	5	1021	18	1	28	0.6	264	0	75	2000	340	1	0	2	0	1	3	0	0	1	0	34	0	6	0	75	-4	2	-10	5	
2026-04-27 02:20:00	58.46499	17.38239	12	0	5	0	0	0	0	0.005	13.2	5	1021	18	1	30	0.7	114	100	74	2000	340	1	0	2	2	0	1	3	0	1	0	7	0	32	0	72	0	2	10	5	
2026-04-27 02:25:00	58.4628	17.38572	11	0	6	0	0	0	0	0.005	13.2	5	1021	18	1	27	1	141	400	73	2000	340	1	0	2	2	2	0	1	0	1	0	0	0	41	0	63	0	0	10	5	
2026-04-27 02:30:00	58.46106	17.39028	12	0	7	0	0	0	0	0.005	13.2	5	1021	18	1	31	1.1	126	600	72	2000	340	1	0	2	2	2	2	0	0	1	0	0	0	40	0	56	0	0	10	5	
2026-04-27 02:40:00	58.45965	17.40102	13	0	9	0	0	0	0	0.005	13.2	5	1021	18	3	96	1.1	106	1000	71	2000	340	1	0	1	2	2	2	2	0	1	0	0	0	27	0	46	0	0	10	5	
2026-04-27 02:45:00	58.46079	17.40336	14	0	10	0	0	0	0	0.005	13.2	5	1021	18	1	28	0.6	47	900	72	2000	340	1	0	1	1	2	2	2	0	1	0	0	0	41	0	49	4	1	10	5	
2026-04-27 02:50:00	58.46193	17.40534	14	0	11	0	0	0	0	0.005	13.2	5	1022	18	2	69	0.6	43	800	72	2000	340	1	0	1	1	1	2	2	0	1	0	0	0	33	0	51	4	0	10	5	
2026-04-27 02:55:00	58.46295	17.40723	13	0	12	0	0	0	0	0.005	13.2	5	1021	18	1	31	0.5	43	700	72	2000	340	1	0	1	1	1	1	2	0	1	0	0	0	40	0	54	4	0	10	5	
2026-04-27 03:00:00	58.46418	17.40954	14	0	13	0	0	0	0	0.005	13.2	5	1021	18	1	33	0.6	45	600	72	2000	340	1	0	1	1	1	1	1	0	1	0	0	0	40	0	57	4	0	10	5	
2026-04-27 03:05:00	58.46535	17.41164	12	0	14	0	0	0	0	0.005	13.2	5	1022	18	1	29	0.6	43	500	73	2000	340	1	0	1	1	1	1	1	0	1	0	0	0	41	0	59	4	0	10	5	
2026-04-27 03:10:00	58.46649	17.41365	13	0	15	0	0	0	0	0.005	13.2	5	1021	18	1	31	0.6	43	400	73	2000	340	1	0	1	1	1	1	1	0	1	0	0	0	40	0	62	4	0	10	5	
2026-04-27 03:15:00	58.46754	17.41566	41	0	16	0	0	0	0	0.005	13.2	5	1021	18	1	30	0.5	45	300	73	2000	340	1	0	1	1	1	1	1	0	1	0	0	1	40	0	65	4	0	10	5	
2026-04-27 03:20:00	58.46859	17.41764	12	0	17	0	0	0	0	0.005	13.2	5	1021	18	2	79	0.6	45	300	74	2000	340	1	0	1	1	1	1	1	0	1	0	0	0	31	0	67	4	0	10	5	
2026-04-27 03:25:00	58.46949	17.41968	12	0	18	0	0	0	0	0.005	13.2	5	1021	18	1	32	0.5	50	200	74	2000	340	1	0	1	1	1	1	1	0	1	0	0	1	39	0	69	4	0	10	5	
2026-04-27 03:30:00	58.47063	17.42181	13	0	19	0	0	0	0	0.005	13.2	5	1022	18	1	34	0.6	44	100	74	2000	340	1	0	2	1	1	1	1	0	1	0	0	0	40	0	71	4	0	10	5	
2026-04-27 03:35:00	58.46976	17.42652	13	0	20	0	0	0	0	0.005	13.2	5	1022	18	1	31	1	110	300	73	2000	340	1	0	1	2	1	1	1	0	1	0	0	0	40	0	66	0	1	10	5	
2026-04-27 03:40:00	58.47048	17.42904	13	0	21	0	0	0	0	0.005	13.2	5	1022	18	1	28	0.6	61	200	74	2000	340	1	0	1	1	2	1	1	0	1	0	0	0	41	0	68	4	1	10	5	
2026-04-27 03:45:00	58.47183	17.4312	13	0	22	0	0	0	0	0.005	13.2	5	1022	18	1	31	0.6	41	100	74	2000	340	1	0	2	1	1	2	1	0	1	0	0	0	40	0	71	4	0	10	5	
2026-04-27 03:50:00	58.47024	17.43519	14	0	23	0	0	0	0	0.005	13.2	5	1022	18	1	31	1	127	400	73	2000	340	1	0	1	2	1	1	2	0	1	0	0	0	40	0	64	0	1	10	5	
2026-04-27 03:55:00	58.47081	17.4378	12	0	24	0	0	0	0	0.005	13.2	5	1022	18	1	32	0.6	67	300	73	2000	340	1	0	1	1	2	1	1	0	1	0	0	0	40	0	65	4	1	10	5	
2026-04-27 04:00:00	58.47186	17.44017	14	0	25	0	0	0	0	0.005	13.2	5	1022	18	1	29	0.6	50	300	73	2000	340	1	0	1	1	1	2	1	0	1	0	0	0	41	0	67	4	0	10	5	
2026-04-27 04:05:00	58.47306	17.44257	14	0	26	0	0	0	0	0.005	13.3	5	1022	18	1	28	0.6	46	200	74	2000	340	1	0	1	1	1	1	2	0	1	0	0	0	41	0	70	4	0	10	5	
2026-04-27 04:10:00	58.47405	17.44467	15	0	27	0	0	0	0	0.005	13.3	5	1022	18	1	30	0.5	48	100	74	2000	340	1	0	1	1	1	1	1	0	1	0	0	0	41	0	72	4	0	10	5	
2026-04-27 04:15:00	58.47516	17.44728	13	0	28	0	0	0	0	0.005	13.3	5	1022	18	2	59	0.6	51	0	74	2000	340	1	0	1	1	1	1	1	0	1	0	0	0	35	0	74	4	0	10	5	
2026-04-27 04:20:00	58.4763	17.45016	35	0	29	0	0	0	0	0.005	13.3	5	1022	18	1	31	0.7	53	-100	75	2000	340	1	0	1	1	1	1	1	0	1	0	0	0	40	0	76	4	0	10	5	
2026-04-27 04:25:00	58.47699	17.45223	13	0	0	0	0	0	0	0.005	13.3	5	1022	18	1	50	0.5	57	-100	75	2000	340	1	0	1	1	1	1	1	0	1	0	0	0	37	0	77	4	0	10	5	
2026-04-27 04:30:00	58.47789	17.45457	14	0	1	0	0	0	0	0.005	13.3	5	1022	18	1	28	0.6	54	-200	75	2000	340	1	0	1	1	1	1	1	0	1	0	0	0	41	0	79	4	0	10	5	
2026-04-27 04:35:00	58.47867	17.45664	13	0	2	0	0	0	0	0.005	13.4	5	1022	18	2	52	0.5	54	-200	75	2000	340	1	0	2	1	1	1	1	0	1	0	0	0	36	0	80	4	0	10	5	
2026-04-27 04:40:00	58.47807	17.46078	14	0	3	0	0	0	0	0.005	13.4	5	1022	18	3	94	0.8	106	-100	75	2000	340	1	0	1	2	1	1	1	0	1	0	0	0	27	0	77	0	1	10	5	
2026-04-27 04:45:00	58.47843	17.46387	13	0	4	0	0	0	0	0.005	13.4	5	1022	18	1	32	0.6	78	-100	75	2000	340	1	0	1	1	2	1	1	0	1	0	0	0	40	0	77	4	1	10	5	
2026-04-27 04:50:00	58.47918	17.46648	13	0	5	0	0	0	0	0.005	13.4	5	1022	18	3	95	0.6	61	-100	75	2000	340	1	0	1	1	1	2	1	0	1	0	0	0	27	0	78	4	0	10	5	
2026-04-27 04:55:00	58.48011	17.46864	13	0	6	0	0	0	0	0.005	13.5	5	1022	18	2	53	0.5	50	-200	75	2000	340	1	0	2	1	1	1	2	0	1	0	0	0	36	0	80	4	0	10	5	
2026-04-27 05:10:00	58.48044	17.47881	16	0	9	0	0	0	0	0.005	13.6	5	1023	18	3	100	0.6	58	-100	75	2000	340	1	0	1	1	1	2	1	0	1	0	0	2	25	0	76	4	0	10	5	
2026-04-27 05:20:00	58.48215	17.48355	41	0	11	0	0	0	0	0.005	13.8	5	1022	18	3	96	0.5	50	-200	75	2000	340	1	0	2	1	1	1	1	0	1	0	0	0	27	0	79	4	0	10	5	
2026-04-27 05:25:00	58.48104	17.48784	12	0	12	0	0	0	0	0.005	13.8	5	1023	18	1	59	1	116	0	74	2000	340	1	0	1	2	1	1	1	0	1	0	0	0	34	0	74	0	1	10	5	
2026-04-27 05:30:00	58.48119	17.49087	11	0	13	0	0	0	0	0.005	13.8	5	1023	18	1	40	0.6	84	100	74	2000	340	1	0	1	1	2	1	1	0	1	0	0	0	38	0	73	4	1	10	5	
2026-04-27 05:35:00	58.48176	17.49324	12	0	14	0	0	0	0	0.005	13.8	5	1023	18	1	27	0.5	66	0	74	2000	340	1	0	1	1	1	2	1	0	1	0	0	0	41	0	74	4	0	10	5	
2026-04-27 05:40:00	58.4823	17.496	12	0	15	0	0	0	0	0.005	13.8	5	1023	18	2	51	0.6	70	0	74	2000	340	1	0	1	1	1	1	2	0	1	0	0	0	36	0	74	4	0	10	5	
2026-04-27 05:45:00	58.48272	17.49834	12	0	16	0	0	0	0	0.005	13.7	5	1023	18	1	29	0.5	70	0	75	2000	340	1	0	1	1	1	1	1	0	1	0	0	0	41	0	74	4	0	10	5	
2026-04-27 05:50:00	58.48314	17.50086	12	0	17	0	0	0	0	0.005	13.7	5	1023	18	2	55	0.5	73	0	75	2000	340	1	0	1	1	1	1	1	0	1	0	0	0	36	0	75	4	0	10	5	
2026-04-27 05:55:00	58.48371	17.50353	12	0	18	0	0	0	0	0.005	13.7	5	1023	18	1	34	0.6	67	0	75	2000	340	1	0	1	1	1	1	1	0	1	0	0	0	40	0	75	4	0	10	5	
2026-04-27 06:00:00	58.48416	17.50632	13	0	19	0	0	0	0	0.005	13.7	5	1023	18	1	27	0.6	73	0	75	2000	340	1	0	1	1	1	1	1	0	1	0	0	0	41	0	75	4	0	10	5	
2026-04-27 06:05:00	58.48476	17.50887	11	0	20	0	0	0	0	0.005	13.6	5	1023	18	1	34	0.5	66	-100	75	2000	340	1	0	1	1	1	1	1	0	1	0	0	0	40	0	76	4	0	10	5	
2026-04-27 06:10:00	58.48545	17.5113	11	0	21	0	0	0	0	0.005	13.6	5	1023	18	1	29	0.5	61	-100	75	2000	340	1	0	1	1	1	1	1	0	1	0	0	0	41	0	77	4	0	10	5	
2026-04-27 06:15:00	58.48608	17.51382	12	0	22	0	0	0	0	0.005	13.6	5	1023	18	1	31	0.5	64	-100	75	2000	340	1	0	1	1	1	1	1	0	1	0	0	0	40	0	78	4	0	10	5	
2026-04-27 06:20:00	58.48674	17.51661	12	0	23	0	0	0	0	0.005	13.6	5	1023	18	1	28	0.6	66	-100	75	2000	340	1	0	1	1	1	1	1	0	1	0	0	0	41	0	79	4	0	10	5	
2026-04-27 06:25:00	58.48734	17.51901	12	0	24	0	0	0	0	0.005	13.6	5	1023	18	1	43	0.5	64	-200	76	2000	340	1	0	1	1	1	1	1	0	1	0	0	1	37	0	79	4	0	10	5	
2026-04-27 06:30:00	58.48758	17.52171	13	0	25	0	0	0	0	0.005	13.6	5	1023	18	1	31	0.5	80	-200	75	2000	340	1	0	1	1	1	1	1	0	1	0	0	1	39	0	79	4	0	10	5	
2026-04-27 06:35:00	58.48809	17.52477	13	0	26	0	0	0	0	0.005	13.6	5	1023	18	1	31	0.6	73	-200	76	2000	340	1	0	1	1	1	1	1	0	1	0	0	0	40	0	79	4	0	10	5	
2026-04-27 06:40:00	58.48872	17.52702	13	0	27	0	0	0	0	0.005	13.6	5	1023	18	1	33	0.5	62	-200	76	2000	340	1	0	1	1	1	1	1	0	1	0	0	0	40	0	80	4	0	10	5	
2026-04-27 06:45:00	58.48911	17.52933	13	0	28	0	0	0	0	0.005	13.6	5	1023	18	2	56	0.5	72	-200	76	2000	340	1	0	1	1	1	1	1	0	1	0	0	0	35	0	80	4	0	10	5	
2026-04-27 06:50:00	58.48965	17.53194	13	0	29	0	0	0	0	0.005	13.6	5	1023	18	1	29	0.5	69	-200	76	2000	340	1	0	1	1	1	1	1	0	1	0	0	0	41	0	81	4	0	10	5	
2026-04-27 06:55:00	58.49007	17.53389	13	0	0	0	0	0	0	0.005	13.6	5	1023	18	1	27	0.4	67	-200	76	2000	340	1	0	1	1	1	1	1	0	1	0	0	0	41	0	81	4	0	10	5	
2026-04-27 07:00:00	58.49004	17.53557	14	0	1	0	0	0	0	0.005	13.6	5	1023	18	1	29	0.3	92	-200	76	2000	340	1	0	1	1	1	1	1	0	1	0	0	0	41	0	80	4	0	10	5	
2026-04-27 07:05:00	58.49043	17.53839	14	0	2	0	0	0	0	0.005	13.6	5	1023	18	1	33	0.6	75	-200	76	2000	340	1	0	1	1	1	1	1	0	1	0	0	0	40	0	80	4	0	10	5	
2026-04-27 07:10:00	58.49103	17.54058	13	0	3	0	0	0	0	0.005	13.6	5	1023	18	1	32	0.5	62	-200	76	2000	340	1	0	1	1	1	1	1	0	1	0	0	0	40	0	81	4	0	10	5	
2026-04-27 07:15:00	58.49139	17.54232	14	0	4	0	0	0	0	0.005	13.5	6	1023	18	1	34	0.4	69	-200	76	2000	340	1	0	1	1	1	1	1	0	1	0	0	0	40	0	82	4	0	10	5	
2026-04-27 07:20:00	58.49193	17.54379	14	0	5	0	0	0	0	0.005	13.5	6	1023	18	1	30	0.3	55	-300	76	2000	340	1	0	2	1	1	1	1	0	1	0	0	0	41	0	83	4	0	10	5	
2026-04-27 07:25:00	58.49091	17.54814	19	0	6	0	0	0	0	0.005	13.5	6	1023	18	1	33	0.9	114	-100	75	2000	340	1	0	1	2	1	1	1	0	1	0	0	0	40	0	77	0	1	10	5	
2026-04-27 07:30:00	58.49118	17.55114	41	0	7	0	0	0	0	0.005	13.5	6	1024	18	2	53	0.5	80	-100	75	2000	340	1	0	1	1	2	1	1	0	1	0	0	0	36	0	77	4	1	10	5	
2026-04-27 07:35:00	58.49151	17.55264	11	0	8	0	0	0	0	0.005	13.5	6	1023	18	1	59	0.3	67	-100	75	2000	340	1	0	1	1	1	2	1	0	1	0	0	0	35	0	77	4	0	10	5	
2026-04-27 07:40:00	58.49214	17.55435	11	0	9	0	0	0	0	0.005	13.5	6	1023	18	1	27	0.4	55	-100	76	2000	340	1	0	1	1	1	1	2	0	1	0	0	0	41	0	78	4	0	10	5	
2026-04-27 07:45:00	58.49283	17.55552	12	0	10	0	0	0	0	0.005	13.5	6	1024	18	1	31	0.3	41	-200	76	2000	340	1	0	2	1	1	1	1	0	1	0	0	0	40	0	80	4	0	10	5	
2026-04-27 07:50:00	58.49145	17.55903	13	0	11	0	0	0	0	0.005	13.5	6	1023	18	1	29	0.8	127	0	75	2000	340	1	0	1	2	1	1	1	0	1	0	0	2	38	0	74	0	1	10	5	
2026-04-27 07:55:00	58.49175	17.56101	12	0	12	0	0	0	0	0.005	13.5	6	1023	18	1	30	0.4	74	0	75	2000	340	1	0	1	1	2	1	1	0	1	0	0	0	40	0	74	4	1	10	5	
2026-04-27 08:00:00	58.49208	17.56221	13	0	13	0	0	0	0	0.005	13.5	6	1024	18	1	30	0.3	63	0	75	2000	340	1	0	1	1	1	2	1	0	1	0	0	2	39	0	75	4	0	10	5	
2026-04-27 08:05:00	58.49259	17.56344	13	0	14	0	0	0	0	0.005	13.5	6	1024	18	1	32	0.3	51	0	75	2000	340	1	0	2	1	1	1	2	0	1	0	0	0	40	0	76	4	0	10	5	
2026-04-27 08:10:00	58.49127	17.56608	15	0	15	0	0	0	0	0.005	13.5	6	1024	18	1	29	0.7	134	100	73	2000	340	1	0	1	2	1	1	1	0	1	0	0	0	40	0	71	0	1	10	5	
2026-04-27 08:15:00	58.4916	17.5677	17	0	16	0	0	0	0	0.005	13.5	6	1024	18	1	30	0.3	69	100	74	2000	340	1	0	1	1	2	1	1	0	1	0	0	0	40	0	71	4	1	10	5	
2026-04-27 08:20:00	58.49238	17.56872	13	0	17	0	0	0	0	0.005	13.5	6	1024	18	1	34	0.4	34	100	74	2000	340	1	0	2	1	1	2	1	0	1	0	0	0	40	0	73	4	0	10	5	
2026-04-27 08:25:00	58.49145	17.57163	14	0	18	0	0	0	0	0.005	13.5	6	1024	18	1	31	0.7	121	200	73	2000	340	1	0	1	2	1	1	2	0	1	0	0	0	40	0	69	0	1	10	5	
2026-04-27 08:30:00	58.49136	17.5728	12	0	19	0	0	0	0	0.005	13.4	6	1024	18	1	31	0.2	98	200	73	2000	340	1	0	1	1	2	1	1	0	1	0	6	1	29	0	68	4	3	10	5	
2026-04-27 08:35:00	58.4919	17.57328	13	0	20	0	0	0	0	0.005	13.4	6	1024	18	1	28	0.2	25	200	73	2000	340	1	0	2	1	1	2	1	0	1	0	0	0	41	0	69	4	0	10	5	
2026-04-27 08:40:00	58.49097	17.57586	13	0	21	0	0	0	0	0.005	13.4	6	1024	18	1	41	0.6	125	300	72	2000	340	1	0	1	2	1	1	2	0	1	0	0	0	38	0	65	0	1	10	5	
2026-04-27 08:45:00	58.49118	17.57748	12	0	22	0	0	0	0	0.005	13.4	6	1024	18	1	33	0.3	75	300	72	2000	340	1	0	1	1	2	1	1	0	1	0	0	0	39	0	65	4	1	10	5	
2026-04-27 08:50:00	58.49229	17.57814	41	0	23	0	0	0	0	0.005	13.4	6	1024	18	1	28	0.4	17	200	73	2000	340	1	0	2	1	1	2	1	0	1	0	0	0	41	0	68	4	0	10	5	
2026-04-27 08:55:00	58.49184	17.58063	11	0	24	0	0	0	0	0.005	13.4	6	1024	18	1	60	0.6	110	300	72	2000	340	1	0	1	2	1	1	2	0	1	0	0	0	34	0	66	0	1	10	5	
2026-04-27 09:00:00	58.49226	17.58243	11	0	25	0	0	0	0	0.005	13.4	6	1024	18	2	52	0.4	66	300	72	2000	340	1	0	1	1	2	1	1	0	1	0	0	0	36	0	66	4	1	10	5	
2026-04-27 09:05:00	58.49307	17.58291	11	0	26	0	0	0	0	0.005	13.4	6	1024	18	1	30	0.3	17	200	73	2000	340	1	0	2	1	1	2	1	0	1	0	0	0	41	0	69	4	0	10	5	
2026-04-27 09:10:00	58.49298	17.58525	11	0	27	0	0	0	0	0.005	13.4	6	1024	18	3	67	0.5	94	200	72	2000	340	1	0	1	2	1	1	2	0	1	0	0	0	33	0	67	0	1	10	5	
2026-04-27 09:15:00	58.49316	17.58636	11	0	28	0	0	0	0	0.005	13.4	6	1024	18	1	33	0.2	72	200	72	2000	340	1	0	1	1	2	1	1	0	1	0	0	0	40	0	68	4	1	10	5	
2026-04-27 09:20:00	58.49367	17.58666	11	0	29	0	0	0	0	0.005	13.4	6	1024	18	1	40	0.2	17	200	73	2000	340	1	0	2	1	1	2	1	0	1	0	0	2	37	0	69	4	0	10	5	
2026-04-27 09:25:00	58.49373	17.58837	11	0	0	0	0	0	0	0.005	13.4	6	1024	18	1	40	0.3	87	200	72	2000	340	1	0	2	2	1	1	2	0	1	0	0	0	38	0	68	0	1	10	5	
2026-04-27 09:30:00	58.49286	17.59038	11	0	1	0	0	0	0	0.005	13.4	7	1024	18	1	29	0.5	129	300	71	2000	340	1	0	1	2	2	1	1	0	1	0	6	0	34	0	65	0	2	10	5	
2026-04-27 09:35:00	58.49337	17.59221	13	0	2	0	0	0	0	0.005	13.4	7	1024	18	3	63	0.4	61	300	71	2000	340	1	0	1	1	2	2	1	0	1	0	0	0	34	0	66	4	1	10	5	
2026-04-27 09:45:00	58.49448	17.59404	11	0	4	0	0	0	0	0.005	13.4	7	1024	18	3	101	0.4	72	200	72	2000	340	1	0	2	2	1	1	2	0	1	0	0	0	26	0	68	0	1	10	5	
2026-04-27 09:50:00	58.49316	17.59641	12	0	5	0	0	0	0	0.005	13.4	7	1024	17	1	31	0.7	137	400	70	2000	340	1	0	1	2	2	1	1	0	1	0	0	0	40	0	63	0	0	10	5	
2026-04-27 09:55:00	58.49391	17.59797	11	0	6	0	0	0	0	0.005	13.6	7	1024	17	1	36	0.4	49	300	71	2000	340	1	0	1	1	2	2	1	0	1	0	0	0	39	0	65	4	1	10	5	
2026-04-27 10:00:00	58.49472	17.59815	11	0	7	0	0	0	0	0.005	13.6	7	1024	17	1	28	0.3	7	300	72	2000	340	1	0	2	1	1	2	2	0	1	0	0	1	40	0	67	4	0	10	5	
2026-04-27 10:05:00	58.49469	17.60064	12	0	8	0	0	0	0	0.005	13.6	7	1024	17	1	34	0.5	92	300	71	2000	340	1	0	1	2	1	1	2	0	1	0	0	0	39	0	66	0	1	10	5	
2026-04-27 10:10:00	58.49526	17.60157	11	0	9	0	0	0	0	0.005	13.6	7	1024	17	1	27	0.3	40	300	72	2000	340	1	0	2	1	2	1	1	0	1	0	0	0	41	0	67	4	1	10	5	
2026-04-27 10:15:00	58.49556	17.60373	11	0	10	0	0	0	0	0.005	13.5	7	1024	17	2	56	0.4	74	300	72	2000	340	1	0	2	2	1	2	1	0	1	0	0	0	35	0	67	0	1	10	5	
2026-04-27 10:20:00	58.49508	17.60607	12	0	11	0	0	0	0	0.005	13.5	7	1024	17	2	66	0.5	111	300	70	2000	340	1	0	1	2	2	1	2	0	1	0	0	0	33	0	65	0	0	10	5	
2026-04-27 10:25:00	58.49577	17.60733	12	0	12	0	0	0	0	0.005	13.5	7	1024	17	2	50	0.4	44	300	71	2000	340	1	0	1	1	2	2	1	0	1	0	0	0	36	0	66	4	1	10	5	
2026-04-27 10:30:00	58.49664	17.60757	12	0	13	0	0	0	0	0.005	13.5	7	1024	17	1	28	0.3	8	200	72	2000	340	1	0	2	1	1	2	2	0	1	0	0	0	41	0	69	4	0	10	5	
2026-04-27 10:35:00	58.49667	17.60943	12	0	14	0	0	0	0	0.005	13.5	7	1024	17	1	30	0.4	88	200	72	2000	340	1	0	2	2	1	1	2	0	1	0	0	0	40	0	68	0	1	10	5	
2026-04-27 10:40:00	58.49622	17.61138	12	0	15	0	0	0	0	0.005	13.5	7	1024	17	1	27	0.4	114	300	71	2000	340	1	0	1	2	2	1	1	0	1	0	7	0	33	0	66	0	2	10	5	
2026-04-27 10:45:00	58.49655	17.61222	13	0	16	0	0	0	0	0.005	13.5	7	1024	17	1	32	0.2	54	300	71	2000	340	1	0	1	1	2	2	1	0	1	0	0	1	39	0	67	4	1	10	5	
2026-04-27 10:50:00	58.49724	17.61252	13	0	17	0	0	0	0	0.005	13.5	7	1024	17	1	33	0.3	13	200	72	2000	340	1	0	2	1	1	2	2	0	1	0	0	0	40	0	69	4	0	10	5	
2026-04-27 10:55:00	58.49727	17.61465	12	0	18	0	0	0	0	0.005	13.5	7	1024	17	1	31	0.4	88	200	71	2000	340	1	0	2	2	1	1	2	0	1	0	0	0	40	0	68	0	1	10	5	
2026-04-27 11:00:00	58.49694	17.61666	12	0	19	0	0	0	0	0.005	13.5	8	1024	17	1	30	0.4	108	300	70	2000	340	1	0	1	2	2	1	1	0	1	0	5	0	31	0	66	0	2	10	5	
2026-04-27 11:05:00	58.49754	17.61717	12	0	20	0	0	0	0	0.005	13.5	8	1024	17	1	38	0.2	23	300	71	2000	340	1	0	2	1	2	2	1	0	1	0	0	0	38	0	67	4	1	10	5	
2026-04-27 11:10:00	58.49811	17.61837	12	0	21	0	0	0	0	0.005	13.4	8	1024	17	1	28	0.3	49	200	72	2000	340	1	0	2	2	1	2	2	0	1	0	0	0	40	0	69	0	1	10	5	
2026-04-27 11:15:00	58.49808	17.62023	12	0	22	0	0	0	0	0.005	13.4	8	1024	17	1	27	0.4	90	200	71	2000	340	1	0	2	2	2	1	2	0	1	0	0	0	41	0	68	0	0	10	5	
2026-04-27 11:20:00	58.49793	17.62203	12	0	23	0	0	0	0	0.005	13.4	8	1024	17	1	32	0.4	99	300	70	2000	340	1	0	1	2	2	2	1	0	1	0	0	0	40	0	66	0	0	10	5	
2026-04-27 11:25:00	58.4985	17.62245	13	0	24	0	0	0	0	0.005	13.4	8	1024	17	1	27	0.2	22	200	71	2000	340	1	0	2	1	2	2	2	0	1	0	0	0	41	0	68	4	1	10	5	
2026-04-27 11:30:00	58.49895	17.62293	13	0	25	0	0	0	0	0.005	13.4	8	1024	17	1	33	0.2	30	200	72	2000	340	1	0	2	2	1	2	2	0	1	0	0	1	38	0	69	0	1	10	5	
2026-04-27 11:35:00	58.49937	17.62398	14	0	26	0	0	0	0	0.005	13.4	9	1024	17	1	29	0.3	51	200	72	2000	340	1	0	2	2	2	1	2	0	1	0	0	0	41	0	70	0	0	10	5	
2026-04-27 11:40:00	58.49946	17.62563	41	0	27	0	0	0	0	0.005	13.4	9	1024	17	1	30	0.3	84	200	72	2000	340	1	0	2	2	2	2	1	0	1	0	0	1	40	0	70	0	0	10	5	
2026-04-27 11:45:00	58.49958	17.62692	11	0	28	0	0	0	0	0.005	13.4	9	1024	17	1	60	0.3	79	200	72	2000	340	1	0	2	2	2	2	2	0	1	0	0	0	35	0	69	0	0	10	5	
2026-04-27 11:50:00	58.49979	17.62824	12	0	29	0	0	0	0	0.005	13.4	9	1024	17	1	26	0.3	73	200	71	2000	340	1	0	2	2	2	2	2	0	1	0	0	1	40	0	69	0	0	10	5	
2026-04-27 11:55:00	58.49991	17.62971	11	0	0	0	0	0	0	0.005	13.4	9	1024	17	1	28	0.3	81	200	71	2000	340	1	0	2	2	2	2	2	0	1	0	0	1	40	0	69	0	0	10	5	
2026-04-27 12:00:00	58.49988	17.6316	11	0	1	0	0	0	0	0.005	13.4	9	1024	17	1	27	0.4	91	200	71	2000	340	1	0	2	2	2	2	2	0	1	0	0	0	41	0	68	0	0	10	5	
2026-04-27 12:05:00	58.49952	17.6334	12	0	2	0	0	0	0	0.005	13.4	9	1024	17	1	27	0.4	112	300	69	2000	340	1	0	1	2	2	2	2	0	1	0	0	1	40	0	66	0	0	10	5	
2026-04-27 12:10:00	58.49985	17.63418	11	0	3	0	0	0	0	0.005	13.4	10	1024	17	1	28	0.2	53	300	69	2000	340	1	0	1	1	2	2	2	0	1	0	0	0	40	0	67	4	1	10	5	
2026-04-27 12:15:00	58.50033	17.6346	12	0	4	0	0	0	0	0.005	13.4	10	1024	17	1	25	0.2	23	200	70	2000	340	1	0	2	1	1	2	2	0	1	0	0	3	39	0	68	4	0	10	5	
2026-04-27 12:20:00	58.50057	17.6358	12	0	5	0	0	0	0	0.005	13.4	10	1024	17	1	27	0.2	70	200	70	2000	340	1	0	2	2	1	1	2	0	1	0	0	0	41	0	68	0	1	10	5	
2026-04-27 12:25:00	58.50021	17.63715	13	0	6	0	0	0	0	0.005	13.4	10	1024	17	1	33	0.3	116	300	69	2000	340	1	0	1	2	2	1	1	0	1	0	0	0	40	0	67	0	0	10	5	
2026-04-27 12:30:00	58.5003	17.63781	12	0	7	0	0	0	0	0.005	13.4	10	1024	17	2	45	0.1	78	300	69	2000	340	1	0	1	1	2	2	1	0	1	0	0	2	35	0	67	4	1	10	5	
2026-04-27 12:35:00	58.5003	17.63781	12	0	8	0	0	0	0	0.005	13.4	10	1024	17	1	31	0	347	300	69	2000	340	1	0	2	1	1	2	2	0	1	0	0	13	27	0	67	4	0	10	5	
2026-04-27 12:40:00	58.50006	17.63805	13	0	9	0	0	0	0	0.005	13.4	10	1024	17	1	29	0.1	151	300	68	2000	340	1	0	1	2	1	1	2	0	1	0	0	1	39	0	66	0	1	10	5	
2026-04-27 12:45:00	58.49988	17.63826	12	0	10	0	0	0	0	0.005	13.4	10	1024	17	1	32	0.1	153	300	68	2000	340	1	0	0	1	2	1	1	0	1	0	10	11	18	0	65	4	2	10	5	
2026-04-27 12:50:00	58.49982	17.63802	13	0	11	0	0	0	0	0.005	13.4	10	1024	17	2	47	0	250	300	68	2000	35	1	0	1	0	1	2	1	0	1	0	15	8	13	0	65	-4	3	-10	5	
2026-04-27 12:55:00	58.49982	17.63769	12	0	12	0	0	0	0	0.005	13.8	10	1024	17	1	32	0.1	267	300	68	2000	215	1	0	3	1	0	1	2	0	1	0	29	6	4	0	65	4	2	10	5	
2026-04-27 13:00:00	58.49982	17.63748	12	0	13	0	0	0	0	0.005	13.6	10	1024	17	1	32	0	275	300	68	2000	215	1	0	2	3	1	0	1	0	1	0	18	5	15	0	65	0	3	-10	5	
2026-04-27 13:05:00	58.49997	17.63727	12	0	14	0	0	0	0	0.005	13.6	10	1024	17	1	28	0.1	323	300	68	2000	275	1	0	2	2	3	1	0	0	1	0	6	13	20	0	66	0	3	10	5	
2026-04-27 13:10:00	58.50006	17.63694	14	0	15	0	0	0	0	0.005	13.6	10	1024	17	1	31	0.1	300	300	69	2000	275	1	0	3	2	2	3	1	0	1	0	13	26	1	0	66	0	1	10	5	
2026-04-27 13:15:00	58.50009	17.63697	12	0	16	0	0	0	0	0.005	13.6	10	1024	17	1	27	0	17	300	69	2000	200	1	0	3	3	2	2	3	0	1	0	15	17	8	0	67	0	2	-10	5	
2026-04-27 13:20:00	58.50021	17.63661	12	0	17	0	0	0	0	0.005	13.6	10	1024	17	1	40	0.1	304	300	69	2000	200	1	0	2	3	3	2	2	0	1	0	12	6	17	0	67	0	4	-10	5	
2026-04-27 13:25:00	58.50036	17.63631	12	0	18	0	0	0	0	0.005	13.6	10	1024	17	1	35	0.1	312	200	70	2000	310	1	0	2	2	3	3	2	0	1	0	20	2	15	0	68	0	5	10	5	
2026-04-27 13:30:00	58.50054	17.63598	13	0	19	0	0	0	0	0.005	13.5	10	1024	17	1	32	0.1	316	200	70	2000	310	1	0	2	2	2	3	3	0	1	0	11	6	21	0	68	0	4	10	5	
2026-04-27 13:35:00	58.50096	17.63574	12	0	20	0	0	0	0	0.005	13.5	10	1024	17	2	47	0.2	344	200	71	2000	310	1	0	2	2	2	2	3	0	1	0	0	2	35	0	70	0	0	10	5	
2026-04-27 13:40:00	58.50135	17.63535	12	0	21	0	0	0	0	0.005	13.5	11	1024	17	1	29	0.2	332	100	72	2000	310	1	0	2	2	2	2	2	0	1	0	10	1	29	0	71	0	2	10	5	
2026-04-27 13:45:00	58.50195	17.63487	13	0	22	0	0	0	0	0.005	13.5	11	1024	17	1	31	0.2	337	100	74	2000	310	1	0	2	2	2	2	2	0	1	0	0	2	38	0	73	0	0	10	5	
2026-04-27 13:50:00	58.50264	17.63439	41	0	23	0	0	0	0	0.005	13.5	11	1024	17	1	28	0.3	340	0	75	2000	310	1	0	3	2	2	2	2	0	1	0	0	0	41	0	76	0	0	10	5	
2026-04-27 13:55:00	58.50333	17.63442	11	0	24	0	0	0	0	0.005	13.5	11	1023	17	1	60	0.3	2	-100	77	2000	160	1	0	3	3	2	2	2	0	1	0	15	2	16	0	78	0	3	-10	5	
2026-04-27 14:00:00	58.50402	17.63508	11	0	25	0	0	0	0	0.005	13.5	11	1024	17	2	53	0.3	26	-200	78	2000	160	1	0	3	3	3	2	2	0	1	0	31	0	4	0	79	0	2	-10	5	
2026-04-27 14:05:00	58.50477	17.63565	12	0	26	0	0	0	0	0.005	13.5	11	1024	17	1	28	0.3	22	-200	80	2000	160	1	0	3	3	3	3	2	0	1	0	40	0	0	0	81	0	1	-10	5	
2026-04-27 14:10:00	58.50564	17.63601	11	0	27	0	0	0	0	0.005	13.5	12	1024	17	2	59	0.3	12	-300	82	2000	160	1	0	3	3	3	3	3	0	1	0	25	1	8	0	84	0	3	-10	5	
2026-04-27 14:15:00	58.50654	17.6367	11	0	28	0	0	0	0	0.005	13.5	12	1023	17	1	32	0.4	21	-400	84	2000	160	1	0	3	3	3	3	3	0	1	0	38	0	2	0	87	0	1	-10	5	
2026-04-27 14:20:00	58.50759	17.63763	11	0	29	0	0	0	0	0.005	13.4	12	1023	17	1	29	0.4	26	-500	86	2000	160	1	0	0	3	3	3	3	0	1	0	31	0	6	0	89	0	2	-10	5	
2026-04-27 14:25:00	58.50765	17.63955	11	0	0	0	0	0	0	0.005	13.4	12	1023	17	1	27	0.4	87	-500	86	2000	160	1	0	0	0	3	3	3	0	1	0	35	0	5	0	89	-4	2	-10	5	
2026-04-27 14:30:00	58.50696	17.64042	11	0	1	0	0	0	0	0.005	13.4	12	1023	17	1	30	0.3	147	-400	84	2000	160	1	0	3	0	0	3	3	0	1	0	41	0	0	0	86	-4	0	-10	5	
2026-04-27 14:35:00	58.50735	17.64204	11	0	2	0	0	0	0	0.005	13.4	12	1023	16	2	71	0.3	65	-400	85	2000	160	1	0	3	3	0	0	3	0	1	0	32	0	0	0	87	0	1	-10	5	
2026-04-27 14:40:00	58.50849	17.64318	11	0	3	0	0	0	0	0.005	13.4	11	1023	16	1	26	0.5	27	-500	88	2000	160	1	0	0	3	3	0	0	0	1	0	33	0	7	0	90	0	2	-10	5	
2026-04-27 14:45:00	58.50852	17.64447	11	0	4	0	0	0	0	0.005	13.4	11	1023	16	1	29	0.2	88	-500	88	2000	160	1	0	0	0	3	3	0	0	1	0	35	0	5	0	89	-4	2	-10	5	
2026-04-27 14:50:00	58.50825	17.64516	11	0	5	0	0	0	0	0.005	13.4	11	1023	17	2	64	0.2	126	-500	87	2000	160	1	0	3	0	0	3	3	0	1	0	34	0	0	0	88	-4	0	-10	5	
2026-04-27 14:55:00	58.50849	17.6463	12	0	6	0	0	0	0	0.005	13.4	11	1023	17	1	28	0.2	69	-500	88	2000	160	1	0	3	3	0	0	3	0	1	0	41	0	0	0	88	0	1	-10	5	
2026-04-27 15:00:00	58.50915	17.64729	11	0	7	0	0	0	0	0.005	13.4	10	1024	17	1	27	0.3	38	-500	90	2000	160	1	0	0	3	3	0	0	0	1	0	31	2	7	0	90	0	2	-10	5	
2026-04-27 15:05:00	58.50966	17.64864	11	0	8	0	0	0	0	0.005	13.4	10	1023	17	1	28	0.3	55	-1900	92	2000	160	1	0	0	0	3	3	0	0	1	0	41	0	0	0	92	-4	1	-10	5	
2026-04-27 15:10:00	58.50963	17.64999	11	0	9	0	0	0	0	0.005	13.4	10	1023	17	1	30	0.3	92	-1800	92	2000	160	1	0	0	0	0	3	3	0	1	0	40	0	0	0	92	-4	0	-10	5	
2026-04-27 15:15:00	58.50927	17.65107	12	0	10	0	0	0	0	0.005	13.4	9	1023	17	1	31	0.2	122	-1800	90	2000	160	1	0	3	0	0	0	3	0	1	0	40	0	0	0	90	-4	0	-10	5	
2026-04-27 15:20:00	58.50936	17.65188	13	0	11	0	0	0	0	0.005	13.4	9	1023	17	1	29	0.2	77	-1700	91	2000	160	1	0	3	3	0	0	0	0	1	0	40	0	0	0	91	0	1	-10	5	
2026-04-27 15:25:00	58.51011	17.65227	13	0	12	0	0	0	0	0.005	13.4	9	1023	17	1	32	0.3	15	-1700	94	2000	160	1	0	0	3	3	0	0	0	1	0	25	3	11	0	94	0	2	-10	5	
2026-04-27 15:30:00	58.51002	17.65356	12	0	13	0	0	0	0	0.005	13.4	9	1023	17	1	29	0.3	97	-1600	93	2000	160	1	0	0	0	3	3	0	0	1	0	36	0	4	0	93	-4	2	-10	5	
2026-04-27 15:35:00	58.50987	17.65401	12	0	14	0	0	0	0	0.005	13.4	9	1023	17	1	30	0.1	122	-1600	93	2000	160	1	0	3	0	0	3	3	0	1	0	40	1	0	0	93	-4	0	-10	5	
2026-04-27 15:40:00	58.50972	17.65533	13	0	15	0	0	0	0	0.005	13.4	9	1023	17	1	28	0.3	104	-1500	92	2000	160	1	0	3	3	0	0	3	0	1	0	39	1	0	0	92	0	1	-10	5	
2026-04-27 15:45:00	58.50996	17.65644	14	0	16	0	0	0	0	0.005	13.5	9	1023	17	1	27	0.2	66	-1500	93	2000	160	1	0	0	3	3	0	0	0	1	0	29	5	6	0	93	0	2	-10	5	
2026-04-27 15:50:00	58.50936	17.65611	14	0	17	0	0	0	0	0.005	13.7	9	1023	17	1	29	0.2	195	-1500	91	2000	160	1	0	3	0	3	3	0	0	1	0	36	1	3	0	91	-4	2	-10	5	
2026-04-27 15:55:00	58.50885	17.65581	14	0	18	0	0	0	0	0.005	13.9	8	1023	17	1	31	0.2	197	-1500	89	2000	160	1	0	2	3	0	3	3	0	1	0	39	1	0	0	89	0	1	-10	5	
2026-04-27 16:00:00	58.50849	17.65818	40	0	19	0	0	0	0	0.005	13.8	8	1023	17	1	29	0.4	106	-1400	87	2000	350	1	0	2	2	3	0	3	0	1	0	3	0	33	0	87	0	2	10	5	
2026-04-27 16:05:00	58.50777	17.6589	12	0	20	0	0	0	0	0.005	13.8	8	1023	17	2	88	0.3	152	-1300	83	2000	350	1	0	2	2	2	3	0	0	1	0	0	0	29	0	83	0	0	10	5	
2026-04-27 16:10:00	58.50684	17.6589	11	0	21	0	0	0	0	0.005	13.7	8	1023	17	1	26	0.4	180	-1400	79	2000	350	1	0	2	2	2	2	3	0	1	0	0	0	41	0	79	0	0	10	5	
2026-04-27 16:15:00	58.50636	17.65971	11	0	22	0	0	0	0	0.005	13.7	8	1023	17	1	28	0.2	139	-1300	76	2000	350	1	0	2	2	2	2	2	0	1	0	9	1	30	0	76	0	2	10	5	
2026-04-27 16:20:00	58.50591	17.6601	11	0	23	0	0	0	0	0.005	13.7	8	1023	17	1	29	0.2	154	1300	74	2000	350	1	0	2	2	2	2	2	0	1	0	9	1	29	0	74	0	2	10	5	
2026-04-27 16:25:00	58.50561	17.66043	11	0	24	0	0	0	0	0.005	13.7	8	1023	17	1	30	0.1	151	1300	72	2000	350	1	0	1	2	2	2	2	0	1	0	25	3	11	0	72	0	2	10	5	
2026-04-27 16:30:00	58.50552	17.66148	11	0	25	0	0	0	0	0.005	13.7	8	1024	17	1	27	0.2	99	1200	71	2000	350	1	0	1	1	2	2	2	0	1	0	0	4	37	0	71	4	1	10	5	
2026-04-27 16:35:00	58.50591	17.66211	11	0	26	0	0	0	0	0.005	13.6	8	1023	17	1	26	0.2	40	1200	73	2000	350	1	0	2	1	1	2	2	0	1	0	0	5	36	0	73	4	0	10	5	
2026-04-27 16:40:00	58.50657	17.66337	11	0	27	0	0	0	0	0.005	13.6	8	1024	17	1	27	0.3	46	-1100	75	2000	350	1	0	2	2	1	1	2	0	1	0	0	0	41	0	75	0	1	10	5	
2026-04-27 16:45:00	58.50681	17.66565	11	0	28	0	0	0	0	0.005	13.6	8	1024	17	1	30	0.4	79	1000	74	2000	350	1	0	2	2	2	1	1	1	1	0	0	0	40	0	74	0	0	10	5	
2026-04-27 16:50:00	58.50708	17.66742	11	0	29	0	0	0	0	0.005	13.6	7	1023	17	1	27	0.4	74	900	75	2000	350	1	0	2	2	2	2	1	1	1	0	0	0	41	0	75	0	0	10	5	
2026-04-27 16:55:00	58.50762	17.66883	11	0	0	0	0	0	0	0.005	13.6	7	1024	17	1	29	0.3	54	-800	77	2000	350	1	0	2	2	2	2	2	1	1	0	0	0	41	0	77	0	0	10	5	
2026-04-27 17:00:00	58.50825	17.67045	11	0	1	0	0	0	0	0.005	13.6	7	1024	17	1	29	0.4	53	-700	81	2000	350	1	0	2	2	2	2	2	1	1	0	0	0	41	0	81	0	0	10	5	
2026-04-27 17:05:00	58.50885	17.67234	11	0	2	0	0	0	0	0.005	13.6	7	1024	17	1	26	0.4	59	-600	86	2000	350	1	0	2	2	2	2	2	1	1	0	0	0	41	0	86	0	0	10	5	
2026-04-27 17:10:00	58.50945	17.67378	11	0	3	0	0	0	0	0.005	13.6	7	1024	17	1	29	0.4	52	-500	94	2000	350	1	0	2	2	2	2	2	1	1	0	0	0	41	0	94	0	0	10	5	
2026-04-27 17:15:00	58.51011	17.67489	11	0	4	0	0	0	0	0.005	13.6	7	1024	17	1	27	0.3	40	-400	105	2000	350	1	0	3	2	2	2	2	1	1	0	0	0	41	0	105	0	0	10	5	
2026-04-27 17:30:00	58.50981	17.67777	11	0	7	0	0	0	0	0.005	13.5	7	1023	17	3	79	0.1	152	-200	107	2000	230	1	0	3	0	0	3	2	1	1	0	28	3	0	0	107	-4	0	-10	5	
2026-04-27 17:35:00	58.50978	17.67795	11	0	8	0	0	0	0	0.005	13.5	7	1023	17	2	45	0	116	-200	107	2000	230	1	0	3	3	0	0	3	1	1	0	33	4	0	0	107	0	1	-10	5	
2026-04-27 17:40:00	58.50939	17.67777	12	0	9	0	0	0	0	0.005	13.5	7	1024	17	1	26	0.1	193	-200	96	2000	230	1	0	2	3	3	0	0	1	1	0	27	7	6	0	96	0	2	-10	5	
2026-04-27 17:50:00	58.50921	17.67813	11	0	11	0	0	0	0	0.005	13.5	7	1024	17	3	84	0	199	-200	91	2000	315	1	0	2	2	2	3	3	1	1	0	0	23	7	0	91	0	0	10	5	
2026-04-27 17:55:00	58.50909	17.67813	11	0	12	0	0	0	0	0.005	13.5	6	1024	18	1	34	0	182	-200	88	2000	315	1	0	2	2	2	2	3	1	1	0	0	17	23	0	88	0	0	10	5	
2026-04-27 18:00:00	58.50852	17.67828	11	0	13	0	0	0	0	0.005	13.5	6	1024	18	2	63	0.2	172	200	70	2000	315	1	0	2	2	2	2	2	1	1	0	10	1	22	0	70	0	2	10	5	
2026-04-27 18:05:00	58.50759	17.67822	11	0	14	0	0	0	0	0.005	13.5	6	1024	18	1	27	0.3	182	300	50	2000	315	1	0	3	2	2	2	2	1	1	0	9	1	30	0	50	0	2	10	5	
2026-04-27 18:10:00	58.50684	17.67705	11	0	15	0	0	0	0	0.005	13.5	6	1024	18	1	39	0.4	221	400	47	2000	20	1	0	1	3	2	2	2	1	1	0	35	0	3	0	47	0	2	-10	5	
2026-04-27 18:15:00	58.50564	17.67795	12	0	16	0	0	0	0	0.005	13.4	6	1024	18	1	29	0.5	159	500	30	2000	20	1	0	0	1	3	2	2	1	1	0	4	0	32	0	30	4	2	10	5	
2026-04-27 18:20:00	58.50654	17.67837	11	0	17	0	0	0	0	0.005	13.4	6	1024	18	2	54	0.3	14	400	34	2000	85	1	0	0	0	1	3	2	1	1	0	25	0	10	0	34	-4	2	-10	5	
2026-04-27 18:25:00	58.50849	17.67909	11	0	18	0	0	0	0	0.005	13.4	6	1024	18	1	27	0.7	11	200	64	2000	85	1	0	0	0	0	1	3	1	1	0	41	0	0	0	64	-4	0	-10	5	
2026-04-27 18:30:00	58.5105	17.67972	12	0	19	0	0	0	0	0.005	13.4	6	1024	18	1	29	0.8	9	-200	141	2000	85	1	0	1	0	0	0	1	1	1	0	41	0	0	0	141	-4	0	-10	5	
2026-04-27 18:35:00	58.50912	17.67921	13	0	20	0	0	2	0	0.005	13.4	6	1024	18	1	27	0.5	191	100	237	2000	100	1	0	2	1	0	0	0	0	1	0	6	0	34	0	234	4	2	10	5	
2026-04-27 18:40:00	58.50852	17.67534	12	0	21	0	0	0	0	0.005	13.4	6	1024	18	1	28	0.8	253	100	236	2000	100	1	0	2	2	1	0	0	0	1	0	0	0	41	0	233	0	1	10	5	
2026-04-27 18:45:00	58.50855	17.67159	12	0	22	0	0	0	0	0.005	13.4	6	1024	18	1	28	0.7	271	300	236	2000	100	1	0	2	2	2	1	0	0	1	0	3	0	37	0	229	0	1	10	5	
2026-04-27 18:50:00	58.50864	17.66808	11	0	23	0	0	0	0	0.005	13.4	6	1025	18	1	31	0.7	273	400	236	2000	100	1	0	2	2	2	2	1	0	1	0	0	3	37	0	226	0	1	10	5	
2026-04-27 18:55:00	58.50867	17.66382	12	0	24	0	0	0	0	0.005	13.4	6	1024	18	1	27	0.8	271	500	235	2000	100	1	0	2	2	2	2	2	0	1	0	3	0	37	0	222	0	2	10	5	
2026-04-27 19:00:00	58.509	17.66049	11	0	25	0	0	0	0	0.005	13.4	6	1025	18	1	29	0.7	281	700	235	2000	100	1	0	1	2	2	2	2	0	1	0	8	1	31	0	217	0	2	10	5	
2026-04-27 19:05:00	58.50813	17.65821	12	0	26	0	0	0	0	0.005	13.4	6	1024	18	1	27	0.5	234	700	235	2000	100	1	0	1	1	2	2	2	0	1	0	0	0	41	0	218	4	1	10	5	
2026-04-27 19:10:00	58.50675	17.65758	12	0	27	0	0	0	0	0.005	13.4	6	1025	18	1	31	0.5	193	500	235	2000	100	1	0	2	1	1	2	2	0	1	0	0	0	40	0	221	4	0	10	5	
2026-04-27 19:15:00	58.50705	17.65479	13	0	28	0	0	0	0	0.005	13.4	6	1025	18	1	32	0.5	282	700	235	2000	100	1	0	1	2	1	1	2	0	1	0	0	0	40	0	217	0	1	10	5	
2026-04-27 19:20:00	58.50588	17.65302	12	0	29	0	0	0	0	0.005	13.4	6	1025	18	1	31	0.6	218	600	235	2000	100	1	0	1	1	2	1	1	0	1	0	3	0	36	0	219	4	2	10	5	
2026-04-27 19:25:00	58.50456	17.65197	13	0	0	0	0	0	0	0.005	13.4	6	1025	18	1	30	0.5	202	500	235	2000	100	1	0	1	1	1	2	1	0	1	0	0	2	38	0	222	4	0	10	5	
2026-04-27 19:30:00	58.50336	17.65035	41	0	1	0	0	0	0	0.005	13.4	6	1025	18	2	52	0.5	216	500	235	2000	100	1	0	1	1	1	1	2	0	1	0	0	6	30	0	223	4	0	10	5	
2026-04-27 19:35:00	58.50276	17.64942	11	0	2	0	0	0	0	0.005	13.4	6	1025	18	1	55	0.3	218	400	235	2000	100	1	0	1	1	1	1	1	0	1	0	0	9	27	0	224	4	0	10	5	
2026-04-27 19:40:00	58.50309	17.64813	11	0	3	0	0	0	0	0.005	13.4	6	1025	18	1	27	0.3	296	500	235	2000	100	1	0	0	1	1	1	1	0	1	0	28	4	9	0	222	4	0	10	5	
2026-04-27 19:45:00	58.50366	17.64876	12	0	4	0	0	0	0	0.005	13.4	6	1024	18	1	40	0.2	30	500	235	2000	165	1	0	1	0	1	1	1	0	1	0	29	1	7	0	221	-4	2	-10	5	
2026-04-27 19:50:00	58.50342	17.64687	14	0	5	0	0	0	0	0.005	13.4	6	1025	18	1	28	0.4	257	600	235	2000	150	1	0	2	1	0	1	1	0	1	0	8	0	32	0	220	4	2	10	5	
2026-04-27 19:55:00	58.50423	17.64501	11	0	6	0	0	0	0	0.005	13.4	6	1025	18	1	30	0.5	310	700	234	2000	150	1	0	3	2	1	0	1	0	1	0	0	0	40	0	216	0	1	10	5	
2026-04-27 20:00:00	58.50558	17.64465	12	0	7	0	0	0	0	0.005	13.3	6	1025	18	1	32	0.5	352	900	234	2000	145	1	0	2	3	2	1	0	0	1	0	40	0	0	0	212	0	0	-10	5	
2026-04-27 20:05:00	58.5066	17.6433	12	0	8	0	0	0	0	0.005	13.3	6	1025	18	2	49	0.5	325	1000	234	2000	145	1	0	1	2	3	2	1	0	1	0	5	0	31	0	207	0	2	10	5	
2026-04-27 20:10:00	58.50663	17.64117	11	0	9	0	0	0	0	0.005	13.3	6	1025	18	1	34	0.4	271	1100	233	2000	145	1	0	1	1	2	3	2	0	1	0	5	0	34	0	205	4	2	10	5	
2026-04-27 20:15:00	58.50618	17.63976	12	0	10	0	0	0	0	0.005	13.3	6	1024	18	2	46	0.3	239	1100	233	2000	145	1	0	1	1	1	2	3	0	1	0	0	1	36	0	205	4	0	10	5	
2026-04-27 20:25:00	58.50561	17.63727	12	0	12	0	0	0	0	0.005	13.3	6	1025	18	3	80	0.2	261	1100	233	2000	145	1	0	1	1	1	1	1	0	1	0	1	9	20	0	204	4	0	10	5	
2026-04-27 20:30:00	58.50573	17.63541	12	0	13	0	0	0	0	0.005	13.3	6	1025	18	1	31	0.4	276	1200	233	2000	145	1	0	1	1	1	1	1	0	1	0	0	1	39	0	201	4	0	10	5	
2026-04-27 20:40:00	58.50546	17.63196	11	0	15	0	0	0	0	0.005	13.3	6	1025	18	3	79	0.3	252	1200	233	2000	145	1	0	1	1	1	1	1	0	1	0	0	3	28	0	198	4	0	10	5	
2026-04-27 20:45:00	58.50525	17.63022	13	0	16	0	0	0	0	0.005	13.3	6	1025	18	1	31	0.3	258	1300	232	2000	145	1	0	1	1	1	1	1	0	1	0	0	1	39	0	197	4	0	10	5	
2026-04-27 20:50:00	58.5051	17.62866	13	0	17	0	0	0	0	0.005	13.3	5	1025	18	3	70	0.3	259	1300	232	2000	145	1	0	1	1	1	1	1	0	1	0	0	2	31	0	196	4	0	10	5	
2026-04-27 21:00:00	58.50441	17.62635	13	0	19	0	0	0	0	0.005	13.3	5	1025	18	3	87	0.2	241	1300	232	2000	145	1	0	1	1	1	1	1	0	1	0	0	1	28	0	195	4	0	10	5	
2026-04-27 21:10:00	58.50399	17.6238	13	0	21	0	0	0	0	0.005	13.3	5	1025	18	3	82	0.3	251	1400	232	2000	145	1	0	1	1	1	1	1	0	1	0	0	6	24	0	194	4	0	10	5	
2026-04-27 21:15:00	58.50408	17.62263	13	0	22	0	0	0	0	0.005	13.3	5	1025	18	1	35	0.2	278	1400	232	2000	145	1	0	0	1	1	1	1	0	1	0	0	12	28	0	192	4	0	10	5	
2026-04-27 21:20:00	58.5042	17.62254	41	0	23	0	0	0	0	0.005	13.3	5	1025	18	3	78	0	342	1400	232	2000	175	1	0	1	0	1	1	1	0	1	0	15	1	11	0	191	-4	2	-10	5	
2026-04-27 21:25:00	58.50447	17.62293	11	0	24	0	0	0	0	0.005	13.3	5	1025	18	1	60	0.1	37	1400	232	2000	325	1	0	3	1	0	1	1	0	1	0	18	1	14	0	191	4	2	10	5	
2026-04-27 21:30:00	58.50474	17.62332	12	0	25	0	0	0	0	0.005	13.3	5	1025	18	1	29	0.1	37	1500	232	2000	325	1	0	2	3	1	0	1	0	1	0	36	4	0	0	190	0	1	-10	5	
2026-04-27 21:35:00	58.50498	17.62353	11	0	26	0	0	0	0	0.005	13.2	5	1025	18	1	30	0.1	24	1500	232	2000	170	1	0	0	2	3	1	0	0	1	0	17	6	14	0	190	0	5	10	5	
2026-04-27 21:40:00	58.50507	17.62386	11	0	27	0	0	0	0	0.005	13.2	5	1025	18	1	28	0.1	69	1500	232	2000	170	1	0	0	0	2	3	1	0	1	0	26	4	10	0	190	-4	2	-10	5	
2026-04-27 21:45:00	58.50483	17.62449	11	0	28	0	0	0	0	0.005	13.3	5	1025	18	1	29	0.1	124	1400	232	2000	170	1	0	0	0	0	2	3	0	1	0	41	0	0	0	191	-4	0	-10	5	
2026-04-27 21:50:00	58.50462	17.62506	11	0	29	0	0	0	0	0.005	13.2	5	1025	18	1	30	0.1	126	1400	232	2000	170	1	0	0	0	0	0	2	0	1	0	40	1	0	0	193	-4	0	-10	5	
2026-04-27 21:55:00	58.50435	17.6256	11	0	0	0	0	0	0	0.005	13.2	5	1025	18	1	31	0.1	135	1300	232	2000	170	1	0	1	0	0	0	0	0	1	0	38	2	0	0	195	-4	0	-10	5	
2026-04-27 22:00:00	58.50489	17.62662	11	0	1	0	0	0	0	0.005	13.2	5	1025	18	1	30	0.3	43	1400	232	2000	285	1	0	3	1	0	0	0	0	1	0	8	0	31	0	194	4	2	10	5	
2026-04-27 22:05:00	58.50483	17.62794	12	0	2	0	0	0	0	0.005	13.2	5	1025	18	1	27	0.3	95	1300	232	2000	285	1	0	2	3	1	0	0	0	1	0	31	0	9	0	196	0	2	-10	5	
2026-04-27 22:10:00	58.50504	17.62944	11	0	3	0	0	0	0	0.005	13.2	5	1025	18	2	60	0.3	76	1300	232	2000	290	1	0	3	2	3	1	0	0	1	0	2	1	30	0	197	0	2	10	5	
2026-04-27 22:15:00	58.50468	17.63055	11	0	4	0	0	0	0	0.005	13.2	5	1025	18	3	70	0.3	121	1200	233	2000	290	1	0	3	3	2	3	1	0	1	0	28	0	3	0	199	0	2	-10	5	
2026-04-27 22:20:00	58.50426	17.6316	11	0	5	0	0	0	0	0.005	13.2	5	1025	18	1	31	0.3	126	1100	233	2000	290	1	0	3	3	3	2	3	0	1	0	31	2	6	0	202	0	2	-10	5	
2026-04-27 22:25:00	58.50408	17.63319	11	0	6	0	0	0	0	0.005	13.2	5	1025	18	1	29	0.3	103	1100	233	2000	290	1	0	3	3	3	3	2	0	1	0	41	0	0	0	204	0	0	-10	5	
2026-04-27 22:35:00	58.50309	17.6361	11	0	8	0	0	0	0	0.005	13.2	5	1025	18	3	103	0.4	103	900	234	2000	290	1	0	3	3	3	3	3	0	1	0	26	0	0	0	210	0	0	-10	5	
2026-04-27 22:45:00	58.50123	17.63739	12	0	10	0	0	0	0	0.005	13.2	5	1025	18	3	89	0.3	169	700	234	2000	290	1	0	0	0	3	3	3	0	1	0	28	0	0	0	217	-4	1	-10	5	
2026-04-27 22:50:00	58.50072	17.63544	11	0	11	0	0	0	0	0.005	13.2	5	1025	18	1	28	0.4	243	700	234	2000	290	1	0	3	0	0	3	3	0	1	0	41	0	0	0	217	-4	0	-10	5	
2026-04-27 22:55:00	58.49973	17.6352	12	0	12	0	0	0	0	0.005	13.2	5	1025	18	2	53	0.4	187	600	235	2000	290	1	0	0	3	0	0	3	0	1	0	36	0	0	0	219	0	1	-10	5	
2026-04-27 23:00:00	58.49859	17.63448	11	0	13	0	0	0	0	0.005	13.2	5	1025	18	1	30	0.4	198	500	235	2000	290	1	0	0	0	3	0	0	0	1	0	40	0	0	0	222	-4	1	-10	5	
2026-04-27 23:05:00	58.49796	17.63268	11	0	14	0	0	0	0	0.005	13.2	5	1025	18	1	25	0.4	236	500	235	2000	290	1	0	0	0	0	3	0	0	1	0	41	0	0	0	222	-4	0	-10	5	
2026-04-27 23:10:00	58.49736	17.63076	11	0	15	0	0	0	0	0.005	13.2	5	1025	18	1	28	0.4	239	500	235	2000	290	1	0	0	0	0	0	3	0	1	0	41	0	0	0	221	-4	0	-10	5	
2026-04-27 23:15:00	58.49682	17.62887	11	0	16	0	0	0	0	0.005	13.2	5	1025	18	1	26	0.4	242	500	235	2000	290	1	0	0	0	0	0	0	0	1	0	41	0	0	0	221	-4	0	-10	5	
2026-04-27 23:20:00	58.49643	17.62653	11	0	17	0	0	0	0	0.005	13.2	5	1025	18	1	29	0.5	252	600	235	2000	290	1	0	3	0	0	0	0	0	1	0	41	0	0	0	220	-4	0	-10	5	
2026-04-27 23:25:00	58.49526	17.62644	12	0	18	0	0	0	0	0.005	13.2	5	1025	18	2	44	0.4	183	500	235	2000	290	1	0	0	3	0	0	0	0	1	0	37	0	0	0	223	0	1	-10	5	
2026-04-27 23:30:00	58.49415	17.62521	11	0	19	0	0	0	0	0.005	13.2	5	1026	18	1	29	0.5	210	400	235	2000	290	1	0	0	0	3	0	0	0	1	0	40	0	0	0	225	-4	1	-10	5	
2026-04-27 23:35:00	58.4937	17.62266	11	0	20	0	0	0	0	0.005	13.2	5	1026	18	2	45	0.5	252	400	235	2000	290	1	0	3	0	0	3	0	0	1	0	37	0	0	0	224	-4	0	-10	5	
2026-04-27 23:40:00	58.49232	17.62263	11	0	21	0	0	0	0	0.005	13.2	5	1025	18	1	31	0.5	181	300	236	2000	290	1	0	0	3	0	0	3	0	1	0	40	0	0	0	228	0	1	-10	5	
2026-04-27 23:45:00	58.49118	17.6211	12	0	22	0	0	0	0	0.005	13.2	5	1026	18	1	34	0.5	216	300	236	2000	290	1	0	0	0	3	0	0	0	1	0	39	0	0	0	229	-4	1	-10	5	
2026-04-27 23:50:00	58.49085	17.61837	11	0	23	0	0	0	0	0.005	13.2	5	1025	18	1	32	0.5	256	300	236	2000	290	1	0	3	0	0	3	0	0	1	0	40	0	0	0	228	-4	0	-10	5	
2026-04-27 23:55:00	58.48965	17.61816	11	0	24	0	0	0	0	0.005	13.2	5	1025	18	1	31	0.4	185	200	236	2000	290	1	0	0	3	0	0	3	0	1	0	40	0	0	0	231	0	1	-10	5	
2026-04-28 00:00:00	58.48932	17.61576	40	0	25	0	0	0	0	0.005	13.2	5	1026	18	1	27	0.4	255	300	236	2000	290	1	0	3	0	3	0	0	0	1	0	37	0	3	0	229	-4	2	-10	5	
2026-04-28 00:05:00	58.4883	17.61516	11	0	26	0	0	0	0	0.005	13.2	5	1025	18	1	55	0.4	198	200	236	2000	290	1	0	0	3	0	3	0	0	1	0	35	0	0	0	231	0	1	-10	5	
2026-04-28 00:10:00	58.48728	17.61327	12	0	27	0	0	0	0	0.005	13.2	5	1026	18	1	28	0.5	224	100	236	2000	290	1	0	0	0	3	0	3	0	1	0	41	0	0	0	233	-4	1	-10	5	
2026-04-28 00:15:00	58.48716	17.61099	11	0	28	0	0	0	0	0.005	13.2	5	1026	18	1	31	0.4	265	200	236	2000	290	1	0	3	0	0	3	0	0	1	0	40	0	0	0	231	-4	0	-10	5	
2026-04-28 00:20:00	58.48596	17.61078	12	0	29	0	0	0	0	0.005	13.2	5	1026	18	1	34	0.4	186	100	236	2000	290	1	0	0	3	0	0	3	0	1	0	39	0	0	0	234	0	1	-10	5	
2026-04-28 00:30:00	58.48536	17.60676	11	0	1	0	0	0	0	0.005	13.2	5	1026	18	3	78	0.5	273	200	236	2000	290	1	0	3	0	0	3	0	0	1	0	31	0	0	0	232	-4	0	-10	5	
2026-04-28 00:35:00	58.48434	17.60571	11	0	2	0	0	0	0	0.005	13.2	5	1026	18	1	28	0.4	208	100	236	2000	290	1	0	0	3	0	0	3	0	1	0	41	0	0	0	233	0	1	-10	5	
2026-04-28 00:40:00	58.48344	17.6037	12	0	3	0	0	0	0	0.005	13.2	5	1026	18	1	31	0.5	229	100	236	2000	290	1	0	0	0	3	0	0	0	1	0	40	0	0	0	234	-4	1	-10	5	
2026-04-28 00:50:00	58.4823	17.59989	13	0	5	0	0	0	0	0.005	13.2	5	1026	18	3	96	0.5	224	100	236	2000	290	1	0	3	3	0	0	3	0	1	0	27	0	0	0	234	0	1	-10	5	
2026-04-28 00:55:00	58.48038	17.60013	12	0	6	0	0	0	0	0.005	13.2	5	1026	18	1	28	0.7	176	-100	237	2000	290	1	0	0	3	3	0	0	0	1	0	41	0	0	0	239	0	0	-10	5	
2026-04-28 01:00:00	58.47975	17.59785	13	0	7	0	0	0	0	0.005	13.2	5	1026	18	1	42	0.5	242	-100	237	2000	290	1	0	0	0	3	3	0	0	1	0	38	0	0	0	238	-4	1	-10	5	
2026-04-28 01:05:00	58.47978	17.59572	11	0	8	0	0	0	0	0.005	13.2	5	1026	18	2	53	0.4	271	0	237	2000	290	1	0	3	0	0	3	3	0	1	0	36	0	0	0	236	-4	0	-10	5	
2026-04-28 01:10:00	58.47801	17.5944	12	0	9	0	0	0	0	0.005	13.2	5	1026	18	1	29	0.7	201	-100	237	2000	290	1	0	0	3	0	0	3	0	1	0	40	0	0	0	240	0	1	-10	5	
2026-04-28 01:15:00	58.47747	17.59206	12	0	10	0	0	0	0	0.005	13.2	5	1026	18	1	33	0.5	246	-100	237	2000	290	1	0	0	0	3	0	0	0	1	0	40	0	0	0	239	-4	1	-10	5	
2026-04-28 01:20:00	58.47747	17.58957	12	0	11	0	0	0	0	0.005	13.2	5	1026	18	1	30	0.5	271	0	237	2000	290	1	0	3	0	0	3	0	0	1	0	40	1	0	0	237	-4	0	-10	5	
2026-04-28 01:25:00	58.47576	17.58828	13	0	12	0	0	0	0	0.005	13.2	5	1026	18	1	38	0.7	201	-100	237	2000	290	1	0	0	3	0	0	3	0	1	0	39	0	0	0	240	0	1	-10	5	
2026-04-28 01:30:00	58.47492	17.58642	11	0	13	0	0	0	0	0.005	13.2	5	1026	18	2	49	0.5	229	-100	237	2000	290	1	0	0	0	3	0	0	0	1	0	36	0	0	0	241	-4	1	-10	5	
2026-04-28 01:35:00	58.47501	17.5836	13	0	14	0	0	0	0	0.005	13.2	5	1026	18	1	30	0.5	274	0	237	2000	290	1	0	3	0	0	3	0	0	1	0	40	1	0	0	238	-4	0	-10	5	
2026-04-28 01:40:00	58.47327	17.58114	12	0	15	0	0	0	0	0.005	13.2	5	1026	18	1	37	0.8	216	-100	237	2000	290	1	0	3	3	0	0	3	0	1	0	39	0	0	0	240	0	1	-10	5	
2026-04-28 01:45:00	58.4715	17.58069	13	0	16	0	0	0	0	0.005	13.2	5	1026	18	1	38	0.7	188	-300	238	2000	290	1	0	0	3	3	0	0	0	1	0	33	0	5	0	245	0	1	-10	5	
2026-04-28 01:50:00	58.47138	17.57826	13	0	17	0	0	0	0	0.005	13.2	5	1026	18	2	53	0.5	265	-200	238	2000	290	1	0	0	0	3	3	0	0	1	0	34	0	0	0	243	-4	1	-10	5	
2026-04-28 01:55:00	58.47126	17.57628	13	0	18	0	0	0	0	0.005	13.2	5	1026	18	1	31	0.4	264	-200	237	2000	290	1	0	0	0	0	3	3	0	1	0	40	0	0	0	241	-4	0	-10	5	
2026-04-28 02:00:00	58.47114	17.57376	13	0	19	0	0	0	0	0.005	13.2	5	1026	18	1	40	0.5	265	-100	237	2000	290	1	0	3	0	0	0	3	0	1	0	39	0	0	0	239	-4	0	-10	5	
2026-04-28 02:05:00	58.46916	17.5722	13	0	20	0	0	0	0	0.005	13.2	5	1026	18	1	50	0.8	202	-200	238	2000	290	1	0	0	3	0	0	0	0	1	0	36	0	0	0	243	0	1	-10	5	
2026-04-28 02:10:00	58.4682	17.5698	13	0	21	0	0	0	0	0.005	13.2	5	1026	18	1	33	0.6	233	-200	238	2000	290	1	0	0	0	3	0	0	0	1	0	40	0	0	0	244	-4	1	-10	5	
2026-04-28 02:15:00	58.4679	17.56671	13	0	22	0	0	0	0	0.005	13.2	5	1026	18	2	44	0.6	260	-200	238	2000	290	1	0	0	0	0	3	0	0	1	0	38	0	0	0	241	-4	0	-10	5	
2026-04-28 02:20:00	58.46769	17.56407	13	0	23	0	0	0	0	0.005	13.2	5	1026	18	1	29	0.5	261	-100	237	2000	290	1	0	0	0	0	0	3	0	1	0	41	0	0	0	240	-4	0	-10	5	
2026-04-28 02:25:00	58.46736	17.56119	13	0	24	0	0	0	0	0.005	13.2	5	1026	18	1	27	0.6	258	0	237	2000	290	1	0	0	0	0	0	0	0	1	0	41	0	0	0	238	-4	0	-10	5	
2026-04-28 02:30:00	58.4667	17.55813	21	0	25	0	0	0	0	0.005	13.2	5	1026	18	2	47	0.6	247	0	237	2000	290	1	0	0	0	0	0	0	0	1	0	31	6	0	0	237	-4	0	-10	5	
2026-04-28 02:35:00	58.46622	17.55537	15	0	26	0	0	0	0	0.005	13.2	5	1026	18	3	89	0.6	251	0	236	2000	290	1	0	0	0	0	0	0	0	1	0	29	0	0	0	236	-4	0	-10	5	
2026-04-28 02:40:00	58.46583	17.55222	17	0	27	0	0	0	0	0.005	13.2	5	1026	18	1	33	0.6	257	100	236	2000	290	1	0	0	0	0	0	0	0	1	0	40	0	0	0	234	-4	0	-10	5	
2026-04-28 02:45:00	58.46571	17.54883	15	0	28	0	0	0	0	0.005	13.2	5	1026	18	1	40	0.7	266	200	236	2000	290	1	0	3	0	0	0	0	0	1	0	39	0	0	0	231	-4	0	-10	5	
2026-04-28 02:50:00	58.46292	17.54859	41	0	29	0	0	0	0	0.005	13.2	5	1026	18	1	31	1	183	-100	237	2000	290	1	0	0	3	0	0	0	0	1	0	40	0	0	0	238	0	1	-10	5	
2026-04-28 02:55:00	58.4619	17.54586	11	0	0	0	0	0	0	0.005	13.2	5	1026	18	1	59	0.7	234	-100	237	2000	290	1	0	0	0	3	0	0	0	1	0	34	0	0	0	238	-4	1	-10	5	
2026-04-28 03:00:00	58.46145	17.54316	13	0	1	0	0	0	0	0.005	13.2	5	1026	18	1	26	0.5	253	0	237	2000	290	1	0	0	0	0	3	0	0	1	0	41	0	0	0	237	-4	0	-10	5	
2026-04-28 03:05:00	58.46076	17.53971	11	0	2	0	0	0	0	0.005	13.2	5	1026	18	1	29	0.7	249	0	236	2000	290	1	0	0	0	0	0	3	0	1	0	41	0	0	0	236	-4	0	-10	5	
2026-04-28 03:10:00	58.46025	17.53674	11	0	3	0	0	0	0	0.005	13.2	5	1026	18	2	56	0.6	251	100	236	2000	290	1	0	0	0	0	0	0	0	1	0	35	0	0	0	234	-4	0	-10	5	
2026-04-28 03:15:00	58.45974	17.53362	11	0	4	0	0	0	0	0.005	13.2	5	1026	18	1	24	0.6	253	100	236	2000	290	1	0	0	0	0	0	0	0	1	0	42	0	0	0	233	-4	0	-10	5	
2026-04-28 03:20:00	58.45917	17.53104	12	0	5	0	0	0	0	0.005	13.2	5	1026	18	1	31	0.5	247	200	236	2000	290	1	0	0	0	0	0	0	0	1	0	40	0	0	0	232	-4	0	-10	5	
2026-04-28 03:25:00	58.45854	17.52765	11	0	6	0	0	0	0	0.005	13.2	5	1026	18	1	29	0.7	250	200	235	2000	290	1	0	0	0	0	0	0	0	1	0	41	0	0	0	231	-4	0	-10	5	
2026-04-28 03:30:00	58.45788	17.52399	12	0	7	0	0	0	0	0.005	13.2	5	1026	18	1	42	0.7	251	300	235	2000	290	1	0	0	0	0	0	0	0	1	0	38	0	0	0	229	-4	0	-10	5	
2026-04-28 03:35:00	58.45719	17.52066	11	0	8	0	0	0	0	0.005	13.2	5	1026	18	2	44	0.7	248	300	235	2000	290	1	0	0	0	0	0	0	0	1	0	38	0	0	0	228	-4	0	-10	5	
2026-04-28 03:40:00	58.4565	17.51706	12	0	9	0	0	0	0	0.005	13.2	5	1026	18	2	47	0.7	250	400	234	2000	290	1	0	0	0	0	0	0	0	1	0	37	0	0	0	226	-4	0	-10	5	
2026-04-28 03:45:00	58.45599	17.51463	11	0	10	0	0	0	0	0.005	13.3	5	1026	18	1	26	0.5	248	400	234	2000	290	1	0	0	0	0	0	0	0	1	0	41	0	0	0	225	-4	0	-10	5	
2026-04-28 03:50:00	58.45527	17.51133	12	0	11	0	0	0	0	0.005	13.3	5	1026	18	1	31	0.7	247	400	234	2000	290	1	0	0	0	0	0	0	0	1	0	40	0	0	0	224	-4	0	-10	5	
2026-04-28 03:55:00	58.4547	17.50809	12	0	12	0	0	0	0	0.005	13.3	5	1026	18	1	27	0.7	251	500	233	2000	290	1	0	3	0	0	0	0	0	1	0	41	0	0	0	223	-4	0	-10	5	
2026-04-28 04:00:00	58.45221	17.50722	12	0	13	0	0	0	0	0.005	13.3	5	1026	18	1	31	0.9	191	300	235	2000	290	1	0	0	3	0	0	0	0	1	0	40	0	0	0	229	0	1	-10	5	
2026-04-28 04:05:00	58.45086	17.50452	12	0	14	0	0	0	0	0.005	13.4	5	1026	18	1	34	0.7	226	200	235	2000	290	1	0	0	0	3	0	0	0	1	0	39	0	0	0	230	-4	1	-10	5	
2026-04-28 04:10:00	58.45005	17.50071	12	0	15	0	0	0	0	0.005	13.4	5	1027	18	1	32	0.8	248	300	234	2000	290	1	0	0	0	0	3	0	0	1	0	40	0	0	0	228	-4	0	-10	5	
2026-04-28 04:15:00	58.44942	17.49681	11	0	16	0	0	0	0	0.005	13.5	5	1026	18	1	28	0.8	252	300	234	2000	290	1	0	3	0	0	0	3	0	1	0	41	0	0	0	227	-4	0	-10	5	
2026-04-28 04:20:00	58.44657	17.4936	13	0	17	0	0	0	0	0.005	13.6	5	1027	18	1	28	1.2	211	200	235	2000	290	1	0	3	3	0	0	0	0	1	0	41	0	0	0	231	0	1	-10	5	
2026-04-28 04:25:00	58.44303	17.49234	13	0	18	0	0	0	0	0.005	13.8	5	1026	18	1	31	1.3	190	-100	238	2000	290	1	0	0	3	3	0	0	0	1	0	40	0	0	0	240	0	0	-10	5	
2026-04-28 04:30:00	58.44174	17.48862	11	0	19	0	0	0	0	0.005	13.8	5	1027	18	1	33	0.9	237	-100	238	2000	290	1	0	0	0	3	3	0	0	1	0	39	0	0	0	239	-4	1	-10	5	
2026-04-28 04:35:00	58.44123	17.48478	11	0	20	0	0	0	0	0.005	13.7	5	1026	18	1	44	0.8	256	0	237	2000	290	1	0	0	0	0	3	3	0	1	0	38	0	0	0	237	-4	0	-10	5	
2026-04-28 04:40:00	58.44081	17.48073	11	0	21	0	0	0	0	0.005	13.7	5	1027	18	1	40	0.8	258	100	236	2000	290	1	0	0	0	0	0	3	0	1	0	39	0	0	0	235	-4	0	-10	5	
2026-04-28 04:45:00	58.44039	17.47695	11	0	22	0	0	0	0	0.005	13.7	5	1026	18	1	33	0.7	258	100	235	2000	290	1	0	3	0	0	0	0	0	1	0	40	0	0	0	232	-4	0	-10	5	
2026-04-28 04:55:00	58.43514	17.46831	11	0	24	0	0	0	0	0.005	13.6	5	1027	18	3	111	1.3	221	-100	237	2000	290	1	0	3	3	3	0	0	0	1	0	24	0	0	0	238	0	0	-10	5	
2026-04-28 05:05:00	58.43073	17.45961	12	0	26	0	0	0	0	0.005	13.6	5	1027	18	3	88	1	243	-200	239	2000	290	1	0	0	0	3	3	3	0	1	0	29	0	0	0	242	-4	1	-10	5	
2026-04-28 05:15:00	58.42932	17.45124	13	0	28	0	0	0	0	0.005	13.5	6	1027	18	3	101	1	241	-100	238	2000	290	1	0	3	3	0	0	3	0	1	0	26	0	0	0	238	0	1	-10	5	
2026-04-28 05:25:00	58.42497	17.44377	12	0	0	0	0	0	0	0.005	13.5	6	1027	18	3	99	0.9	232	-200	241	2000	290	1	0	0	0	3	3	0	0	1	0	26	0	0	0	243	-4	1	-10	5	
2026-04-28 05:30:00	58.42467	17.43978	13	0	1	0	0	0	0	0.005	13.5	6	1027	18	1	29	0.8	262	-100	239	2000	290	1	0	0	0	0	3	3	0	1	0	40	1	0	0	240	-4	0	-10	5	
2026-04-28 05:35:00	58.42455	17.43633	12	0	2	0	0	0	0	0.005	13.5	6	1027	18	2	48	0.7	266	0	237	2000	290	1	0	3	0	0	0	3	0	1	0	37	0	0	0	237	-4	0	-10	5	
2026-04-28 05:40:00	58.42227	17.43216	11	0	3	0	0	0	0	0.005	13.5	6	1027	18	1	31	1.2	224	-100	239	2000	290	1	0	3	3	0	0	0	0	1	0	40	0	0	0	239	0	1	-10	5	
2026-04-28 05:45:00	58.4193	17.42988	11	0	4	0	0	0	0	0.005	13.5	6	1027	18	2	53	1.2	202	-1700	247	2000	290	1	0	0	3	3	0	0	0	1	0	36	0	0	0	247	0	0	-10	5	
2026-04-28 05:50:00	58.41888	17.42565	12	0	5	0	0	0	0	0.005	13.5	6	1027	18	1	31	0.8	259	-1500	244	2000	290	1	0	0	0	3	3	0	0	1	0	40	0	0	0	244	-4	1	-10	5	
2026-04-28 05:55:00	58.419	17.42184	12	0	6	0	0	0	0	0.005	13.5	6	1027	18	1	29	0.7	273	-1300	240	2000	290	1	0	3	0	0	3	3	0	1	0	41	0	0	0	240	-4	0	-10	5	
2026-04-28 06:00:00	58.41684	17.41665	58	0	7	0	0	0	0	0.005	13.5	6	1027	18	1	31	1.1	231	-900	243	2000	290	1	0	3	3	0	0	3	1	1	0	40	0	0	0	243	0	1	-10	5	
2026-04-28 06:05:00	58.41459	17.41404	12	0	8	0	0	0	0	0.005	13.5	6	1027	18	3	130	1.1	211	-700	256	2000	290	1	0	0	3	3	0	0	1	1	0	20	0	0	0	256	0	0	-10	5	
2026-04-28 06:10:00	58.41402	17.4105	11	0	9	0	0	0	0	0.005	13.5	6	1027	18	1	29	0.7	253	-500	257	2000	290	1	0	0	0	3	3	0	1	1	0	40	0	0	0	257	-4	1	-10	5	
2026-04-28 06:15:00	58.41384	17.40687	12	0	10	0	0	0	0	0.005	13.4	6	1027	18	2	46	0.7	264	-300	252	2000	290	1	0	0	0	0	3	3	1	1	0	37	0	0	0	252	-4	0	-10	5	
2026-04-28 06:20:00	58.4136	17.40339	13	0	11	0	0	0	0	0.005	13.4	6	1027	18	1	28	0.7	263	100	223	2000	290	1	0	1	0	0	0	3	1	1	0	41	0	0	0	223	-4	0	-10	5	
2026-04-28 06:25:00	58.41366	17.40477	12	0	12	0	0	0	0	0.005	13.4	6	1027	18	1	34	0.3	87	-100	245	2000	355	1	0	0	1	0	0	0	1	1	0	7	0	32	0	245	4	2	10	5	
2026-04-28 06:30:00	58.4133	17.40174	12	0	13	0	0	2	0	0.005	13.4	6	1027	18	1	37	0.6	257	0	74	2000	350	1	0	2	0	1	0	0	0	1	0	32	0	6	0	75	-4	2	-10	5	
2026-04-28 06:35:00	58.41093	17.40318	14	0	14	0	0	0	0	0.005	13.4	6	1027	18	1	26	0.9	162	200	74	2000	350	1	0	3	2	0	1	0	0	1	0	5	0	35	0	67	0	2	10	5	
2026-04-28 06:40:00	58.40883	17.39919	11	0	15	0	0	0	0	0.005	13.4	6	1027	18	1	29	1.1	225	500	73	2000	5	1	0	1	3	2	0	1	0	1	0	38	0	1	0	63	0	2	-10	5	
2026-04-28 06:45:00	58.40865	17.40027	12	0	16	0	0	0	0	0.005	13.4	6	1027	18	1	27	0.2	108	500	73	2000	5	1	0	1	1	3	2	0	0	1	0	5	1	31	0	62	4	2	10	5	
2026-04-28 06:50:00	58.4091	17.4024	12	0	17	0	0	0	0	0.005	13.4	6	1027	18	1	33	0.4	67	400	73	2000	5	1	0	1	1	1	3	2	0	1	0	0	0	40	0	62	4	0	10	5	
2026-04-28 06:55:00	58.40943	17.40486	11	0	18	0	0	0	0	0.005	13.4	6	1027	18	1	29	0.5	76	400	73	2000	5	1	0	1	1	1	1	3	0	1	0	0	0	41	0	62	4	0	10	5	
2026-04-28 07:00:00	58.40973	17.40699	11	0	19	0	0	0	0	0.005	13.4	6	1027	18	1	26	0.4	75	400	73	2000	5	1	0	1	1	1	1	1	0	1	0	0	2	39	0	62	4	0	10	5	
2026-04-28 07:05:00	58.41006	17.40879	12	0	20	0	0	0	0	0.005	13.4	6	1027	18	1	30	0.4	70	400	73	2000	5	1	0	1	1	1	1	1	0	1	0	0	0	41	0	62	4	0	10	5	
2026-04-28 07:10:00	58.41039	17.41038	12	0	21	0	0	0	0	0.005	13.4	6	1028	18	1	25	0.3	69	400	73	2000	5	1	0	1	1	1	1	1	0	1	0	0	0	42	0	62	4	0	10	5	
2026-04-28 07:15:00	58.41096	17.41239	12	0	22	0	0	0	0	0.005	13.4	6	1027	18	1	28	0.4	62	400	73	2000	5	1	0	1	1	1	1	1	0	1	0	0	0	41	0	63	4	0	10	5	
2026-04-28 07:20:00	58.41138	17.41419	11	0	23	0	0	0	0	0.005	13.4	6	1028	18	1	26	0.4	65	400	73	2000	5	1	0	1	1	1	1	1	0	1	0	0	0	41	0	64	4	0	10	5	
2026-04-28 07:25:00	58.41189	17.41581	11	0	24	0	0	0	0	0.005	13.4	6	1028	18	1	28	0.4	59	300	73	2000	5	1	0	1	1	1	1	1	0	1	0	0	2	39	0	65	4	0	10	5	
2026-04-28 07:30:00	58.41246	17.41728	12	0	25	0	0	0	0	0.005	13.4	6	1028	18	1	26	0.3	54	300	73	2000	5	1	0	1	1	1	1	1	0	1	0	0	0	41	0	66	4	0	10	5	
2026-04-28 07:35:00	58.41318	17.4186	13	0	26	0	0	0	0	0.005	13.4	6	1028	18	1	33	0.4	44	200	74	2000	5	1	0	1	1	1	1	1	0	1	0	0	1	39	0	67	4	0	10	5	
2026-04-28 07:40:00	58.4136	17.4201	12	0	27	0	0	0	0	0.005	13.4	6	1028	18	1	29	0.3	60	200	74	2000	5	1	0	1	1	1	1	1	0	1	0	0	4	37	0	68	4	0	10	5	
2026-04-28 07:45:00	58.41408	17.42178	13	0	28	0	0	0	0	0.005	13.4	6	1028	18	1	29	0.4	63	200	74	2000	5	1	0	1	1	1	1	1	0	1	0	0	0	41	0	69	4	0	10	5	
2026-04-28 07:50:00	58.41447	17.42316	13	0	29	0	0	0	0	0.005	13.4	6	1028	18	1	27	0.3	60	200	74	2000	5	1	0	1	1	1	1	1	0	1	0	0	0	41	0	69	4	0	10	5	
2026-04-28 07:55:00	58.41408	17.42454	13	0	0	0	0	0	0	0.005	13.4	6	1028	18	1	32	0.3	119	200	74	2000	5	1	0	1	1	1	1	1	0	1	0	15	2	23	0	67	4	0	10	5	
2026-04-28 08:00:00	58.41432	17.42595	41	0	1	0	0	0	0	0.005	13.4	6	1028	18	1	28	0.3	71	200	74	2000	5	1	0	1	1	1	1	1	0	1	0	0	0	41	0	68	4	0	10	5	
2026-04-28 08:05:00	58.41453	17.42712	11	0	2	0	0	0	0	0.005	13.8	6	1028	18	1	60	0.3	71	200	74	2000	5	1	0	1	1	1	1	1	0	1	0	0	3	32	0	68	4	0	10	5	
2026-04-28 08:10:00	58.41504	17.42856	11	0	3	0	0	0	0	0.005	13.7	6	1028	18	1	29	0.3	55	200	74	2000	5	1	0	1	1	1	1	1	0	1	0	0	0	41	0	69	4	0	10	5	
2026-04-28 08:15:00	58.41549	17.42964	12	0	4	0	0	0	0	0.005	13.7	6	1028	18	1	28	0.3	52	200	74	2000	5	1	0	1	1	1	1	1	0	1	0	0	2	39	0	70	4	0	10	5	
2026-04-28 08:20:00	58.41597	17.43042	13	0	5	0	0	0	0	0.005	13.6	6	1028	18	1	29	0.2	40	100	74	2000	5	1	0	2	1	1	1	1	0	1	0	0	1	40	0	71	4	0	10	5	
2026-04-28 08:25:00	58.41519	17.43225	12	0	6	0	0	0	0	0.005	13.6	6	1028	18	1	27	0.5	129	200	74	2000	5	1	0	1	2	1	1	1	0	1	0	0	0	41	0	67	0	1	10	5	
2026-04-28 08:30:00	58.41522	17.43306	12	0	7	0	0	0	0	0.005	13.6	6	1028	18	1	30	0.2	86	300	74	2000	5	1	0	1	1	2	1	1	0	1	0	4	2	34	0	67	4	2	10	5	
2026-04-28 08:35:00	58.41561	17.43309	12	0	8	0	0	0	0	0.005	13.6	6	1028	18	1	28	0.1	3	200	74	2000	5	1	0	2	1	1	2	1	0	1	0	0	1	40	0	68	4	0	10	5	
2026-04-28 08:40:00	58.4148	17.43459	11	0	9	0	0	0	0	0.005	13.6	6	1028	18	1	31	0.4	136	300	73	2000	5	1	0	1	2	1	1	2	0	1	0	0	0	40	0	65	0	1	10	5	
2026-04-28 08:45:00	58.4148	17.43525	11	0	10	0	0	0	0	0.005	13.6	6	1028	18	1	28	0.1	87	300	73	2000	5	1	0	1	1	2	1	1	0	1	0	0	1	40	0	65	4	1	10	5	
2026-04-28 08:50:00	58.41528	17.43588	12	0	11	0	0	0	0	0.005	13.6	6	1028	18	1	27	0.2	35	300	73	2000	5	1	0	2	1	1	2	1	0	1	0	0	0	41	0	66	4	0	10	5	
2026-04-28 08:55:00	58.4145	17.43729	12	0	12	0	0	0	0	0.005	13.6	6	1028	18	1	30	0.4	137	400	73	2000	5	1	0	1	2	1	1	2	0	1	0	0	0	40	0	63	0	1	10	5	
2026-04-28 09:00:00	58.41438	17.43822	11	0	13	0	0	0	0	0.005	13.6	6	1028	18	1	41	0.2	106	400	73	2000	5	1	0	1	1	2	1	1	0	1	0	0	0	38	0	62	4	1	10	5	
2026-04-28 09:10:00	58.41462	17.44011	11	0	15	0	0	0	0	0.005	13.5	7	1028	18	3	77	0.3	105	400	73	2000	5	1	0	1	2	1	1	2	0	1	0	0	0	31	0	62	0	1	10	5	
2026-04-28 09:15:00	58.41468	17.44128	11	0	16	0	0	0	0	0.005	13.5	7	1028	18	2	51	0.2	85	400	73	2000	5	1	0	1	1	2	1	1	0	1	0	0	0	36	0	62	4	1	10	5	
2026-04-28 09:20:00	58.41522	17.44128	11	0	17	0	0	0	0	0.005	13.5	7	1028	18	2	53	0.2	360	400	73	2000	5	1	0	2	1	1	2	1	0	1	0	0	1	35	0	63	4	0	10	5	
2026-04-28 09:30:00	58.41513	17.4456	14	0	19	0	0	0	0	0.005	13.5	7	1028	18	3	77	0.5	108	500	73	2000	5	1	0	1	2	2	1	1	0	1	0	0	0	31	0	61	0	0	10	5	
2026-04-28 09:35:00	58.41558	17.44632	14	0	20	0	0	0	0	0.005	13.5	7	1028	17	1	32	0.2	39	400	73	2000	5	1	0	1	1	2	2	1	0	1	0	0	0	40	0	62	4	1	10	5	
2026-04-28 09:40:00	58.41615	17.44605	14	0	21	0	0	0	0	0.005	13.5	7	1028	18	1	40	0.2	345	400	73	2000	5	1	0	2	1	1	2	2	0	1	0	0	0	39	0	64	4	0	10	5	
2026-04-28 09:45:00	58.41621	17.44773	14	0	22	0	0	0	0	0.005	13.5	7	1028	18	1	33	0.3	86	400	73	2000	5	1	0	2	2	1	1	2	0	1	0	0	0	40	0	64	0	1	10	5	
2026-04-28 09:50:00	58.41522	17.44911	14	0	23	0	0	0	0	0.005	13.5	7	1028	17	1	35	0.5	144	500	73	2000	5	1	0	1	2	2	1	1	0	1	0	0	0	40	0	60	0	0	10	5	
2026-04-28 09:55:00	58.41531	17.45022	13	0	24	0	0	0	0	0.005	13.5	7	1028	17	2	49	0.2	80	500	73	2000	5	1	0	1	1	2	2	1	0	1	0	0	0	36	0	60	4	1	10	5	
2026-04-28 10:00:00	58.4157	17.45022	12	0	25	0	0	0	0	0.005	13.5	7	1028	17	1	32	0.1	359	500	73	2000	5	1	0	2	1	1	2	2	0	1	0	0	0	40	0	61	4	0	10	5	
2026-04-28 10:05:00	58.41546	17.45163	13	0	26	0	0	0	0	0.005	13.4	7	1028	17	1	31	0.3	109	500	73	2000	5	1	0	1	2	1	1	2	0	1	0	0	0	40	0	59	0	1	10	5	
2026-04-28 10:10:00	58.41528	17.45262	13	0	27	0	0	0	0	0.005	13.4	7	1028	17	1	35	0.2	107	600	73	2000	5	1	0	1	1	2	1	1	0	1	0	0	0	39	0	58	4	1	10	5	
2026-04-28 10:15:00	58.4151	17.45268	13	0	28	0	0	0	0	0.005	13.4	7	1028	17	1	32	0.1	171	600	72	2000	5	1	0	0	1	1	2	1	0	1	0	0	6	34	0	58	4	0	10	5	
2026-04-28 10:20:00	58.41474	17.45118	40	0	29	0	0	0	0	0.005	13.4	8	1028	17	1	30	0.3	246	600	72	2000	350	1	0	2	0	1	1	2	0	1	0	28	1	10	0	57	-4	2	-10	5	
2026-04-28 10:25:00	58.4139	17.45121	11	0	0	0	0	0	0	0.005	13.4	8	1028	17	1	60	0.3	179	700	72	2000	350	1	0	3	2	0	1	1	0	1	0	15	0	18	0	55	0	2	10	5	
2026-04-28 10:30:00	58.41279	17.44971	12	0	1	0	0	0	0	0.005	13.4	8	1028	17	1	27	0.5	215	800	72	2000	345	1	0	2	3	2	0	1	0	1	0	36	0	4	0	52	0	2	-10	5	
2026-04-28 10:35:00	58.41156	17.44977	11	0	2	0	0	0	0	0.005	13.4	8	1028	17	1	30	0.5	179	900	71	2000	10	1	0	1	2	3	2	0	0	1	0	4	0	35	0	47	0	2	10	5	
2026-04-28 10:40:00	58.41117	17.45055	12	0	3	0	0	0	0	0.005	13.4	8	1028	17	1	28	0.2	133	1000	71	2000	10	1	0	1	1	2	3	2	0	1	0	6	0	31	0	46	4	3	10	5	
2026-04-28 10:45:00	58.4112	17.45082	11	0	4	0	0	0	0	0.005	13.4	8	1028	17	1	39	0.1	75	1000	71	2000	10	1	0	1	1	1	2	3	0	1	0	0	5	34	0	46	4	0	10	5	
2026-04-28 10:50:00	58.41138	17.45124	12	0	5	0	0	0	0	0.005	13.4	8	1029	17	1	27	0.1	52	900	71	2000	10	1	0	1	1	1	1	2	0	1	0	0	0	41	0	46	4	0	10	5	
2026-04-28 10:55:00	58.41156	17.45142	11	0	6	0	0	0	0	0.005	13.4	8	1028	17	1	31	0.1	26	900	71	2000	10	1	0	1	1	1	1	1	0	1	0	0	2	38	0	47	4	0	10	5	
2026-04-28 11:00:00	58.41174	17.45148	12	0	7	0	0	0	0	0.005	13.4	8	1028	17	1	28	0.1	15	900	71	2000	10	1	0	1	1	1	1	1	0	1	0	0	2	39	0	47	4	0	10	5	
2026-04-28 11:05:00	58.41183	17.45163	11	0	8	0	0	0	0	0.005	13.4	8	1028	17	1	27	0	30	900	71	2000	10	1	0	1	1	1	1	1	0	1	0	0	1	40	0	47	4	0	10	5	
2026-04-28 11:10:00	58.41192	17.4516	11	0	9	0	0	0	0	0.005	13.4	9	1028	17	1	28	0	356	900	71	2000	10	1	0	2	1	1	1	1	0	1	0	0	0	41	0	48	4	0	10	5	
2026-04-28 11:15:00	58.41195	17.45157	11	0	10	0	0	0	0	0.005	13.4	9	1028	17	1	28	0	341	900	71	2000	10	1	0	3	2	1	1	1	0	1	0	0	3	38	0	48	0	1	10	5	
2026-04-28 11:20:00	58.41126	17.45094	11	0	11	0	0	0	0	0.005	13.4	9	1028	17	1	41	0.3	206	1000	71	2000	295	1	0	2	3	2	1	1	0	1	0	19	1	17	0	46	0	2	-10	5	
2026-04-28 11:25:00	58.41093	17.45136	12	0	12	0	0	0	0	0.005	13.4	9	1028	17	1	28	0.2	147	1000	71	2000	330	1	0	2	2	3	2	1	0	1	0	8	2	30	0	44	0	2	10	5	
2026-04-28 11:30:00	58.4109	17.45166	12	0	13	0	0	0	0	0.005	13.4	10	1028	17	1	29	0.1	94	1000	71	2000	330	1	0	2	2	2	3	2	0	1	0	0	2	39	0	44	0	0	10	5	
2026-04-28 11:35:00	58.41102	17.4519	11	0	14	0	0	0	0	0.005	13.4	10	1028	17	1	29	0.1	44	1000	71	2000	330	1	0	2	2	2	2	3	0	1	0	0	2	39	0	45	0	0	10	5	
2026-04-28 11:40:00	58.41135	17.45232	11	0	15	0	0	0	0	0.005	13.4	10	1028	17	1	25	0.1	34	1000	71	2000	330	1	0	2	2	2	2	2	0	1	0	0	0	42	0	45	0	0	10	5	
2026-04-28 11:45:00	58.41162	17.45289	11	0	16	0	0	0	0	0.005	13.4	10	1028	17	1	28	0.1	48	900	71	2000	330	1	0	2	2	2	2	2	0	1	0	0	0	41	0	46	0	0	10	5	
2026-04-28 11:50:00	58.41189	17.45358	12	0	17	0	0	0	0	0.005	13.4	10	1028	17	1	26	0.2	53	900	71	2000	330	1	0	2	2	2	2	2	0	1	0	0	0	41	0	47	0	0	10	5	
2026-04-28 11:55:00	58.41216	17.45415	12	0	18	0	0	0	0	0.005	13.4	10	1028	17	1	29	0.1	51	900	71	2000	330	1	0	2	2	2	2	2	0	1	0	0	2	39	0	47	0	0	10	5	
2026-04-28 12:00:00	58.41246	17.4549	12	0	19	0	0	0	0	0.005	13.4	11	1028	17	1	26	0.2	50	900	71	2000	330	1	0	2	2	2	2	2	0	1	0	0	0	41	0	48	0	0	10	5	
2026-04-28 12:05:00	58.41261	17.45544	11	0	20	0	0	0	0	0.005	13.3	11	1028	17	1	29	0.1	65	900	71	2000	330	1	0	2	2	2	2	2	0	1	0	0	2	39	0	48	0	0	10	5	
2026-04-28 12:10:00	58.41288	17.45565	12	0	21	0	0	0	0	0.005	13.3	11	1028	17	1	31	0.1	23	900	72	2000	330	1	0	2	2	2	2	2	0	1	0	0	1	39	0	49	0	0	10	5	
2026-04-28 12:15:00	58.413	17.45574	11	0	22	0	0	0	0	0.005	13.3	11	1028	17	1	31	0.1	15	800	72	2000	330	1	0	2	2	2	2	2	0	1	0	0	2	38	0	49	0	0	10	5	
2026-04-28 12:20:00	58.41315	17.45562	11	0	23	0	0	0	0	0.005	13.3	11	1028	17	1	27	0.1	335	800	72	2000	330	1	0	3	2	2	2	2	0	1	0	0	4	37	0	50	0	0	10	5	
2026-04-28 12:25:00	58.41276	17.45544	13	0	24	0	0	0	0	0.005	13.3	11	1028	17	1	28	0.1	194	900	72	2000	275	1	0	2	3	2	2	2	0	1	0	11	5	24	0	49	0	2	-10	5	
2026-04-28 12:30:00	58.41243	17.45535	32	0	25	0	0	0	0	0.005	13.3	11	1028	17	1	29	0.1	188	900	71	2000	300	1	0	2	2	3	2	2	0	1	0	4	10	26	0	48	0	2	10	5	
2026-04-28 12:35:00	58.41225	17.45484	12	0	26	0	0	0	0	0.005	13.3	11	1028	17	1	48	0.1	237	900	71	2000	300	1	0	2	2	2	3	2	0	1	0	8	12	16	0	47	0	3	10	5	
2026-04-28 12:40:00	58.41159	17.45346	11	0	27	0	0	0	0	0.005	13.6	11	1028	16	1	29	0.4	228	1000	71	2000	300	1	0	3	2	2	2	3	0	1	0	0	5	35	0	46	0	1	10	5	
2026-04-28 12:45:00	58.41153	17.44995	11	0	28	0	0	0	0	0.005	13.7	11	1028	16	1	27	0.7	268	900	71	2000	30	1	0	1	3	2	2	2	0	1	0	35	0	5	0	47	0	2	-10	5	
2026-04-28 12:50:00	58.41033	17.44866	11	0	29	0	0	0	0	0.005	13.6	11	1028	16	1	29	0.5	209	1000	71	2000	30	1	0	0	1	3	2	2	0	1	0	5	4	31	0	44	4	2	10	5	
2026-04-28 12:55:00	58.41102	17.44794	11	0	0	0	0	0	0	0.005	13.6	11	1028	16	1	30	0.3	331	900	71	2000	100	1	0	0	0	1	3	2	0	1	0	25	2	12	0	47	-4	3	-10	5	
2026-04-28 13:00:00	58.41213	17.44848	11	0	1	0	0	0	0	0.005	13.6	11	1028	17	2	43	0.4	14	800	72	2000	100	1	0	0	0	0	1	3	0	1	0	38	0	0	0	50	-4	0	-10	5	
2026-04-28 13:05:00	58.41324	17.44926	11	0	2	0	0	0	0	0.005	13.6	11	1028	17	1	28	0.4	20	700	72	2000	100	1	0	0	0	0	0	1	0	1	0	41	0	0	0	53	-4	0	-10	5	
2026-04-28 13:10:00	58.41444	17.44965	11	0	3	0	0	0	0	0.005	13.6	10	1028	17	1	30	0.4	10	600	72	2000	100	1	0	0	0	0	0	0	0	1	0	41	0	0	0	57	-4	0	-10	5	
2026-04-28 13:15:00	58.41531	17.45019	12	0	4	0	0	0	0	0.005	13.6	10	1028	17	1	31	0.3	18	500	73	2000	100	1	0	0	0	0	0	0	0	1	0	40	0	0	0	60	-4	0	-10	5	
2026-04-28 13:25:00	58.41696	17.45184	11	0	6	0	0	0	0	0.005	13.6	10	1028	17	3	86	0.4	23	400	73	2000	100	1	0	0	0	0	0	0	0	1	0	29	0	0	0	64	-4	0	-10	5	
2026-04-28 13:35:00	58.41837	17.45334	11	0	8	0	0	0	0	0.005	13.5	10	1028	17	3	90	0.3	37	200	74	2000	100	1	0	0	0	0	0	0	0	1	0	28	0	0	0	68	-4	0	-10	5	
2026-04-28 13:40:00	58.419	17.4543	11	0	9	0	0	0	0	0.005	13.5	9	1028	17	1	33	0.3	39	200	74	2000	100	1	0	0	0	0	0	0	0	1	0	40	0	0	0	69	-4	0	-10	5	
2026-04-28 13:45:00	58.41957	17.45514	11	0	10	0	0	0	0	0.005	13.5	9	1028	17	1	25	0.3	37	100	74	2000	100	1	0	0	0	0	0	0	0	1	0	42	0	0	0	71	-4	0	-10	5	
2026-04-28 13:50:00	58.42014	17.45622	11	0	11	0	0	0	0	0.005	13.5	9	1028	17	1	30	0.3	44	100	74	2000	100	1	0	0	0	0	0	0	0	1	0	41	0	0	0	72	-4	0	-10	5	
2026-04-28 13:55:00	58.42059	17.45745	11	0	12	0	0	0	0	0.005	13.5	9	1028	17	1	25	0.3	55	100	74	2000	100	1	0	0	0	0	0	0	0	1	0	41	0	0	0	73	-4	0	-10	5	
2026-04-28 14:00:00	58.42101	17.45862	11	0	13	0	0	0	0	0.005	13.5	9	1028	17	1	27	0.3	57	0	74	2000	100	1	0	0	0	0	0	0	0	1	0	41	0	0	0	73	-4	0	-10	5	
2026-04-28 14:05:00	58.42149	17.46	11	0	14	0	0	0	0	0.005	13.5	9	1028	17	1	40	0.3	56	0	74	2000	100	1	0	0	0	0	0	0	0	1	0	38	0	0	0	74	-4	0	-10	5	
2026-04-28 14:10:00	58.42191	17.46168	12	0	15	0	0	0	0	0.005	13.5	9	1028	17	1	30	0.4	65	0	74	2000	100	1	0	0	0	0	0	0	0	1	0	41	0	0	0	75	-4	0	-10	5	
2026-04-28 14:15:00	58.42236	17.46321	13	0	16	0	0	0	0	0.005	13.5	9	1028	17	2	52	0.3	60	0	75	2000	100	1	0	0	0	0	0	0	0	1	0	36	0	0	0	76	-4	0	-10	5	
2026-04-28 14:20:00	58.42275	17.46486	13	0	17	0	0	0	0	0.005	13.5	9	1028	17	1	32	0.4	66	-100	75	2000	100	1	0	0	0	0	0	0	0	1	0	40	0	0	0	76	-4	0	-10	5	
2026-04-28 14:25:00	58.42305	17.46627	13	0	18	0	0	0	0	0.005	13.5	9	1028	17	1	33	0.3	68	-100	75	2000	100	1	0	0	0	0	0	0	0	1	0	40	0	0	0	76	-4	0	-10	5	
2026-04-28 14:35:00	58.42359	17.4693	13	0	20	0	0	0	0	0.005	13.4	9	1028	17	3	76	0.3	68	-100	75	2000	100	1	0	0	0	0	0	0	0	1	0	31	0	0	0	77	-4	0	-10	5	
2026-04-28 14:40:00	58.4238	17.47089	14	0	21	0	0	0	0	0.005	13.4	9	1028	17	1	30	0.3	76	-100	75	2000	100	1	0	0	0	0	0	0	0	1	0	41	0	0	0	76	-4	0	-10	5	
2026-04-28 14:45:00	58.42395	17.47239	12	0	22	0	0	0	0	0.005	13.4	9	1028	17	1	28	0.3	78	-100	75	2000	100	1	0	0	0	0	0	0	0	1	0	41	0	0	0	76	-4	0	-10	5	
2026-04-28 14:50:00	58.42422	17.47434	13	0	23	0	0	0	0	0.005	13.4	9	1028	17	1	26	0.4	76	-100	75	2000	100	1	0	0	0	0	0	0	0	1	0	41	0	0	0	76	-4	0	-10	5	
2026-04-28 14:55:00	58.4244	17.47608	13	0	24	0	0	0	0	0.005	13.4	9	1028	17	1	32	0.3	79	-100	75	2000	100	1	0	0	0	0	0	0	0	1	0	40	0	0	0	76	-4	0	-10	5	
2026-04-28 15:00:00	58.42443	17.47806	13	0	25	0	0	0	0	0.005	13.4	9	1028	17	1	31	0.4	88	0	74	2000	100	1	0	0	0	0	0	0	0	1	0	40	0	0	0	75	-4	0	-10	5	
2026-04-28 15:05:00	58.42452	17.47998	13	0	26	0	0	0	0	0.005	13.4	9	1028	17	1	32	0.4	86	0	74	2000	100	1	0	0	0	0	0	0	0	1	0	40	0	0	0	75	-4	0	-10	5	
2026-04-28 15:10:00	58.42452	17.48211	41	0	27	0	0	0	0	0.005	13.4	8	1028	17	1	32	0.4	90	0	74	2000	100	1	0	0	0	0	0	0	0	1	0	40	0	0	0	74	-4	0	-10	5	
2026-04-28 15:15:00	58.42458	17.48406	11	0	28	0	0	0	0	0.005	13.4	8	1028	17	1	57	0.4	86	0	74	2000	100	1	0	0	0	0	0	0	0	1	0	35	0	0	0	73	-4	0	-10	5	
2026-04-28 15:20:00	58.42458	17.48613	11	0	29	0	0	0	0	0.005	13.4	8	1028	17	1	37	0.4	90	100	74	2000	100	1	0	0	0	0	0	0	0	1	0	39	0	0	0	72	-4	0	-10	5	
2026-04-28 15:25:00	58.42458	17.4882	11	0	0	0	0	0	0	0.005	13.4	8	1028	17	1	25	0.4	89	100	74	2000	100	1	0	0	0	0	0	0	0	1	0	41	0	0	0	71	-4	0	-10	5	
2026-04-28 15:30:00	58.42452	17.49024	11	0	1	0	0	0	0	0.005	13.4	8	1028	17	1	30	0.4	94	200	74	2000	100	1	0	0	0	0	0	0	0	1	0	41	0	0	0	70	-4	0	-10	5	
2026-04-28 15:35:00	58.42428	17.49243	11	0	2	0	0	0	0	0.005	13.4	8	1028	17	1	31	0.4	102	200	74	2000	100	1	0	3	0	0	0	0	0	1	0	40	0	0	0	68	-4	0	-10	5	
2026-04-28 15:40:00	58.42491	17.49465	11	0	3	0	0	0	0	0.005	13.4	8	1028	17	1	34	0.5	61	200	74	2000	100	1	0	3	3	0	0	0	0	1	0	39	0	0	0	69	0	1	-10	5	
2026-04-28 15:45:00	58.42605	17.49639	11	0	4	0	0	0	0	0.005	13.4	8	1028	17	1	28	0.5	39	100	74	2000	100	1	0	0	3	3	0	0	0	1	0	41	0	0	0	72	0	0	-10	5	
2026-04-28 15:50:00	58.42614	17.49867	11	0	5	0	0	0	0	0.005	13.4	8	1028	17	1	29	0.4	86	100	74	2000	100	1	0	0	0	3	3	0	0	1	0	40	0	0	0	71	-4	1	-10	5	
2026-04-28 15:55:00	58.42569	17.50083	11	0	6	0	0	0	0	0.005	13.4	8	1028	17	1	27	0.5	112	200	74	2000	100	1	0	3	0	0	3	3	0	1	0	41	0	0	0	69	-4	0	-10	5	
2026-04-28 16:00:00	58.42605	17.50314	11	0	7	0	0	0	0	0.005	13.4	8	1028	17	1	29	0.5	73	200	74	2000	100	1	0	3	3	0	0	3	0	1	0	38	0	0	0	69	0	1	-10	5	
2026-04-28 16:05:00	58.42707	17.50458	11	0	8	0	0	0	0	0.005	13.4	8	1028	17	1	29	0.5	36	100	74	2000	100	1	0	0	3	3	0	0	0	1	0	41	0	0	0	71	0	0	-10	5	
2026-04-28 16:10:00	58.42716	17.50683	11	0	9	0	0	0	0	0.005	13.4	8	1028	17	1	26	0.4	85	100	74	2000	100	1	0	0	0	3	3	0	0	1	0	41	0	0	0	71	-4	1	-10	5	
2026-04-28 16:15:00	58.42686	17.50902	11	0	10	0	0	0	0	0.005	13.4	8	1027	17	1	29	0.4	106	200	74	2000	100	1	0	3	0	0	3	3	0	1	0	41	0	0	0	69	-4	0	-10	5	
2026-04-28 16:20:00	58.4274	17.51181	12	0	11	0	0	0	0	0.005	13.4	8	1028	17	1	28	0.6	69	200	74	2000	100	1	0	3	3	0	0	3	0	1	0	41	0	0	0	69	0	1	-10	5	
2026-04-28 16:25:00	58.42848	17.51382	11	0	12	0	0	0	0	0.005	13.4	8	1028	17	1	29	0.6	44	100	74	2000	100	1	0	0	3	3	0	0	0	1	0	41	0	0	0	72	0	0	-10	5	
2026-04-28 16:30:00	58.42857	17.51598	12	0	13	0	0	0	0	0.005	13.4	8	1028	17	1	27	0.4	86	100	74	2000	100	1	0	0	0	3	3	0	0	1	0	41	0	0	0	71	-4	1	-10	5	
2026-04-28 16:35:00	58.42839	17.51778	11	0	14	0	0	0	0	0.005	13.4	8	1028	17	1	30	0.4	102	200	74	2000	100	1	0	3	0	0	3	3	0	1	0	41	0	0	0	70	-4	0	-10	5	
2026-04-28 16:40:00	58.42914	17.51955	12	0	15	0	0	0	0	0.005	13.4	8	1028	17	1	30	0.4	50	100	74	2000	100	1	0	3	3	0	0	3	0	1	0	40	0	0	0	71	0	1	-10	5	
2026-04-28 16:45:00	58.43028	17.52045	12	0	16	0	0	0	0	0.005	13.4	8	1028	17	2	69	0.5	23	0	74	2000	100	1	0	0	3	3	0	0	0	1	0	33	0	0	0	74	0	0	-10	5	
2026-04-28 16:50:00	58.43076	17.52246	11	0	17	0	0	0	0	0.005	13.4	8	1028	17	1	28	0.4	66	0	74	2000	100	1	0	0	0	3	3	0	0	1	0	41	0	0	0	75	-4	1	-10	5	
2026-04-28 16:55:00	58.43085	17.52435	11	0	18	0	0	0	0	0.005	13.5	8	1028	17	1	30	0.4	85	0	74	2000	100	1	0	0	0	0	3	3	0	1	0	40	0	0	0	74	-4	0	-10	5	
2026-04-28 17:00:00	58.43097	17.52615	12	0	19	0	0	0	0	0.005	13.7	7	1028	17	2	46	0.4	81	0	74	2000	100	1	0	0	0	0	0	3	0	1	0	37	0	0	0	74	-4	0	-10	5	
2026-04-28 17:05:00	58.43118	17.52819	11	0	20	0	0	0	0	0.005	13.8	7	1028	17	1	32	0.4	80	0	74	2000	100	1	0	0	0	0	0	0	0	1	0	40	0	0	0	73	-4	0	-10	5	
2026-04-28 17:10:00	58.43133	17.53014	11	0	21	0	0	0	0	0.005	13.8	7	1028	17	1	28	0.4	81	0	74	2000	100	1	0	0	0	0	0	0	0	1	0	41	0	0	0	73	-4	0	-10	5	
2026-04-28 17:15:00	58.43151	17.53212	11	0	22	0	0	0	0	0.005	13.8	7	1028	17	1	30	0.4	80	100	74	2000	100	1	0	0	0	0	0	0	0	1	0	41	0	0	0	73	-4	0	-10	5	
2026-04-28 17:20:00	58.4316	17.53422	11	0	23	0	0	0	0	0.005	13.8	7	1028	17	1	31	0.4	85	100	74	2000	100	1	0	0	0	0	0	0	0	1	0	40	0	0	0	72	-4	0	-10	5	
2026-04-28 17:25:00	58.43169	17.53602	11	0	24	0	0	0	0	0.005	13.8	7	1028	17	1	27	0.4	85	100	74	2000	100	1	0	0	0	0	0	0	0	1	0	41	0	0	0	72	-4	0	-10	5	
2026-04-28 17:30:00	58.43187	17.53779	12	0	25	0	0	0	0	0.005	13.8	7	1028	17	1	30	0.3	80	100	74	2000	100	1	0	0	0	0	0	0	0	1	0	41	0	0	0	71	-4	0	-10	5	
2026-04-28 17:35:00	58.43214	17.53986	11	0	26	0	0	0	0	0.005	13.7	7	1028	17	1	28	0.4	76	100	74	2000	100	1	0	0	0	0	0	0	0	1	0	41	0	0	0	71	-4	0	-10	5	
2026-04-28 17:40:00	58.43244	17.54175	11	0	27	0	0	0	0	0.005	13.7	7	1028	17	1	27	0.4	72	100	74	2000	100	1	0	0	0	0	0	0	0	1	0	41	0	0	0	71	-4	0	-10	5	
2026-04-28 17:45:00	58.43286	17.54394	11	0	28	0	0	0	0	0.005	13.7	7	1028	17	1	28	0.5	70	100	74	2000	100	1	0	0	0	0	0	0	0	1	0	41	0	0	0	72	-4	0	-10	5	
2026-04-28 17:50:00	58.43319	17.54577	12	0	29	0	0	0	0	0.005	13.7	7	1028	17	1	29	0.4	71	100	74	2000	100	1	0	0	0	0	0	0	0	1	0	41	0	0	0	72	-4	0	-10	5	
2026-04-28 17:55:00	58.4337	17.54742	12	0	0	0	0	0	0	0.005	13.7	7	1028	17	3	67	0.4	59	100	74	2000	100	1	0	0	0	0	0	0	0	1	0	32	1	0	0	73	-4	0	-10	5	
2026-04-28 18:00:00	58.43451	17.54991	40	0	1	0	0	0	0	0.005	13.7	7	1028	17	1	31	0.5	59	0	74	2000	100	1	0	0	0	0	0	0	0	1	0	40	0	0	0	74	-4	0	-10	5	
2026-04-28 18:05:00	58.43514	17.55213	12	0	2	0	0	0	0	0.005	13.6	7	1028	17	1	60	0.5	61	0	75	2000	100	1	0	0	0	0	0	0	0	1	0	35	0	0	0	75	-4	0	-10	5	
2026-04-28 18:10:00	58.43577	17.55486	12	0	3	0	0	0	0	0.005	13.6	6	1028	17	1	29	0.6	67	0	75	2000	100	1	0	0	0	0	0	0	0	1	0	41	0	0	0	76	-4	0	-10	5	
2026-04-28 18:15:00	58.4364	17.55765	11	0	4	0	0	0	0	0.005	13.6	6	1028	17	1	30	0.6	67	-100	75	2000	100	1	0	0	0	0	0	0	0	1	0	41	0	0	0	76	-4	0	-10	5	
2026-04-28 18:20:00	58.43694	17.56029	11	0	5	0	0	0	0	0.005	13.6	6	1028	17	1	29	0.5	69	-100	75	2000	100	1	0	0	0	0	0	0	0	1	0	41	0	0	0	77	-4	0	-10	5	
2026-04-28 18:25:00	58.43748	17.56287	11	0	6	0	0	0	0	0.005	13.6	6	1028	17	1	30	0.5	68	-100	75	2000	100	1	0	0	0	0	0	0	0	1	0	40	0	0	0	77	-4	0	-10	5	
2026-04-28 18:30:00	58.43808	17.56542	12	0	7	0	0	0	0	0.005	13.6	6	1028	17	1	30	0.5	66	-100	75	2000	100	1	0	0	0	0	0	0	0	1	0	41	0	0	0	78	-4	0	-10	5	
2026-04-28 18:35:00	58.43886	17.56839	12	0	8	0	0	0	0	0.005	13.6	6	1028	17	1	31	0.6	64	-200	75	2000	100	1	0	0	0	0	0	0	0	1	0	40	0	0	0	79	-4	0	-10	5	
2026-04-28 18:40:00	58.43949	17.57142	12	0	9	0	0	0	0	0.005	13.6	6	1028	17	1	28	0.6	68	-200	76	2000	100	1	0	0	0	0	0	0	0	1	0	41	0	0	0	80	-4	0	-10	5	
2026-04-28 18:45:00	58.44003	17.57415	12	0	10	0	0	0	0	0.005	13.6	6	1028	17	1	33	0.6	69	-200	76	2000	100	1	0	0	0	0	0	0	0	1	0	40	0	0	0	80	-4	0	-10	5	
2026-04-28 18:50:00	58.44066	17.57694	12	0	11	0	0	0	0	0.005	13.6	6	1028	17	1	33	0.6	67	-200	76	2000	100	1	0	0	0	0	0	0	0	1	0	40	0	0	0	81	-4	0	-10	5	
2026-04-28 18:55:00	58.44135	17.57958	11	0	12	0	0	0	0	0.005	13.6	6	1028	18	1	27	0.6	64	-300	76	2000	100	1	0	0	0	0	0	0	0	1	0	41	0	0	0	82	-4	0	-10	5	
2026-04-28 19:00:00	58.44201	17.58267	12	0	13	0	0	0	0	0.005	13.6	6	1029	18	2	63	0.6	68	-300	76	2000	100	1	0	0	0	0	0	0	0	1	0	34	0	0	0	82	-4	0	-10	5	
2026-04-28 19:05:00	58.44255	17.5854	11	0	14	0	0	0	0	0.005	13.6	6	1028	18	1	29	0.6	69	-300	76	2000	100	1	0	0	0	0	0	0	0	1	0	41	0	0	0	83	-4	0	-10	5	
2026-04-28 19:10:00	58.44309	17.58828	11	0	15	0	0	0	0	0.005	13.6	6	1029	18	1	30	0.6	70	-300	76	2000	100	1	0	0	0	0	0	0	0	1	0	41	0	0	0	83	-4	0	-10	5	
2026-04-28 19:15:00	58.44345	17.59107	12	0	16	0	0	0	0	0.005	13.5	6	1029	18	1	27	0.6	77	-300	76	2000	100	1	0	0	0	0	0	0	0	1	0	41	0	0	0	83	-4	0	-10	5	
2026-04-28 19:20:00	58.44393	17.59386	12	0	17	0	0	0	0	0.005	13.5	6	1029	18	2	44	0.6	71	-300	77	2000	100	1	0	0	0	0	0	0	0	1	0	38	0	0	0	83	-4	0	-10	5	
2026-04-28 19:25:00	58.44441	17.59653	12	0	18	0	0	0	0	0.005	13.5	6	1028	18	1	28	0.6	71	-300	77	2000	100	1	0	0	0	0	0	0	0	1	0	41	0	0	0	84	-4	0	-10	5	
2026-04-28 19:30:00	58.44492	17.59914	12	0	19	0	0	0	0	0.005	13.5	6	1029	18	1	27	0.5	69	-300	77	2000	100	1	0	0	0	0	0	0	0	1	0	41	0	0	0	84	-4	0	-10	5	
2026-04-28 19:35:00	58.44534	17.60178	12	0	20	0	0	0	0	0.005	13.5	6	1029	18	1	30	0.5	73	-300	77	2000	100	1	0	0	0	0	0	0	0	1	0	41	0	0	0	84	-4	0	-10	5	
2026-04-28 19:40:00	58.44564	17.60433	13	0	21	0	0	0	0	0.005	13.5	6	1029	18	2	44	0.5	78	-300	77	2000	100	1	0	0	0	0	0	0	0	1	0	38	0	0	0	84	-4	0	-10	5	
2026-04-28 19:45:00	58.44579	17.607	14	0	22	0	0	0	0	0.005	13.5	6	1029	18	2	53	0.5	84	-300	77	2000	100	1	0	0	0	0	0	0	0	1	0	36	0	0	0	83	-4	0	-10	5	
2026-04-28 19:50:00	58.44597	17.60982	13	0	23	0	0	0	0	0.005	13.5	6	1029	18	1	34	0.5	83	-300	77	2000	100	1	0	0	0	0	0	0	0	1	0	40	0	0	0	83	-4	0	-10	5	
2026-04-28 19:55:00	58.44606	17.6127	13	0	24	0	0	0	0	0.005	13.5	6	1029	18	1	33	0.6	86	-200	76	2000	100	1	0	0	0	0	0	0	0	1	0	40	0	0	0	82	-4	0	-10	5	
2026-04-28 20:00:00	58.44636	17.6157	11	0	25	0	0	0	0	0.005	13.5	6	1029	18	2	46	0.6	79	-200	76	2000	100	1	0	0	0	0	0	0	0	1	0	37	0	0	0	81	-4	0	-10	5	
2026-04-28 20:05:00	58.44651	17.61867	13	0	26	0	0	0	0	0.005	13.5	6	1029	18	2	48	0.6	85	-200	76	2000	100	1	0	0	0	0	0	0	0	1	0	37	0	0	0	80	-4	0	-10	5	
2026-04-28 20:10:00	58.44669	17.62164	13	0	27	0	0	0	0	0.005	13.5	6	1029	18	2	45	0.6	83	-200	76	2000	100	1	0	0	0	0	0	0	0	1	0	37	0	0	0	79	-4	0	-10	5	
2026-04-28 20:25:00	58.44645	17.6304	12	0	0	0	0	0	0	0.005	13.4	6	1029	18	3	79	0.6	97	0	75	2000	100	1	0	0	0	0	0	0	0	1	0	31	0	0	0	75	-4	0	-10	5	
2026-04-28 20:35:00	58.44696	17.63664	41	0	2	0	0	0	0	0.005	13.4	6	1028	18	3	80	0.7	66	0	74	2000	100	1	0	3	3	0	0	0	0	1	0	30	0	0	0	74	0	1	-10	5	
2026-04-28 20:40:00	58.44855	17.63829	11	0	3	0	0	2	0	0.005	13.4	6	1029	18	1	59	0.7	29	-1000	231	2000	100	1	0	2	3	3	0	0	0	1	0	35	0	0	0	243	0	0	-10	5	
2026-04-28 20:45:00	58.45041	17.63841	11	0	4	0	0	0	0	0.005	13.4	6	1029	18	3	90	0.7	2	-1100	231	2000	185	1	0	1	2	3	3	0	0	1	0	2	1	24	0	238	0	2	10	5	
2026-04-28 20:55:00	58.45185	17.63538	11	0	6	0	0	0	0	0.005	13.4	5	1029	18	3	85	0.3	288	-1000	229	2000	185	1	0	1	1	1	2	3	0	1	0	0	0	29	0	232	4	0	10	5	
2026-04-28 21:00:00	58.45197	17.63442	11	0	7	0	0	0	0	0.005	13.4	5	1029	18	1	30	0.2	284	-900	229	2000	185	1	0	1	1	1	1	2	0	1	0	0	1	40	0	230	4	0	10	5	
2026-04-28 21:05:00	58.45236	17.63268	11	0	8	0	0	0	0	0.005	13.4	5	1029	18	3	68	0.4	293	900	229	2000	185	1	0	1	1	1	1	1	0	1	0	0	0	33	0	227	4	0	10	5	
2026-04-28 21:10:00	58.45263	17.63136	11	0	9	0	0	0	0	0.005	13.4	5	1029	18	1	29	0.3	292	900	228	2000	185	1	0	1	1	1	1	1	0	1	0	0	3	38	0	225	4	0	10	5	
2026-04-28 21:15:00	58.45302	17.62941	12	0	10	0	0	0	0	0.005	13.4	5	1029	18	1	29	0.4	292	800	228	2000	185	1	0	1	1	1	1	1	0	1	0	0	0	41	0	222	4	0	10	5	
2026-04-28 21:20:00	58.45332	17.62842	11	0	11	0	0	0	0	0.005	13.4	5	1029	18	1	33	0.2	299	800	227	2000	185	1	0	0	1	1	1	1	0	1	0	0	3	37	0	220	4	0	10	5	
2026-04-28 21:25:00	58.45329	17.63004	13	0	12	0	0	0	0	0.005	13.4	5	1029	18	3	71	0.3	91	900	228	2000	190	1	0	1	0	1	1	1	0	1	0	22	1	8	0	222	-4	2	-10	5	
2026-04-28 21:30:00	58.45395	17.62962	13	0	13	0	0	0	0	0.005	13.4	5	1029	18	1	35	0.2	341	900	227	2000	210	1	0	1	1	0	1	1	0	1	0	10	0	28	0	220	4	2	10	5	
2026-04-28 21:35:00	58.45431	17.62908	13	0	14	0	0	0	0	0.005	13.4	5	1029	18	1	33	0.2	322	1000	227	2000	210	1	0	1	1	1	0	1	0	1	0	0	7	33	0	219	4	0	10	5	
2026-04-28 21:45:00	58.45527	17.62683	12	0	16	0	0	0	0	0.005	13.3	5	1029	18	3	81	0.3	313	1000	226	2000	210	1	0	1	1	1	1	1	0	1	0	0	1	29	0	214	4	0	10	5	
2026-04-28 21:50:00	58.45587	17.62551	12	0	17	0	0	0	0	0.005	13.4	5	1029	18	1	28	0.3	311	1000	225	2000	210	1	0	1	1	1	1	1	0	1	0	0	4	37	0	211	4	0	10	5	
2026-04-28 21:55:00	58.45629	17.62434	12	0	18	0	0	0	0	0.005	13.3	5	1029	18	1	32	0.3	304	1100	225	2000	210	1	0	0	1	1	1	1	0	1	0	0	3	37	0	208	4	0	10	5	
2026-04-28 22:00:00	58.4565	17.62596	12	0	19	0	0	0	0	0.005	13.3	5	1029	18	1	29	0.3	76	1100	225	2000	190	1	0	1	0	1	1	1	0	1	0	30	0	10	0	210	-4	2	-10	5	
2026-04-28 22:05:00	58.45704	17.62563	14	0	20	0	0	0	0	0.005	13.3	5	1029	18	1	28	0.2	343	1200	225	2000	200	1	0	1	1	0	1	1	0	1	0	10	0	30	0	208	4	2	10	5	
2026-04-28 22:10:00	58.45746	17.6253	14	0	21	0	0	0	0	0.005	13.3	5	1029	18	1	30	0.2	339	1200	225	2000	200	1	0	1	1	1	0	1	0	1	0	0	19	21	0	206	4	0	10	5	
2026-04-28 22:20:00	58.45863	17.62362	13	0	23	0	0	0	0	0.005	13.3	5	1029	18	3	97	0.2	321	1300	224	2000	200	1	0	1	1	1	1	1	0	1	0	0	7	20	0	201	4	0	10	5	
2026-04-28 22:25:00	58.45908	17.62272	13	0	24	0	0	0	0	0.005	13.3	5	1029	18	1	29	0.2	314	1400	224	2000	200	1	0	1	1	1	1	1	0	1	0	0	1	40	0	199	4	0	10	5	
2026-04-28 22:30:00	58.45935	17.62197	41	0	25	0	0	0	0	0.005	13.3	5	1029	18	2	60	0.2	304	1400	223	2000	200	1	0	0	1	1	1	1	0	1	0	0	3	32	0	197	4	0	10	5	
2026-04-28 22:35:00	58.45944	17.62314	12	0	26	0	0	0	0	0.005	13.3	5	1029	18	1	54	0.3	82	1400	223	2000	190	1	0	1	0	1	1	1	0	1	0	22	1	12	0	199	-4	2	-10	5	
2026-04-28 22:40:00	58.46013	17.62308	11	0	27	0	0	0	0	0.005	13.3	5	1029	18	1	30	0.3	357	1500	223	2000	220	1	0	0	1	0	1	1	0	1	0	14	0	25	0	196	4	2	10	5	
2026-04-28 22:45:00	58.46031	17.62437	11	0	28	0	0	0	0	0.005	13.3	5	1029	18	1	25	0.3	75	1500	223	2000	215	1	0	0	0	1	0	1	0	1	0	24	0	16	0	198	-4	2	-10	5	
2026-04-28 22:50:00	58.46031	17.62566	12	0	29	0	0	0	0	0.005	13.3	5	1029	18	1	28	0.2	92	1500	224	2000	215	1	0	0	0	0	1	0	0	1	0	41	0	0	0	199	-4	0	-10	5	
2026-04-28 22:55:00	58.46028	17.62677	12	0	0	0	0	0	0	0.005	13.3	5	1029	18	1	30	0.2	93	1500	224	2000	215	1	0	0	0	0	0	1	0	1	0	40	0	0	0	201	-4	0	-10	5	
2026-04-28 23:00:00	58.46034	17.62788	11	0	1	0	0	0	0	0.005	13.3	5	1029	18	1	30	0.2	84	1600	224	2000	215	1	0	0	0	0	0	0	0	1	0	37	4	0	0	202	-4	0	-10	5	
2026-04-28 23:05:00	58.46055	17.62923	11	0	2	0	0	0	0	0.005	13.3	5	1029	18	1	26	0.3	72	1600	224	2000	215	1	0	0	0	0	0	0	0	1	0	40	1	0	0	203	-4	0	-10	5	
2026-04-28 23:10:00	58.46076	17.63016	11	0	3	0	0	0	0	0.005	13.3	5	1029	18	1	28	0.2	68	1600	224	2000	215	1	0	1	0	0	0	0	0	1	0	38	3	0	0	204	-4	0	-10	5	
2026-04-28 23:15:00	58.46139	17.63058	11	0	4	0	0	0	0	0.005	13.3	5	1029	18	1	26	0.3	20	1700	224	2000	240	1	0	0	1	0	0	0	0	1	0	10	10	17	0	203	4	3	10	5	
2026-04-28 23:20:00	58.46163	17.63184	11	0	5	0	0	0	0	0.005	13.3	5	1029	18	1	31	0.3	70	1800	225	2000	225	1	0	0	0	1	0	0	0	1	0	28	0	11	0	203	-4	2	-10	5	
2026-04-28 23:25:00	58.46142	17.63298	11	0	6	0	0	0	0	0.005	13.3	5	1029	18	1	31	0.2	108	1800	225	2000	225	1	0	0	0	0	1	0	0	1	0	40	0	0	0	205	-4	0	-10	5	
2026-04-28 23:30:00	58.46127	17.634	11	0	7	0	0	0	0	0.005	13.3	5	1029	18	1	28	0.2	106	1800	225	2000	225	1	0	0	0	0	0	1	0	1	0	41	0	0	0	207	-4	0	-10	5	
2026-04-28 23:35:00	58.46106	17.63517	11	0	8	0	0	0	0	0.005	13.3	5	1029	18	1	40	0.2	109	1800	225	2000	225	1	0	0	0	0	0	0	0	1	0	39	0	0	0	209	-4	0	-10	5	
2026-04-28 23:40:00	58.46082	17.63637	11	0	9	0	0	0	0	0.005	13.3	5	1029	18	1	25	0.2	111	1800	226	2000	225	1	0	0	0	0	0	0	0	1	0	42	0	0	0	211	-4	0	-10	5	
2026-04-28 23:45:00	58.46091	17.63721	11	0	10	0	0	0	0	0.005	13.3	5	1029	18	1	27	0.2	78	1800	226	2000	225	1	0	1	0	0	0	0	0	1	0	38	3	0	0	212	-4	0	-10	5	
2026-04-28 23:55:00	58.46202	17.63859	11	0	12	0	0	0	0	0.005	13.2	5	1029	18	3	105	0.2	40	2000	226	2000	270	1	0	0	0	1	0	0	0	1	0	9	1	14	0	210	-4	2	-10	5	
2026-04-29 00:00:00	58.4619	17.63955	12	0	13	0	0	0	0	0.005	13.2	5	1029	18	1	44	0.2	103	2000	226	2000	270	1	0	0	0	0	1	0	0	1	0	38	0	0	0	212	-4	0	-10	5	
2026-04-29 00:05:00	58.46184	17.64051	12	0	14	0	0	0	0	0.005	13.2	5	1029	18	2	50	0.2	96	2000	226	2000	270	1	0	0	0	0	0	1	0	1	0	35	2	0	0	213	-4	0	-10	5	
2026-04-29 00:10:00	58.46196	17.64123	13	0	15	0	0	0	0	0.005	13.2	5	1029	18	1	30	0.1	72	2000	226	2000	270	1	0	0	0	0	0	0	0	1	0	38	3	0	0	214	-4	0	-10	5	
2026-04-29 00:15:00	58.46217	17.64186	12	0	16	0	0	0	0	0.005	13.2	5	1029	18	1	31	0.1	57	2100	226	2000	270	1	0	0	0	0	0	0	0	1	0	15	17	8	0	214	-4	0	-10	5	
2026-04-29 00:20:00	58.46235	17.64273	12	0	17	0	0	0	0	0.005	13.2	5	1029	18	2	55	0.2	67	2100	226	2000	270	1	0	1	0	0	0	0	0	1	0	32	3	0	0	215	-4	0	-10	5	
2026-04-29 00:25:00	58.46271	17.64309	13	0	18	0	0	0	0	0.005	13.2	5	1029	18	1	30	0.1	29	2200	226	2000	215	1	0	1	1	0	0	0	0	1	0	5	18	16	0	215	4	2	10	5	
2026-04-29 00:35:00	58.46343	17.64342	13	0	20	0	0	0	0	0.005	13.2	5	1029	18	3	81	0.2	2	2300	226	2000	215	1	0	0	1	1	1	0	0	0	0	0	4	26	0	214	4	0	10	5	
2026-04-29 00:45:00	58.46361	17.64507	11	0	22	0	0	0	0	0.005	13.2	5	1029	18	3	107	0.2	82	2300	226	2000	225	1	0	0	0	0	1	1	0	0	0	25	0	0	0	216	-4	0	-10	5	
2026-04-29 00:50:00	58.46388	17.64543	11	0	23	0	0	0	0	0.005	13.2	5	1029	18	1	30	0.1	34	2400	226	2000	225	1	0	0	0	0	0	1	0	0	0	15	26	0	0	216	-4	0	-10	5	
2026-04-29 00:55:00	58.46424	17.64651	11	0	24	0	0	0	0	0.005	13.2	5	1029	18	3	68	0.2	59	2400	226	2000	225	1	0	1	0	0	0	0	0	0	0	31	2	0	0	217	-4	0	-10	5	
2026-04-29 01:00:00	58.46451	17.64642	12	0	25	0	0	0	0	0.005	13.2	5	1029	18	1	25	0.1	349	2400	226	2000	175	1	0	1	1	0	0	0	0	0	0	20	1	19	0	216	4	2	10	5	
2026-04-29 01:05:00	58.46475	17.64684	11	0	26	0	0	0	0	0.005	13.2	5	1029	18	1	29	0.1	42	2500	226	2000	175	1	0	1	1	1	0	0	0	0	0	0	31	10	0	216	4	0	10	5	
2026-04-29 01:10:00	58.46496	17.64651	12	0	27	0	0	0	0	0.005	13.2	5	1029	18	1	32	0.1	318	2500	226	2000	175	1	0	1	1	1	1	0	0	0	0	18	2	20	0	215	4	0	10	5	
2026-04-29 01:15:00	58.46475	17.64657	11	0	28	0	0	0	0	0.005	13.2	5	1029	18	1	29	0.1	174	2500	226	2000	175	1	0	1	1	1	1	1	0	0	0	0	5	36	0	216	4	0	10	5	
2026-04-29 01:20:00	58.46445	17.64648	11	0	29	0	0	0	0	0.005	13.2	5	1029	18	1	30	0.1	190	2400	226	2000	175	1	0	1	1	1	1	1	0	0	0	0	0	41	0	216	4	0	10	5	
2026-04-29 01:25:00	58.46424	17.64675	11	0	0	0	0	0	0	0.005	13.2	5	1029	18	1	32	0.1	147	2400	226	2000	175	1	0	2	1	1	1	1	0	0	0	0	0	40	0	217	4	0	10	5	
2026-04-29 01:30:00	58.46418	17.64678	11	0	1	0	0	0	0	0.005	13.2	5	1029	18	1	31	0	169	2400	226	2000	175	1	0	2	2	1	1	1	0	0	0	0	2	38	0	217	0	1	10	5	
2026-04-29 01:35:00	58.46412	17.64666	11	0	2	0	0	0	0	0.005	13.2	5	1029	18	3	63	0	228	2400	226	2000	175	1	0	2	2	2	1	1	0	0	0	0	5	29	0	217	0	0	10	5	
2026-04-29 01:40:00	58.464	17.64645	11	0	3	0	0	0	0	0.005	13.2	5	1029	18	1	29	0.1	225	2400	226	2000	175	1	0	2	2	2	2	1	0	0	0	0	1	40	0	217	0	0	10	5	
2026-04-29 01:45:00	58.4637	17.6463	12	0	4	0	0	0	0	0.005	13.2	5	1029	18	1	25	0.1	195	2400	227	2000	175	1	0	2	2	2	2	2	0	0	0	0	2	40	0	217	0	0	10	5	
2026-04-29 01:50:00	58.46322	17.646	12	0	5	0	0	0	0	0.005	13.2	5	1029	18	2	49	0.2	198	2300	227	2000	175	1	0	2	2	2	2	2	0	0	0	0	1	36	0	218	0	0	10	5	
2026-04-29 01:55:00	58.46295	17.64573	11	0	6	0	0	0	0	0.005	13.2	5	1029	18	1	29	0.1	205	2300	227	2000	175	1	0	2	2	2	2	2	0	0	0	0	3	38	0	218	0	0	10	5	
2026-04-29 02:00:00	58.46265	17.64501	11	0	7	0	0	0	0	0.005	13.2	5	1029	18	2	45	0.2	233	2200	227	2000	175	1	0	2	2	2	2	2	0	0	0	0	1	36	0	217	0	0	10	5	
2026-04-29 02:05:00	58.46232	17.64411	11	0	8	0	0	0	0	0.005	13.2	5	1029	18	1	26	0.2	236	2200	227	2000	175	1	0	2	2	2	2	2	0	1	0	0	0	41	0	217	0	0	10	5	
2026-04-29 02:10:00	58.46211	17.6436	11	0	9	0	0	0	0	0.005	13.2	5	1029	18	2	59	0.1	229	2100	227	2000	175	1	0	2	2	2	2	2	0	1	0	0	2	33	0	217	0	0	10	5	
2026-04-29 02:15:00	58.46187	17.64345	11	0	10	0	0	0	0	0.005	13.2	5	1029	18	1	27	0.1	202	2100	227	2000	175	1	0	2	2	2	2	2	0	1	0	0	3	38	0	217	0	0	10	5	
2026-04-29 02:20:00	58.46157	17.64288	12	0	11	0	0	0	0	0.005	13.2	5	1029	18	1	30	0.2	225	2100	227	2000	175	1	0	2	2	2	2	2	0	1	0	0	1	40	0	217	0	0	10	5	
2026-04-29 02:25:00	58.46139	17.64192	11	0	12	0	0	0	0	0.005	13.2	5	1029	18	1	26	0.2	249	2000	227	2000	175	1	0	1	2	2	2	2	0	1	0	0	0	41	0	216	0	0	10	5	
2026-04-29 02:30:00	58.46106	17.64192	12	0	13	0	0	0	0	0.005	13.2	5	1029	18	1	30	0.1	182	2000	227	2000	175	1	0	2	1	2	2	2	0	1	0	0	2	38	0	217	4	1	10	5	
2026-04-29 02:35:00	58.4607	17.64147	11	0	14	0	0	0	0	0.005	13.2	5	1029	18	2	41	0.2	211	1900	227	2000	175	1	0	2	2	1	2	2	0	1	0	0	1	37	0	217	0	1	10	5	
2026-04-29 02:40:00	58.46055	17.64072	13	0	15	0	0	0	0	0.005	13.2	5	1029	18	1	30	0.1	252	1900	227	2000	175	1	0	1	2	2	1	2	0	1	0	0	0	40	0	216	0	0	10	5	
2026-04-29 02:45:00	58.46028	17.64051	11	0	16	0	0	0	0	0.005	13.2	5	1029	18	1	28	0.1	201	1900	227	2000	175	1	0	1	1	2	2	1	0	1	0	0	0	41	0	217	4	1	10	5	
2026-04-29 02:50:00	58.46013	17.6406	12	0	17	0	0	0	0	0.005	13.2	5	1029	18	1	28	0.1	161	1900	227	2000	175	1	0	2	1	1	2	2	0	1	0	0	3	38	0	217	4	0	10	5	
2026-04-29 02:55:00	58.4601	17.64078	11	0	18	0	0	0	0	0.005	13.2	5	1029	18	1	38	0	95	1900	227	2000	175	1	0	1	2	1	1	2	0	1	0	0	7	32	0	218	0	1	10	5	
2026-04-29 03:00:00	58.46007	17.64081	11	0	19	0	0	0	0	0.005	13.2	5	1029	18	1	27	0	163	1900	227	2000	175	1	0	1	1	2	1	1	0	1	0	0	3	38	0	218	4	1	10	5	
2026-04-29 03:05:00	58.46013	17.64096	12	0	20	0	0	0	0	0.005	13.2	5	1029	18	1	28	0	51	1900	227	2000	175	1	0	0	1	1	2	1	0	1	0	0	6	35	0	218	4	0	10	5	
2026-04-29 03:10:00	58.4604	17.64096	11	0	21	0	0	0	0	0.005	13.2	5	1029	18	1	29	0.1	358	1900	227	2000	65	1	0	3	0	1	1	2	0	1	0	13	4	22	0	217	-4	3	-10	5	
2026-04-29 03:15:00	58.46094	17.64099	11	0	22	0	0	0	0	0.005	13.2	5	1029	18	1	25	0.2	3	1900	227	2000	65	1	0	2	3	0	1	1	0	1	0	40	1	0	0	216	0	1	-10	5	
2026-04-29 03:20:00	58.46118	17.64069	14	0	23	0	0	0	0	0.005	13.2	5	1029	18	1	27	0.1	327	2000	226	2000	120	1	0	2	2	3	0	1	0	1	0	29	1	6	0	215	0	2	10	5	
2026-04-29 03:25:00	58.46145	17.64078	41	0	24	0	0	0	0	0.005	13.2	5	1029	18	1	34	0.1	10	2000	226	2000	120	1	0	2	2	2	3	0	0	1	0	8	13	18	0	214	0	2	10	5	
2026-04-29 03:30:00	58.46166	17.6406	12	0	25	0	0	0	0	0.005	13.2	5	1029	18	1	58	0.1	333	2000	226	2000	120	1	0	2	2	2	2	3	0	1	0	20	4	10	0	214	0	2	10	5	
2026-04-29 03:35:00	58.46199	17.6403	12	0	26	0	0	0	0	0.005	13.2	5	1029	18	2	52	0.1	336	2000	226	2000	120	1	0	2	2	2	2	2	0	1	0	0	1	35	0	213	0	0	10	5	
2026-04-29 03:40:00	58.46223	17.63991	11	0	27	0	0	0	0	0.005	13.3	5	1029	18	1	28	0.1	318	2000	226	2000	120	1	0	2	2	2	2	2	0	1	0	13	2	25	0	212	0	2	10	5	
2026-04-29 03:45:00	58.46247	17.63952	12	0	28	0	0	0	0	0.005	13.3	5	1029	18	1	26	0.1	322	2000	226	2000	120	1	0	3	2	2	2	2	0	1	0	10	4	27	0	211	0	1	10	5	
2026-04-29 03:50:00	58.46274	17.63937	12	0	29	0	0	0	0	0.005	13.3	5	1030	18	1	38	0.1	342	2100	226	2000	180	1	0	1	3	2	2	2	0	1	0	7	1	29	0	210	0	2	-10	5	
2026-04-29 03:55:00	58.46304	17.63907	11	0	0	0	0	0	0	0.005	13.3	5	1029	18	1	27	0.1	334	2100	225	2000	180	1	0	0	1	3	2	2	0	1	0	19	7	14	0	209	4	2	10	5	
2026-04-29 04:00:00	58.46343	17.63904	12	0	1	0	0	0	0	0.005	13.4	5	1030	18	1	26	0.1	358	2100	225	2000	145	1	0	2	0	1	3	2	0	1	0	25	4	11	0	209	-4	2	-10	5	
2026-04-29 04:05:00	58.46373	17.63901	11	0	2	0	0	0	0	0.005	13.5	5	1029	18	2	46	0.1	356	2100	225	2000	145	1	0	3	2	0	1	3	0	1	0	35	2	0	0	208	0	1	10	5	
2026-04-29 04:10:00	58.46388	17.6391	12	0	3	0	0	0	0	0.005	13.5	5	1030	18	1	27	0.1	16	2200	225	2000	240	1	0	1	3	2	0	1	0	1	0	0	5	35	0	208	0	1	-10	5	
2026-04-29 04:15:00	58.46415	17.63892	12	0	4	0	0	0	0	0.005	13.7	5	1029	18	1	28	0.1	338	2200	225	2000	240	1	0	1	1	3	2	0	0	1	0	33	2	5	0	207	4	2	10	5	
2026-04-29 04:20:00	58.46418	17.63874	12	0	5	0	0	0	0	0.005	13.8	5	1030	18	1	30	0	303	2200	225	2000	240	1	0	1	1	1	3	2	0	1	0	0	1	39	0	207	4	0	10	5	
2026-04-29 04:25:00	58.46442	17.63886	12	0	6	0	0	0	0	0.005	13.8	5	1030	18	1	29	0.1	15	2200	225	2000	240	1	0	1	1	1	1	3	0	0	0	0	16	25	0	207	4	0	10	5	
2026-04-29 04:35:00	58.46478	17.63835	13	0	8	0	0	0	0	0.005	13.7	5	1030	18	3	91	0.1	333	2200	225	2000	145	1	0	1	0	1	1	1	0	0	0	0	1	27	0	206	-4	1	-10	5	
2026-04-29 04:40:00	58.46511	17.63817	11	0	9	0	0	0	0	0.005	13.6	5	1029	18	2	62	0.1	343	2300	224	2000	270	1	0	3	1	0	1	1	0	0	0	23	1	9	0	205	4	2	10	5	
2026-04-29 04:45:00	58.46559	17.63772	12	0	10	0	0	0	0	0.005	13.6	5	1030	18	1	50	0.2	334	2300	224	2000	270	1	0	2	3	1	0	1	0	0	0	19	2	14	0	204	0	2	-10	5	
2026-04-29 04:50:00	58.46583	17.63706	11	0	11	0	0	0	0	0.005	13.6	6	1030	18	1	33	0.2	306	2300	224	2000	120	1	0	2	2	3	1	0	0	0	0	11	2	26	0	203	0	2	10	5	
2026-04-29 04:55:00	58.46619	17.63646	11	0	12	0	0	0	0	0.005	13.6	6	1030	18	1	28	0.2	318	2300	224	2000	120	1	0	2	2	2	3	1	0	0	0	0	0	41	0	202	0	0	10	5	
2026-04-29 05:00:00	58.46643	17.63586	11	0	13	0	0	0	0	0.005	13.6	6	1030	18	1	30	0.1	307	2300	224	2000	120	1	0	2	2	2	2	3	0	0	0	14	1	22	0	201	0	2	10	5	
2026-04-29 05:05:00	58.46673	17.63508	11	0	14	0	0	0	0	0.005	13.6	6	1030	18	3	71	0.2	306	2400	223	2000	120	1	0	2	2	2	2	2	0	0	0	0	0	32	0	199	0	0	10	5	
2026-04-29 05:10:00	58.46718	17.63466	13	0	15	0	0	0	0	0.005	13.6	6	1030	18	1	31	0.2	333	2400	223	2000	120	1	0	2	2	2	2	2	0	0	0	0	2	38	0	198	0	0	10	5	
2026-04-29 05:15:00	58.46751	17.63406	13	0	16	0	0	0	0	0.005	13.5	6	1030	17	1	30	0.2	319	2400	223	2000	120	1	0	3	2	2	2	2	0	0	0	11	0	28	0	197	0	2	10	5	
2026-04-29 05:20:00	58.46814	17.6337	13	0	17	0	0	0	0	0.005	13.5	6	1030	17	3	75	0.2	343	2500	222	2000	115	1	0	2	3	2	2	2	0	0	0	24	0	6	0	196	0	2	-10	5	
2026-04-29 05:25:00	58.46847	17.63316	13	0	18	0	0	0	0	0.005	13.5	6	1030	17	1	31	0.2	320	2500	222	2000	110	1	0	2	2	3	2	2	0	0	0	14	1	24	0	195	0	2	10	5	
2026-04-29 05:30:00	58.46889	17.63277	41	0	19	0	0	0	0	0.005	13.5	6	1030	17	1	30	0.2	334	2600	222	2000	110	1	0	2	2	2	3	2	0	0	0	17	0	23	0	195	0	1	10	5	
2026-04-29 05:35:00	58.46898	17.63286	11	0	20	0	0	0	0	0.005	13.5	6	1030	17	3	123	0	27	2600	222	2000	110	1	0	2	2	2	2	3	0	0	0	0	3	18	0	195	0	1	10	5	
2026-04-29 05:40:00	58.46907	17.6325	11	0	21	0	0	0	0	0.005	13.5	6	1030	17	1	26	0.1	301	2600	222	2000	110	1	0	2	2	2	2	2	0	0	0	0	2	39	0	194	0	0	10	5	
2026-04-29 05:45:00	58.46919	17.63226	11	0	22	0	0	0	0	0.005	13.5	6	1030	17	1	33	0.1	311	2600	222	2000	110	1	0	2	2	2	2	2	0	0	0	0	1	39	0	194	0	0	10	5	
2026-04-29 05:50:00	58.46943	17.63208	11	0	23	0	0	0	0	0.005	13.5	7	1030	17	1	29	0.1	339	2600	222	2000	110	1	0	3	2	2	2	2	0	0	0	0	0	41	0	194	0	0	10	5	
2026-04-29 05:55:00	58.4697	17.63202	11	0	24	0	0	0	0	0.005	13.5	7	1030	17	1	29	0.1	353	2600	222	2000	140	1	0	1	3	2	2	2	0	0	0	23	3	14	0	193	0	2	-10	5	
2026-04-29 06:00:00	58.47009	17.63199	12	0	25	0	0	0	0	0.005	13.5	7	1030	17	1	32	0.1	357	2700	221	2000	140	1	0	0	1	3	2	2	0	0	0	38	2	0	0	193	4	1	10	5	
2026-04-29 06:05:00	58.47042	17.63193	11	0	26	0	0	0	0	0.005	13.4	7	1030	17	3	68	0.1	355	2700	221	2000	285	1	0	2	0	1	3	2	0	0	0	0	2	30	0	193	-4	1	-10	5	
2026-04-29 06:10:00	58.47075	17.63178	12	0	27	0	0	0	0	0.005	13.4	7	1030	17	1	27	0.1	347	2700	221	2000	285	1	0	3	2	0	1	3	0	0	0	39	1	0	0	192	0	1	10	5	
2026-04-29 06:15:00	58.47111	17.63154	11	0	28	0	0	0	0	0.005	13.4	7	1030	17	1	33	0.1	342	2800	221	2000	25	1	0	2	3	2	0	1	0	0	0	10	3	25	0	192	0	2	-10	5	
2026-04-29 06:20:00	58.47147	17.63151	12	0	29	0	0	0	0	0.005	13.4	8	1030	17	1	27	0.1	358	2800	221	2000	355	1	0	3	2	3	2	0	0	0	0	38	2	0	0	192	0	1	10	5	
2026-04-29 06:25:00	58.47186	17.63145	11	0	0	0	0	0	0	0.005	13.4	8	1031	17	1	29	0.1	356	2900	221	2000	45	1	0	2	3	2	3	2	0	0	0	4	2	33	0	192	0	2	-10	5	
2026-04-29 06:30:00	58.47213	17.63166	12	0	1	0	0	0	0	0.005	13.4	8	1031	17	2	54	0.1	22	2900	221	2000	35	1	0	2	2	3	2	3	0	0	0	12	9	13	0	192	0	2	10	5	
2026-04-29 06:35:00	58.47243	17.63181	11	0	2	0	0	0	0	0.005	13.4	8	1030	17	1	29	0.1	12	2900	221	2000	35	1	0	2	2	2	3	2	0	0	0	10	9	20	0	192	0	2	10	5	
2026-04-29 06:40:00	58.47282	17.6319	12	0	3	0	0	0	0	0.005	13.4	8	1030	17	1	29	0.1	7	3000	220	2000	35	1	0	3	2	2	2	3	0	0	0	39	1	0	0	192	0	1	10	5	
2026-04-29 06:45:00	58.47324	17.63196	12	0	4	0	0	0	0	0.005	13.4	8	1031	17	1	31	0.2	4	3000	220	2000	70	1	0	2	3	2	2	2	0	0	0	16	9	10	0	191	0	3	-10	5	
2026-04-29 06:50:00	58.47369	17.63193	11	0	5	0	0	0	0	0.005	13.4	9	1030	17	1	29	0.2	359	3100	220	2000	200	1	0	0	2	3	2	2	0	0	0	39	1	0	0	191	0	1	10	5	
2026-04-29 06:55:00	58.47435	17.63205	11	0	6	0	0	0	0	0.005	13.4	9	1031	17	1	26	0.2	5	3100	220	2000	200	1	0	1	0	2	3	2	0	0	0	22	1	17	0	191	-4	2	-10	5	
2026-04-29 07:00:00	58.47486	17.63187	13	0	7	0	0	0	0	0.005	13.4	9	1030	17	3	59	0.2	351	3200	220	2000	140	1	0	1	1	0	2	3	0	0	0	25	1	8	0	191	4	2	10	5	
2026-04-29 07:05:00	58.47486	17.63115	12	0	8	0	0	0	0	0.005	13.4	9	1031	17	1	27	0.1	270	3200	220	2000	140	1	0	1	1	1	0	2	0	0	0	0	0	41	0	190	4	0	10	5	
2026-04-29 07:10:00	58.47483	17.631	12	0	9	0	0	0	0	0.005	13.4	9	1031	17	1	31	0	252	3200	220	2000	140	1	0	1	1	1	1	0	0	0	0	0	1	39	0	190	4	0	10	5	
2026-04-29 07:15:00	58.47492	17.63037	12	0	10	0	0	0	0	0.005	13.4	9	1031	17	1	28	0.1	284	3200	219	2000	140	1	0	1	1	1	1	1	0	0	0	0	1	40	0	189	4	0	10	5	
2026-04-29 07:20:00	58.47465	17.63001	12	0	11	0	0	0	0	0.005	13.4	10	1031	17	1	26	0.1	215	3100	219	2000	140	1	0	1	1	1	1	1	0	0	0	0	0	41	0	189	4	0	10	5	
2026-04-29 07:25:00	58.47447	17.63004	12	0	12	0	0	0	0	0.005	13.7	10	1030	17	1	32	0.1	179	3100	220	2000	140	1	0	1	1	1	1	1	0	0	0	0	0	40	0	189	4	0	10	5	
2026-04-29 07:30:00	58.47435	17.63001	11	0	13	0	0	0	0	0.005	13.6	10	1030	17	1	31	0.1	187	3100	220	2000	140	1	0	1	1	1	1	1	0	0	0	0	0	40	0	189	4	0	10	5	
2026-04-29 07:35:00	58.4742	17.62998	11	0	14	0	0	0	0	0.005	13.6	10	1030	17	1	28	0	186	3100	220	2000	140	1	0	1	1	1	1	1	0	0	0	0	0	41	0	189	4	0	10	5	
2026-04-29 07:40:00	58.47402	17.62995	13	0	15	0	0	0	0	0.005	13.6	10	1030	17	1	26	0.1	184	3100	220	2000	140	1	0	1	1	1	1	1	0	0	0	0	0	41	0	189	4	0	10	5	
2026-04-29 07:45:00	58.47387	17.62998	11	0	16	0	0	0	0	0.005	13.6	10	1030	17	2	49	0.1	172	3100	220	2000	140	1	0	1	1	1	1	1	0	0	0	0	0	37	0	189	4	0	10	5	
2026-04-29 07:50:00	58.47372	17.62995	13	0	17	0	0	0	0	0.005	13.6	10	1031	17	1	29	0.1	184	3000	220	2000	140	1	0	1	1	1	1	1	0	0	0	0	0	41	0	189	4	0	10	5	
2026-04-29 07:55:00	58.47372	17.62989	17	0	18	0	0	0	0	0.005	13.6	10	1030	17	2	51	0	270	3000	220	2000	140	1	0	0	1	1	1	1	0	0	0	0	0	36	0	189	4	0	10	5	
2026-04-29 08:00:00	58.47429	17.631	40	0	19	0	0	0	0	0.005	13.6	10	1031	17	1	32	0.3	44	3100	220	2000	135	1	0	1	0	1	1	1	0	0	0	25	0	14	0	190	-4	2	-10	5	
2026-04-29 08:05:00	58.47447	17.63043	11	0	20	0	0	0	0	0.005	13.6	10	1030	17	1	61	0.1	297	3100	220	2000	155	1	0	1	1	0	1	1	0	0	0	14	0	19	0	189	4	2	10	5	
2026-04-29 08:10:00	58.47405	17.62989	11	0	21	0	0	0	0	0.005	13.5	10	1031	17	1	32	0.2	213	3100	220	2000	155	1	0	1	1	1	0	1	0	0	0	0	0	40	0	189	4	0	10	5	
2026-04-29 08:15:00	58.47369	17.62941	11	0	22	0	0	0	0	0.005	13.5	10	1030	17	1	27	0.2	215	3000	220	2000	155	1	0	1	1	1	1	0	0	0	0	0	0	41	0	189	4	0	10	5	
2026-04-29 08:20:00	58.47333	17.62875	11	0	23	0	0	0	0	0.005	13.5	10	1031	17	1	29	0.2	224	3000	220	2000	155	1	0	1	1	1	1	1	0	0	0	0	0	41	0	188	4	0	10	5	
2026-04-29 08:25:00	58.47315	17.62833	11	0	24	0	0	0	0	0.005	13.5	10	1030	17	1	32	0.1	231	3000	220	2000	155	1	0	1	1	1	1	1	0	0	0	0	0	40	0	188	4	0	10	5	
2026-04-29 08:30:00	58.47291	17.62761	11	0	25	0	0	0	0	0.005	13.5	10	1031	17	1	25	0.2	238	2900	220	2000	155	1	0	1	1	1	1	1	0	0	0	0	0	42	0	187	4	0	10	5	
2026-04-29 08:35:00	58.47264	17.62686	11	0	26	0	0	0	0	0.005	13.5	10	1031	17	3	73	0.2	237	2900	219	2000	155	1	0	1	1	1	1	1	0	0	0	0	1	31	0	186	4	0	10	5	
2026-04-29 08:40:00	58.47249	17.62599	12	0	27	0	0	0	0	0.005	13.5	10	1031	17	1	25	0.2	251	2900	219	2000	155	1	0	1	1	1	1	1	0	0	0	0	1	41	0	185	4	0	10	5	
2026-04-29 08:45:00	58.47231	17.62524	13	0	28	0	0	0	0	0.005	13.5	10	1031	17	2	52	0.2	246	2900	219	2000	155	1	0	1	1	1	1	1	0	0	0	0	0	36	0	184	4	0	10	5	
2026-04-29 08:50:00	58.47213	17.62431	12	0	29	0	0	0	0	0.005	13.5	10	1031	17	1	31	0.2	248	2800	219	2000	155	1	0	1	1	1	1	1	0	0	0	0	0	40	0	183	4	0	10	5	
2026-04-29 08:55:00	58.47186	17.6232	11	0	0	0	0	0	0	0.005	13.5	10	1031	17	1	43	0.2	245	2800	219	2000	155	1	0	1	1	1	1	1	0	0	0	0	0	38	0	182	4	0	10	5	
2026-04-29 09:00:00	58.47165	17.62218	12	0	1	0	0	0	0	0.005	13.5	9	1031	17	1	27	0.2	250	2800	219	2000	155	1	0	1	1	1	1	1	0	0	0	0	2	39	0	181	4	0	10	5	
2026-04-29 09:05:00	58.4715	17.62104	11	0	2	0	0	0	0	0.005	13.5	9	1031	17	1	29	0.2	254	2800	219	2000	155	1	0	0	1	1	1	1	0	0	0	0	0	41	0	179	4	0	10	5	
2026-04-29 09:15:00	58.47276	17.62236	11	0	4	0	0	0	0	0.005	13.4	9	1031	17	3	80	0.2	331	2900	218	2000	170	1	0	1	1	0	1	1	0	0	0	10	1	18	0	181	4	2	10	5	
2026-04-29 09:20:00	58.47264	17.6211	12	0	5	0	0	0	0	0.005	13.4	9	1031	17	1	27	0.2	259	2900	218	2000	170	1	0	1	1	1	0	1	0	0	0	0	0	41	0	179	4	0	10	5	
2026-04-29 09:25:00	58.47252	17.61957	12	0	6	0	0	0	0	0.005	13.4	9	1031	17	1	31	0.3	262	2900	218	2000	170	1	0	1	1	1	1	0	0	0	0	0	0	40	0	178	4	0	10	5	
2026-04-29 09:30:00	58.4724	17.61819	12	0	7	0	0	0	0	0.005	13.4	9	1031	17	1	29	0.3	261	2900	218	2000	170	1	0	1	1	1	1	1	0	0	0	0	2	39	0	176	4	0	10	5	
2026-04-29 09:35:00	58.47246	17.61663	11	0	8	0	0	0	0	0.005	13.4	9	1031	17	2	49	0.3	275	2900	217	2000	170	1	0	1	1	1	1	1	0	0	0	0	1	36	0	174	4	0	10	5	
2026-04-29 09:40:00	58.4724	17.6154	12	0	9	0	0	0	0	0.005	13.4	9	1031	17	1	30	0.2	263	2900	217	2000	170	1	0	0	1	1	1	1	0	0	0	0	0	41	0	173	4	0	10	5	
2026-04-29 09:45:00	58.47291	17.61723	12	0	10	0	0	0	0	0.005	13.4	9	1031	17	1	32	0.4	61	2900	217	2000	160	1	0	1	0	1	1	1	0	0	0	30	0	9	0	175	-4	2	-10	5	
2026-04-29 09:50:00	58.47333	17.61633	12	0	11	0	0	0	0	0.005	13.4	9	1031	17	1	33	0.2	311	3000	217	2000	175	1	0	0	1	0	1	1	0	0	0	9	0	30	0	174	4	2	10	5	
2026-04-29 09:55:00	58.47381	17.61837	13	0	12	0	0	0	0	0.005	13.4	9	1031	17	1	30	0.4	66	3000	217	2000	180	1	0	0	0	1	0	1	0	0	0	31	0	8	0	176	-4	2	-10	5	
2026-04-29 10:00:00	58.47372	17.62116	12	0	13	0	0	0	0	0.005	13.4	9	1031	17	2	59	0.5	93	3000	218	2000	180	1	0	0	0	0	1	0	0	0	0	35	0	0	0	179	-4	0	-10	5	
2026-04-29 10:05:00	58.47378	17.62362	13	0	14	0	0	0	0	0.005	13.4	9	1031	17	1	29	0.5	88	3000	218	2000	180	1	0	0	0	0	0	1	0	0	0	41	0	0	0	182	-4	0	-10	5	
2026-04-29 10:10:00	58.47366	17.62629	14	0	15	0	0	0	0	0.005	13.4	9	1031	17	1	31	0.5	95	3000	219	2000	180	1	0	0	0	0	0	0	0	0	0	40	0	0	0	185	-4	0	-10	5	
2026-04-29 10:15:00	58.47366	17.62854	12	0	16	0	0	0	0	0.005	13.4	9	1031	17	1	29	0.4	91	3000	219	2000	180	1	0	0	0	0	0	0	0	0	0	41	0	0	0	188	-4	0	-10	5	
2026-04-29 10:20:00	58.4736	17.631	41	0	17	0	0	0	0	0.005	13.4	9	1031	17	1	31	0.4	92	3000	220	2000	180	1	0	1	0	0	0	0	0	0	0	40	0	0	0	190	-4	0	-10	5	
2026-04-29 10:25:00	58.47408	17.63043	11	0	18	0	0	0	0	0.005	13.4	9	1031	17	2	77	0.2	328	3100	220	2000	200	1	0	0	1	0	0	0	0	0	0	8	0	22	0	190	4	2	10	5	
2026-04-29 10:30:00	58.47441	17.63217	13	0	19	0	0	0	0	0.005	13.4	9	1031	17	1	32	0.4	70	3100	220	2000	190	1	0	1	0	1	0	0	0	0	0	29	1	8	0	191	-4	2	-10	5	
2026-04-29 10:35:00	58.47501	17.63157	12	0	20	0	0	0	0	0.005	13.4	8	1031	17	2	60	0.2	333	3200	220	2000	190	1	0	0	1	0	1	0	0	0	0	11	0	22	0	190	4	2	10	5	
2026-04-29 10:40:00	58.47534	17.63346	11	0	21	0	0	0	0	0.005	13.4	8	1031	17	2	45	0.4	70	3300	220	2000	190	1	0	1	0	1	0	1	0	0	0	28	0	8	0	192	-4	2	-10	5	
2026-04-29 10:45:00	58.47573	17.63241	11	0	22	0	0	0	0	0.005	13.4	8	1031	17	1	29	0.2	305	3300	220	2000	180	1	0	1	1	0	1	0	0	0	0	9	0	31	0	191	4	2	10	5	
2026-04-29 10:50:00	58.47621	17.63163	11	0	23	0	0	0	0	0.005	13.3	8	1031	17	1	28	0.2	320	3300	219	2000	180	1	0	1	1	1	0	1	0	0	0	0	7	34	0	190	4	0	10	5	
2026-04-29 10:55:00	58.47639	17.62968	11	0	24	0	0	0	0	0.005	13.3	8	1030	17	1	28	0.4	279	3300	219	2000	180	1	0	1	1	1	1	0	0	0	0	0	0	41	0	188	4	0	10	5	
2026-04-29 11:00:00	58.47678	17.6277	11	0	25	0	0	0	0	0.005	13.3	8	1031	17	1	32	0.4	291	3400	218	2000	180	1	0	1	1	1	1	1	0	0	0	0	2	38	0	186	4	0	10	5	
2026-04-29 11:05:00	58.47711	17.6256	12	0	26	0	0	0	0	0.005	13.3	8	1030	17	1	27	0.4	287	3400	218	2000	180	1	0	1	1	1	1	1	0	0	0	0	4	37	0	184	4	0	10	5	
2026-04-29 11:10:00	58.47735	17.6241	12	0	27	0	0	0	0	0.005	13.3	8	1030	17	1	36	0.3	287	3400	217	2000	180	1	0	0	1	1	1	1	0	0	0	0	1	38	0	182	4	0	10	5	
2026-04-29 11:15:00	58.47765	17.62647	11	0	28	0	0	0	0	0.005	13.3	8	1030	17	1	29	0.5	76	3500	218	2000	180	1	0	1	0	1	1	1	0	0	0	34	0	6	0	185	-4	2	-10	5	
2026-04-29 11:20:00	58.47804	17.62539	11	0	29	0	0	0	0	0.005	13.3	8	1030	17	1	30	0.3	305	3500	217	2000	185	1	0	1	1	0	1	1	0	0	0	8	0	31	0	184	4	2	10	5	
2026-04-29 11:25:00	58.47819	17.62401	11	0	0	0	0	0	0	0.005	13.3	8	1030	17	1	31	0.3	280	3500	217	2000	185	1	0	1	1	1	0	1	0	0	0	0	2	38	0	182	4	0	10	5	
2026-04-29 11:30:00	58.47849	17.62221	12	0	1	0	0	0	0	0.005	13.3	8	1030	17	1	29	0.4	288	3500	217	2000	185	1	0	1	1	1	1	0	0	0	0	0	1	40	0	181	4	0	10	5	
2026-04-29 11:35:00	58.47858	17.62041	12	0	2	0	0	0	0	0.005	13.3	8	1030	17	1	27	0.3	275	3500	216	2000	185	1	0	1	1	1	1	1	0	0	0	0	0	41	0	179	4	0	10	5	
2026-04-29 11:40:00	58.47879	17.61861	11	0	3	0	0	0	0	0.005	13.6	8	1030	17	1	31	0.4	283	3600	216	2000	185	1	0	0	1	1	1	1	0	0	0	0	3	37	0	177	4	0	10	5	
2026-04-29 11:45:00	58.47888	17.62164	11	0	4	0	0	0	0	0.005	13.6	8	1030	17	1	29	0.6	87	3600	216	2000	185	1	0	0	0	1	1	1	0	0	0	34	0	6	0	180	-4	2	-10	5	
2026-04-29 11:50:00	58.47885	17.62494	11	0	5	0	0	0	0	0.005	13.6	8	1030	17	1	28	0.6	91	3600	217	2000	185	1	0	0	0	0	1	1	0	0	0	37	4	0	0	183	-4	0	-10	5	
2026-04-29 11:55:00	58.47879	17.62758	11	0	6	0	0	0	0	0.005	13.6	8	1030	17	1	32	0.5	92	3600	218	2000	185	1	0	0	0	0	0	1	0	0	0	40	0	0	0	186	-4	0	-10	5	
2026-04-29 12:00:00	58.47861	17.63133	12	0	7	0	0	0	0	0.005	13.6	8	1030	17	1	27	0.7	95	3600	218	2000	185	1	0	1	0	0	0	0	0	0	0	41	0	0	0	189	-4	0	-10	5	
2026-04-29 12:05:00	58.47924	17.63076	11	0	8	0	0	0	0	0.005	13.6	8	1030	17	1	31	0.3	335	3700	218	2000	200	1	0	0	1	0	0	0	0	0	0	7	0	32	0	188	4	2	10	5	
2026-04-29 12:10:00	58.47918	17.63445	11	0	9	0	0	0	0	0.005	13.5	8	1030	17	1	30	0.7	92	3700	219	2000	200	1	0	0	0	1	0	0	0	0	0	40	0	0	0	192	-4	1	-10	5	
2026-04-29 12:15:00	58.47888	17.63796	12	0	10	0	0	0	0	0.005	13.5	8	1030	17	2	53	0.7	99	3700	220	2000	200	1	0	0	0	0	1	0	0	0	0	36	0	0	0	195	-4	0	-10	5	
2026-04-29 12:20:00	58.47864	17.64147	12	0	11	0	0	0	0	0.005	13.5	8	1030	17	1	28	0.7	97	3700	220	2000	200	1	0	0	0	0	0	1	0	0	0	40	1	0	0	198	-4	0	-10	5	
2026-04-29 12:25:00	58.47852	17.64447	13	0	12	0	0	0	0	0.005	13.5	8	1030	17	1	30	0.6	95	3800	221	2000	200	1	0	0	0	0	0	0	0	0	0	40	0	0	0	201	-4	0	-10	5	
2026-04-29 12:30:00	58.47807	17.64822	13	0	13	0	0	0	0	0.005	13.5	8	1030	17	1	29	0.7	103	3800	222	2000	200	1	0	0	0	0	0	0	0	0	0	41	0	0	0	204	-4	0	-10	5	
2026-04-29 12:35:00	58.47804	17.65161	13	0	14	0	0	0	0	0.005	13.5	8	1030	17	1	33	0.7	91	3900	223	2000	200	1	0	1	0	0	0	0	0	0	0	40	0	0	0	207	-4	0	-10	5	
2026-04-29 12:40:00	58.4784	17.65077	13	0	15	0	0	0	0	0.005	13.5	8	1030	17	1	34	0.2	311	3900	222	2000	190	1	0	1	1	0	0	0	0	0	0	6	1	32	0	206	4	2	10	5	
2026-04-29 12:45:00	58.47864	17.64864	13	0	16	0	0	0	0	0.005	13.5	8	1030	17	1	31	0.4	282	3900	222	2000	190	1	0	1	1	1	0	0	0	0	0	0	0	40	0	204	4	0	10	5	
2026-04-29 12:50:00	58.4787	17.64648	13	0	17	0	0	0	0	0.005	13.5	8	1030	17	1	30	0.4	272	3800	221	2000	190	1	0	1	1	1	1	0	0	0	0	0	0	41	0	202	4	0	10	5	
2026-04-29 12:55:00	58.47894	17.64468	13	0	18	0	0	0	0	0.005	13.5	7	1030	17	2	49	0.4	285	3800	221	2000	190	1	0	1	1	1	1	1	0	0	0	0	1	36	0	200	4	0	10	5	
2026-04-29 13:00:00	58.47915	17.64291	13	0	19	0	0	0	0	0.005	13.5	7	1030	17	2	54	0.3	283	3800	221	2000	190	1	0	1	1	1	1	1	0	0	0	0	0	36	0	199	4	0	10	5	
2026-04-29 13:05:00	58.47927	17.64066	13	0	20	0	0	0	0	0.005	13.5	7	1029	17	1	28	0.4	275	3800	220	2000	190	1	0	0	1	1	1	1	0	0	0	0	0	41	0	197	4	0	10	5	
2026-04-29 13:10:00	58.47942	17.64291	13	0	21	0	0	0	0	0.005	13.5	7	1030	17	2	53	0.4	82	3800	221	2000	180	1	0	1	0	1	1	1	0	0	0	28	0	7	0	199	-4	2	-10	5	
2026-04-29 13:30:00	58.48044	17.6361	16	0	25	0	0	0	0	0.005	13.4	7	1029	18	3	106	0.6	279	3800	219	2000	190	1	0	1	1	1	1	1	0	0	0	0	0	25	0	193	4	0	10	5	
2026-04-29 13:35:00	58.48077	17.63361	15	0	26	0	0	0	0	0.005	13.4	7	1029	18	2	54	0.5	285	3900	218	2000	190	1	0	1	1	1	1	1	0	0	0	0	0	36	0	190	4	0	10	5	
2026-04-29 13:40:00	58.48095	17.63142	41	0	27	0	0	0	0	0.005	13.4	7	1029	18	3	81	0.4	279	3900	218	2000	190	1	0	0	1	1	1	1	0	0	0	0	0	30	0	189	4	0	10	5	
2026-04-29 13:45:00	58.4808	17.63367	11	0	28	0	0	0	0	0.005	13.4	7	1029	18	1	57	0.5	98	3900	218	2000	190	1	0	1	0	1	1	1	0	0	0	27	0	7	0	190	-4	2	-10	5	
2026-04-29 13:50:00	58.48176	17.63193	13	0	29	0	0	0	0	0.005	13.4	7	1029	18	1	29	0.5	317	3900	218	2000	210	1	0	0	1	0	1	1	0	0	0	6	1	29	0	189	4	2	10	5	
2026-04-29 13:55:00	58.4817	17.63388	11	0	0	0	0	0	0	0.005	13.4	7	1029	18	1	32	0.4	94	4000	218	2000	210	1	0	0	0	1	0	1	0	0	0	32	0	7	0	190	-4	2	-10	5	
2026-04-29 14:00:00	58.4811	17.63694	11	0	1	0	0	0	0	0.005	13.4	7	1029	18	3	81	0.6	111	3900	219	2000	210	1	0	0	0	0	1	0	0	0	0	30	0	0	0	193	-4	0	-10	5	
2026-04-29 14:05:00	58.48053	17.64006	12	0	2	0	0	0	0	0.005	13.4	7	1029	18	1	27	0.6	109	3900	220	2000	210	1	0	0	0	0	0	1	0	0	0	41	0	0	0	196	-4	0	-10	5	
2026-04-29 14:10:00	58.47987	17.64306	13	0	3	0	0	0	0	0.005	13.4	7	1029	18	1	32	0.6	113	3900	220	2000	210	1	0	0	0	0	0	0	0	0	0	40	0	0	0	199	-4	0	-10	5	
2026-04-29 14:15:00	58.47924	17.64627	11	0	4	0	0	0	0	0.005	13.8	7	1029	18	3	70	0.7	111	3900	221	2000	210	1	0	0	0	0	0	0	0	0	0	33	0	0	0	202	-4	0	-10	5	
2026-04-29 14:20:00	58.47846	17.64984	12	0	5	0	0	0	0	0.005	13.7	7	1029	18	2	49	0.7	113	3900	222	2000	210	1	0	1	0	0	0	0	0	0	0	37	0	0	0	205	-4	0	-10	5	
2026-04-29 14:25:00	58.47906	17.64837	11	0	6	0	0	0	0	0.005	13.6	7	1029	18	1	27	0.4	308	3900	222	2000	210	1	0	0	1	0	0	0	0	0	0	8	0	32	0	203	4	2	10	5	
2026-04-29 14:30:00	58.47885	17.65068	12	0	7	0	0	0	0	0.005	13.6	7	1029	18	1	29	0.5	100	4000	222	2000	200	1	0	1	0	1	0	0	0	0	0	34	0	6	0	205	-4	2	-10	5	
2026-04-29 14:35:00	58.47942	17.64894	12	0	8	0	0	0	0	0.005	13.6	7	1029	18	1	31	0.4	303	4000	222	2000	200	1	0	1	1	0	1	0	0	0	0	6	0	33	0	204	4	2	10	5	
2026-04-29 14:40:00	58.47984	17.64651	12	0	9	0	0	0	0	0.005	13.6	7	1029	17	1	29	0.5	288	4000	221	2000	200	1	0	1	1	1	0	1	0	0	0	0	0	41	0	201	4	0	10	5	
2026-04-29 14:45:00	58.48035	17.64402	12	0	10	0	0	0	0	0.005	13.6	7	1029	18	1	28	0.5	291	4000	220	2000	200	1	0	1	1	1	1	0	0	0	0	0	0	41	0	199	4	0	10	5	
2026-04-29 14:50:00	58.48125	17.64099	11	0	11	0	0	0	0	0.005	13.6	7	1028	18	2	58	0.7	300	4000	220	2000	200	1	0	0	1	1	1	1	0	0	0	0	0	35	0	196	4	0	10	5	
2026-04-29 14:55:00	58.48065	17.64432	11	0	12	0	0	0	0	0.005	13.6	7	1029	18	1	30	0.7	109	4000	220	2000	205	1	0	0	0	1	1	1	0	0	0	33	0	6	0	199	-4	2	-10	5	
2026-04-29 15:00:00	58.47978	17.64729	11	0	13	0	0	0	0	0.005	13.6	7	1028	18	1	33	0.7	120	4000	221	2000	205	1	0	0	0	0	1	1	0	0	0	40	0	0	0	202	-4	0	-10	5	
2026-04-29 15:05:00	58.47894	17.65023	12	0	14	0	0	0	0	0.005	13.5	7	1028	18	2	51	0.6	119	3900	222	2000	205	1	0	0	0	0	0	1	0	0	0	36	0	0	0	205	-4	0	-10	5	
2026-04-29 15:10:00	58.47798	17.65344	13	0	15	0	0	0	0	0.005	13.5	6	1028	18	1	37	0.7	120	3900	223	2000	205	1	0	0	0	0	0	0	0	0	0	39	0	0	0	208	-4	0	-10	5	
2026-04-29 15:15:00	58.47714	17.65641	13	0	16	0	0	0	0	0.005	13.5	6	1028	18	1	34	0.6	118	3900	224	2000	205	1	0	1	0	0	0	0	0	0	0	40	0	0	0	211	-4	0	-10	5	
2026-04-29 15:20:00	58.47774	17.65494	14	0	17	0	0	0	0	0.005	13.5	6	1028	18	1	30	0.4	308	4000	223	2000	210	1	0	0	1	0	0	0	0	0	0	6	1	32	0	209	4	2	10	5	
2026-04-29 15:25:00	58.47732	17.65782	41	0	18	0	0	0	0	0.005	13.5	6	1028	18	1	31	0.5	105	4000	224	2000	205	1	0	1	0	1	0	0	0	0	0	33	0	6	0	212	-4	2	-10	5	
2026-04-29 15:30:00	58.47792	17.65683	12	0	19	0	0	0	0	0.005	13.5	6	1028	18	1	61	0.3	318	4000	224	2000	210	1	0	1	1	0	1	0	0	0	0	6	0	27	0	211	4	2	10	5	
2026-04-29 15:35:00	58.47828	17.65452	12	0	20	0	0	0	0	0.005	13.5	6	1028	18	1	32	0.5	286	4000	223	2000	210	1	0	1	1	1	0	1	0	0	0	0	1	39	0	209	4	0	10	5	
2026-04-29 15:40:00	58.4787	17.65191	12	0	21	0	0	0	0	0.005	13.5	6	1028	18	1	29	0.5	287	4000	222	2000	210	1	0	1	1	1	1	0	0	0	0	0	0	41	0	206	4	0	10	5	
2026-04-29 15:45:00	58.47909	17.6499	12	0	22	0	0	0	0	0.005	13.5	6	1028	18	1	26	0.4	291	4000	222	2000	210	1	0	1	1	1	1	1	0	0	0	0	0	41	0	205	4	0	10	5	
2026-04-29 15:50:00	58.47966	17.64699	12	0	23	0	0	0	0	0.005	13.5	6	1028	18	1	31	0.6	290	3900	221	2000	210	1	0	1	1	1	1	1	0	0	0	0	0	40	0	202	4	0	10	5	
2026-04-29 15:55:00	58.48011	17.64456	12	0	24	0	0	0	0	0.005	13.5	6	1028	18	1	31	0.5	290	3900	221	2000	210	1	0	0	1	1	1	1	0	0	0	0	0	40	0	200	4	0	10	5	
2026-04-29 16:00:00	58.4796	17.64756	12	0	25	0	0	0	0	0.005	13.5	6	1028	18	1	29	0.6	108	4000	221	2000	200	1	0	1	0	1	1	1	0	0	0	35	0	5	0	202	-4	2	-10	5	
2026-04-29 16:05:00	58.48023	17.64591	13	0	26	0	0	0	0	0.005	13.5	6	1028	18	1	33	0.4	306	4000	221	2000	205	1	0	0	1	0	1	1	0	0	0	7	0	32	0	201	4	2	10	5	
2026-04-29 16:10:00	58.47987	17.64882	13	0	27	0	0	0	0	0.005	13.4	6	1028	18	1	33	0.6	103	4000	221	2000	205	1	0	1	0	1	0	1	0	0	0	32	1	6	0	203	-4	2	-10	5	
2026-04-29 16:15:00	58.48047	17.6472	14	0	28	0	0	0	0	0.005	13.4	6	1028	18	1	28	0.4	305	4000	221	2000	200	1	0	0	1	0	1	0	0	0	0	6	0	34	0	202	4	2	10	5	
2026-04-29 16:20:00	58.48002	17.64999	13	0	29	0	0	0	0	0.005	13.4	6	1028	18	1	30	0.6	108	4100	222	2000	205	1	0	0	0	1	0	1	0	0	0	33	0	4	0	204	-4	2	-10	5	
2026-04-29 16:25:00	58.47909	17.65308	14	0	0	0	0	0	0	0.005	13.4	6	1028	18	1	39	0.7	120	4000	223	2000	205	1	0	0	0	0	1	0	0	0	0	39	0	0	0	207	-4	0	-10	5	
2026-04-29 16:30:00	58.47825	17.65611	14	0	1	0	0	0	0	0.005	13.4	6	1028	18	1	35	0.7	118	4000	223	2000	205	1	0	0	0	0	0	1	0	0	0	40	0	0	0	210	-4	0	-10	5	
2026-04-29 16:35:00	58.47744	17.65902	13	0	2	0	0	0	0	0.005	13.4	6	1028	18	1	28	0.6	118	4000	224	2000	205	1	0	1	0	0	0	0	0	0	0	41	0	0	0	212	-4	0	-10	5	
2026-04-29 16:40:00	58.47795	17.65776	14	0	3	0	0	0	0	0.005	13.4	6	1028	18	1	33	0.3	308	4100	224	2000	210	1	0	1	1	0	0	0	0	0	0	6	0	33	0	211	4	2	10	5	
2026-04-29 16:45:00	58.47861	17.65512	13	0	4	0	0	0	0	0.005	13.4	6	1028	18	1	32	0.6	295	4000	223	2000	210	1	0	1	1	1	0	0	0	0	0	0	0	40	0	209	4	0	10	5	
2026-04-29 16:50:00	58.47912	17.65218	13	0	5	0	0	0	0	0.005	13.4	6	1028	18	1	41	0.6	288	4000	222	2000	210	1	0	0	1	1	1	0	0	0	0	0	0	38	0	206	4	0	10	5	
2026-04-29 16:55:00	58.47873	17.65446	14	0	6	0	0	0	0	0.005	13.4	6	1028	18	2	60	0.5	108	4000	223	2000	200	1	0	1	0	1	1	1	0	0	0	26	0	7	0	208	-4	2	-10	5	
2026-04-29 17:00:00	58.47927	17.65269	41	0	7	0	0	0	0	0.005	13.4	6	1028	18	1	36	0.4	300	4000	222	2000	205	1	0	1	1	0	1	1	0	0	0	7	0	31	0	206	4	2	10	5	
2026-04-29 17:05:00	58.47972	17.65029	11	0	8	0	0	0	0	0.005	13.4	6	1028	18	1	57	0.5	290	4000	222	2000	205	1	0	1	1	1	0	1	0	0	0	0	0	35	0	204	4	0	10	5	
2026-04-29 17:10:00	58.48035	17.6478	12	0	9	0	0	0	0	0.005	13.4	6	1028	18	1	32	0.5	295	4000	221	2000	205	1	0	1	1	1	1	0	0	0	0	0	1	39	0	202	4	0	10	5	
2026-04-29 17:20:00	58.48089	17.64633	12	0	11	0	0	0	0	0.005	13.4	6	1028	18	3	84	0.3	108	4100	221	2000	205	1	0	0	0	1	1	1	0	0	0	20	1	7	0	201	-4	2	-10	5	
2026-04-29 17:25:00	58.47996	17.64951	12	0	12	0	0	0	0	0.005	13.4	6	1028	18	1	33	0.7	119	4000	222	2000	205	1	0	0	0	0	1	1	0	0	0	40	0	0	0	204	-4	0	-10	5	
2026-04-29 17:30:00	58.47882	17.65263	13	0	13	0	0	0	0	0.005	13.4	6	1028	18	1	30	0.7	125	4000	223	2000	205	1	0	0	0	0	0	1	0	0	0	41	0	0	0	207	-4	0	-10	5	
2026-04-29 17:35:00	58.47777	17.65569	11	0	14	0	0	0	0	0.005	13.4	6	1028	18	1	29	0.7	124	4000	223	2000	205	1	0	1	0	0	0	0	0	0	0	41	0	0	0	210	-4	0	-10	5	
2026-04-29 17:40:00	58.47837	17.65458	13	0	15	0	0	0	0	0.005	13.4	6	1028	18	2	43	0.3	316	4000	223	2000	215	1	0	0	1	0	0	0	0	0	0	6	0	31	0	209	4	2	10	5	
2026-04-29 17:45:00	58.47774	17.65707	11	0	16	0	0	0	0	0.005	13.4	6	1028	18	1	32	0.5	116	4000	224	2000	215	1	0	0	0	1	0	0	0	0	0	33	0	6	0	211	-4	2	-10	5	
2026-04-29 17:50:00	58.47663	17.65974	13	0	17	0	0	0	0	0.005	13.4	6	1028	18	1	30	0.7	129	4000	224	2000	215	1	0	0	0	0	1	0	0	0	0	41	0	0	0	214	-4	0	-10	5	
2026-04-29 17:55:00	58.47561	17.6625	13	0	18	0	0	0	0	0.005	13.5	6	1028	18	1	31	0.7	125	4000	225	2000	215	1	0	0	0	0	0	1	0	0	0	40	0	0	0	216	-4	0	-10	5	
2026-04-29 18:00:00	58.47462	17.66541	22	0	19	0	0	0	0	0.005	13.5	6	1028	18	1	31	0.7	124	4000	226	2000	215	1	0	1	0	0	0	0	0	0	0	40	0	0	0	219	-4	0	-10	5	
2026-04-29 18:05:00	58.47519	17.66367	18	0	20	0	0	0	0	0.005	13.5	6	1028	18	1	38	0.4	304	4000	226	2000	215	1	0	1	1	0	0	0	0	0	0	7	0	31	0	218	4	2	10	5	
2026-04-29 18:10:00	58.47618	17.66094	16	0	21	0	0	0	0	0.005	13.4	6	1028	18	1	38	0.6	304	4000	225	2000	215	1	0	1	1	1	0	0	0	0	0	0	0	39	0	215	4	0	10	5	
2026-04-29 18:15:00	58.47645	17.65845	16	0	22	0	0	0	0	0.005	13.5	6	1028	18	1	36	0.5	282	3900	224	2000	215	1	0	1	1	1	1	0	0	0	0	0	0	39	0	213	4	0	10	5	
2026-04-29 18:20:00	58.47699	17.65575	15	0	23	0	0	0	0	0.005	13.4	6	1028	18	1	33	0.6	291	3900	224	2000	215	1	0	0	1	1	1	1	0	0	0	0	0	40	0	211	4	0	10	5	
2026-04-29 18:25:00	58.47609	17.65857	25	0	24	0	0	0	0	0.005	13.4	6	1028	18	1	38	0.6	122	3900	224	2000	205	1	0	1	0	1	1	1	0	0	0	33	0	5	0	213	-4	2	-10	5	
2026-04-29 18:30:00	58.47684	17.6571	15	0	25	0	0	0	0	0.005	13.4	6	1028	18	1	41	0.4	314	3900	224	2000	215	1	0	0	1	0	1	1	0	0	0	6	2	29	0	212	4	2	10	5	
2026-04-29 18:35:00	58.47627	17.65992	41	0	26	0	0	0	0	0.005	13.4	6	1027	18	1	39	0.5	111	4000	225	2000	210	1	0	1	0	1	0	1	0	0	0	33	0	5	0	214	-4	2	-10	5	
2026-04-29 18:40:00	58.47693	17.6586	12	0	27	0	0	0	0	0.005	13.4	6	1028	18	1	62	0.4	315	4000	224	2000	210	1	0	1	1	0	1	0	0	0	0	6	0	27	0	213	4	2	10	5	
2026-04-29 18:45:00	58.47771	17.65569	11	0	28	0	0	0	0	0.005	13.4	6	1028	18	2	56	0.6	297	4000	223	2000	210	1	0	1	1	1	0	1	0	0	0	0	0	35	0	210	4	0	10	5	
2026-04-29 18:50:00	58.47876	17.65509	11	0	29	0	0	0	0	0.005	13.4	6	1028	18	1	32	0.4	344	4100	223	2000	210	1	0	0	1	1	1	0	0	0	0	15	4	21	0	209	4	0	10	5	
2026-04-29 18:55:00	58.47825	17.65734	12	0	0	0	0	0	0	0.005	13.4	6	1028	18	1	31	0.5	114	4100	224	2000	225	1	0	0	0	1	1	1	0	0	0	33	0	5	0	211	-4	2	-10	5	
2026-04-29 19:00:00	58.47711	17.66004	11	0	1	0	0	0	0	0.005	13.4	6	1028	18	1	29	0.7	128	4100	224	2000	225	1	0	0	0	0	1	1	0	0	0	41	0	0	0	213	-4	0	-10	5	
2026-04-29 19:05:00	58.47618	17.66286	12	0	2	0	0	0	0	0.005	13.4	6	1028	18	1	27	0.6	122	4100	225	2000	225	1	0	0	0	0	0	1	0	0	0	41	0	0	0	216	-4	0	-10	5	
2026-04-29 19:10:00	58.47504	17.66592	12	0	3	0	0	0	0	0.005	13.4	6	1028	18	1	30	0.7	125	4100	226	2000	225	1	0	0	0	0	0	0	0	0	0	41	0	0	0	219	-4	0	-10	5	
2026-04-29 19:15:00	58.47393	17.66901	13	0	4	0	0	0	0	0.005	13.4	6	1028	18	2	48	0.7	124	4100	227	2000	225	1	0	0	0	0	0	0	0	0	0	37	0	0	0	222	-4	0	-10	5	
2026-04-29 19:20:00	58.47273	17.67207	13	0	5	0	0	0	0	0.005	13.4	6	1028	18	1	31	0.7	127	4100	228	2000	225	1	0	1	0	0	0	0	0	0	0	40	0	0	0	225	-4	0	-10	5	
2026-04-29 19:25:00	58.47339	17.67045	12	0	6	0	0	0	0	0.005	13.4	6	1028	18	1	40	0.4	308	4100	227	2000	215	1	0	1	1	0	0	0	0	0	0	6	0	31	0	224	4	2	10	5	
2026-04-29 19:30:00	58.47411	17.66778	12	0	7	0	0	0	0	0.005	13.4	6	1028	18	1	33	0.6	297	4100	227	2000	215	1	0	1	1	1	0	0	0	0	0	0	0	40	0	221	4	0	10	5	
2026-04-29 19:35:00	58.47498	17.66484	13	0	8	0	0	0	0	0.005	13.4	6	1028	18	1	30	0.6	299	4000	226	2000	215	1	0	1	1	1	1	0	0	0	0	0	0	41	0	219	4	0	10	5	
2026-04-29 19:40:00	58.47579	17.66208	12	0	9	0	0	0	0	0.005	13.4	6	1028	18	1	39	0.6	299	4000	225	2000	215	1	0	1	1	1	1	1	0	0	0	0	0	39	0	216	4	0	10	5	
2026-04-29 19:45:00	58.47648	17.65983	12	0	10	0	0	0	0	0.005	13.4	6	1028	18	1	39	0.5	300	4000	225	2000	215	1	0	0	1	1	1	1	0	0	0	0	0	39	0	214	4	0	10	5	
2026-04-29 19:50:00	58.47621	17.66157	12	0	11	0	0	0	0	0.005	13.3	6	1028	18	1	33	0.4	107	4000	225	2000	205	1	0	1	0	1	1	1	0	0	0	31	1	7	0	215	-4	2	-10	5	
2026-04-29 19:55:00	58.4769	17.6601	12	0	12	0	0	0	0	0.005	13.3	6	1028	18	1	36	0.4	313	4000	224	2000	210	1	0	1	1	0	1	1	0	0	0	6	0	32	0	214	4	2	10	5	
2026-04-29 20:00:00	58.4778	17.65746	13	0	13	0	0	0	0	0.005	13.3	6	1027	18	1	28	0.6	303	4000	224	2000	210	1	0	1	1	1	0	1	0	0	0	0	1	40	0	211	4	0	10	5	
2026-04-29 20:10:00	58.47978	17.65251	39	0	15	0	0	0	0	0.005	13.3	5	1027	18	3	99	0.7	309	4100	222	2000	210	1	0	0	1	1	1	1	0	0	0	0	0	27	0	206	4	0	10	5	
2026-04-29 20:15:00	58.47942	17.65428	11	0	16	0	0	0	0	0.005	13.3	6	1027	18	1	58	0.4	112	4100	223	2000	215	1	0	0	0	1	1	1	0	0	0	28	0	6	0	208	-4	2	-10	5	
2026-04-29 20:20:00	58.47846	17.65659	11	0	17	0	0	0	0	0.005	13.3	6	1027	18	1	29	0.6	129	4100	223	2000	215	1	0	0	0	0	1	1	0	0	0	41	0	0	0	210	-4	0	-10	5	
2026-04-29 20:30:00	58.47687	17.66079	11	0	19	0	0	0	0	0.005	13.3	6	1027	18	3	83	0.5	124	4100	225	2000	215	1	0	0	0	0	0	0	0	0	0	30	0	0	0	214	-4	0	-10	5	
2026-04-29 20:35:00	58.47609	17.66289	11	0	20	0	0	0	0	0.005	13.3	6	1027	18	1	29	0.5	126	4100	225	2000	215	1	0	0	0	0	0	0	0	0	0	41	0	0	0	216	-4	0	-10	5	
2026-04-29 20:40:00	58.47522	17.66547	11	0	21	0	0	0	0	0.005	13.3	6	1027	18	1	30	0.6	122	4100	226	2000	215	1	0	1	0	0	0	0	0	0	0	41	0	0	0	219	-4	0	-10	5	
2026-04-29 20:50:00	58.47618	17.6658	12	0	23	0	0	0	0	0.005	13.3	6	1027	18	0	82	0.2	92	4200	226	2000	220	1	0	0	0	1	0	0	0	0	0	22	0	7	0	218	-4	2	-10	5	
2026-04-29 20:55:00	58.4754	17.66826	11	0	24	0	0	0	0	0.005	13.3	6	1027	18	1	43	0.6	121	4200	226	2000	220	1	0	0	0	0	1	0	0	0	0	38	0	0	0	220	-4	0	-10	5	
2026-04-29 21:00:00	58.47483	17.67048	12	0	25	0	0	0	0	0.005	13.3	6	1027	18	1	26	0.5	116	4200	227	2000	220	1	0	0	0	0	0	1	0	0	0	41	0	0	0	222	-4	0	-10	5	
2026-04-29 21:05:00	58.4742	17.67249	12	0	26	0	0	0	0	0.005	13.3	6	1027	18	2	46	0.5	122	4300	227	2000	220	1	0	0	0	0	0	0	0	0	0	37	0	0	0	224	-4	0	-10	5	
2026-04-29 21:10:00	58.47381	17.67426	12	0	27	0	0	0	0	0.005	13.3	6	1027	18	1	32	0.4	113	4300	228	2000	220	1	0	1	0	0	0	0	0	0	0	40	0	0	0	225	-4	0	-10	5	
2026-04-29 21:15:00	58.47456	17.67378	13	0	28	0	0	0	0	0.005	13.3	6	1027	18	2	51	0.3	342	4300	227	2000	225	1	0	0	1	0	0	0	0	0	0	7	0	28	0	224	4	2	10	5	
2026-04-29 21:20:00	58.47438	17.67576	11	0	29	0	0	0	0	0.005	13.3	6	1027	18	1	28	0.4	100	4400	228	2000	215	1	0	1	0	1	0	0	0	0	0	34	0	6	0	226	-4	2	-10	5	
2026-04-29 21:25:00	58.47519	17.6751	12	0	0	0	0	0	0	0.005	13.3	6	1027	18	1	30	0.3	337	4400	227	2000	215	1	0	1	1	0	1	0	0	0	0	9	0	30	0	224	4	2	10	5	
2026-04-29 21:30:00	58.47618	17.67396	12	0	1	0	0	0	0	0.005	13.3	6	1027	18	1	31	0.4	329	4500	227	2000	215	1	0	1	1	1	0	1	0	0	0	0	5	35	0	223	4	0	10	5	
2026-04-29 21:35:00	58.47708	17.67288	12	0	2	0	0	0	0	0.005	13.3	6	1027	18	1	31	0.4	328	4500	227	2000	215	1	0	1	1	1	1	0	0	0	0	0	3	37	0	221	4	0	10	5	
2026-04-29 21:40:00	58.47792	17.67222	12	0	3	0	0	0	0	0.005	13.3	6	1027	18	1	33	0.3	337	4500	226	2000	215	1	0	1	1	1	1	1	0	0	0	0	12	28	0	220	4	0	10	5	
2026-04-29 21:45:00	58.47885	17.6709	12	0	4	0	0	0	0	0.005	13.3	6	1027	18	1	29	0.4	324	4600	226	2000	215	1	0	1	1	1	1	1	0	0	0	0	0	41	0	219	4	0	10	5	
2026-04-29 21:50:00	58.47948	17.67018	12	0	5	0	0	0	0	0.005	13.3	6	1027	18	1	29	0.3	330	4600	225	2000	215	1	0	0	1	1	1	1	0	0	0	0	0	41	0	218	4	0	10	5	
2026-04-29 21:55:00	58.47942	17.67177	13	0	6	0	0	0	0	0.005	13.3	5	1027	18	1	39	0.3	94	4700	226	2000	210	1	0	1	0	1	1	1	0	0	0	30	1	7	0	219	-4	2	-10	5	
2026-04-29 22:05:00	58.48044	17.67264	11	0	8	0	0	0	0	0.005	13.2	6	1027	18	3	120	0.2	63	4800	225	2000	225	1	0	0	0	1	0	1	0	0	0	10	0	11	0	218	-4	2	-10	5	
2026-04-29 22:15:00	58.47978	17.67453	11	0	10	0	0	0	0	0.005	13.2	6	1027	18	3	78	0.3	127	4800	226	2000	225	1	0	0	0	0	0	1	0	0	0	31	0	0	0	220	-4	0	-10	5	
2026-04-29 22:20:00	58.47939	17.67555	11	0	11	0	0	0	0	0.005	13.2	6	1027	18	1	30	0.2	125	4800	226	2000	225	1	0	0	0	0	0	0	0	0	0	41	0	0	0	221	-4	0	-10	5	
2026-04-29 22:25:00	58.47894	17.67654	11	0	12	0	0	0	0	0.005	13.2	6	1027	18	1	38	0.3	131	4800	227	2000	225	1	0	0	0	0	0	0	0	0	0	39	0	0	0	222	-4	0	-10	5	
2026-04-29 22:30:00	58.47879	17.67753	12	0	13	0	0	0	0	0.005	13.2	6	1027	18	1	26	0.2	106	4800	227	2000	225	1	0	1	0	0	0	0	0	0	0	41	0	0	0	222	-4	0	-10	5	
2026-04-29 22:35:00	58.47963	17.67747	11	0	14	0	0	0	0	0.005	13.2	6	1027	18	1	28	0.3	358	4900	226	2000	240	1	0	0	1	0	0	0	0	0	0	0	4	34	0	222	4	1	10	5	
2026-04-29 22:40:00	58.47969	17.67855	11	0	15	0	0	0	0	0.005	13.2	6	1027	18	1	29	0.2	85	4900	227	2000	235	1	0	0	0	1	0	0	0	0	0	29	0	11	0	222	-4	2	-10	5	
2026-04-29 22:45:00	58.47948	17.67945	11	0	16	0	0	0	0	0.005	13.2	6	1027	18	1	32	0.2	114	5000	227	2000	235	1	0	0	0	0	1	0	0	0	0	40	0	0	0	223	-4	0	-10	5	
2026-04-29 22:50:00	58.47948	17.68029	11	0	17	0	0	0	0	0.005	13.2	6	1027	18	1	27	0.2	91	5000	227	2000	235	1	0	0	0	0	0	1	0	0	0	40	1	0	0	223	-4	0	-10	5	
2026-04-29 22:55:00	58.47963	17.68113	11	0	18	0	0	0	0	0.005	13.2	6	1027	18	1	27	0.2	71	5000	227	2000	235	1	0	0	0	0	0	0	0	0	0	39	2	0	0	223	-4	0	-10	5	
2026-04-29 23:00:00	58.4799	17.68185	12	0	19	0	0	0	0	0.005	13.2	6	1027	18	1	31	0.2	53	5100	227	2000	235	1	0	0	0	0	0	0	0	0	0	35	5	0	0	223	-4	0	-10	5	
2026-04-29 23:05:00	58.48017	17.68257	11	0	20	0	0	0	0	0.005	13.2	6	1027	18	1	30	0.2	57	5100	227	2000	235	1	0	1	0	0	0	0	0	0	0	35	6	0	0	224	-4	0	-10	5	
2026-04-29 23:10:00	58.4805	17.68317	11	0	21	0	0	0	0	0.005	13.2	6	1027	18	1	29	0.2	41	5200	227	2000	230	1	0	0	1	0	0	0	0	0	0	14	18	8	0	224	4	2	10	5	
2026-04-29 23:15:00	58.48077	17.68383	11	0	22	0	0	0	0	0.005	13.2	6	1027	18	1	29	0.2	52	5200	227	2000	245	1	0	0	0	1	0	0	0	0	0	35	5	0	0	224	-4	1	-10	5	
2026-04-29 23:20:00	58.48104	17.68452	12	0	23	0	0	0	0	0.005	13.2	6	1027	18	1	29	0.2	55	5300	227	2000	245	1	0	0	0	0	1	0	0	0	0	32	9	0	0	224	-4	0	-10	5	
2026-04-29 23:25:00	58.4811	17.68527	11	0	24	0	0	0	0	0.005	13.2	6	1028	18	1	26	0.1	81	5300	227	2000	245	1	0	0	0	0	0	1	0	0	0	39	2	0	0	224	-4	0	-10	5	
2026-04-29 23:30:00	58.48122	17.68587	12	0	25	0	0	0	0	0.005	13.2	6	1028	18	1	28	0.1	70	5400	227	2000	245	1	0	0	0	0	0	0	0	0	0	24	14	3	0	224	-4	0	-10	5	
2026-04-29 23:35:00	58.48104	17.68644	11	0	26	0	0	0	0	0.005	13.2	6	1027	18	2	45	0.1	123	5400	227	2000	245	1	0	0	0	0	0	0	0	0	0	17	16	5	0	225	-4	0	-10	5	
2026-04-29 23:40:00	58.48083	17.68695	12	0	27	0	0	0	0	0.005	13.2	6	1028	18	1	28	0.1	127	5400	228	2000	245	1	0	1	0	0	0	0	0	0	0	21	16	4	0	225	-4	0	-10	5	
2026-04-29 23:45:00	58.48071	17.68782	11	0	28	0	0	0	0	0.005	13.2	6	1027	18	1	28	0.2	103	5400	228	2000	330	1	0	3	1	0	0	0	0	0	0	30	9	1	0	226	4	1	10	5	
2026-04-29 23:50:00	58.48083	17.6889	12	0	29	0	0	0	0	0.005	13.2	6	1027	18	2	44	0.2	80	5400	228	2000	330	1	0	2	3	1	0	0	0	0	0	25	11	1	0	226	0	1	-10	5	
2026-04-29 23:55:00	58.48083	17.68977	11	0	0	0	0	0	0	0.005	13.2	6	1027	18	1	32	0.2	89	5500	228	2000	140	1	0	2	2	3	1	0	0	0	0	32	7	1	0	226	0	1	10	5	
2026-04-30 00:00:00	58.48074	17.69031	12	0	1	0	0	0	0	0.005	13.2	6	1027	18	1	28	0.1	109	5500	228	2000	140	1	0	2	2	2	3	1	0	0	0	25	14	1	0	227	0	2	10	5	
2026-04-30 00:05:00	58.4805	17.69055	12	0	2	0	0	0	0	0.005	13.2	6	1027	18	3	86	0.1	150	5500	228	2000	140	1	0	2	2	2	2	3	0	0	0	0	7	22	0	227	0	1	10	5	
2026-04-30 00:10:00	58.48032	17.69067	12	0	3	0	0	0	0	0.005	13.2	6	1027	18	2	44	0.1	160	5500	228	2000	140	1	0	2	2	2	2	2	0	0	0	0	11	27	0	227	0	0	10	5	
2026-04-30 00:30:00	58.47975	17.69304	13	0	7	0	0	0	0	0.005	13.2	6	1027	18	3	88	0.2	86	5500	229	2000	225	1	0	0	1	3	2	2	0	0	0	26	2	0	0	229	4	1	10	5	
2026-04-30 00:35:00	58.47978	17.6937	12	0	8	0	0	0	0	0.005	13.2	6	1027	18	2	52	0.1	85	5600	229	2000	360	1	0	2	0	1	3	2	0	0	0	3	13	19	0	229	-4	2	-10	5	
2026-04-30 00:40:00	58.4799	17.69526	13	0	9	0	0	0	0	0.005	13.2	6	1027	18	2	60	0.3	82	-5700	229	2000	360	1	0	3	2	0	1	3	0	0	0	19	1	13	0	229	0	2	10	5	
2026-04-30 00:45:00	58.48014	17.697	12	0	10	0	0	0	0	0.005	13.2	6	1027	18	1	31	0.3	76	-5700	229	2000	130	1	0	2	3	2	0	1	0	0	0	39	1	0	0	230	0	0	-10	5	
2026-04-30 00:55:00	58.48098	17.69922	12	0	12	0	0	0	0	0.005	13.2	6	1027	18	3	94	0.2	51	-5900	229	2000	240	1	0	1	0	2	3	2	0	0	0	24	3	0	0	230	-4	1	-10	5	
2026-04-30 01:05:00	58.48107	17.69997	13	0	14	0	0	0	0	0.005	13.2	6	1027	18	3	89	0.1	88	-5900	229	2000	140	1	0	3	3	1	0	2	0	0	0	3	4	20	0	230	0	2	-10	5	
2026-04-30 01:10:00	58.48098	17.70048	12	0	15	0	0	0	0	0.005	13.2	6	1027	18	2	74	0.1	111	-6000	229	2000	140	1	0	3	3	3	1	0	0	0	0	22	5	2	0	230	0	2	-10	5	
2026-04-30 01:15:00	58.48098	17.70084	12	0	16	0	0	0	0	0.005	13.2	6	1027	18	1	32	0.1	90	-6000	229	2000	140	1	0	3	3	3	3	1	0	0	0	33	7	0	0	230	0	0	-10	5	
2026-04-30 01:20:00	58.4811	17.70102	12	0	17	0	0	0	0	0.005	13.2	6	1027	18	1	28	0.1	35	-6000	229	2000	140	1	0	2	3	3	3	3	0	0	0	22	14	4	0	230	0	2	-10	5	
2026-04-30 01:25:00	58.48113	17.70081	13	0	18	0	0	0	0	0.005	13.2	6	1027	18	1	30	0	286	-6000	229	2000	155	1	0	2	2	3	3	3	0	0	0	0	15	26	0	230	0	0	10	5	
2026-04-30 01:30:00	58.48113	17.70063	14	0	19	0	0	0	0	0.005	13.2	6	1027	18	1	31	0	273	-6000	229	2000	155	1	0	2	2	2	3	3	0	0	0	0	12	28	0	230	0	0	10	5	
2026-04-30 01:35:00	58.48122	17.70021	14	0	20	0	0	0	0	0.005	13.2	6	1027	18	2	49	0.1	294	-6000	229	2000	155	1	0	2	2	2	2	3	0	0	0	0	18	19	0	230	0	0	10	5	
2026-04-30 01:40:00	58.48125	17.70015	13	0	21	0	0	0	0	0.005	13.2	6	1026	18	1	31	0	318	-6000	229	2000	155	1	0	2	2	2	2	2	0	0	0	0	6	34	0	230	0	0	10	5	
2026-04-30 01:45:00	58.4814	17.69997	13	0	22	0	0	0	0	0.005	13.2	6	1026	18	1	40	0.1	325	-6000	229	2000	155	1	0	2	2	2	2	2	0	0	0	0	13	25	0	230	0	0	10	5	
2026-04-30 01:55:00	58.48161	17.70012	14	0	24	0	0	0	0	0.005	13.2	6	1027	18	3	96	0.1	22	-6000	229	2000	120	1	0	2	3	2	2	2	0	0	0	0	6	21	0	230	0	1	-10	5	
2026-04-30 02:00:00	58.48167	17.70069	40	0	25	0	0	0	0	0.005	13.2	6	1027	18	1	32	0.1	83	-6000	229	2000	30	1	0	3	2	3	2	2	0	0	0	37	2	0	0	230	0	1	10	5	
2026-04-30 02:05:00	58.48155	17.70129	12	0	26	0	0	0	0	0.005	13.2	6	1026	18	1	56	0.1	111	-6000	229	2000	250	1	0	0	3	2	3	2	0	0	0	33	2	0	0	230	0	1	-10	5	
2026-04-30 02:10:00	58.4814	17.70159	12	0	27	0	0	0	0	0.005	13.2	6	1027	18	1	28	0.1	129	-6000	229	2000	250	1	0	1	0	3	2	3	0	0	0	40	1	0	0	230	-4	1	-10	5	
2026-04-30 02:15:00	58.48164	17.70165	11	0	28	0	0	0	0	0.005	13.2	6	1026	18	1	27	0.1	7	-6100	229	2000	250	1	0	0	1	0	3	2	0	0	0	33	1	6	0	230	4	2	10	5	
2026-04-30 02:20:00	58.48188	17.70183	12	0	29	0	0	0	0	0.005	13.2	6	1026	18	1	29	0.1	23	-6100	229	2000	180	1	0	1	0	1	0	3	0	0	0	16	1	23	0	230	-4	2	-10	5	
2026-04-30 02:25:00	58.48215	17.70225	11	0	0	0	0	0	0	0.005	13.2	6	1027	18	1	31	0.1	40	-6100	229	2000	350	1	0	3	1	0	1	0	0	0	0	36	4	0	0	230	4	1	10	5	
2026-04-30 02:30:00	58.4826	17.70201	12	0	1	0	0	0	0	0.005	13.2	6	1026	18	1	31	0.2	345	-6100	229	2000	350	1	0	2	3	1	0	1	0	0	0	15	3	21	0	230	0	2	-10	5	
2026-04-30 02:40:00	58.48299	17.70093	12	0	3	0	0	0	0	0.005	13.2	6	1027	18	3	105	0.1	290	6100	229	2000	140	1	0	2	2	2	3	1	0	0	0	0	5	21	0	229	0	0	10	5	
2026-04-30 02:45:00	58.48317	17.70015	12	0	4	0	0	0	0	0.005	13.2	6	1027	18	1	28	0.2	293	6100	229	2000	140	1	0	2	2	2	2	3	0	0	0	0	4	37	0	228	0	0	10	5	
2026-04-30 02:50:00	58.4832	17.69955	13	0	5	0	0	0	0	0.005	13.2	6	1027	18	1	36	0.1	275	6100	229	2000	140	1	0	2	2	2	2	2	0	0	0	0	9	30	0	228	0	0	10	5	
2026-04-30 02:55:00	58.48365	17.69847	11	0	6	0	0	0	0	0.005	13.2	6	1027	18	1	30	0.3	309	6100	228	2000	140	1	0	2	2	2	2	2	0	0	0	0	4	37	0	227	0	0	10	5	
2026-04-30 03:00:00	58.4841	17.69724	12	0	7	0	0	0	0	0.005	13.2	6	1026	18	1	26	0.3	304	6000	228	2000	140	1	0	1	2	2	2	2	0	0	0	0	2	39	0	227	0	0	10	5	
2026-04-30 03:05:00	58.48443	17.69646	12	0	8	0	0	0	0	0.005	13.2	6	1026	18	1	28	0.2	307	6000	228	2000	140	1	0	0	1	2	2	2	0	0	0	0	6	34	0	226	4	1	10	5	
2026-04-30 03:10:00	58.48455	17.69634	12	0	9	0	0	0	0	0.005	13.2	6	1027	18	1	27	0.1	338	6000	228	2000	205	1	0	1	0	1	2	2	0	0	0	22	2	16	0	226	-4	2	-10	5	
2026-04-30 03:15:00	58.48485	17.69613	11	0	10	0	0	0	0	0.005	13.2	6	1026	18	1	32	0.1	340	6100	228	2000	250	1	0	0	1	0	1	2	0	0	0	26	5	8	0	226	4	2	10	5	
2026-04-30 03:20:00	58.48518	17.69607	13	0	11	0	0	0	0	0.005	13.2	6	1026	18	1	30	0.1	353	6100	228	2000	145	1	0	2	0	1	0	1	0	0	0	23	3	13	0	225	-4	2	-10	5	
2026-04-30 03:25:00	58.48533	17.69643	13	0	12	0	0	0	0	0.005	13.2	6	1026	18	1	34	0.1	52	6100	228	2000	145	1	0	3	2	0	1	0	0	0	0	25	5	8	0	225	0	2	10	5	
2026-04-30 03:30:00	58.48533	17.69715	13	0	13	0	0	0	0	0.005	13.2	6	1026	18	2	46	0.1	91	6100	228	2000	220	1	0	1	3	2	0	1	0	0	0	35	2	0	0	226	0	0	-10	5	
2026-04-30 03:35:00	58.48551	17.69772	13	0	14	0	0	0	0	0.005	13.2	6	1026	18	2	54	0.1	57	6200	228	2000	220	1	0	0	1	3	2	0	0	0	0	15	1	19	0	226	4	2	10	5	
2026-04-30 03:40:00	58.48527	17.69805	13	0	15	0	0	0	0	0.005	13.2	6	1027	18	1	28	0.1	143	6200	228	2000	285	1	0	0	0	1	3	2	0	0	0	32	0	5	0	226	-4	2	-10	5	
2026-04-30 03:45:00	58.48479	17.69775	23	0	16	0	0	0	0	0.005	13.2	6	1027	18	2	49	0.2	198	6100	228	2000	285	1	0	0	0	0	1	3	0	0	0	37	0	0	0	226	-4	0	-10	5	
2026-04-30 03:50:00	58.48434	17.69736	13	0	17	0	0	0	0	0.005	13.2	6	1027	18	2	56	0.2	204	6100	228	2000	285	1	0	0	0	0	0	1	0	0	0	35	0	0	0	226	-4	0	-10	5	
2026-04-30 03:55:00	58.48368	17.69703	13	0	18	0	0	0	0	0.005	13.2	6	1027	18	1	26	0.3	195	6000	228	2000	285	1	0	0	0	0	0	0	0	0	0	41	0	0	0	227	-4	0	-10	5	
2026-04-30 04:00:00	58.48302	17.69703	13	0	19	0	0	0	0	0.005	13.2	6	1027	18	1	29	0.2	180	6000	228	2000	285	1	0	0	0	0	0	0	0	0	0	41	0	0	0	227	-4	0	-10	5	
2026-04-30 04:05:00	58.48239	17.69724	41	0	20	0	0	0	0	0.005	13.2	6	1026	18	2	50	0.2	170	5900	229	2000	285	1	0	0	0	0	0	0	0	0	0	36	0	0	0	228	-4	0	-10	5	
2026-04-30 04:10:00	58.48188	17.69715	11	0	21	0	0	0	0	0.005	13.2	6	1027	18	1	57	0.2	186	5900	229	2000	285	1	0	0	0	0	0	0	0	0	0	35	0	0	0	228	-4	0	-10	5	
2026-04-30 04:15:00	58.4814	17.69706	11	0	22	0	0	0	0	0.005	13.3	6	1027	18	1	28	0.2	186	5800	229	2000	285	1	0	0	0	0	0	0	0	0	0	41	0	0	0	229	-4	0	-10	5	
2026-04-30 04:20:00	58.48092	17.697	11	0	23	0	0	0	0	0.005	13.3	6	1027	18	3	73	0.2	182	-5800	229	2000	285	1	0	0	0	0	0	0	0	0	0	32	0	0	0	229	-4	0	-10	5	
2026-04-30 04:25:00	58.48035	17.69685	11	0	24	0	0	0	0	0.005	13.3	6	1027	18	2	48	0.2	188	-5800	229	2000	285	1	0	0	0	0	0	0	0	0	0	37	0	0	0	229	-4	0	-10	5	
2026-04-30 04:35:00	58.47891	17.69607	11	0	26	0	0	0	0	0.005	13.4	6	1027	18	3	102	0.3	196	-5600	229	2000	285	1	0	0	0	0	0	0	0	0	0	26	0	0	0	230	-4	0	-10	5	
2026-04-30 04:40:00	58.47804	17.69553	11	0	27	0	0	0	0	0.005	13.4	6	1027	18	1	31	0.3	198	-5500	230	2000	285	1	0	0	0	0	0	0	0	0	0	40	0	0	0	231	-4	0	-10	5	
2026-04-30 04:45:00	58.47711	17.69481	11	0	28	0	0	0	0	0.005	13.5	6	1027	18	3	73	0.4	203	-5400	230	2000	285	1	0	0	0	0	0	0	0	0	0	32	0	0	0	232	-4	0	-10	5	
2026-04-30 04:55:00	58.47543	17.69325	11	0	0	0	0	0	0	0.005	13.7	6	1027	18	3	85	0.3	212	-5200	230	2000	285	1	0	0	0	0	0	0	0	0	0	30	0	0	0	233	-4	0	-10	5	
2026-04-30 05:00:00	58.47474	17.69214	11	0	1	0	0	0	0	0.005	13.8	6	1027	18	3	85	0.3	220	-5100	230	2000	285	1	0	0	0	0	0	0	0	0	0	30	0	0	0	233	-4	0	-10	5	
2026-04-30 05:05:00	58.47417	17.69121	11	0	2	0	0	0	0	0.005	13.8	6	1027	18	2	67	0.3	220	-5100	230	2000	285	1	0	0	0	0	0	0	0	0	0	33	0	0	0	233	-4	0	-10	5	
2026-04-30 05:10:00	58.47354	17.69049	11	0	3	0	0	0	0	0.005	13.7	6	1027	18	1	29	0.3	211	-5000	230	2000	285	1	0	0	0	0	0	0	0	0	0	41	0	0	0	233	-4	0	-10	5	
2026-04-30 05:15:00	58.47303	17.68956	11	0	4	0	0	0	0	0.005	13.7	6	1027	18	1	28	0.3	225	-4900	230	2000	285	1	0	0	0	0	0	0	0	0	0	41	0	0	0	233	-4	0	-10	5	
2026-04-30 05:20:00	58.4724	17.68863	11	0	5	0	0	0	0	0.005	13.7	6	1027	18	1	30	0.3	218	-4800	230	2000	285	1	0	0	0	0	0	0	0	0	0	41	0	0	0	234	-4	0	-10	5	
2026-04-30 05:30:00	58.47159	17.68686	11	0	7	0	0	0	0	0.005	13.6	6	1027	18	3	105	0.2	233	-4700	230	2000	285	1	0	0	0	0	0	0	0	0	0	26	0	0	0	234	-4	0	-10	5	
2026-04-30 05:35:00	58.47108	17.68581	11	0	8	0	0	0	0	0.005	13.6	6	1027	18	1	30	0.3	226	-4600	231	2000	285	1	0	0	0	0	0	0	0	0	0	41	0	0	0	234	-4	0	-10	5	
2026-04-30 05:40:00	58.47051	17.68479	11	0	9	0	0	0	0	0.005	13.6	6	1027	18	3	68	0.3	224	-4500	231	2000	285	1	0	0	0	0	0	0	0	0	0	33	0	0	0	234	-4	0	-10	5	
2026-04-30 05:45:00	58.47003	17.68368	11	0	10	0	0	0	0	0.005	13.6	6	1027	18	3	72	0.3	229	-4400	231	2000	285	1	0	0	0	0	0	0	0	0	0	32	0	0	0	234	-4	0	-10	5	
2026-04-30 05:50:00	58.46958	17.68266	11	0	11	0	0	0	0	0.005	13.6	6	1027	18	1	29	0.3	232	-4400	231	2000	285	1	0	0	0	0	0	0	0	0	0	41	0	0	0	234	-4	0	-10	5	
2026-04-30 05:55:00	58.4694	17.68191	11	0	12	0	0	0	0	0.005	13.6	6	1027	18	1	31	0.2	243	-4300	231	2000	285	1	0	0	0	0	0	0	0	0	0	40	0	0	0	234	-4	0	-10	5	
2026-04-30 06:00:00	58.46925	17.68113	12	0	13	0	0	0	0	0.005	13.6	6	1027	18	1	31	0.2	252	-4300	230	2000	285	1	0	0	0	0	0	0	0	0	0	40	0	0	0	234	-4	0	-10	5	
2026-04-30 06:05:00	58.46904	17.68008	12	0	14	0	0	0	0	0.005	13.6	6	1027	18	1	29	0.2	249	-4200	230	2000	285	1	0	0	0	0	0	0	0	0	0	41	0	0	0	234	-4	0	-10	5	
2026-04-30 06:10:00	58.46877	17.67918	12	0	15	0	0	2	0	0.005	13.5	6	1027	18	2	48	0.2	238	100	209	2000	285	1	0	3	0	0	0	0	0	1	0	37	0	0	0	206	-4	0	-10	5	
2026-04-30 06:15:00	58.46799	17.68017	12	0	16	0	0	0	0	0.005	13.5	6	1027	18	1	30	0.3	146	0	209	2000	285	1	0	0	3	0	0	0	0	1	0	40	0	0	0	209	0	1	-10	5	
2026-04-30 06:20:00	58.46724	17.68065	12	0	17	0	0	0	0	0.005	13.5	7	1027	18	3	77	0.3	161	-100	209	2000	285	1	0	0	0	3	0	0	0	1	0	31	0	0	0	211	-4	1	-10	5	
2026-04-30 06:25:00	58.46697	17.67975	12	0	18	0	0	0	0	0.005	13.5	7	1027	18	1	30	0.2	240	0	209	2000	285	1	0	3	0	0	3	0	0	1	0	41	0	0	0	210	-4	0	-10	5	
2026-04-30 06:30:00	58.46628	17.68014	11	0	19	0	0	0	0	0.005	13.5	7	1027	18	1	32	0.3	165	-100	209	2000	285	1	0	0	3	0	0	3	0	1	0	40	0	0	0	211	0	1	-10	5	
2026-04-30 06:35:00	58.46553	17.68038	12	0	20	0	0	0	0	0.005	13.5	7	1027	18	2	56	0.3	170	-100	210	2000	285	1	0	0	0	3	0	0	0	1	0	35	0	0	0	213	-4	1	-10	5	
2026-04-30 06:40:00	58.46529	17.6796	12	0	21	0	0	0	0	0.005	13.5	7	1027	18	1	28	0.2	239	-100	210	2000	285	1	0	3	0	0	3	0	0	1	0	41	0	0	0	212	-4	0	-10	5	
2026-04-30 06:45:00	58.46466	17.67993	12	0	22	0	0	0	0	0.005	13.5	7	1027	18	2	52	0.2	165	-200	210	2000	285	1	0	0	3	0	0	3	0	1	0	36	0	0	0	214	0	1	-10	5	
2026-04-30 06:50:00	58.46394	17.67966	13	0	23	0	0	0	0	0.005	13.5	7	1027	18	1	29	0.3	192	-200	210	2000	285	1	0	0	0	3	0	0	0	1	0	40	0	0	0	214	-4	1	-10	5	
2026-04-30 06:55:00	58.4637	17.6787	12	0	24	0	0	0	0	0.005	13.5	7	1027	18	1	32	0.2	243	-100	210	2000	285	1	0	3	0	0	3	0	0	1	0	40	0	0	0	213	-4	0	-10	5	
2026-04-30 07:00:00	58.46298	17.679	12	0	25	0	0	0	0	0.005	13.5	7	1027	18	1	29	0.3	167	-200	210	2000	285	1	0	0	3	0	0	3	0	1	0	40	0	0	0	215	0	1	-10	5	
2026-04-30 07:05:00	58.4622	17.67909	12	0	26	0	0	0	0	0.005	13.5	7	1027	18	2	49	0.3	177	-200	210	2000	285	1	0	0	0	3	0	0	0	1	0	36	0	0	0	216	-4	1	-10	5	
2026-04-30 07:10:00	58.46187	17.67813	12	0	27	0	0	0	0	0.005	13.5	7	1027	18	1	32	0.2	236	-200	210	2000	285	1	0	0	0	0	3	0	0	1	0	40	0	0	0	215	-4	0	-10	5	
2026-04-30 07:15:00	58.46163	17.67717	13	0	28	0	0	0	0	0.005	13.5	7	1027	18	1	30	0.2	243	-200	210	2000	285	1	0	3	0	0	0	3	0	1	0	41	0	0	0	214	-4	0	-10	5	
2026-04-30 07:20:00	58.46079	17.67798	13	0	29	0	0	0	0	0.005	13.4	7	1027	18	1	30	0.4	153	-300	210	2000	285	1	0	0	3	0	0	0	0	1	0	40	0	0	0	217	0	1	-10	5	
2026-04-30 07:25:00	58.4601	17.67795	15	0	0	0	0	0	0	0.005	13.4	8	1027	17	1	28	0.2	181	-300	210	2000	285	1	0	0	0	3	0	0	0	1	0	41	0	0	0	218	-4	1	-10	5	
2026-04-30 07:30:00	58.45968	17.67705	13	0	1	0	0	0	0	0.005	13.4	8	1027	17	1	31	0.2	228	-300	210	2000	285	1	0	0	0	0	3	0	0	1	0	40	0	0	0	217	-4	0	-10	5	
2026-04-30 07:35:00	58.45932	17.67612	14	0	2	0	0	0	0	0.005	13.4	8	1027	17	1	28	0.2	233	-300	210	2000	285	1	0	0	0	0	0	3	0	1	0	41	0	0	0	216	-4	0	-10	5	
2026-04-30 07:40:00	58.45902	17.67528	11	0	3	0	0	0	0	0.005	13.4	8	1027	17	1	39	0.2	237	-200	210	2000	285	1	0	0	0	0	0	0	0	1	0	39	0	0	0	216	-4	0	-10	5	
2026-04-30 07:45:00	58.45866	17.67441	14	0	4	0	0	0	0	0.005	13.4	8	1027	17	1	28	0.2	232	-200	210	2000	285	1	0	0	0	0	0	0	0	1	0	41	0	0	0	215	-4	0	-10	5	
2026-04-30 07:50:00	58.45824	17.67336	41	0	5	0	0	0	0	0.005	13.4	8	1027	17	1	27	0.2	232	-200	210	2000	285	1	0	0	0	0	0	0	0	1	0	41	0	0	0	214	-4	0	-10	5	
2026-04-30 07:55:00	58.45782	17.67234	11	0	6	0	0	0	0	0.005	13.4	8	1027	17	1	58	0.3	231	-100	210	2000	285	1	0	0	0	0	0	0	0	1	0	35	0	0	0	213	-4	0	-10	5	
2026-04-30 08:00:00	58.45761	17.67153	11	0	7	0	0	0	0	0.005	13.4	8	1027	17	1	28	0.2	243	-100	210	2000	285	1	0	3	0	0	0	0	0	1	0	41	0	0	0	212	-4	0	-10	5	
2026-04-30 08:05:00	58.45674	17.67207	11	0	8	0	0	0	0	0.005	13.4	8	1027	17	1	40	0.3	162	-200	210	2000	285	1	0	0	3	0	0	0	0	1	0	38	0	0	0	215	0	1	-10	5	
2026-04-30 08:10:00	58.45593	17.67183	12	0	9	0	0	0	0	0.005	13.4	8	1027	17	1	29	0.3	189	-200	210	2000	285	1	0	0	0	3	0	0	0	1	0	40	0	0	0	215	-4	1	-10	5	
2026-04-30 08:15:00	58.45572	17.67111	11	0	10	0	0	0	0	0.005	13.4	8	1027	17	1	29	0.2	240	-200	210	2000	285	1	0	3	0	0	3	0	0	1	0	41	0	0	0	215	-4	0	-10	5	
2026-04-30 08:20:00	58.45506	17.67132	11	0	11	0	0	0	0	0.005	13.4	8	1027	17	1	40	0.2	171	-200	210	2000	285	1	0	0	3	0	0	3	0	1	0	38	0	0	0	216	0	1	-10	5	
2026-04-30 08:25:00	58.45455	17.67123	12	0	12	0	0	0	0	0.005	13.4	8	1027	17	1	32	0.2	186	-300	210	2000	285	1	0	0	0	3	0	0	0	1	0	40	0	0	0	217	-4	1	-10	5	
2026-04-30 08:30:00	58.45437	17.67072	12	0	13	0	0	0	0	0.005	13.4	8	1027	17	3	72	0.1	237	-200	210	2000	285	1	0	0	0	0	3	0	0	1	0	32	0	0	0	216	-4	0	-10	5	
2026-04-30 08:35:00	58.45422	17.67021	12	0	14	0	0	0	0	0.005	13.4	8	1027	17	1	28	0.1	236	-200	210	2000	285	1	0	0	0	0	0	3	0	1	0	41	0	0	0	216	-4	0	-10	5	
2026-04-30 08:40:00	58.45407	17.66985	13	0	15	0	0	0	0	0.005	13.4	8	1028	17	1	26	0.1	237	-200	210	2000	285	1	0	0	0	0	0	0	0	1	0	41	0	0	0	215	-4	0	-10	5	
2026-04-30 08:45:00	58.45392	17.66943	12	0	16	0	0	0	0	0.005	13.4	8	1027	17	1	34	0.1	233	-200	210	2000	285	1	0	0	0	0	0	0	0	1	0	40	0	0	0	215	-4	0	-10	5	
2026-04-30 08:50:00	58.45383	17.66922	12	0	17	0	0	0	0	0.005	13.4	8	1027	17	1	32	0.1	236	-200	210	2000	285	1	0	0	0	0	0	0	0	1	0	40	0	0	0	215	-4	0	-10	5	
2026-04-30 08:55:00	58.45368	17.66937	12	0	18	0	0	0	0	0.005	13.4	8	1027	17	1	30	0.1	154	-200	210	2000	285	1	0	0	0	0	0	0	0	1	0	41	0	0	0	215	-4	0	-10	5	
2026-04-30 09:00:00	58.45365	17.66943	12	0	19	0	0	0	0	0.005	13.4	8	1027	17	1	34	0	132	-200	210	2000	285	1	0	1	0	0	0	0	0	1	0	39	1	0	0	215	-4	0	-10	5	
2026-04-30 09:05:00	58.45416	17.67069	12	0	20	0	0	0	0	0.005	13.4	9	1027	17	1	41	0.3	53	-300	210	2000	320	1	0	3	1	0	0	0	0	1	0	17	0	20	0	217	4	2	10	5	
2026-04-30 09:10:00	58.45383	17.67189	11	0	21	0	0	0	0	0.005	13.5	9	1027	17	1	33	0.3	117	-300	211	2000	320	1	0	2	3	1	0	0	0	1	0	23	1	15	0	219	0	2	-10	5	
2026-04-30 09:15:00	58.45395	17.67417	11	0	22	0	0	0	0	0.005	13.7	9	1027	17	1	31	0.4	84	-400	211	2000	320	1	0	3	2	3	1	0	0	1	0	7	0	32	0	222	0	2	10	5	
2026-04-30 09:20:00	58.45338	17.67618	12	0	23	0	0	0	0	0.005	13.6	9	1027	17	1	31	0.4	119	-600	212	2000	280	1	0	0	3	2	3	1	0	1	0	37	1	1	0	226	0	2	-10	5	
2026-04-30 09:25:00	58.45266	17.67681	12	0	24	0	0	0	0	0.005	13.6	9	1027	17	1	33	0.3	155	-600	212	2000	280	1	0	0	0	3	2	3	0	1	0	40	0	0	0	228	-4	1	-10	5	
2026-04-30 09:30:00	58.45251	17.6769	12	0	25	0	0	0	0	0.005	13.6	9	1027	17	1	33	0.1	165	-700	212	2000	280	1	0	0	0	0	3	2	0	1	0	40	0	0	0	228	-4	0	-10	5	
2026-04-30 09:35:00	58.4523	17.67717	13	0	26	0	0	0	0	0.005	13.6	9	1027	17	2	48	0.1	144	-700	212	2000	280	1	0	0	0	0	0	3	0	1	0	36	1	0	0	229	-4	0	-10	5	
2026-04-30 09:40:00	58.45221	17.67738	12	0	27	0	0	0	0	0.005	13.6	9	1027	17	1	32	0.1	135	-700	212	2000	280	1	0	1	0	0	0	0	0	1	0	39	1	0	0	230	-4	0	-10	5	
2026-04-30 09:45:00	58.45284	17.67861	11	0	28	0	0	0	0	0.005	13.6	9	1027	17	1	31	0.3	46	-700	212	2000	305	1	0	2	1	0	0	0	0	1	0	17	1	19	0	231	4	3	10	5	
2026-04-30 09:50:00	58.45368	17.68023	12	0	29	0	0	0	0	0.005	13.5	9	1027	17	1	30	0.4	45	-800	212	2000	305	1	0	3	2	1	0	0	0	1	0	0	0	40	0	232	0	1	10	5	
2026-04-30 09:55:00	58.45317	17.68266	12	0	0	0	0	0	0	0.005	13.5	9	1027	17	1	32	0.5	111	-900	213	2000	250	1	0	0	3	2	1	0	0	1	0	35	0	4	0	236	0	2	-10	5	
2026-04-30 10:00:00	58.45251	17.68329	40	0	1	0	0	0	0	0.005	13.5	9	1027	17	1	30	0.2	153	-1000	213	2000	250	1	0	0	0	3	2	1	0	1	0	40	0	0	0	239	-4	1	-10	5	
2026-04-30 10:05:00	58.45227	17.6832	11	0	2	0	0	0	0	0.005	13.5	10	1027	17	1	60	0.1	192	-1000	214	2000	250	1	0	0	0	0	3	2	0	1	0	35	0	0	0	239	-4	0	-10	5	
2026-04-30 10:10:00	58.45206	17.68311	11	0	3	0	0	0	0	0.005	13.5	10	1027	17	1	29	0.1	192	-1000	214	2000	250	1	0	0	0	0	0	3	0	1	0	41	0	0	0	239	-4	0	-10	5	
2026-04-30 10:15:00	58.45188	17.68314	11	0	4	0	0	0	0	0.005	13.5	10	1027	17	1	30	0.1	172	-1000	214	2000	250	1	0	0	0	0	0	0	0	1	0	41	0	0	0	240	-4	0	-10	5	
2026-04-30 10:20:00	58.45173	17.68335	11	0	5	0	0	0	0	0.005	13.5	10	1027	17	1	31	0.1	146	-1000	214	2000	250	1	0	1	0	0	0	0	0	1	0	40	0	0	0	240	-4	0	-10	5	
2026-04-30 10:25:00	58.45218	17.68458	12	0	6	0	0	0	0	0.005	13.5	10	1027	17	2	48	0.3	53	-1100	214	2000	310	1	0	3	1	0	0	0	0	1	0	17	0	19	0	241	4	2	10	5	
2026-04-30 10:30:00	58.45134	17.68701	11	0	7	0	0	0	0	0.005	13.5	10	1027	17	1	26	0.6	124	-1200	215	2000	310	1	0	0	3	1	0	0	0	1	0	29	0	11	0	247	0	2	-10	5	
2026-04-30 10:35:00	58.45038	17.68725	11	0	8	0	0	0	0	0.005	13.5	10	1027	17	1	30	0.4	172	-1300	215	2000	310	1	0	0	0	3	1	0	0	1	0	40	0	0	0	250	-4	1	-10	5	
2026-04-30 10:40:00	58.45005	17.68719	12	0	9	0	0	0	0	0.005	13.5	10	1027	17	1	27	0.1	188	-1300	215	2000	310	1	0	0	0	0	3	1	0	1	0	41	0	0	0	250	-4	0	-10	5	
2026-04-30 10:45:00	58.4496	17.68704	11	0	10	0	0	0	0	0.005	13.5	10	1027	17	1	31	0.2	189	-1300	215	2000	310	1	0	0	0	0	0	3	0	1	0	40	0	0	0	251	-4	0	-10	5	
2026-04-30 10:50:00	58.44912	17.68704	11	0	11	0	0	0	0	0.005	13.5	10	1027	17	1	27	0.2	179	-1400	215	2000	310	1	0	0	0	0	0	0	0	1	0	41	0	0	0	252	-4	0	-10	5	
2026-04-30 10:55:00	58.44864	17.68701	12	0	12	0	0	0	0	0.005	13.5	9	1027	17	1	29	0.2	182	-1400	215	2000	310	1	0	0	0	0	0	0	0	1	0	41	0	0	0	253	-4	0	-10	5	
2026-04-30 11:00:00	58.44822	17.6871	11	0	13	0	0	0	0	0.005	13.5	9	1027	17	1	30	0.2	175	-1400	215	2000	310	1	0	1	0	0	0	0	0	1	0	41	0	0	0	254	-4	0	-10	5	
2026-04-30 11:05:00	58.44885	17.68797	11	0	14	0	0	0	0	0.005	13.4	9	1027	17	1	36	0.3	37	-1400	215	2000	290	1	0	0	1	0	0	0	0	1	0	14	1	23	0	254	4	2	10	5	
2026-04-30 11:10:00	58.44858	17.68893	11	0	15	0	0	0	0	0.005	13.4	9	1027	17	1	28	0.2	118	-1500	216	2000	265	1	0	0	0	1	0	0	0	1	0	27	0	13	0	257	-4	2	-10	5	
2026-04-30 11:15:00	58.44816	17.68941	11	0	16	0	0	0	0	0.005	13.4	9	1027	17	1	27	0.2	149	-1500	216	2000	265	1	0	0	0	0	1	0	0	1	0	41	0	0	0	259	-4	0	-10	5	
2026-04-30 11:20:00	58.44768	17.68983	11	0	17	0	0	0	0	0.005	13.4	9	1027	17	1	29	0.2	155	-1600	216	2000	265	1	0	0	0	0	0	1	0	1	0	41	0	0	0	261	-4	0	-10	5	
2026-04-30 11:25:00	58.44732	17.69019	11	0	18	0	0	0	0	0.005	13.4	9	1027	17	1	26	0.1	151	-1600	216	2000	265	1	0	0	0	0	0	0	0	1	0	41	0	0	0	263	-4	0	-10	5	
2026-04-30 11:30:00	58.44708	17.69058	11	0	19	0	0	0	0	0.005	13.4	9	1027	17	1	29	0.1	141	-1600	217	2000	265	1	0	0	0	0	0	0	0	1	0	41	0	0	0	265	-4	0	-10	5	
2026-04-30 11:35:00	58.44678	17.69115	11	0	20	0	0	0	0	0.005	13.4	9	1027	17	1	29	0.2	135	-1700	217	2000	265	1	0	1	0	0	0	0	0	1	0	41	0	0	0	267	-4	0	-10	5	
2026-04-30 11:40:00	58.44717	17.69196	11	0	21	0	0	0	0	0.005	13.4	9	1027	17	1	30	0.2	48	-1700	217	2000	280	1	0	0	1	0	0	0	0	1	0	16	0	23	0	268	4	2	10	5	
2026-04-30 11:45:00	58.44723	17.69319	11	0	22	0	0	0	0	0.005	13.4	9	1027	18	1	28	0.2	84	-1800	217	2000	235	1	0	1	0	1	0	0	0	1	0	20	0	20	0	272	-4	2	-10	5	
2026-04-30 11:50:00	58.44768	17.69394	11	0	23	0	0	0	0	0.005	13.4	9	1027	18	1	28	0.2	41	-1800	217	2000	235	1	0	1	1	0	1	0	0	1	0	19	0	21	0	273	4	2	10	5	
2026-04-30 11:55:00	58.44813	17.69355	12	0	24	0	0	0	0	0.005	13.4	9	1027	18	1	31	0.2	335	-1700	217	2000	235	1	0	1	1	1	0	1	0	1	0	0	0	40	0	270	4	0	10	5	
2026-04-30 12:00:00	58.44849	17.69313	11	0	25	0	0	0	0	0.005	13.4	9	1027	18	1	34	0.2	331	-1700	217	2000	235	1	0	1	1	1	1	0	0	1	0	0	0	40	0	267	4	0	10	5	
2026-04-30 12:05:00	58.44885	17.69283	12	0	26	0	0	0	0	0.005	13.4	10	1027	17	1	35	0.1	335	-1700	216	2000	235	1	0	1	1	1	1	1	0	1	0	0	0	40	0	266	4	0	10	5	
2026-04-30 12:10:00	58.44924	17.6925	12	0	27	0	0	0	0	0.005	13.4	10	1027	17	1	28	0.2	335	-1600	216	2000	235	1	0	1	1	1	1	1	0	1	0	0	0	41	0	264	4	0	10	5	
2026-04-30 12:15:00	58.44966	17.69214	12	0	28	0	0	0	0	0.005	13.4	10	1027	17	1	30	0.2	337	-1600	216	2000	235	1	0	0	1	1	1	1	0	1	0	0	0	41	0	262	4	0	10	5	
2026-04-30 12:20:00	58.44948	17.69331	12	0	29	0	0	0	0	0.005	13.4	10	1027	17	1	28	0.2	106	-1700	216	2000	220	1	0	1	0	1	1	1	0	1	0	24	0	16	0	265	-4	2	-10	5	
2026-04-30 12:25:00	58.45011	17.69412	12	0	0	0	0	0	0	0.005	13.4	10	1027	17	1	30	0.3	34	-1700	216	2000	255	1	0	1	1	0	1	1	0	1	0	14	1	20	0	266	4	2	10	5	
2026-04-30 12:30:00	58.45053	17.69364	13	0	1	0	0	0	0	0.005	13.4	11	1027	17	1	28	0.2	330	-1600	216	2000	255	1	0	1	1	1	0	1	0	1	0	0	0	41	0	263	4	0	10	5	
2026-04-30 12:35:00	58.45095	17.69316	13	0	2	0	0	0	0	0.005	13.4	11	1026	17	1	31	0.2	327	-1600	216	2000	255	1	0	1	1	1	1	0	0	1	0	0	0	40	0	261	4	0	10	5	
2026-04-30 12:40:00	58.45131	17.69274	14	0	3	0	0	0	0	0.005	13.4	11	1027	17	1	33	0.2	330	-1500	216	2000	255	1	0	1	1	1	1	1	0	1	0	0	0	40	0	259	4	0	10	5	
2026-04-30 12:45:00	58.45167	17.69217	13	0	4	0	0	0	0	0.005	13.4	11	1027	17	1	31	0.2	321	-1500	216	2000	255	1	0	1	1	1	1	1	0	1	0	0	0	40	0	257	4	0	10	5	
2026-04-30 12:50:00	58.45197	17.69157	13	0	5	0	0	0	0	0.005	13.4	11	1027	17	2	46	0.2	312	-1400	215	2000	255	1	0	1	1	1	1	1	0	1	0	0	0	37	0	255	4	0	10	5	
2026-04-30 12:55:00	58.45233	17.69088	14	0	6	0	0	0	0	0.005	13.4	12	1027	17	1	32	0.2	316	-1400	215	2000	255	1	0	1	1	1	1	1	0	1	0	0	0	40	0	253	4	0	10	5	
2026-04-30 13:00:00	58.45269	17.69028	13	0	7	0	0	0	0	0.005	13.4	12	1026	17	3	67	0.2	318	-1300	215	2000	255	1	0	1	1	1	1	1	0	1	0	0	0	33	0	251	4	0	10	5	
2026-04-30 13:05:00	58.45305	17.68947	14	0	8	0	0	0	0	0.005	13.4	12	1026	17	3	62	0.2	310	-1300	215	2000	255	1	0	1	1	1	1	1	0	1	0	0	0	34	0	249	4	0	10	5	
2026-04-30 13:10:00	58.45338	17.6889	16	0	9	0	0	0	0	0.005	13.4	12	1026	17	1	32	0.2	318	-1200	214	2000	255	1	0	0	1	1	1	1	0	1	0	0	0	40	0	247	4	0	10	5	
2026-04-30 13:15:00	58.45329	17.69034	12	0	10	0	0	0	0	0.005	13.3	12	1026	17	1	33	0.3	95	-1300	215	2000	200	1	0	1	0	1	1	1	0	1	0	23	1	15	0	250	-4	2	-10	5	
2026-04-30 13:25:00	58.45437	17.68947	13	0	12	0	0	0	0	0.005	13.3	12	1026	17	3	94	0.2	313	-1200	214	2000	225	1	0	1	1	1	0	1	0	1	0	0	0	28	0	246	4	0	10	5	
2026-04-30 13:30:00	58.4547	17.68878	13	0	13	0	0	0	0	0.005	13.3	12	1026	17	1	41	0.2	311	-1100	214	2000	225	1	0	1	1	1	1	0	0	1	0	0	0	38	0	244	4	0	10	5	
2026-04-30 13:35:00	58.45503	17.68794	41	0	14	0	0	0	0	0.005	13.3	12	1026	17	2	54	0.2	307	-1100	214	2000	225	1	0	1	1	1	1	1	0	1	0	0	0	36	0	242	4	0	10	5	
2026-04-30 13:40:00	58.45527	17.68713	11	0	15	0	0	0	0	0.005	13.7	12	1026	17	1	59	0.2	301	-1000	214	2000	225	1	0	1	1	1	1	1	0	1	0	0	0	35	0	240	4	0	10	5	
2026-04-30 13:45:00	58.45548	17.68638	11	0	16	0	0	0	0	0.005	13.6	12	1026	17	1	33	0.2	299	-1000	213	2000	225	1	0	1	1	1	1	1	0	1	0	0	0	40	0	239	4	0	10	5	
2026-04-30 13:50:00	58.45572	17.68542	11	0	17	0	0	0	0	0.005	13.6	12	1026	17	1	29	0.2	294	-900	213	2000	225	1	0	1	1	1	1	1	0	1	0	0	0	41	0	237	4	0	10	5	
2026-04-30 13:55:00	58.4559	17.68461	11	0	18	0	0	0	0	0.005	13.6	12	1026	17	1	31	0.2	295	-900	213	2000	225	1	0	1	1	1	1	1	0	1	0	0	0	40	0	235	4	0	10	5	
2026-04-30 14:00:00	58.45611	17.68374	12	0	19	0	0	0	0	0.005	13.6	12	1026	17	2	57	0.2	294	-800	213	2000	225	1	0	1	1	1	1	1	0	1	0	0	0	35	0	233	4	0	10	5	
2026-04-30 14:05:00	58.4562	17.68254	11	0	20	0	0	0	0	0.005	13.6	12	1026	17	1	29	0.2	277	-700	212	2000	225	1	0	1	1	1	1	1	0	1	0	0	0	41	0	231	4	0	10	5	
2026-04-30 14:10:00	58.4562	17.68146	11	0	21	0	0	0	0	0.005	13.6	12	1026	17	1	32	0.2	270	-700	212	2000	225	1	0	1	1	1	1	1	0	1	0	0	0	40	0	229	4	0	10	5	
2026-04-30 14:15:00	58.45617	17.68032	11	0	22	0	0	0	0	0.005	13.6	12	1026	17	1	28	0.2	268	-600	212	2000	225	1	0	1	1	1	1	1	0	1	0	0	0	41	0	228	4	0	10	5	
2026-04-30 14:20:00	58.4562	17.67936	12	0	23	0	0	0	0	0.005	13.6	12	1026	17	1	29	0.2	274	-600	212	2000	225	1	0	1	1	1	1	1	0	1	0	0	0	41	0	226	4	0	10	5	
2026-04-30 14:25:00	58.45629	17.67855	12	0	24	0	0	0	0	0.005	13.6	11	1026	17	2	51	0.2	283	-500	211	2000	225	1	0	1	1	1	1	1	0	1	0	0	0	36	0	225	4	0	10	5	
2026-04-30 14:30:00	58.45644	17.67771	11	0	25	0	0	0	0	0.005	13.6	11	1026	17	1	30	0.2	286	-500	211	2000	225	1	0	1	1	1	1	1	0	1	0	0	0	41	0	223	4	0	10	5	
2026-04-30 14:35:00	58.45668	17.67684	11	0	26	0	0	0	0	0.005	13.5	11	1026	17	1	31	0.2	298	-400	211	2000	225	1	0	0	1	1	1	1	0	1	0	0	0	40	0	222	4	0	10	5	
2026-04-30 14:40:00	58.45683	17.67813	12	0	27	0	0	0	0	0.005	13.5	11	1026	17	2	46	0.3	75	-500	211	2000	185	1	0	1	0	1	1	1	0	1	0	21	0	15	0	223	-4	2	-10	5	
2026-04-30 14:45:00	58.45737	17.67801	12	0	28	0	0	0	0	0.005	13.5	11	1026	17	1	30	0.2	352	-500	211	2000	205	1	0	1	1	0	1	1	0	1	0	16	0	23	0	222	4	2	10	5	
2026-04-30 14:50:00	58.45764	17.67717	12	0	29	0	0	0	0	0.005	13.5	11	1026	17	1	31	0.2	302	-400	211	2000	205	1	0	1	1	1	0	1	0	1	0	0	0	40	0	221	4	0	10	5	
2026-04-30 14:55:00	58.45797	17.67615	12	0	0	0	0	0	0	0.005	13.5	10	1026	17	1	29	0.2	302	-300	211	2000	205	1	0	1	1	1	1	0	0	1	0	0	0	41	0	219	4	0	10	5	
2026-04-30 15:00:00	58.45839	17.67507	12	0	1	0	0	0	0	0.005	13.5	10	1026	17	1	26	0.3	308	-200	210	2000	205	1	0	1	1	1	1	1	0	1	0	0	0	41	0	216	4	0	10	5	
2026-04-30 15:05:00	58.45875	17.67417	12	0	2	0	0	0	0	0.005	13.5	10	1026	17	1	28	0.2	307	-200	210	2000	205	1	0	1	1	1	1	1	0	1	0	0	0	41	0	214	4	0	10	5	
2026-04-30 15:10:00	58.45908	17.67387	12	0	3	0	0	0	0	0.005	13.5	10	1026	17	1	28	0.1	332	-200	210	2000	205	1	0	0	1	1	1	1	0	1	0	0	0	41	0	213	4	0	10	5	
2026-04-30 15:15:00	58.4592	17.67537	12	0	4	0	0	0	0	0.005	13.5	10	1026	17	1	34	0.3	81	-200	210	2000	190	1	0	1	0	1	1	1	0	1	0	26	0	13	0	215	-4	2	-10	5	
2026-04-30 15:20:00	58.4598	17.67537	12	0	5	0	0	0	0	0.005	13.5	10	1026	17	1	33	0.2	360	-200	210	2000	210	1	0	1	1	0	1	1	0	1	0	13	1	25	0	215	4	2	10	5	
2026-04-30 15:25:00	58.46028	17.67465	12	0	6	0	0	0	0	0.005	13.5	10	1026	17	1	30	0.2	321	-100	210	2000	210	1	0	1	1	1	0	1	0	1	0	0	0	41	0	213	4	0	10	5	
2026-04-30 15:30:00	58.46076	17.67381	12	0	7	0	0	0	0	0.005	13.5	10	1026	17	1	29	0.2	319	-100	209	2000	210	1	0	1	1	1	1	0	0	1	0	0	0	41	0	211	4	0	10	5	
2026-04-30 15:35:00	58.46103	17.67285	12	0	8	0	0	0	0	0.005	13.5	10	1025	17	1	26	0.2	297	0	209	2000	210	1	0	1	1	1	1	1	0	1	0	0	0	41	0	209	4	0	10	5	
2026-04-30 15:40:00	58.46133	17.67192	12	0	9	0	0	0	0	0.005	13.5	10	1026	17	1	28	0.2	302	100	209	2000	210	1	0	1	1	1	1	1	0	1	0	0	0	41	0	207	4	0	10	5	
2026-04-30 15:45:00	58.46187	17.67024	12	0	10	0	0	0	0	0.005	13.4	10	1026	17	1	27	0.4	302	200	208	2000	210	1	0	0	1	1	1	1	0	1	0	0	0	41	0	204	4	0	10	5	
2026-04-30 15:50:00	58.46214	17.67201	20	0	11	0	0	0	0	0.005	13.4	10	1026	17	1	32	0.4	74	100	209	2000	190	1	0	1	0	1	1	1	0	1	0	28	0	11	0	206	-4	2	-10	5	
2026-04-30 15:55:00	58.46256	17.67117	12	0	12	0	0	0	0	0.005	13.4	10	1026	17	1	35	0.2	312	200	208	2000	185	1	0	1	1	0	1	1	0	1	0	14	1	23	0	204	4	3	10	5	
2026-04-30 16:00:00	58.46277	17.66946	40	0	13	0	0	0	0	0.005	13.4	9	1025	17	1	31	0.3	283	300	208	2000	185	1	0	1	1	1	0	1	0	1	0	0	0	40	0	201	4	0	10	5	
2026-04-30 16:05:00	58.46313	17.66844	12	0	14	0	0	0	0	0.005	13.4	9	1025	17	1	57	0.3	304	300	208	2000	185	1	0	1	1	1	1	0	0	1	0	0	0	35	0	199	4	0	10	5	
2026-04-30 16:10:00	58.46361	17.66736	11	0	15	0	0	0	0	0.005	13.4	9	1026	17	1	32	0.3	311	400	207	2000	185	1	0	1	1	1	1	1	0	1	0	0	0	40	0	197	4	0	10	5	
2026-04-30 16:15:00	58.46406	17.66673	11	0	16	0	0	0	0	0.005	13.4	9	1025	17	2	47	0.2	322	500	207	2000	185	1	0	1	1	1	1	1	0	1	0	0	3	34	0	195	4	0	10	5	
2026-04-30 16:20:00	58.46451	17.66604	11	0	17	0	0	0	0	0.005	13.4	9	1025	17	1	28	0.2	321	500	207	2000	185	1	0	0	1	1	1	1	0	1	0	0	3	38	0	193	4	0	10	5	
2026-04-30 16:25:00	58.46454	17.66811	12	0	18	0	0	0	0	0.005	13.4	9	1026	18	1	29	0.4	88	400	207	2000	195	1	0	1	0	1	1	1	0	1	0	27	0	13	0	197	-4	2	-10	5	
2026-04-30 16:30:00	58.46532	17.66775	11	0	19	0	0	0	0	0.005	13.4	9	1025	18	1	26	0.3	346	500	207	2000	210	1	0	0	1	0	1	1	0	1	0	10	1	29	0	195	4	2	10	5	
2026-04-30 16:35:00	58.46523	17.66934	11	0	20	0	0	0	0	0.005	13.4	9	1026	18	1	30	0.3	96	400	207	2000	220	1	0	0	0	1	0	1	0	1	0	28	0	11	0	197	-4	2	-10	5	
2026-04-30 16:40:00	58.46496	17.6706	12	0	21	0	0	0	0	0.005	13.4	9	1025	18	1	28	0.3	112	300	208	2000	220	1	0	0	0	0	1	0	0	1	0	41	0	0	0	200	-4	0	-10	5	
2026-04-30 16:45:00	58.46472	17.67234	12	0	22	0	0	0	0	0.005	13.4	8	1025	18	1	32	0.3	104	200	208	2000	220	1	0	0	0	0	0	1	0	1	0	40	0	0	0	202	-4	0	-10	5	
2026-04-30 16:50:00	58.46454	17.67354	11	0	23	0	0	0	0	0.005	13.4	8	1025	18	1	32	0.2	107	200	209	2000	220	1	0	0	0	0	0	0	0	1	0	39	1	0	0	205	-4	0	-10	5	
2026-04-30 16:55:00	58.46427	17.67486	13	0	24	0	0	0	0	0.005	13.4	8	1025	18	1	26	0.3	111	100	209	2000	220	1	0	0	0	0	0	0	0	1	0	40	1	0	0	207	-4	0	-10	5	
2026-04-30 17:00:00	58.46412	17.676	12	0	25	0	0	0	0	0.005	13.4	8	1025	18	2	55	0.2	104	0	209	2000	220	1	0	1	0	0	0	0	0	1	0	35	1	0	0	209	-4	0	-10	5	
2026-04-30 17:05:00	58.4652	17.67594	12	0	26	0	0	0	0	0.005	13.4	8	1025	18	2	48	0.4	359	100	209	2000	245	1	0	0	1	0	0	0	0	1	0	11	0	21	0	207	4	2	10	5	
2026-04-30 17:10:00	58.46517	17.67744	13	0	27	0	0	0	0	0.005	13.4	8	1025	18	1	29	0.3	90	0	209	2000	235	1	0	0	0	1	0	0	0	1	0	30	1	9	0	209	-4	2	-10	5	
2026-04-30 17:15:00	58.46496	17.67855	12	0	28	0	0	0	0	0.005	13.5	8	1025	18	1	27	0.2	110	-100	209	2000	235	1	0	0	0	0	1	0	0	1	0	41	0	0	0	211	-4	0	-10	5	
2026-04-30 17:20:00	58.46481	17.67975	12	0	29	0	0	0	0	0.005	13.6	8	1025	18	1	29	0.2	103	-100	210	2000	235	1	0	0	0	0	0	1	0	1	0	41	0	0	0	213	-4	0	-10	5	
2026-04-30 17:25:00	58.46442	17.68113	12	0	0	0	0	0	0	0.005	13.6	8	1025	18	3	70	0.3	119	-200	210	2000	235	1	0	0	0	0	0	0	0	1	0	33	0	0	0	216	-4	0	-10	5	
2026-04-30 17:30:00	58.464	17.68275	11	0	1	0	0	0	0	0.005	13.8	8	1025	18	1	29	0.4	117	-300	211	2000	235	1	0	0	0	0	0	0	0	1	0	41	0	0	0	219	-4	0	-10	5	
2026-04-30 17:35:00	58.46349	17.68419	12	0	2	0	0	0	0	0.005	13.9	8	1025	18	1	27	0.3	124	-400	211	2000	235	1	0	1	0	0	0	0	0	1	0	41	0	0	0	222	-4	0	-10	5	
2026-04-30 17:40:00	58.46442	17.68398	12	0	3	0	0	0	0	0.005	13.9	8	1025	18	1	34	0.4	354	-400	211	2000	240	1	0	0	1	0	0	0	0	1	0	10	0	29	0	220	4	2	10	5	
2026-04-30 17:45:00	58.46415	17.68554	11	0	4	0	0	0	0	0.005	13.9	8	1025	18	1	33	0.3	108	-500	211	2000	235	1	0	0	0	1	0	0	0	1	0	31	0	8	0	223	-4	2	-10	5	
2026-04-30 17:50:00	58.46376	17.68662	13	0	5	0	0	0	0	0.005	13.9	8	1025	18	1	28	0.3	125	-500	211	2000	235	1	0	0	0	0	1	0	0	1	0	41	0	0	0	225	-4	0	-10	5	
2026-04-30 17:55:00	58.46346	17.68764	11	0	6	0	0	0	0	0.005	13.9	8	1025	18	1	31	0.2	120	-600	212	2000	235	1	0	0	0	0	0	1	0	1	0	40	0	0	0	227	-4	0	-10	5	
2026-04-30 18:00:00	58.46304	17.68893	12	0	7	0	0	0	0	0.005	13.9	8	1025	18	1	28	0.3	121	-700	212	2000	235	1	0	0	0	0	0	0	0	1	0	41	0	0	0	230	-4	0	-10	5	
2026-04-30 18:05:00	58.46247	17.69052	11	0	8	0	0	0	0	0.005	13.9	8	1025	18	1	29	0.4	124	-800	212	2000	235	1	0	0	0	0	0	0	0	1	0	41	0	0	0	233	-4	0	-10	5	
2026-04-30 18:10:00	58.46229	17.69226	11	0	9	0	0	0	0	0.005	13.9	8	1025	18	1	29	0.3	101	-900	213	2000	235	1	0	1	0	0	0	0	0	1	0	40	1	0	0	236	-4	0	-10	5	
2026-04-30 18:15:00	58.46322	17.69214	13	0	10	0	0	0	0	0.005	13.9	8	1025	18	1	25	0.3	356	-900	213	2000	230	1	0	1	1	0	0	0	0	1	0	10	0	30	0	234	4	2	10	5	
2026-04-30 18:20:00	58.46397	17.69133	14	0	11	0	0	0	0	0.005	13.9	7	1025	18	1	38	0.3	331	-800	212	2000	230	1	0	1	1	1	0	0	0	1	0	0	0	39	0	232	4	0	10	5	
2026-04-30 18:25:00	58.46478	17.69064	13	0	12	0	0	0	0	0.005	13.9	7	1025	18	1	31	0.3	336	-700	212	2000	230	1	0	1	1	1	1	0	0	1	0	0	0	40	0	229	4	0	10	5	
2026-04-30 18:30:00	58.46568	17.69028	41	0	13	0	0	0	0	0.005	13.9	7	1025	18	1	31	0.3	348	-600	212	2000	230	1	0	1	1	1	1	1	0	1	0	0	2	38	0	227	4	0	10	5	
2026-04-30 18:35:00	58.46643	17.68983	11	0	14	0	0	0	0	0.005	13.8	7	1025	18	1	58	0.3	343	-600	211	2000	230	1	0	1	1	1	1	1	0	1	0	0	0	35	0	226	4	0	10	5	
2026-04-30 18:40:00	58.46727	17.6892	11	0	15	0	0	0	0	0.005	13.8	7	1025	18	1	28	0.3	339	-500	211	2000	230	1	0	0	1	1	1	1	0	1	0	0	2	39	0	223	4	0	10	5	
2026-04-30 18:45:00	58.46715	17.69079	11	0	16	0	0	0	0	0.005	13.8	7	1025	18	1	29	0.3	99	-600	211	2000	220	1	0	1	0	1	1	1	0	1	0	27	0	13	0	226	-4	2	-10	5	
2026-04-30 18:50:00	58.46814	17.69064	11	0	17	0	0	0	0	0.005	13.8	7	1025	18	1	28	0.4	356	-500	211	2000	230	1	0	0	1	0	1	1	0	1	0	10	0	30	0	224	4	2	10	5	
2026-04-30 18:55:00	58.46835	17.69205	11	0	18	0	0	0	0	0.005	13.8	7	1025	18	2	57	0.3	74	-600	211	2000	225	1	0	1	0	1	0	1	0	1	0	23	0	11	0	226	-4	2	-10	5	
2026-04-30 19:00:00	58.46916	17.69211	11	0	19	0	0	0	0	0.005	13.8	7	1025	18	1	30	0.3	2	-600	211	2000	220	1	0	1	1	0	1	0	0	1	0	11	0	28	0	225	4	2	10	5	
2026-04-30 19:05:00	58.46961	17.69193	11	0	20	0	0	0	0	0.005	13.8	7	1025	18	1	27	0.2	348	-600	211	2000	220	1	0	1	1	1	0	1	0	1	0	0	0	41	0	224	4	0	10	5	
2026-04-30 19:10:00	58.47018	17.69166	11	0	21	0	0	0	0	0.005	13.7	7	1026	18	1	31	0.2	347	-600	211	2000	220	1	0	1	1	1	1	0	0	1	0	0	1	39	0	222	4	0	10	5	
2026-04-30 19:15:00	58.47087	17.69109	11	0	22	0	0	0	0	0.005	13.7	7	1026	18	1	34	0.3	336	-600	211	2000	220	1	0	1	1	1	1	1	0	1	0	0	2	38	0	220	4	0	10	5	
2026-04-30 19:20:00	58.47147	17.69037	11	0	23	0	0	0	0	0.005	13.7	7	1025	18	2	46	0.3	330	-500	210	2000	220	1	0	1	1	1	1	1	0	1	0	0	0	37	0	218	4	0	10	5	
2026-04-30 19:25:00	58.47225	17.68971	11	0	24	0	0	0	0	0.005	13.7	7	1026	18	1	30	0.3	336	-600	210	2000	220	1	0	0	1	1	1	1	0	1	0	0	1	40	0	216	4	0	10	5	
2026-04-30 19:30:00	58.47273	17.6919	11	0	25	0	0	0	0	0.005	13.7	7	1025	18	1	26	0.5	67	-700	210	2000	190	1	0	1	0	1	1	1	0	1	0	30	0	10	0	219	-4	2	-10	5	
2026-04-30 19:35:00	58.47354	17.69208	11	0	26	0	0	0	0	0.005	13.7	7	1025	18	1	28	0.3	6	-700	210	2000	195	1	0	1	1	0	1	1	0	1	0	6	0	34	0	218	4	2	10	5	
2026-04-30 19:40:00	58.4742	17.69163	11	0	27	0	0	0	0	0.005	13.6	7	1026	18	2	44	0.3	339	-800	210	2000	195	1	0	1	1	1	0	1	0	1	0	0	1	37	0	216	4	0	10	5	
2026-04-30 19:45:00	58.47468	17.69151	11	0	28	0	0	0	0	0.005	13.6	7	1026	18	3	66	0.2	353	-800	210	2000	195	1	0	1	1	1	1	0	0	1	0	0	3	30	0	215	4	0	10	5	
2026-04-30 19:50:00	58.47528	17.69124	12	0	29	0	0	0	0	0.005	13.6	7	1025	18	1	27	0.2	347	-800	210	2000	195	1	0	1	1	1	1	1	0	1	0	0	3	38	0	214	4	0	10	5	
2026-04-30 19:55:00	58.47582	17.69088	11	0	0	0	0	0	0	0.005	13.6	7	1026	18	1	30	0.2	341	-900	210	2000	195	1	0	1	1	1	1	1	0	1	0	0	2	39	0	212	4	0	10	5	
2026-04-30 20:00:00	58.47663	17.69049	11	0	1	0	0	0	0	0.005	13.6	7	1025	18	1	31	0.3	346	-900	209	2000	195	1	0	0	1	1	1	1	0	1	0	0	8	32	0	210	4	0	10	5	
2026-04-30 20:05:00	58.4766	17.69226	11	0	2	0	0	0	0	0.005	13.6	7	1025	18	2	52	0.3	91	-1000	210	2000	215	1	0	0	0	1	1	1	0	1	0	25	0	10	0	213	-4	2	-10	5	
2026-04-30 20:10:00	58.47621	17.69421	12	0	3	0	0	0	0	0.005	13.6	7	1025	18	1	30	0.4	111	-1000	210	2000	215	1	0	0	0	0	1	1	0	1	0	41	0	0	0	216	-4	0	-10	5	
2026-04-30 20:15:00	58.47588	17.6958	11	0	4	0	0	0	0	0.005	13.6	7	1026	18	1	27	0.3	112	-1100	210	2000	215	1	0	0	0	0	0	1	0	1	0	41	0	0	0	219	-4	0	-10	5	
2026-04-30 20:20:00	58.4754	17.69748	11	0	5	0	0	0	0	0.005	13.6	7	1025	18	1	31	0.4	120	-1100	211	2000	215	1	0	0	0	0	0	0	0	1	0	40	0	0	0	223	-4	0	-10	5	
2026-04-30 20:25:00	58.47525	17.69919	11	0	6	0	0	0	0	0.005	13.6	7	1025	18	1	33	0.3	99	-1200	211	2000	215	1	0	1	0	0	0	0	0	1	0	38	2	0	0	225	-4	0	-10	5	
2026-04-30 20:30:00	58.47597	17.69925	11	0	7	0	0	0	0	0.005	13.6	7	1025	18	1	28	0.3	3	-1200	211	2000	225	1	0	0	1	0	0	0	0	1	0	11	0	29	0	224	4	2	10	5	
2026-04-30 20:35:00	58.476	17.70132	11	0	8	0	0	0	0	0.005	13.5	6	1025	18	3	65	0.4	89	-1300	211	2000	215	1	0	1	0	1	0	0	0	1	0	21	1	8	0	227	-4	2	-10	5	
2026-04-30 20:40:00	58.4769	17.70135	12	0	9	0	0	0	0	0.005	13.5	6	1025	18	1	31	0.3	1	-1400	211	2000	220	1	0	1	1	0	1	0	0	1	0	10	1	28	0	226	4	2	10	5	
2026-04-30 20:45:00	58.47768	17.70054	11	0	10	0	0	0	0	0.005	13.5	6	1025	18	1	27	0.3	331	-1400	211	2000	220	1	0	1	1	1	0	1	0	1	0	0	0	41	0	224	4	0	10	5	
2026-04-30 20:50:00	58.47846	17.69985	11	0	11	0	0	0	0	0.005	13.5	6	1025	18	3	91	0.3	335	-1400	211	2000	220	1	0	1	1	1	1	0	0	1	0	0	5	23	0	221	4	0	10	5	
2026-04-30 20:55:00	58.47912	17.6991	11	0	12	0	0	0	0	0.005	13.5	6	1025	18	1	30	0.3	330	-1500	210	2000	220	1	0	1	1	1	1	1	0	1	0	0	1	40	0	219	4	0	10	5	
2026-04-30 21:00:00	58.47966	17.69862	12	0	13	0	0	0	0	0.005	13.5	6	1025	18	1	30	0.2	336	-1500	210	2000	220	1	0	1	1	1	1	1	0	1	0	0	0	40	0	218	4	0	10	5	
2026-04-30 21:05:00	58.48023	17.6982	12	0	14	0	0	0	0	0.005	13.5	6	1025	18	2	58	0.2	338	-1500	210	2000	220	1	0	0	1	1	1	1	0	1	0	0	1	34	0	216	4	0	10	5	
2026-04-30 21:10:00	58.48014	17.70024	13	0	15	0	0	0	0	0.005	13.5	6	1025	18	1	33	0.4	96	-1600	210	2000	210	1	0	1	0	1	1	1	0	1	0	30	0	9	0	219	-4	2	-10	5	
2026-04-30 21:15:00	58.48092	17.70057	12	0	16	0	0	0	0	0.005	13.5	6	1025	18	3	71	0.3	13	-1700	210	2000	225	1	0	0	1	0	1	1	0	1	0	11	0	20	0	218	4	2	10	5	
2026-04-30 21:20:00	58.4808	17.70231	13	0	17	0	0	0	0	0.005	13.5	6	1025	18	1	33	0.3	97	-1700	211	2000	230	1	0	0	0	1	0	1	0	1	0	27	1	11	0	221	-4	2	-10	5	
2026-04-30 21:25:00	58.48026	17.70396	12	0	18	0	0	0	0	0.005	13.4	6	1025	18	1	30	0.4	122	-1800	211	2000	230	1	0	0	0	0	1	0	0	1	0	41	0	0	0	225	-4	0	-10	5	
2026-04-30 21:30:00	58.47963	17.70552	12	0	19	0	0	0	0	0.005	13.5	6	1025	18	1	30	0.4	127	-1800	211	2000	230	1	0	0	0	0	0	1	0	1	0	39	1	0	0	228	-4	0	-10	5	
2026-04-30 21:35:00	58.47903	17.70732	41	0	20	0	0	0	0	0.005	13.4	6	1025	18	1	26	0.4	123	-1800	212	2000	230	1	0	0	0	0	0	0	0	1	0	41	0	0	0	232	-4	0	-10	5	
2026-04-30 21:40:00	58.47822	17.70891	12	0	21	0	0	0	0	0.005	13.4	6	1025	18	2	75	0.5	133	-1900	212	2000	230	1	0	0	0	0	0	0	0	1	0	32	0	0	0	236	-4	0	-10	5	
2026-04-30 21:45:00	58.47828	17.71146	11	0	22	0	0	0	0	0.005	13.4	6	1025	18	1	27	0.5	87	-2000	213	2000	230	1	0	1	0	0	0	0	0	1	0	23	8	10	0	240	-4	0	-10	5	
2026-04-30 21:50:00	58.47906	17.71143	11	0	23	0	0	0	0	0.005	13.4	6	1025	18	2	42	0.3	360	-2000	213	2000	210	1	0	1	1	0	0	0	0	1	0	6	0	31	0	238	4	2	10	5	
2026-04-30 22:00:00	58.48092	17.71053	11	0	25	0	0	0	0	0.005	13.4	6	1025	18	3	93	0.4	1	-2100	212	2000	210	1	0	1	1	1	1	0	0	1	0	0	9	19	0	232	4	0	10	5	
2026-04-30 22:05:00	58.48164	17.70996	11	0	26	0	0	0	0	0.005	13.4	6	1025	18	1	27	0.3	338	-2100	212	2000	210	1	0	1	1	1	1	1	0	1	0	0	3	38	0	230	4	0	10	5	
2026-04-30 22:10:00	58.48248	17.7093	11	0	27	0	0	0	0	0.005	13.4	6	1025	18	2	58	0.3	337	-2200	212	2000	210	1	0	1	1	1	1	1	0	1	0	0	0	35	0	228	4	0	10	5	
2026-04-30 22:15:00	58.48329	17.70864	12	0	28	0	0	0	0	0.005	13.4	6	1025	18	1	28	0.3	337	-2200	211	2000	210	1	0	0	1	1	1	1	0	1	0	0	1	40	0	225	4	0	10	5	
2026-04-30 22:20:00	58.48305	17.71035	11	0	29	0	0	0	0	0.005	13.4	6	1025	18	1	31	0.3	105	-2200	212	2000	220	1	0	1	0	1	1	1	0	0	0	29	0	10	0	227	-4	2	-10	5	
2026-04-30 22:25:00	58.48419	17.71077	12	0	0	0	0	0	0	0.005	13.4	6	1025	18	1	29	0.4	11	-2300	211	2000	245	1	0	0	1	0	1	1	0	0	0	11	0	29	0	226	4	2	10	5	
2026-04-30 22:30:00	58.48395	17.71269	12	0	1	0	0	0	0	0.005	13.4	6	1025	18	1	31	0.4	103	-2400	212	2000	240	1	0	0	0	1	0	1	0	0	0	28	0	11	0	228	-4	2	-10	5	
2026-04-30 22:35:00	58.48335	17.71413	12	0	2	0	0	0	0	0.005	13.4	6	1025	18	1	29	0.4	130	-2400	212	2000	240	1	0	0	0	0	1	0	0	0	0	41	0	0	0	230	-4	0	-10	5	
2026-04-30 22:40:00	58.48269	17.71545	12	0	3	0	0	0	0	0.005	13.4	6	1025	18	1	27	0.3	134	-2400	213	2000	240	1	0	0	0	0	0	1	0	0	0	41	0	0	0	233	-4	0	-10	5	
2026-04-30 22:45:00	58.48185	17.71671	12	0	4	0	0	0	0	0.005	13.4	6	1025	18	1	33	0.4	142	-2400	213	2000	240	1	0	0	0	0	0	0	0	0	0	40	0	0	0	236	-4	0	-10	5	
2026-04-30 22:50:00	58.48089	17.71788	12	0	5	0	0	0	0	0.005	13.4	6	1025	18	1	29	0.4	147	-2400	213	2000	240	1	0	0	0	0	0	0	0	0	0	41	0	0	0	239	-4	0	-10	5	
2026-04-30 22:55:00	58.48002	17.71911	12	0	6	0	0	0	0	0.005	13.4	6	1025	18	1	31	0.4	144	-2500	214	2000	240	1	0	1	0	0	0	0	0	0	0	40	0	0	0	241	-4	0	-10	5	
2026-04-30 23:00:00	58.48098	17.71968	12	0	7	0	0	0	0	0.005	13.4	6	1025	18	1	30	0.4	16	-2500	214	2000	260	1	0	0	1	0	0	0	0	0	0	8	1	30	0	240	4	2	10	5	
2026-04-30 23:05:00	58.48059	17.72127	13	0	8	0	0	0	0	0.005	13.4	6	1025	18	1	33	0.3	115	-2600	214	2000	250	1	0	0	0	1	0	0	0	0	0	32	0	7	0	241	-4	2	-10	5	
2026-04-30 23:10:00	58.48014	17.72238	12	0	9	0	0	0	0	0.005	13.4	6	1025	18	1	28	0.3	128	-2600	214	2000	250	1	0	0	0	0	1	0	0	0	0	41	0	0	0	243	-4	0	-10	5	
2026-04-30 23:15:00	58.47969	17.72355	12	0	10	0	0	0	0	0.005	13.4	6	1025	18	1	26	0.3	127	-2700	214	2000	250	1	0	0	0	0	0	1	0	0	0	41	0	0	0	245	-4	0	-10	5	
2026-04-30 23:20:00	58.47933	17.72472	12	0	11	0	0	0	0	0.005	13.4	6	1025	18	1	29	0.3	120	-2700	215	2000	250	1	0	0	0	0	0	0	0	0	0	41	0	0	0	246	-4	0	-10	5	
2026-04-30 23:25:00	58.47891	17.72568	11	0	12	0	0	0	0	0.005	13.4	6	1025	18	1	27	0.2	130	-2800	215	2000	250	1	0	0	0	0	0	0	0	0	0	41	0	0	0	247	-4	0	-10	5	
2026-04-30 23:30:00	58.47822	17.72652	11	0	13	0	0	0	0	0.005	13.3	6	1025	18	1	25	0.3	147	-2800	215	2000	250	1	0	1	0	0	0	0	0	0	0	42	0	0	0	249	-4	0	-10	5	
2026-04-30 23:35:00	58.47915	17.72727	11	0	14	0	0	0	0	0.005	13.4	6	1025	18	1	27	0.4	22	-2800	215	2000	270	1	0	0	1	0	0	0	0	0	0	13	0	27	0	248	4	2	10	5	
2026-04-30 23:40:00	58.47876	17.72853	12	0	15	0	0	0	0	0.005	13.3	6	1025	18	1	34	0.3	121	-2900	215	2000	260	1	0	0	0	1	0	0	0	0	0	27	0	10	0	249	-4	2	-10	5	
2026-04-30 23:45:00	58.47822	17.7294	11	0	16	0	0	0	0	0.005	13.3	6	1025	18	1	28	0.3	140	-2900	216	2000	260	1	0	0	0	0	1	0	0	0	0	41	0	0	0	250	-4	0	-10	5	
2026-04-30 23:50:00	58.47756	17.73024	12	0	17	0	0	0	0	0.005	13.3	6	1024	18	3	64	0.3	146	-3000	216	2000	260	1	0	0	0	0	0	1	0	0	0	34	0	0	0	252	-4	0	-10	5	
2026-04-30 23:55:00	58.47687	17.73105	12	0	18	0	0	0	0	0.005	13.3	6	1025	18	2	47	0.3	149	-3000	216	2000	260	1	0	0	0	0	0	0	0	0	0	37	0	0	0	254	-4	0	-10	5	
2026-05-01 00:00:00	58.47603	17.73189	40	0	19	0	0	0	0	0.005	13.3	6	1025	18	1	28	0.3	153	-3000	217	2000	260	1	0	0	0	0	0	0	0	0	0	41	0	0	0	256	-4	0	-10	5	
2026-05-01 00:05:00	58.47534	17.73261	12	0	20	0	0	0	0	0.005	13.3	6	1024	18	3	93	0.3	151	-3000	217	2000	260	1	0	1	0	0	0	0	0	0	0	28	0	0	0	257	-4	0	-10	5	
2026-05-01 00:10:00	58.47636	17.73348	11	0	21	0	0	0	0	0.005	13.3	6	1025	18	1	31	0.4	25	-3100	217	2000	270	1	0	0	1	0	0	0	0	0	0	8	0	31	0	256	4	2	10	5	
2026-05-01 00:15:00	58.47627	17.73468	13	0	22	0	0	0	0	0.005	13.3	6	1025	18	3	65	0.2	97	-3200	217	2000	260	1	0	0	0	1	0	0	0	0	0	22	0	10	0	256	-4	2	-10	5	
2026-05-01 00:20:00	58.47585	17.7357	13	0	23	0	0	0	0	0.005	13.3	6	1024	18	1	34	0.3	128	-3200	217	2000	260	1	0	0	0	0	1	0	0	0	0	39	1	0	0	257	-4	0	-10	5	
2026-05-01 00:25:00	58.4754	17.7366	12	0	24	0	0	0	0	0.005	13.3	6	1024	18	2	53	0.2	133	-3200	217	2000	260	1	0	0	0	0	0	1	0	0	0	36	0	0	0	258	-4	0	-10	5	
2026-05-01 00:30:00	58.47501	17.73756	12	0	25	0	0	0	0	0.005	13.3	6	1024	18	1	28	0.2	129	-3300	218	2000	260	1	0	0	0	0	0	0	0	0	0	41	0	0	0	259	-4	0	-10	5	
2026-05-01 00:35:00	58.47456	17.73852	12	0	26	0	0	0	0	0.005	13.3	6	1024	18	1	28	0.2	131	-3300	218	2000	260	1	0	0	0	0	0	0	0	0	0	41	0	0	0	260	-4	0	-10	5	
2026-05-01 00:40:00	58.47396	17.73936	12	0	27	0	0	0	0	0.005	13.3	6	1024	18	2	60	0.3	144	-3400	218	2000	260	1	0	1	0	0	0	0	0	0	0	34	0	0	0	261	-4	0	-10	5	
2026-05-01 00:50:00	58.47474	17.74143	13	0	29	0	0	0	0	0.005	13.3	6	1024	18	3	81	0.2	93	-3500	218	2000	265	1	0	0	0	1	0	0	0	0	0	18	0	11	0	260	-4	2	-10	5	
2026-05-01 01:00:00	58.47366	17.74293	13	0	1	0	0	0	0	0.005	13.3	6	1024	18	0	109	0.2	140	-3600	219	2000	265	1	0	0	0	0	0	1	0	0	0	25	0	0	0	262	-4	0	-10	5	
2026-05-01 01:05:00	58.47312	17.74368	12	0	2	0	0	0	0	0.005	13.3	6	1024	18	2	49	0.2	145	-3600	219	2000	265	1	0	0	0	0	0	0	0	0	0	37	0	0	0	263	-4	0	-10	5	
2026-05-01 01:10:00	58.4727	17.74437	12	0	3	0	0	0	0	0.005	13.3	6	1024	18	2	48	0.2	140	-3600	219	2000	265	1	0	0	0	0	0	0	0	0	0	37	0	0	0	264	-4	0	-10	5	
2026-05-01 01:15:00	58.47198	17.74497	12	0	4	0	0	0	0	0.005	13.3	6	1024	18	1	32	0.3	156	-3700	220	2000	265	1	0	1	0	0	0	0	0	0	0	40	0	0	0	266	-4	0	-10	5	
2026-05-01 01:20:00	58.473	17.74602	12	0	5	0	0	0	0	0.005	13.2	6	1024	18	1	26	0.4	28	-3700	219	2000	275	1	0	0	1	0	0	0	0	0	0	10	0	30	0	264	4	2	10	5	
2026-05-01 01:25:00	58.47267	17.74725	13	0	6	0	0	0	0	0.005	13.3	6	1024	18	1	30	0.3	118	-3800	220	2000	265	1	0	0	0	1	0	0	0	0	0	28	0	11	0	265	-4	2	-10	5	
2026-05-01 01:30:00	58.47219	17.74788	13	0	7	0	0	0	0	0.005	13.2	6	1024	18	1	33	0.2	146	-3800	220	2000	265	1	0	0	0	0	1	0	0	0	0	40	0	0	0	265	-4	0	-10	5	
2026-05-01 01:35:00	58.47132	17.74863	13	0	8	0	0	0	0	0.005	13.2	6	1024	18	2	80	0.4	155	-3900	220	2000	265	1	0	0	0	0	0	1	0	0	0	31	0	0	0	267	-4	0	-10	5	
2026-05-01 01:40:00	58.47027	17.74854	12	0	9	0	0	0	0	0.005	13.2	6	1024	18	2	49	0.4	183	-3900	221	2000	265	1	0	0	0	0	0	0	0	0	0	37	0	0	0	269	-4	0	-10	5	
2026-05-01 01:45:00	58.46943	17.74872	12	0	10	0	0	0	0	0.005	13.2	6	1024	18	1	29	0.3	173	-3900	221	2000	265	1	0	0	0	0	0	0	0	0	0	41	0	0	0	270	-4	0	-10	5	
2026-05-01 01:50:00	58.46844	17.74887	13	0	11	0	0	0	0	0.005	13.2	6	1024	18	1	33	0.4	175	-3900	221	2000	265	1	0	1	0	0	0	0	0	0	0	40	0	0	0	272	-4	0	-10	5	
2026-05-01 01:55:00	58.46946	17.74959	12	0	12	0	0	0	0	0.005	13.2	6	1024	18	1	30	0.4	20	-3900	221	2000	280	1	0	0	1	0	0	0	0	0	0	9	0	30	0	270	4	2	10	5	
2026-05-01 02:00:00	58.46892	17.75049	16	0	13	0	0	0	0	0.005	13.2	6	1024	18	1	28	0.3	139	-4000	221	2000	265	1	0	1	0	1	0	0	0	0	0	31	0	9	0	271	-4	2	-10	5	
2026-05-01 02:05:00	58.46991	17.75115	41	0	14	0	0	0	0	0.005	13.2	6	1024	18	1	35	0.4	19	-4000	221	2000	265	1	0	1	1	0	1	0	0	0	0	9	0	29	0	269	4	2	10	5	
2026-05-01 02:10:00	58.47078	17.75115	11	0	15	0	0	0	0	0.005	13.2	6	1024	18	1	62	0.4	359	-4000	221	2000	265	1	0	1	1	1	0	1	0	0	0	0	2	32	0	268	4	0	10	5	
2026-05-01 02:15:00	58.47195	17.7513	11	0	16	0	0	0	0	0.005	13.2	6	1024	18	1	45	0.4	4	-4000	221	2000	265	1	0	1	1	1	1	0	0	0	0	0	0	38	0	266	4	0	10	5	
2026-05-01 02:20:00	58.47282	17.75148	12	0	17	0	0	0	0	0.005	13.2	6	1024	18	1	31	0.3	7	-4100	220	2000	265	1	0	1	1	1	1	1	0	0	0	0	1	39	0	265	4	0	10	5	
2026-05-01 02:25:00	58.47393	17.75166	12	0	18	0	0	0	0	0.005	13.2	6	1024	18	2	60	0.4	5	-4100	220	2000	265	1	0	1	1	1	1	1	0	0	0	0	0	35	0	263	4	0	10	5	
2026-05-01 02:30:00	58.47486	17.75196	11	0	19	0	0	0	0	0.005	13.2	6	1024	18	1	29	0.3	10	-4100	220	2000	265	1	0	0	1	1	1	1	0	0	0	0	1	40	0	262	4	0	10	5	
2026-05-01 02:35:00	58.47459	17.75325	13	0	20	0	0	0	0	0.005	13.2	6	1024	18	2	53	0.3	111	-4200	220	2000	245	1	0	1	0	1	1	1	0	0	0	25	0	10	0	262	-4	2	-10	5	
2026-05-01 02:40:00	58.47528	17.7543	11	0	21	0	0	0	0	0.005	13.2	6	1024	18	1	32	0.3	38	-4300	220	2000	265	1	0	0	1	0	1	1	0	0	0	14	1	24	0	261	4	2	10	5	
2026-05-01 02:45:00	58.47522	17.75529	11	0	22	0	0	0	0	0.005	13.2	6	1024	18	2	48	0.2	96	-4300	220	2000	270	1	0	0	0	1	0	1	0	0	0	24	0	12	0	261	-4	2	-10	5	
2026-05-01 02:50:00	58.47492	17.75586	11	0	23	0	0	0	0	0.005	13.2	6	1024	18	1	29	0.2	135	-4300	220	2000	270	1	0	0	0	0	1	0	0	0	0	41	0	0	0	262	-4	0	-10	5	
2026-05-01 02:55:00	58.47459	17.75628	12	0	24	0	0	0	0	0.005	13.2	6	1024	18	1	32	0.1	145	-4400	221	2000	270	1	0	0	0	0	0	1	0	0	0	40	0	0	0	262	-4	0	-10	5	
2026-05-01 03:00:00	58.47438	17.75673	11	0	25	0	0	0	0	0.005	13.2	6	1024	18	1	26	0.1	132	-4400	221	2000	270	1	0	0	0	0	0	0	0	0	0	41	0	0	0	263	-4	0	-10	5	
2026-05-01 03:05:00	58.47414	17.7573	12	0	26	0	0	0	0	0.005	13.2	6	1024	18	1	24	0.1	130	-4400	221	2000	270	1	0	0	0	0	0	0	0	0	0	42	0	0	0	263	-4	0	-10	5	
2026-05-01 03:10:00	58.47399	17.75778	12	0	27	0	0	0	0	0.005	13.2	6	1024	18	1	27	0.1	122	-4400	221	2000	270	1	0	1	0	0	0	0	0	0	0	41	0	0	0	263	-4	0	-10	5	
2026-05-01 03:15:00	58.47396	17.75892	13	0	28	0	0	0	0	0.005	13.2	6	1024	18	1	39	0.2	92	-4500	221	2000	340	1	0	3	1	0	0	0	0	0	0	24	6	5	0	264	4	2	10	5	
2026-05-01 03:20:00	58.47408	17.75997	13	0	29	0	0	0	0	0.005	13.2	6	1024	18	1	31	0.2	77	-4600	221	2000	340	1	0	2	3	1	0	0	0	0	0	24	6	9	0	263	0	3	-10	5	
2026-05-01 03:25:00	58.47414	17.76108	12	0	0	0	0	0	0	0.005	13.2	6	1024	18	1	30	0.2	86	-4600	221	2000	75	1	0	3	2	3	1	0	0	0	0	36	4	0	0	264	0	1	10	5	
2026-05-01 03:30:00	58.47417	17.76219	12	0	1	0	0	0	0	0.005	13.3	6	1024	18	1	31	0.2	87	-4700	222	2000	240	1	0	0	3	2	3	1	0	0	0	24	3	12	0	264	0	2	-10	5	
2026-05-01 03:35:00	58.47414	17.76297	12	0	2	0	0	0	0	0.005	13.3	6	1024	18	1	26	0.2	91	-4700	222	2000	240	1	0	0	0	3	2	3	0	0	0	38	3	0	0	264	-4	1	-10	5	
2026-05-01 03:40:00	58.47402	17.76339	12	0	3	0	0	0	0	0.005	13.3	6	1024	18	1	28	0.1	122	-4800	222	2000	240	1	0	0	0	0	3	2	0	0	0	41	0	0	0	264	-4	0	-10	5	
2026-05-01 03:45:00	58.47381	17.76363	12	0	4	0	0	0	0	0.005	13.4	6	1024	18	1	29	0.1	149	-4800	222	2000	240	1	0	1	0	0	0	3	0	0	0	41	0	0	0	264	-4	0	-10	5	
2026-05-01 03:50:00	58.47432	17.76465	11	0	5	0	0	0	0	0.005	13.4	6	1024	18	1	32	0.3	45	-4800	222	2000	300	1	0	0	1	0	0	0	0	0	0	16	0	23	0	264	4	2	10	5	
2026-05-01 03:55:00	58.47444	17.76552	13	0	6	0	0	0	0	0.005	13.4	6	1024	18	2	71	0.2	77	-4900	222	2000	280	1	0	0	0	1	0	0	0	0	0	12	4	15	0	263	-4	3	-10	5	
2026-05-01 04:00:00	58.47426	17.76576	41	0	7	0	0	0	0	0.005	13.5	6	1024	18	1	29	0.1	145	-4900	222	2000	280	1	0	0	0	0	1	0	0	0	0	41	0	0	0	264	-4	0	-10	5	
2026-05-01 04:05:00	58.47417	17.76612	11	0	8	0	0	0	0	0.005	13.5	6	1024	18	1	62	0.1	114	-4900	222	2000	280	1	0	0	0	0	0	1	0	0	0	34	0	0	0	264	-4	0	-10	5	
2026-05-01 04:15:00	58.47411	17.76705	13	0	10	0	0	0	0	0.005	13.8	6	1024	18	3	93	0.1	125	-5000	222	2000	280	1	0	0	0	0	0	0	0	0	0	27	1	0	0	264	-4	0	-10	5	
2026-05-01 04:20:00	58.47405	17.76747	11	0	11	0	0	0	0	0.005	13.8	6	1024	18	1	32	0.1	101	-5000	222	2000	280	1	0	1	0	0	0	0	0	0	0	40	0	0	0	264	-4	0	-10	5	
2026-05-01 04:25:00	58.47423	17.76867	11	0	12	0	0	0	0	0.005	13.8	6	1024	18	2	49	0.2	76	-5100	222	2000	335	1	0	3	1	0	0	0	0	0	0	17	1	18	0	264	4	2	10	5	
2026-05-01 04:30:00	58.47423	17.77002	11	0	13	0	0	0	0	0.005	13.7	6	1024	18	2	46	0.3	90	-5100	223	2000	335	1	0	2	3	1	0	0	0	0	0	25	4	7	0	264	0	2	-10	5	
2026-05-01 04:35:00	58.47438	17.77164	11	0	14	0	0	0	0	0.005	13.7	6	1024	18	1	32	0.3	80	-5200	223	2000	310	1	0	0	2	3	1	0	0	0	0	7	9	23	0	264	0	2	10	5	
2026-05-01 04:40:00	58.47414	17.7726	11	0	15	0	0	0	0	0.005	13.7	6	1024	18	3	68	0.2	116	-5300	223	2000	310	1	0	0	0	2	3	1	0	0	0	31	2	0	0	264	-4	1	-10	5	
2026-05-01 04:45:00	58.47399	17.77293	11	0	16	0	0	0	0	0.005	13.6	6	1024	18	2	61	0.1	130	-5300	223	2000	310	1	0	0	0	0	2	3	0	0	0	33	1	0	0	265	-4	0	-10	5	
2026-05-01 04:55:00	58.4739	17.77401	11	0	18	0	0	0	0	0.005	13.6	6	1024	18	3	105	0.1	95	-5400	223	2000	310	1	0	1	0	0	0	0	0	0	0	18	8	0	0	265	-4	0	-10	5	
2026-05-01 05:05:00	58.47429	17.77578	11	0	20	0	0	0	0	0.005	13.6	6	1024	18	3	97	0.2	73	-5500	223	2000	310	1	0	0	0	1	0	0	0	0	0	8	3	15	0	264	-4	2	-10	5	
2026-05-01 05:10:00	58.47402	17.77599	11	0	21	0	0	0	0	0.005	13.6	6	1024	18	1	30	0.1	160	-5500	223	2000	310	1	0	0	0	0	1	0	0	0	0	40	1	0	0	265	-4	0	-10	5	
2026-05-01 05:15:00	58.47366	17.77596	11	0	22	0	0	0	0	0.005	13.5	6	1024	18	3	89	0.1	182	-5500	224	2000	310	1	0	0	0	0	0	1	0	0	0	29	0	0	0	265	-4	0	-10	5	
2026-05-01 05:30:00	58.47261	17.7756	11	0	25	0	0	0	0	0.005	13.5	7	1024	18	3	94	0.1	185	-5500	224	2000	310	1	0	1	0	0	0	0	0	0	0	27	1	0	0	266	-4	0	-10	5	
2026-05-01 05:35:00	58.47303	17.77614	12	0	26	0	0	0	0	0.005	13.5	7	1024	18	2	50	0.2	34	-5500	224	2000	290	1	0	0	1	0	0	0	0	0	0	19	0	14	0	266	4	2	10	5	
2026-05-01 05:45:00	58.47273	17.77701	12	0	28	0	0	0	0	0.005	13.5	7	1024	18	3	87	0.1	130	-5500	224	2000	270	1	0	0	0	0	1	0	0	0	0	29	0	0	0	266	-4	0	-10	5	
2026-05-01 05:50:00	58.47246	17.77701	11	0	29	0	0	0	0	0.005	13.4	7	1024	18	2	53	0.1	181	-5500	224	2000	270	1	0	0	0	0	0	1	0	0	0	36	0	0	0	267	-4	0	-10	5	
2026-05-01 05:55:00	58.4721	17.77686	12	0	0	0	0	0	0	0.005	13.4	7	1024	18	1	30	0.1	193	-5500	224	2000	270	1	0	0	0	0	0	0	0	0	0	40	0	0	0	267	-4	0	-10	5	
2026-05-01 06:00:00	58.47177	17.77689	13	0	1	0	0	0	0	0.005	13.4	7	1024	18	1	32	0.1	176	-5500	224	2000	270	1	0	0	0	0	0	0	0	0	0	40	0	0	0	267	-4	0	-10	5	
2026-05-01 06:05:00	58.47147	17.77677	13	0	2	0	0	0	0	0.005	13.4	7	1024	18	1	32	0.1	191	-5500	224	2000	270	1	0	1	0	0	0	0	0	0	0	40	0	0	0	268	-4	0	-10	5	
2026-05-01 06:10:00	58.47213	17.77722	13	0	3	0	0	0	0	0.005	13.4	7	1024	18	1	32	0.3	18	-5500	224	2000	285	1	0	0	1	0	0	0	0	0	0	14	0	25	0	267	4	2	10	5	
2026-05-01 06:15:00	58.47204	17.77788	13	0	4	0	0	0	0	0.005	13.4	7	1024	18	1	31	0.1	108	-5600	224	2000	260	1	0	1	0	1	0	0	0	0	0	24	1	14	0	267	-4	2	-10	5	
2026-05-01 06:20:00	58.47288	17.77803	14	0	5	0	0	0	0	0.005	13.4	7	1024	18	2	52	0.3	6	-5600	224	2000	255	1	0	1	1	0	1	0	0	0	0	13	1	21	0	266	4	2	10	5	
2026-05-01 06:25:00	58.47357	17.77752	16	0	6	0	0	0	0	0.005	13.4	8	1024	18	1	30	0.3	339	-5600	224	2000	255	1	0	1	1	1	0	1	0	0	0	0	0	41	0	265	4	0	10	5	
2026-05-01 06:30:00	58.47444	17.77692	14	0	7	0	0	0	0	0.005	13.4	8	1024	18	1	35	0.3	339	-5500	223	2000	255	1	0	1	1	1	1	0	0	0	0	0	0	40	0	264	4	0	10	5	
2026-05-01 06:35:00	58.47519	17.77626	13	0	8	0	0	0	0	0.005	13.4	8	1024	18	1	30	0.3	335	-5500	223	2000	255	1	0	1	1	1	1	1	0	0	0	0	0	41	0	263	4	0	10	5	
2026-05-01 06:40:00	58.476	17.77575	14	0	9	0	0	0	0	0.005	13.4	8	1024	18	1	30	0.3	343	-5500	223	2000	255	1	0	1	1	1	1	1	0	0	0	0	0	40	0	262	4	0	10	5	
2026-05-01 06:45:00	58.47675	17.7753	13	0	10	0	0	0	0	0.005	13.4	8	1024	18	1	30	0.3	342	-5500	223	2000	255	1	0	0	1	1	1	1	0	0	0	0	0	40	0	261	4	0	10	5	
2026-05-01 06:50:00	58.47645	17.77629	12	0	11	0	0	0	0	0.005	13.4	8	1024	18	1	30	0.2	119	-5500	223	2000	235	1	0	1	0	1	1	1	0	0	0	26	1	12	0	262	-4	2	-10	5	
2026-05-01 06:55:00	58.47726	17.77656	13	0	12	0	0	0	0	0.005	13.4	8	1024	18	1	26	0.3	9	-5600	223	2000	250	1	0	1	1	0	1	1	0	0	0	13	0	27	0	261	4	2	10	5	
2026-05-01 07:00:00	58.47798	17.77605	12	0	13	0	0	0	0	0.005	13.4	8	1024	18	1	29	0.3	340	-5600	223	2000	250	1	0	1	1	1	0	1	0	0	0	0	0	41	0	260	4	0	10	5	
2026-05-01 07:05:00	58.47873	17.77539	11	0	14	0	0	0	0	0.005	13.4	8	1024	17	1	27	0.3	335	-5500	222	2000	250	1	0	1	1	1	1	0	0	0	0	0	0	41	0	259	4	0	10	5	
2026-05-01 07:10:00	58.47948	17.77485	12	0	15	0	0	0	0	0.005	13.4	8	1024	17	1	29	0.3	339	-5500	222	2000	250	1	0	1	1	1	1	1	0	0	0	0	0	41	0	258	4	0	10	5	
2026-05-01 07:15:00	58.48032	17.77419	13	0	16	0	0	0	0	0.005	13.4	8	1024	17	1	28	0.3	338	-5500	222	2000	250	1	0	1	1	1	1	1	0	0	0	0	0	41	0	257	4	0	10	5	
2026-05-01 07:20:00	58.48101	17.77359	13	0	17	0	0	0	0	0.005	13.4	8	1024	17	1	30	0.3	335	-5500	222	2000	250	1	0	0	1	1	1	1	0	0	0	0	0	41	0	256	4	0	10	5	
2026-05-01 07:25:00	58.48089	17.77467	13	0	18	0	0	0	0	0.005	13.4	8	1023	17	1	28	0.2	103	-5500	222	2000	225	1	0	1	0	1	1	1	0	0	0	26	0	14	0	257	-4	2	-10	5	
2026-05-01 07:30:00	58.48173	17.77485	11	0	19	0	0	0	0	0.005	13.4	8	1023	17	1	33	0.3	6	-5600	222	2000	245	1	0	1	1	0	1	1	0	0	0	13	0	26	0	256	4	2	10	5	
2026-05-01 07:35:00	58.48245	17.77431	11	0	20	0	0	0	0	0.005	13.4	8	1023	17	1	36	0.3	339	-5600	221	2000	245	1	0	1	1	1	0	1	0	0	0	0	0	39	0	255	4	0	10	5	
2026-05-01 07:40:00	58.48335	17.77401	12	0	21	0	0	0	0	0.005	13.4	9	1024	17	1	31	0.3	350	-5600	221	2000	245	1	0	1	1	1	1	0	0	0	0	0	0	40	0	254	4	0	10	5	
2026-05-01 07:45:00	58.48428	17.7735	37	0	22	0	0	0	0	0.005	13.3	9	1023	17	1	33	0.3	344	-5600	221	2000	245	1	0	1	1	1	1	1	0	0	0	0	0	40	0	253	4	0	10	5	
2026-05-01 07:50:00	58.48494	17.7732	11	0	23	0	0	0	0	0.005	13.7	9	1023	17	1	53	0.3	346	-5600	221	2000	245	1	0	1	1	1	1	1	0	0	0	0	0	36	0	252	4	0	10	5	
2026-05-01 07:55:00	58.48563	17.77284	11	0	24	0	0	0	0	0.005	13.7	9	1024	17	2	52	0.3	346	-5600	220	2000	245	1	0	0	1	1	1	1	0	0	0	0	0	36	0	251	4	0	10	5	
2026-05-01 08:00:00	58.48557	17.7741	11	0	25	0	0	0	0	0.005	13.6	9	1023	17	1	31	0.2	95	-5600	221	2000	225	1	0	1	0	1	1	1	0	0	0	26	0	13	0	251	-4	2	-10	5	
2026-05-01 08:05:00	58.48647	17.7744	11	0	26	0	0	0	0	0.005	13.6	9	1023	17	1	31	0.3	10	-5700	220	2000	245	1	0	1	1	0	1	1	0	0	0	15	0	24	0	251	4	2	10	5	
2026-05-01 08:10:00	58.48728	17.77368	12	0	27	0	0	0	0	0.005	13.6	9	1023	17	1	29	0.3	335	-5700	220	2000	245	1	0	1	1	1	0	1	0	0	0	0	0	41	0	250	4	0	10	5	
2026-05-01 08:15:00	58.48803	17.7729	11	0	28	0	0	0	0	0.005	13.6	9	1024	17	1	27	0.3	331	-5700	220	2000	245	1	0	1	1	1	1	0	0	0	0	0	0	41	0	249	4	0	10	5	
2026-05-01 08:20:00	58.48875	17.77206	11	0	29	0	0	0	0	0.005	13.6	9	1024	17	1	29	0.3	329	-5700	220	2000	245	1	0	1	1	1	1	1	0	0	0	0	0	41	0	248	4	0	10	5	
2026-05-01 08:25:00	58.48941	17.77107	11	0	0	0	0	0	0	0.005	13.6	9	1024	17	1	27	0.3	322	-5600	219	2000	245	1	0	1	1	1	1	1	0	0	0	0	0	41	0	247	4	0	10	5	
2026-05-01 08:30:00	58.49016	17.76999	12	0	1	0	0	0	0	0.005	13.6	9	1023	17	1	31	0.3	323	-5600	219	2000	245	1	0	0	1	1	1	1	0	0	0	0	0	40	0	246	4	0	10	5	
2026-05-01 08:35:00	58.49019	17.77161	11	0	2	0	0	0	0	0.005	13.6	9	1023	17	1	28	0.3	88	-5700	219	2000	205	1	0	1	0	1	1	1	0	0	0	29	0	11	0	246	-4	2	-10	5	
2026-05-01 08:45:00	58.49178	17.77092	13	0	4	0	0	0	0	0.005	13.5	10	1023	17	3	95	0.3	327	-5700	219	2000	230	1	0	1	1	1	0	1	0	0	0	0	0	28	0	244	4	0	10	5	
2026-05-01 08:55:00	58.49316	17.76912	11	0	6	0	0	0	0	0.005	13.5	10	1023	17	3	94	0.3	324	-5700	218	2000	230	1	0	1	1	1	1	1	0	0	0	0	0	28	0	243	4	0	10	5	
2026-05-01 09:05:00	58.49454	17.76711	12	0	8	0	0	0	0	0.005	13.5	10	1023	17	3	78	0.3	321	-5700	218	2000	230	1	0	0	1	1	1	1	0	0	0	0	0	31	0	241	4	0	10	5	
2026-05-01 09:10:00	58.4946	17.76858	12	0	9	0	0	0	0	0.005	13.5	10	1023	17	3	70	0.3	84	-5800	218	2000	205	1	0	1	0	1	1	1	0	0	0	21	1	9	0	241	-4	2	-10	5	
2026-05-01 09:20:00	58.49598	17.76723	12	0	11	0	0	0	0	0.005	13.4	10	1023	17	3	81	0.3	314	-5800	218	2000	220	1	0	1	1	1	0	1	0	0	0	0	0	30	0	239	4	0	10	5	
2026-05-01 09:25:00	58.49673	17.76615	13	0	12	0	0	0	0	0.005	13.4	10	1023	17	1	33	0.3	323	-5800	217	2000	220	1	0	1	1	1	1	0	0	0	0	0	0	40	0	238	4	0	10	5	
2026-05-01 09:30:00	58.49736	17.76528	13	0	13	0	0	0	0	0.005	13.4	10	1023	17	1	28	0.3	325	-5800	217	2000	220	1	0	1	1	1	1	1	0	0	0	0	0	41	0	237	4	0	10	5	
2026-05-01 09:35:00	58.49778	17.76477	13	0	14	0	0	0	0	0.005	13.4	10	1023	17	1	32	0.2	327	-5800	217	2000	220	1	0	1	1	1	1	1	0	0	0	0	1	39	0	237	4	0	10	5	
2026-05-01 09:40:00	58.49847	17.76414	13	0	15	0	0	0	0	0.005	13.4	10	1023	17	1	33	0.3	335	-5800	217	2000	220	1	0	0	1	1	1	1	0	0	0	0	0	40	0	236	4	0	10	5	
2026-05-01 09:45:00	58.49853	17.76603	13	0	16	0	0	0	0	0.005	13.4	10	1023	17	1	31	0.4	87	-5900	217	2000	205	1	0	1	0	1	1	1	0	0	0	28	1	10	0	237	-4	2	-10	5	
2026-05-01 09:50:00	58.49934	17.76606	14	0	17	0	0	0	0	0.005	13.4	10	1023	17	1	34	0.3	1	-5900	217	2000	220	1	0	1	1	0	1	1	0	0	0	10	0	29	0	236	4	2	10	5	
2026-05-01 09:55:00	58.50012	17.76537	14	0	18	0	0	0	0	0.005	13.4	10	1023	17	2	61	0.3	335	-5900	217	2000	220	1	0	1	1	1	0	1	0	0	0	0	1	33	0	235	4	0	10	5	
2026-05-01 10:00:00	58.50087	17.76456	40	0	19	0	0	0	0	0.005	13.4	10	1023	17	1	34	0.3	331	-5900	216	2000	220	1	0	1	1	1	1	0	0	0	0	0	0	40	0	234	4	0	10	5	
2026-05-01 10:05:00	58.5015	17.76381	11	0	20	0	0	0	0	0.005	13.4	10	1023	17	1	65	0.3	328	-5900	216	2000	220	1	0	1	1	1	1	1	0	0	0	0	0	34	0	233	4	0	10	5	
2026-05-01 10:10:00	58.5021	17.76315	11	0	21	0	0	0	0	0.005	13.4	10	1023	17	1	27	0.3	330	-6000	216	2000	220	1	0	1	1	1	1	1	0	0	0	0	1	40	0	232	4	0	10	5	
2026-05-01 10:15:00	58.50273	17.763	12	0	22	0	0	0	0	0.005	13.4	10	1023	17	1	30	0.2	354	-6000	216	2000	220	1	0	0	1	1	1	1	0	0	0	0	0	41	0	232	4	0	10	5	
2026-05-01 10:20:00	58.50282	17.76513	11	0	23	0	0	0	0	0.005	13.4	10	1022	17	1	27	0.4	84	-6100	216	2000	205	1	0	1	0	1	1	1	0	0	0	30	1	9	0	232	-4	2	-10	5	
2026-05-01 10:25:00	58.50369	17.7654	12	0	24	0	0	0	0	0.005	13.4	10	1023	17	1	29	0.3	9	-6200	216	2000	215	1	0	1	1	0	1	1	0	0	0	12	3	25	0	232	4	2	10	5	
2026-05-01 10:30:00	58.50438	17.76468	11	0	25	0	0	0	0	0.005	13.4	10	1022	17	1	28	0.3	331	-6200	216	2000	215	1	0	1	1	1	0	1	0	0	0	0	0	41	0	231	4	0	10	5	
2026-05-01 10:35:00	58.50501	17.7651	11	0	26	0	0	0	0	0.005	13.4	10	1022	17	1	25	0.3	18	-6200	216	2000	215	1	0	1	1	1	1	0	0	0	0	0	1	41	0	231	4	0	10	5	
2026-05-01 10:40:00	58.50585	17.76462	11	0	27	0	0	0	0	0.005	13.4	10	1022	17	1	31	0.3	343	-6300	215	2000	215	1	0	1	1	1	1	1	0	0	0	0	0	40	0	230	4	0	10	5	
2026-05-01 10:45:00	58.50651	17.76453	12	0	28	0	0	0	0	0.005	13.4	10	1022	17	1	31	0.2	356	-6300	215	2000	215	1	0	1	1	1	1	1	0	0	0	0	0	40	0	229	4	0	10	5	
2026-05-01 10:50:00	58.50741	17.76405	11	0	29	0	0	0	0	0.005	13.4	10	1022	17	1	29	0.3	344	-6400	215	2000	215	1	0	0	1	1	1	1	0	0	0	0	2	39	0	229	4	0	10	5	
2026-05-01 10:55:00	58.50768	17.76609	11	0	0	0	0	0	0	0.005	13.4	10	1022	17	1	26	0.4	76	-6500	215	2000	205	1	0	1	0	1	1	1	0	0	0	29	0	11	0	229	-4	2	-10	5	
2026-05-01 11:00:00	58.50858	17.76687	11	0	1	0	0	0	0	0.005	13.4	10	1022	18	1	29	0.4	25	-6600	215	2000	225	1	0	1	1	0	1	1	0	0	0	11	2	26	0	229	4	3	10	5	
2026-05-01 11:05:00	58.50945	17.76645	11	0	2	0	0	0	0	0.005	13.4	10	1022	17	1	32	0.3	345	-6600	215	2000	225	1	0	1	1	1	0	1	0	0	0	0	0	40	0	228	4	0	10	5	
2026-05-01 11:10:00	58.51023	17.76594	12	0	3	0	0	0	0	0.005	13.4	10	1022	17	1	25	0.3	341	-6700	215	2000	225	1	0	1	1	1	1	0	0	0	0	0	0	42	0	227	4	0	10	5	
2026-05-01 11:15:00	58.51098	17.766	12	0	4	0	0	0	0	0.005	13.4	10	1022	17	1	27	0.3	2	-6700	215	2000	225	1	0	1	1	1	1	1	0	0	0	0	3	38	0	227	4	0	10	5	
2026-05-01 11:20:00	58.5117	17.76537	11	0	5	0	0	0	0	0.005	13.4	10	1022	17	1	32	0.3	337	-6800	214	2000	225	1	0	1	1	1	1	1	0	0	0	0	1	39	0	226	4	0	10	5	
2026-05-01 11:25:00	58.51239	17.76495	12	0	6	0	0	0	0	0.005	13.4	10	1022	17	1	32	0.3	342	-6800	214	2000	225	1	0	0	1	1	1	1	0	0	0	0	2	38	0	225	4	0	10	5	
2026-05-01 11:30:00	58.5123	17.76759	11	0	7	0	0	0	0	0.005	13.4	10	1022	17	1	29	0.5	94	-6900	215	2000	205	1	0	1	0	1	1	1	0	0	0	32	0	8	0	226	-4	2	-10	5	
2026-05-01 11:35:00	58.51329	17.76774	12	0	8	0	0	0	0	0.005	13.4	10	1022	17	1	27	0.4	4	-7000	214	2000	220	1	0	1	1	0	1	1	0	0	0	9	2	29	0	226	4	3	10	5	
2026-05-01 11:40:00	58.51395	17.76723	12	0	9	0	0	0	0	0.005	13.3	10	1022	17	1	30	0.3	339	-7000	214	2000	220	1	0	1	1	1	0	1	0	0	0	0	0	41	0	225	4	0	10	5	
2026-05-01 11:45:00	58.51464	17.76654	12	0	10	0	0	0	0	0.005	13.3	10	1022	17	1	27	0.3	332	-7000	214	2000	220	1	0	1	1	1	1	0	0	0	0	0	1	40	0	224	4	0	10	5	
2026-05-01 11:50:00	58.51527	17.76609	13	0	11	0	0	0	0	0.005	13.3	10	1022	17	1	26	0.3	339	-7100	214	2000	220	1	0	1	1	1	1	1	0	0	0	0	0	41	0	224	4	0	10	5	
2026-05-01 11:55:00	58.51611	17.76552	12	0	12	0	0	0	0	0.005	13.6	10	1022	17	1	30	0.3	341	-7100	214	2000	220	1	0	1	1	1	1	1	0	0	0	0	2	38	0	223	4	0	10	5	
2026-05-01 12:00:00	58.51689	17.76483	12	0	13	0	0	0	0	0.005	13.6	10	1022	18	1	31	0.3	335	-7100	214	2000	220	1	0	0	1	1	1	1	0	0	0	0	3	37	0	222	4	0	10	5	
2026-05-01 12:05:00	58.51668	17.76765	13	0	14	0	0	0	0	0.005	13.6	10	1022	18	1	29	0.5	98	-7200	214	2000	210	1	0	1	0	1	1	1	0	0	0	34	0	6	0	223	-4	2	-10	5	
2026-05-01 12:10:00	58.51734	17.76783	13	0	15	0	0	0	0	0.005	13.6	10	1022	18	1	32	0.2	9	-7300	214	2000	215	1	0	1	1	0	1	1	0	0	0	8	0	29	0	223	4	2	10	5	
2026-05-01 12:15:00	58.51824	17.76735	13	0	16	0	0	0	0	0.005	13.6	10	1022	18	1	31	0.3	344	-7400	214	2000	215	1	0	1	1	1	0	1	0	0	0	0	2	38	0	222	4	0	10	5	
2026-05-01 12:20:00	58.51926	17.76651	41	0	17	0	0	0	0	0.005	13.5	10	1021	18	1	33	0.4	337	-7400	213	2000	215	1	0	1	1	1	1	0	0	0	0	0	1	39	0	222	4	0	10	5	
2026-05-01 12:25:00	58.51971	17.76651	11	0	18	0	0	0	0	0.005	13.5	10	1022	18	1	60	0.2	0	-7400	213	2000	215	1	0	1	1	1	1	1	0	0	0	0	0	35	0	221	4	0	10	5	
2026-05-01 12:30:00	58.52037	17.76627	11	0	19	0	0	0	0	0.005	13.5	10	1022	18	1	37	0.2	349	-7500	213	2000	215	1	0	1	1	1	1	1	0	0	0	0	1	38	0	221	4	0	10	5	
2026-05-01 12:35:00	58.52133	17.76747	11	0	20	0	0	0	0	0.005	13.5	10	1022	18	1	26	0.4	33	-7600	213	2000	215	1	0	0	1	1	1	1	0	0	0	6	6	29	0	221	4	0	10	5	
2026-05-01 12:40:00	58.52091	17.7705	11	0	21	0	0	0	0	0.005	13.5	10	1021	18	1	29	0.6	104	-7700	214	2000	235	1	0	0	0	1	1	1	0	0	0	34	1	5	0	222	-4	2	-10	5	
2026-05-01 12:45:00	58.52019	17.77395	11	0	22	0	0	0	0	0.005	13.5	10	1021	18	3	64	0.7	112	-7800	214	2000	235	1	0	0	0	0	1	1	0	0	0	31	3	0	0	223	-4	0	-10	5	
2026-05-01 12:50:00	58.51929	17.77734	11	0	23	0	0	0	0	0.005	13.5	10	1021	18	2	44	0.7	117	-7800	215	2000	235	1	0	0	0	0	0	1	0	0	0	38	0	0	0	225	-4	0	-10	5	
2026-05-01 12:55:00	58.51854	17.7801	11	0	24	0	0	0	0	0.005	13.5	10	1021	18	2	46	0.6	117	-7900	215	2000	235	1	0	0	0	0	0	0	0	0	0	37	0	0	0	226	-4	0	-10	5	
2026-05-01 13:00:00	58.51824	17.78274	11	0	25	0	0	0	0	0.005	13.5	9	1021	18	2	58	0.5	103	-8000	216	2000	235	1	0	0	0	0	0	0	0	0	0	35	0	0	0	227	-4	0	-10	5	
2026-05-01 13:05:00	58.51734	17.78619	11	0	26	0	0	0	0	0.005	13.5	9	1021	18	1	28	0.7	116	-8100	216	2000	235	1	0	1	0	0	0	0	0	0	0	41	0	0	0	229	-4	0	-10	5	
2026-05-01 13:10:00	58.51803	17.78688	11	0	27	0	0	0	0	0.005	13.5	9	1021	18	2	56	0.3	29	-8100	216	2000	230	1	0	1	1	0	0	0	0	0	0	9	0	25	0	228	4	2	10	5	
2026-05-01 13:20:00	58.51962	17.78556	11	0	29	0	0	0	0	0.005	13.4	9	1021	18	3	93	0.3	340	-8200	216	2000	230	1	0	1	1	1	1	0	0	0	0	0	3	25	0	227	4	0	10	5	
2026-05-01 13:25:00	58.52007	17.78544	11	0	0	0	0	0	0	0.005	13.4	9	1021	18	1	30	0.2	352	-8200	216	2000	230	1	0	1	1	1	1	1	0	0	0	0	1	40	0	227	4	0	10	5	
2026-05-01 13:30:00	58.52055	17.78514	11	0	1	0	0	0	0	0.005	13.4	9	1021	18	3	69	0.2	343	-8300	215	2000	230	1	0	1	1	1	1	1	0	0	0	0	0	33	0	227	4	0	10	5	
2026-05-01 13:35:00	58.52112	17.78496	12	0	2	0	0	0	0	0.005	13.4	9	1021	18	1	26	0.2	349	-8300	215	2000	230	1	0	0	1	1	1	1	0	0	0	0	4	37	0	226	4	0	10	5	
2026-05-01 13:45:00	58.52094	17.78871	11	0	4	0	0	0	0	0.005	13.4	9	1021	18	3	100	0.2	49	-8400	216	2000	230	1	0	0	1	0	1	1	0	0	0	10	0	15	0	227	4	2	10	5	
2026-05-01 13:50:00	58.52037	17.79117	12	0	5	0	0	0	0	0.005	13.4	9	1020	18	1	32	0.5	113	-8500	216	2000	230	1	0	0	0	1	0	1	0	0	0	31	0	8	0	228	-4	2	-10	5	
2026-05-01 13:55:00	58.51935	17.79411	11	0	6	0	0	0	0	0.005	13.4	9	1020	18	1	37	0.7	124	-8600	217	2000	230	1	0	0	0	0	1	0	0	0	0	39	0	0	0	230	-4	0	-10	5	
2026-05-01 14:00:00	58.5183	17.79693	12	0	7	0	0	0	0	0.005	13.4	9	1020	18	1	36	0.7	125	-8600	217	2000	230	1	0	0	0	0	0	1	0	0	0	39	0	0	0	231	-4	0	-10	5	
2026-05-01 14:05:00	58.51755	17.79954	13	0	8	0	0	0	0	0.005	13.4	9	1020	18	1	31	0.6	119	-8700	218	2000	230	1	0	0	0	0	0	0	0	0	0	40	0	0	0	232	-4	0	-10	5	
2026-05-01 14:10:00	58.5168	17.80182	13	0	9	0	0	0	0	0.005	13.4	9	1020	18	1	29	0.5	123	-8700	218	2000	230	1	0	0	0	0	0	0	0	0	0	41	0	0	0	233	-4	0	-10	5	
2026-05-01 14:15:00	58.51626	17.8041	12	0	10	0	0	0	0	0.005	13.4	9	1020	18	1	31	0.5	115	-8800	218	2000	230	1	0	1	0	0	0	0	0	0	0	38	2	0	0	234	-4	0	-10	5	
2026-05-01 14:20:00	58.51689	17.80536	12	0	11	0	0	0	0	0.005	13.4	9	1020	18	2	48	0.3	46	-8900	218	2000	245	1	0	0	1	0	0	0	0	0	0	10	0	26	0	234	4	2	10	5	
2026-05-01 14:25:00	58.51638	17.80779	12	0	12	0	0	0	0	0.005	13.4	9	1020	18	1	27	0.5	112	-9000	219	2000	240	1	0	0	0	1	0	0	0	0	0	29	1	10	0	235	-4	3	-10	5	
2026-05-01 14:30:00	58.5156	17.80983	12	0	13	0	0	0	0	0.005	13.4	9	1020	18	1	29	0.5	126	-9000	219	2000	240	1	0	0	0	0	1	0	0	0	0	41	0	0	0	235	-4	0	-10	5	
2026-05-01 14:35:00	58.51476	17.81214	11	0	14	0	0	0	0	0.005	13.4	9	1020	18	1	28	0.5	124	-9100	220	2000	240	1	0	0	0	0	0	1	0	0	0	41	0	0	0	236	-4	0	-10	5	
2026-05-01 14:40:00	58.51374	17.81406	12	0	15	0	0	0	0	0.005	13.4	9	1020	18	1	29	0.5	136	-9100	220	2000	240	1	0	0	0	0	0	0	0	0	0	41	0	0	0	237	-4	0	-10	5	
2026-05-01 14:45:00	58.51278	17.81601	12	0	16	0	0	0	0	0.005	13.4	9	1020	18	1	28	0.5	133	-9200	220	2000	240	1	0	0	0	0	0	0	0	0	0	41	0	0	0	238	-4	0	-10	5	
2026-05-01 14:50:00	58.51203	17.81769	12	0	17	0	0	0	0	0.005	13.4	9	1020	17	1	28	0.4	131	-9200	221	2000	240	1	0	1	0	0	0	0	0	0	0	41	0	0	0	239	-4	0	-10	5	
2026-05-01 14:55:00	58.51296	17.81877	12	0	18	0	0	0	0	0.005	13.4	9	1020	17	1	32	0.4	31	-9300	221	2000	260	1	0	0	1	0	0	0	0	0	0	9	1	29	0	239	4	2	10	5	
2026-05-01 15:00:00	58.51227	17.82075	13	0	19	0	0	0	0	0.005	13.8	9	1020	17	1	33	0.5	124	-9400	221	2000	255	1	0	0	0	1	0	0	0	0	0	31	0	8	0	239	-4	2	-10	5	
2026-05-01 15:05:00	58.51122	17.82261	12	0	20	0	0	0	0	0.005	13.7	9	1020	17	1	33	0.5	137	-9400	221	2000	255	1	0	0	0	0	1	0	0	0	0	40	0	0	0	240	-4	0	-10	5	
2026-05-01 15:10:00	58.51029	17.82429	12	0	21	0	0	0	0	0.005	13.7	9	1020	17	1	29	0.5	136	-9400	222	2000	255	1	0	0	0	0	0	1	0	0	0	41	0	0	0	241	-4	0	-10	5	
2026-05-01 15:15:00	58.50939	17.826	12	0	22	0	0	0	0	0.005	13.6	9	1020	17	1	34	0.5	136	-9500	222	2000	255	1	0	0	0	0	0	0	0	0	0	40	0	0	0	242	-4	0	-10	5	
2026-05-01 15:20:00	58.50837	17.82816	12	0	23	0	0	0	0	0.005	13.6	9	1019	17	1	28	0.6	132	-9500	222	2000	255	1	0	0	0	0	0	0	0	0	0	41	0	0	0	243	-4	0	-10	5	
2026-05-01 15:25:00	58.50759	17.8299	41	0	24	0	0	0	0	0.005	13.6	9	1019	17	1	27	0.4	131	-9600	223	2000	255	1	0	1	0	0	0	0	0	0	0	41	0	0	0	244	-4	0	-10	5	
2026-05-01 15:30:00	58.50846	17.83038	12	0	25	0	0	0	0	0.005	13.6	9	1020	17	1	58	0.4	16	-9700	223	2000	250	1	0	0	1	0	0	0	0	0	0	9	0	25	0	243	4	2	10	5	
2026-05-01 15:35:00	58.5078	17.83257	11	0	26	0	0	0	0	0.005	13.6	9	1020	17	1	31	0.5	120	-9700	223	2000	240	1	0	1	0	1	0	0	0	0	0	30	0	9	0	244	-4	2	-10	5	
2026-05-01 15:40:00	58.50846	17.83329	12	0	27	0	0	0	0	0.005	13.6	9	1020	17	1	28	0.3	30	-9800	223	2000	240	1	0	1	1	0	1	0	0	0	0	11	1	26	0	244	4	2	10	5	
2026-05-01 15:45:00	58.50897	17.83356	11	0	28	0	0	0	0	0.005	13.6	9	1020	17	1	28	0.2	15	-9800	223	2000	240	1	0	1	1	1	0	1	0	0	0	0	0	41	0	244	4	0	10	5	
2026-05-01 15:50:00	58.50951	17.83353	12	0	29	0	0	0	0	0.005	13.6	9	1020	17	1	24	0.2	359	-9900	223	2000	240	1	0	1	1	1	1	0	0	0	0	0	0	42	0	243	4	0	10	5	
2026-05-01 15:55:00	58.50996	17.8335	12	0	0	0	0	0	0	0.005	13.6	8	1020	17	1	34	0.2	357	-9900	223	2000	240	1	0	1	1	1	1	1	0	0	0	0	0	40	0	243	4	0	10	5	
2026-05-01 16:00:00	58.5105	17.83329	12	0	1	0	0	0	0	0.005	13.5	8	1019	18	2	57	0.2	348	-9900	223	2000	240	1	0	1	1	1	1	1	0	0	0	0	0	35	0	243	4	0	10	5	
2026-05-01 16:05:00	58.5111	17.83275	12	0	2	0	0	0	0	0.005	13.5	8	1019	18	1	31	0.2	335	-9900	222	2000	240	1	0	0	1	1	1	1	0	0	0	0	0	40	0	242	4	0	10	5	
2026-05-01 16:10:00	58.5099	17.83488	12	0	3	0	0	2	0	0.005	13.5	8	1019	18	1	34	0.6	137	100	302	2000	230	1	0	2	0	1	1	1	0	1	0	28	0	11	0	301	-4	2	-10	5	
2026-05-01 16:15:00	58.51041	17.83857	11	0	4	0	0	0	0	0.005	13.5	8	1019	18	1	28	0.7	75	300	302	2000	230	1	0	3	2	0	1	1	0	1	0	9	0	31	0	297	0	2	10	5	
2026-05-01 16:20:00	58.51032	17.84391	11	0	5	0	0	0	0	0.005	13.5	8	1020	18	1	27	1	92	600	301	2000	215	1	0	2	3	2	0	1	0	1	0	41	0	0	0	292	0	0	-10	5	
2026-05-01 16:25:00	58.51074	17.84802	11	0	6	0	0	0	0	0.005	13.5	8	1020	18	1	29	0.8	79	800	300	2000	220	1	0	2	2	3	2	0	0	1	0	4	0	35	0	287	0	2	10	5	
2026-05-01 16:30:00	58.51158	17.85189	11	0	7	0	0	0	0	0.005	13.5	8	1019	18	1	27	0.8	67	1100	300	2000	220	1	0	1	2	2	3	2	0	1	0	5	0	35	0	281	0	2	10	5	
2026-05-01 16:35:00	58.51254	17.85303	13	0	8	0	0	0	0	0.005	13.5	8	1019	18	1	31	0.4	33	1200	299	2000	220	1	0	1	1	2	2	3	0	1	0	0	0	40	0	277	4	1	10	5	
2026-05-01 16:40:00	58.51317	17.85255	12	0	9	0	0	0	0	0.005	13.5	8	1019	18	1	30	0.3	339	1200	299	2000	220	1	0	1	1	1	2	2	0	1	0	0	0	41	0	276	4	0	10	5	
2026-05-01 16:45:00	58.51425	17.85165	11	0	10	0	0	0	0	0.005	13.5	8	1019	18	1	34	0.4	336	1200	299	2000	220	1	0	1	1	1	1	2	0	1	0	0	0	40	0	274	4	0	10	5	
2026-05-01 16:50:00	58.51485	17.85111	12	0	11	0	0	0	0	0.005	13.5	8	1019	18	1	32	0.2	335	1200	299	2000	220	1	0	1	1	1	1	1	0	1	0	0	0	40	0	272	4	0	10	5	
2026-05-01 16:55:00	58.51569	17.85069	12	0	12	0	0	0	0	0.005	13.5	8	1019	18	1	31	0.3	346	1200	298	2000	220	1	0	1	1	1	1	1	0	1	0	0	6	34	0	270	4	0	10	5	
2026-05-01 17:00:00	58.51671	17.84994	12	0	13	0	0	0	0	0.005	13.5	8	1019	18	1	29	0.4	339	1200	298	2000	220	1	0	0	1	1	1	1	0	1	0	0	4	37	0	267	4	0	10	5	
2026-05-01 17:05:00	58.51575	17.85093	11	0	14	0	0	0	0	0.005	13.5	8	1019	18	1	37	0.4	152	1200	298	2000	245	1	0	1	0	1	1	1	0	1	0	32	0	6	0	270	-4	2	-10	5	
2026-05-01 17:10:00	58.51632	17.85093	13	0	15	0	0	0	0	0.005	13.5	8	1019	18	2	47	0.2	1	1200	298	2000	250	1	0	1	1	0	1	1	0	1	0	7	1	28	0	268	4	2	10	5	
2026-05-01 17:15:00	58.51713	17.8503	12	0	16	0	0	0	0	0.005	13.4	8	1019	18	1	34	0.3	337	1300	298	2000	250	1	0	1	1	1	0	1	0	1	0	0	1	39	0	266	4	0	10	5	
2026-05-01 17:20:00	58.51788	17.84991	11	0	17	0	0	0	0	0.005	13.4	8	1019	18	1	29	0.3	345	1300	298	2000	250	1	0	1	1	1	1	0	0	1	0	0	1	40	0	264	4	0	10	5	
2026-05-01 17:25:00	58.51863	17.84949	12	0	18	0	0	0	0	0.005	13.4	8	1019	18	1	30	0.3	344	1300	297	2000	250	1	0	1	1	1	1	1	0	1	0	0	0	41	0	261	4	0	10	5	
2026-05-01 17:35:00	58.52019	17.85033	12	0	20	0	0	0	0	0.005	13.4	8	1019	18	3	121	0.4	30	1500	297	2000	250	1	0	0	1	1	1	1	0	1	0	0	0	22	0	255	4	0	10	5	
2026-05-01 17:40:00	58.51914	17.85123	13	0	21	0	0	0	0	0.005	13.4	8	1019	18	1	30	0.4	156	1400	297	2000	270	1	0	0	0	1	1	1	0	1	0	31	0	8	0	258	-4	2	-10	5	
2026-05-01 17:45:00	58.51716	17.85168	13	0	22	0	0	0	0	0.005	13.4	8	1019	18	1	40	0.7	173	1300	298	2000	270	1	0	0	0	0	1	1	0	1	0	38	0	0	0	264	-4	0	-10	5	
2026-05-01 17:55:00	58.51338	17.85225	41	0	24	0	0	0	0	0.005	13.4	8	1019	18	3	99	0.7	174	1200	299	2000	270	1	0	0	0	0	0	0	0	1	0	27	0	0	0	276	-4	0	-10	5	
2026-05-01 18:00:00	58.51203	17.85282	11	0	25	0	0	0	0	0.005	13.4	8	1019	18	1	58	0.6	168	1100	299	2000	270	1	0	1	0	0	0	0	0	1	0	35	0	0	0	279	-4	0	-10	5	
2026-05-01 18:05:00	58.51284	17.85276	12	0	26	0	0	0	0	0.005	13.4	8	1019	18	1	28	0.3	358	1200	299	2000	260	1	0	1	1	0	0	0	0	1	0	9	1	30	0	277	4	2	10	5	
2026-05-01 18:10:00	58.51365	17.85201	12	0	27	0	0	0	0	0.005	13.4	8	1019	18	1	28	0.3	335	1100	299	2000	260	1	0	1	1	1	0	0	0	1	0	0	0	41	0	275	4	0	10	5	
2026-05-01 18:15:00	58.51467	17.85117	12	0	28	0	0	0	0	0.005	13.4	8	1019	18	1	31	0.4	336	1200	299	2000	260	1	0	1	1	1	1	0	0	1	0	0	3	37	0	273	4	0	10	5	
2026-05-01 18:20:00	58.51554	17.85042	12	0	29	0	0	0	0	0.005	13.4	8	1019	18	1	27	0.4	336	1200	298	2000	260	1	0	1	1	1	1	1	0	1	0	0	0	41	0	271	4	0	10	5	
2026-05-01 18:25:00	58.5165	17.84964	11	0	0	0	0	0	0	0.005	13.4	8	1019	18	1	32	0.4	337	1200	298	2000	260	1	0	1	1	1	1	1	0	1	0	0	0	40	0	268	4	0	10	5	
2026-05-01 18:30:00	58.51743	17.84895	14	0	1	0	0	0	0	0.005	13.4	8	1019	18	1	30	0.4	338	1200	298	2000	260	1	0	0	1	1	1	1	0	1	0	0	0	40	0	266	4	0	10	5	
2026-05-01 18:35:00	58.51614	17.84973	13	0	2	0	0	0	0	0.005	13.4	8	1019	18	1	30	0.5	163	1200	298	2000	250	1	0	1	0	1	1	1	0	1	0	33	0	6	0	270	-4	2	-10	5	
2026-05-01 18:40:00	58.51728	17.84982	12	0	3	0	0	0	0	0.005	13.4	8	1019	18	1	34	0.4	3	1300	298	2000	260	1	0	1	1	0	1	1	0	1	0	6	0	33	0	266	4	2	10	5	
2026-05-01 18:45:00	58.51845	17.84925	12	0	4	0	0	0	0	0.005	13.4	8	1019	18	1	29	0.4	345	1300	297	2000	260	1	0	1	1	1	0	1	0	1	0	0	0	41	0	262	4	0	10	5	
2026-05-01 18:50:00	58.51965	17.84856	13	0	5	0	0	0	0	0.005	13.4	8	1019	18	1	33	0.5	343	1400	297	2000	260	1	0	1	1	1	1	0	0	1	0	0	0	40	0	259	4	0	10	5	
2026-05-01 18:55:00	58.52082	17.84778	13	0	6	0	0	0	0	0.005	13.4	8	1019	18	1	33	0.5	341	1500	297	2000	260	1	0	1	1	1	1	1	0	1	0	0	0	40	0	255	4	0	10	5	
2026-05-01 19:00:00	58.52211	17.84856	13	0	7	0	0	0	0	0.005	13.4	8	1019	18	2	51	0.5	17	1600	296	2000	260	1	0	0	1	1	1	1	0	1	0	4	0	32	0	249	4	0	10	5	
2026-05-01 19:05:00	58.52085	17.84919	13	0	8	0	0	0	0	0.005	13.4	8	1020	18	1	30	0.5	166	1500	297	2000	270	1	0	0	0	1	1	1	0	1	0	32	0	7	0	253	-4	2	-10	5	
2026-05-01 19:10:00	58.5192	17.84949	13	0	9	0	0	0	0	0.005	13.4	8	1020	18	1	31	0.6	175	1400	297	2000	270	1	0	0	0	0	1	1	0	1	0	40	0	0	0	259	-4	0	-10	5	
2026-05-01 19:15:00	58.51746	17.84958	13	0	10	0	0	0	0	0.005	13.4	8	1019	18	1	28	0.6	178	1300	298	2000	270	1	0	0	0	0	0	1	0	1	0	41	0	0	0	265	-4	0	-10	5	
2026-05-01 19:20:00	58.51572	17.84958	12	0	11	0	0	0	0	0.005	13.4	8	1019	18	1	30	0.6	180	1100	298	2000	270	1	0	0	0	0	0	0	0	1	0	41	0	0	0	271	-4	0	-10	5	
2026-05-01 19:25:00	58.51404	17.8497	12	0	12	0	0	0	0	0.005	13.4	8	1020	18	1	28	0.6	178	1000	299	2000	270	1	0	0	0	0	0	0	0	1	0	41	0	0	0	276	-4	0	-10	5	
2026-05-01 19:30:00	58.51209	17.84994	41	0	13	0	0	0	0	0.005	13.4	8	1019	18	2	54	0.7	176	1000	300	2000	270	1	0	1	0	0	0	0	0	1	0	36	0	0	0	282	-4	0	-10	5	
2026-05-01 19:35:00	58.51275	17.85	12	0	14	0	0	0	0	0.005	13.4	8	1019	18	1	55	0.3	2	1000	299	2000	270	1	0	1	1	0	0	0	0	1	0	8	0	24	0	280	4	2	10	5	
2026-05-01 19:40:00	58.5141	17.84937	13	0	15	0	0	0	0	0.005	13.3	8	1019	18	1	29	0.5	346	1000	299	2000	270	1	0	1	1	1	0	0	0	1	0	0	0	41	0	276	4	0	10	5	
2026-05-01 19:45:00	58.51551	17.84853	12	0	16	0	0	0	0	0.005	13.3	8	1019	18	1	32	0.5	342	1100	299	2000	270	1	0	1	1	1	1	0	0	1	0	0	0	40	0	273	4	0	10	5	
2026-05-01 19:50:00	58.51683	17.84778	12	0	17	0	0	0	0	0.005	13.3	8	1019	18	1	28	0.5	344	1100	298	2000	270	1	0	1	1	1	1	1	0	1	0	0	0	41	0	269	4	0	10	5	
2026-05-01 20:00:00	58.51962	17.84721	11	0	19	0	0	0	0	0.005	13.3	8	1019	18	3	86	0.5	353	1300	297	2000	270	1	0	0	1	1	1	1	0	1	0	0	2	27	0	261	4	0	10	5	
2026-05-01 20:05:00	58.51854	17.84784	11	0	20	0	0	0	0	0.005	13.3	8	1019	18	1	32	0.4	163	1300	298	2000	260	1	0	1	0	1	1	1	0	1	0	33	0	6	0	264	-4	2	-10	5	
2026-05-01 20:10:00	58.51917	17.84799	12	0	21	0	0	0	0	0.005	13.3	7	1019	18	3	71	0.2	7	1300	297	2000	260	1	0	1	1	0	1	1	0	1	0	6	1	24	0	261	4	2	10	5	
2026-05-01 20:15:00	58.5204	17.8476	12	0	22	0	0	0	0	0.005	13.3	7	1019	18	1	31	0.5	351	1400	297	2000	260	1	0	0	1	1	0	1	0	1	0	0	0	40	0	257	4	0	10	5	
2026-05-01 20:20:00	58.51929	17.84862	12	0	23	0	0	0	0	0.005	13.3	7	1020	18	1	31	0.5	155	1400	297	2000	255	1	0	1	0	1	1	0	0	1	0	30	0	9	0	260	-4	2	-10	5	
2026-05-01 20:25:00	58.5201	17.84907	11	0	24	0	0	0	0	0.005	13.3	7	1019	18	2	49	0.3	16	1400	297	2000	260	1	0	0	1	0	1	1	0	1	0	7	0	29	0	256	4	2	10	5	
2026-05-01 20:35:00	58.51719	17.85024	12	0	26	0	0	0	0	0.005	13.3	7	1019	18	3	103	0.6	175	1300	298	2000	265	1	0	0	0	0	1	0	0	1	0	26	0	0	0	266	-4	0	-10	5	
2026-05-01 20:50:00	58.51389	17.85138	11	0	29	0	0	0	0	0.005	13.3	7	1019	18	3	79	0.2	61	1100	299	2000	280	1	0	0	1	0	0	0	0	1	0	7	0	23	0	275	4	2	10	5	
2026-05-01 20:55:00	58.51287	17.85198	12	0	0	0	0	0	0	0.005	13.3	7	1020	18	2	49	0.4	163	1100	299	2000	275	1	0	1	0	1	0	0	0	1	0	30	0	6	0	277	-4	2	-10	5	
2026-05-01 21:00:00	58.51374	17.85261	12	0	1	0	0	0	0	0.005	13.3	7	1019	18	1	30	0.3	20	1200	299	2000	270	1	0	1	1	0	1	0	0	1	0	7	4	28	0	274	4	2	10	5	
2026-05-01 21:05:00	58.51494	17.85285	12	0	2	0	0	0	0	0.005	13.3	7	1019	18	2	51	0.4	6	1300	298	2000	270	1	0	1	1	1	0	1	0	1	0	0	7	29	0	270	4	0	10	5	
2026-05-01 21:10:00	58.51617	17.85276	12	0	3	0	0	0	0	0.005	13.2	7	1019	18	1	30	0.4	358	1300	298	2000	270	1	0	1	1	1	1	0	0	1	0	0	0	40	0	266	4	0	10	5	
2026-05-01 21:15:00	58.5174	17.85264	13	0	4	0	0	0	0	0.005	13.2	7	1019	18	1	31	0.5	357	1400	297	2000	270	1	0	1	1	1	1	1	0	1	0	0	0	40	0	262	4	0	10	5	
2026-05-01 21:20:00	58.51842	17.85252	13	0	5	0	0	0	0	0.005	13.3	7	1019	18	1	33	0.4	356	1400	297	2000	270	1	0	0	1	1	1	1	0	1	0	0	0	40	0	259	4	0	10	5	
2026-05-01 21:25:00	58.51737	17.85354	13	0	6	0	0	0	0	0.005	13.2	7	1019	18	1	30	0.4	153	1400	297	2000	255	1	0	1	0	1	1	1	0	1	0	31	0	8	0	261	-4	2	-10	5	
2026-05-01 21:35:00	58.51773	17.85672	11	0	8	0	0	0	0	0.005	13.2	7	1019	18	3	119	0.4	110	1600	297	2000	265	1	0	0	0	1	0	1	0	1	0	16	0	6	0	256	-4	2	-10	5	
2026-05-01 21:40:00	58.51629	17.85723	11	0	9	0	0	0	0	0.005	13.2	7	1019	18	1	29	0.5	170	1500	297	2000	265	1	0	0	0	0	1	0	0	1	0	41	0	0	0	261	-4	0	-10	5	
2026-05-01 21:45:00	58.51485	17.8578	12	0	10	0	0	0	0	0.005	13.2	7	1019	18	1	27	0.5	168	1500	298	2000	265	1	0	0	0	0	0	1	0	1	0	41	0	0	0	265	-4	0	-10	5	
2026-05-01 21:50:00	58.51365	17.85843	11	0	11	0	0	0	0	0.005	13.2	7	1019	18	1	28	0.5	165	1500	298	2000	265	1	0	0	0	0	0	0	0	1	0	39	2	0	0	268	-4	0	-10	5	
2026-05-01 21:55:00	58.5123	17.859	11	0	12	0	0	0	0	0.005	13.2	7	1019	18	1	27	0.5	168	1500	299	2000	265	1	0	0	0	0	0	0	0	1	0	41	0	0	0	272	-4	0	-10	5	
2026-05-01 22:00:00	58.51125	17.85957	12	0	13	0	0	0	0	0.005	13.2	7	1019	18	1	31	0.4	164	1500	299	2000	265	1	0	1	0	0	0	0	0	1	0	40	0	0	0	275	-4	0	-10	5	
2026-05-01 22:05:00	58.51251	17.86047	11	0	14	0	0	0	0	0.005	13.2	7	1019	18	1	28	0.5	21	1600	298	2000	275	1	0	0	1	0	0	0	0	1	0	7	0	29	0	270	4	2	10	5	
2026-05-01 22:10:00	58.51155	17.86185	12	0	15	0	0	0	0	0.005	13.2	7	1019	18	1	31	0.4	143	1700	299	2000	265	1	0	1	0	1	0	0	0	1	0	31	0	8	0	271	-4	2	-10	5	
2026-05-01 22:20:00	58.51326	17.86308	12	0	17	0	0	0	0	0.005	13.2	7	1019	18	3	107	0.3	17	1800	298	2000	260	1	0	1	1	1	0	1	0	1	0	0	1	24	0	265	4	0	10	5	
2026-05-01 22:25:00	58.51446	17.86311	12	0	18	0	0	0	0	0.005	13.2	7	1019	18	1	31	0.5	1	1800	298	2000	260	1	0	1	1	1	1	0	0	1	0	0	0	40	0	260	4	0	10	5	
2026-05-01 22:30:00	58.5156	17.86281	12	0	19	0	0	0	0	0.005	13.2	7	1019	18	1	30	0.4	352	1800	297	2000	260	1	0	1	1	1	1	1	0	1	0	0	1	40	0	256	4	0	10	5	
2026-05-01 22:35:00	58.51632	17.86281	13	0	20	0	0	0	0	0.005	13.2	7	1019	18	1	29	0.3	0	1800	297	2000	260	1	0	1	1	1	1	1	0	1	0	0	1	40	0	253	4	0	10	5	
2026-05-01 22:40:00	58.51737	17.86299	13	0	21	0	0	0	0	0.005	13.2	7	1019	18	1	30	0.4	5	1900	296	2000	260	1	0	0	1	1	1	1	0	1	0	0	3	38	0	249	4	0	10	5	
2026-05-01 22:45:00	58.51641	17.86416	12	0	22	0	0	0	0	0.005	13.2	7	1019	18	1	31	0.4	147	1900	297	2000	255	1	0	0	0	1	1	1	0	1	0	30	0	9	0	251	-4	2	-10	5	
2026-05-01 22:50:00	58.51512	17.86515	12	0	23	0	0	0	0	0.005	13.2	7	1019	18	1	31	0.5	158	1900	297	2000	255	1	0	0	0	0	1	1	0	1	0	40	0	0	0	255	-4	0	-10	5	
2026-05-01 22:55:00	58.51386	17.86617	12	0	24	0	0	0	0	0.005	13.2	7	1019	18	1	27	0.5	157	1900	297	2000	255	1	0	0	0	0	0	1	0	1	0	41	0	0	0	259	-4	0	-10	5	
2026-05-01 23:00:00	58.51245	17.86683	11	0	25	0	0	0	0	0.005	13.2	7	1019	18	1	27	0.5	166	2000	298	2000	255	1	0	0	0	0	0	0	0	1	0	41	0	0	0	263	-4	0	-10	5	
2026-05-01 23:05:00	58.51128	17.86758	12	0	26	0	0	0	0	0.005	13.2	7	1019	18	1	31	0.5	162	2000	298	2000	255	1	0	1	0	0	0	0	0	1	0	40	0	0	0	266	-4	0	-10	5	
2026-05-01 23:10:00	58.51227	17.86839	12	0	27	0	0	0	0	0.005	13.2	7	1019	18	1	32	0.4	24	2000	298	2000	270	1	0	0	1	0	0	0	0	1	0	7	0	32	0	263	4	2	10	5	
2026-05-01 23:15:00	58.51143	17.86965	12	0	28	0	0	0	0	0.005	13.2	7	1019	18	1	28	0.4	142	2100	298	2000	265	1	0	1	0	1	0	0	0	1	0	33	0	7	0	266	-4	2	-10	5	
2026-05-01 23:20:00	58.51209	17.87037	11	0	29	0	0	0	0	0.005	13.2	7	1019	18	2	48	0.3	30	2200	298	2000	260	1	0	1	1	0	1	0	0	1	0	9	0	27	0	264	4	2	10	5	
2026-05-01 23:25:00	58.51296	17.87052	13	0	0	0	0	0	0	0.005	13.2	7	1019	18	1	28	0.3	5	2200	297	2000	260	1	0	1	1	1	0	1	0	1	0	0	0	41	0	261	4	0	10	5	
2026-05-01 23:30:00	58.51395	17.87028	11	0	1	0	0	0	0	0.005	13.2	7	1019	18	1	29	0.4	353	2200	297	2000	260	1	0	1	1	1	1	0	0	1	0	0	0	41	0	258	4	0	10	5	
2026-05-01 23:35:00	58.51488	17.87034	11	0	2	0	0	0	0	0.005	13.2	7	1019	18	2	57	0.4	2	2200	297	2000	260	1	0	1	1	1	1	1	0	0	0	0	1	34	0	256	4	0	10	5	
2026-05-01 23:40:00	58.51614	17.87022	11	0	3	0	0	0	0	0.005	13.2	7	1019	18	1	27	0.5	357	2200	296	2000	260	1	0	1	1	1	1	1	0	0	0	0	2	39	0	252	4	0	10	5	
2026-05-01 23:45:00	58.5171	17.86992	12	0	4	0	0	0	0	0.005	13.2	7	1019	18	2	62	0.4	351	2300	296	2000	260	1	0	0	1	1	1	1	0	0	0	0	1	33	0	249	4	0	10	5	
2026-05-01 23:50:00	58.51611	17.87109	41	0	5	0	0	0	0	0.005	13.2	7	1019	18	1	31	0.4	148	2300	296	2000	250	1	0	1	0	1	1	1	0	0	0	33	0	6	0	253	-4	2	-10	5	
2026-05-01 23:55:00	58.51662	17.87217	12	0	6	0	0	0	0	0.005	13.2	7	1019	18	1	60	0.3	48	2400	296	2000	270	1	0	0	1	0	1	1	0	0	0	7	5	21	0	252	4	2	10	5	
2026-05-02 00:05:00	58.51488	17.87469	11	0	8	0	0	0	0	0.005	13.2	7	1019	18	3	80	0.5	154	2500	296	2000	265	1	0	0	0	0	1	0	0	0	0	31	0	0	0	257	-4	0	-10	5	
2026-05-02 00:15:00	58.51362	17.87853	13	0	10	0	0	0	0	0.005	13.2	7	1019	18	3	79	0.5	106	2600	296	2000	265	1	0	1	0	0	0	0	0	0	0	10	0	21	0	261	-4	0	-10	5	
2026-05-02 00:20:00	58.51392	17.87952	11	0	11	0	0	0	0	0.005	13.2	7	1019	18	1	27	0.2	59	2700	296	2000	220	1	0	1	1	0	0	0	0	0	0	14	0	26	0	261	4	2	10	5	
2026-05-02 00:25:00	58.51437	17.87988	12	0	12	0	0	0	0	0.005	13.2	7	1019	18	2	46	0.2	23	2700	296	2000	220	1	0	1	1	1	0	0	0	0	0	0	1	36	0	260	4	0	10	5	
2026-05-02 00:30:00	58.51467	17.88024	12	0	13	0	0	0	0	0.005	13.2	7	1019	18	1	30	0.1	33	2800	296	2000	220	1	0	1	1	1	1	0	0	0	0	0	0	41	0	259	4	0	10	5	
2026-05-02 00:35:00	58.515	17.88045	12	0	14	0	0	0	0	0.005	13.2	7	1019	18	2	47	0.1	18	2800	296	2000	220	1	0	1	1	1	1	1	0	0	0	0	0	37	0	258	4	0	10	5	
2026-05-02 00:40:00	58.51536	17.88057	12	0	15	0	0	0	0	0.005	13.2	7	1019	18	1	29	0.1	10	2800	296	2000	220	1	0	1	1	1	1	1	0	0	0	0	0	41	0	258	4	0	10	5	
2026-05-02 00:45:00	58.51578	17.88057	12	0	16	0	0	0	0	0.005	13.2	7	1019	18	1	30	0.2	2	2800	295	2000	220	1	0	0	1	1	1	1	0	0	0	0	1	40	0	257	4	0	10	5	
2026-05-02 00:50:00	58.51539	17.8824	13	0	17	0	0	0	0	0.005	13.2	7	1019	18	2	59	0.4	113	2900	295	2000	220	1	0	1	0	1	1	1	0	0	0	22	1	11	0	258	-4	2	-10	5	
2026-05-02 00:55:00	58.51593	17.88318	11	0	18	0	0	0	0	0.005	13.2	7	1019	18	1	31	0.2	38	3000	295	2000	240	1	0	1	1	0	1	1	0	0	0	10	0	29	0	257	4	2	10	5	
2026-05-02 01:00:00	58.51641	17.88315	12	0	19	0	0	0	0	0.005	13.2	7	1019	18	3	67	0.2	357	3000	295	2000	240	1	0	1	1	1	0	1	0	0	0	0	1	32	0	256	4	0	10	5	
2026-05-02 01:05:00	58.51668	17.88315	12	0	20	0	0	0	0	0.005	13.2	7	1019	18	1	30	0.1	2	3000	295	2000	240	1	0	1	1	1	1	0	0	0	0	0	1	40	0	256	4	0	10	5	
2026-05-02 01:10:00	58.51707	17.88294	13	0	21	0	0	0	0	0.005	13.2	7	1019	18	2	54	0.1	345	3000	295	2000	240	1	0	1	1	1	1	1	0	0	0	0	0	36	0	255	4	0	10	5	
2026-05-02 01:15:00	58.51746	17.88291	12	0	22	0	0	0	0	0.005	13.2	7	1019	18	1	30	0.1	356	3000	295	2000	240	1	0	1	1	1	1	1	0	0	0	0	1	40	0	254	4	0	10	5	
2026-05-02 01:20:00	58.51785	17.88264	13	0	23	0	0	0	0	0.005	13.2	7	1019	18	2	61	0.1	340	3000	295	2000	240	1	0	0	1	1	1	1	0	0	0	0	0	34	0	253	4	0	10	5	
2026-05-02 01:25:00	58.51749	17.88456	14	0	24	0	0	0	0	0.005	13.2	7	1019	18	1	40	0.4	109	3100	295	2000	210	1	0	1	0	1	1	1	0	0	0	25	0	10	0	254	-4	2	-10	5	
2026-05-02 01:30:00	58.51821	17.88474	41	0	25	0	0	0	0	0.005	13.2	7	1018	18	1	35	0.2	8	3100	294	2000	230	1	0	1	1	0	1	1	0	0	0	10	0	28	0	253	4	2	10	5	
2026-05-02 01:35:00	58.5186	17.88456	11	0	26	0	0	0	0	0.005	13.2	7	1018	18	1	55	0.2	347	3100	294	2000	230	1	0	1	1	1	0	1	0	0	0	0	0	35	0	252	4	0	10	5	
2026-05-02 01:40:00	58.51923	17.88423	11	0	27	0	0	0	0	0.005	13.2	7	1019	18	1	29	0.2	343	3100	294	2000	230	1	0	1	1	1	1	0	0	0	0	0	0	41	0	251	4	0	10	5	
2026-05-02 01:45:00	58.51986	17.88375	11	0	28	0	0	0	0	0.005	13.2	7	1018	18	1	25	0.3	339	3100	294	2000	230	1	0	1	1	1	1	1	0	0	0	0	1	40	0	249	4	0	10	5	
2026-05-02 01:50:00	58.5204	17.88339	11	0	29	0	0	0	0	0.005	13.2	7	1018	18	1	28	0.2	341	3100	294	2000	230	1	0	1	1	1	1	1	0	0	0	0	0	41	0	248	4	0	10	5	
2026-05-02 02:00:00	58.52103	17.88414	11	0	1	0	0	0	0	0.005	13.2	7	1018	18	3	116	0.2	75	3200	293	2000	200	1	0	1	0	1	1	1	0	0	0	6	0	16	0	247	-4	2	-10	5	
2026-05-02 02:05:00	58.52145	17.88423	11	0	2	0	0	0	0	0.005	13.2	7	1018	18	1	26	0.2	5	3200	293	2000	205	1	0	1	1	0	1	1	0	0	0	10	0	30	0	247	4	2	10	5	
2026-05-02 02:10:00	58.52163	17.88351	11	0	3	0	0	0	0	0.005	13.2	7	1018	18	2	55	0.2	294	3200	293	2000	205	1	0	1	1	1	0	1	0	0	0	0	0	36	0	246	4	0	10	5	
2026-05-02 02:15:00	58.52178	17.88264	11	0	4	0	0	0	0	0.005	13.2	7	1018	18	1	26	0.2	290	3100	293	2000	205	1	0	1	1	1	1	0	0	0	0	0	0	41	0	245	4	0	10	5	
2026-05-02 02:20:00	58.52199	17.88147	11	0	5	0	0	0	0	0.005	13.2	7	1018	18	1	33	0.2	289	3100	293	2000	205	1	0	1	1	1	1	1	0	0	0	0	0	40	0	244	4	0	10	5	
2026-05-02 02:25:00	58.52226	17.88045	11	0	6	0	0	0	0	0.005	13.2	7	1018	18	1	26	0.2	296	3000	293	2000	205	1	0	1	1	1	1	1	0	0	0	0	0	41	0	243	4	0	10	5	
2026-05-02 02:30:00	58.52256	17.8794	13	0	7	0	0	0	0	0.005	13.2	7	1018	18	1	31	0.2	300	3000	293	2000	205	1	0	1	1	1	1	1	0	0	0	0	0	40	0	242	4	0	10	5	
2026-05-02 02:35:00	58.52286	17.87826	13	0	8	0	0	0	0	0.005	13.2	7	1018	18	1	29	0.2	296	3000	293	2000	205	1	0	1	1	1	1	1	0	0	0	0	0	41	0	241	4	0	10	5	
2026-05-02 02:40:00	58.52313	17.87721	13	0	9	0	0	0	0	0.005	13.2	7	1018	18	1	30	0.2	295	2900	293	2000	205	1	0	1	1	1	1	1	0	0	0	0	0	40	0	240	4	0	10	5	
2026-05-02 02:45:00	58.52334	17.87607	12	0	10	0	0	0	0	0.005	13.2	7	1018	18	1	28	0.2	289	2900	293	2000	205	1	0	1	1	1	1	1	0	0	0	0	0	41	0	239	4	0	10	5	
2026-05-02 02:50:00	58.52364	17.87511	12	0	11	0	0	0	0	0.005	13.2	7	1018	18	1	28	0.2	303	2900	293	2000	205	1	0	1	1	1	1	1	0	0	0	0	0	41	0	238	4	0	10	5	
2026-05-02 02:55:00	58.52391	17.87439	12	0	12	0	0	0	0	0.005	13.2	7	1018	18	1	33	0.2	306	2800	293	2000	205	1	0	1	1	1	1	1	0	0	0	0	0	40	0	237	4	0	10	5	
2026-05-02 03:00:00	58.52415	17.8737	11	0	13	0	0	0	0	0.005	13.2	7	1018	18	1	26	0.2	303	2800	293	2000	205	1	0	1	1	1	1	1	0	0	0	0	2	39	0	236	4	0	10	5	
2026-05-02 03:05:00	58.52442	17.87244	13	0	14	0	0	0	0	0.005	13.2	7	1018	18	1	25	0.3	292	2800	293	2000	205	1	0	1	1	1	1	1	0	0	0	0	0	42	0	235	4	0	10	5	
2026-05-02 03:10:00	58.52493	17.87109	41	0	15	0	0	0	0	0.005	13.2	7	1018	18	1	29	0.3	306	2700	293	2000	205	1	0	0	1	1	1	1	0	0	0	0	0	41	0	233	4	0	10	5	
2026-05-02 03:15:00	58.52463	17.87265	11	0	16	0	0	0	0	0.005	13.2	7	1018	18	1	59	0.4	110	2800	293	2000	205	1	0	1	0	1	1	1	0	0	0	23	1	10	0	234	-4	2	-10	5	
2026-05-02 03:20:00	58.52532	17.87175	12	0	17	0	0	0	0	0.005	13.2	7	1018	18	1	28	0.3	325	2800	293	2000	215	1	0	1	1	0	1	1	0	0	0	8	0	32	0	232	4	2	10	5	
2026-05-02 03:25:00	58.52586	17.87016	11	0	18	0	0	0	0	0.005	13.2	7	1018	18	1	29	0.4	303	2800	293	2000	215	1	0	1	1	1	0	1	0	0	0	0	0	41	0	230	4	0	10	5	
2026-05-02 03:30:00	58.52643	17.8686	11	0	19	0	0	0	0	0.005	13.2	7	1017	18	1	28	0.4	305	2700	293	2000	215	1	0	1	1	1	1	0	0	0	0	0	0	41	0	228	4	0	10	5	
2026-05-02 03:35:00	58.52721	17.86683	11	0	20	0	0	0	0	0.005	13.2	7	1017	18	1	26	0.4	310	2700	292	2000	215	1	0	1	1	1	1	1	0	0	0	0	0	41	0	225	4	0	10	5	
2026-05-02 03:40:00	58.52781	17.86524	12	0	21	0	0	0	0	0.005	13.3	7	1017	18	1	28	0.4	307	2700	292	2000	215	1	0	1	1	1	1	1	0	0	0	0	0	41	0	223	4	0	10	5	
2026-05-02 03:45:00	58.52847	17.86374	12	0	22	0	0	0	0	0.005	13.3	7	1017	18	1	34	0.4	310	2700	292	2000	215	1	0	0	1	1	1	1	0	0	0	0	0	40	0	220	4	0	10	5	
2026-05-02 03:50:00	58.52817	17.86551	12	0	23	0	0	0	0	0.005	13.3	7	1017	18	1	32	0.4	109	2700	292	2000	210	1	0	1	0	1	1	1	0	0	0	30	0	9	0	223	-4	2	-10	5	
2026-05-02 03:55:00	58.5288	17.86533	12	0	24	0	0	0	0	0.005	13.3	7	1017	18	1	26	0.2	352	2800	292	2000	225	1	0	0	1	0	1	1	0	0	0	10	1	29	0	221	4	2	10	5	
2026-05-02 04:00:00	58.52883	17.8668	12	0	25	0	0	0	0	0.005	13.3	7	1017	18	3	80	0.3	88	2900	292	2000	215	1	0	1	0	1	0	1	0	0	0	18	0	11	0	223	-4	2	-10	5	
2026-05-02 04:05:00	58.5294	17.86689	13	0	26	0	0	0	0	0.005	13.4	7	1017	18	2	45	0.2	5	2900	292	2000	215	1	0	1	1	0	1	0	0	0	0	11	0	25	0	222	4	2	10	5	
2026-05-02 04:10:00	58.52997	17.86605	13	0	27	0	0	0	0	0.005	13.4	7	1017	18	1	34	0.3	321	2900	291	2000	215	1	0	1	1	1	0	1	0	0	0	0	0	40	0	220	4	0	10	5	
2026-05-02 04:20:00	58.53123	17.86428	12	0	29	0	0	0	0	0.005	13.7	7	1017	18	3	79	0.3	327	3000	291	2000	215	1	0	1	1	1	1	1	0	0	0	0	0	31	0	217	4	0	10	5	
2026-05-02 04:30:00	58.53303	17.862	12	0	1	0	0	0	0	0.005	13.7	7	1017	18	3	95	0.4	326	3100	291	2000	215	1	0	0	1	1	1	1	0	0	0	0	0	27	0	213	4	0	10	5	
2026-05-02 04:35:00	58.53255	17.86341	12	0	2	0	0	0	0	0.005	13.7	7	1017	18	2	59	0.3	123	3100	291	2000	225	1	0	0	0	1	1	1	0	0	0	27	0	7	0	215	-4	2	-10	5	
2026-05-02 04:40:00	58.53147	17.8647	13	0	3	0	0	0	0	0.005	13.6	7	1017	18	2	50	0.5	149	3000	291	2000	225	1	0	0	0	0	1	1	0	0	0	36	0	0	0	217	-4	0	-10	5	
2026-05-02 04:50:00	58.52943	17.86746	13	0	5	0	0	0	0	0.005	13.6	7	1017	18	3	84	0.5	144	2900	292	2000	225	1	0	0	0	0	0	0	0	0	0	30	0	0	0	222	-4	0	-10	5	
2026-05-02 05:00:00	58.52721	17.87085	41	0	7	0	0	0	0	0.005	13.6	7	1017	18	3	103	0.6	141	2900	292	2000	225	1	0	1	0	0	0	0	0	0	0	26	0	0	0	229	-4	0	-10	5	
2026-05-02 05:05:00	58.52802	17.87043	12	0	8	0	0	0	0	0.005	13.6	7	1017	18	1	60	0.4	345	2900	292	2000	240	1	0	0	1	0	0	0	0	0	0	7	1	25	0	227	4	2	10	5	
2026-05-02 05:10:00	58.52694	17.87301	12	0	9	0	0	0	0	0.005	13.5	7	1017	18	1	31	0.6	129	3000	292	2000	230	1	0	0	0	1	0	0	0	0	0	40	0	0	0	231	-4	1	-10	5	
2026-05-02 05:15:00	58.52562	17.87496	11	0	10	0	0	0	0	0.005	13.5	7	1017	18	1	33	0.6	142	3000	292	2000	230	1	0	0	0	0	1	0	0	0	0	40	0	0	0	234	-4	0	-10	5	
2026-05-02 05:20:00	58.52445	17.87715	11	0	11	0	0	0	0	0.005	13.5	7	1017	18	1	33	0.6	135	3000	293	2000	230	1	0	1	0	0	0	1	0	0	0	40	0	0	0	238	-4	0	-10	5	
2026-05-02 05:25:00	58.5252	17.87694	12	0	12	0	0	0	0	0.005	13.5	7	1017	18	1	33	0.3	352	3000	292	2000	235	1	0	1	1	0	0	0	0	0	0	8	0	29	0	236	4	2	10	5	
2026-05-02 05:30:00	58.52613	17.87607	12	0	13	0	0	0	0	0.005	13.5	7	1017	18	1	33	0.4	334	3100	292	2000	235	1	0	1	1	1	0	0	0	0	0	0	2	38	0	234	4	0	10	5	
2026-05-02 05:35:00	58.52712	17.87472	11	0	14	0	0	0	0	0.005	13.5	7	1017	18	1	28	0.4	325	3100	292	2000	235	1	0	1	1	1	1	0	0	0	0	0	0	41	0	231	4	0	10	5	
2026-05-02 05:40:00	58.52808	17.87361	11	0	15	0	0	0	0	0.005	13.5	7	1017	18	2	51	0.4	329	3100	292	2000	235	1	0	0	1	1	1	1	0	0	0	0	0	36	0	229	4	0	10	5	
2026-05-02 05:45:00	58.52766	17.87604	12	0	16	0	0	0	0	0.005	13.5	7	1017	18	1	28	0.5	109	3200	292	2000	215	1	0	1	0	1	1	1	0	0	0	33	0	7	0	232	-4	2	-10	5	
2026-05-02 05:50:00	58.52841	17.87658	12	0	17	0	0	0	0	0.005	13.5	7	1017	18	1	29	0.3	20	3200	291	2000	230	1	0	1	1	0	1	1	0	0	0	8	0	32	0	231	4	2	10	5	
2026-05-02 06:00:00	58.53027	17.87433	12	0	18	0	0	1	0	0.005	13.5	7	1017	18	1	32	0.4	327	3300	291	2000	230	1	0	1	1	1	0	1	0	0	0	0	0	100	0	226	4	0	10	5	
2026-05-02 06:20:00	58.53348	17.86998	12	0	19	0	0	0	0	0.005	13.5	7	1017	18	1	29	0.4	325	3400	290	2000	230	1	0	1	1	1	1	0	0	0	0	0	1	100	0	219	4	0	10	5	
2026-05-02 06:40:00	58.53633	17.86551	12	0	20	0	0	0	0	0.005	13.4	7	1017	18	1	29	0.3	321	3500	289	2000	230	1	0	1	1	1	1	1	0	0	0	0	2	99	0	212	4	0	10	5	
2026-05-02 07:00:00	58.53867	17.86014	12	0	21	0	0	0	0	0.005	13.4	7	1017	18	1	31	0.3	310	3500	288	2000	230	1	0	1	1	1	1	1	0	0	0	0	1	100	0	212	4	0	10	5	
2026-05-02 07:20:00	58.54134	17.8548	41	0	22	0	0	0	0	0.005	13.4	7	1017	18	1	27	0.3	314	3600	288	2000	230	1	0	0	1	1	1	1	0	0	0	0	4	97	0	212	4	0	10	5	
2026-05-02 07:40:00	58.53843	17.8671	12	0	23	0	0	0	0	0.005	13.4	7	1017	18	1	66	0.7	114	3700	288	2000	210	1	0	1	0	1	1	1	0	0	0	97	1	4	0	212	-4	2	-10	5	
2026-05-02 08:00:00	58.54071	17.86644	12	0	24	0	0	0	0	0.005	13.4	7	1017	18	1	33	0.2	351	3900	287	2000	215	1	0	0	1	0	1	1	0	0	0	4	7	91	0	212	4	2	10	5	
2026-05-02 08:20:00	58.53831	17.8794	11	0	25	0	0	0	0	0.005	13.4	8	1017	18	1	32	0.7	110	4100	287	2000	215	1	0	1	0	1	0	1	0	0	0	98	1	3	0	220	-4	2	-10	5	
2026-05-02 08:40:00	58.54095	17.87604	13	0	26	0	0	0	0	0.005	13.4	8	1016	18	1	36	0.3	326	4200	286	2000	210	1	0	1	1	0	1	0	0	0	0	3	1	98	0	216	4	3	10	5	
2026-05-02 09:40:00	58.54479	17.86572	12	0	29	0	0	0	0	0.005	13.4	8	1016	18	3	88	0.2	285	4300	285	2000	210	1	0	1	1	1	1	1	0	0	0	0	2	99	0	212	4	0	10	5	
2026-05-02 10:00:00	58.54554	17.86296	40	0	0	0	0	0	0	0.005	13.4	8	1016	18	1	29	0.1	297	4300	285	2000	210	1	0	1	1	1	1	1	0	0	0	8	3	90	0	212	4	0	10	5	
2026-05-02 10:20:00	58.54539	17.85831	12	0	1	0	0	1	0	0.005	13.4	8	1015	18	1	65	0.2	267	4100	286	2000	210	0	0	1	1	1	1	1	0	0	0	0	0	100	0	212	4	0	10	5	
2026-05-02 10:40:00	58.54461	17.85339	12	0	2	0	0	0	0	0.005	13.4	8	1015	18	1	32	0.2	253	3900	286	2000	210	0	0	1	1	1	1	1	0	0	0	0	2	99	0	212	4	0	10	5	
2026-05-02 11:00:00	58.54326	17.84736	11	0	3	0	0	0	0	0.005	13.4	8	1015	18	1	30	0.3	247	3600	287	2000	210	0	0	1	1	1	1	1	0	0	0	0	1	100	0	212	4	0	10	5	
2026-05-02 11:20:00	58.5414	17.84037	11	0	4	0	0	0	0	0.005	13.4	8	1014	18	1	26	0.4	243	3200	289	2000	210	0	0	1	1	1	1	1	0	0	0	0	0	100	0	212	4	0	10	5	
2026-05-02 11:40:00	58.53948	17.83503	12	0	5	0	0	0	0	0.005	13.3	8	1014	18	1	26	0.3	235	2800	290	2000	210	0	0	1	1	1	1	1	0	0	0	0	1	100	0	212	4	0	10	5	
2026-05-02 12:00:00	58.53804	17.82918	12	0	6	0	0	0	0	0.005	13.3	8	1014	18	1	28	0.3	245	2500	291	2000	210	0	0	1	1	1	1	1	0	0	0	0	5	96	0	212	4	0	10	5	
2026-05-02 12:20:00	58.53747	17.82123	41	0	7	0	0	0	0	0.005	13.3	8	1013	18	1	34	0.4	262	2200	292	2000	210	0	0	1	1	1	1	1	0	0	0	0	1	100	0	212	4	0	10	5	
2026-05-02 12:40:00	58.53771	17.81463	11	0	8	0	0	0	0	0.005	13.6	8	1013	18	2	83	0.3	274	2000	293	2000	210	0	0	1	1	1	1	1	0	1	0	0	2	99	0	212	4	0	10	5	
2026-05-02 13:00:00	58.53768	17.80779	12	0	9	0	0	0	0	0.005	13.6	8	1012	18	3	62	0.3	270	1800	293	2000	210	0	0	1	1	1	1	1	0	1	0	0	2	99	0	238	4	0	10	5	
2026-05-02 13:20:00	58.53804	17.80107	13	0	10	0	0	0	0	0.005	13.6	8	1012	18	1	34	0.3	276	1600	294	2000	210	0	0	1	1	1	1	1	0	1	0	0	2	99	0	248	4	0	10	5	
2026-05-02 13:40:00	58.53891	17.79387	11	0	11	0	0	0	0	0.005	13.6	8	1012	18	1	32	0.4	283	1500	295	2000	210	0	0	1	1	1	1	1	0	1	0	0	2	99	0	254	4	0	10	5	
2026-05-02 14:00:00	58.53996	17.78664	11	0	12	0	0	0	0	0.005	13.5	8	1012	18	2	75	0.4	286	1400	295	2000	210	0	0	1	1	1	1	1	0	1	0	0	1	100	0	260	4	0	10	5	
2026-05-02 14:20:00	58.54122	17.77875	12	0	13	0	0	0	0	0.005	13.5	8	1011	18	1	27	0.4	287	1200	295	2000	210	0	0	1	1	1	1	1	0	1	0	0	2	99	0	264	4	0	10	5	
2026-05-02 14:40:00	58.54446	17.77374	12	0	14	0	0	0	0	0.005	13.5	8	1011	18	1	27	0.4	321	1400	294	2000	210	0	0	1	1	1	1	1	0	1	0	10	7	85	0	259	4	0	10	5	
2026-05-02 15:00:00	58.54656	17.76735	13	0	15	0	0	0	0	0.005	13.5	8	1011	18	1	29	0.4	302	1400	294	2000	210	0	0	1	1	1	1	1	0	1	0	0	5	96	0	259	4	0	10	5	
2026-05-02 15:20:00	58.54902	17.75943	12	0	16	0	0	0	0	0.005	13.5	8	1011	18	1	29	0.4	301	1400	293	2000	210	0	0	1	1	1	1	1	0	1	0	0	0	100	0	259	4	0	10	5	
2026-05-02 15:40:00	58.5516	17.75169	41	0	17	0	0	0	0	0.005	13.5	8	1010	18	1	25	0.4	303	1400	293	2000	210	0	0	1	1	1	1	1	0	1	0	0	3	98	0	259	4	0	10	5	
2026-05-02 16:00:00	58.55301	17.74431	12	0	18	0	0	0	0	0.005	13.5	8	1010	18	1	57	0.4	290	1300	293	2000	210	0	0	1	1	1	1	1	0	1	0	0	1	100	0	263	4	0	10	5	
2026-05-02 16:20:00	58.55433	17.73855	12	0	19	0	0	0	0	0.005	13.5	8	1010	18	1	28	0.3	294	1200	293	2000	210	0	0	1	1	1	1	1	0	1	0	0	3	98	0	265	4	0	10	5	
2026-05-02 16:40:00	58.55457	17.73129	11	0	20	0	0	0	0	0.005	13.4	8	1010	18	2	46	0.4	274	1000	294	2000	210	0	0	1	1	1	1	1	0	1	0	0	1	100	0	272	4	0	10	5	
2026-05-02 17:00:00	58.55571	17.72826	12	0	21	0	0	0	0	0.005	13.4	8	1010	18	2	46	0.2	306	1000	293	2000	210	0	0	1	1	1	1	1	0	1	0	9	5	87	0	271	4	0	10	5	
2026-05-02 17:20:00	58.55589	17.7234	12	0	22	0	0	0	0	0.005	13.4	8	1009	18	1	33	0.2	274	900	294	2000	210	0	0	1	1	1	1	1	0	1	0	0	3	98	0	276	4	0	10	5	
2026-05-02 17:40:00	58.55628	17.72034	12	0	23	0	0	0	0	0.005	13.4	8	1009	18	1	29	0.2	284	800	295	2000	210	0	0	1	1	1	1	1	0	1	0	8	9	84	0	278	4	0	10	5	
2026-05-02 18:00:00	58.55613	17.71464	65	0	24	0	0	0	0	0.005	13.4	7	1009	18	1	30	0.3	267	600	296	2000	210	0	0	1	1	1	1	1	0	1	0	0	3	98	0	283	4	0	10	5	
2026-05-02 18:20:00	58.5564	17.71047	11	0	25	0	0	0	0	0.005	13.4	7	1009	18	1	81	0.2	277	500	297	2000	210	0	0	1	1	1	1	1	0	1	0	9	11	81	0	287	4	0	10	5	
2026-05-02 18:40:00	58.55604	17.70354	11	0	26	0	0	0	0	0.005	13.4	7	1010	18	1	29	0.3	264	300	299	2000	210	0	0	2	1	1	1	1	0	1	0	0	2	99	0	294	4	0	10	5	
2026-05-02 19:20:00	58.55622	17.69013	12	0	28	0	0	0	0	0.005	13.4	7	1010	18	3	77	0.4	264	-100	304	2000	210	0	0	2	1	1	1	1	0	1	0	0	1	100	0	305	4	0	10	5	
2026-05-02 19:40:00	58.5567	17.68281	12	0	29	0	0	0	0	0.005	13.4	7	1010	18	1	31	0.4	277	-300	306	2000	210	0	0	2	1	1	1	1	0	1	0	0	9	92	0	311	4	0	10	5	
2026-05-02 20:00:00	58.55679	17.67579	13	0	0	0	0	0	0	0.005	13.4	7	1010	18	1	33	0.3	272	-500	309	2000	210	0	0	2	1	1	1	1	0	1	0	0	5	95	0	317	4	0	10	5	
2026-05-02 20:20:00	58.55673	17.66946	12	0	1	0	0	0	0	0.005	13.4	7	1010	18	2	55	0.3	269	-700	313	2000	210	0	0	2	1	1	1	1	0	1	0	0	3	98	0	323	4	0	10	5	
2026-05-02 20:40:00	58.55685	17.66286	12	0	2	0	0	0	0	0.005	13.4	7	1009	18	1	34	0.3	272	-900	317	2000	210	0	0	2	1	1	1	1	0	1	0	0	8	93	0	329	4	0	10	5	
2026-05-02 21:00:00	58.55706	17.65551	41	0	3	0	0	0	0	0.005	13.4	7	1009	18	2	45	0.3	273	-1100	323	2000	210	0	0	2	1	1	1	1	0	1	0	0	4	97	0	336	4	0	10	5	
2026-05-02 21:20:00	58.5576	17.6475	11	0	4	0	0	0	0	0.005	13.4	7	1009	18	1	60	0.4	277	-1300	330	2000	210	0	0	2	1	1	1	1	0	1	0	0	2	99	0	343	4	0	10	5	
2026-05-02 21:40:00	58.56213	17.65017	11	0	5	0	0	1	0	0.005	13.3	7	1009	18	1	28	0.4	17	-800	321	2000	210	1	0	1	2	1	1	1	0	1	0	10	1	90	0	325	0	7	10	5	
2026-05-02 22:00:00	58.5642	17.64564	11	0	6	0	0	2	0	0.005	13.3	7	1009	18	1	33	0.3	311	1000	179	2000	210	1	0	0	1	2	1	1	0	1	0	2	7	92	0	169	4	2	10	5	
2026-05-02 22:20:00	58.56132	17.64441	12	0	7	0	0	0	0	0.005	13.3	7	1009	18	1	28	0.3	193	800	178	2000	250	1	0	3	0	1	2	1	0	1	0	95	2	4	0	169	-4	3	-10	5	
2026-05-02 22:40:00	58.5582	17.6469	12	0	8	0	0	0	0	0.005	13.3	7	1009	18	1	31	0.3	157	500	181	2000	250	1	0	0	3	0	1	2	0	1	0	100	0	0	0	175	0	1	-10	5	
2026-05-02 23:00:00	58.5546	17.64543	12	0	9	0	0	0	0	0.005	13.3	7	1009	18	1	29	0.3	192	500	179	2000	250	1	0	3	0	3	0	1	0	1	0	100	0	0	0	174	-4	1	-10	5	
2026-05-02 23:20:00	58.5525	17.64819	12	0	10	0	0	0	0	0.005	13.3	7	1009	18	1	26	0.2	145	300	182	2000	250	1	0	0	3	0	3	0	0	1	0	100	1	0	0	180	0	1	-10	5	
2026-05-02 23:40:00	58.55199	17.64762	18	0	11	0	0	0	0	0.005	13.3	7	1009	18	1	27	0.1	212	400	182	2000	250	1	0	0	0	3	0	3	0	1	0	92	9	0	0	179	-4	1	-10	5	
2026-05-03 00:00:00	58.55115	17.64636	40	0	12	0	0	0	0	0.005	13.3	7	1009	18	1	36	0.1	217	400	180	2000	250	1	0	3	0	0	3	0	0	1	0	95	6	0	0	177	-4	0	-10	5	
2026-05-03 00:20:00	58.55037	17.65101	13	0	13	0	0	0	0	0.005	13.3	7	1008	18	1	61	0.2	108	100	186	2000	250	1	0	0	3	0	0	3	0	1	0	100	1	0	0	186	0	1	-10	5	
2026-05-03 00:40:00	58.54863	17.65104	15	0	14	0	0	0	0	0.005	13.3	7	1009	18	1	33	0.2	179	100	187	2000	250	1	0	0	0	3	0	0	0	1	0	100	1	0	0	186	-4	1	-10	5	
2026-05-03 01:20:00	58.54287	17.65203	16	0	16	0	0	0	0	0.005	13.3	7	1009	18	3	89	0.2	170	-1700	191	2000	250	1	0	0	0	0	0	3	0	1	0	96	4	1	0	191	-4	0	-10	5	
2026-05-03 01:40:00	58.54026	17.65506	41	0	17	0	0	0	0	0.005	13.3	7	1009	18	1	35	0.3	149	-1400	201	2000	250	1	0	0	0	0	0	0	0	1	0	96	5	0	0	201	-4	0	-10	5	
2026-05-03 02:00:00	58.53903	17.65761	12	0	18	0	0	0	0	0.005	13.3	7	1009	18	2	73	0.2	133	-1400	209	2000	250	1	0	0	0	0	0	0	0	1	0	100	0	0	0	209	-4	0	-10	5	
2026-05-03 02:20:00	58.53894	17.65998	11	0	19	0	0	0	0	0.005	13.3	7	1008	18	3	66	0.1	94	-1400	214	2000	250	1	0	1	0	0	0	0	0	1	0	90	8	4	0	214	-4	0	-10	5	
2026-05-03 02:40:00	58.5408	17.6616	11	0	20	0	0	0	0	0.005	13.3	7	1008	18	1	27	0.2	24	-1700	212	2000	260	1	0	0	1	0	0	0	0	1	0	13	10	78	0	212	4	2	10	5	
2026-05-03 03:00:00	58.53942	17.66382	12	0	21	0	0	0	0	0.005	13.3	7	1008	18	1	29	0.2	140	-1600	219	2000	265	1	0	0	0	1	0	0	0	1	0	96	1	5	0	219	-4	2	-10	5	
2026-05-03 03:20:00	58.53744	17.66583	12	0	22	0	0	0	0	0.005	13.2	7	1008	18	1	28	0.2	152	-1500	228	2000	265	1	0	0	0	0	1	0	0	1	0	100	0	0	0	228	-4	0	-10	5	
2026-05-03 03:40:00	58.53591	17.66811	12	0	23	0	0	0	0	0.005	13.3	7	1009	18	1	25	0.2	142	-1500	236	2000	265	1	0	0	0	0	0	1	0	1	0	100	0	0	0	236	-4	0	-10	5	
2026-05-03 04:00:00	58.53345	17.66985	40	0	24	0	0	0	0	0.005	13.3	7	1009	18	2	56	0.2	160	-1500	247	2000	265	1	0	0	0	0	0	0	0	1	0	100	0	0	0	247	-4	0	-10	5	
2026-05-03 04:20:00	58.53072	17.67102	12	0	25	0	0	0	0	0.005	13.4	7	1009	18	1	57	0.3	167	-1500	259	2000	265	1	0	0	0	0	0	0	0	1	0	100	0	0	0	259	-4	0	-10	5	
2026-05-03 05:00:00	58.52997	17.67969	11	0	27	0	0	0	0	0.005	13.8	7	1009	18	3	87	0.4	65	-1900	264	2000	305	1	0	0	1	0	0	0	0	1	0	8	1	93	0	264	4	2	10	5	
2026-05-03 05:20:00	58.52793	17.67519	12	0	28	0	0	0	0	0.005	13.8	7	1009	18	1	32	0.3	229	-1700	271	2000	330	1	0	0	0	1	0	0	0	1	0	95	0	6	0	271	-4	2	-10	5	
2026-05-03 05:40:00	58.52862	17.66772	12	0	29	0	0	2	0	0.005	13.8	7	1009	18	1	29	0.4	280	700	121	2000	330	1	0	2	0	0	1	0	0	1	0	100	0	0	0	112	-4	0	-10	5	
2026-05-03 06:00:00	58.52046	17.6622	12	0	0	0	0	0	0	0.005	13.8	7	1009	18	1	32	0.8	199	1500	107	2000	330	1	0	3	2	0	0	1	0	1	0	4	0	97	0	81	0	2	10	5	
2026-05-03 06:20:00	58.52022	17.64669	13	0	1	0	0	0	0	0.005	13.7	7	1009	18	1	29	0.7	268	2200	103	2000	55	1	0	1	3	2	0	0	0	0	0	92	1	8	0	60	0	8	-10	5	
2026-05-03 06:40:00	58.51374	17.65491	13	0	2	0	0	0	0	0.005	13.7	7	1010	18	1	29	0.7	146	2300	95	2000	55	1	0	0	1	3	2	0	0	0	0	2	1	98	0	39	4	2	10	5	
2026-05-03 07:00:00	58.51956	17.65668	12	0	3	0	0	2	0	0.005	13.6	7	1010	18	1	31	0.5	9	800	94	2000	75	1	0	1	0	1	3	2	0	1	0	95	2	4	0	82	-4	2	-10	5	
2026-05-03 07:20:00	58.51434	17.66256	12	0	4	0	0	0	0	0.005	13.6	7	1010	18	2	61	0.6	150	1300	86	2000	80	1	0	0	1	0	1	3	0	1	0	5	2	94	0	66	4	2	10	5	
2026-05-03 07:40:00	58.52058	17.6628	41	0	5	0	0	0	0	0.005	13.6	7	1010	18	1	30	0.6	1	600	96	2000	75	1	0	1	0	1	0	1	0	1	0	98	0	3	0	88	-4	2	-10	5	
2026-05-03 08:00:00	58.51524	17.66967	12	0	6	0	0	0	0	0.005	13.6	7	1010	18	1	57	0.6	146	1100	87	2000	75	1	0	0	1	0	1	0	0	1	0	10	1	90	0	73	4	2	10	5	
2026-05-03 08:20:00	58.52193	17.66886	12	0	7	0	0	0	0	0.005	13.6	7	1010	18	1	30	0.6	356	300	99	2000	70	1	0	1	0	1	0	1	0	1	0	97	1	3	0	95	-4	2	-10	5	
2026-05-03 08:40:00	58.51674	17.67729	12	0	8	0	0	0	0	0.005	13.6	7	1011	18	1	28	0.6	140	800	90	2000	70	1	0	1	1	0	1	0	0	1	0	3	3	95	0	82	4	2	10	5	
2026-05-03 09:00:00	58.51122	17.68722	13	0	9	0	0	0	0	0.005	13.6	7	1011	18	1	40	0.7	137	1200	75	2000	70	1	0	0	1	1	0	1	0	1	0	0	2	99	0	67	4	0	10	5	
2026-05-03 09:40:00	58.51578	17.69235	12	0	11	0	0	0	0	0.005	13.5	8	1010	18	3	114	0.4	143	700	86	2000	75	1	0	1	1	0	1	1	0	1	0	11	2	88	0	85	4	2	10	5	
2026-05-03 10:00:00	58.51077	17.70003	12	0	12	0	0	0	0	0.005	13.5	7	1011	18	1	28	0.6	141	1800	68	2000	75	1	0	0	1	1	0	1	0	1	0	0	1	100	0	68	4	0	10	5	
2026-05-03 10:20:00	58.51764	17.69802	12	0	13	0	0	2	0	0.005	13.5	8	1011	18	1	29	0.6	351	-1000	158	2000	65	1	0	2	0	1	1	0	0	1	0	98	0	3	0	166	-4	2	-10	5	
2026-05-03 10:40:00	58.51056	17.68698	12	0	14	0	0	0	0	0.005	13.5	8	1011	18	2	49	0.8	219	100	136	2000	65	1	0	1	2	0	1	1	0	1	0	6	0	95	0	136	0	4	10	5	
2026-05-03 11:00:00	58.50648	17.6943	13	0	15	0	0	0	0	0.005	13.5	8	1011	18	1	32	0.5	137	1800	136	2000	65	1	0	1	1	2	0	1	0	1	0	0	2	99	0	136	4	1	10	5	
2026-05-03 11:20:00	58.5033	17.70486	12	0	16	0	0	0	0	0.005	13.4	8	1011	18	1	32	0.6	120	-1100	146	2000	65	1	0	1	1	1	2	0	0	1	0	0	0	100	0	146	4	0	10	5	
2026-05-03 11:40:00	58.4994	17.71542	41	0	17	0	0	0	0	0.005	13.4	8	1011	18	1	27	0.6	125	-500	178	2000	65	1	0	1	1	1	1	2	1	1	0	0	1	100	0	178	4	0	10	5	
2026-05-03 12:00:00	58.4958	17.72586	12	0	18	0	0	0	0	0.005	13.4	8	1011	18	2	75	0.6	123	-600	260	2000	65	1	0	3	1	1	1	1	1	1	0	0	1	100	0	260	4	0	10	5	
2026-05-03 12:20:00	58.50084	17.70555	12	0	19	0	0	2	0	0.005	13.4	8	1011	18	1	35	1.1	295	-400	348	2000	65	1	0	0	3	1	1	1	0	1	0	98	0	3	0	358	0	2	-10	5	
2026-05-03 12:40:00	58.50924	17.70444	12	0	20	0	0	0	0	0.005	13.4	8	1011	18	1	30	0.8	356	-300	348	2000	65	1	0	0	0	3	1	1	0	1	0	100	0	0	0	353	-4	1	-10	5	
2026-05-03 13:40:00	58.52538	17.68251	41	0	23	0	0	0	0	0.005	13.4	8	1011	18	3	95	0.6	343	-1100	354	2000	65	1	0	0	0	3	0	0	0	1	0	99	2	0	0	18	-4	1	-10	5	
2026-05-03 14:00:00	58.53252	17.68071	41	0	24	0	0	0	0	0.005	13.4	7	1011	18	2	87	0.7	353	-1000	354	2000	65	1	0	0	0	0	3	0	0	1	0	97	4	0	0	15	-4	0	-10	5	
2026-05-03 14:20:00	58.53939	17.67972	12	0	25	0	0	0	0	0.005	13.4	7	1010	18	1	64	0.7	356	-800	354	2000	65	1	0	0	0	0	0	3	0	1	0	94	7	0	0	11	-4	0	-10	5	
2026-05-03 14:40:00	58.54659	17.67975	12	0	26	0	0	0	0	0.005	13.4	7	1010	18	1	31	0.7	0	-600	353	2000	65	1	0	0	0	0	0	0	0	1	0	100	1	0	0	5	-4	0	-10	5	
2026-05-03 15:00:00	58.55319	17.67882	12	0	27	0	0	0	0	0.005	13.8	7	1010	18	1	28	0.6	356	-500	353	2000	65	1	0	0	0	0	0	0	0	1	0	99	2	0	0	1	-4	0	-10	5	
2026-05-03 15:20:00	58.55934	17.67666	13	0	28	0	0	0	0	0.005	13.7	7	1010	18	1	29	0.6	350	-500	353	2000	65	1	0	0	0	0	0	0	0	1	0	100	0	0	0	360	-4	0	-10	5	
2026-05-03 15:40:00	58.5657	17.67375	15	0	29	0	0	0	0	0.005	13.7	7	1010	18	1	32	0.6	346	-500	355	2000	65	1	0	0	0	0	0	0	0	1	0	100	1	0	0	359	-4	0	-10	5	
2026-05-03 16:00:00	58.57158	17.66994	41	0	0	0	0	0	0	0.005	13.7	7	1010	18	1	33	0.6	341	-500	358	2000	65	1	0	0	0	0	0	0	0	1	0	98	3	0	0	1	-4	0	-10	5	
2026-05-03 16:20:00	58.57683	17.66586	12	0	1	0	0	0	0	0.005	13.6	7	1010	18	2	79	0.5	338	-1800	5	2000	65	1	0	0	0	0	0	0	0	1	0	98	3	0	0	5	-4	0	-10	5	
2026-05-03 16:40:00	58.58199	17.66349	12	0	2	0	0	0	0	0.005	13.6	7	1010	18	1	30	0.5	346	-1300	14	2000	65	1	0	0	0	0	0	0	0	1	0	100	1	0	0	14	-4	0	-10	5	
2026-05-03 17:20:00	58.593	17.66043	12	0	4	0	0	0	0	0.005	13.6	7	1010	18	3	81	0.5	355	-500	86	2000	65	1	0	1	0	0	0	0	1	1	0	100	1	0	0	86	-4	0	-10	5	
2026-05-03 17:40:00	58.58946	17.66361	13	0	5	0	0	0	0	0.005	13.6	7	1010	18	2	51	0.4	155	-500	35	2000	75	1	0	0	1	0	0	0	1	1	0	12	6	84	0	35	4	2	10	5	
2026-05-03 18:00:00	58.59423	17.66178	41	0	6	0	0	0	0	0.005	13.6	7	1010	18	1	33	0.4	349	-400	104	2000	70	1	0	1	0	1	0	0	1	1	0	95	3	3	0	104	-4	2	-10	5	
2026-05-03 18:20:00	58.59012	17.66679	15	0	7	0	0	0	0	0.005	13.6	7	1010	18	1	62	0.5	147	-400	18	2000	70	1	0	0	1	0	1	0	1	1	0	3	3	95	0	18	4	2	10	5	
2026-05-03 18:40:00	58.59462	17.66622	13	0	8	0	0	2	0	0.005	13.5	7	1010	18	1	32	0.4	356	200	352	2000	70	1	0	3	0	1	0	1	0	1	0	96	2	4	0	350	-4	2	-10	5	
2026-05-03 19:00:00	58.59453	17.65206	14	0	9	0	0	0	0	0.005	13.5	7	1010	18	1	31	0.7	269	-600	7	2000	70	1	0	0	3	0	1	0	0	1	0	99	0	2	0	13	0	3	-10	5	
2026-05-03 19:20:00	58.59816	17.65278	22	0	10	0	0	0	0	0.005	13.5	7	1010	18	1	29	0.3	6	-500	7	2000	70	1	0	0	0	3	0	1	0	1	0	98	3	0	0	11	-4	1	-10	5	
2026-05-03 19:40:00	58.60266	17.65314	41	0	11	0	0	0	0	0.005	13.5	7	1010	18	1	40	0.4	2	-500	8	2000	70	1	0	0	0	0	3	0	0	1	0	100	0	0	0	9	-4	0	-10	5	
2026-05-03 20:20:00	58.60851	17.65797	12	0	13	0	0	0	0	0.005	13.5	7	1010	18	3	88	0.3	22	-1500	1	2000	70	1	0	0	0	0	0	0	0	1	0	100	1	0	0	1	-4	0	-10	5	
2026-05-03 20:40:00	58.61073	17.66004	13	0	14	0	0	0	0	0.005	13.5	6	1010	18	1	33	0.2	26	-1300	356	2000	70	1	0	0	0	0	0	0	0	1	0	98	3	0	0	356	-4	0	-10	5	
2026-05-03 21:00:00	58.61316	17.66208	40	0	15	0	0	2	0	0.005	13.5	6	1010	18	1	29	0.2	24	-1300	152	2000	70	1	0	2	0	0	0	0	0	1	0	98	3	0	0	179	-4	0	-10	5	
2026-05-03 21:20:00	58.61118	17.65461	11	0	16	0	0	0	0	0.005	13.4	6	1009	18	1	70	0.4	243	-1000	149	2000	70	1	0	2	2	0	0	0	0	1	0	12	0	89	0	163	0	6	10	5	
2026-05-03 21:40:00	58.60893	17.64795	11	0	17	0	0	0	0	0.005	13.4	6	1010	18	1	26	0.4	237	-800	147	2000	70	1	0	3	2	2	0	0	0	1	0	13	2	86	0	150	0	7	10	5	
2026-05-03 22:00:00	58.6101	17.64216	11	0	18	0	0	0	0	0.005	13.4	6	1010	18	1	29	0.3	291	1000	145	2000	100	1	0	1	3	2	2	0	0	1	0	92	1	9	0	144	0	4	-10	5	
2026-05-03 22:20:00	58.60689	17.6445	12	0	19	0	0	0	0	0.005	13.4	6	1009	18	1	29	0.3	159	700	145	2000	100	1	0	1	1	3	2	2	0	1	0	3	1	97	0	141	4	2	10	5	
2026-05-03 22:40:00	58.6044	17.64609	12	0	20	0	0	0	0	0.005	13.4	6	1009	18	1	32	0.2	162	500	144	2000	100	1	0	1	1	1	3	2	0	1	0	12	6	83	0	139	4	0	10	5	
2026-05-03 23:00:00	58.60146	17.64837	13	0	21	0	0	0	0	0.005	13.4	6	1009	18	1	29	0.3	158	300	144	2000	100	1	0	1	1	1	1	3	0	1	0	0	3	98	0	137	4	0	10	5	
2026-05-03 23:20:00	58.59948	17.64981	12	0	22	0	0	0	0	0.005	13.4	6	1009	18	1	31	0.2	159	400	143	2000	100	1	0	1	1	1	1	1	0	1	0	0	15	86	0	135	4	0	10	5	
2026-05-03 23:40:00	58.59726	17.65254	13	0	23	0	0	0	0	0.005	13.4	6	1009	18	1	34	0.2	147	400	143	2000	100	1	0	1	1	1	1	1	0	1	0	0	2	99	0	135	4	0	10	5	
2026-05-04 00:00:00	58.59471	17.65536	40	0	24	0	0	0	0	0.005	13.4	6	1008	18	1	28	0.3	150	400	143	2000	100	1	0	1	1	1	1	1	0	1	0	0	3	98	0	134	4	0	10	5	
2026-05-04 00:20:00	58.59234	17.65923	13	0	25	0	0	0	0	0.005	13.4	6	1008	18	3	91	0.3	140	400	143	2000	100	1	0	1	1	1	1	1	0	1	0	0	0	100	0	135	4	0	10	5	
2026-05-04 00:40:00	58.58994	17.66298	11	0	26	0	0	0	0	0.005	13.4	6	1008	18	1	33	0.3	141	300	143	2000	100	1	0	1	1	1	1	1	0	1	0	0	1	100	0	136	4	0	10	5	
2026-05-04 01:00:00	58.58733	17.66712	11	0	27	0	0	0	0	0.005	13.4	6	1008	18	1	31	0.3	140	300	143	2000	100	1	0	1	1	1	1	1	0	1	0	0	2	99	0	137	4	0	10	5	
2026-05-04 01:20:00	58.584	17.67027	12	0	28	0	0	0	0	0.005	13.4	6	1008	18	2	55	0.3	154	300	143	2000	100	1	0	1	1	1	1	1	0	1	0	0	0	100	0	136	4	0	10	5	
2026-05-04 01:40:00	58.58097	17.67306	11	0	29	0	0	0	0	0.005	13.3	7	1007	18	2	49	0.3	155	400	142	2000	100	1	0	1	1	1	1	1	0	1	0	0	3	98	0	134	4	0	10	5	
2026-05-04 02:00:00	58.57809	17.67273	11	0	0	0	0	0	0	0.005	13.3	7	1008	18	1	30	0.3	183	600	140	2000	100	1	0	1	1	1	1	1	0	1	0	0	3	98	0	128	4	0	10	5	
2026-05-04 02:20:00	58.57569	17.6703	11	0	1	0	0	0	0	0.005	13.3	7	1007	18	1	27	0.3	208	900	137	2000	100	1	0	0	1	1	1	1	0	1	0	0	5	96	0	120	4	0	10	5	
2026-05-04 02:40:00	58.57788	17.67225	12	0	2	0	0	0	0	0.005	13.3	7	1007	18	2	57	0.2	25	600	139	2000	115	1	0	1	0	1	1	1	0	1	0	96	0	5	0	127	-4	2	-10	5	
2026-05-04 03:00:00	58.57614	17.67117	41	0	3	0	0	0	0	0.005	13.3	7	1006	18	1	27	0.2	198	800	138	2000	110	1	0	1	1	0	1	1	0	1	0	6	4	91	0	122	4	2	10	5	
2026-05-04 03:20:00	58.57392	17.67204	12	0	4	0	0	0	0	0.005	13.3	7	1006	18	3	95	0.2	168	900	136	2000	110	1	0	1	1	1	0	1	0	1	0	0	2	99	0	119	4	0	10	5	
2026-05-04 03:40:00	58.57239	17.67084	12	0	5	0	0	0	0	0.005	13.3	7	1007	18	2	44	0.2	202	1000	134	2000	110	1	0	1	1	1	1	0	0	1	0	0	8	93	0	114	4	0	10	5	
2026-05-04 04:00:00	58.57197	17.66685	12	0	6	0	0	0	0	0.005	13.3	7	1006	18	1	26	0.2	258	1300	132	2000	110	1	0	0	1	1	1	1	0	1	0	9	7	86	0	106	4	0	10	5	
2026-05-04 04:20:00	58.57356	17.66682	12	0	7	0	0	0	0	0.005	13.3	7	1006	18	2	52	0.1	359	1200	134	2000	135	1	0	0	0	1	1	1	0	1	0	85	5	11	0	110	-4	3	-10	5	
2026-05-04 05:00:00	58.57839	17.66934	12	0	9	0	0	0	0	0.005	13.5	7	1006	18	3	94	0.2	15	700	138	2000	135	1	0	0	0	0	0	1	0	1	0	100	1	0	0	124	-4	0	-10	5	
2026-05-04 05:20:00	58.58076	17.67282	12	0	10	0	0	0	0	0.005	13.6	7	1006	18	3	84	0.3	37	400	142	2000	135	1	0	0	0	0	0	0	0	1	0	100	0	0	0	133	-4	0	-10	5	
2026-05-04 05:40:00	58.58244	17.67663	12	0	11	0	0	0	0	0.005	13.8	7	1006	18	1	30	0.2	50	100	144	2000	135	1	0	0	0	0	0	0	0	1	0	100	1	0	0	142	-4	0	-10	5	
2026-05-04 06:00:00	58.5837	17.67771	40	0	12	0	0	0	0	0.005	13.8	7	1006	18	1	28	0.1	24	0	146	2000	135	1	0	1	0	0	0	0	0	1	0	96	5	0	0	145	-4	0	-10	5	
2026-05-04 06:20:00	58.58313	17.67819	11	0	13	0	0	0	0	0.005	13.8	7	1005	18	1	55	0.1	157	0	145	2000	100	1	0	1	1	0	0	0	0	1	0	18	11	72	0	145	4	3	10	5	
2026-05-04 06:40:00	58.58268	17.67903	14	0	14	0	0	0	0	0.005	13.8	7	1005	18	2	60	0.1	135	0	146	2000	100	1	0	1	1	1	0	0	0	1	0	0	14	87	0	145	4	0	10	5	
2026-05-04 07:00:00	58.5819	17.68239	12	0	15	0	0	0	0	0.005	13.8	7	1005	18	1	33	0.2	114	-100	147	2000	100	1	0	1	1	1	1	0	0	1	0	0	1	100	0	149	4	0	10	5	
2026-05-04 07:20:00	58.58145	17.68695	11	0	16	0	0	0	0	0.005	13.7	7	1005	18	1	31	0.2	101	-300	149	2000	100	1	0	1	1	1	1	1	0	1	0	0	1	100	0	154	4	0	10	5	
2026-05-04 07:40:00	58.58079	17.69133	12	0	17	0	0	0	0	0.005	13.7	7	1005	18	1	29	0.2	106	-500	151	2000	100	1	0	1	1	1	1	1	0	1	0	0	0	100	0	159	4	0	10	5	
2026-05-04 08:00:00	58.58082	17.69313	12	0	18	0	0	0	0	0.005	13.7	7	1005	18	1	30	0.1	88	-500	152	2000	100	1	0	2	1	1	1	1	0	1	0	35	14	53	0	162	4	0	10	5	
2026-05-04 08:40:00	58.57929	17.69121	13	0	20	0	0	0	0	0.005	13.6	9	1005	18	3	89	0.1	230	-400	150	2000	100	1	0	0	1	2	1	1	0	1	0	0	4	97	0	156	4	1	10	5	
2026-05-04 09:00:00	58.57914	17.69196	13	0	21	0	0	0	0	0.005	13.6	10	1005	18	3	71	0	108	-400	150	2000	155	1	0	0	0	1	2	1	0	1	0	51	12	39	0	157	-4	3	-10	5	
2026-05-04 09:20:00	58.57608	17.69175	41	0	22	0	0	0	0	0.005	13.6	11	1005	17	1	35	0.3	182	-200	148	2000	155	1	0	3	0	0	1	2	0	1	0	100	0	0	0	151	-4	0	-10	5	
2026-05-04 09:40:00	58.57599	17.69922	12	0	23	0	0	0	0	0.005	13.6	11	1006	17	1	62	0.4	91	-500	152	2000	155	1	0	0	3	0	0	1	0	1	0	100	0	0	0	161	0	1	-10	5	
2026-05-04 10:00:00	58.57356	17.70138	11	0	24	0	0	0	0	0.005	13.6	11	1005	17	1	28	0.2	155	-500	152	2000	155	1	0	0	0	3	0	0	0	1	0	100	1	0	0	160	-4	1	-10	5	
2026-05-04 10:20:00	58.56921	17.70159	12	0	25	0	0	0	0	0.005	13.6	11	1005	17	1	34	0.4	179	-200	149	2000	155	1	0	3	0	0	3	0	0	1	0	100	0	0	0	152	-4	0	-10	5	
2026-05-04 10:40:00	58.57023	17.71134	11	0	26	0	0	0	0	0.005	13.5	10	1005	17	1	30	0.5	79	-800	157	2000	155	1	0	1	3	0	0	3	0	1	0	100	0	0	0	168	0	1	-10	5	
2026-05-04 11:00:00	58.5717	17.70789	13	0	27	0	0	0	0	0.005	13.5	10	1005	17	1	32	0.2	309	-700	155	2000	155	1	0	0	1	3	0	0	0	1	0	3	2	97	0	166	4	2	10	5	
2026-05-04 11:20:00	58.56903	17.71425	11	0	28	0	0	0	0	0.005	13.5	11	1005	17	1	30	0.4	129	-800	159	2000	220	1	0	0	0	1	3	0	0	1	0	96	0	5	0	170	-4	2	-10	5	
2026-05-04 11:40:00	58.56528	17.72226	12	0	29	0	0	0	0	0.005	13.5	11	1005	17	1	32	0.5	132	-1000	164	2000	220	1	0	0	0	0	1	3	0	1	0	100	0	0	0	175	-4	0	-10	5	
2026-05-04 12:00:00	58.56159	17.73162	40	0	0	0	0	0	0	0.005	13.5	11	1005	17	1	33	0.6	127	-1200	173	2000	220	1	0	0	0	0	0	1	0	1	0	100	0	0	0	182	-4	0	-10	5	
2026-05-04 12:20:00	58.55826	17.7423	11	0	1	0	0	0	0	0.005	13.5	10	1005	17	1	55	0.6	121	-1500	189	2000	220	1	0	0	0	0	0	0	0	1	0	100	0	0	0	194	-4	0	-10	5	
2026-05-04 12:40:00	58.55577	17.75211	11	0	2	0	0	0	0	0.005	13.5	10	1005	17	1	26	0.5	116	-1800	205	2000	220	1	0	1	0	0	0	0	0	1	0	100	1	0	0	210	-4	0	-10	5	
2026-05-04 13:00:00	58.55445	17.74458	12	0	3	0	0	0	0	0.005	13.5	10	1005	17	2	46	0.4	252	-1800	195	2000	190	1	0	1	1	0	0	0	0	1	0	5	3	94	0	195	4	2	10	5	
2026-05-04 13:20:00	58.55322	17.73501	14	0	4	0	0	0	0	0.005	13.5	9	1004	18	1	31	0.5	256	-1600	177	2000	190	1	0	0	1	1	0	0	0	1	0	0	4	97	0	177	4	0	10	5	
2026-05-04 13:40:00	58.55157	17.7423	12	0	5	0	0	2	0	0.005	13.5	9	1004	18	1	32	0.4	114	-700	348	2000	185	1	0	3	0	1	1	0	0	1	0	97	1	4	0	4	-4	2	-10	5	
2026-05-04 14:00:00	58.55847	17.7531	12	0	6	0	0	0	0	0.005	13.4	9	1004	18	2	60	0.8	39	100	344	2000	185	1	0	2	3	0	1	1	0	1	0	98	1	3	0	341	0	3	-10	5	
2026-05-04 14:20:00	58.56717	17.75298	12	0	7	0	0	0	0	0.005	13.4	9	1004	18	1	31	0.8	360	400	342	2000	195	1	0	2	2	3	0	1	0	1	0	9	0	92	0	333	0	8	10	5	
2026-05-04 14:40:00	58.57437	17.75451	14	0	8	0	0	0	0	0.005	13.4	9	1004	18	1	31	0.7	6	700	339	2000	195	1	0	2	2	2	3	0	0	1	0	8	1	92	0	325	0	6	10	5	
2026-05-04 15:00:00	58.58262	17.75799	40	0	9	0	0	0	0	0.005	13.4	9	1004	18	1	28	0.8	12	1100	335	2000	195	1	0	2	2	2	2	3	0	1	0	8	0	93	0	310	0	6	10	5	
2026-05-04 15:20:00	58.59048	17.76441	12	0	10	0	0	0	0	0.005	13.4	9	1004	18	1	60	0.8	23	1700	329	2000	195	1	0	2	2	2	2	2	0	1	0	6	1	95	0	286	0	4	10	5	
2026-05-04 15:40:00	58.60047	17.76816	12	0	11	0	0	0	0	0.005	13.4	9	1004	18	1	25	0.9	11	2200	321	2000	195	1	0	1	2	2	2	2	0	0	0	8	1	93	0	255	0	6	10	5	
2026-05-04 16:00:00	58.60425	17.75922	12	0	12	0	0	0	0	0.005	13.4	9	1004	18	1	29	0.6	309	1800	323	2000	195	1	0	3	1	2	2	2	0	1	0	0	5	96	0	278	4	1	10	5	
2026-05-04 16:20:00	58.61097	17.77074	12	0	13	0	0	0	0	0.005	13.7	8	1004	18	1	40	0.8	42	2700	311	2000	195	1	0	1	3	1	2	2	0	0	0	98	0	3	0	255	0	2	-10	5	
2026-05-04 16:40:00	58.61517	17.76435	41	0	14	0	0	0	0	0.005	13.7	8	1004	18	1	29	0.5	322	2400	310	2000	195	1	0	1	1	3	1	2	0	0	0	2	2	97	0	255	4	2	10	5	
2026-05-04 17:00:00	58.61823	17.75832	12	0	15	0	0	0	0	0.005	13.6	8	1004	18	1	61	0.4	314	2200	309	2000	195	1	0	1	1	1	3	1	0	1	0	0	5	96	0	255	4	0	10	5	
2026-05-04 17:20:00	58.62273	17.75616	12	0	16	0	0	0	0	0.005	13.6	8	1004	18	1	30	0.4	346	2200	304	2000	195	1	0	0	1	1	1	3	0	0	0	1	11	89	0	255	4	0	10	5	
2026-05-04 17:40:00	58.6197	17.75364	12	0	17	0	0	0	0	0.005	13.6	8	1004	18	1	28	0.3	204	2000	310	2000	270	1	0	0	0	1	1	1	0	1	0	96	0	5	0	263	-4	2	-10	5	
2026-05-04 18:00:00	58.61793	17.75172	12	0	18	0	0	0	0	0.005	13.6	8	1005	18	2	58	0.2	210	1800	314	2000	270	1	0	1	0	0	1	1	0	1	0	100	0	0	0	279	-4	0	-10	5	
2026-05-04 18:20:00	58.62195	17.75367	12	0	19	0	0	0	0	0.005	13.6	7	1005	18	1	32	0.4	14	2000	307	2000	290	1	0	0	1	0	0	1	0	1	0	21	9	72	0	255	4	2	10	5	
2026-05-04 18:40:00	58.62048	17.75394	12	0	20	0	0	0	0	0.005	13.6	7	1005	18	1	29	0.1	174	2000	309	2000	280	1	0	0	0	1	0	0	0	1	0	95	0	5	0	255	-4	2	-10	5	
2026-05-04 19:00:00	58.61748	17.75292	15	0	21	0	0	0	0	0.005	13.6	7	1005	18	1	27	0.3	190	1900	313	2000	280	1	0	0	0	0	1	0	0	1	0	100	1	0	0	275	-4	0	-10	5	
2026-05-04 19:20:00	58.61433	17.75268	41	0	22	0	0	0	0	0.005	13.5	7	1005	18	1	33	0.3	182	1800	317	2000	280	1	0	1	0	0	0	1	0	1	0	100	1	0	0	283	-4	0	-10	5	
2026-05-04 19:40:00	58.61853	17.74911	11	0	23	0	0	0	0	0.005	13.5	7	1006	18	1	59	0.4	336	1700	314	2000	255	1	0	1	1	0	0	0	0	1	0	6	1	94	0	287	4	3	10	5	
2026-05-04 20:00:00	58.62318	17.74371	12	0	24	0	0	0	0	0.005	13.5	7	1006	18	1	32	0.5	329	1500	311	2000	255	1	0	1	1	1	0	0	0	1	0	0	4	97	0	295	4	0	10	5	
2026-05-04 20:20:00	58.62795	17.73726	12	0	25	0	0	0	0	0.005	13.5	7	1006	18	1	32	0.5	325	1300	307	2000	255	1	0	1	1	1	1	0	0	1	0	0	2	99	0	304	4	0	10	5	
2026-05-04 20:40:00	58.63269	17.73075	12	0	26	0	0	0	0	0.005	13.5	7	1005	18	2	57	0.5	325	1600	300	2000	255	1	0	1	1	1	1	1	0	1	0	0	3	98	0	300	4	0	10	5	
2026-05-04 21:00:00	58.63755	17.72178	12	0	27	0	0	0	0	0.005	13.5	7	1005	18	1	32	0.6	316	900	287	2000	255	1	0	1	1	1	1	1	1	1	0	0	0	100	0	287	4	0	10	5	
2026-05-04 21:20:00	58.64163	17.71023	14	0	28	0	0	0	0	0.005	13.5	7	1005	18	1	28	0.7	304	300	218	2000	255	1	0	0	1	1	1	1	1	1	0	0	1	100	0	218	4	0	10	5	
2026-05-04 21:40:00	58.63812	17.71068	41	0	29	0	0	0	0	0.005	13.5	7	1006	18	3	86	0.3	176	300	315	2000	230	1	0	1	0	1	1	1	1	1	0	96	1	5	0	315	-4	2	-10	5	
2026-05-04 22:00:00	58.64187	17.6988	11	0	0	0	0	0	0	0.005	13.5	7	1005	18	3	106	0.7	301	-600	115	2000	230	1	0	0	1	0	1	1	1	1	0	4	1	96	0	115	4	2	10	5	
2026-05-04 22:20:00	58.63734	17.70018	12	0	1	0	0	0	0	0.005	13.4	7	1006	18	1	28	0.4	171	-500	57	2000	230	1	0	0	0	1	0	1	1	1	0	98	0	3	0	57	-4	2	-10	5	
2026-05-04 22:40:00	58.63293	17.70246	13	0	2	0	0	0	0	0.005	13.4	7	1006	18	2	48	0.4	165	-800	21	2000	230	1	0	2	0	0	1	0	1	1	0	100	1	0	0	21	-4	0	-10	5	
2026-05-04 23:00:00	58.64082	17.70978	12	0	3	0	0	0	0	0.005	13.4	7	1006	18	1	31	0.8	26	200	230	2000	230	1	0	0	2	0	0	1	1	1	0	12	1	89	0	230	0	8	10	5	
2026-05-04 23:20:00	58.63542	17.71032	12	0	4	0	0	0	0	0.005	13.4	7	1005	18	1	26	0.5	177	500	341	2000	230	1	0	1	0	2	0	0	1	1	0	99	0	2	0	341	-4	2	-10	5	
2026-05-04 23:40:00	58.64016	17.69934	12	0	5	0	0	0	0	0.005	13.4	7	1005	18	2	49	0.7	310	-500	95	2000	240	1	0	0	1	0	2	0	1	1	0	4	1	96	0	95	4	2	10	5	
2026-05-05 00:00:00	58.6347	17.70018	40	0	6	0	0	0	0	0.005	13.4	7	1005	18	1	29	0.5	176	-700	37	2000	240	1	0	2	0	1	0	2	1	1	0	98	0	3	0	37	-4	2	-10	5	
2026-05-05 00:20:00	58.64358	17.70954	12	0	7	0	0	0	0	0.005	13.4	7	1005	18	2	79	1	29	400	196	2000	240	1	0	0	2	0	1	0	1	1	0	8	0	93	0	196	0	6	10	5	
2026-05-05 01:20:00	58.63881	17.7	12	0	10	0	0	0	0	0.005	13.3	7	1005	18	3	76	0.5	187	-400	76	2000	250	1	0	0	0	1	0	2	1	1	0	97	0	4	0	76	-4	2	-10	5	
2026-05-05 01:40:00	58.632	17.69907	14	0	11	0	0	2	0	0.005	13.3	7	1005	18	1	32	0.6	184	500	163	2000	250	1	0	3	0	0	1	0	0	1	0	100	0	0	0	155	-4	0	-10	5	
2026-05-05 02:00:00	58.62294	17.718	41	0	12	0	0	0	0	0.005	13.3	7	1005	18	1	30	1.2	133	-400	173	2000	250	1	0	0	3	0	0	1	0	1	0	100	0	0	0	179	0	1	-10	5	
2026-05-05 02:20:00	58.61589	17.71782	12	0	13	0	0	0	0	0.005	13.3	7	1005	18	1	60	0.7	181	-200	171	2000	250	1	0	3	0	3	0	0	0	1	0	100	0	0	0	174	-4	1	-10	5	
2026-05-05 02:40:00	58.60665	17.73702	14	0	14	0	0	0	0	0.005	13.3	7	1005	18	1	27	1.3	133	-1100	191	2000	250	1	0	0	3	0	3	0	0	1	0	100	0	0	0	201	0	1	-10	5	
2026-05-05 03:00:00	58.59936	17.73765	13	0	15	0	0	0	0	0.005	13.3	7	1005	18	1	28	0.7	177	-2000	197	2000	250	1	0	0	0	3	0	3	0	1	0	100	0	0	0	197	-4	1	-10	5	
2026-05-05 03:20:00	58.59204	17.73741	14	0	16	0	0	0	0	0.005	13.4	7	1006	18	1	34	0.7	181	-1200	208	2000	250	1	0	0	0	0	3	0	0	1	0	100	0	0	0	208	-4	0	-10	5	
2026-05-05 04:00:00	58.59066	17.73558	13	0	18	0	0	0	0	0.005	13.8	7	1006	18	3	111	0.6	2	-1000	207	2000	275	1	0	0	1	0	0	0	0	1	0	4	1	97	0	207	4	2	10	5	
2026-05-05 04:20:00	58.58397	17.73537	13	0	19	0	0	0	0	0.005	13.8	7	1006	18	1	32	0.6	181	-500	247	2000	270	1	0	0	0	1	0	0	1	1	0	98	0	3	0	247	-4	2	-10	5	
2026-05-05 04:40:00	58.57674	17.73495	15	0	20	0	0	0	0	0.005	13.7	7	1006	18	3	91	0.7	182	-700	325	2000	270	1	0	1	0	0	1	0	1	1	0	100	0	0	0	325	-4	0	-10	5	
2026-05-05 05:00:00	58.58151	17.73372	18	0	21	0	0	2	0	0.005	13.7	7	1006	18	1	37	0.4	352	0	111	2000	270	1	0	3	1	0	0	1	0	1	0	4	3	95	0	112	4	2	10	5	
2026-05-05 05:20:00	58.57791	17.75283	40	0	22	0	0	0	0	0.005	13.7	7	1007	18	1	38	1	110	-100	111	2000	270	1	0	3	3	1	0	0	0	1	0	97	0	4	0	112	0	2	-10	5	
2026-05-05 05:40:00	58.57632	17.76846	12	0	23	0	0	0	0	0.005	13.6	7	1007	18	1	63	0.8	101	-200	114	2000	270	1	0	3	3	3	1	0	0	1	0	95	0	6	0	116	0	4	-10	5	
2026-05-05 06:00:00	58.57581	17.78253	13	0	24	0	0	0	0	0.005	13.6	7	1007	18	1	28	0.7	94	-400	119	2000	270	1	0	3	3	3	3	1	0	1	0	94	0	7	0	123	0	4	-10	5	
2026-05-05 06:20:00	58.57464	17.79639	13	0	25	0	0	0	0	0.005	13.6	7	1007	18	1	29	0.7	99	-600	126	2000	270	1	0	3	3	3	3	3	0	1	0	93	1	8	0	128	0	6	-10	5	
2026-05-05 06:40:00	58.5729	17.80797	15	0	26	0	0	0	0	0.005	13.6	7	1007	18	1	31	0.6	106	-1600	134	2000	270	1	0	3	3	3	3	3	0	1	0	93	0	8	0	134	0	6	-10	5	
2026-05-05 07:00:00	58.57143	17.81997	41	0	27	0	0	0	0	0.005	13.5	7	1007	18	1	32	0.6	103	-1100	154	2000	270	1	0	0	3	3	3	3	0	1	0	95	1	5	0	154	0	4	-10	5	
2026-05-05 07:20:00	58.56537	17.81802	12	0	28	0	0	0	0	0.005	13.5	8	1007	18	1	57	0.6	190	-700	116	2000	270	1	0	3	0	3	3	3	1	1	0	99	0	2	0	116	-4	2	-10	5	
2026-05-05 07:40:00	58.56138	17.83161	11	0	29	0	0	0	0	0.005	13.5	8	1007	18	1	32	0.8	119	200	307	2000	270	1	0	1	3	0	3	3	1	1	0	95	0	6	0	307	0	5	-10	5	
2026-05-05 08:00:00	58.56552	17.82768	12	0	0	0	0	2	0	0.005	13.5	8	1008	18	1	35	0.4	333	0	351	2000	270	1	0	2	1	3	0	3	0	1	0	2	1	98	0	351	4	2	10	5	
2026-05-05 08:20:00	58.56879	17.84325	11	0	1	0	0	0	0	0.005	13.5	8	1008	18	1	31	0.8	68	1000	345	2000	270	1	0	1	2	1	3	0	0	1	0	5	0	96	0	322	0	5	10	5	
2026-05-05 09:20:00	58.58577	17.83479	12	0	4	0	0	0	0	0.005	13.4	8	1008	18	3	89	0.5	345	800	345	2000	270	1	0	1	1	1	1	2	0	1	0	0	3	98	0	329	4	0	10	5	
2026-05-05 09:40:00	58.58964	17.83146	12	0	5	0	0	0	0	0.005	13.4	8	1008	18	1	31	0.4	336	600	346	2000	270	1	0	1	1	1	1	1	0	1	0	0	3	98	0	333	4	0	10	5	
2026-05-05 10:00:00	58.59288	17.83017	40	0	6	0	0	0	0	0.005	13.4	8	1009	18	1	33	0.3	348	600	345	2000	270	1	0	1	1	1	1	1	0	1	0	7	5	90	0	333	4	0	10	5	
2026-05-05 10:20:00	58.59636	17.82642	11	0	7	0	0	0	0	0.005	13.4	8	1008	18	1	65	0.4	331	500	347	2000	270	1	0	1	1	1	1	1	0	1	0	0	0	100	0	338	4	0	10	5	
2026-05-05 10:40:00	58.59948	17.82186	11	0	8	0	0	0	0	0.005	13.4	8	1009	18	1	32	0.4	323	300	348	2000	270	1	0	1	1	1	1	1	0	1	0	0	0	100	0	344	4	0	10	5	
2026-05-05 11:00:00	58.60194	17.81712	12	0	9	0	0	0	0	0.005	13.4	9	1008	18	1	25	0.3	315	0	351	2000	270	1	0	2	1	1	1	1	0	1	0	0	1	100	0	351	4	0	10	5	
2026-05-05 11:20:00	58.60533	17.8242	12	0	10	0	0	0	0	0.005	13.4	9	1009	18	1	26	0.5	47	500	345	2000	270	1	0	1	2	1	1	1	0	1	0	3	1	97	0	337	0	3	10	5	
2026-05-05 11:40:00	58.60788	17.81922	12	0	11	0	0	0	0	0.005	13.4	9	1009	17	1	28	0.3	314	200	348	2000	270	1	0	2	1	2	1	1	0	1	0	0	0	100	0	344	4	1	10	5	
2026-05-05 12:00:00	58.61124	17.82762	41	0	12	0	0	0	0	0.005	13.4	9	1009	17	1	33	0.5	53	800	340	2000	270	1	0	1	2	1	2	1	0	1	0	4	0	97	0	328	0	3	10	5	
2026-05-05 12:20:00	58.61406	17.82321	12	0	13	0	0	0	0	0.005	13.4	10	1008	17	1	61	0.3	321	600	342	2000	270	1	0	1	1	2	1	2	0	1	0	0	0	100	0	334	4	1	10	5	
2026-05-05 13:40:00	58.6239	17.82261	12	0	17	0	0	0	0	0.005	13.6	9	1009	18	0	115	0.3	331	700	335	2000	270	1	0	1	1	2	1	1	0	1	0	0	1	100	0	330	4	1	10	5	
2026-05-05 14:00:00	58.62702	17.81667	12	0	18	0	0	0	0	0.005	13.6	9	1009	18	1	31	0.4	315	400	340	2000	270	1	0	1	1	1	2	1	0	1	0	0	1	100	0	339	4	0	10	5	
2026-05-05 14:20:00	58.62927	17.81271	12	0	19	0	0	0	0	0.005	13.6	8	1009	18	1	32	0.3	318	1800	344	2000	270	1	0	2	1	1	1	2	0	1	0	0	0	100	0	344	4	0	10	5	
2026-05-05 14:40:00	58.6338	17.81802	12	0	20	0	0	0	0	0.005	13.6	8	1009	18	1	31	0.5	31	1500	327	2000	270	1	0	1	2	1	1	1	0	1	0	3	1	98	0	327	0	3	10	5	
2026-05-05 15:00:00	58.63545	17.81466	41	0	21	0	0	0	0	0.005	13.6	9	1009	18	1	29	0.2	313	1200	330	2000	270	1	0	1	1	2	1	1	0	1	0	2	0	99	0	330	4	2	10	5	
2026-05-05 15:20:00	58.63707	17.81247	12	0	22	0	0	0	0	0.005	13.6	9	1009	18	1	59	0.2	325	1000	331	2000	270	1	0	1	1	1	2	1	0	1	0	0	4	97	0	331	4	0	10	5	
2026-05-05 15:40:00	58.64007	17.80986	12	0	23	0	0	0	0	0.005	13.5	9	1009	18	1	26	0.3	336	600	328	2000	270	1	0	1	1	1	1	2	1	1	0	0	2	99	0	328	4	0	10	5	
2026-05-05 16:00:00	58.64418	17.80689	12	0	24	0	0	0	0	0.005	13.5	8	1009	18	1	33	0.4	339	200	299	2000	270	1	0	0	1	1	1	1	1	1	0	0	0	100	0	299	4	0	10	5	
2026-05-05 16:20:00	58.63926	17.80734	11	0	25	0	0	0	0	0.005	13.5	8	1009	18	1	28	0.5	177	700	343	2000	260	1	0	1	0	1	1	1	1	1	0	96	2	4	0	343	-4	2	-10	5	
2026-05-05 16:40:00	58.64298	17.80626	12	0	26	0	0	0	0	0.005	13.5	8	1009	18	2	45	0.3	351	300	330	2000	265	1	0	1	1	0	1	1	1	1	0	5	2	94	0	330	4	2	10	5	
2026-05-05 17:00:00	58.6473	17.80596	13	0	27	0	0	0	0	0.005	13.5	8	1009	18	2	48	0.4	358	300	204	2000	265	1	0	0	1	1	0	1	1	1	0	8	4	89	0	204	4	0	10	5	
2026-05-05 17:20:00	58.64361	17.80596	12	0	28	0	0	0	0	0.005	13.5	8	1009	18	2	48	0.3	180	200	323	2000	270	1	0	1	0	1	1	0	1	1	0	97	0	4	0	323	-4	2	-10	5	
2026-05-05 17:40:00	58.64529	17.80899	41	0	29	0	0	0	0	0.005	13.5	8	1009	18	1	28	0.2	43	300	264	2000	285	1	0	0	1	0	1	1	1	1	0	17	5	80	0	264	4	2	10	5	
2026-05-05 18:00:00	58.64235	17.80755	11	0	0	0	0	0	0	0.005	13.5	8	1010	18	1	60	0.3	194	400	325	2000	295	1	0	1	0	1	0	1	1	1	0	96	1	5	0	325	-4	2	-10	5	
2026-05-05 18:20:00	58.64301	17.81067	11	0	1	0	0	0	0	0.005	13.4	8	1010	18	1	29	0.2	67	400	300	2000	305	1	0	1	1	0	1	0	1	1	0	17	6	79	0	300	4	2	10	5	
2026-05-05 18:40:00	58.64508	17.81154	12	0	2	0	0	0	0	0.005	13.4	7	1010	18	1	25	0.2	12	400	269	2000	305	1	0	0	1	1	0	1	1	1	0	0	5	96	0	269	4	0	10	5	
2026-05-05 19:00:00	58.64253	17.8119	12	0	3	0	0	2	0	0.005	13.4	7	1010	18	1	33	0.2	176	-200	152	2000	275	1	0	3	0	1	1	0	0	1	0	95	1	6	0	157	-4	2	-10	5	
2026-05-05 19:20:00	58.63797	17.81409	12	0	4	0	0	0	0	0.005	13.4	7	1010	18	1	31	0.4	166	-100	151	2000	275	1	0	3	3	0	1	1	0	1	0	100	0	0	0	153	0	1	-10	5	
2026-05-05 19:40:00	58.63194	17.81973	12	0	5	0	0	0	0	0.005	13.4	7	1010	18	2	47	0.6	154	0	151	2000	275	1	0	3	3	3	0	1	0	1	0	100	0	0	0	152	0	0	-10	5	
2026-05-05 20:00:00	58.62567	17.82717	40	0	6	0	0	0	0	0.005	13.4	7	1011	18	2	48	0.7	148	-100	151	2000	275	1	0	3	3	3	3	0	0	1	0	97	1	3	0	153	0	2	-10	5	
2026-05-05 20:20:00	58.61988	17.83425	12	0	7	0	0	0	0	0.005	13.4	7	1011	18	1	59	0.7	148	-100	151	2000	275	1	0	3	3	3	3	3	0	1	0	100	0	0	0	154	0	0	-10	5	
2026-05-05 20:40:00	58.61433	17.84061	12	0	8	0	0	0	0	0.005	13.4	7	1011	18	1	26	0.6	149	-100	152	2000	275	1	0	3	3	3	3	3	0	1	0	98	1	3	0	155	0	2	-10	5	
2026-05-05 21:00:00	58.60827	17.8482	13	0	9	0	0	0	0	0.005	13.4	6	1011	18	2	52	0.7	147	-200	152	2000	275	1	0	3	3	3	3	3	0	1	0	100	0	0	0	156	0	0	-10	5	
2026-05-05 21:20:00	58.60116	17.85687	14	0	10	0	0	0	0	0.005	13.4	6	1011	18	2	50	0.8	148	-200	153	2000	275	1	0	3	3	3	3	3	0	1	0	100	0	0	0	158	0	0	-10	5	
2026-05-05 21:40:00	58.59273	17.86236	13	0	11	0	0	0	0	0.005	13.4	6	1011	18	1	34	0.8	161	-100	151	2000	275	1	0	3	3	3	3	3	0	1	0	98	0	3	0	153	0	2	-10	5	
2026-05-05 22:00:00	58.58823	17.86518	41	0	12	0	0	0	0	0.005	13.4	6	1012	18	1	32	0.4	162	0	150	2000	275	1	0	3	3	3	3	3	0	1	0	90	5	6	0	150	0	4	-10	5	
2026-05-05 22:20:00	58.58436	17.86848	11	0	13	0	0	0	0	0.005	13.3	6	1012	18	1	66	0.4	156	100	150	2000	275	1	0	3	3	3	3	3	0	1	0	96	2	3	0	148	0	4	-10	5	
2026-05-05 22:40:00	58.58019	17.87088	12	0	14	0	0	0	0	0.005	13.3	6	1012	18	1	34	0.4	163	200	148	2000	275	1	0	3	3	3	3	3	0	1	0	95	3	4	0	145	0	4	-10	5	
2026-05-05 23:00:00	58.57659	17.87271	13	0	15	0	0	0	0	0.005	13.3	6	1012	18	1	30	0.3	165	300	147	2000	275	1	0	3	3	3	3	3	0	1	0	98	3	0	0	142	0	0	-10	5	
2026-05-05 23:20:00	58.57518	17.87445	11	0	16	0	0	0	0	0.005	13.3	6	1012	18	1	41	0.2	147	300	147	2000	275	1	0	3	3	3	3	3	0	1	0	76	11	14	0	143	0	8	-10	5	
2026-05-05 23:40:00	58.57365	17.87802	13	0	17	0	0	0	0	0.005	13.3	6	1012	18	1	27	0.2	129	200	148	2000	275	1	0	3	3	3	3	3	0	1	0	79	7	15	0	146	0	8	-10	5	
2026-05-06 00:00:00	58.57191	17.88189	13	0	18	0	0	0	0	0.005	13.3	6	1012	18	2	62	0.2	131	100	149	2000	275	1	0	3	3	3	3	3	0	1	0	92	2	8	0	148	0	4	-10	5	
2026-05-06 00:20:00	58.57083	17.88729	41	0	19	0	0	0	0	0.005	13.3	6	1012	18	1	31	0.3	111	-100	153	2000	275	1	0	0	3	3	3	3	0	1	0	89	0	12	0	155	0	6	-10	5	
2026-05-06 00:40:00	58.56852	17.88387	11	0	20	0	0	0	0	0.005	13.3	6	1012	18	1	60	0.3	218	200	148	2000	275	1	0	3	0	3	3	3	0	1	0	100	1	0	0	146	-4	1	-10	5	
2026-05-06 01:00:00	58.56519	17.8857	12	0	21	0	0	0	0	0.005	13.3	6	1013	18	1	26	0.3	164	200	146	2000	275	1	0	3	3	0	3	3	0	1	0	100	0	0	0	144	0	1	-10	5	
2026-05-06 01:20:00	58.56225	17.88696	11	0	22	0	0	0	0	0.005	13.3	6	1013	18	1	30	0.3	168	300	143	2000	275	1	0	3	3	3	0	3	0	1	0	100	1	0	0	141	0	0	-10	5	
2026-05-06 01:40:00	58.56006	17.88591	11	0	23	0	0	0	0	0.005	13.3	6	1013	18	1	31	0.2	194	500	138	2000	275	1	0	3	3	3	3	0	0	1	0	95	5	0	0	136	0	0	-10	5	
2026-05-06 02:00:00	58.55871	17.88507	12	0	24	0	0	0	0	0.005	13.3	6	1013	18	1	27	0.1	198	600	134	2000	275	1	0	3	3	3	3	3	0	1	0	97	4	0	0	132	0	0	-10	5	
2026-05-06 02:20:00	58.55685	17.88546	12	0	25	0	0	0	0	0.005	13.3	6	1013	18	1	31	0.2	174	700	131	2000	275	1	0	3	3	3	3	3	0	1	0	96	5	0	0	130	0	0	-10	5	
2026-05-06 02:40:00	58.55598	17.88507	12	0	26	0	0	0	0	0.005	13.3	6	1013	18	1	28	0.1	193	800	128	2000	275	1	0	2	3	3	3	3	0	1	0	90	9	2	0	128	0	2	-10	5	
2026-05-06 03:00:00	58.55589	17.88741	41	0	27	0	0	0	0	0.005	13.3	6	1014	18	1	28	0.1	94	2000	131	2000	330	1	0	2	2	3	3	3	0	1	0	16	14	71	0	131	0	6	10	5	
2026-05-06 03:20:00	58.55568	17.89005	12	0	28	0	0	0	0	0.005	13.4	6	1014	18	1	60	0.1	99	1800	133	2000	330	1	0	2	2	2	3	3	0	1	0	25	14	63	0	133	0	6	10	5	
2026-05-06 03:40:00	58.55355	17.89317	12	0	29	0	0	0	0	0.005	13.5	6	1014	18	1	29	0.2	143	1500	131	2000	330	1	0	2	2	2	2	3	0	1	0	15	3	83	0	131	0	7	10	5	
2026-05-06 04:00:00	58.5495	17.89464	13	0	0	0	0	0	0	0.005	13.8	6	1014	18	2	48	0.4	169	1200	118	2000	330	1	0	1	2	2	2	2	0	1	0	17	1	84	0	118	0	7	10	5	
2026-05-06 04:40:00	58.54635	17.90244	11	0	2	0	0	0	0	0.005	13.7	7	1014	18	3	95	0.3	168	600	109	2000	330	1	0	1	2	1	2	2	1	1	0	8	1	92	0	109	0	5	10	5	
2026-05-06 05:00:00	58.54602	17.90997	41	0	3	0	0	0	0	0.005	13.7	7	1014	18	1	32	0.4	95	200	136	2000	330	1	0	0	1	2	1	2	1	1	0	0	1	100	0	136	4	1	10	5	
2026-05-06 05:20:00	58.54815	17.90724	12	0	4	0	0	0	0	0.005	13.6	7	1014	18	3	105	0.2	326	500	141	2000	25	1	0	1	0	1	2	1	1	1	0	93	1	7	0	141	-4	2	-10	5	
2026-05-06 05:40:00	58.54704	17.91348	12	0	5	0	0	2	0	0.005	13.6	7	1014	18	1	34	0.3	109	100	352	2000	35	1	0	0	1	0	1	2	0	1	0	7	3	91	0	351	4	2	10	5	
2026-05-06 06:00:00	58.55004	17.90946	12	0	6	0	0	0	0	0.005	13.6	8	1015	18	1	28	0.3	325	-100	353	2000	35	1	0	0	0	1	0	1	0	1	0	95	1	5	0	356	-4	2	-10	5	
2026-05-06 06:20:00	58.55382	17.90616	12	0	7	0	0	0	0	0.005	13.6	8	1014	18	1	29	0.4	336	-300	354	2000	35	1	0	0	0	0	1	0	0	1	0	100	0	0	0	360	-4	0	-10	5	
2026-05-06 06:40:00	58.55754	17.9028	12	0	8	0	0	0	0	0.005	13.6	8	1014	18	1	28	0.4	335	-400	355	2000	35	1	0	0	0	0	0	1	0	1	0	99	2	0	0	4	-4	0	-10	5	
2026-05-06 07:00:00	58.55997	17.90016	11	0	9	0	0	0	0	0.005	13.6	8	1015	18	1	26	0.3	331	-500	356	2000	35	1	0	0	0	0	0	0	0	1	0	91	4	7	0	7	-4	0	-10	5	
2026-05-06 07:20:00	58.56255	17.89914	12	0	10	0	0	0	0	0.005	13.6	8	1015	18	1	33	0.2	348	-500	356	2000	35	1	0	0	0	0	0	0	0	1	0	100	0	0	0	8	-4	0	-10	5	
2026-05-06 07:40:00	58.56507	17.89815	41	0	11	0	0	0	0	0.005	13.5	9	1015	18	1	29	0.2	348	-600	356	2000	35	1	0	0	0	0	0	0	0	1	0	100	1	0	0	9	-4	0	-10	5	
2026-05-06 08:00:00	58.56798	17.89728	13	0	12	0	0	0	0	0.005	13.5	9	1015	18	2	81	0.3	351	-600	357	2000	35	1	0	0	0	0	0	0	0	1	0	100	0	0	0	9	-4	0	-10	5	
2026-05-06 08:40:00	58.57299	17.89956	12	0	14	0	0	0	0	0.005	13.5	9	1015	18	3	89	0.2	18	-400	355	2000	35	1	0	0	0	0	0	0	0	1	0	100	0	0	0	3	-4	0	-10	5	
2026-05-06 09:00:00	58.57542	17.90145	12	0	15	0	0	0	0	0.005	13.5	9	1016	18	2	54	0.2	22	-200	354	2000	35	1	0	0	0	0	0	0	0	1	0	100	0	0	0	359	-4	0	-10	5	
2026-05-06 09:20:00	58.57809	17.90325	12	0	16	0	0	0	0	0.005	13.5	9	1015	18	1	29	0.3	19	-100	353	2000	35	1	0	0	0	0	0	0	0	1	0	100	1	0	0	355	-4	0	-10	5	
2026-05-06 09:40:00	58.58085	17.90379	13	0	17	0	0	0	0	0.005	13.5	10	1015	17	1	31	0.3	6	0	353	2000	35	1	0	0	0	0	0	0	0	1	0	100	1	0	0	353	-4	0	-10	5	
2026-05-06 10:00:00	58.58382	17.90319	40	0	18	0	0	0	0	0.005	13.5	10	1015	17	2	61	0.3	354	0	353	2000	35	1	0	0	0	0	0	0	0	1	0	98	3	0	0	353	-4	0	-10	5	
2026-05-06 10:20:00	58.58649	17.90373	12	0	19	0	0	0	0	0.005	13.5	10	1015	17	1	59	0.3	6	100	352	2000	35	1	0	0	0	0	0	0	0	1	0	100	1	0	0	351	-4	0	-10	5	
2026-05-06 10:40:00	58.58979	17.90487	12	0	20	0	0	0	0	0.005	13.4	10	1015	17	3	76	0.3	10	200	351	2000	35	1	0	0	0	0	0	0	0	1	0	100	0	0	0	347	-4	0	-10	5	
2026-05-06 11:00:00	58.59321	17.90766	12	0	21	0	0	0	0	0.005	13.4	10	1015	17	1	31	0.3	23	400	349	2000	35	1	0	3	0	0	0	0	0	1	0	100	0	0	0	341	-4	0	-10	5	
2026-05-06 11:20:00	58.59588	17.89332	12	0	22	0	0	0	0	0.005	13.4	10	1015	17	1	33	0.7	290	-400	357	2000	35	1	0	0	3	0	0	0	0	1	0	100	0	0	0	4	0	1	-10	5	
2026-05-06 11:40:00	58.59984	17.89545	13	0	23	0	0	0	0	0.005	13.4	10	1015	17	1	28	0.4	16	-200	355	2000	35	1	0	0	0	3	0	0	0	1	0	100	0	0	0	359	-4	1	-10	5	
2026-05-06 12:00:00	58.60386	17.89947	40	0	24	0	0	0	0	0.005	13.4	10	1015	17	1	34	0.4	28	100	352	2000	35	1	0	3	0	0	3	0	0	1	0	100	0	0	0	350	-4	0	-10	5	
2026-05-06 12:20:00	58.6086	17.8857	12	0	25	0	0	0	0	0.005	13.4	9	1015	18	1	56	0.8	303	-600	2	2000	35	1	0	0	3	0	0	3	0	1	0	100	0	0	0	12	0	1	-10	5	
2026-05-06 12:40:00	58.61211	17.88879	12	0	26	0	0	0	0	0.005	13.4	9	1015	18	2	60	0.4	25	-400	360	2000	35	1	0	0	0	3	0	0	0	1	0	100	0	0	0	5	-4	1	-10	5	
2026-05-06 13:00:00	58.61595	17.89335	12	0	27	0	0	0	0	0.005	13.4	9	1015	18	1	32	0.4	32	-100	355	2000	35	1	0	3	0	0	3	0	0	1	0	100	0	0	0	356	-4	0	-10	5	
2026-05-06 13:20:00	58.62417	17.883	12	0	28	0	0	0	0	0.005	13.4	9	1015	18	1	30	0.9	327	-600	9	2000	35	1	0	0	3	0	0	3	0	1	0	100	0	0	0	10	0	1	-10	5	
2026-05-06 13:40:00	58.62852	17.88957	41	0	29	0	0	0	0	0.005	13.4	9	1014	18	1	29	0.5	38	-1600	358	2000	35	1	0	3	0	3	0	0	0	1	0	100	0	0	0	358	-4	1	-10	5	
2026-05-06 14:00:00	58.63671	17.88099	12	0	0	0	0	0	0	0.005	13.4	9	1015	18	2	86	0.9	331	-800	34	2000	35	1	0	0	3	0	3	0	1	1	0	100	0	0	0	34	0	1	-10	5	
2026-05-06 14:20:00	58.64112	17.88783	12	0	1	0	0	0	0	0.005	13.4	9	1014	18	1	31	0.5	39	-200	14	2000	35	1	0	1	0	3	0	3	1	1	0	100	0	0	0	14	-4	1	-10	5	
2026-05-06 14:40:00	58.63821	17.88162	12	0	2	0	0	0	0	0.005	13.4	9	1014	18	1	30	0.4	228	-600	39	2000	135	1	0	0	1	0	3	0	1	1	0	3	3	95	0	39	4	2	10	5	
2026-05-06 15:00:00	58.64244	17.88723	12	0	3	0	0	2	0	0.005	13.4	9	1014	18	1	29	0.5	35	1300	325	2000	130	1	0	3	0	1	0	3	0	1	0	96	0	5	0	325	-4	2	-10	5	
2026-05-06 15:20:00	58.65162	17.87847	12	0	4	0	0	0	0	0.005	13.7	9	1015	18	1	29	0.9	334	200	274	2000	130	1	0	1	3	0	1	0	1	1	0	98	0	3	0	274	0	3	-10	5	
2026-05-06 15:40:00	58.6485	17.87514	12	0	5	0	0	0	0	0.005	13.7	8	1015	18	1	27	0.3	209	-400	358	2000	130	1	0	0	1	3	0	1	1	1	0	2	2	97	0	358	4	2	10	5	
2026-05-06 16:00:00	58.65273	17.88054	40	0	6	0	0	2	0	0.005	13.6	8	1014	18	2	46	0.5	34	-100	98	2000	120	1	0	0	0	1	3	0	0	1	0	94	3	4	0	100	-4	2	-10	5	
2026-05-06 16:20:00	58.65711	17.88486	12	0	7	0	0	0	0	0.005	13.6	8	1015	18	1	58	0.5	27	-700	105	2000	120	1	0	0	0	0	1	3	0	1	0	90	3	8	0	115	-4	0	-10	5	
2026-05-06 16:40:00	58.66137	17.89062	12	0	8	0	0	0	0	0.005	13.6	8	1014	18	1	30	0.5	35	-1200	113	2000	120	1	0	1	0	0	0	1	0	1	0	96	5	0	0	131	-4	0	-10	5	
2026-05-06 17:00:00	58.65918	17.88699	12	0	9	0	0	0	0	0.005	13.6	8	1015	18	2	62	0.3	220	-900	109	2000	125	1	0	0	1	0	0	0	0	1	0	5	2	94	0	122	4	2	10	5	
2026-05-06 17:20:00	58.66263	17.89341	11	0	10	0	0	0	0	0.005	13.6	8	1015	18	1	33	0.4	44	-1300	116	2000	135	1	0	1	0	1	0	0	0	1	0	95	2	5	0	136	-4	2	-10	5	
2026-05-06 17:40:00	58.66008	17.88981	12	0	11	0	0	0	0	0.005	13.5	8	1014	18	3	70	0.3	216	-1000	111	2000	130	1	0	0	1	0	1	0	0	1	0	6	3	93	0	126	4	2	10	5	
2026-05-06 18:00:00	58.66374	17.89749	12	0	12	0	0	0	0	0.005	13.5	8	1015	18	1	27	0.5	48	-1500	119	2000	135	1	0	1	0	1	0	1	0	1	0	96	0	5	0	142	-4	2	-10	5	
2026-05-06 18:20:00	58.66164	17.89395	41	0	13	0	0	0	0	0.005	13.5	8	1015	18	1	29	0.3	221	-1200	115	2000	135	1	0	1	1	0	1	0	0	1	0	5	1	96	0	133	4	2	10	5	
2026-05-06 18:40:00	58.65975	17.89185	11	0	14	0	0	0	0	0.005	13.5	8	1015	18	1	56	0.2	210	-1000	111	2000	135	1	0	0	1	1	0	1	0	1	0	0	1	100	0	125	4	0	10	5	
2026-05-06 19:00:00	58.66266	17.89734	11	0	15	0	0	0	0	0.005	13.5	7	1015	18	2	43	0.4	44	-1300	118	2000	130	1	0	1	0	1	1	0	0	1	0	95	2	5	0	137	-4	2	-10	5	
2026-05-06 19:20:00	58.66011	17.89509	12	0	16	0	0	0	0	0.005	13.5	7	1015	18	1	31	0.3	205	-1000	113	2000	125	1	0	0	1	0	1	1	0	1	0	6	2	94	0	127	4	2	10	5	
2026-05-06 19:40:00	58.66269	17.9007	12	0	17	0	0	0	0	0.005	13.5	7	1015	18	1	30	0.4	49	-1400	119	2000	130	1	0	1	0	1	0	1	0	1	0	95	1	5	0	138	-4	2	-10	5	
2026-05-06 20:00:00	58.66107	17.89947	11	0	18	0	0	0	0	0.005	13.4	7	1015	18	1	34	0.2	201	-1200	116	2000	130	1	0	0	1	0	1	0	0	1	0	6	6	90	0	131	4	2	10	5	
2026-05-06 20:20:00	58.66323	17.90505	11	0	19	0	0	0	0	0.005	13.4	7	1015	18	1	33	0.3	53	-1400	122	2000	135	1	0	1	0	1	0	1	0	1	0	97	0	4	0	142	-4	2	-10	5	
2026-05-06 20:40:00	58.66089	17.90415	14	0	20	0	0	0	0	0.005	13.4	7	1015	18	1	36	0.2	191	-1200	118	2000	125	1	0	1	1	0	1	0	0	1	0	5	2	95	0	132	4	2	10	5	
2026-05-06 21:20:00	58.65978	17.90856	12	0	22	0	0	0	0	0.005	13.4	7	1015	18	3	109	0.3	58	-1100	118	2000	125	1	0	1	0	1	1	0	0	1	0	96	0	5	0	128	-4	2	-10	5	
2026-05-06 21:40:00	58.65723	17.90694	11	0	23	0	0	2	0	0.005	13.4	7	1015	18	1	31	0.2	198	-100	185	2000	130	1	0	1	1	0	1	1	0	1	0	6	2	93	0	187	4	2	10	5	
2026-05-06 22:00:00	58.65474	17.90544	12	0	24	0	0	0	0	0.005	13.4	7	1015	18	1	28	0.2	197	-100	184	2000	130	1	0	1	1	1	0	1	0	1	0	0	5	96	0	185	4	0	10	5	
2026-05-06 22:20:00	58.65171	17.90316	12	0	25	0	0	0	0	0.005	13.4	7	1015	18	1	28	0.3	201	0	182	2000	130	1	0	1	1	1	1	0	0	1	0	0	2	99	0	182	4	0	10	5	
2026-05-06 22:40:00	58.64856	17.90172	12	0	26	0	0	0	0	0.005	13.4	7	1015	18	1	30	0.3	193	100	180	2000	130	1	0	1	1	1	1	1	0	1	0	0	1	100	0	180	4	0	10	5	
2026-05-06 23:00:00	58.64487	17.90022	12	0	27	0	0	0	0	0.005	13.4	7	1015	18	1	32	0.3	192	2000	178	2000	130	1	0	1	1	1	1	1	0	1	0	0	2	99	0	178	4	0	10	5	
2026-05-07 00:20:00	58.63173	17.89263	12	0	1	0	0	0	0	0.005	13.4	6	1015	18	3	82	0.3	206	700	134	2000	130	1	0	0	1	1	1	1	1	1	0	0	7	94	0	134	4	0	10	5	
2026-05-07 00:40:00	58.63218	17.89848	12	0	2	0	0	0	0	0.005	13.4	6	1015	18	1	25	0.3	82	600	162	2000	140	1	0	1	0	1	1	1	1	1	0	95	0	5	0	162	-4	2	-10	5	
2026-05-07 01:00:00	58.63041	17.89428	12	0	3	0	0	2	0	0.005	13.3	6	1015	18	2	62	0.3	231	-500	55	2000	155	1	0	3	1	0	1	1	0	1	0	6	3	92	0	63	4	2	10	5	
2026-05-07 01:20:00	58.63365	17.89347	11	0	4	0	0	0	0	0.005	13.3	6	1015	18	1	31	0.3	353	-800	60	2000	155	1	0	3	3	1	0	1	0	1	0	92	0	9	0	72	0	2	-10	5	
2026-05-07 01:40:00	58.63674	17.89341	12	0	5	0	0	0	0	0.005	13.3	6	1015	18	1	31	0.3	359	-1100	65	2000	155	1	0	3	3	3	1	0	0	1	0	100	1	0	0	81	0	0	-10	5	
2026-05-07 02:00:00	58.63839	17.89557	40	0	6	0	0	0	0	0.005	13.3	6	1015	18	1	29	0.2	34	-1100	67	2000	155	1	0	0	3	3	3	1	0	1	0	98	3	0	0	83	0	0	-10	5	
2026-05-07 02:20:00	58.63866	17.89722	11	0	7	0	0	0	0	0.005	13.3	6	1015	18	1	58	0.1	72	-1100	66	2000	155	1	0	3	0	3	3	3	0	1	0	99	2	0	0	81	-4	1	-10	5	
2026-05-07 02:40:00	58.63932	17.89884	11	0	8	0	0	0	0	0.005	13.3	6	1015	18	1	27	0.1	52	-1100	67	2000	155	1	0	3	3	0	3	3	0	1	0	98	3	0	0	81	0	1	-10	5	
2026-05-07 03:00:00	58.64004	17.89989	12	0	9	0	0	0	0	0.005	13.3	6	1016	18	1	32	0.1	37	-1100	68	2000	155	1	0	0	3	3	0	3	0	1	0	95	6	0	0	81	0	0	-10	5	
2026-05-07 03:20:00	58.64103	17.90061	12	0	10	0	0	0	0	0.005	13.4	6	1016	18	1	29	0.1	21	-1200	69	2000	155	1	0	0	0	3	3	0	0	1	0	85	9	8	0	83	-4	2	-10	5	
2026-05-07 03:40:00	58.64241	17.9004	12	0	11	0	0	0	0	0.005	13.6	6	1016	18	1	30	0.1	356	-1300	72	2000	155	1	0	1	0	0	3	3	0	1	0	77	5	20	0	88	-4	1	-10	5	
2026-05-07 04:00:00	58.64115	17.90001	12	0	12	0	0	0	0	0.005	13.8	6	1016	18	2	48	0.1	190	-1200	70	2000	95	1	0	0	1	0	0	3	0	1	0	27	3	71	0	84	4	2	10	5	
2026-05-07 04:20:00	58.64283	17.90094	11	0	13	0	0	0	0	0.005	13.8	6	1016	18	1	36	0.2	16	-1300	73	2000	105	1	0	0	0	1	0	0	0	1	0	88	6	8	0	88	-4	2	-10	5	
2026-05-07 04:40:00	58.64526	17.90241	12	0	14	0	0	0	0	0.005	13.7	7	1016	18	1	32	0.2	18	-1400	77	2000	105	1	0	0	0	0	1	0	0	1	0	100	0	0	0	94	-4	0	-10	5	
2026-05-07 05:00:00	58.64841	17.90481	12	0	15	0	0	0	0	0.005	13.7	7	1016	18	3	94	0.3	22	-1600	84	2000	105	1	0	0	0	0	0	1	0	1	0	100	0	0	0	101	-4	0	-10	5	
2026-05-07 05:20:00	58.65186	17.90727	12	0	16	0	0	0	0	0.005	13.6	7	1016	18	2	61	0.3	20	-1800	92	2000	105	1	0	1	0	0	0	0	0	1	0	100	0	0	0	111	-4	0	-10	5	
2026-05-07 05:40:00	58.64949	17.90679	41	0	17	0	0	0	0	0.005	13.6	7	1016	18	1	29	0.2	186	-1600	86	2000	105	1	0	0	1	0	0	0	0	1	0	5	1	95	0	102	4	2	10	5	
2026-05-07 06:00:00	58.65279	17.9079	12	0	18	0	0	0	0	0.005	13.6	8	1016	18	1	62	0.3	10	-1800	94	2000	100	1	0	1	0	1	0	0	0	1	0	95	1	5	0	115	-4	2	-10	5	
2026-05-07 06:20:00	58.65066	17.90772	12	0	19	0	0	0	0	0.005	13.6	8	1016	18	1	35	0.2	182	-1700	89	2000	95	1	0	1	1	0	1	0	0	1	0	6	2	93	0	105	4	2	10	5	
2026-05-07 06:40:00	58.64865	17.90865	12	0	20	0	0	0	0	0.005	13.6	8	1016	18	1	30	0.2	166	-1500	84	2000	95	1	0	1	1	1	0	1	0	1	0	0	3	98	0	95	4	0	10	5	
2026-05-07 07:00:00	58.6464	17.90943	12	0	21	0	0	0	0	0.005	13.6	8	1016	18	1	28	0.2	170	-1300	78	2000	95	1	0	0	1	1	1	0	0	1	0	0	3	98	0	87	4	0	10	5	
2026-05-07 07:20:00	58.6497	17.91045	11	0	22	0	0	0	0	0.005	13.6	9	1016	18	2	47	0.3	9	-1500	86	2000	90	1	0	1	0	1	1	1	0	1	0	95	0	6	0	96	-4	2	-10	5	
2026-05-07 07:40:00	58.6479	17.91075	12	0	23	0	0	0	0	0.005	13.6	9	1016	18	1	29	0.2	175	-1300	82	2000	95	1	0	0	1	0	1	1	0	1	0	6	2	93	0	89	4	2	10	5	
2026-05-07 08:00:00	58.64688	17.91204	40	0	24	0	0	1	0	0.005	13.5	9	1017	18	1	31	0.1	147	-1200	79	2000	95	0	0	1	1	1	0	1	0	1	0	0	3	98	0	84	4	0	10	5	
2026-05-07 08:20:00	58.64592	17.9118	12	0	25	0	0	0	0	0.005	13.5	10	1017	18	1	69	0.1	188	-1100	76	2000	95	0	0	0	1	1	1	0	0	1	0	0	11	90	0	82	4	0	10	5	
2026-05-07 09:00:00	58.64562	17.9103	12	0	27	0	0	0	0	0.005	13.5	11	1017	17	3	78	0.1	257	-1200	76	2000	95	0	0	0	1	1	1	1	0	1	0	17	10	74	0	83	4	0	10	5	
2026-05-07 09:20:00	58.64577	17.90943	12	0	28	0	0	0	0	0.005	13.5	11	1017	17	1	29	0	289	-1200	77	2000	95	0	0	0	1	1	1	1	0	1	0	17	13	72	0	85	4	0	10	5	
2026-05-07 09:40:00	58.64616	17.90904	12	0	29	0	0	0	0	0.005	13.5	12	1017	17	1	30	0	334	-1300	78	2000	95	0	0	0	1	1	1	1	0	1	0	4	22	76	0	87	4	0	10	5	
2026-05-07 10:00:00	58.64619	17.9094	13	0	0	0	0	0	0	0.005	13.5	12	1017	17	1	28	0	84	-1200	78	2000	95	0	0	1	1	1	1	1	0	1	0	0	10	91	0	86	4	0	10	5	
2026-05-07 10:20:00	58.64571	17.90892	14	0	1	0	0	0	0	0.005	13.5	12	1018	18	1	32	0	208	-1200	77	2000	95	0	0	0	1	1	1	1	0	1	0	0	15	85	0	85	4	0	10	5	
2026-05-07 10:40:00	58.64511	17.90823	19	0	2	0	0	0	0	0.005	13.5	12	1017	17	2	47	0.1	211	-1200	75	2000	95	0	0	0	1	1	1	1	0	1	0	0	8	93	0	85	4	0	10	5	
2026-05-07 11:00:00	58.6437	17.90829	41	0	3	0	0	0	0	0.005	13.5	12	1018	17	1	38	0.1	179	-1100	72	2000	95	0	0	0	1	1	1	1	0	1	0	17	4	81	0	81	4	0	10	5	
2026-05-07 11:20:00	58.64301	17.9067	11	0	4	0	0	0	0	0.005	13.5	12	1018	18	1	59	0.1	230	-1100	71	2000	95	0	0	0	1	1	1	1	0	1	0	30	9	63	0	81	4	0	10	5	
2026-05-07 11:40:00	58.6419	17.90532	12	0	5	0	0	0	0	0.005	13.4	12	1018	18	1	29	0.1	213	-1100	69	2000	95	0	0	0	1	1	1	1	0	1	0	27	10	64	0	79	4	0	10	5	
2026-05-07 12:00:00	58.63941	17.90511	12	0	6	0	0	0	0	0.005	13.4	11	1018	18	1	33	0.2	183	-900	64	2000	95	0	0	0	1	1	1	1	0	1	0	0	5	96	0	73	4	0	10	5	
2026-05-07 12:20:00	58.63701	17.90556	12	0	7	0	0	0	0	0.005	13.4	11	1018	18	1	31	0.2	174	-600	60	2000	95	0	0	0	1	1	1	1	0	1	0	0	1	100	0	66	4	0	10	5	
2026-05-07 12:40:00	58.63404	17.90457	12	0	8	0	0	0	0	0.005	13.4	10	1018	18	2	44	0.3	190	-400	55	2000	95	0	0	0	1	1	1	1	0	1	0	0	1	100	0	60	4	0	10	5	
2026-05-07 13:00:00	58.63083	17.90268	13	0	9	0	0	0	0	0.005	13.4	10	1018	18	1	26	0.3	197	-300	52	2000	95	0	0	0	1	1	1	1	0	1	0	0	1	100	0	55	4	0	10	5	
2026-05-07 13:20:00	58.62798	17.90037	41	0	10	0	0	0	0	0.005	13.4	9	1018	18	2	57	0.3	203	-100	49	2000	95	0	0	0	1	1	1	1	0	1	0	0	3	98	0	51	4	0	10	5	
2026-05-07 13:40:00	58.62522	17.89752	11	0	11	0	0	0	0	0.005	13.4	9	1018	18	1	59	0.3	208	300	47	2000	95	0	0	0	1	1	1	1	0	1	0	0	4	97	0	47	4	0	10	5	
2026-05-07 14:20:00	58.61961	17.89431	12	0	13	0	0	0	0	0.005	13.4	9	1018	18	3	76	0.3	188	900	43	2000	95	0	0	0	1	1	1	1	0	1	0	0	2	99	0	38	4	0	10	5	
2026-05-07 14:40:00	58.62126	17.89905	12	0	14	0	0	1	0	0.005	13.4	9	1018	18	1	45	0.3	56	700	43	2000	125	0	0	3	0	1	1	1	0	1	0	94	0	7	0	36	-4	2	-10	5	
2026-05-07 15:00:00	58.62342	17.90385	13	0	15	0	0	0	0	0.005	13.4	10	1018	18	1	28	0.3	49	400	42	2000	125	0	0	3	0	0	1	1	0	1	0	100	0	0	0	36	-4	0	-10	5	
2026-05-07 15:20:00	58.62585	17.90832	12	0	16	0	0	0	0	0.005	13.4	10	1018	18	1	33	0.3	44	400	42	2000	125	0	0	3	0	0	0	1	0	1	0	100	0	0	0	37	-4	0	-10	5	
2026-05-07 15:40:00	58.62834	17.91258	13	0	17	0	0	0	0	0.005	13.4	10	1018	18	1	28	0.3	42	300	42	2000	125	0	0	3	0	0	0	0	0	1	0	100	0	0	0	38	-4	0	-10	5	
2026-05-07 16:00:00	58.63122	17.91612	40	0	18	0	0	0	0	0.005	13.4	10	1019	18	1	27	0.3	32	200	43	2000	125	0	0	3	0	0	0	0	0	1	0	100	1	0	0	41	-4	0	-10	5	
2026-05-07 16:20:00	58.63371	17.91864	13	0	19	0	0	0	0	0.005	13.4	10	1019	18	1	57	0.3	28	100	45	2000	125	0	0	0	0	0	0	0	0	1	0	99	2	0	0	44	-4	0	-10	5	
2026-05-07 16:40:00	58.63635	17.92089	12	0	20	0	0	0	0	0.005	13.4	9	1019	18	1	31	0.3	24	0	47	2000	125	0	0	0	0	0	0	0	0	1	0	100	1	0	0	47	-4	0	-10	5	
2026-05-07 17:00:00	58.63911	17.92404	13	0	21	0	0	0	0	0.005	13.8	9	1019	18	1	30	0.3	30	-100	50	2000	125	0	0	0	0	0	0	0	0	1	0	100	0	0	0	50	-4	0	-10	5	
2026-05-07 17:20:00	58.64175	17.92683	12	0	22	0	0	0	0	0.005	13.7	9	1019	18	1	32	0.3	29	-1800	54	2000	125	0	0	0	0	0	0	0	0	1	0	100	1	0	0	54	-4	0	-10	5	
2026-05-07 17:40:00	58.64463	17.93118	17	0	23	0	0	0	0	0.005	13.7	9	1019	18	1	27	0.3	38	-1400	59	2000	125	0	0	0	0	0	0	0	0	1	0	100	0	0	0	59	-4	0	-10	5	
2026-05-07 18:00:00	58.64646	17.93643	40	0	24	0	0	0	0	0.005	13.7	9	1019	18	1	36	0.3	56	-1000	60	2000	125	0	0	0	0	0	0	0	0	1	0	100	1	0	0	60	-4	0	-10	5	
2026-05-07 18:20:00	58.64796	17.93934	11	0	25	0	0	0	0	0.005	13.6	8	1020	18	3	117	0.2	45	-800	64	2000	125	0	0	0	0	0	0	0	1	1	0	99	2	0	0	64	-4	0	-10	5	
2026-05-07 18:40:00	58.6494	17.94042	12	0	26	0	0	0	0	0.005	13.6	8	1020	18	1	27	0.1	21	-700	74	2000	125	0	0	0	0	0	0	0	1	1	0	97	4	0	0	74	-4	0	-10	5	
2026-05-07 19:00:00	58.65087	17.94012	11	0	27	0	0	0	0	0.005	13.6	8	1020	18	1	27	0.1	354	-700	89	2000	125	0	0	1	0	0	0	0	1	1	0	76	25	0	0	89	-4	0	-10	5	
2026-05-07 19:20:00	58.65171	17.93976	11	0	28	0	0	0	0	0.005	13.6	8	1020	18	2	46	0.1	348	-700	96	2000	125	0	0	1	0	0	0	0	1	1	0	89	12	0	0	96	-4	0	-10	5	
2026-05-07 19:40:00	58.65243	17.93898	12	0	29	0	0	0	0	0.005	13.6	7	1021	18	3	74	0.1	330	-700	102	2000	125	0	0	1	0	0	0	0	1	1	0	53	29	19	0	102	-4	0	-10	5	
2026-05-07 20:00:00	58.65279	17.93772	12	0	0	0	0	1	0	0.005	13.6	7	1021	18	2	49	0.1	298	-800	104	2000	125	1	0	0	1	0	0	0	1	1	0	25	20	57	0	104	4	2	10	5	
2026-05-07 20:20:00	58.65348	17.937	12	0	1	0	0	2	0	0.005	13.5	7	1021	18	2	52	0.1	332	300	175	2000	130	1	0	1	0	1	0	0	0	1	0	81	20	0	0	172	-4	1	-10	5	
2026-05-07 20:40:00	58.65345	17.93658	12	0	2	0	0	0	0	0.005	13.5	7	1021	18	1	31	0	268	300	175	2000	80	1	0	2	1	0	1	0	0	1	0	17	24	60	0	171	4	2	10	5	
2026-05-07 21:00:00	58.65294	17.93601	14	0	3	0	0	0	0	0.005	13.5	7	1022	18	1	28	0.1	209	300	175	2000	80	1	0	2	2	1	0	1	0	1	0	8	25	69	0	170	0	4	10	5	
2026-05-07 21:20:00	58.65261	17.93601	40	0	4	0	0	0	0	0.005	13.5	6	1022	18	1	31	0	181	200	175	2000	80	1	0	2	2	2	1	0	0	1	0	1	17	83	0	170	0	0	10	5	
2026-05-07 22:00:00	58.64853	17.93244	11	0	6	0	0	0	0	0.005	13.5	7	1022	18	3	85	0.3	226	400	174	2000	80	1	0	2	2	2	2	2	0	1	0	0	1	100	0	163	0	0	10	5	
2026-05-07 22:20:00	58.64718	17.92629	11	0	7	0	0	0	0	0.005	13.5	7	1022	18	1	29	0.3	247	800	172	2000	80	1	0	0	2	2	2	2	0	1	0	5	1	95	0	152	0	2	10	5	
2026-05-07 22:40:00	58.64934	17.92704	11	0	8	0	0	0	0	0.005	13.4	7	1023	18	2	47	0.2	10	800	172	2000	80	1	0	1	0	2	2	2	0	1	0	99	2	0	0	154	-4	1	-10	5	
2026-05-07 23:00:00	58.64772	17.92953	11	0	9	0	0	0	0	0.005	13.4	7	1023	18	1	25	0.2	141	600	173	2000	75	1	0	3	1	0	2	2	0	1	0	11	1	89	0	158	4	2	10	5	
2026-05-07 23:20:00	58.64862	17.92341	11	0	10	0	0	0	0	0.005	13.4	7	1023	18	1	30	0.3	286	1000	171	2000	75	1	0	1	3	1	0	2	0	1	0	89	2	11	0	147	0	4	-10	5	
2026-05-07 23:40:00	58.64664	17.92335	12	0	11	0	0	0	0	0.005	13.4	7	1023	18	1	30	0.2	181	1000	171	2000	75	1	0	1	1	3	1	0	0	1	0	3	4	94	0	147	4	2	10	5	
2026-05-08 00:20:00	58.64358	17.92311	12	0	13	0	0	0	0	0.005	13.4	7	1023	18	3	125	0.2	179	1000	170	2000	75	1	0	1	1	1	1	3	0	1	0	0	5	96	0	145	4	0	10	5	
2026-05-08 00:40:00	58.64223	17.92326	11	0	14	0	0	0	0	0.005	13.4	7	1023	18	2	51	0.1	176	1000	170	2000	75	1	0	1	1	1	1	1	0	1	0	0	11	90	0	145	4	0	10	5	
2026-05-08 01:00:00	58.64079	17.92251	11	0	15	0	0	0	0	0.005	13.4	7	1024	18	1	31	0.1	195	1100	170	2000	75	1	0	1	1	1	1	1	0	1	0	0	14	87	0	143	4	0	10	5	
2026-05-08 01:40:00	58.6377	17.92401	12	0	17	0	0	0	0	0.005	13.4	7	1024	18	3	79	0.2	155	1000	170	2000	75	1	0	1	1	1	1	1	0	1	0	0	3	98	0	146	4	0	10	5	
2026-05-08 02:00:00	58.63566	17.92476	14	0	18	0	0	0	0	0.005	13.4	7	1024	18	2	55	0.2	169	1000	170	2000	75	1	0	1	1	1	1	1	0	1	0	0	1	100	0	147	4	0	10	5	
2026-05-08 02:20:00	58.63284	17.92605	41	0	19	0	0	0	0	0.005	13.4	7	1024	18	1	33	0.3	167	900	170	2000	75	1	0	1	1	1	1	1	0	1	0	0	3	98	0	148	4	0	10	5	
2026-05-08 02:40:00	58.63038	17.92644	12	0	20	0	0	0	0	0.005	13.4	7	1024	18	1	59	0.2	175	900	170	2000	75	1	0	1	1	1	1	1	0	1	0	0	2	99	0	148	4	0	10	5	
2026-05-08 03:00:00	58.62807	17.92605	12	0	21	0	0	0	0	0.005	13.4	7	1025	18	1	28	0.2	185	1000	170	2000	75	1	0	1	1	1	1	1	0	1	0	0	3	98	0	147	4	0	10	5	
2026-05-08 03:20:00	58.62573	17.9262	12	0	22	0	0	0	0	0.005	13.6	7	1025	18	1	30	0.2	178	1000	169	2000	75	1	0	1	1	1	1	1	0	1	0	0	1	100	0	147	4	0	10	5	
2026-05-08 03:40:00	58.6236	17.92656	12	0	23	0	0	0	0	0.005	13.9	7	1025	18	1	29	0.2	175	1000	169	2000	75	1	0	1	1	1	1	1	0	1	0	0	1	100	0	147	4	0	10	5	
2026-05-08 04:40:00	58.61781	17.92878	12	0	26	0	0	0	0	0.005	13.8	8	1026	18	3	84	0.2	166	900	169	2000	75	1	0	1	1	1	1	1	0	1	0	0	0	100	0	150	4	0	10	5	
2026-05-08 05:00:00	58.61571	17.9289	41	0	27	0	0	0	0	0.005	13.7	8	1026	18	1	31	0.2	178	900	169	2000	75	1	0	1	1	1	1	1	0	1	0	0	1	100	0	149	4	0	10	5	
2026-05-08 05:20:00	58.61373	17.92848	11	0	28	0	0	0	0	0.005	13.7	8	1026	18	1	57	0.2	186	900	168	2000	75	1	0	1	1	1	1	1	0	1	0	0	0	100	0	148	4	0	10	5	
2026-05-08 05:40:00	58.61163	17.92767	12	0	29	0	0	0	0	0.005	13.7	9	1026	18	1	28	0.2	191	1000	168	2000	75	1	0	1	1	1	1	1	0	1	0	0	1	100	0	146	4	0	10	5	
2026-05-08 06:00:00	58.60959	17.92665	12	0	0	0	0	0	0	0.005	13.7	9	1027	18	1	28	0.2	195	1100	167	2000	75	1	0	1	1	1	1	1	0	1	0	0	1	100	0	143	4	0	10	5	
2026-05-08 06:20:00	58.60743	17.92653	12	0	1	0	0	0	0	0.005	13.7	9	1027	18	1	29	0.2	181	1100	166	2000	75	1	0	1	1	1	1	1	0	1	0	0	0	100	0	143	4	0	10	5	
2026-05-08 06:40:00	58.60506	17.92641	12	0	2	0	0	0	0	0.005	13.6	9	1027	18	1	30	0.2	182	1100	165	2000	75	1	0	1	1	1	1	1	0	1	0	0	2	99	0	142	4	0	10	5	
2026-05-08 07:00:00	58.60296	17.92572	41	0	3	0	0	0	0	0.005	13.6	9	1027	18	1	31	0.2	190	1200	164	2000	75	1	0	1	1	1	1	1	0	1	0	0	1	100	0	140	4	0	10	5	
2026-05-08 07:20:00	58.60086	17.92545	11	0	4	0	0	0	0	0.005	13.6	10	1027	18	1	60	0.2	184	1200	164	2000	75	1	0	1	1	1	1	1	0	1	0	0	1	100	0	139	4	0	10	5	
2026-05-08 07:40:00	58.59978	17.91657	11	0	5	0	0	1	0	0.005	13.6	10	1028	18	2	47	0.4	257	1700	158	2000	75	0	0	1	2	1	1	1	0	1	0	0	0	100	0	116	0	1	10	5	
2026-05-08 08:00:00	58.59897	17.90655	12	0	6	0	0	0	0	0.005	13.6	11	1028	17	2	46	0.5	261	2300	153	2000	75	0	0	0	2	2	1	1	0	0	0	3	0	98	0	86	0	2	10	5	
2026-05-08 08:20:00	58.599	17.89701	14	0	7	0	0	0	0	0.005	13.6	12	1028	17	1	33	0.5	270	2900	148	2000	75	0	0	0	2	2	2	1	0	0	0	5	0	96	0	86	0	2	10	5	
2026-05-08 08:40:00	58.59861	17.88753	12	0	8	0	0	0	0	0.005	13.6	13	1028	17	1	33	0.5	266	3400	144	2000	75	0	0	0	2	2	2	2	0	0	0	5	1	95	0	86	0	2	10	5	
2026-05-08 09:00:00	58.59825	17.87757	12	0	9	0	0	0	0	0.005	13.5	14	1028	17	1	30	0.5	266	4000	139	2000	75	0	0	0	2	2	2	2	0	0	0	0	0	100	0	86	0	0	10	5	
2026-05-08 09:20:00	58.59681	17.86677	12	0	10	0	0	0	0	0.005	13.5	15	1028	17	1	33	0.5	256	4600	135	2000	75	0	0	1	2	2	2	2	0	0	0	6	1	95	0	86	0	4	10	5	
2026-05-08 09:40:00	58.59477	17.85429	12	0	11	0	0	0	0	0.005	13.5	15	1028	17	1	31	0.6	253	5400	129	2000	75	0	0	1	2	2	2	2	0	0	0	4	1	97	0	86	0	2	10	5	
2026-05-08 10:20:00	58.59273	17.82516	11	0	13	0	0	0	0	0.005	13.5	15	1028	17	3	104	0.7	259	7100	121	2000	75	0	0	1	2	2	2	2	0	0	0	3	0	98	0	86	0	2	10	5	
2026-05-08 10:40:00	58.58922	17.82525	13	0	14	0	0	1	0	0.005	13.5	14	1027	17	1	31	0.3	179	7100	119	2000	75	0	0	0	1	2	2	2	0	0	0	0	2	99	0	86	4	1	10	5	
2026-05-08 11:00:00	58.58589	17.82561	14	0	15	0	0	0	0	0.005	13.5	12	1028	17	1	29	0.3	177	7100	117	2000	75	0	0	0	1	1	2	2	0	0	0	0	3	98	0	86	4	0	10	5	
2026-05-08 11:20:00	58.58301	17.82477	11	0	16	0	0	0	0	0.005	13.5	11	1028	18	1	32	0.3	189	7200	115	2000	75	0	0	0	1	1	1	2	0	0	0	0	4	97	0	86	4	0	10	5	
2026-05-08 11:40:00	58.58001	17.82333	13	0	17	0	0	0	0	0.005	13.5	10	1028	18	2	45	0.3	194	7300	112	2000	75	0	0	0	1	1	1	1	0	0	0	0	4	97	0	86	4	0	10	5	
2026-05-08 12:00:00	58.5774	17.82132	36	0	18	0	0	0	0	0.005	13.4	10	1028	18	1	33	0.3	202	7400	110	2000	75	0	0	0	1	1	1	1	0	0	0	0	2	99	0	86	4	0	10	5	
2026-05-08 12:20:00	58.57515	17.8188	11	0	19	0	0	0	0	0.005	13.4	10	1028	18	1	56	0.2	210	7600	108	2000	75	0	0	0	1	1	1	1	0	0	0	0	4	97	0	86	4	0	10	5	
2026-05-08 13:00:00	58.57041	17.81526	12	0	21	0	0	0	0	0.005	13.4	10	1028	18	3	77	0.2	201	7800	104	2000	75	0	0	0	1	1	1	1	0	0	0	0	2	99	0	86	4	0	10	5	
2026-05-08 13:20:00	58.57323	17.8104	12	0	22	0	0	1	0	0.005	13.4	10	1028	18	1	36	0.4	318	8100	106	2000	70	0	0	1	0	1	1	1	0	0	0	93	2	6	0	86	-4	2	-10	5	
2026-05-08 13:40:00	58.57578	17.80617	12	0	23	0	0	0	0	0.005	13.4	10	1028	18	1	31	0.3	319	8300	107	2000	70	0	0	1	0	0	1	1	0	0	0	96	5	0	0	86	-4	0	-10	5	
2026-05-08 14:00:00	58.5786	17.80236	13	0	24	0	0	0	0	0.005	13.4	10	1028	18	1	40	0.3	325	8500	108	2000	70	0	0	1	0	0	0	1	0	0	0	99	2	0	0	86	-4	0	-10	5	
2026-05-08 14:20:00	58.58097	17.79855	13	0	25	0	0	0	0	0.005	13.4	10	1028	18	1	32	0.3	320	8700	109	2000	70	0	0	1	0	0	0	0	0	0	0	99	2	0	0	86	-4	0	-10	5	
2026-05-08 14:40:00	58.58319	17.7945	41	0	26	0	0	0	0	0.005	13.4	10	1028	18	1	32	0.3	316	8900	110	2000	70	0	0	1	0	0	0	0	0	0	0	97	4	0	0	86	-4	0	-10	5	
2026-05-08 15:00:00	58.5852	17.79018	12	0	27	0	0	0	0	0.005	13.4	10	1028	18	1	60	0.3	312	9100	111	2000	70	0	0	1	0	0	0	0	0	0	0	95	6	0	0	86	-4	0	-10	5	
2026-05-08 15:20:00	58.58796	17.78562	12	0	28	0	0	0	0	0.005	13.4	10	1028	18	1	29	0.3	319	9400	112	2000	70	0	0	1	0	0	0	0	0	0	0	98	3	0	0	86	-4	0	-10	5	
2026-05-08 15:40:00	58.58874	17.77446	12	0	29	0	0	1	0	0.005	13.4	10	1027	18	1	30	0.5	278	10000	111	2000	70	0	0	1	3	0	0	0	0	0	0	96	1	5	0	86	0	3	-10	5	
2026-05-08 16:00:00	58.58775	17.76354	12	0	0	0	0	0	0	0.005	13.4	10	1028	18	1	30	0.5	260	10700	110	2000	70	0	0	1	3	3	0	0	0	0	0	97	0	4	0	86	0	2	-10	5	
2026-05-08 16:20:00	58.58652	17.75364	12	0	1	0	0	0	0	0.005	13.4	10	1028	18	1	28	0.5	256	11200	108	2000	70	0	0	1	3	3	3	0	0	0	0	93	1	7	0	86	0	4	-10	5	
2026-05-08 16:40:00	58.58397	17.74473	12	0	2	0	0	0	0	0.005	13.8	10	1027	18	3	64	0.5	241	11800	106	2000	70	0	0	1	3	3	3	3	0	0	0	91	1	9	0	86	0	6	-10	5	
2026-05-08 17:00:00	58.58331	17.748	12	0	3	0	0	1	0	0.005	13.7	10	1027	18	3	78	0.2	111	11600	106	2000	70	0	0	1	1	3	3	3	0	0	0	1	1	100	0	86	4	2	10	5	
2026-05-08 17:20:00	58.58262	17.75205	12	0	4	0	0	0	0	0.005	13.7	9	1027	18	1	32	0.2	108	11400	106	2000	70	0	0	1	1	1	3	3	0	0	0	0	0	100	0	86	4	0	10	5	
2026-05-08 17:40:00	58.58184	17.75529	12	0	5	0	0	0	0	0.005	13.7	9	1027	18	1	37	0.2	115	11200	106	2000	70	0	0	1	1	1	1	3	0	0	0	0	1	100	0	86	4	0	10	5	
2026-05-08 18:00:00	58.58106	17.75982	40	0	6	0	0	0	0	0.005	13.6	9	1027	18	1	28	0.2	108	10900	106	2000	70	0	0	1	1	1	1	1	0	0	0	0	0	100	0	86	4	0	10	5	
2026-05-08 18:20:00	58.57992	17.76492	13	0	7	0	0	0	0	0.005	13.6	9	1027	18	1	55	0.3	113	10600	106	2000	70	0	0	1	1	1	1	1	0	0	0	0	0	100	0	86	4	0	10	5	
2026-05-08 18:40:00	58.57845	17.76813	12	0	8	0	0	0	0	0.005	13.6	8	1027	18	1	31	0.2	131	10500	105	2000	70	0	0	1	1	1	1	1	0	0	0	0	1	100	0	86	4	0	10	5	
2026-05-08 19:00:00	58.57728	17.76999	12	0	9	0	0	0	0	0.005	13.6	8	1027	18	1	33	0.1	140	10400	104	2000	70	0	0	1	1	1	1	1	0	0	0	0	6	95	0	86	4	0	10	5	
2026-05-08 20:00:00	58.57599	17.77374	11	0	12	0	0	0	0	0.005	13.6	8	1027	18	3	80	0.1	95	10200	104	2000	70	0	0	1	1	1	1	1	0	0	0	0	2	99	0	86	4	0	10	5	
2026-05-08 20:20:00	58.57596	17.77377	12	0	13	0	0	0	0	0.005	13.6	8	1028	18	1	28	0	144	10200	104	2000	70	0	0	1	1	1	1	1	0	0	0	0	6	95	0	86	4	0	10	5	
2026-05-08 20:40:00	58.57587	17.77404	11	0	14	0	0	3	0	0.005	13.6	8	1028	18	1	28	0	119	-11200	52	2000	70	1	0	1	1	1	1	1	0	0	0	0	2	99	0	95	4	0	10	5	
2026-05-08 21:00:00	58.57584	17.77485	13	0	15	0	0	0	0	0.005	13.5	8	1028	18	1	33	0	94	-11200	52	2000	70	1	0	1	1	1	1	1	0	0	0	0	4	97	0	95	4	0	10	5	
2026-05-08 21:20:00	58.57554	17.77797	41	0	16	0	0	0	0	0.005	13.5	7	1028	18	1	29	0.1	101	-11000	51	2000	70	1	0	1	1	1	1	1	0	0	0	0	1	100	0	95	4	0	10	5	
2026-05-08 21:40:00	58.57509	17.7804	11	0	17	0	0	0	0	0.005	13.5	7	1028	18	1	58	0.1	109	-10800	51	2000	70	1	0	1	1	1	1	1	0	0	0	0	1	100	0	95	4	0	10	5	
2026-05-08 22:00:00	58.57434	17.78187	12	0	18	0	0	0	0	0.005	13.5	7	1028	18	1	30	0.1	134	-10800	50	2000	70	1	0	1	1	1	1	1	0	0	0	0	2	99	0	95	4	0	10	5	
2026-05-08 22:20:00	58.57329	17.78385	13	0	19	0	0	0	0	0.005	13.5	7	1027	18	1	31	0.1	136	-10600	50	2000	70	1	0	1	1	1	1	1	0	0	0	0	2	99	0	95	4	0	10	5	
2026-05-08 22:40:00	58.57128	17.78598	12	0	20	0	0	0	0	0.005	13.5	7	1027	18	1	33	0.2	151	-10500	49	2000	70	1	0	1	1	1	1	1	0	0	0	0	4	97	0	95	4	0	10	5	
2026-05-08 23:00:00	58.56909	17.78757	12	0	21	0	0	0	0	0.005	13.5	8	1027	18	1	33	0.2	159	-10400	48	2000	70	1	0	1	1	1	1	1	0	0	0	0	2	99	0	95	4	0	10	5	
2026-05-08 23:20:00	58.56654	17.78916	11	0	22	0	0	0	0	0.005	13.5	8	1027	18	2	45	0.3	162	-10300	47	2000	70	1	0	1	1	1	1	1	0	0	0	0	1	100	0	95	4	0	10	5	
2026-05-08 23:40:00	58.56396	17.79042	12	0	23	0	0	0	0	0.005	13.5	8	1027	18	1	26	0.2	166	-10200	46	2000	70	1	0	0	1	1	1	1	0	0	0	0	1	100	0	95	4	0	10	5	
2026-05-09 00:00:00	58.56675	17.78544	40	0	24	0	0	0	0	0.005	13.4	7	1027	18	1	37	0.3	317	-10500	47	2000	60	1	0	1	0	1	1	1	0	0	0	95	0	6	0	95	-4	2	-10	5	
2026-05-09 00:40:00	58.56204	17.78637	12	0	26	0	0	0	0	0.005	13.4	7	1027	18	3	92	0.2	168	-10400	46	2000	65	1	0	1	1	1	0	1	0	0	0	0	3	98	0	95	4	0	10	5	
2026-05-09 01:00:00	58.56072	17.78724	12	0	27	0	0	0	0	0.005	13.4	7	1027	18	1	28	0.1	161	-10300	45	2000	65	1	0	1	1	1	1	0	0	0	0	0	1	100	0	95	4	0	10	5	
2026-05-09 01:20:00	58.55955	17.78781	12	0	28	0	0	0	0	0.005	13.4	7	1027	18	1	28	0.1	165	-10300	45	2000	65	1	0	1	1	1	1	1	0	0	0	0	2	99	0	95	4	0	10	5	
2026-05-09 01:40:00	58.55814	17.78952	12	0	29	0	0	0	0	0.005	13.4	7	1027	18	1	37	0.2	148	-10200	44	2000	65	1	0	1	1	1	1	1	0	0	0	0	0	100	0	95	4	0	10	5	
2026-05-09 02:00:00	58.55661	17.79066	13	0	0	0	0	0	0	0.005	13.4	7	1027	18	1	30	0.2	159	-10100	44	2000	65	1	0	1	1	1	1	1	0	0	0	0	2	99	0	95	4	0	10	5	
2026-05-09 02:20:00	58.55514	17.79189	18	0	1	0	0	0	0	0.005	13.4	7	1027	18	1	45	0.1	157	-10000	43	2000	65	1	0	1	1	1	1	1	0	0	0	0	1	100	0	95	4	0	10	5	
2026-05-09 02:40:00	58.55376	17.79369	40	0	2	0	0	0	0	0.005	13.4	7	1027	18	1	35	0.2	146	-9900	42	2000	65	1	0	1	1	1	1	1	0	0	0	0	2	99	0	95	4	0	10	5	
2026-05-09 03:00:00	58.55115	17.79645	11	0	3	0	0	0	0	0.005	13.4	7	1027	18	1	54	0.3	151	-9700	41	2000	65	1	0	1	1	1	1	1	0	0	0	0	2	99	0	95	4	0	10	5	
2026-05-09 03:20:00	58.54842	17.79912	11	0	4	0	0	0	0	0.005	13.5	7	1027	18	1	28	0.3	153	-9500	40	2000	65	1	0	1	1	1	1	1	0	0	0	0	4	97	0	95	4	0	10	5	
2026-05-09 03:40:00	58.54602	17.80326	12	0	5	0	0	0	0	0.005	13.6	7	1027	18	1	30	0.3	138	-9300	39	2000	65	1	0	1	1	1	1	1	0	0	0	0	2	99	0	95	4	0	10	5	
2026-05-09 04:00:00	58.54371	17.808	12	0	6	0	0	0	0	0.005	13.8	7	1027	18	1	29	0.3	133	-9000	38	2000	65	1	0	1	1	1	1	1	0	0	0	0	8	93	0	95	4	0	10	5	
2026-05-09 04:20:00	58.54011	17.81313	12	0	7	0	0	0	0	0.005	13.8	7	1027	18	1	32	0.4	143	-8600	36	2000	65	1	0	1	1	1	1	1	0	0	0	0	5	95	0	95	4	0	10	5	
2026-05-09 04:40:00	58.53711	17.81718	13	0	8	0	0	0	0	0.005	13.8	7	1027	18	1	32	0.3	145	-8400	35	2000	65	1	0	1	1	1	1	1	0	0	0	0	5	96	0	95	4	0	10	5	
2026-05-09 05:00:00	58.53444	17.81856	40	0	9	0	0	0	0	0.005	13.8	8	1027	18	3	77	0.2	165	-8300	34	2000	65	1	0	0	1	1	1	1	0	0	0	11	4	86	0	95	4	0	10	5	
2026-05-09 05:20:00	58.53726	17.8185	12	0	10	0	0	0	0	0.005	13.8	8	1027	18	1	59	0.3	359	-8300	35	2000	80	1	0	1	0	1	1	1	0	0	0	96	0	5	0	95	-4	2	-10	5	
2026-05-09 05:40:00	58.53477	17.81982	13	0	11	0	0	0	0	0.005	13.7	8	1027	18	3	93	0.2	165	-8200	34	2000	80	1	0	1	1	0	1	1	0	0	0	6	4	91	0	95	4	2	10	5	
2026-05-09 06:00:00	58.53171	17.82402	40	0	12	0	0	0	0	0.005	13.7	8	1027	18	1	28	0.3	144	-7900	33	2000	80	1	0	1	1	1	0	1	0	0	0	0	0	100	0	95	4	0	10	5	
2026-05-09 06:20:00	58.52829	17.82876	11	0	13	0	0	0	0	0.005	13.6	8	1027	18	1	55	0.4	144	-7600	31	2000	80	1	0	1	1	1	1	0	0	0	0	0	5	96	0	95	4	0	10	5	
2026-05-09 06:40:00	58.52526	17.83362	12	0	14	0	0	0	0	0.005	13.6	9	1027	18	1	28	0.4	140	-7300	30	2000	80	1	0	1	1	1	1	1	0	0	0	0	4	97	0	95	4	0	10	5	
2026-05-09 07:00:00	58.5225	17.83908	12	0	15	0	0	0	0	0.005	13.6	9	1027	18	1	27	0.4	134	-7000	28	2000	80	1	0	1	1	1	1	1	0	0	0	0	1	100	0	95	4	0	10	5	
2026-05-09 07:20:00	58.52004	17.8446	12	0	16	0	0	0	0	0.005	13.6	9	1027	18	1	28	0.4	131	-6600	27	2000	80	1	0	1	1	1	1	1	0	0	0	0	1	100	0	95	4	0	10	5	
2026-05-09 07:40:00	58.5171	17.85036	12	0	17	0	0	0	0	0.005	13.6	9	1027	18	1	30	0.4	134	-6300	26	2000	80	1	0	1	1	1	1	1	0	0	0	0	0	100	0	95	4	0	10	5	
2026-05-09 08:00:00	58.51386	17.85525	13	0	18	0	0	0	0	0.005	13.6	9	1027	18	1	30	0.4	142	-5900	24	2000	80	1	0	1	1	1	1	1	0	0	0	0	5	96	0	95	4	0	10	5	
2026-05-09 08:20:00	58.50987	17.86032	12	0	19	0	0	0	0	0.005	13.6	9	1026	18	1	40	0.4	146	-5600	23	2000	80	1	0	1	1	1	1	1	0	0	0	0	2	99	0	95	4	0	10	5	
2026-05-09 08:40:00	58.50624	17.86413	13	0	20	0	0	0	0	0.005	13.6	9	1026	18	1	32	0.4	151	-5400	22	2000	80	1	0	1	1	1	1	1	0	0	0	0	5	96	0	95	4	0	10	5	
2026-05-09 09:00:00	58.50309	17.86782	40	0	21	0	0	0	0	0.005	13.6	9	1026	18	2	52	0.3	148	-5100	21	2000	80	1	0	1	1	1	1	1	0	0	0	0	2	99	0	95	4	0	10	5	
2026-05-09 09:20:00	58.4994	17.87124	13	0	22	0	0	0	0	0.005	13.5	9	1026	18	1	55	0.4	154	-4900	20	2000	80	1	0	1	1	1	1	1	0	0	0	0	0	100	0	95	4	0	10	5	
2026-05-09 09:40:00	58.49652	17.87409	12	0	23	0	0	0	0	0.005	13.5	9	1026	18	1	30	0.3	152	-4700	19	2000	80	1	0	1	1	1	1	1	0	0	0	10	5	86	0	95	4	0	10	5	
2026-05-09 10:00:00	58.4934	17.87889	41	0	24	0	0	0	0	0.005	13.5	9	1026	18	2	50	0.4	141	-4400	18	2000	80	1	0	1	1	1	1	1	0	0	0	0	1	100	0	95	4	0	10	5	
2026-05-09 10:20:00	58.49061	17.8839	11	0	25	0	0	0	0	0.005	13.5	9	1026	18	1	57	0.4	137	-4100	17	2000	80	1	0	1	1	1	1	1	0	0	0	0	2	99	0	95	4	0	10	5	
2026-05-09 10:40:00	58.48803	17.88963	11	0	26	0	0	0	0	0.005	13.5	9	1026	18	1	34	0.4	131	-3700	16	2000	80	1	0	1	1	1	1	1	0	0	0	0	2	99	0	95	4	0	10	5	
2026-05-09 11:00:00	58.48557	17.89632	12	0	27	0	0	0	0	0.005	13.5	9	1026	18	1	29	0.4	125	-3300	14	2000	80	1	0	1	1	1	1	1	0	0	0	0	1	100	0	95	4	0	10	5	
2026-05-09 11:20:00	58.48263	17.90334	12	0	28	0	0	0	0	0.005	13.5	9	1026	18	1	33	0.4	129	-2900	13	2000	80	1	0	1	1	1	1	1	0	0	0	0	1	100	0	95	4	0	10	5	
2026-05-09 11:40:00	58.47936	17.91069	41	0	29	0	0	0	0	0.005	13.5	9	1026	18	1	28	0.5	130	-2400	12	2000	80	1	0	1	1	1	1	1	0	0	0	0	0	100	0	95	4	0	10	5	
2026-05-09 12:00:00	58.47675	17.91627	11	0	0	0	0	0	0	0.005	13.5	9	1026	18	1	58	0.4	132	-2100	11	2000	80	1	0	1	1	1	1	1	0	1	0	0	6	95	0	91	4	0	10	5	
2026-05-09 12:20:00	58.4733	17.92356	12	0	1	0	0	0	0	0.005	13.5	9	1026	18	1	30	0.5	132	-1700	9	2000	80	1	0	0	1	1	1	1	0	1	0	0	5	96	0	58	4	0	10	5	
2026-05-09 12:40:00	58.47882	17.92374	13	0	2	0	0	0	0	0.005	13.5	9	1026	18	1	41	0.5	1	-1600	10	2000	65	1	0	0	0	1	1	1	0	1	0	98	0	3	0	60	-4	2	-10	5	
2026-05-09 13:00:00	58.48434	17.92464	13	0	3	0	0	0	0	0.005	13.4	10	1025	18	1	33	0.5	5	-1600	10	2000	65	1	0	0	0	0	1	1	0	1	0	98	3	0	0	60	-4	0	-10	5	
2026-05-09 13:20:00	58.49055	17.92578	12	0	4	0	0	0	0	0.005	13.4	10	1025	18	1	30	0.6	5	-1600	10	2000	65	1	0	0	0	0	0	1	0	1	0	99	2	0	0	60	-4	0	-10	5	
2026-05-09 13:40:00	58.49694	17.92812	11	0	5	0	0	0	0	0.005	13.4	10	1025	18	1	29	0.6	11	-1600	10	2000	65	1	0	0	0	0	0	0	0	1	0	100	0	0	0	56	-4	0	-10	5	
2026-05-09 14:00:00	58.50357	17.93151	40	0	6	0	0	0	0	0.005	13.4	10	1024	18	1	30	0.6	15	-1400	10	2000	65	1	0	0	0	0	0	0	0	1	0	99	2	0	0	51	-4	0	-10	5	
2026-05-09 14:20:00	58.51005	17.93601	12	0	7	0	0	0	0	0.005	13.4	10	1025	18	1	59	0.7	20	-1200	9	2000	65	1	0	0	0	0	0	0	0	1	0	100	0	0	0	43	-4	0	-10	5	
2026-05-09 14:40:00	58.51599	17.94063	12	0	8	0	0	0	0	0.005	13.4	10	1024	18	1	36	0.6	22	-1000	9	2000	65	1	0	0	0	0	0	0	0	1	0	99	2	0	0	36	-4	0	-10	5	
2026-05-09 15:00:00	58.52247	17.94582	13	0	9	0	0	0	0	0.005	13.4	10	1024	18	1	28	0.6	23	-800	8	2000	65	1	0	0	0	0	0	0	0	1	0	100	0	0	0	28	-4	0	-10	5	
2026-05-09 15:20:00	58.5285	17.95152	12	0	10	0	0	0	0	0.005	13.4	9	1024	18	1	29	0.6	26	-500	7	2000	65	1	0	0	0	0	0	0	0	1	0	100	1	0	0	20	-4	0	-10	5	
2026-05-09 15:40:00	58.53486	17.95665	13	0	11	0	0	0	0	0.005	13.4	9	1024	18	1	27	0.6	23	-300	6	2000	65	1	0	0	0	0	0	0	0	1	0	100	1	0	0	13	-4	0	-10	5	
2026-05-09 16:00:00	58.54032	17.96112	41	0	12	0	0	0	0	0.005	13.4	9	1024	18	1	31	0.5	23	-100	5	2000	65	1	0	0	0	0	0	0	0	1	0	100	0	0	0	7	-4	0	-10	5	
2026-05-09 16:20:00	58.54593	17.96472	13	0	13	0	0	0	0	0.005	13.4	9	1024	18	2	90	0.6	19	100	5	2000	65	1	0	0	0	0	0	0	0	1	0	100	0	0	0	3	-4	0	-10	5	
2026-05-09 16:40:00	58.55088	17.9685	12	0	14	0	0	0	0	0.005	13.4	9	1023	18	1	37	0.5	22	200	4	2000	65	1	0	0	0	0	0	0	0	1	0	100	1	0	0	358	-4	0	-10	5	
2026-05-09 17:00:00	58.55559	17.9733	11	0	15	0	0	0	0	0.005	13.4	9	1023	18	2	60	0.5	28	500	3	2000	65	1	0	3	0	0	0	0	0	1	0	98	3	0	0	351	-4	0	-10	5	
2026-05-09 17:40:00	58.56282	17.9682	12	0	17	0	0	0	0	0.005	13.8	9	1023	18	3	109	0.4	19	100	4	2000	65	1	0	0	0	3	0	0	0	1	0	100	1	1	0	2	-4	2	-10	5	
2026-05-09 18:00:00	58.56594	17.97015	41	0	18	0	0	0	0	0.005	13.8	8	1023	18	2	53	0.3	18	200	4	2000	65	1	0	0	0	0	3	0	0	1	0	98	3	0	0	360	-4	0	-10	5	
2026-05-09 18:20:00	58.56945	17.9727	12	0	19	0	0	0	0	0.005	13.8	8	1023	18	2	77	0.4	21	300	3	2000	65	1	0	0	0	0	0	3	0	1	0	100	0	0	0	356	-4	0	-10	5	
2026-05-09 18:40:00	58.57245	17.97405	12	0	20	0	0	0	0	0.005	13.8	8	1023	18	1	37	0.3	13	400	3	2000	65	1	0	0	0	0	0	0	0	1	0	89	12	0	0	355	-4	0	-10	5	
2026-05-09 19:00:00	58.57536	17.97642	12	0	21	0	0	0	0	0.005	13.7	8	1023	18	2	71	0.3	23	500	2	2000	65	1	0	3	0	0	0	0	0	1	0	98	3	0	0	352	-4	0	-10	5	
2026-05-09 19:20:00	58.57803	17.97117	12	0	22	0	0	0	0	0.005	13.7	8	1022	18	1	30	0.4	314	100	4	2000	65	1	0	0	3	0	0	0	0	1	0	97	0	4	0	1	0	3	-10	5	
2026-05-09 20:00:00	58.58598	17.96754	14	0	24	0	0	0	0	0.005	13.6	8	1022	18	3	87	0.5	312	-200	6	2000	65	1	0	0	3	0	3	0	0	1	0	98	0	3	0	9	0	3	-10	5	
2026-05-09 20:20:00	58.58949	17.97213	41	0	25	0	0	0	0	0.005	13.6	7	1022	18	1	30	0.4	34	100	5	2000	65	1	0	3	0	3	0	3	0	1	0	100	0	0	0	3	-4	1	-10	5	
2026-05-09 20:40:00	58.59306	17.96694	12	0	26	0	0	0	0	0.005	13.6	7	1022	18	1	57	0.4	323	-300	7	2000	65	1	0	0	3	0	3	0	0	1	0	98	1	3	0	12	0	3	-10	5	
2026-05-09 21:20:00	58.59858	17.97402	12	0	28	0	0	0	0	0.005	13.6	7	1022	18	3	88	0.3	37	100	4	2000	65	1	0	3	0	0	3	0	0	1	0	100	0	0	0	2	-4	0	-10	5	
2026-05-09 21:40:00	58.60248	17.97267	12	0	29	0	0	1	0	0.005	13.5	7	1022	18	1	31	0.4	350	0	5	2000	65	1	0	3	3	0	0	3	0	1	0	100	0	0	0	6	0	1	-10	5	
2026-05-09 22:00:00	58.60467	17.96583	41	0	0	0	0	2	0	0.005	13.5	7	1022	18	1	31	0.4	301	1300	324	2000	65	1	0	3	3	3	0	0	0	1	0	100	0	0	0	324	0	0	-10	5	
2026-05-09 22:20:00	58.60632	17.95824	12	0	1	0	0	0	0	0.005	13.5	7	1021	18	1	57	0.4	293	900	339	2000	65	1	0	0	3	3	3	0	1	1	0	97	1	3	0	339	0	2	-10	5	
2026-05-09 22:40:00	58.60614	17.958	12	0	2	0	0	0	0	0.005	13.5	7	1021	18	1	28	0	219	-900	340	2000	65	1	0	1	0	3	3	3	1	1	0	98	3	0	0	340	-4	1	-10	5	
2026-05-09 23:00:00	58.60428	17.95245	11	0	3	0	0	0	0	0.005	13.5	7	1021	18	1	26	0.3	237	-1100	1	2000	150	1	0	3	1	0	3	3	0	1	0	8	10	84	0	1	4	2	10	5	
2026-05-09 23:20:00	58.60365	17.95005	12	0	4	0	0	0	0	0.005	13.5	7	1021	18	1	35	0.1	243	-1200	8	2000	150	1	0	2	3	1	0	3	0	1	0	86	8	7	0	8	0	2	-10	5	
2026-05-10 00:00:00	58.6062	17.93886	13	0	6	0	0	0	0	0.005	13.4	6	1021	18	3	83	0.3	313	-1200	43	2000	130	1	0	0	3	2	3	1	0	1	0	100	1	0	0	43	0	0	-10	5	
2026-05-10 00:20:00	58.60497	17.94003	14	0	7	0	0	0	0	0.005	13.4	6	1020	18	1	33	0.1	153	-1200	36	2000	130	1	0	3	0	3	2	3	0	1	0	100	0	0	0	36	-4	1	-10	5	
2026-05-10 00:40:00	58.60662	17.94138	13	0	8	0	0	0	0	0.005	13.4	7	1020	18	1	29	0.2	23	-1000	39	2000	130	1	0	0	3	0	3	2	0	1	0	100	0	0	0	39	0	1	-10	5	
2026-05-10 01:00:00	58.60383	17.94441	41	0	9	0	0	0	0	0.005	13.4	7	1020	18	1	32	0.3	151	-1200	23	2000	130	1	0	3	0	3	0	3	0	1	0	100	0	0	0	23	-4	1	-10	5	
2026-05-10 01:20:00	58.60275	17.94693	11	0	10	0	0	0	0	0.005	13.4	7	1020	18	1	58	0.2	129	-1300	15	2000	130	1	0	3	3	0	3	0	0	1	0	100	0	0	0	15	0	1	-10	5	
2026-05-10 01:40:00	58.60122	17.94759	12	0	11	0	0	0	0	0.005	13.4	7	1020	18	1	32	0.1	167	-1400	12	2000	130	1	0	2	3	3	0	3	0	1	0	97	4	0	0	12	0	0	-10	5	
2026-05-10 02:00:00	58.60215	17.94429	12	0	12	0	0	0	0	0.005	13.4	7	1020	18	1	31	0.2	298	-1400	20	2000	230	1	0	2	2	3	3	0	0	1	0	19	8	74	0	20	0	8	10	5	
2026-05-10 02:20:00	58.60311	17.93862	12	0	13	0	0	0	0	0.005	13.4	7	1019	18	1	26	0.3	288	-1500	34	2000	230	1	0	3	2	2	3	3	0	1	0	15	5	81	0	34	0	8	10	5	
2026-05-10 02:40:00	58.60383	17.93763	13	0	14	0	0	0	0	0.005	13.4	7	1019	18	1	31	0.1	324	-1400	38	2000	185	1	0	3	3	2	2	3	0	1	0	93	2	6	0	38	0	4	-10	5	
2026-05-10 03:00:00	58.60461	17.93451	14	0	15	0	0	0	0	0.005	13.4	7	1019	18	2	61	0.2	296	-1500	45	2000	185	1	0	3	3	3	2	2	0	1	0	97	4	0	0	45	0	0	-10	5	
2026-05-10 03:20:00	58.60629	17.93175	13	0	16	0	0	0	0	0.005	13.6	7	1019	18	3	86	0.2	320	-1500	55	2000	185	1	0	3	3	3	3	2	0	1	0	96	1	4	0	55	0	2	-10	5	
2026-05-10 03:40:00	58.60803	17.92812	41	0	17	0	0	0	0	0.005	13.8	7	1018	18	1	30	0.2	313	-1600	65	2000	185	1	0	3	3	3	3	3	0	1	0	97	1	3	0	65	0	2	-10	5	
2026-05-10 04:00:00	58.61052	17.92416	12	0	18	0	0	0	0	0.005	13.8	8	1018	18	2	76	0.3	320	-1700	77	2000	185	1	0	3	3	3	3	3	0	1	0	98	0	3	0	77	0	2	-10	5	
2026-05-10 04:20:00	58.61379	17.91873	12	0	19	0	0	0	0	0.005	13.8	8	1018	18	1	29	0.4	319	-2000	90	2000	185	1	0	2	3	3	3	3	0	1	0	98	0	3	0	90	0	2	-10	5	
2026-05-10 04:40:00	58.61637	17.90859	12	0	20	0	0	0	0	0.005	13.7	8	1017	18	1	32	0.5	296	-2600	96	2000	165	1	0	0	2	3	3	3	0	0	0	5	0	96	0	96	0	4	10	5	
2026-05-10 05:00:00	58.61628	17.91252	13	0	21	0	0	0	0	0.005	13.7	8	1017	18	2	54	0.2	92	-2300	96	2000	165	1	0	0	0	2	3	3	0	0	0	100	0	1	0	96	-4	2	-10	5	
2026-05-10 05:20:00	58.61577	17.91702	12	0	22	0	0	0	0	0.005	13.7	8	1017	18	1	31	0.2	103	-2100	96	2000	165	1	0	0	0	0	2	3	0	1	0	100	0	0	0	96	-4	0	-10	5	
2026-05-10 05:40:00	58.6158	17.92281	12	0	23	0	0	0	0	0.005	13.6	8	1017	18	1	29	0.3	89	-1700	97	2000	165	1	0	0	0	0	0	2	0	1	0	100	0	0	0	97	-4	0	-10	5	
2026-05-10 06:00:00	58.61526	17.92845	40	0	24	0	0	0	0	0.005	13.6	9	1017	18	1	29	0.3	100	-1400	96	2000	165	1	0	0	0	0	0	0	0	1	0	100	0	0	0	96	-4	0	-10	5	
2026-05-10 06:20:00	58.61445	17.9337	12	0	25	0	0	0	0	0.005	13.6	9	1017	18	1	61	0.3	106	-1100	93	2000	165	1	0	0	0	0	0	0	0	1	0	100	0	0	0	93	-4	0	-10	5	
2026-05-10 06:40:00	58.61394	17.93895	12	0	26	0	0	0	0	0.005	13.6	9	1017	18	1	25	0.3	101	-800	90	2000	165	1	0	0	0	0	0	0	1	1	0	100	1	0	0	90	-4	0	-10	5	
2026-05-10 07:00:00	58.61274	17.94441	11	0	27	0	0	2	0	0.005	13.6	9	1016	18	2	63	0.3	113	-500	42	2000	165	1	0	3	0	0	0	0	0	1	0	100	0	0	0	45	-4	0	-10	5	
2026-05-10 07:20:00	58.61865	17.94687	12	0	28	0	0	0	0	0.005	13.6	9	1016	18	1	29	0.6	12	-600	52	2000	165	1	0	0	3	0	0	0	0	1	0	100	0	0	0	52	0	1	-10	5	
2026-05-10 07:40:00	58.6167	17.95338	13	0	29	0	0	0	0	0.005	13.6	9	1016	18	1	29	0.4	120	-2000	40	2000	165	1	0	3	0	3	0	0	0	1	0	100	0	1	0	40	-4	2	-10	5	
2026-05-10 08:20:00	58.62861	17.9604	12	0	1	0	0	0	0	0.005	13.5	10	1016	18	3	96	0.6	4	-900	78	2000	165	1	0	0	3	3	0	3	1	1	0	98	0	3	0	78	0	2	-10	5	
2026-05-10 08:40:00	58.62792	17.96616	41	0	2	0	0	0	0	0.005	13.5	10	1015	17	3	76	0.3	103	-600	63	2000	165	1	0	0	0	3	3	0	1	1	0	100	0	0	0	63	-4	1	-10	5	
2026-05-10 09:00:00	58.62684	17.9718	11	0	3	0	0	2	0	0.005	13.5	10	1015	17	1	61	0.3	110	-400	348	2000	165	1	0	3	0	0	3	3	0	1	0	100	1	0	0	349	-4	0	-10	5	
2026-05-10 09:20:00	58.63347	17.97279	12	0	4	0	0	0	0	0.005	13.5	10	1015	18	1	29	0.6	4	-1500	340	2000	165	1	0	2	3	0	0	3	0	1	0	100	0	0	0	340	0	1	-10	5	
2026-05-10 09:40:00	58.6401	17.96745	12	0	5	0	0	0	0	0.005	13.5	11	1015	17	1	31	0.7	337	-700	343	2000	180	1	0	2	2	3	0	0	1	1	0	9	0	92	0	343	0	8	10	5	
2026-05-10 10:00:00	58.64727	17.96187	12	0	6	0	0	0	0	0.005	13.5	11	1015	17	1	30	0.7	338	-100	127	2000	180	1	0	1	2	2	3	0	1	1	0	9	0	92	0	127	0	6	10	5	
2026-05-10 10:20:00	58.64655	17.95383	13	0	7	0	0	2	0	0.005	13.5	11	1014	17	1	29	0.4	260	-600	45	2000	180	1	0	3	1	2	2	3	0	1	0	0	1	100	0	49	4	1	10	5	
2026-05-10 10:40:00	58.65534	17.95791	14	0	8	0	0	0	0	0.005	13.4	11	1014	17	1	30	0.8	14	-1800	62	2000	180	1	0	3	3	1	2	2	0	1	0	95	1	6	0	62	0	4	-10	5	
2026-05-10 11:00:00	58.6644	17.9613	13	0	9	0	0	0	0	0.005	13.4	11	1014	17	1	31	0.9	11	-1400	96	2000	180	1	0	3	3	3	1	2	0	1	0	96	0	5	0	96	0	3	-10	5	
2026-05-10 11:20:00	58.67361	17.96523	15	0	10	0	0	0	0	0.005	13.4	11	1013	17	1	31	0.9	13	-1700	135	2000	180	1	0	0	3	3	3	1	0	1	0	95	0	6	0	135	0	5	-10	5	
2026-05-10 11:40:00	58.67427	17.97909	40	0	11	0	0	0	0	0.005	13.4	11	1013	17	1	34	0.7	85	-1300	163	2000	180	1	0	0	0	3	3	3	0	1	0	100	0	0	0	163	-4	1	-10	5	
2026-05-10 12:00:00	58.67391	17.99184	12	0	12	0	0	0	0	0.005	13.4	11	1013	18	2	76	0.6	93	-1300	196	2000	180	1	0	1	0	0	3	3	0	1	0	100	1	0	0	196	-4	0	-10	5	
2026-05-10 12:20:00	58.67256	18.0057	13	0	13	0	0	1	0	0.005	13.4	11	1013	18	1	30	0.7	101	1600	227	2000	180	0	0	1	0	0	0	3	0	1	0	100	1	0	0	227	-4	0	-10	5	
2026-05-10 12:30:00	58.67199	18.01233	12	0	14	0	0	1	0	0.005	13.4	11	1013	18	1	36	0.6	100	1800	237	2000	180	0	0	1	0	0	0	0	0	1	0	99	0	0	0	237	-4	0	-10	5	
2026-05-10 12:40:00	58.67151	18.01866	12	0	15	0	0	0	0	0.005	13.4	10	1013	18	2	51	0.6	98	2100	244	2000	180	0	0	1	0	0	0	0	0	1	0	94	2	0	0	244	-4	0	-10	5	
2026-05-10 12:50:00	58.6713	18.02586	12	0	16	0	0	0	0	0.005	13.4	10	1012	18	1	34	0.7	93	2500	248	2000	180	0	0	2	0	0	0	0	0	0	0	99	1	0	0	248	-4	0	-10	5	
2026-05-10 13:00:00	58.67112	18.03132	12	0	17	0	0	0	0	0.005	13.4	10	1012	18	1	30	0.5	94	2800	251	2000	180	0	0	2	0	0	0	0	0	0	0	95	5	0	0	251	-4	0	-10	5	
2026-05-10 13:10:00	58.6707	18.03708	13	0	18	0	0	0	0	0.005	13.4	10	1012	18	1	33	0.6	98	3100	254	2000	180	0	0	2	0	0	0	0	0	0	0	100	0	0	0	254	-4	0	-10	5	
2026-05-10 13:20:00	58.67019	18.04314	12	0	19	0	0	0	0	0.005	13.4	10	1012	18	1	30	0.6	99	3400	257	2000	180	0	0	2	0	0	0	0	0	0	0	100	0	0	0	257	-4	0	-10	5	
2026-05-10 13:30:00	58.67013	18.04959	12	0	20	0	0	0	0	0.005	13.4	10	1012	18	1	29	0.6	91	3800	258	2000	180	0	0	2	0	0	0	0	0	0	0	100	0	0	0	258	-4	0	-10	5	
2026-05-10 13:40:00	58.67034	18.05652	12	0	21	0	0	0	0	0.005	13.4	10	1011	18	1	30	0.7	87	4200	259	2000	180	0	0	2	0	0	0	0	0	0	0	100	1	0	0	259	-4	0	-10	5	
2026-05-10 13:50:00	58.67025	18.06237	12	0	22	0	0	0	0	0.005	13.4	10	1011	18	1	47	0.6	91	4500	260	2000	180	0	0	2	0	0	0	0	0	0	0	96	1	0	0	260	-4	0	-10	5	
2026-05-10 14:00:00	58.67082	18.0696	40	0	23	0	0	0	0	0.005	13.4	10	1011	18	1	25	0.7	81	4900	260	2000	180	0	0	2	0	0	0	0	0	0	0	97	4	0	0	260	-4	0	-10	5	
2026-05-10 14:10:00	58.66923	18.06621	11	0	24	0	0	1	0	0.005	13.3	10	1011	18	1	59	0.5	228	4700	262	2000	160	0	0	2	1	0	0	0	0	0	0	7	0	87	0	262	4	2	10	5	
2026-05-10 14:20:00	58.66764	18.06129	12	0	25	0	0	0	0	0.005	13.5	10	1011	18	1	28	0.6	238	4400	263	2000	160	0	0	2	1	1	0	0	0	0	0	0	3	98	0	263	4	0	10	5	
2026-05-10 14:30:00	58.66653	18.05694	11	0	26	0	0	0	0	0.005	13.6	10	1011	18	1	27	0.5	244	4100	265	2000	160	0	0	2	1	1	1	0	0	0	0	0	1	100	0	265	4	0	10	5	
2026-05-10 14:40:00	58.66527	18.05229	11	0	27	0	0	0	0	0.005	13.9	10	1011	18	1	28	0.5	243	3800	266	2000	160	0	0	2	1	1	1	1	0	0	0	0	0	100	0	266	4	0	10	5	
2026-05-10 14:50:00	58.66407	18.04749	12	0	28	0	0	0	0	0.005	13.8	10	1010	18	1	28	0.5	244	3600	268	2000	160	0	0	2	1	1	1	1	0	0	0	0	1	100	0	268	4	0	10	5	
2026-05-10 15:00:00	58.66299	18.04272	12	0	29	0	0	0	0	0.005	13.8	10	1010	18	1	28	0.5	247	3300	270	2000	160	0	0	1	1	1	1	1	0	0	0	0	3	98	0	270	4	0	10	5	
2026-05-10 15:10:00	58.66185	18.0381	12	0	0	0	0	0	0	0.005	13.8	10	1010	18	1	32	0.5	244	3000	273	2000	160	0	0	2	1	1	1	1	0	0	0	0	1	99	0	273	4	0	10	5	
2026-05-10 15:20:00	58.66056	18.03309	12	0	1	0	0	0	0	0.005	13.8	9	1010	18	1	32	0.5	244	2700	276	2000	160	0	0	2	1	1	1	1	0	0	0	0	3	97	0	276	4	0	10	5	
2026-05-10 15:30:00	58.65933	18.02784	11	0	2	0	0	0	0	0.005	13.7	9	1010	18	1	26	0.6	246	2500	280	2000	160	0	0	2	1	1	1	1	0	0	0	0	1	100	0	280	4	0	10	5	
2026-05-10 15:40:00	58.65798	18.02229	12	0	3	0	0	0	0	0.005	13.7	9	1010	18	1	27	0.6	245	2200	285	2000	160	0	0	2	1	1	1	1	0	1	0	0	0	100	0	285	4	0	10	5	
2026-05-10 15:50:00	58.65663	18.01623	12	0	4	0	0	0	0	0.005	13.7	9	1009	18	2	56	0.6	247	1900	292	2000	160	0	0	2	1	1	1	1	0	1	0	0	0	95	0	292	4	0	10	5	
2026-05-10 16:00:00	58.65558	18.00951	12	0	5	0	0	0	0	0.005	13.7	9	1009	18	2	49	0.7	253	1600	301	2000	160	0	0	2	1	1	1	1	0	1	0	0	0	97	0	301	4	0	10	5	
2026-05-10 16:10:00	58.65495	18.00372	12	0	6	0	0	0	0	0.005	13.7	9	1009	18	1	28	0.6	258	1400	311	2000	160	0	0	2	1	1	1	1	0	1	0	0	1	100	0	311	4	0	10	5	
2026-05-10 16:20:00	58.65414	17.99787	12	0	7	0	0	0	0	0.005	13.6	9	1009	18	3	64	0.6	255	1200	325	2000	160	0	0	2	1	1	1	1	0	1	0	0	1	93	0	325	4	0	10	5	
2026-05-10 16:30:00	58.65351	17.99121	12	0	8	0	0	0	0	0.005	13.6	9	1009	18	1	32	0.7	260	1100	344	2000	160	0	0	3	1	1	1	1	0	1	0	0	4	96	0	344	4	0	10	5	
2026-05-10 16:40:00	58.65294	17.98413	12	0	9	0	0	0	0	0.005	13.6	9	1009	18	1	33	0.7	261	1100	5	2000	160	0	0	3	1	1	1	1	0	1	0	0	0	100	0	5	4	0	10	5	
2026-05-10 16:50:00	58.65267	17.97747	12	0	10	0	0	0	0	0.005	13.6	9	1008	18	2	49	0.6	265	1200	23	2000	160	0	0	3	1	1	1	1	0	1	0	0	0	97	0	23	4	0	10	5	
2026-05-10 17:00:00	58.65297	17.97036	12	0	11	0	0	0	0	0.005	13.6	9	1008	18	1	26	0.7	275	-1400	39	2000	160	0	0	3	1	1	1	1	0	1	0	0	1	100	0	39	4	0	10	5	
2026-05-10 17:10:00	58.65345	17.964	15	0	12	0	0	0	0	0.005	13.6	9	1008	18	1	26	0.6	278	-1700	50	2000	160	0	0	3	1	1	1	1	0	1	0	0	1	100	0	50	4	0	10	5	
2026-05-10 17:20:00	58.65402	17.95752	41	0	13	0	0	0	0	0.005	13.6	9	1008	18	1	30	0.6	279	-1900	59	2000	160	0	0	3	1	1	1	1	0	1	0	0	1	99	0	59	4	0	10	5	
2026-05-10 17:30:00	58.65456	17.95197	12	0	14	0	0	0	0	0.005	13.6	9	1008	18	1	59	0.6	281	-1100	64	2000	160	0	0	3	1	1	1	1	0	1	0	0	1	94	0	67	4	0	10	5	
2026-05-10 17:40:00	58.65576	17.94639	16	0	15	0	0	0	0	0.005	13.6	9	1008	18	1	30	0.6	293	-1400	70	2000	160	0	0	3	1	1	1	1	0	1	0	0	1	100	0	80	4	0	10	5	
2026-05-10 17:50:00	58.65678	17.94042	41	0	16	0	0	0	0	0.005	13.6	9	1008	18	1	35	0.6	288	-1800	75	2000	160	0	0	0	1	1	1	1	0	1	0	0	1	98	0	96	4	0	10	5	
2026-05-10 18:00:00	58.65756	17.9358	12	0	17	0	0	0	0	0.005	13.6	9	1008	18	1	54	0.5	288	-2000	78	2000	160	0	0	0	1	1	1	1	0	1	0	0	1	95	0	125	4	0	10	5	
2026-05-10 18:10:00	58.65801	17.92992	12	0	18	0	0	0	0	0.005	13.6	9	1008	18	1	30	0.6	278	-2300	80	2000	160	0	0	0	1	1	1	1	0	0	0	0	0	100	0	123	4	0	10	5	
2026-05-10 18:20:00	58.65861	17.92503	12	0	19	0	0	0	0	0.005	13.5	9	1008	18	1	30	0.5	283	-2600	82	2000	160	0	0	0	1	1	1	1	0	0	0	0	8	92	0	121	4	0	10	5	
2026-05-10 18:30:00	58.65915	17.91924	12	0	20	0	0	0	0	0.005	13.5	9	1008	18	1	29	0.6	280	-2900	84	2000	160	0	0	0	1	1	1	1	0	0	0	0	0	100	0	119	4	0	10	5	
2026-05-10 18:40:00	58.65942	17.91456	12	0	21	0	0	0	0	0.005	13.5	9	1008	18	1	29	0.5	276	-3200	84	2000	160	0	0	0	1	1	1	1	0	0	0	0	2	99	0	117	4	0	10	5	
2026-05-10 18:50:00	58.65933	17.90919	12	0	22	0	0	0	0	0.005	13.5	9	1008	18	1	28	0.5	268	-3500	85	2000	160	0	0	0	1	1	1	1	0	0	0	0	2	99	0	114	4	0	10	5	
2026-05-10 19:00:00	58.65963	17.90508	12	0	23	0	0	0	0	0.005	13.5	9	1008	18	1	28	0.4	278	-3700	85	2000	160	0	0	0	1	1	1	1	0	0	0	15	2	84	0	113	4	0	10	5	
2026-05-10 19:10:00	58.65756	17.90919	12	0	24	0	0	3	0	0.005	13.5	9	1008	18	2	50	0.6	134	200	114	2000	210	1	0	3	0	1	1	1	0	1	0	89	0	6	0	110	-4	2	-10	5	
2026-05-10 19:20:00	58.65777	17.92047	12	0	25	0	0	0	0	0.005	13.5	9	1008	18	3	68	1.1	88	-100	116	2000	210	1	0	3	3	0	1	1	0	1	0	92	0	0	0	119	0	1	-10	5	
2026-05-10 19:30:00	58.66026	17.93181	12	0	26	0	0	0	0	0.005	13.5	9	1008	18	2	46	1.2	67	-700	119	2000	210	1	0	3	3	3	0	1	0	1	0	97	0	0	0	134	0	0	-10	5	
2026-05-10 19:40:00	58.66245	17.94369	14	0	27	0	0	0	0	0.005	13.5	9	1008	18	1	31	1.2	70	-1200	123	2000	210	1	0	0	3	3	3	0	0	1	0	100	0	0	0	151	0	0	-10	5	
2026-05-10 19:50:00	58.66002	17.9499	15	0	28	0	0	0	0	0.005	13.5	9	1008	18	1	33	0.7	127	-1100	122	2000	210	1	0	0	0	3	3	3	0	1	0	100	0	0	0	148	-4	1	-10	5	
2026-05-10 20:00:00	58.65729	17.9565	40	0	29	0	0	1	0	0.005	13.5	9	1008	18	1	37	0.8	129	-1000	122	2000	210	0	0	0	0	0	3	3	0	1	0	99	0	0	0	144	-4	0	-10	5	
2026-05-10 20:10:00	58.65462	17.96226	12	0	0	0	0	0	0	0.005	13.5	9	1008	18	3	100	0.8	131	-800	121	2000	210	0	0	0	0	0	0	3	0	1	0	87	0	0	0	140	-4	0	-10	5	
2026-05-10 20:20:00	58.65222	17.96832	12	0	1	0	0	0	0	0.005	13.4	9	1008	18	1	30	0.7	128	-700	121	2000	210	0	0	0	0	0	0	0	0	1	0	100	0	0	0	137	-4	0	-10	5	
2026-05-10 20:30:00	58.64943	17.97372	12	0	2	0	0	0	0	0.005	13.4	9	1008	18	1	27	0.7	135	-600	120	2000	210	0	0	0	0	0	0	0	0	1	0	100	0	0	0	132	-4	0	-10	5	
2026-05-10 20:40:00	58.64667	17.97876	13	0	3	0	0	0	0	0.005	13.4	9	1008	18	1	33	0.7	137	-400	119	2000	210	0	0	0	0	0	0	0	0	1	0	100	0	0	0	128	-4	0	-10	5	
2026-05-10 20:50:00	58.6443	17.98398	12	0	4	0	0	0	0	0.005	13.4	9	1007	18	2	50	0.7	131	-300	118	2000	210	0	0	0	0	0	0	0	0	1	0	97	0	0	0	125	-4	0	-10	5	
2026-05-10 21:00:00	58.64223	17.98893	18	0	5	0	0	0	0	0.005	13.4	9	1008	18	2	47	0.6	129	-200	118	2000	210	0	0	0	0	0	0	0	0	1	0	97	0	0	0	122	-4	0	-10	5	
2026-05-10 21:10:00	58.6401	17.99424	12	0	6	0	0	0	0	0.005	13.4	9	1007	18	1	38	0.6	127	-200	117	2000	210	0	0	0	0	0	0	0	0	1	0	99	0	0	0	120	-4	0	-10	5	
2026-05-10 21:20:00	58.63824	17.9988	13	0	7	0	0	0	0	0.005	13.4	9	1007	18	1	31	0.6	128	-100	116	2000	210	0	0	0	0	0	0	0	0	1	0	100	0	0	0	118	-4	0	-10	5	
2026-05-10 21:30:00	58.63563	18.00309	13	0	8	0	0	2	0	0.005	13.4	9	1007	18	1	33	0.6	140	100	122	2000	210	0	0	0	0	0	0	0	0	1	0	100	0	0	0	120	-4	0	-10	5	
2026-05-10 21:40:00	58.63296	18.00774	18	0	9	0	0	0	0	0.005	13.4	9	1007	18	1	31	0.7	138	200	120	2000	210	0	0	0	0	0	0	0	0	1	0	100	0	0	0	117	-4	0	-10	5	
2026-05-10 21:50:00	58.63026	18.01197	41	0	10	0	0	0	0	0.005	13.4	9	1007	18	1	38	0.6	141	400	118	2000	210	0	0	3	0	0	0	0	0	1	0	99	0	0	0	114	-4	0	-10	5	
2026-05-10 22:00:00	58.63134	18.02034	14	0	11	0	0	1	0	0.005	13.4	9	1007	18	1	59	0.9	76	0	124	2000	210	1	0	0	3	0	0	0	0	1	0	94	0	0	0	125	0	1	-10	5	
2026-05-10 22:10:00	58.62954	18.02475	12	0	12	0	0	0	0	0.005	13.4	9	1007	18	1	31	0.5	128	0	124	2000	210	1	0	0	0	3	0	0	0	1	0	87	4	8	0	124	-4	2	-10	5	
2026-05-10 22:20:00	58.62708	18.02826	12	0	13	0	0	0	0	0.005	13.4	8	1007	18	1	28	0.6	143	100	121	2000	210	1	0	0	0	0	3	0	0	1	0	100	0	0	0	121	-4	1	-10	5	
2026-05-10 22:30:00	58.62474	18.03075	12	0	14	0	0	0	0	0.005	13.4	8	1007	18	1	30	0.5	151	300	118	2000	210	1	0	3	0	0	0	3	0	1	0	100	0	0	0	117	-4	0	-10	5	
2026-05-10 22:40:00	58.62456	18.03483	11	0	15	0	0	0	0	0.005	13.4	8	1007	18	1	29	0.4	95	100	120	2000	210	1	0	3	3	0	0	0	0	1	0	94	0	5	0	120	0	3	-10	5	
2026-05-10 22:50:00	58.62465	18.0387	12	0	16	0	0	0	0	0.005	13.4	8	1007	18	1	31	0.4	87	1900	124	2000	210	1	0	0	3	3	0	0	0	1	0	100	0	0	0	124	0	0	-10	5	
2026-05-10 23:00:00	58.62384	18.04017	12	0	17	0	0	0	0	0.005	13.4	8	1007	18	1	29	0.2	137	1800	123	2000	210	1	0	0	0	3	3	0	0	1	0	100	0	0	0	123	-4	1	-10	5	
2026-05-10 23:10:00	58.62315	18.04095	12	0	18	0	0	0	0	0.005	13.4	8	1007	18	1	32	0.1	150	1700	122	2000	210	1	0	3	0	0	3	3	0	1	0	80	20	0	0	122	-4	0	-10	5	
2026-05-10 23:20:00	58.62276	18.04347	12	0	19	0	0	0	0	0.005	13.4	8	1007	18	1	33	0.3	106	1600	123	2000	210	1	0	3	3	0	0	3	0	1	0	100	0	0	0	123	0	1	-10	5	
2026-05-10 23:30:00	58.6239	18.04629	12	0	20	0	0	0	0	0.005	13.4	8	1007	18	1	30	0.3	53	-1500	131	2000	210	1	0	0	3	3	0	0	0	1	0	100	0	0	0	131	0	0	-10	5	
2026-05-10 23:40:00	58.62306	18.04836	12	0	21	0	0	0	0	0.005	13.3	8	1007	18	2	46	0.3	127	-1400	131	2000	210	1	0	0	0	3	3	0	0	1	0	94	0	0	0	131	-4	1	-10	5	
2026-05-10 23:50:00	58.6221	18.04938	13	0	22	0	0	0	0	0.005	13.4	8	1006	18	2	51	0.2	151	-1300	129	2000	210	1	0	0	0	0	3	3	0	1	0	89	7	0	0	129	-4	0	-10	5	
2026-05-11 00:00:00	58.62072	18.05091	40	0	23	0	0	0	0	0.005	13.3	8	1006	18	1	32	0.3	150	-1100	126	2000	210	1	0	0	0	0	0	3	0	1	0	95	5	0	0	126	-4	0	-10	5	
2026-05-11 00:10:00	58.61946	18.05181	12	0	24	0	0	0	0	0.005	13.3	8	1006	18	2	81	0.3	160	1000	121	2000	210	1	0	3	0	0	0	0	1	1	0	90	0	0	0	121	-4	0	-10	5	
2026-05-11 00:20:00	58.6194	18.05406	12	0	25	0	0	0	0	0.005	13.3	8	1006	18	1	30	0.2	93	-900	125	2000	210	1	0	0	3	0	0	0	1	1	0	100	0	0	0	125	0	1	-10	5	
2026-05-11 00:30:00	58.61808	18.05532	12	0	26	0	0	0	0	0.005	13.3	8	1006	18	1	25	0.3	154	700	118	2000	210	1	0	3	0	3	0	0	1	1	0	100	0	0	0	118	-4	1	-10	5	
2026-05-11 00:40:00	58.61844	18.05775	12	0	27	0	0	0	0	0.005	13.3	8	1006	18	1	40	0.2	73	-600	128	2000	210	1	0	0	3	0	3	0	1	1	0	98	0	0	0	128	0	1	-10	5	
2026-05-11 00:50:00	58.61787	18.05877	12	0	28	0	0	0	0	0.005	13.3	7	1006	18	1	26	0.1	138	-500	126	2000	210	1	0	0	0	3	0	3	1	1	0	88	13	0	0	126	-4	1	-10	5	
2026-05-11 01:00:00	58.61685	18.05895	12	0	29	0	0	0	0	0.005	13.3	7	1006	18	1	28	0.2	175	500	116	2000	210	1	0	3	0	0	3	0	1	1	0	99	2	0	0	116	-4	0	-10	5	
2026-05-11 01:10:00	58.61817	18.06138	12	0	0	0	0	0	0	0.005	13.3	7	1006	18	1	28	0.3	44	-500	141	2000	210	1	0	0	3	0	0	3	1	1	0	93	1	5	0	141	0	3	-10	5	
2026-05-11 01:20:00	58.61718	18.06324	13	0	1	0	0	0	0	0.005	13.3	7	1006	18	1	36	0.3	135	-300	144	2000	210	1	0	0	0	3	0	0	1	1	0	99	0	0	0	144	-4	1	-10	5	
2026-05-11 01:30:00	58.61592	18.06402	12	0	2	0	0	0	0	0.005	13.3	7	1006	18	1	34	0.2	162	-200	128	2000	210	1	0	0	0	0	3	0	1	1	0	100	0	0	0	128	-4	0	-10	5	
2026-05-11 01:40:00	58.61499	18.06576	12	0	3	0	0	0	0	0.005	13.3	7	1006	18	1	30	0.2	136	0	87	2000	210	1	0	1	0	0	0	3	1	1	0	98	3	0	0	87	-4	0	-10	5	
2026-05-11 01:50:00	58.61541	18.06108	14	0	4	0	0	0	0	0.005	13.3	7	1006	18	1	30	0.5	280	300	99	2000	200	1	0	0	1	0	0	0	1	1	0	9	0	90	0	99	4	2	10	5	
2026-05-11 02:00:00	58.61514	18.06243	41	0	5	0	0	2	0	0.005	13.3	7	1006	18	1	32	0.1	110	0	263	2000	190	1	0	2	0	1	0	0	0	1	0	88	3	8	0	262	-4	2	-10	5	
2026-05-11 02:10:00	58.61715	18.06204	11	0	6	0	0	0	0	0.005	13.3	7	1006	18	1	58	0.4	354	300	260	2000	190	1	0	1	2	0	1	0	0	1	0	19	2	71	0	256	0	4	10	5	
2026-05-11 02:20:00	58.6182	18.05847	12	0	7	0	0	0	0	0.005	13.3	7	1006	18	1	28	0.4	300	400	257	2000	190	1	0	1	1	2	0	1	0	1	0	0	2	98	0	252	4	1	10	5	
2026-05-11 02:30:00	58.61865	18.054	12	0	8	0	0	0	0	0.005	13.3	7	1006	18	1	26	0.4	281	500	256	2000	190	1	0	1	1	1	2	0	0	1	0	0	5	96	0	249	4	0	10	5	
2026-05-11 02:40:00	58.61967	18.04995	13	0	9	0	0	0	0	0.005	13.3	7	1006	18	1	29	0.4	295	600	253	2000	190	1	0	1	1	1	1	2	0	1	0	0	11	90	0	245	4	0	10	5	
2026-05-11 02:50:00	58.62045	18.04587	12	0	10	0	0	0	0	0.005	13.3	7	1006	18	1	28	0.4	290	700	250	2000	190	1	0	1	1	1	1	1	0	1	0	0	3	98	0	242	4	0	10	5	
2026-05-11 03:00:00	58.62111	18.0423	12	0	11	0	0	0	0	0.005	13.3	7	1006	18	1	33	0.4	289	800	248	2000	190	1	0	1	1	1	1	1	0	1	0	0	14	86	0	239	4	0	10	5	
2026-05-11 03:10:00	58.62189	18.0384	15	0	12	0	0	0	0	0.005	13.3	7	1006	18	3	93	0.4	291	900	245	2000	190	1	0	1	1	1	1	1	0	1	0	0	3	85	0	235	4	0	10	5	
2026-05-11 03:20:00	58.62279	18.03414	13	0	13	0	0	0	0	0.005	13.4	7	1006	18	1	33	0.4	293	1100	241	2000	190	1	0	1	1	1	1	1	0	1	0	0	8	92	0	231	4	0	10	5	
2026-05-11 03:30:00	58.62378	18.02976	13	0	14	0	0	0	0	0.005	13.4	8	1006	18	1	31	0.5	293	1200	236	2000	190	1	0	1	1	1	1	1	0	1	0	0	2	98	0	226	4	0	10	5	
2026-05-11 03:40:00	58.62429	18.02592	14	0	15	0	0	0	0	0.005	13.4	8	1005	18	1	39	0.4	284	1300	232	2000	190	1	0	1	1	1	1	1	0	1	0	0	4	95	0	223	4	0	10	5	
2026-05-11 03:50:00	58.62564	18.02175	41	0	16	0	0	0	0	0.005	13.6	8	1005	18	1	34	0.5	302	1500	225	2000	190	1	0	0	1	1	1	1	0	1	0	0	4	96	0	216	4	0	10	5	
2026-05-11 04:00:00	58.62441	18.02175	11	0	17	0	0	0	0	0.005	13.9	8	1005	18	3	99	0.2	180	1300	228	2000	230	1	0	0	0	1	1	1	0	1	0	75	0	11	0	222	-4	2	-10	5	
2026-05-11 04:20:00	58.61949	18.01896	12	0	19	0	0	0	0	0.005	13.8	8	1005	18	3	96	0.5	197	1800	237	2000	230	1	0	0	0	0	0	1	0	1	0	87	0	0	0	237	-4	0	-10	5	
2026-05-11 04:30:00	58.61655	18.01737	12	0	20	0	0	0	0	0.005	13.8	8	1005	18	1	34	0.6	196	1600	245	2000	230	1	0	0	0	0	0	0	0	1	0	100	0	0	0	245	-4	0	-10	5	
2026-05-11 04:40:00	58.61328	18.0162	12	0	21	0	0	0	0	0.005	13.7	8	1005	18	1	32	0.6	191	1400	257	2000	230	1	0	0	0	0	0	0	0	1	0	100	0	0	0	257	-4	0	-10	5	
2026-05-11 04:50:00	58.60959	18.01512	12	0	22	0	0	0	0	0.005	13.7	8	1005	18	1	31	0.7	189	-1300	274	2000	230	1	0	1	0	0	0	0	0	1	0	100	0	0	0	274	-4	0	-10	5	
2026-05-11 05:00:00	58.61088	18.01479	12	0	23	0	0	0	0	0.005	13.7	8	1005	18	1	38	0.2	352	-1300	268	2000	275	1	0	0	1	0	0	0	0	1	0	8	4	86	0	268	4	2	10	5	
2026-05-11 05:10:00	58.60797	18.0144	12	0	24	0	0	0	0	0.005	13.7	8	1005	18	1	32	0.5	184	-1300	282	2000	270	1	0	1	0	1	0	0	0	1	0	90	0	9	0	282	-4	2	-10	5	
2026-05-11 05:20:00	58.60905	18.01602	12	0	25	0	0	0	0	0.005	13.6	8	1005	18	2	56	0.3	38	-1400	277	2000	285	1	0	0	1	0	1	0	0	1	0	8	6	76	0	277	4	2	10	5	
2026-05-11 05:30:00	58.60671	18.01524	13	0	26	0	0	0	0	0.005	13.6	8	1005	18	1	38	0.4	190	-1400	288	2000	290	1	0	0	0	1	0	1	0	1	0	90	0	8	0	288	-4	2	-10	5	
2026-05-11 05:40:00	58.60386	18.01422	14	0	27	0	0	0	0	0.005	13.6	8	1005	18	1	31	0.5	191	-1500	300	2000	290	1	0	1	0	0	1	0	0	1	0	100	0	0	0	300	-4	0	-10	5	
2026-05-11 05:50:00	58.60524	18.01485	14	0	28	0	0	0	0	0.005	13.6	8	1005	18	1	28	0.3	13	-1400	294	2000	280	1	0	1	1	0	0	1	0	1	0	9	2	89	0	294	4	2	10	5	
2026-05-11 06:00:00	58.60656	18.01443	40	0	29	0	0	0	0	0.005	13.6	9	1005	18	1	33	0.2	351	-1400	289	2000	280	1	0	1	1	1	0	0	0	1	0	0	2	98	0	289	4	0	10	5	
2026-05-11 06:10:00	58.6071	18.01512	12	0	0	0	0	0	0	0.005	13.6	9	1005	18	1	60	0.1	33	-1400	286	2000	280	1	0	1	1	1	1	0	0	1	0	12	8	74	0	286	4	0	10	5	
2026-05-11 06:20:00	58.60821	18.01425	12	0	1	0	0	0	0	0.005	13.5	9	1005	18	1	29	0.2	337	-1300	281	2000	280	1	0	1	1	1	1	1	0	1	0	0	1	100	0	281	4	0	10	5	
2026-05-11 06:30:00	58.6092	18.01335	12	0	2	0	0	0	0	0.005	13.5	9	1005	18	1	25	0.2	335	-1200	277	2000	280	1	0	1	1	1	1	1	0	1	0	0	7	94	0	277	4	0	10	5	
2026-05-11 06:40:00	58.61019	18.01302	13	0	3	0	0	0	0	0.005	13.5	9	1005	18	1	31	0.2	350	-1200	272	2000	280	1	0	0	1	1	1	1	0	1	0	0	8	92	0	272	4	0	10	5	
2026-05-11 06:50:00	58.60782	18.01263	12	0	4	0	0	0	0	0.005	13.5	9	1005	18	1	33	0.4	185	-1200	284	2000	270	1	0	1	0	1	1	1	0	1	0	89	0	10	0	284	-4	2	-10	5	
2026-05-11 07:00:00	58.60815	18.01305	12	0	5	0	0	0	0	0.005	13.5	9	1005	18	1	26	0.1	34	-1200	282	2000	280	1	0	1	1	0	1	1	0	1	0	9	2	89	0	282	4	2	10	5	
2026-05-11 07:10:00	58.60839	18.01254	12	0	6	0	0	0	0	0.005	13.5	9	1005	18	1	35	0.1	311	-1200	281	2000	280	1	0	1	1	1	0	1	0	1	0	0	6	94	0	281	4	0	10	5	
2026-05-11 07:20:00	58.60857	18.01209	12	0	7	0	0	0	0	0.005	13.5	9	1005	18	1	30	0.1	305	-1200	281	2000	280	1	0	1	1	1	1	0	0	1	0	0	11	90	0	281	4	0	10	5	
2026-05-11 07:30:00	58.6086	18.01128	13	0	8	0	0	0	0	0.005	13.5	9	1005	18	1	29	0.1	276	-1100	281	2000	280	1	0	1	1	1	1	1	0	1	0	0	3	98	0	281	4	0	10	5	
2026-05-11 07:40:00	58.60875	18.01077	15	0	9	0	0	0	0	0.005	13.5	10	1005	18	2	54	0.1	299	-1100	280	2000	280	1	0	1	1	1	1	1	0	1	0	0	7	89	0	280	4	0	10	5	
2026-05-11 07:50:00	58.60878	18.00978	41	0	10	0	0	0	0	0.005	13.5	10	1005	18	1	29	0.1	273	-1000	281	2000	280	1	0	1	1	1	1	1	0	1	0	0	7	94	0	281	4	0	10	5	
2026-05-11 08:00:00	58.60869	18.00867	13	0	11	0	0	0	0	0.005	13.5	10	1005	18	2	99	0.1	260	-1000	282	2000	280	1	0	1	1	1	1	1	1	1	0	0	2	85	0	282	4	0	10	5	
2026-05-11 08:10:00	58.60848	18.00783	12	0	12	0	0	0	0	0.005	13.4	10	1005	18	2	94	0.1	247	-900	284	2000	280	1	0	2	1	1	1	1	1	1	0	0	6	82	0	284	4	0	10	5	
2026-05-11 08:20:00	58.6089	18.00879	12	0	13	0	0	0	0	0.005	13.4	11	1005	18	1	30	0.1	50	-1000	281	2000	280	1	0	1	2	1	1	1	1	1	0	0	3	97	0	281	0	1	10	5	
2026-05-11 08:30:00	58.60902	18.00846	12	0	14	0	0	0	0	0.005	13.4	11	1005	17	2	48	0	304	-1000	280	2000	280	1	0	1	1	2	1	1	1	1	0	0	0	96	0	280	4	1	10	5	
2026-05-11 08:40:00	58.60899	18.00693	12	0	15	0	0	0	0	0.005	13.4	11	1005	17	1	31	0.1	268	-900	281	2000	280	1	0	1	1	1	2	1	1	1	0	0	1	99	0	281	4	0	10	5	
2026-05-11 08:50:00	58.60923	18.00549	12	0	16	0	0	0	0	0.005	13.4	11	1005	17	1	31	0.1	288	-800	281	2000	280	1	0	1	1	1	1	2	1	1	0	0	1	99	0	281	4	0	10	5	
2026-05-11 09:00:00	58.6092	18.00423	12	0	17	0	0	0	0	0.005	13.4	11	1005	17	1	31	0.1	267	-700	282	2000	280	1	0	1	1	1	1	1	1	1	0	0	0	100	0	282	4	0	10	5	
2026-05-11 09:10:00	58.60902	18.00348	12	0	18	0	0	0	0	0.005	13.4	11	1005	17	1	31	0.1	248	-700	284	2000	280	1	0	1	1	1	1	1	1	1	0	0	3	97	0	284	4	0	10	5	
2026-05-11 09:20:00	58.60893	18.00273	12	0	19	0	0	0	0	0.005	13.4	11	1005	17	1	30	0.1	254	-600	286	2000	280	1	0	2	1	1	1	1	1	1	0	0	0	100	0	286	4	0	10	5	
2026-05-11 09:30:00	58.60938	18.00561	41	0	20	0	0	0	0	0.005	13.4	12	1005	17	1	30	0.3	73	-800	279	2000	280	1	0	1	2	1	1	1	1	1	0	1	0	99	0	279	0	1	10	5	
2026-05-11 09:40:00	58.6092	18.00465	12	0	21	0	0	0	0	0.005	13.4	12	1005	17	1	57	0.1	250	-700	282	2000	280	1	0	1	1	2	1	1	1	1	0	6	1	87	0	282	4	2	10	5	
2026-05-11 09:50:00	58.60863	18.00264	12	0	22	0	0	0	0	0.005	13.4	12	1005	17	1	28	0.2	241	-600	289	2000	280	1	0	1	1	1	2	1	1	1	0	0	0	100	0	289	4	0	10	5	
2026-05-11 10:00:00	58.6077	18.00036	12	0	23	0	0	0	0	0.005	13.4	13	1005	17	1	27	0.3	232	-600	304	2000	280	1	0	1	1	1	1	2	1	1	0	0	0	100	0	304	4	0	10	5	
2026-05-11 10:10:00	58.6068	17.9985	12	0	24	0	0	0	0	0.005	13.4	13	1005	17	1	29	0.2	227	-600	319	2000	280	1	0	0	1	1	1	1	1	1	0	0	0	100	0	319	4	0	10	5	
2026-05-11 10:20:00	58.60542	18.00129	12	0	25	0	0	0	0	0.005	13.4	13	1005	17	2	54	0.4	133	-800	317	2000	190	1	0	3	0	1	1	1	1	1	0	81	1	13	0	317	-4	2	-10	5	
2026-05-11 10:30:00	58.60659	18.00492	12	0	26	0	0	0	0	0.005	13.4	13	1006	17	1	37	0.4	58	-900	301	2000	190	1	0	2	3	0	1	1	1	1	0	99	0	0	0	301	0	1	-10	5	
2026-05-11 10:40:00	58.60857	18.00537	12	0	27	0	0	0	0	0.005	13.4	13	1005	17	1	33	0.4	7	-800	286	2000	205	1	0	1	2	3	0	1	1	1	0	2	0	97	0	286	0	2	10	5	
2026-05-11 10:50:00	58.60809	18.00198	12	0	28	0	0	0	0	0.005	13.4	13	1005	17	1	32	0.3	255	-600	296	2000	205	1	0	2	1	2	3	0	1	1	0	0	0	100	0	296	4	1	10	5	
2026-05-11 11:00:00	58.60977	18.00249	12	0	29	0	0	0	0	0.005	13.4	13	1005	17	1	26	0.3	9	-600	278	2000	205	1	0	1	2	1	2	3	1	1	0	0	0	100	0	278	0	1	10	5	
2026-05-11 11:10:00	58.60962	17.99913	12	0	0	0	0	0	0	0.005	13.4	13	1005	17	1	26	0.3	265	-400	284	2000	205	1	0	1	1	2	1	2	1	1	0	0	0	100	0	284	4	1	10	5	
2026-05-11 11:20:00	58.60845	17.99592	12	0	1	0	0	0	0	0.005	13.4	13	1005	17	1	28	0.4	235	-300	317	2000	205	1	0	0	1	1	2	1	1	1	0	0	0	100	0	317	4	0	10	5	
2026-05-11 11:30:00	58.60734	17.9991	41	0	2	0	0	0	0	0.005	13.4	13	1005	17	1	26	0.4	124	-500	312	2000	180	1	0	2	0	1	1	2	1	1	0	91	0	9	0	312	-4	2	-10	5	
2026-05-11 11:40:00	58.60872	17.99973	12	0	3	0	0	0	0	0.005	13.3	12	1005	17	1	58	0.3	13	-500	295	2000	180	1	0	2	2	0	1	1	1	1	0	17	0	72	0	295	0	4	10	5	
2026-05-11 11:50:00	58.61034	18.00003	12	0	4	0	0	0	0	0.005	13.3	12	1005	17	2	63	0.3	6	-500	272	2000	180	1	0	1	2	2	0	1	1	1	0	7	0	86	0	272	0	2	10	5	
2026-05-11 12:00:00	58.61019	17.99769	11	0	5	0	0	0	0	0.005	13.3	13	1005	17	1	32	0.2	263	-300	277	2000	180	1	0	1	1	2	2	0	1	1	0	0	0	100	0	277	4	1	10	5	
2026-05-11 12:10:00	58.60914	17.99475	12	0	6	0	0	0	0	0.005	13.6	13	1004	17	1	31	0.3	235	-200	317	2000	180	1	0	1	1	1	2	2	1	1	0	0	2	98	0	317	4	0	10	5	
2026-05-11 12:20:00	58.6083	17.99274	12	0	7	0	0	0	0	0.005	13.6	13	1005	17	1	40	0.2	232	-200	353	2000	180	1	0	1	1	1	1	2	1	1	0	0	0	99	0	353	4	0	10	5	
2026-05-11 12:30:00	58.60749	17.99136	12	0	8	0	0	0	0	0.005	13.6	13	1005	17	1	32	0.2	222	-300	9	2000	180	1	0	3	1	1	1	1	1	1	0	0	2	98	0	9	4	0	10	5	
2026-05-11 12:40:00	58.60881	17.99208	12	0	9	0	0	2	0	0.005	13.6	13	1005	17	1	30	0.3	16	200	120	2000	180	1	0	0	3	1	1	1	0	1	0	84	0	15	0	118	0	2	-10	5	
2026-05-11 12:50:00	58.60884	17.99424	12	0	10	0	0	0	0	0.005	13.6	13	1005	17	1	30	0.2	89	0	121	2000	180	1	0	0	0	3	1	1	0	1	0	74	9	16	0	120	-4	3	-10	5	
2026-05-11 13:00:00	58.608	17.99811	12	0	11	0	0	0	0	0.005	13.6	13	1004	17	1	31	0.4	112	0	121	2000	180	1	0	0	0	0	3	1	0	1	0	100	0	0	0	121	-4	0	-10	5	
2026-05-11 13:10:00	58.60731	18.00156	12	0	12	0	0	0	0	0.005	13.5	13	1005	17	1	33	0.4	111	0	122	2000	180	1	0	0	0	0	0	3	0	1	0	95	5	0	0	122	-4	0	-10	5	
2026-05-11 13:20:00	58.60659	18.00429	12	0	13	0	0	0	0	0.005	13.5	13	1005	17	1	33	0.3	117	0	122	2000	180	1	0	0	0	0	0	0	0	1	0	100	0	0	0	123	-4	0	-10	5	
2026-05-11 13:30:00	58.60611	18.00627	12	0	14	0	0	0	0	0.005	13.5	12	1005	17	1	31	0.2	115	-100	122	2000	180	1	0	0	0	0	0	0	0	1	0	95	5	0	0	123	-4	0	-10	5	
2026-05-11 13:40:00	58.60605	18.00753	12	0	15	0	0	0	0	0.005	13.5	12	1004	17	1	28	0.1	93	-100	123	2000	180	1	0	0	0	0	0	0	0	1	0	68	5	28	0	124	-4	0	-10	5	
2026-05-11 13:50:00	58.60575	18.00987	11	0	16	0	0	0	0	0.005	13.5	12	1004	17	1	33	0.2	104	-100	123	2000	180	1	0	0	0	0	0	0	0	1	0	100	0	0	0	125	-4	0	-10	5	
2026-05-11 14:00:00	58.6056	18.01278	40	0	17	0	0	0	0	0.005	13.5	12	1004	17	1	27	0.3	96	-200	124	2000	180	1	0	0	0	0	0	0	0	1	0	96	5	0	0	128	-4	0	-10	5	
2026-05-11 14:10:00	58.60539	18.01566	11	0	18	0	0	0	0	0.005	13.5	12	1004	17	1	62	0.3	97	-300	126	2000	180	1	0	0	0	0	0	0	0	1	0	93	1	0	0	130	-4	0	-10	5	
2026-05-11 14:20:00	58.60509	18.01836	12	0	19	0	0	0	0	0.005	13.5	12	1004	18	1	30	0.3	103	-300	127	2000	180	1	0	0	0	0	0	0	0	1	0	100	0	0	0	131	-4	0	-10	5	
2026-05-11 14:30:00	58.60506	18.02085	12	0	20	0	0	0	0	0.005	13.5	11	1004	18	1	32	0.2	91	-400	128	2000	180	1	0	0	0	0	0	0	0	1	0	96	4	0	0	133	-4	0	-10	5	
2026-05-11 14:40:00	58.60491	18.02304	12	0	21	0	0	0	0	0.005	13.5	11	1004	18	1	30	0.2	97	-500	129	2000	180	1	0	0	0	0	0	0	0	1	0	100	0	0	0	135	-4	0	-10	5	
2026-05-11 14:50:00	58.60482	18.02457	12	0	22	0	0	0	0	0.005	13.5	11	1004	18	1	28	0.1	96	-500	130	2000	180	1	0	0	0	0	0	0	0	1	0	100	1	0	0	136	-4	0	-10	5	
2026-05-11 15:00:00	58.60488	18.02562	12	0	23	0	0	0	0	0.005	13.5	11	1004	18	1	30	0.1	84	-500	130	2000	180	1	0	0	0	0	0	0	0	1	0	87	14	0	0	137	-4	0	-10	5	
2026-05-11 15:10:00	58.60476	18.02772	12	0	24	0	0	0	0	0.005	13.5	11	1004	18	1	31	0.2	97	-600	132	2000	180	1	0	0	0	0	0	0	0	1	0	91	9	0	0	139	-4	0	-10	5	
2026-05-11 15:20:00	58.60476	18.02946	12	0	25	0	0	0	0	0.005	13.5	11	1004	18	1	30	0.2	90	-600	133	2000	180	1	0	0	0	0	0	0	0	1	0	90	11	0	0	140	-4	0	-10	5	
2026-05-11 15:30:00	58.60497	18.03093	12	0	26	0	0	0	0	0.005	13.4	11	1004	18	1	30	0.1	74	-700	134	2000	180	1	0	0	0	0	0	0	0	1	0	99	1	0	0	142	-4	0	-10	5	
2026-05-11 15:40:00	58.6044	18.02931	12	0	27	0	0	0	0	0.005	13.4	10	1004	18	2	66	0.2	236	-600	132	2000	180	1	0	1	0	0	0	0	0	1	0	53	11	29	0	139	-4	0	-10	5	
2026-05-11 15:50:00	58.60251	18.03051	13	0	28	0	0	0	0	0.005	13.4	10	1004	18	2	55	0.4	162	-500	130	2000	40	1	0	2	1	0	0	0	0	1	0	14	0	80	0	135	4	2	10	5	
2026-05-11 16:00:00	58.60146	18.02829	14	0	29	0	0	0	0	0.005	13.4	10	1004	18	1	39	0.3	228	-300	127	2000	40	1	0	3	2	1	0	0	0	1	0	0	0	98	0	130	0	1	10	5	
2026-05-11 16:10:00	58.60146	18.02634	12	0	0	0	0	0	0	0.005	13.4	10	1003	18	1	33	0.2	270	-200	126	2000	100	1	0	1	3	2	1	0	0	1	0	95	0	4	0	128	0	2	-10	5	
2026-05-11 16:20:00	58.59996	18.03144	12	0	1	0	0	0	0	0.005	13.4	10	1003	18	1	28	0.6	120	-200	126	2000	100	1	0	1	1	3	2	1	0	1	0	4	1	95	0	128	4	2	10	5	
2026-05-11 16:50:00	58.59522	18.04986	12	0	4	0	0	0	0	0.005	13.4	10	1003	18	3	79	0.7	124	-1700	134	2000	100	1	0	1	1	1	1	1	0	1	0	0	0	91	0	134	4	0	10	5	
2026-05-11 17:00:00	58.59231	18.05526	16	0	5	0	0	0	0	0.005	13.4	10	1003	18	1	29	0.7	136	-1200	133	2000	100	1	0	1	1	1	1	1	0	1	0	0	3	98	0	133	4	0	10	5	
2026-05-11 17:10:00	58.58916	18.05985	41	0	6	0	0	0	0	0.005	13.4	10	1003	18	1	40	0.7	143	-800	127	2000	100	1	0	1	1	1	1	1	1	1	0	0	8	91	0	127	4	0	10	5	
2026-05-11 17:20:00	58.58646	18.06294	12	0	7	0	0	0	0	0.005	13.4	10	1003	18	1	62	0.6	149	500	112	2000	100	1	0	1	1	1	1	1	1	1	0	0	3	91	0	112	4	0	10	5	
2026-05-11 17:30:00	58.58409	18.06582	12	0	8	0	0	0	0	0.005	13.5	10	1003	18	1	27	0.5	148	300	73	2000	100	1	0	0	1	1	1	1	1	1	0	0	7	94	0	73	4	0	10	5	
2026-05-11 17:40:00	58.58229	18.06831	13	0	9	0	0	1	0	0.005	13.5	10	1003	18	1	30	0.4	144	300	26	2000	100	0	0	0	1	1	1	1	1	1	0	0	3	98	0	26	4	0	10	5	
2026-05-11 17:50:00	58.57944	18.07026	41	0	10	0	0	2	0	0.005	13.5	10	1003	18	1	29	0.5	161	-600	258	2000	100	0	0	2	1	1	1	1	0	1	0	3	5	93	0	270	4	0	10	5	
2026-05-11 18:00:00	58.57746	18.07155	12	0	11	0	0	0	0	0.005	13.6	10	1003	18	1	58	0.4	161	-800	260	2000	100	0	0	2	1	1	1	1	0	1	0	13	5	77	0	277	4	0	10	5	
2026-05-11 18:10:00	58.57533	18.07434	12	0	12	0	0	0	0	0.005	13.6	10	1002	18	1	29	0.5	146	-1100	262	2000	100	0	0	3	1	1	1	1	0	1	0	0	8	93	0	286	4	0	10	5	
2026-05-11 18:20:00	58.57293	18.0786	11	0	13	0	0	0	0	0.005	13.6	9	1002	18	1	29	0.6	137	-1400	264	2000	100	0	0	3	1	1	1	1	0	1	0	0	0	100	0	298	4	0	10	5	
2026-05-11 18:30:00	58.57113	18.08307	12	0	14	0	0	0	0	0.005	13.6	9	1002	18	1	29	0.5	128	-1700	266	2000	100	0	0	3	1	1	1	1	0	1	0	0	0	100	0	310	4	0	10	5	
2026-05-11 18:40:00	58.56954	18.08712	12	0	15	0	0	0	0	0.005	13.6	9	1002	18	1	28	0.5	127	-1900	267	2000	100	0	0	3	1	1	1	1	0	1	0	0	2	99	0	325	4	0	10	5	
2026-05-11 18:50:00	58.5681	18.09126	12	0	16	0	0	0	0	0.005	13.5	9	1002	18	1	30	0.5	124	-2200	268	2000	100	0	0	3	1	1	1	1	0	0	0	0	1	99	0	327	4	0	10	5	
2026-05-11 19:00:00	58.5672	18.09507	12	0	17	0	0	0	0	0.005	13.5	9	1002	18	1	33	0.4	115	-2400	269	2000	100	0	0	3	1	1	1	1	0	0	0	0	0	100	0	324	4	0	10	5	
2026-05-11 19:10:00	58.56618	18.09939	13	0	18	0	0	0	0	0.005	13.5	9	1002	18	1	27	0.5	114	-2700	270	2000	100	0	0	3	1	1	1	1	0	0	0	0	0	100	0	321	4	0	10	5	
2026-05-11 19:20:00	58.5651	18.10338	12	0	19	0	0	0	0	0.005	13.5	9	1002	18	1	31	0.4	117	-2900	270	2000	100	0	0	3	1	1	1	1	0	0	0	0	1	99	0	319	4	0	10	5	
2026-05-11 19:30:00	58.56417	18.10758	13	0	20	0	0	0	0	0.005	13.5	9	1002	18	1	30	0.4	113	-3100	271	2000	100	0	0	3	1	1	1	1	0	0	0	0	0	100	0	317	4	0	10	5	
2026-05-11 19:50:00	58.56192	18.11523	12	0	22	0	0	0	0	0.005	13.5	9	1002	18	3	86	0.4	123	-3600	272	2000	100	0	0	3	1	1	1	1	0	0	0	0	1	88	0	315	4	0	10	5	
2026-05-11 20:00:00	58.56183	18.10851	40	0	23	0	0	1	0	0.005	13.5	9	1002	18	1	33	0.6	269	-3400	273	2000	100	1	0	3	3	1	1	1	0	0	0	92	0	7	0	319	0	2	-10	5	
2026-05-11 20:10:00	58.56216	18.10068	13	0	24	0	0	2	0	0.005	13.5	9	1002	18	1	65	0.8	275	300	192	2000	100	1	0	2	3	3	1	1	0	1	0	86	0	6	0	187	0	2	-10	5	
2026-05-11 20:20:00	58.55973	18.09372	13	0	25	0	0	0	0	0.005	13.4	9	1002	18	1	26	0.8	236	600	188	2000	75	1	0	2	2	3	3	1	0	1	0	8	0	87	0	177	0	4	10	5	
2026-05-11 20:40:00	58.5561	18.07818	12	0	27	0	0	0	0	0.005	13.4	9	1002	18	3	81	0.8	247	1400	177	2000	75	1	0	2	2	2	2	3	0	1	0	5	0	84	0	152	0	2	10	5	
2026-05-11 20:50:00	58.55187	18.07098	12	0	28	0	0	0	0	0.005	13.4	9	1001	18	1	33	1	222	1700	170	2000	75	1	0	1	2	2	2	2	0	1	0	0	0	100	0	139	0	0	10	5	
2026-05-11 21:00:00	58.54959	18.07536	12	0	29	0	0	0	0	0.005	13.4	9	1001	18	1	29	0.6	135	1400	174	2000	75	1	0	2	1	2	2	2	0	1	0	0	0	100	0	153	4	1	10	5	
2026-05-11 21:10:00	58.5459	18.07302	12	0	0	0	0	0	0	0.005	13.4	9	1001	18	2	58	0.7	198	1400	170	2000	75	1	0	1	2	1	2	2	0	1	0	0	0	94	0	153	0	1	10	5	
2026-05-11 21:20:00	58.5444	18.08031	12	0	1	0	0	0	0	0.005	13.4	9	1001	18	1	32	0.8	112	900	178	2000	75	1	0	2	1	2	1	2	0	1	0	0	0	100	0	169	4	1	10	5	
2026-05-11 21:30:00	58.53963	18.08382	12	0	2	0	0	0	0	0.005	13.4	9	1001	18	1	27	0.9	159	600	182	2000	75	1	0	2	2	1	2	1	0	1	0	0	0	100	0	179	0	1	10	5	
2026-05-11 21:40:00	58.53444	18.08772	12	0	3	0	0	0	0	0.005	13.4	9	1000	18	1	29	1	159	1900	190	2000	75	1	0	2	2	2	1	2	0	1	0	0	0	100	0	190	0	0	10	5	
2026-05-11 21:50:00	58.52997	18.0894	12	0	4	0	0	0	0	0.005	13.4	9	1000	18	1	29	0.8	169	-1400	197	2000	75	1	0	2	2	2	2	1	0	1	0	0	0	100	0	197	0	0	10	5	
2026-05-11 22:00:00	58.52499	18.09261	12	0	5	0	0	0	0	0.005	13.4	9	1000	18	1	27	1	161	-1000	216	2000	75	1	0	2	2	2	2	2	0	1	0	0	0	100	0	216	0	0	10	5	
2026-05-11 22:10:00	58.52007	18.09087	12	0	6	0	0	0	0	0.005	13.4	9	1000	18	1	37	0.9	190	-600	241	2000	75	1	0	2	2	2	2	2	1	1	0	0	0	99	0	241	0	0	10	5	
2026-05-11 22:20:00	58.51449	18.09219	13	0	7	0	0	0	0	0.005	13.4	9	1000	18	1	32	1	173	-700	300	2000	75	1	0	3	2	2	2	2	1	1	0	0	0	100	0	300	0	0	10	5	
2026-05-11 22:30:00	58.51449	18.08217	12	0	8	0	0	0	0	0.005	13.4	8	1000	18	2	48	1	270	-300	360	2000	45	1	0	0	3	2	2	2	1	1	0	92	0	4	0	360	0	2	-10	5	
2026-05-11 22:40:00	58.51767	18.07842	12	0	9	0	0	0	0	0.005	13.4	8	999	18	1	33	0.7	328	200	94	2000	45	1	0	1	0	3	2	2	1	1	0	100	0	0	0	94	-4	1	-10	5	
2026-05-11 23:00:00	58.51698	18.0777	13	0	11	0	0	2	0	0.005	13.4	8	1000	18	3	85	0.7	265	-300	331	2000	35	1	0	0	3	1	0	3	0	1	0	82	0	6	0	336	0	2	-10	5	
2026-05-11 23:10:00	58.51956	18.07437	13	0	12	0	0	0	0	0.005	13.3	8	999	18	2	52	0.6	326	-300	331	2000	35	1	0	0	0	3	1	0	0	1	0	96	0	0	0	337	-4	1	-10	5	
2026-05-11 23:20:00	58.52373	18.0729	71	0	13	0	0	0	0	0.005	13.3	8	999	18	1	31	0.7	349	-100	330	2000	35	1	0	0	0	0	3	1	0	1	0	100	0	0	0	332	-4	0	-10	5	
2026-05-11 23:40:00	58.53081	18.07083	13	0	15	0	0	0	0	0.005	13.3	8	999	18	3	82	0.7	349	200	328	2000	35	1	0	3	0	0	0	0	0	1	0	90	0	0	0	324	-4	0	-10	5	
2026-05-11 23:50:00	58.53315	18.06048	12	0	16	0	0	0	0	0.005	13.3	8	999	18	1	34	1.1	293	-200	331	2000	35	1	0	0	3	0	0	0	0	1	0	99	0	0	0	335	0	1	-10	5	
2026-05-12 00:00:00	58.53732	18.05784	40	0	17	0	0	0	0	0.005	13.3	8	999	18	1	33	0.8	342	-100	330	2000	35	1	0	0	0	3	0	0	0	1	0	100	0	0	0	332	-4	1	-10	5	
2026-05-12 00:10:00	58.54146	18.05574	14	0	18	0	0	0	0	0.005	13.3	8	998	18	1	61	0.8	345	0	329	2000	35	1	0	0	0	0	3	0	0	1	0	94	0	0	0	328	-4	0	-10	5	
2026-05-12 00:20:00	58.54512	18.05358	14	0	19	0	0	0	0	0.005	13.3	8	998	18	2	55	0.7	343	100	328	2000	35	1	0	0	0	0	0	3	0	1	0	93	2	0	0	325	-4	0	-10	5	
2026-05-12 00:30:00	58.54773	18.0513	14	0	20	0	0	0	0	0.005	13.3	8	998	18	2	56	0.5	336	200	327	2000	35	1	0	0	0	0	0	0	0	1	0	95	0	0	0	324	-4	0	-10	5	
2026-05-12 00:40:00	58.55112	18.048	13	0	21	0	0	0	0	0.005	13.3	8	998	18	1	34	0.7	333	200	327	2000	35	1	0	0	0	0	0	0	0	1	0	98	2	0	0	323	-4	0	-10	5	
2026-05-12 00:50:00	58.55493	18.04479	13	0	22	0	0	0	0	0.005	13.3	8	998	18	1	31	0.8	336	300	326	2000	35	1	0	0	0	0	0	0	0	1	0	100	0	0	0	321	-4	0	-10	5	
2026-05-12 01:00:00	58.55871	18.04098	12	0	23	0	0	0	0	0.005	13.3	8	998	18	3	64	0.8	332	300	326	2000	35	1	0	0	0	0	0	0	0	1	0	94	0	0	0	321	-4	0	-10	5	
2026-05-12 01:10:00	58.56222	18.03603	13	0	24	0	0	0	0	0.005	13.3	8	997	18	1	29	0.8	324	200	326	2000	35	1	0	0	0	0	0	0	0	1	0	99	2	0	0	322	-4	0	-10	5	
2026-05-12 01:20:00	58.56591	18.03129	35	0	25	0	0	0	0	0.005	13.3	8	997	18	1	28	0.8	326	200	326	2000	35	1	0	0	0	0	0	0	0	1	0	100	0	0	0	323	-4	0	-10	5	
2026-05-12 01:30:00	58.56954	18.02655	12	0	26	0	0	0	0	0.005	13.3	8	997	18	1	51	0.8	326	200	326	2000	35	1	0	0	0	0	0	0	0	1	0	96	0	0	0	324	-4	0	-10	5	
2026-05-12 01:40:00	58.57299	18.02265	12	0	27	0	0	0	0	0.005	13.3	8	997	18	1	30	0.7	329	200	325	2000	35	1	0	0	0	0	0	0	0	1	0	100	0	0	0	324	-4	0	-10	5	
2026-05-12 01:50:00	58.57647	18.01899	41	0	28	0	0	0	0	0.005	13.3	8	997	18	1	32	0.7	331	200	324	2000	35	1	0	0	0	0	0	0	0	1	0	100	0	0	0	323	-4	0	-10	5	
2026-05-12 02:00:00	58.57971	18.01545	13	0	29	0	0	0	0	0.005	13.3	9	997	18	1	60	0.7	330	2000	323	2000	35	1	0	0	0	0	0	0	0	1	0	93	2	0	0	323	-4	0	-10	5	
2026-05-12 02:10:00	58.58319	18.01248	12	0	0	0	0	0	0	0.005	13.3	9	997	18	2	61	0.7	336	1600	319	2000	35	1	0	0	0	0	0	0	0	1	0	94	0	0	0	319	-4	0	-10	5	
2026-05-12 02:20:00	58.58634	18.00903	13	0	1	0	0	0	0	0.005	13.3	9	996	18	1	37	0.7	330	1200	315	2000	35	1	0	0	0	0	0	0	0	1	0	99	0	0	0	315	-4	0	-10	5	
2026-05-12 02:30:00	58.58955	18.00504	12	0	2	0	0	0	0	0.005	13.3	9	997	18	3	71	0.7	327	800	309	2000	35	1	0	0	0	0	0	0	1	1	0	92	0	0	0	309	-4	0	-10	5	
2026-05-12 02:40:00	58.59273	18.00132	12	0	3	0	0	0	0	0.005	13.3	9	996	18	1	28	0.7	329	400	287	2000	35	1	0	3	0	0	0	0	1	1	0	100	0	0	0	287	-4	0	-10	5	
2026-05-12 02:50:00	58.59258	17.99055	13	0	4	0	0	0	0	0.005	13.3	9	996	18	1	28	1	268	-300	62	2000	35	1	0	1	3	0	0	0	1	1	0	100	0	0	0	62	0	1	-10	5	
2026-05-12 03:00:00	58.59	17.99367	42	0	5	0	0	0	0	0.005	13.2	9	996	18	1	35	0.5	148	-400	10	2000	35	1	0	0	1	3	0	0	1	1	0	4	2	92	0	10	4	2	10	5	
2026-05-12 03:10:00	58.59264	17.9898	14	0	6	0	0	0	0	0.005	13.2	9	996	18	1	65	0.6	323	-300	67	2000	55	1	0	1	0	1	3	0	1	1	0	81	2	9	0	67	-4	2	-10	5	
2026-05-12 03:20:00	58.59084	17.99103	13	0	7	0	0	0	0	0.005	13.2	9	996	18	2	47	0.4	161	-400	34	2000	60	1	0	0	1	0	1	3	1	1	0	5	2	85	1	34	4	2	10	5	
2026-05-12 03:30:00	58.59324	17.98785	13	0	8	0	0	0	0	0.005	13.2	9	997	18	1	29	0.5	325	-400	82	2000	60	1	0	1	0	1	0	1	1	1	0	93	1	6	0	82	-4	2	-10	5	
2026-05-12 03:40:00	58.59195	17.99022	13	0	9	0	0	0	0	0.005	13.2	9	996	18	1	33	0.3	136	-300	53	2000	50	1	0	1	1	0	1	0	1	1	0	7	0	92	0	53	4	2	10	5	
2026-05-12 03:50:00	58.59012	17.99457	12	0	10	0	0	0	0	0.005	13.2	9	996	18	1	32	0.5	129	-400	3	2000	50	1	0	0	1	1	0	1	1	1	0	0	4	96	0	3	4	0	10	5	
2026-05-12 04:00:00	58.59276	17.99166	41	0	11	0	0	0	0	0.005	13.2	9	996	18	3	84	0.5	330	-200	58	2000	50	1	0	1	0	1	1	0	1	1	0	82	0	7	0	58	-4	2	-10	5	
2026-05-12 04:10:00	58.5918	17.99343	11	0	12	0	0	0	0	0.005	13.2	9	996	18	3	123	0.3	136	-200	21	2000	55	1	0	0	1	0	1	1	1	1	0	9	0	72	0	21	4	2	10	5	
2026-05-12 04:30:00	58.59297	17.99253	12	0	14	0	0	0	0	0.005	13.2	9	996	18	3	110	0.2	144	-200	57	2000	60	1	0	1	1	0	1	0	1	1	0	9	1	73	0	57	4	2	10	5	
2026-05-12 04:40:00	58.59159	17.99589	12	0	15	0	0	0	0	0.005	13.2	9	996	18	2	61	0.4	128	-300	347	2000	60	1	0	0	1	1	0	1	1	1	0	0	1	93	0	347	4	0	10	5	
2026-05-12 04:50:00	58.59474	17.99361	12	0	16	0	0	0	0	0.005	13.3	9	996	18	1	30	0.6	339	-100	145	2000	55	1	0	1	0	1	1	0	1	1	0	92	0	7	0	145	-4	2	-10	5	
2026-05-12 05:00:00	58.59354	17.99649	12	0	17	0	0	0	0	0.005	13.3	9	996	18	1	34	0.4	129	100	286	2000	60	1	0	1	1	0	1	1	1	1	0	8	0	90	0	286	4	2	10	5	
2026-05-12 05:10:00	58.59246	18.00069	13	0	18	0	0	0	0	0.005	13.3	9	996	18	1	33	0.4	116	400	294	2000	60	1	0	3	1	1	0	1	1	1	0	0	1	99	0	294	4	0	10	5	
2026-05-12 05:20:00	58.59276	17.99361	13	0	19	0	0	0	0	0.005	13.3	9	996	18	1	41	0.7	275	-100	33	2000	60	1	0	1	3	1	1	0	1	1	0	90	0	7	0	33	0	2	-10	5	
2026-05-12 05:30:00	58.59117	17.99658	13	0	20	0	0	0	0	0.005	13.3	9	996	18	3	73	0.4	136	-300	341	2000	60	1	0	0	1	3	1	1	1	1	0	2	0	89	0	341	4	2	10	5	
2026-05-12 05:40:00	58.59387	17.9946	13	0	21	0	0	0	0	0.005	13.3	9	996	18	1	33	0.5	339	0	115	2000	60	1	0	1	0	1	3	1	1	1	0	93	0	6	0	115	-4	2	-10	5	
2026-05-12 05:50:00	58.59303	17.99847	12	0	22	0	0	2	0	0.005	13.4	9	996	18	1	34	0.4	112	-300	222	2000	50	1	0	2	1	0	1	3	0	1	0	6	0	93	0	226	4	2	10	5	
2026-05-12 06:00:00	58.59066	17.99361	13	0	23	0	0	0	0	0.005	13.4	9	996	18	1	28	0.6	227	-200	222	2000	50	1	0	2	2	1	0	1	0	1	0	4	1	91	0	224	0	3	10	5	
2026-05-12 06:10:00	58.58826	17.98911	13	0	24	0	0	0	0	0.005	13.4	9	996	18	1	29	0.6	224	-100	222	2000	50	1	0	2	2	2	1	0	0	1	0	8	0	90	0	224	0	4	10	5	
2026-05-12 06:20:00	58.58655	17.98437	13	0	25	0	0	0	0	0.005	13.5	9	996	18	1	31	0.6	236	0	221	2000	50	1	0	2	2	2	2	1	0	1	0	11	0	87	0	221	0	4	10	5	
2026-05-12 06:30:00	58.58418	17.97972	41	0	26	0	0	0	0	0.005	13.6	9	996	18	1	30	0.6	226	0	220	2000	50	1	0	2	2	2	2	2	0	1	0	5	0	94	0	220	0	2	10	5	
2026-05-12 06:40:00	58.58247	17.97564	12	0	27	0	0	0	0	0.005	13.7	9	996	18	1	58	0.5	231	100	219	2000	50	1	0	2	2	2	2	2	0	1	0	6	1	87	0	218	0	2	10	5	
2026-05-12 06:50:00	58.58046	17.97174	12	0	28	0	0	0	0	0.005	13.8	9	996	18	1	27	0.5	225	100	219	2000	50	1	0	2	2	2	2	2	0	1	0	10	1	88	0	218	0	4	10	5	
2026-05-12 07:00:00	58.57797	17.96886	12	0	29	0	0	0	0	0.005	13.9	9	996	18	2	50	0.5	211	0	219	2000	50	1	0	2	2	2	2	2	0	1	0	4	0	91	0	219	0	2	10	5	
2026-05-12 07:10:00	58.57548	17.96439	11	0	0	0	0	0	0	0.005	13.8	9	996	18	1	28	0.6	223	100	219	2000	50	1	0	2	2	2	2	2	0	1	0	2	0	99	0	218	0	0	10	5	
2026-05-12 07:20:00	58.57242	17.96097	12	0	1	0	0	0	0	0.005	13.8	9	996	18	2	54	0.7	210	0	220	2000	50	1	0	2	2	2	2	2	0	1	0	2	0	93	0	220	0	2	10	5	
2026-05-12 07:30:00	58.56879	17.96028	11	0	2	0	0	0	0	0.005	13.8	9	996	18	1	34	0.7	185	-200	227	2000	50	1	0	2	2	2	2	2	0	1	0	2	0	96	0	227	0	2	10	5	
2026-05-12 07:40:00	58.56534	17.9568	11	0	3	0	0	0	0	0.005	13.8	9	996	18	2	49	0.7	208	-1600	232	2000	50	1	0	2	2	2	2	2	0	1	0	0	0	97	0	232	0	0	10	5	
2026-05-12 07:50:00	58.56105	17.95731	11	0	4	0	0	0	0	0.005	13.7	9	996	18	1	35	0.8	176	-1400	248	2000	50	1	0	3	2	2	2	2	0	1	0	0	0	99	0	248	0	0	10	5	
2026-05-12 08:00:00	58.55865	17.95368	12	0	5	0	0	0	0	0.005	13.7	9	996	18	2	52	0.6	218	-1100	256	2000	40	1	0	3	3	2	2	2	0	1	0	80	3	8	0	256	0	5	-10	5	
2026-05-12 08:10:00	58.55706	17.94933	11	0	6	0	0	0	0	0.005	13.6	9	996	18	2	50	0.5	235	-900	263	2000	40	1	0	3	3	3	2	2	1	1	0	89	1	5	0	263	0	3	-10	5	
2026-05-12 08:20:00	58.5546	17.94522	12	0	7	0	0	0	0	0.005	13.6	9	996	18	1	41	0.6	221	-600	286	2000	40	1	0	3	3	3	3	2	1	1	0	85	1	10	0	286	0	4	-10	5	
2026-05-12 08:30:00	58.55133	17.94153	13	0	8	0	0	0	0	0.005	13.6	9	996	18	1	44	0.7	211	-700	323	2000	40	1	0	0	3	3	3	3	1	1	0	90	0	7	0	323	0	2	-10	5	
2026-05-12 08:40:00	58.55244	17.93868	41	0	9	0	0	0	0	0.005	13.6	9	996	18	1	33	0.3	307	-500	330	2000	40	1	0	0	0	3	3	3	1	1	0	99	0	0	0	330	-4	1	-10	5	
2026-05-12 08:50:00	58.55427	17.93595	11	0	10	0	0	0	0	0.005	13.6	9	997	18	3	101	0.4	322	-200	339	2000	40	1	0	0	0	0	3	3	1	1	0	86	0	0	0	339	-4	0	-10	5	
2026-05-12 09:00:00	58.55619	17.93325	11	0	11	0	0	0	0	0.005	13.6	9	996	18	1	32	0.4	324	100	94	2000	40	1	0	1	0	0	0	3	1	1	0	100	0	0	0	94	-4	0	-10	5	
2026-05-12 09:10:00	58.55502	17.9397	11	0	12	0	0	2	0	0.005	13.6	9	996	18	1	31	0.7	109	-100	129	2000	35	1	0	2	1	0	0	0	0	1	0	6	3	90	0	131	4	2	10	5	
2026-05-12 09:20:00	58.55031	17.9409	11	0	13	0	0	0	0	0.005	13.5	9	997	18	2	49	0.9	172	300	126	2000	35	1	0	2	2	1	0	0	0	1	0	0	0	96	0	121	0	1	10	5	
2026-05-12 09:30:00	58.54569	17.94009	12	0	14	0	0	0	0	0.005	13.5	9	997	18	1	28	0.9	185	700	122	2000	35	1	0	2	2	2	1	0	0	1	0	5	0	95	0	108	0	2	10	5	
2026-05-12 09:40:00	58.54167	17.93835	12	0	15	0	0	0	0	0.005	13.5	9	997	18	1	30	0.8	193	1100	118	2000	35	1	0	1	2	2	2	1	0	1	0	5	0	94	0	95	0	2	10	5	
2026-05-12 09:50:00	58.54005	17.94561	12	0	16	0	0	0	0	0.005	13.5	9	997	18	1	29	0.8	113	1000	119	2000	35	1	0	1	1	2	2	2	0	1	0	0	0	100	0	99	4	1	10	5	
2026-05-12 10:00:00	58.53906	17.95392	12	0	17	0	0	0	0	0.005	13.5	9	997	18	1	27	0.8	103	800	120	2000	35	1	0	3	1	1	2	2	0	1	0	0	0	100	0	106	4	0	10	5	
2026-05-12 10:10:00	58.53609	17.95107	12	0	18	0	0	0	0	0.005	13.5	9	997	18	1	29	0.6	207	1100	116	2000	35	1	0	1	3	1	1	2	0	1	0	85	0	11	0	94	0	4	-10	5	
2026-05-12 10:20:00	58.53546	17.95884	12	0	19	0	0	0	0	0.005	13.5	9	997	18	1	28	0.8	99	900	118	2000	35	1	0	2	1	3	1	1	0	1	0	3	0	97	0	102	4	2	10	5	
2026-05-12 10:30:00	58.53102	17.96139	12	0	20	0	0	0	0	0.005	13.5	9	997	18	1	30	0.9	163	1200	113	2000	35	1	0	1	2	1	3	1	0	1	0	0	0	100	0	92	0	1	10	5	
2026-05-12 10:40:00	58.52973	17.96901	11	0	21	0	0	2	0	0.005	13.5	9	996	18	1	30	0.8	108	200	112	2000	35	1	0	2	1	2	1	3	0	1	0	0	0	100	0	112	4	1	10	5	
2026-05-12 10:50:00	58.52511	17.96925	12	0	22	0	0	0	0	0.005	13.5	9	997	18	1	32	0.9	178	1900	98	2000	35	1	0	1	2	1	2	1	0	1	0	0	0	100	0	98	0	1	10	5	
2026-05-12 11:00:00	58.52412	17.97624	12	0	23	0	0	0	0	0.005	13.5	8	997	18	1	29	0.7	105	1400	96	2000	35	1	0	1	1	2	1	2	0	1	0	3	1	96	0	96	4	2	10	5	
2026-05-12 11:10:00	58.52334	17.98257	12	0	24	0	0	0	0	0.005	13.5	8	997	18	1	31	0.6	104	1100	93	2000	35	1	0	1	1	1	2	1	0	1	0	0	4	96	0	93	4	0	10	5	
2026-05-12 11:20:00	58.52265	17.98995	13	0	25	0	0	0	0	0.005	13.4	8	997	18	1	28	0.7	100	600	89	2000	35	1	0	1	1	1	1	2	1	1	0	1	0	100	0	89	4	0	10	5	
2026-05-12 11:30:00	58.52253	17.9973	35	0	26	0	0	0	0	0.005	13.4	8	997	18	1	32	0.7	92	200	82	2000	35	1	0	1	1	1	1	1	1	1	0	0	1	99	0	82	4	0	10	5	
2026-05-12 11:40:00	58.5222	18.00429	12	0	27	0	0	0	0	0.005	13.4	8	997	18	1	49	0.7	95	-200	290	2000	35	1	0	0	1	1	1	1	1	1	0	0	1	96	0	290	4	0	10	5	
2026-05-12 11:50:00	58.52253	18.00243	12	0	28	0	0	2	0	0.005	13.4	8	997	18	2	51	0.2	290	-100	191	2000	10	1	0	3	0	1	1	1	0	1	0	89	0	6	0	193	-4	2	-10	5	
2026-05-12 12:00:00	58.5189	17.99955	12	0	29	0	0	0	0	0.005	13.4	8	997	18	1	28	0.7	203	0	190	2000	10	1	0	3	3	0	1	1	0	1	0	93	1	5	0	190	0	3	-10	5	
2026-05-12 12:10:00	58.51476	17.99934	12	0	0	0	0	0	0	0.005	13.4	8	997	18	1	29	0.8	182	-100	191	2000	10	1	0	3	3	3	0	1	0	1	0	94	1	5	0	192	0	2	-10	5	
2026-05-12 12:20:00	58.51068	17.99736	12	0	1	0	0	0	0	0.005	13.4	8	997	18	1	32	0.8	194	0	191	2000	10	1	0	3	3	3	3	0	0	1	0	88	0	10	0	191	0	4	-10	5	
2026-05-12 12:30:00	58.50609	17.99697	12	0	2	0	0	0	0	0.005	13.4	8	997	18	1	30	0.9	183	-100	192	2000	10	1	0	3	3	3	3	3	0	1	0	93	0	6	0	193	0	2	-10	5	
2026-05-12 12:40:00	58.50207	17.9949	12	0	3	0	0	0	0	0.005	13.4	8	997	18	1	33	0.8	195	-1800	192	2000	10	1	0	3	3	3	3	3	0	1	0	86	2	8	0	192	0	4	-10	5	
2026-05-12 12:50:00	58.49799	17.99238	12	0	4	0	0	0	0	0.005	13.4	8	997	18	1	30	0.8	198	1300	190	2000	10	1	0	3	3	3	3	3	0	1	0	87	0	11	0	190	0	4	-10	5	
2026-05-12 13:00:00	58.49322	17.99172	12	0	5	0	0	0	0	0.005	13.4	8	997	18	1	28	0.9	184	-800	193	2000	10	1	0	3	3	3	3	3	1	1	0	94	0	6	0	193	0	2	-10	5	
2026-05-12 13:10:00	58.48854	17.99196	13	0	6	0	0	0	0	0.005	13.8	9	997	18	1	27	0.9	179	-300	217	2000	10	1	0	2	3	3	3	3	1	1	0	89	1	9	0	217	0	4	-10	5	
2026-05-12 13:20:00	58.48362	17.99976	13	0	7	0	0	0	0	0.005	13.8	8	997	18	1	28	1.2	140	-700	294	2000	5	1	0	0	2	3	3	3	1	1	0	0	0	100	0	294	0	0	10	5	
2026-05-12 13:30:00	58.48365	17.99412	13	0	8	0	0	0	0	0.005	13.8	8	997	18	1	29	0.5	270	-400	311	2000	5	1	0	0	0	2	3	3	1	1	0	97	0	3	0	311	-4	2	-10	5	
2026-05-12 13:40:00	58.48407	17.98839	41	0	9	0	0	0	0	0.005	13.8	8	997	18	1	29	0.5	278	-200	2	2000	5	1	0	1	0	0	2	3	1	1	0	100	0	0	0	2	-4	0	-10	5	
2026-05-12 13:50:00	58.48446	17.99442	12	0	10	0	0	0	0	0.005	13.7	8	997	18	1	58	0.6	83	-400	300	2000	360	1	0	0	1	0	0	2	1	1	0	6	0	88	0	300	4	2	10	5	
2026-05-12 14:00:00	58.4844	17.98875	11	0	11	0	0	2	0	0.005	13.7	8	997	18	1	34	0.5	269	0	281	2000	355	1	0	3	0	1	0	0	0	1	0	93	0	6	0	281	-4	2	-10	5	
2026-05-12 14:10:00	58.4802	17.98392	12	0	12	0	0	0	0	0.005	13.7	8	997	18	1	27	0.9	211	-500	288	2000	355	1	0	0	3	0	1	0	0	1	0	94	0	5	0	296	0	3	-10	5	
2026-05-12 14:20:00	58.47996	17.97825	12	0	13	0	0	0	0	0.005	13.7	8	997	18	1	28	0.6	266	-600	290	2000	355	1	0	0	0	3	0	1	0	1	0	99	2	0	0	299	-4	1	-10	5	
2026-05-12 14:30:00	58.4805	17.97123	12	0	14	0	0	0	0	0.005	13.6	8	997	18	1	33	0.7	278	-600	291	2000	355	1	0	0	0	0	3	0	0	1	0	100	0	0	0	299	-4	0	-10	5	
2026-05-12 14:40:00	58.48119	17.96469	12	0	15	0	0	0	0	0.005	13.6	8	997	18	1	31	0.6	281	-600	293	2000	355	1	0	0	0	0	0	3	0	1	0	100	0	0	0	300	-4	0	-10	5	
2026-05-12 14:50:00	58.48182	17.95917	12	0	16	0	0	0	0	0.005	13.6	8	998	18	1	32	0.5	282	-600	294	2000	355	1	0	0	0	0	0	0	0	1	0	100	0	0	0	299	-4	0	-10	5	
2026-05-12 15:00:00	58.48224	17.95344	12	0	17	0	0	0	0	0.005	13.6	8	997	18	1	31	0.6	278	-600	296	2000	355	1	0	0	0	0	0	0	0	1	0	100	0	0	0	300	-4	0	-10	5	
2026-05-12 15:10:00	58.48242	17.94723	12	0	18	0	0	0	0	0.005	13.6	8	997	18	1	30	0.6	273	-700	299	2000	355	1	0	0	0	0	0	0	0	1	0	100	0	0	0	302	-4	0	-10	5	
2026-05-12 15:20:00	58.48269	17.94054	12	0	19	0	0	0	0	0.005	13.6	8	998	18	1	32	0.6	274	-1900	304	2000	355	1	0	0	0	0	0	0	0	1	0	100	0	0	0	304	-4	0	-10	5	
2026-05-12 15:30:00	58.48287	17.93439	11	0	20	0	0	0	0	0.005	13.6	8	998	18	1	27	0.6	273	-1600	311	2000	355	1	0	0	0	0	0	0	0	1	0	100	1	0	0	311	-4	0	-10	5	
2026-05-12 15:40:00	58.48305	17.92791	12	0	21	0	0	1	0	0.005	13.6	8	997	18	1	27	0.6	273	-1300	320	2000	355	0	0	0	0	0	0	0	0	1	0	100	0	0	0	320	-4	0	-10	5	
2026-05-12 15:50:00	58.48347	17.92119	11	0	22	0	0	0	0	0.005	13.6	8	998	18	2	53	0.7	277	-1100	335	2000	355	0	0	0	0	0	0	0	0	1	0	96	0	0	0	335	-4	0	-10	5	
2026-05-12 16:00:00	58.48383	17.91462	40	0	23	0	0	0	0	0.005	13.6	8	997	18	1	28	0.6	276	-1000	355	2000	355	0	0	1	0	0	0	0	1	1	0	100	1	0	0	355	-4	0	-10	5	
2026-05-12 16:20:00	58.48422	17.90211	12	0	25	0	0	0	0	0.005	13.6	8	998	18	3	80	0.6	272	-1100	35	2000	355	0	0	1	0	0	0	0	0	1	0	91	0	0	0	35	-4	0	-10	5	
2026-05-12 16:30:00	58.48425	17.89683	12	0	26	0	0	0	0	0.005	13.5	8	998	18	1	31	0.5	271	-1300	46	2000	355	0	0	1	0	0	0	0	0	1	0	95	5	0	0	46	-4	0	-10	5	
2026-05-12 16:40:00	58.48392	17.89146	11	0	27	0	0	0	0	0.005	13.5	8	998	18	1	29	0.5	263	-1600	53	2000	355	0	0	1	0	0	0	0	0	1	0	95	6	0	0	53	-4	0	-10	5	
2026-05-12 16:50:00	58.48368	17.88489	12	0	28	0	0	0	0	0.005	13.5	8	998	18	1	27	0.6	266	-1900	59	2000	355	0	0	1	0	0	0	0	0	1	0	100	0	0	0	59	-4	0	-10	5	
2026-05-12 17:00:00	58.48359	17.87823	12	0	29	0	0	0	0	0.005	13.5	8	998	18	1	27	0.6	269	-2200	64	2000	355	0	0	2	0	0	0	0	0	0	0	100	0	0	0	64	-4	0	-10	5	
2026-05-12 17:10:00	58.48359	17.87166	12	0	0	0	0	0	0	0.005	13.5	8	998	18	1	32	0.6	270	-2600	68	2000	355	0	0	2	0	0	0	0	0	0	0	100	0	0	0	68	-4	0	-10	5	
2026-05-12 17:20:00	58.48371	17.86377	12	0	1	0	0	0	0	0.005	13.5	8	998	18	1	42	0.8	271	-3000	71	2000	355	0	0	2	0	0	0	0	0	0	0	97	1	0	0	71	-4	0	-10	5	
2026-05-12 17:30:00	58.48413	17.85705	12	0	2	0	0	0	0	0.005	13.5	8	998	18	1	27	0.7	277	-3400	74	2000	355	0	0	2	0	0	0	0	0	0	0	100	0	0	0	74	-4	0	-10	5	
2026-05-12 17:40:00	58.48461	17.85057	12	0	3	0	0	0	0	0.005	13.5	8	998	18	1	31	0.6	278	-3700	77	2000	355	0	0	2	0	0	0	0	0	0	0	100	0	0	0	77	-4	0	-10	5	
2026-05-12 17:50:00	58.48485	17.84346	12	0	4	0	0	0	0	0.005	13.5	8	998	18	1	32	0.7	273	-4100	78	2000	355	0	0	2	0	0	0	0	0	0	0	100	0	0	0	78	-4	0	-10	5	
2026-05-12 18:00:00	58.48515	17.8356	12	0	5	0	0	0	0	0.005	13.5	8	998	18	1	30	0.8	274	-4600	80	2000	355	0	0	2	0	0	0	0	0	0	0	100	0	0	0	80	-4	0	-10	5	
2026-05-12 18:10:00	58.48581	17.82849	12	0	6	0	0	0	0	0.005	13.5	8	998	18	2	46	0.7	280	-5000	82	2000	355	0	0	2	0	0	0	0	0	0	0	97	0	0	0	82	-4	0	-10	5	
2026-05-12 18:20:00	58.48632	17.82141	12	0	7	0	0	0	0	0.005	13.5	8	998	18	1	32	0.7	278	-5400	83	2000	355	0	0	2	0	0	0	0	0	0	0	99	1	0	0	83	-4	0	-10	5	
2026-05-12 18:30:00	58.48704	17.81439	13	0	8	0	0	0	0	0.005	13.5	8	998	18	1	28	0.7	281	-5800	84	2000	355	0	0	2	0	0	0	0	0	0	0	100	0	0	0	84	-4	0	-10	5	
2026-05-12 18:40:00	58.48752	17.80761	14	0	9	0	0	0	0	0.005	13.5	8	998	18	2	49	0.7	278	-6200	85	2000	355	0	0	2	0	0	0	0	0	0	0	97	0	0	0	85	-4	0	-10	5	
2026-05-12 18:50:00	58.48779	17.80131	41	0	10	0	0	0	0	0.005	13.4	8	998	18	2	51	0.6	275	-6500	85	2000	355	0	0	2	0	0	0	0	0	0	0	96	0	0	0	85	-4	0	-10	5	
2026-05-12 19:00:00	58.48791	17.79486	12	0	11	0	0	0	0	0.005	13.4	8	999	18	1	58	0.7	272	-6900	86	2000	355	0	0	2	0	0	0	0	0	0	0	95	0	0	0	86	-4	0	-10	5	
2026-05-12 19:10:00	58.48812	17.78913	12	0	12	0	0	0	0	0.005	13.4	8	999	18	1	30	0.6	274	-7200	86	2000	355	0	0	2	0	0	0	0	0	0	0	100	0	0	0	86	-4	0	-10	5	
2026-05-12 19:20:00	58.48827	17.78391	12	0	13	0	0	0	0	0.005	13.4	8	999	18	1	30	0.5	273	-7500	86	2000	355	0	0	2	0	0	0	0	0	0	0	100	1	0	0	86	-4	0	-10	5	
2026-05-12 19:30:00	58.48848	17.77803	12	0	14	0	0	0	0	0.005	13.4	8	999	18	1	31	0.6	274	-7900	87	2000	355	0	0	2	0	0	0	0	0	0	0	100	0	0	0	87	-4	0	-10	5	
2026-05-12 19:40:00	58.48848	17.77215	11	0	15	0	0	0	0	0.005	13.4	8	999	18	1	30	0.6	270	-8200	87	2000	355	0	0	2	0	0	0	0	0	0	0	100	0	0	0	87	-4	0	-10	5	
2026-05-12 19:50:00	58.4865	17.77866	12	0	16	0	0	1	0	0.005	13.4	8	999	18	1	30	0.7	120	-7800	85	2000	355	1	0	2	2	0	0	0	0	0	0	11	1	87	0	85	0	4	10	5	
2026-05-12 20:00:00	58.48383	17.78685	11	0	17	0	0	2	0	0.005	13.4	8	999	18	1	31	0.9	122	100	126	2000	355	1	0	2	2	2	0	0	0	1	0	0	0	100	0	123	0	0	10	5	
2026-05-12 20:10:00	58.48065	17.79339	12	0	18	0	0	0	0	0.005	13.4	8	999	18	1	31	0.9	133	200	125	2000	355	1	0	2	2	2	2	0	0	1	0	8	0	88	0	122	0	2	10	5	
2026-05-12 20:20:00	58.47768	17.80134	12	0	19	0	0	0	0	0.005	13.4	8	999	18	1	32	0.9	126	200	125	2000	355	1	0	2	2	2	2	2	0	1	0	6	0	93	0	122	0	2	10	5	
2026-05-12 20:30:00	58.4742	17.81001	12	0	20	0	0	0	0	0.005	13.4	8	999	18	1	31	1.1	127	200	125	2000	355	1	0	2	2	2	2	2	0	1	0	0	0	100	0	122	0	0	10	5	
2026-05-12 20:40:00	58.47138	17.81946	12	0	21	0	0	0	0	0.005	13.4	8	998	18	1	30	1.1	120	100	125	2000	355	1	0	2	2	2	2	2	0	1	0	0	0	100	0	124	0	0	10	5	
2026-05-12 21:00:00	58.46802	17.84163	13	0	23	0	0	0	0	0.005	13.4	8	998	18	3	95	1.2	104	-400	133	2000	355	1	0	2	2	2	2	2	0	1	0	0	0	87	0	137	0	0	10	5	
2026-05-12 21:10:00	58.46724	17.85318	12	0	24	0	0	0	0	0.005	13.4	8	998	18	3	103	1.1	97	-700	142	2000	355	1	0	2	2	2	2	2	0	1	0	0	0	86	0	147	0	0	10	5	
2026-05-12 21:20:00	58.46499	17.86416	13	0	25	0	0	0	0	0.005	13.4	8	998	18	2	48	1.1	111	-900	151	2000	355	1	0	2	2	2	2	2	0	1	0	0	0	97	0	153	0	0	10	5	
2026-05-12 21:30:00	58.46316	17.87628	13	0	26	0	0	0	0	0.005	13.4	8	998	18	1	37	1.2	106	-1700	169	2000	355	1	0	3	2	2	2	2	0	1	0	0	0	99	0	169	0	0	10	5	
2026-05-12 21:40:00	58.45845	17.87571	12	0	27	0	0	0	0	0.005	13.4	8	998	18	1	32	0.9	184	-1200	163	2000	335	1	0	3	3	2	2	2	0	1	0	95	0	4	0	163	0	2	-10	5	
2026-05-12 21:50:00	58.45416	17.8785	13	0	28	0	0	0	0	0.005	13.3	8	998	18	1	28	0.8	161	-700	164	2000	335	1	0	3	3	3	2	2	1	1	0	97	0	3	0	164	0	2	-10	5	
2026-05-12 22:00:00	58.44978	17.8812	40	0	29	0	0	0	0	0.005	13.3	8	998	18	1	33	0.8	162	-200	171	2000	335	1	0	0	3	3	3	2	1	1	0	94	0	5	0	171	0	2	-10	5	
2026-05-12 22:10:00	58.44873	17.87493	12	0	0	0	0	0	0	0.005	13.3	8	997	18	2	95	0.7	252	400	97	2000	335	1	0	2	0	3	3	3	1	1	0	87	0	0	0	97	-4	1	-10	5	
2026-05-12 22:20:00	58.44561	17.88207	12	0	1	0	0	2	0	0.005	13.3	8	998	18	1	29	0.9	130	-300	276	2000	335	1	0	0	2	0	3	3	0	1	0	5	0	94	0	283	0	2	10	5	
2026-05-12 22:30:00	58.44492	17.8764	12	0	2	0	0	0	0	0.005	13.3	8	998	18	1	31	0.6	257	-400	277	2000	335	1	0	0	0	2	0	3	0	1	0	100	0	0	0	286	-4	1	-10	5	
2026-05-12 22:40:00	58.44429	17.87337	11	0	3	0	0	0	0	0.005	13.3	8	997	18	1	30	0.3	248	-500	277	2000	335	1	0	0	0	0	2	0	0	1	0	91	9	1	0	288	-4	0	-10	5	
2026-05-12 22:50:00	58.44408	17.86746	12	0	4	0	0	0	0	0.005	13.3	8	998	18	1	26	0.6	266	-500	278	2000	335	1	0	0	0	0	0	2	0	1	0	100	0	0	0	290	-4	0	-10	5	
2026-05-12 23:00:00	58.44435	17.86212	11	0	5	0	0	0	0	0.005	13.3	8	998	18	1	33	0.5	276	-500	278	2000	335	1	0	0	0	0	0	0	0	1	0	100	0	0	0	289	-4	0	-10	5	
2026-05-12 23:10:00	58.44459	17.85663	12	0	6	0	0	0	0	0.005	13.3	8	997	18	2	53	0.5	275	-500	278	2000	335	1	0	0	0	0	0	0	0	1	0	96	0	0	0	289	-4	0	-10	5	
2026-05-12 23:20:00	58.44492	17.85156	12	0	7	0	0	0	0	0.005	13.3	8	997	18	2	49	0.5	278	-500	278	2000	335	1	0	0	0	0	0	0	0	1	0	97	0	0	0	289	-4	0	-10	5	
2026-05-12 23:30:00	58.44486	17.84658	16	0	8	0	0	0	0	0.005	13.3	8	997	18	2	78	0.5	268	-500	278	2000	335	1	0	0	0	0	0	0	0	1	0	91	0	0	0	290	-4	0	-10	5	
2026-05-12 23:40:00	58.44435	17.84094	41	0	9	0	0	0	0	0.005	13.3	8	997	18	1	41	0.5	260	-600	279	2000	335	1	0	0	0	0	0	0	0	1	0	98	0	0	0	292	-4	0	-10	5	
2026-05-12 23:50:00	58.44414	17.83665	12	0	10	0	0	0	0	0.005	13.3	8	997	18	2	94	0.4	264	-700	279	2000	335	1	0	0	0	0	0	0	0	1	0	88	0	0	0	293	-4	0	-10	5	
2026-05-13 00:00:00	58.44432	17.83236	11	0	11	0	0	0	0	0.005	13.3	8	997	18	1	30	0.4	275	-700	280	2000	335	1	0	0	0	0	0	0	0	1	0	100	0	0	0	293	-4	0	-10	5	
2026-05-13 00:10:00	58.44423	17.82765	11	0	12	0	0	0	0	0.005	13.3	8	997	18	1	34	0.5	268	-700	280	2000	335	1	0	0	0	0	0	0	0	1	0	100	0	0	0	294	-4	0	-10	5	
2026-05-13 00:20:00	58.44432	17.82393	11	0	13	0	0	0	0	0.005	13.3	8	997	18	1	38	0.4	273	-700	280	2000	335	1	0	0	0	0	0	0	0	1	0	97	2	0	0	294	-4	0	-10	5	
2026-05-13 00:30:00	58.44459	17.82006	11	0	14	0	0	0	0	0.005	13.3	8	997	18	1	31	0.4	278	-700	280	2000	335	1	0	0	0	0	0	0	0	1	0	100	0	0	0	294	-4	0	-10	5	
2026-05-13 00:40:00	58.44492	17.81634	12	0	15	0	0	0	0	0.005	13.3	8	997	18	1	26	0.4	280	-600	280	2000	335	1	0	0	0	0	0	0	0	1	0	100	0	0	0	293	-4	0	-10	5	
2026-05-13 00:50:00	58.44507	17.81214	12	0	16	0	0	0	0	0.005	13.2	8	997	18	1	30	0.4	274	-700	281	2000	335	1	0	0	0	0	0	0	0	1	0	100	0	0	0	293	-4	0	-10	5	
2026-05-13 01:00:00	58.44546	17.80896	12	0	17	0	0	0	0	0.005	13.3	8	997	18	1	35	0.3	283	-600	281	2000	335	1	0	0	0	0	0	0	0	1	0	100	0	0	0	292	-4	0	-10	5	
2026-05-13 01:10:00	58.4457	17.80518	12	0	18	0	0	0	0	0.005	13.3	8	997	18	1	28	0.4	277	-600	281	2000	335	1	0	0	0	0	0	0	0	1	0	100	0	0	0	292	-4	0	-10	5	
2026-05-13 01:20:00	58.446	17.80212	13	0	19	0	0	0	0	0.005	13.2	8	997	18	1	28	0.3	280	-600	281	2000	335	1	0	0	0	0	0	0	0	1	0	100	0	0	0	291	-4	0	-10	5	
2026-05-13 01:30:00	58.44612	17.79915	12	0	20	0	0	0	0	0.005	13.2	8	997	18	1	31	0.3	275	-600	281	2000	335	1	0	0	0	0	0	0	0	1	0	100	0	0	0	291	-4	0	-10	5	
2026-05-13 01:40:00	58.44624	17.796	13	0	21	0	0	0	0	0.005	13.3	8	997	18	1	30	0.3	274	-600	281	2000	335	1	0	0	0	0	0	0	0	1	0	97	4	0	0	291	-4	0	-10	5	
2026-05-13 01:50:00	58.44627	17.79249	13	0	22	0	0	0	0	0.005	13.2	8	997	18	1	31	0.3	271	-600	282	2000	335	1	0	0	0	0	0	0	0	1	0	100	0	0	0	292	-4	0	-10	5	
2026-05-13 02:00:00	58.44648	17.78826	40	0	23	0	0	0	0	0.005	13.2	8	997	18	1	31	0.4	275	-600	282	2000	335	1	0	0	0	0	0	0	0	1	0	100	0	0	0	291	-4	0	-10	5	
2026-05-13 02:10:00	58.44678	17.78454	12	0	24	0	0	0	0	0.005	13.2	8	997	18	1	56	0.4	278	-600	282	2000	335	1	0	0	0	0	0	0	0	1	0	95	0	0	0	291	-4	0	-10	5	
2026-05-13 02:20:00	58.44702	17.77971	12	0	25	0	0	0	0	0.005	13.2	8	997	18	1	26	0.5	276	-600	283	2000	335	1	0	0	0	0	0	0	0	1	0	100	0	0	0	291	-4	0	-10	5	
2026-05-13 02:30:00	58.44732	17.77515	13	0	26	0	0	0	0	0.005	13.2	8	996	18	1	33	0.4	277	-600	283	2000	335	1	0	0	0	0	0	0	0	1	0	100	0	0	0	290	-4	0	-10	5	
2026-05-13 02:40:00	58.44729	17.77161	13	0	27	0	0	0	0	0.005	13.2	8	996	18	1	37	0.3	269	-600	284	2000	335	1	0	0	0	0	0	0	0	1	0	89	10	0	0	291	-4	0	-10	5	
2026-05-13 02:50:00	58.44738	17.76717	13	0	28	0	0	0	0	0.005	13.2	8	996	18	1	37	0.4	272	-600	285	2000	335	1	0	0	0	0	0	0	0	1	0	98	1	0	0	291	-4	0	-10	5	
2026-05-13 03:10:00	58.44732	17.7576	18	0	0	0	0	0	0	0.005	13.2	8	996	18	3	84	0.6	272	-600	288	2000	335	1	0	0	0	0	0	0	0	1	0	90	0	0	0	292	-4	0	-10	5	
2026-05-13 03:50:00	58.44648	17.73924	11	0	4	0	0	0	0	0.005	13.2	8	996	18	3	101	0.5	258	-1700	303	2000	335	1	0	0	0	0	0	0	0	1	0	85	1	0	0	303	-4	0	-10	5	
2026-05-13 04:00:00	58.44558	17.73501	13	0	5	0	0	0	0	0.005	13.2	8	996	18	3	74	0.4	248	-1500	311	2000	335	1	0	0	0	0	0	0	0	1	0	81	0	11	0	311	-4	0	-10	5	
2026-05-13 04:10:00	58.446	17.7297	13	0	6	0	0	0	0	0.005	13.2	8	996	18	1	31	0.5	279	-1300	318	2000	335	1	0	0	0	0	0	0	0	1	0	100	0	0	0	318	-4	0	-10	5	
2026-05-13 04:20:00	58.44669	17.72472	12	0	7	0	0	0	0	0.005	13.2	8	996	18	1	30	0.5	285	-1000	327	2000	335	1	0	0	0	0	0	0	0	1	0	100	0	0	0	327	-4	0	-10	5	
2026-05-13 04:30:00	58.44732	17.71983	13	0	8	0	0	0	0	0.005	13.3	8	996	18	1	31	0.5	284	-800	341	2000	335	1	0	0	0	0	0	0	1	1	0	100	0	0	0	341	-4	0	-10	5	
2026-05-13 04:40:00	58.4478	17.71413	12	0	9	0	0	0	0	0.005	13.3	8	996	18	1	34	0.6	279	-800	4	2000	335	1	0	1	0	0	0	0	1	1	0	100	0	0	0	4	-4	0	-10	5	
2026-05-13 04:50:00	58.44819	17.71899	12	0	10	0	0	0	0	0.005	13.3	7	996	18	2	50	0.5	81	-700	342	2000	0	1	0	0	1	0	0	0	1	1	0	7	5	83	0	342	4	2	10	5	
2026-05-13 05:00:00	58.44843	17.7147	13	0	11	0	0	0	0	0.005	13.4	7	996	18	1	33	0.4	276	-700	2	2000	360	1	0	1	0	1	0	0	1	1	0	91	1	7	0	2	-4	2	-10	5	
2026-05-13 05:10:00	58.44765	17.71839	13	0	12	0	0	0	0	0.005	13.4	7	996	18	1	30	0.4	113	-800	346	2000	15	1	0	0	1	0	1	0	1	1	0	23	14	62	0	346	4	2	10	5	
2026-05-13 05:20:00	58.44816	17.71464	13	0	13	0	0	0	0	0.005	13.4	7	996	18	1	31	0.4	285	-700	2	2000	20	1	0	0	0	1	0	1	1	1	0	92	0	7	0	2	-4	2	-10	5	
2026-05-13 05:30:00	58.44891	17.71005	14	0	14	0	0	1	0	0.005	13.5	7	996	18	1	35	0.5	287	-700	25	2000	20	0	0	1	0	0	1	0	1	1	0	99	1	0	0	25	-4	0	-10	5	
2026-05-13 05:40:00	58.44945	17.70522	12	0	15	0	0	0	0	0.005	13.6	8	996	18	2	57	0.5	282	-800	45	2000	20	0	0	1	0	0	0	1	1	1	0	95	0	0	0	45	-4	0	-10	5	
2026-05-13 05:50:00	58.44618	17.70804	12	0	16	0	0	1	0	0.005	13.6	8	996	18	1	29	0.7	156	-1000	24	2000	20	0	0	1	2	0	0	0	0	1	0	12	0	82	0	24	0	4	10	5	
2026-05-13 06:00:00	58.44321	17.70972	40	0	17	0	0	0	0	0.005	13.8	8	996	18	1	34	0.5	164	-1300	14	2000	20	0	0	0	2	2	0	0	0	1	0	11	0	87	0	14	0	3	10	5	
2026-05-13 06:10:00	58.44081	17.71167	12	0	18	0	0	0	0	0.005	13.9	8	996	18	1	59	0.5	157	-1500	7	2000	20	0	0	1	2	2	2	0	0	1	0	7	0	86	0	7	0	3	10	5	
2026-05-13 06:20:00	58.43751	17.71245	12	0	19	0	0	0	0	0.005	13.8	8	996	18	1	29	0.6	173	-1900	5	2000	20	0	0	0	2	2	2	2	0	1	0	6	0	94	0	5	0	2	10	5	
2026-05-13 06:30:00	58.43472	17.71404	13	0	20	0	0	0	0	0.005	13.8	8	996	18	1	30	0.5	163	-2200	2	2000	20	0	0	0	2	2	2	2	0	0	0	8	0	91	0	4	0	2	10	5	
2026-05-13 06:40:00	58.43217	17.71497	13	0	21	0	0	0	0	0.005	13.8	8	996	18	1	33	0.5	169	-2500	0	2000	20	0	0	0	2	2	2	2	0	0	0	13	2	83	0	4	0	4	10	5	
2026-05-13 06:50:00	58.42899	17.71653	12	0	22	0	0	0	0	0.005	13.8	8	996	18	2	49	0.6	166	-2800	358	2000	20	0	0	0	2	2	2	2	0	0	0	0	0	97	0	4	0	0	10	5	
2026-05-13 07:00:00	58.42629	17.71587	13	0	23	0	0	0	0	0.005	13.7	8	996	18	1	27	0.5	188	-3100	359	2000	20	0	0	0	2	2	2	2	0	0	0	6	2	92	0	4	0	2	10	5	
2026-05-13 07:10:00	58.42383	17.7156	12	0	24	0	0	0	0	0.005	13.7	8	996	18	1	29	0.5	183	-3400	360	2000	20	0	0	0	2	2	2	2	0	0	0	5	0	94	0	4	0	2	10	5	
2026-05-13 07:20:00	58.42281	17.71665	12	0	25	0	0	1	0	0.005	13.7	8	996	18	1	29	0.2	152	-3500	359	2000	20	0	0	0	1	2	2	2	0	0	0	25	6	69	0	4	4	2	10	5	
2026-05-13 07:30:00	58.42284	17.71839	12	0	26	0	0	0	0	0.005	13.6	8	996	18	3	66	0.2	86	-3500	357	2000	20	0	0	0	1	1	2	2	0	0	0	0	14	79	0	4	4	0	10	5	
2026-05-13 07:40:00	58.4229	17.72046	14	0	27	0	0	0	0	0.005	13.6	8	996	18	1	30	0.2	87	-3500	355	2000	20	0	0	0	1	1	1	2	0	0	0	0	4	96	0	4	4	0	10	5	
2026-05-13 07:50:00	58.42296	17.72214	41	0	28	0	0	0	0	0.005	13.6	8	996	18	2	56	0.2	87	-3500	353	2000	20	0	0	0	1	1	1	1	0	0	0	0	7	88	0	4	4	0	10	5	
2026-05-13 08:00:00	58.42341	17.72364	13	0	29	0	0	0	0	0.005	13.6	8	996	18	2	87	0.2	60	-3400	352	2000	20	0	0	0	1	1	1	1	0	0	0	0	1	88	0	4	4	0	10	5	
2026-05-13 08:10:00	58.42389	17.7249	12	0	0	0	0	0	0	0.005	13.6	8	995	18	2	50	0.2	53	-3400	350	2000	20	0	0	1	1	1	1	1	0	0	0	0	5	92	0	4	4	0	10	5	
2026-05-13 08:30:00	58.42539	17.72697	13	0	2	0	0	0	0	0.005	13.6	8	995	18	3	93	0.2	31	-3200	348	2000	20	0	0	1	1	1	1	1	0	0	0	0	5	83	0	4	4	0	10	5	
2026-05-13 08:40:00	58.4262	17.72799	13	0	3	0	0	0	0	0.005	13.6	8	995	18	1	32	0.2	33	-3100	347	2000	20	0	0	1	1	1	1	1	0	0	0	0	4	96	0	4	4	0	10	5	
2026-05-13 08:50:00	58.42719	17.72934	12	0	4	0	0	0	0	0.005	13.6	8	995	18	1	41	0.2	35	-3000	345	2000	20	0	0	1	1	1	1	1	0	0	0	0	3	95	0	4	4	0	10	5	
2026-05-13 09:00:00	58.42824	17.73027	12	0	5	0	0	0	0	0.005	13.6	8	995	18	1	29	0.2	25	-2900	343	2000	20	0	0	1	1	1	1	1	0	0	0	0	5	96	0	4	4	0	10	5	
2026-05-13 09:10:00	58.42917	17.73129	12	0	6	0	0	0	0	0.005	13.5	8	995	18	1	32	0.2	30	-2700	342	2000	20	0	0	1	1	1	1	1	0	0	0	0	1	99	0	4	4	0	10	5	
2026-05-13 09:20:00	58.43055	17.73267	41	0	7	0	0	0	0	0.005	13.5	8	995	18	2	51	0.3	28	-2600	339	2000	20	0	0	1	1	1	1	1	0	0	0	0	2	94	0	4	4	0	10	5	
2026-05-13 09:30:00	58.43187	17.73387	12	0	8	0	0	0	0	0.005	13.5	8	995	18	1	57	0.3	25	-2400	337	2000	20	0	0	1	1	1	1	1	0	0	0	0	5	90	0	4	4	0	10	5	
2026-05-13 09:40:00	58.43295	17.7348	12	0	9	0	0	0	0	0.005	13.5	8	995	18	1	26	0.2	25	-2300	334	2000	20	0	0	1	1	1	1	1	0	0	0	0	6	95	0	4	4	0	10	5	
2026-05-13 09:50:00	58.43397	17.73582	12	0	10	0	0	0	0	0.005	13.5	8	995	18	2	45	0.2	27	-2200	332	2000	20	0	0	1	1	1	1	1	0	1	0	0	11	86	0	4	4	0	10	5	
2026-05-13 10:00:00	58.43493	17.73666	12	0	11	0	0	0	0	0.005	13.5	8	995	18	1	26	0.2	24	-2100	330	2000	20	0	0	1	1	1	1	1	0	1	0	0	9	92	0	4	4	0	10	5	
2026-05-13 10:10:00	58.43592	17.73756	13	0	12	0	0	0	0	0.005	13.5	8	995	18	1	28	0.2	26	-2000	328	2000	20	0	0	1	1	1	1	1	0	1	0	0	11	90	0	355	4	0	10	5	
2026-05-13 10:20:00	58.43682	17.73831	12	0	13	0	0	0	0	0.005	13.5	8	995	18	1	27	0.2	23	-1900	326	2000	20	0	0	1	1	1	1	1	0	1	0	0	14	87	0	343	4	0	10	5	
2026-05-13 10:30:00	58.43763	17.73906	12	0	14	0	0	0	0	0.005	13.5	8	995	18	1	30	0.2	25	-1800	323	2000	20	0	0	1	1	1	1	1	0	1	0	0	18	82	0	337	4	0	10	5	
2026-05-13 10:40:00	58.43865	17.74008	12	0	15	0	0	0	0	0.005	13.5	8	995	18	2	48	0.2	28	-1700	321	2000	20	0	0	1	1	1	1	1	0	1	0	0	10	87	0	330	4	0	10	5	
2026-05-13 10:50:00	58.4397	17.74104	12	0	16	0	0	0	0	0.005	13.5	8	995	18	2	52	0.2	25	-1500	318	2000	20	0	0	1	1	1	1	1	0	1	0	0	9	87	0	324	4	0	10	5	
2026-05-13 11:00:00	58.44084	17.74212	12	0	17	0	0	0	0	0.005	13.5	8	995	18	1	30	0.2	26	-1400	314	2000	20	0	0	1	1	1	1	1	0	1	0	0	15	86	0	319	4	0	10	5	
2026-05-13 11:10:00	58.44171	17.74314	12	0	18	0	0	0	0	0.005	13.5	8	995	18	1	31	0.2	31	-1300	311	2000	20	0	0	0	1	1	1	1	0	1	0	0	9	91	0	315	4	0	10	5	
2026-05-13 11:20:00	58.44243	17.74398	40	0	19	0	0	0	0	0.005	13.5	8	995	18	2	57	0.1	32	-1200	309	2000	20	0	0	0	1	1	1	1	0	1	0	5	21	69	0	312	4	0	10	5	
2026-05-13 11:30:00	58.44303	17.74473	12	0	20	0	0	0	0	0.005	13.4	8	995	18	1	58	0.1	33	-1200	307	2000	20	0	0	0	1	1	1	1	0	1	0	19	27	49	0	309	4	0	10	5	
2026-05-13 11:40:00	58.44369	17.74545	11	0	21	0	0	0	0	0.005	13.4	9	995	18	2	46	0.1	30	-1100	304	2000	20	0	0	0	1	1	1	1	0	1	0	28	25	44	0	307	4	0	10	5	
2026-05-13 11:50:00	58.44432	17.74608	11	0	22	0	0	1	0	0.005	13.4	9	995	18	1	29	0.1	28	-1000	302	2000	20	0	0	2	3	1	1	1	0	1	0	28	37	31	0	304	0	6	-10	5	
2026-05-13 12:00:00	58.44489	17.74686	12	0	23	0	0	0	0	0.005	13.4	9	995	18	1	29	0.1	35	-900	300	2000	20	0	0	2	3	3	1	1	0	1	0	54	26	17	0	302	0	7	-10	5	
2026-05-13 12:30:00	58.44804	17.75127	12	0	26	0	0	0	0	0.005	13.4	9	995	18	3	106	0.3	34	-600	289	2000	20	0	0	2	3	3	3	3	0	1	0	65	6	10	0	291	0	4	-10	5	
2026-05-13 12:40:00	58.4496	17.75301	12	0	27	0	0	0	0	0.005	13.7	9	995	18	2	50	0.3	30	-400	284	2000	20	0	0	2	3	3	3	3	0	1	0	75	2	17	0	285	0	4	-10	5	
2026-05-13 12:50:00	58.45098	17.75538	12	0	28	0	0	0	0	0.005	13.9	9	995	18	1	31	0.3	42	-200	280	2000	20	0	0	2	3	3	3	3	0	1	0	57	8	31	0	281	0	8	-10	5	
2026-05-13 13:00:00	58.45215	17.75898	12	0	29	0	0	0	0	0.005	13.8	9	995	18	1	26	0.4	58	-100	276	2000	20	0	0	2	3	3	3	3	0	1	0	65	7	26	0	277	0	6	-10	5	
2026-05-13 13:10:00	58.45335	17.76216	12	0	0	0	0	0	0	0.005	13.8	9	995	18	1	31	0.4	54	100	273	2000	20	0	0	2	3	3	3	3	0	1	0	60	9	26	0	272	0	6	-10	5	
2026-05-13 13:20:00	58.45458	17.76525	12	0	1	0	0	0	0	0.005	13.7	9	995	18	1	30	0.4	53	200	270	2000	20	0	0	2	3	3	3	3	0	1	0	64	7	26	0	268	0	6	-10	5	
2026-05-13 13:30:00	58.45599	17.76906	12	0	2	0	0	0	0	0.005	13.7	9	995	18	1	30	0.5	55	400	267	2000	20	0	0	2	3	3	3	3	0	1	0	88	1	10	0	263	0	3	-10	5	
2026-05-13 13:40:00	58.4577	17.77245	12	0	3	0	0	0	0	0.005	13.7	9	994	18	1	31	0.5	46	600	264	2000	20	0	0	2	3	3	3	3	0	1	0	80	3	15	0	257	0	3	-10	5	
2026-05-13 13:50:00	58.45998	17.7765	12	0	4	0	0	1	0	0.005	13.6	9	994	18	1	32	0.6	43	900	260	2000	300	1	0	0	2	3	3	3	0	1	0	4	0	95	0	249	0	2	10	5	
2026-05-13 14:00:00	58.45908	17.781	40	0	5	0	0	2	0	0.005	13.6	9	994	18	1	34	0.4	111	-800	176	2000	300	1	0	3	0	2	3	3	0	1	0	97	0	2	0	189	-4	2	-10	5	
2026-05-13 14:10:00	58.46055	17.78598	12	0	6	0	0	0	0	0.005	13.6	9	994	18	1	60	0.6	61	-1100	180	2000	300	1	0	3	3	0	2	3	0	1	0	94	0	0	0	199	0	1	-10	5	
2026-05-13 14:20:00	58.46271	17.78961	12	0	7	0	0	0	0	0.005	13.6	9	994	18	1	28	0.5	41	-1400	183	2000	300	1	0	3	3	3	0	2	0	1	0	91	0	9	0	208	0	1	-10	5	
2026-05-13 14:30:00	58.46466	17.7951	13	0	8	0	0	0	0	0.005	13.6	9	994	18	1	30	0.6	56	-1800	186	2000	300	1	0	2	3	3	3	0	0	1	0	100	0	0	0	225	0	1	-10	5	
2026-05-13 14:40:00	58.46448	17.80029	12	0	9	0	0	1	0	0.005	13.6	9	994	18	1	30	0.5	94	-2000	190	2000	300	0	0	1	0	3	3	3	0	1	0	100	0	0	0	243	-4	1	-10	5	
2026-05-13 14:50:00	58.46376	17.80458	12	0	10	0	0	0	0	0.005	13.6	9	994	18	1	28	0.4	108	-2200	193	2000	300	0	0	1	0	0	3	3	0	0	0	100	0	0	0	247	-4	0	-10	5	
2026-05-13 15:00:00	58.46298	17.80929	12	0	11	0	0	0	0	0.005	13.6	9	994	18	1	32	0.5	107	-2500	196	2000	300	0	0	1	0	0	0	3	0	0	0	100	0	0	0	252	-4	0	-10	5	
2026-05-13 15:10:00	58.46202	17.81436	11	0	12	0	0	0	0	0.005	13.6	9	994	18	2	57	0.5	110	-2700	200	2000	300	0	0	1	0	0	0	0	0	0	0	95	0	0	0	256	-4	0	-10	5	
2026-05-13 15:20:00	58.46109	17.81922	11	0	13	0	0	0	0	0.005	13.5	9	994	18	1	40	0.5	110	-3000	203	2000	300	0	0	1	0	0	0	0	0	0	0	99	0	0	0	257	-4	0	-10	5	
2026-05-13 15:30:00	58.45974	17.82426	13	0	14	0	0	0	0	0.005	13.5	9	994	18	1	31	0.5	117	-3200	207	2000	300	0	0	1	0	0	0	0	0	0	0	100	0	0	0	257	-4	0	-10	5	
2026-05-13 15:40:00	58.45824	17.82942	12	0	15	0	0	0	0	0.005	13.5	9	994	18	1	33	0.6	119	-3500	211	2000	300	0	0	1	0	0	0	0	0	0	0	99	1	0	0	257	-4	0	-10	5	
2026-05-13 15:50:00	58.45695	17.83491	12	0	16	0	0	0	0	0.005	13.5	8	994	18	1	35	0.6	114	-3700	215	2000	300	0	0	1	0	0	0	0	0	0	0	99	1	0	0	257	-4	0	-10	5	
2026-05-13 16:00:00	58.45623	17.84049	12	0	17	0	0	0	0	0.005	13.5	8	994	18	1	27	0.6	104	-4000	218	2000	300	0	0	1	0	0	0	0	0	0	0	79	3	19	0	257	-4	0	-10	5	
2026-05-13 16:30:00	58.45428	17.85486	12	0	20	0	0	0	0	0.005	13.5	8	994	18	3	85	0.5	111	-4800	226	2000	300	0	0	1	0	0	0	0	0	0	0	86	4	0	0	257	-4	0	-10	5	
2026-05-13 16:40:00	58.45278	17.86062	12	0	21	0	0	0	0	0.005	13.5	8	994	18	2	51	0.6	117	-5100	230	2000	300	0	0	1	0	0	0	0	0	0	0	96	0	0	0	257	-4	0	-10	5	
2026-05-13 16:50:00	58.45125	17.86536	12	0	22	0	0	0	0	0.005	13.5	8	994	18	1	30	0.5	121	-5300	233	2000	300	0	0	1	0	0	0	0	0	0	0	99	2	0	0	257	-4	0	-10	5	
2026-05-13 17:00:00	58.44957	17.87088	41	0	23	0	0	0	0	0.005	13.5	8	994	18	1	30	0.6	120	-5600	236	2000	300	0	0	1	0	0	0	0	0	0	0	100	0	0	0	257	-4	0	-10	5	
2026-05-13 17:10:00	58.44804	17.87586	13	0	24	0	0	0	0	0.005	13.5	8	994	18	1	59	0.6	120	-5800	239	2000	300	0	0	1	0	0	0	0	0	0	0	95	0	0	0	257	-4	0	-10	5	
2026-05-13 17:20:00	58.44621	17.88138	12	0	25	0	0	0	0	0.005	13.5	8	993	18	1	32	0.6	122	-6100	242	2000	300	0	0	1	0	0	0	0	0	0	0	100	0	0	0	257	-4	0	-10	5	
2026-05-13 17:30:00	58.44414	17.8869	12	0	26	0	0	0	0	0.005	13.5	8	994	18	1	26	0.7	126	-6400	245	2000	300	0	0	1	0	0	0	0	0	0	0	100	0	0	0	257	-4	0	-10	5	
2026-05-13 17:40:00	58.44225	17.89263	13	0	27	0	0	0	0	0.005	13.4	8	993	18	2	47	0.7	122	-6600	248	2000	300	0	0	1	0	0	0	0	0	0	0	95	2	0	0	257	-4	0	-10	5	
2026-05-13 17:50:00	58.44015	17.898	12	0	28	0	0	0	0	0.005	13.4	8	993	18	1	32	0.7	127	-6900	251	2000	300	0	0	1	0	0	0	0	0	0	0	100	0	0	0	257	-4	0	-10	5	
2026-05-13 18:00:00	58.43775	17.9028	16	0	29	0	0	0	0	0.005	13.4	8	994	18	1	30	0.6	133	-7100	254	2000	300	0	0	1	0	0	0	0	0	0	0	100	1	0	0	257	-4	0	-10	5	
2026-05-13 18:10:00	58.43559	17.90748	13	0	0	0	0	0	0	0.005	13.4	8	993	18	1	36	0.6	132	-7300	256	2000	300	0	0	1	0	0	0	0	0	0	0	99	0	0	0	257	-4	0	-10	5	
2026-05-13 18:20:00	58.4337	17.9127	13	0	1	0	0	0	0	0.005	13.4	8	993	18	1	31	0.6	124	-7600	258	2000	300	0	0	1	0	0	0	0	0	0	0	99	1	0	0	258	-4	0	-10	5	
2026-05-13 18:30:00	58.43148	17.91717	13	0	2	0	0	0	0	0.005	13.4	8	993	18	1	31	0.6	134	-7800	260	2000	300	0	0	1	0	0	0	0	0	0	0	100	0	0	0	260	-4	0	-10	5	
2026-05-13 19:30:00	58.41978	17.93958	12	0	8	0	0	0	0	0.005	13.4	8	993	18	0	105	0.5	135	-9000	270	2000	300	0	0	1	0	0	0	0	0	0	0	86	0	0	0	270	-4	0	-10	5	
2026-05-13 19:40:00	58.42032	17.9346	12	0	9	0	0	1	0	0.005	13.4	8	993	18	1	29	0.5	281	-8700	270	2000	210	0	0	1	1	0	0	0	0	0	0	8	0	92	0	270	4	2	10	5	
2026-05-13 19:50:00	58.42062	17.92902	15	0	10	0	0	0	0	0.005	13.4	8	993	18	2	47	0.5	276	-8300	269	2000	210	0	0	1	1	1	0	0	0	0	0	0	1	96	0	269	4	0	10	5	
2026-05-13 20:00:00	58.42092	17.92296	16	0	11	0	0	0	0	0.005	13.4	8	993	18	1	34	0.6	275	-8000	269	2000	210	0	0	1	1	1	1	0	0	0	0	0	0	100	0	269	4	0	10	5	
2026-05-13 20:10:00	58.42128	17.9175	41	0	12	0	0	0	0	0.005	13.4	8	993	18	1	33	0.5	277	-7700	269	2000	210	0	0	1	1	1	1	1	0	0	0	0	0	100	0	269	4	0	10	5	
2026-05-13 20:20:00	58.42176	17.91237	12	0	13	0	0	0	0	0.005	13.3	8	993	18	1	57	0.5	280	-7400	268	2000	210	0	0	1	1	1	1	1	0	0	0	0	2	93	0	268	4	0	10	5	
2026-05-13 20:30:00	58.4226	17.90697	13	0	14	0	0	0	0	0.005	13.3	8	993	18	1	27	0.5	287	-7100	267	2000	210	0	0	1	1	1	1	1	0	0	0	0	2	99	0	267	4	0	10	5	
2026-05-13 20:40:00	58.42314	17.90157	12	0	15	0	0	0	0	0.005	13.4	8	993	18	1	28	0.5	280	-6800	267	2000	210	0	0	1	1	1	1	1	0	0	0	0	0	100	0	267	4	0	10	5	
2026-05-13 20:50:00	58.42407	17.89647	12	0	16	0	0	0	0	0.005	13.3	8	993	18	1	28	0.5	289	-6500	266	2000	210	0	0	1	1	1	1	1	0	0	0	0	5	96	0	266	4	0	10	5	
2026-05-13 21:00:00	58.42497	17.89146	12	0	17	0	0	2	0	0.005	13.3	8	993	18	1	31	0.5	289	100	277	2000	210	0	0	1	1	1	1	1	0	1	0	0	0	100	0	274	4	0	10	5	
2026-05-13 21:10:00	58.42611	17.8851	12	0	18	0	0	0	0	0.005	13.3	8	993	18	1	28	0.6	289	200	277	2000	210	0	0	1	1	1	1	1	0	1	0	0	1	100	0	272	4	0	10	5	
2026-05-13 21:20:00	58.42692	17.87985	12	0	19	0	0	1	0	0.005	13.3	8	993	18	1	32	0.5	287	300	276	2000	210	1	0	1	1	1	1	1	0	1	0	0	3	97	0	271	4	0	10	5	
2026-05-13 21:30:00	58.42782	17.87487	12	0	20	0	0	0	0	0.005	13.3	8	993	18	1	32	0.5	289	300	276	2000	210	1	0	1	1	1	1	1	0	1	0	0	2	98	0	269	4	0	10	5	
2026-05-13 21:40:00	58.42941	17.86893	12	0	21	0	0	0	0	0.005	13.3	8	993	18	1	26	0.6	297	400	274	2000	210	1	0	1	1	1	1	1	0	1	0	0	3	98	0	265	4	0	10	5	
2026-05-13 21:50:00	58.43085	17.86326	12	0	22	0	0	0	0	0.005	13.3	8	992	18	1	34	0.6	296	600	273	2000	210	1	0	1	1	1	1	1	0	1	0	0	1	99	0	262	4	0	10	5	
2026-05-13 22:00:00	58.43193	17.85843	12	0	23	0	0	0	0	0.005	13.3	8	993	18	1	41	0.5	293	600	272	2000	210	1	0	1	1	1	1	1	0	1	0	0	2	96	0	260	4	0	10	5	
2026-05-13 22:10:00	58.43355	17.85327	11	0	24	0	0	0	0	0.005	13.3	8	993	18	1	38	0.6	301	800	270	2000	210	1	0	1	1	1	1	1	0	1	0	0	3	96	0	256	4	0	10	5	
2026-05-13 22:20:00	58.43508	17.84823	13	0	25	0	0	0	0	0.005	13.3	8	993	18	2	54	0.6	300	900	269	2000	210	1	0	1	1	1	1	1	0	1	0	0	0	96	0	252	4	0	10	5	
2026-05-13 22:30:00	58.43658	17.84286	13	0	26	0	0	0	0	0.005	13.3	8	993	18	2	46	0.6	298	1000	267	2000	210	1	0	1	1	1	1	1	0	1	0	0	1	96	0	248	4	0	10	5	
2026-05-13 22:40:00	58.43835	17.83842	12	0	27	0	0	0	0	0.005	13.3	8	992	18	1	30	0.5	307	1200	264	2000	210	1	0	1	1	1	1	1	0	1	0	0	12	89	0	242	4	0	10	5	
2026-05-13 22:50:00	58.44036	17.83317	12	0	28	0	0	0	0	0.005	13.3	8	993	18	2	48	0.6	306	1300	261	2000	210	1	0	0	1	1	1	1	0	1	0	0	5	92	0	236	4	0	10	5	
2026-05-13 23:00:00	58.43955	17.83599	14	0	29	0	0	0	0	0.005	13.3	8	992	18	1	27	0.3	119	1300	263	2000	215	1	0	1	0	1	1	1	0	1	0	84	8	8	0	238	-4	2	-10	5	
2026-05-13 23:10:00	58.44075	17.83206	41	0	0	0	0	0	0	0.005	13.3	8	992	18	1	34	0.4	300	1400	261	2000	210	1	0	1	1	0	1	1	0	1	0	6	1	89	0	234	4	2	10	5	
2026-05-13 23:20:00	58.44204	17.8278	12	0	1	0	0	0	0	0.005	13.3	8	993	18	1	60	0.5	300	1500	258	2000	210	1	0	1	1	1	0	1	0	1	0	0	3	92	0	230	4	0	10	5	
2026-05-13 23:30:00	58.4433	17.82393	12	0	2	0	0	0	0	0.005	13.3	8	992	18	1	27	0.4	302	1600	256	2000	210	1	0	1	1	1	1	0	0	1	0	0	11	90	0	225	4	0	10	5	
2026-05-13 23:40:00	58.4445	17.82012	12	0	3	0	0	0	0	0.005	13.3	7	992	18	1	30	0.4	301	1700	253	2000	210	1	0	1	1	1	1	1	0	1	0	0	2	99	0	220	4	0	10	5	
2026-05-13 23:50:00	58.44594	17.81568	12	0	4	0	0	0	0	0.005	13.3	7	992	18	2	57	0.5	302	1800	250	2000	210	1	0	0	1	1	1	1	0	1	0	0	0	95	0	212	4	0	10	5	
2026-05-14 00:00:00	58.4457	17.81838	17	0	5	0	0	0	0	0.005	13.3	7	992	18	2	49	0.3	100	1800	251	2000	205	1	0	1	0	1	1	1	0	1	0	86	2	8	0	213	-4	2	-10	5	
2026-05-14 00:10:00	58.4472	17.81493	15	0	6	0	0	0	0	0.005	13.3	7	992	18	1	38	0.4	310	2000	247	2000	210	1	0	0	1	0	1	1	0	1	0	6	0	92	0	200	4	2	10	5	
2026-05-14 00:20:00	58.44819	17.81739	15	0	7	0	0	0	0	0.005	13.3	7	992	18	1	31	0.3	52	2100	247	2000	190	1	0	0	0	1	0	1	0	1	0	71	4	24	0	188	-4	2	-10	5	
2026-05-14 00:30:00	58.44771	17.82276	14	0	8	0	0	0	0	0.005	13.3	7	992	18	1	34	0.5	100	2100	249	2000	190	1	0	0	0	0	1	0	0	1	0	100	0	0	0	188	-4	0	-10	5	
2026-05-14 00:40:00	58.44654	17.82801	40	0	9	0	0	0	0	0.005	13.2	7	992	18	1	31	0.5	113	2000	252	2000	190	1	0	0	0	0	0	1	0	1	0	98	2	0	0	194	-4	0	-10	5	
2026-05-14 00:50:00	58.4451	17.83278	11	0	10	0	0	0	0	0.005	13.3	7	992	18	1	65	0.6	120	1900	255	2000	190	1	0	0	0	0	0	0	0	1	0	92	2	0	0	209	-4	0	-10	5	
2026-05-14 01:00:00	58.44396	17.83719	11	0	11	0	0	0	0	0.005	13.3	7	992	18	1	30	0.5	117	1800	257	2000	190	1	0	1	0	0	0	0	0	1	0	100	0	0	0	215	-4	0	-10	5	
2026-05-14 01:10:00	58.44522	17.8314	11	0	12	0	0	0	0	0.005	13.2	7	992	18	1	32	0.6	293	1900	254	2000	205	1	0	1	1	0	0	0	0	1	0	6	0	93	0	209	4	2	10	5	
2026-05-14 01:30:00	58.44573	17.82891	11	0	14	0	0	0	0	0.005	13.2	7	992	18	3	96	0.4	114	1900	253	2000	205	1	0	0	0	1	1	0	0	1	0	80	0	6	0	205	-4	2	-10	5	
2026-05-14 01:40:00	58.44426	17.835	11	0	15	0	0	0	0	0.005	13.2	7	992	18	1	32	0.7	115	1800	256	2000	205	1	0	1	0	0	1	1	0	1	0	100	0	0	0	214	-4	0	-10	5	
2026-05-14 01:50:00	58.44528	17.82912	13	0	16	0	0	0	0	0.005	13.2	7	992	18	1	32	0.6	288	1900	254	2000	200	1	0	1	1	0	0	1	0	1	0	5	1	93	0	210	4	2	10	5	
2026-05-14 02:00:00	58.44615	17.82276	12	0	17	0	0	0	0	0.005	13.2	7	992	18	1	29	0.6	285	1900	251	2000	200	1	0	1	1	1	0	0	0	1	0	0	2	99	0	206	4	0	10	5	
2026-05-14 02:10:00	58.4469	17.81682	12	0	18	0	0	0	0	0.005	13.2	7	992	18	2	48	0.6	284	1900	248	2000	200	1	0	1	1	1	1	0	0	1	0	0	0	97	0	202	4	0	10	5	
2026-05-14 02:20:00	58.44783	17.81034	13	0	19	0	0	0	0	0.005	13.2	7	992	18	1	28	0.6	285	2000	245	2000	200	1	0	0	1	1	1	1	0	1	0	0	1	100	0	194	4	0	10	5	
2026-05-14 02:30:00	58.44672	17.8164	41	0	20	0	0	0	0	0.005	13.2	7	992	18	1	28	0.6	109	1900	249	2000	195	1	0	1	0	1	1	1	0	1	0	87	7	6	0	205	-4	2	-10	5	
2026-05-14 02:40:00	58.44831	17.81205	13	0	21	0	0	0	0	0.005	13.2	7	992	18	1	58	0.5	305	2100	245	2000	205	1	0	0	1	0	1	1	0	1	0	5	2	87	0	188	4	2	10	5	
2026-05-14 02:50:00	58.44717	17.81748	12	0	22	0	0	0	0	0.005	13.2	7	992	18	2	45	0.6	111	2000	248	2000	210	1	0	0	0	1	0	1	0	1	0	88	1	7	0	197	-4	2	-10	5	
2026-05-14 03:00:00	58.4454	17.82372	12	0	23	0	0	0	0	0.005	13.3	7	992	18	3	78	0.7	119	1800	253	2000	210	1	0	1	0	0	1	0	0	1	0	91	0	0	0	212	-4	0	-10	5	
2026-05-14 03:10:00	58.44654	17.82042	12	0	24	0	0	0	0	0.005	13.3	7	992	18	2	66	0.4	304	1900	250	2000	210	1	0	0	1	0	0	1	0	1	0	7	2	83	0	203	4	2	10	5	
2026-05-14 03:20:00	58.44582	17.82555	13	0	25	0	0	0	0	0.005	13.4	7	993	18	1	32	0.5	105	1900	252	2000	205	1	0	1	0	1	0	0	0	1	0	92	0	7	0	207	-4	2	-10	5	
2026-05-14 03:40:00	58.44729	17.82663	12	0	27	0	0	0	0	0.005	13.5	7	993	18	3	99	0.5	95	2100	251	2000	205	1	0	0	0	1	0	1	0	1	0	79	0	7	0	188	-4	2	-10	5	
2026-05-14 03:50:00	58.44636	17.83347	12	0	28	0	0	0	0	0.005	13.8	8	993	18	2	63	0.7	105	2000	253	2000	205	1	0	0	0	0	1	0	0	1	0	94	0	0	0	188	-4	0	-10	5	
2026-05-14 04:00:00	58.44528	17.84202	12	0	29	0	0	0	0	0.005	13.9	8	993	18	1	36	0.9	103	2000	256	2000	205	1	0	0	0	0	0	1	0	1	0	99	0	0	0	199	-4	0	-10	5	
2026-05-14 04:10:00	58.44417	17.85045	13	0	0	0	0	0	0	0.005	13.8	8	993	18	1	37	0.8	104	1900	259	2000	205	1	0	1	0	0	0	0	0	1	0	99	0	0	0	205	-4	0	-10	5	
2026-05-14 04:20:00	58.44411	17.84589	41	0	1	0	0	0	0	0.005	13.8	8	993	18	1	34	0.4	269	1900	258	2000	190	1	0	1	1	0	0	0	0	1	0	6	0	93	0	209	4	2	10	5	
2026-05-14 04:30:00	58.44384	17.84013	12	0	2	0	0	0	0	0.005	13.8	8	993	18	1	58	0.6	265	1800	258	2000	190	1	0	1	1	1	0	0	0	1	0	0	0	95	0	214	4	0	10	5	
2026-05-14 04:40:00	58.44354	17.83488	12	0	3	0	0	0	0	0.005	13.7	8	993	18	1	32	0.5	264	1700	257	2000	190	1	0	1	1	1	1	0	0	1	0	0	2	98	0	219	4	0	10	5	
2026-05-14 04:50:00	58.44351	17.82984	12	0	4	0	0	0	0	0.005	13.7	8	993	18	1	33	0.5	269	1700	256	2000	190	1	0	1	1	1	1	1	0	1	0	0	2	98	0	221	4	0	10	5	
2026-05-14 05:00:00	58.44348	17.82366	12	0	5	0	0	0	0	0.005	13.7	8	993	18	1	35	0.6	270	1600	255	2000	190	1	0	1	1	1	1	1	0	1	0	0	1	99	0	224	4	0	10	5	
2026-05-14 05:10:00	58.44303	17.81805	12	0	6	0	0	0	0	0.005	13.7	8	993	18	3	68	0.6	261	1500	255	2000	190	1	0	1	1	1	1	1	0	1	0	0	0	93	0	228	4	0	10	5	
2026-05-14 05:20:00	58.44279	17.81361	12	0	7	0	0	0	0	0.005	13.7	8	993	18	1	28	0.4	264	1500	254	2000	190	1	0	1	1	1	1	1	0	1	0	0	0	100	0	231	4	0	10	5	
2026-05-14 05:30:00	58.44264	17.80794	12	0	8	0	0	0	0	0.005	13.6	8	993	18	1	31	0.5	267	1400	253	2000	190	1	0	1	1	1	1	1	0	1	0	0	0	100	0	234	4	0	10	5	
2026-05-14 05:40:00	58.44264	17.80305	12	0	9	0	0	0	0	0.005	13.6	8	993	18	1	30	0.5	270	1400	251	2000	190	1	0	1	1	1	1	1	0	1	0	0	3	98	0	235	4	0	10	5	
2026-05-14 05:50:00	58.44237	17.79798	12	0	10	0	0	0	0	0.005	13.6	8	993	18	1	30	0.5	264	1300	250	2000	190	1	0	1	1	1	1	1	0	1	0	0	2	99	0	238	4	0	10	5	
2026-05-14 06:00:00	58.44216	17.79186	12	0	11	0	0	0	0	0.005	13.6	8	993	18	1	30	0.6	267	1200	247	2000	190	1	0	1	1	1	1	1	0	1	0	0	0	100	0	241	4	0	10	5	
2026-05-14 06:10:00	58.44183	17.78637	12	0	12	0	0	0	0	0.005	13.6	8	993	18	1	29	0.5	263	1100	245	2000	190	1	0	1	1	1	1	1	0	1	0	0	1	100	0	243	4	0	10	5	
2026-05-14 06:20:00	58.44108	17.78052	12	0	13	0	0	0	0	0.005	13.6	8	994	18	1	29	0.6	256	1700	243	2000	190	1	0	1	1	1	1	1	0	1	0	0	0	100	0	243	4	0	10	5	
2026-05-14 06:30:00	58.44054	17.7753	12	0	14	0	0	1	0	0.005	13.6	8	994	18	1	30	0.5	259	1400	239	2000	190	0	0	1	1	1	1	1	0	1	0	0	2	99	0	239	4	0	10	5	
2026-05-14 06:40:00	58.44009	17.76882	12	0	15	0	0	0	0	0.005	13.6	8	994	18	1	31	0.6	262	1100	232	2000	190	0	0	1	1	1	1	1	0	1	0	0	3	97	0	232	4	0	10	5	
2026-05-14 06:50:00	58.43958	17.76252	41	0	16	0	0	0	0	0.005	13.6	8	994	18	1	31	0.6	261	800	218	2000	190	0	0	1	1	1	1	1	1	1	0	0	1	99	0	218	4	0	10	5	
2026-05-14 07:00:00	58.43898	17.75799	12	0	17	0	0	0	0	0.005	13.6	8	994	18	1	58	0.5	256	600	202	2000	190	0	0	1	1	1	1	1	1	1	0	0	2	93	0	202	4	0	10	5	
2026-05-14 07:10:00	58.43844	17.7519	11	0	18	0	0	0	0	0.005	13.6	8	994	18	1	28	0.6	260	500	166	2000	190	0	0	0	1	1	1	1	1	1	0	0	0	100	0	166	4	0	10	5	
2026-05-14 07:20:00	58.43772	17.74515	12	0	19	0	0	0	0	0.005	13.5	8	994	18	3	79	0.7	259	700	130	2000	190	0	0	0	1	1	1	1	1	1	0	0	2	89	0	130	4	0	10	5	
2026-05-14 07:30:00	58.43724	17.73915	12	0	20	0	0	0	0	0.005	13.5	8	994	18	1	34	0.6	261	900	113	2000	190	0	0	0	1	1	1	1	1	1	0	0	0	100	0	113	4	0	10	5	
2026-05-14 07:40:00	58.43691	17.73285	12	0	21	0	0	0	0	0.005	13.5	8	994	18	1	34	0.6	264	1300	105	2000	190	0	0	3	1	1	1	1	0	1	0	0	3	97	0	105	4	0	10	5	
2026-05-14 07:50:00	58.43646	17.72676	13	0	22	0	0	0	0	0.005	13.5	8	995	18	3	62	0.6	262	1600	100	2000	190	0	0	3	1	1	1	1	0	1	0	0	3	91	0	100	4	0	10	5	
2026-05-14 08:00:00	58.43547	17.72079	41	0	23	0	0	0	0	0.005	13.5	8	995	18	2	49	0.6	253	-1900	95	2000	190	0	0	3	1	1	1	1	0	1	0	0	3	94	0	95	4	0	10	5	
2026-05-14 08:10:00	58.4349	17.72625	12	0	24	0	0	1	0	0.005	13.5	8	995	18	2	78	0.6	101	-1600	94	2000	175	0	0	3	0	1	1	1	0	1	0	80	3	7	0	94	-4	2	-10	5	
2026-05-14 08:20:00	58.434	17.73375	11	0	25	0	0	0	0	0.005	13.5	8	995	18	1	31	0.7	103	-1200	90	2000	175	0	0	3	0	0	1	1	0	1	0	100	0	0	0	90	-4	0	-10	5	
2026-05-14 08:30:00	58.43319	17.74101	12	0	26	0	0	0	0	0.005	13.5	8	995	18	1	31	0.7	102	-800	84	2000	175	0	0	3	0	0	0	1	1	1	0	100	0	0	0	84	-4	0	-10	5	
2026-05-14 08:40:00	58.43262	17.74734	11	0	27	0	0	0	0	0.005	13.5	8	995	18	1	31	0.6	100	-400	70	2000	175	0	0	3	0	0	0	0	1	1	0	84	16	0	0	70	-4	0	-10	5	
2026-05-14 08:50:00	58.43166	17.75439	12	0	28	0	0	0	0	0.005	13.5	8	995	18	1	31	0.7	105	-300	355	2000	175	0	0	1	0	0	0	0	1	1	0	100	0	0	0	355	-4	0	-10	5	
2026-05-14 09:00:00	58.43082	17.76189	12	0	29	0	0	0	0	0.005	13.5	8	995	18	1	36	0.7	102	-600	307	2000	175	0	0	2	0	0	0	0	1	1	0	99	0	0	0	307	-4	0	-10	5	
2026-05-14 09:10:00	58.4301	17.77014	11	0	0	0	0	0	0	0.005	13.5	8	995	18	2	54	0.8	100	-1000	294	2000	175	0	0	2	0	0	0	0	0	1	0	95	1	0	0	294	-4	0	-10	5	
2026-05-14 09:20:00	58.42947	17.77791	12	0	1	0	0	0	0	0.005	13.4	8	995	18	2	49	0.8	99	-1500	290	2000	175	0	0	2	0	0	0	0	0	1	0	94	3	0	0	290	-4	0	-10	5	
2026-05-14 09:30:00	58.42872	17.78649	13	0	2	0	0	0	0	0.005	13.4	9	996	18	1	31	0.8	99	-2000	287	2000	175	0	0	2	0	0	0	0	0	1	0	100	0	0	0	287	-4	0	-10	5	
2026-05-14 09:40:00	58.42806	17.79435	13	0	3	0	0	0	0	0.005	13.4	9	996	18	1	33	0.8	99	-300	286	2000	175	0	0	2	0	0	0	0	0	1	0	100	0	0	0	287	-4	0	-10	5	
2026-05-14 09:50:00	58.42719	17.80281	12	0	4	0	0	0	0	0.005	13.4	9	996	18	1	31	0.8	101	-300	285	2000	175	0	0	2	0	0	0	0	0	1	0	100	0	0	0	288	-4	0	-10	5	
2026-05-14 10:00:00	58.42626	17.81136	13	0	5	0	0	0	0	0.005	13.4	9	996	18	1	33	0.8	102	-400	284	2000	175	0	0	2	0	0	0	0	0	1	0	100	0	0	0	289	-4	0	-10	5	
2026-05-14 10:10:00	58.42524	17.81988	12	0	6	0	0	0	0	0.005	13.4	9	996	18	1	36	0.8	103	-400	284	2000	175	0	0	2	0	0	0	0	0	1	0	99	0	0	0	290	-4	0	-10	5	
2026-05-14 10:20:00	58.42413	17.82789	41	0	7	0	0	0	0	0.005	13.4	9	996	18	1	32	0.8	105	-500	284	2000	175	0	0	2	0	0	0	0	0	1	0	100	0	0	0	292	-4	0	-10	5	
2026-05-14 10:30:00	58.4232	17.83518	12	0	8	0	0	0	0	0.005	13.4	9	997	18	1	59	0.8	103	-500	284	2000	175	0	0	2	0	0	0	0	0	1	0	92	3	0	0	293	-4	0	-10	5	
2026-05-14 10:40:00	58.42206	17.84295	12	0	9	0	0	0	0	0.005	13.4	9	996	18	1	31	0.8	106	-600	284	2000	175	0	0	2	0	0	0	0	0	1	0	100	0	0	0	295	-4	0	-10	5	
2026-05-14 10:50:00	58.4208	17.8365	15	0	10	0	0	1	0	0.005	13.4	9	996	18	1	31	0.7	250	-800	287	2000	180	0	0	2	1	0	0	0	0	1	0	6	0	93	0	301	4	2	10	5	
2026-05-14 11:00:00	58.41915	17.8296	13	0	11	0	0	0	0	0.005	13.4	9	997	18	1	31	0.7	246	-1000	290	2000	180	0	0	2	1	1	0	0	0	1	0	0	0	100	0	308	4	0	10	5	
2026-05-14 11:10:00	58.41744	17.82267	12	0	12	0	0	0	0	0.005	13.4	9	997	18	1	33	0.7	245	-1300	295	2000	180	0	0	2	1	1	1	0	0	1	0	0	0	100	0	317	4	0	10	5	
2026-05-14 11:20:00	58.41573	17.81595	43	0	13	0	0	0	0	0.005	13.4	9	997	18	1	27	0.7	244	-1500	299	2000	180	0	0	2	1	1	1	1	0	1	0	0	0	100	0	327	4	0	10	5	
2026-05-14 11:30:00	58.41369	17.80971	18	0	14	0	0	0	0	0.005	13.4	9	997	18	2	74	0.7	238	-1800	305	2000	180	0	0	2	1	1	1	1	0	1	0	0	0	92	0	341	4	0	10	5	
2026-05-14 11:40:00	58.41195	17.80329	41	0	15	0	0	0	0	0.005	13.4	9	997	18	1	38	0.7	243	-2000	310	2000	180	0	0	3	1	1	1	1	0	1	0	0	0	99	0	8	4	0	10	5	
2026-05-14 11:50:00	58.41063	17.79753	12	0	16	0	0	0	0	0.005	13.4	9	997	18	1	59	0.6	246	-2200	316	2000	180	0	0	3	1	1	1	1	0	0	0	0	5	90	0	8	4	0	10	5	
2026-05-14 12:00:00	58.40961	17.79102	12	0	17	0	0	0	0	0.005	13.4	9	997	18	2	51	0.7	253	-2400	321	2000	180	0	0	3	1	1	1	1	0	0	0	0	6	90	0	8	4	0	10	5	
2026-05-14 12:10:00	58.40877	17.78481	12	0	18	0	0	0	0	0.005	13.4	9	997	18	2	46	0.6	255	-2500	327	2000	180	0	0	3	1	1	1	1	0	0	0	0	1	96	0	8	4	0	10	5	
2026-05-14 12:20:00	58.40778	17.77851	12	0	19	0	0	0	0	0.005	13.4	9	997	18	1	31	0.6	253	-2700	334	2000	180	0	0	3	1	1	1	1	0	0	0	0	1	99	0	8	4	0	10	5	
2026-05-14 12:30:00	58.40643	17.77188	12	0	20	0	0	0	0	0.005	13.4	9	997	18	1	31	0.7	249	-2900	341	2000	180	0	0	3	1	1	1	1	0	0	0	0	1	99	0	8	4	0	10	5	
2026-05-14 12:40:00	58.40514	17.7657	13	0	21	0	0	0	0	0.005	13.4	9	997	18	1	29	0.6	248	-3100	348	2000	180	0	0	3	1	1	1	1	0	0	0	0	0	100	0	8	4	0	10	5	
2026-05-14 12:50:00	58.40424	17.7594	13	0	22	0	0	0	0	0.005	13.4	9	997	18	1	31	0.6	255	-3200	355	2000	180	0	0	3	1	1	1	1	0	0	0	0	1	99	0	8	4	0	10	5	
2026-05-14 13:00:00	58.40328	17.75376	13	0	23	0	0	0	0	0.005	13.4	9	997	18	1	32	0.6	252	-3400	0	2000	180	0	0	3	1	1	1	1	0	0	0	0	2	98	0	8	4	0	10	5	
2026-05-14 13:10:00	58.40247	17.74827	13	0	24	0	0	0	0	0.005	13.7	9	997	18	1	29	0.6	254	-3500	5	2000	180	0	0	3	1	1	1	1	0	0	0	0	0	100	0	8	4	0	10	5	
2026-05-14 13:20:00	58.40166	17.74245	12	0	25	0	0	0	0	0.005	13.7	8	998	18	1	28	0.6	255	-3600	11	2000	180	0	0	3	1	1	1	1	0	0	0	0	0	100	0	11	4	0	10	5	
2026-05-14 13:30:00	58.40091	17.73747	12	0	26	0	0	0	0	0.005	13.7	8	998	18	1	34	0.5	254	-3800	15	2000	180	0	0	3	1	1	1	1	0	0	0	0	0	100	0	15	4	0	10	5	
2026-05-14 13:40:00	58.40004	17.73234	12	0	27	0	0	0	0	0.005	13.6	8	998	18	1	32	0.5	252	-4000	18	2000	180	0	0	3	1	1	1	1	0	0	0	0	1	99	0	18	4	0	10	5	
2026-05-14 13:50:00	58.39896	17.72682	11	0	28	0	0	0	0	0.005	13.6	8	997	18	1	25	0.6	249	-4200	22	2000	180	0	0	3	1	1	1	1	0	0	0	0	0	100	0	22	4	0	10	5	
2026-05-14 14:00:00	58.40382	17.71938	40	0	29	0	0	1	0	0.005	13.6	8	998	18	2	63	1.1	321	-3900	31	2000	180	0	0	3	2	1	1	1	0	0	0	0	0	93	0	31	0	1	10	5	
2026-05-14 14:10:00	58.40895	17.71248	12	0	0	0	0	0	0	0.005	13.6	9	997	18	1	58	1.2	325	-3700	41	2000	180	0	0	3	2	2	1	1	0	0	0	0	0	95	0	41	0	0	10	5	
2026-05-14 14:20:00	58.4151	17.71089	12	0	1	0	0	0	0	0.005	13.6	9	998	18	1	31	1.2	352	-3300	50	2000	180	0	0	3	2	2	2	1	0	0	0	5	0	94	0	50	0	2	10	5	
2026-05-14 14:30:00	58.42212	17.70666	14	0	2	0	0	0	0	0.005	13.6	9	998	18	1	27	1.4	343	-3000	65	2000	180	0	0	3	2	2	2	2	0	0	0	0	0	100	0	65	0	0	10	5	
2026-05-14 14:40:00	58.42773	17.70525	12	0	3	0	0	0	0	0.005	13.6	9	997	18	1	32	1.1	352	-2900	76	2000	180	0	0	3	2	2	2	2	0	0	1	5	0	94	0	76	0	2	10	5	
2026-05-14 14:50:00	58.43337	17.70561	12	0	4	0	0	0	0	0.005	13.6	9	998	18	1	30	1	2	-2800	89	2000	180	0	0	3	2	2	2	2	0	0	0	5	1	93	0	89	0	2	10	5	
2026-05-14 15:10:00	58.44333	17.70036	12	0	6	0	0	0	0	0.005	13.5	9	998	18	3	78	0.9	343	3300	109	2000	180	0	0	3	2	2	2	2	0	0	0	5	0	85	0	109	0	2	10	5	
2026-05-14 15:20:00	58.4481	17.69958	12	0	7	0	0	0	0	0.005	13.5	9	998	18	1	32	0.9	355	3500	116	2000	180	0	0	0	2	2	2	2	0	0	0	6	1	92	0	116	0	2	10	5	
2026-05-14 15:30:00	58.45248	17.69811	12	0	8	0	0	0	0	0.005	13.5	9	998	18	1	35	0.8	350	3800	122	2000	180	0	0	0	2	2	2	2	0	0	0	6	0	89	0	122	0	2	10	5	
2026-05-14 15:40:00	58.45452	17.69442	12	0	9	0	0	0	0	0.005	13.5	9	998	18	3	87	0.5	317	4200	123	2000	180	0	0	0	2	2	2	2	0	0	0	5	1	82	0	123	0	2	10	5	
2026-05-14 15:50:00	58.45644	17.68983	13	0	10	0	0	0	0	0.005	13.5	9	998	18	1	34	0.6	309	4500	124	2000	180	0	0	0	2	2	2	2	0	0	0	0	0	100	0	124	0	0	10	5	
2026-05-14 16:00:00	58.46031	17.68734	41	0	11	0	0	0	0	0.005	13.5	8	998	18	1	32	0.7	341	4900	127	2000	180	0	0	0	2	2	2	2	0	0	0	0	0	100	0	127	0	0	10	5	
2026-05-14 16:10:00	58.46238	17.6829	11	0	12	0	0	0	0	0.005	13.4	8	998	18	1	60	0.6	312	5200	127	2000	180	0	0	0	2	2	2	2	0	0	0	6	1	85	0	127	0	4	10	5	
2026-05-14 16:20:00	58.46526	17.67897	12	0	13	0	0	0	0	0.005	13.4	8	998	18	1	33	0.7	324	5600	129	2000	180	0	0	0	2	2	2	2	0	0	0	0	0	100	0	129	0	0	10	5	
2026-05-14 16:40:00	58.47048	17.6691	12	0	15	0	0	0	0	0.005	13.4	8	998	18	3	101	0.6	305	6400	129	2000	180	0	0	0	2	2	2	2	0	0	0	0	0	86	0	129	0	0	10	5	
2026-05-14 16:50:00	58.47243	17.67153	12	0	16	0	0	1	0	0.005	13.4	8	998	18	2	59	0.4	33	6400	132	2000	180	1	0	1	0	2	2	2	0	0	0	57	12	25	0	132	-4	2	-10	5	
2026-05-14 17:00:00	58.47177	17.66925	13	0	17	0	0	2	0	0.005	13.4	8	998	18	1	32	0.3	240	900	221	2000	135	1	0	1	1	0	2	2	0	1	0	11	0	88	0	198	4	2	10	5	
2026-05-14 17:10:00	58.47048	17.66703	13	0	18	0	0	0	0	0.005	13.4	8	998	18	1	32	0.3	222	900	221	2000	135	1	0	1	1	1	0	2	0	1	0	0	0	100	0	198	4	0	10	5	
2026-05-14 17:20:00	58.46925	17.66514	41	0	19	0	0	0	0	0.005	13.4	8	998	18	1	30	0.3	219	900	221	2000	135	1	0	1	1	1	1	0	0	1	0	0	1	99	0	198	4	0	10	5	
2026-05-14 17:30:00	58.46781	17.66364	12	0	20	0	0	0	0	0.005	13.4	8	998	18	1	57	0.3	209	800	221	2000	135	1	0	1	1	1	1	1	0	1	0	0	0	95	0	200	4	0	10	5	
2026-05-14 17:40:00	58.46619	17.66103	12	0	21	0	0	0	0	0.005	13.4	8	999	18	2	45	0.4	220	800	221	2000	135	1	0	1	1	1	1	1	0	1	0	0	0	98	0	201	4	0	10	5	
2026-05-14 17:50:00	58.46415	17.65734	13	0	22	0	0	0	0	0.005	13.4	8	999	18	1	27	0.5	223	800	221	2000	135	1	0	1	1	1	1	1	0	1	0	0	0	100	0	201	4	0	10	5	
2026-05-14 18:00:00	58.46268	17.65431	12	0	23	0	0	0	0	0.005	13.4	8	999	18	1	31	0.4	227	800	221	2000	135	1	0	1	1	1	1	1	0	1	0	0	0	100	0	200	4	0	10	5	
2026-05-14 18:10:00	58.46136	17.64984	12	0	24	0	0	0	0	0.005	13.4	8	998	18	1	30	0.5	240	900	220	2000	135	1	0	1	1	1	1	1	0	1	0	0	0	100	0	198	4	0	10	5	
2026-05-14 18:20:00	58.46037	17.64609	13	0	25	0	0	0	0	0.005	13.5	8	999	18	1	37	0.4	243	1000	220	2000	135	1	0	1	1	1	1	1	0	1	0	0	2	97	0	195	4	0	10	5	
2026-05-14 18:30:00	58.45941	17.64219	12	0	26	0	0	0	0	0.005	13.5	8	999	18	2	48	0.4	245	1100	220	2000	135	1	0	1	1	1	1	1	0	1	0	0	1	96	0	192	4	0	10	5	
2026-05-14 18:40:00	58.45815	17.63835	12	0	27	0	0	0	0	0.005	13.6	8	998	18	1	29	0.4	238	1100	219	2000	135	1	0	1	1	1	1	1	0	1	0	0	1	100	0	190	4	0	10	5	
2026-05-14 18:50:00	58.45698	17.63355	12	0	28	0	0	0	0	0.005	13.6	8	999	18	1	28	0.5	245	1200	218	2000	135	1	0	1	1	1	1	1	0	1	0	0	1	100	0	187	4	0	10	5	
2026-05-14 19:00:00	58.45557	17.6298	13	0	29	0	0	0	0	0.005	13.6	8	999	18	1	40	0.4	235	1300	218	2000	135	1	0	1	1	1	1	1	0	1	0	0	0	99	0	185	4	0	10	5	
2026-05-14 19:10:00	58.45401	17.62557	12	0	0	0	0	0	0	0.005	13.6	8	999	18	1	31	0.5	235	1300	218	2000	135	1	0	1	1	1	1	1	0	1	0	0	1	99	0	183	4	0	10	5	
2026-05-14 19:30:00	58.4514	17.61756	41	0	2	0	0	0	0	0.005	13.6	8	999	18	3	82	0.5	242	1500	217	2000	135	1	0	1	1	1	1	1	0	1	0	0	1	89	0	178	4	0	10	5	
2026-05-14 19:40:00	58.45065	17.61228	13	0	3	0	0	0	0	0.005	13.6	8	999	18	1	59	0.6	255	1600	215	2000	135	1	0	0	1	1	1	1	0	1	0	0	0	95	0	171	4	0	10	5	
2026-05-14 19:50:00	58.45062	17.61714	12	0	4	0	0	0	0	0.005	13.6	8	999	18	1	33	0.5	90	1400	217	2000	170	1	0	1	0	1	1	1	0	1	0	87	5	7	0	179	-4	2	-10	5	
2026-05-14 20:00:00	58.44948	17.61363	12	0	5	0	0	0	0	0.005	13.6	8	1000	18	1	33	0.4	238	1500	216	2000	165	1	0	1	1	0	1	1	0	1	0	8	3	88	0	177	4	2	10	5	
2026-05-14 20:10:00	58.4478	17.60895	12	0	6	0	0	0	0	0.005	13.6	8	999	18	1	26	0.6	235	1500	216	2000	165	1	0	1	1	1	0	1	0	1	0	0	4	97	0	174	4	0	10	5	
2026-05-14 20:20:00	58.44591	17.60409	11	0	7	0	0	0	0	0.005	13.5	8	999	18	2	45	0.6	233	1600	215	2000	165	1	0	1	1	1	1	0	0	1	0	0	1	97	0	172	4	0	10	5	
2026-05-14 20:30:00	58.44402	17.59923	12	0	8	0	0	0	0	0.005	13.5	8	1000	18	1	27	0.6	233	1600	214	2000	165	1	0	1	1	1	1	1	0	1	0	0	0	100	0	169	4	0	10	5	
2026-05-14 20:40:00	58.4424	17.59554	12	0	9	0	0	2	0	0.005	13.5	8	999	18	2	55	0.5	230	-100	237	2000	165	1	0	2	1	1	1	1	0	1	0	0	1	95	0	239	4	0	10	5	
2026-05-14 20:50:00	58.44525	17.58933	12	0	10	0	0	0	0	0.005	13.5	8	1000	18	1	28	0.8	311	400	235	2000	165	1	0	1	2	1	1	1	0	1	0	4	0	95	0	225	0	3	10	5	
2026-05-14 21:00:00	58.4442	17.58339	13	0	11	0	0	0	0	0.005	13.5	8	1000	18	1	33	0.6	251	500	235	2000	165	1	0	1	1	2	1	1	0	1	0	0	1	99	0	223	4	1	10	5	
2026-05-14 21:10:00	58.44237	17.57748	13	0	12	0	0	0	0	0.005	13.5	8	1000	18	1	29	0.7	240	500	235	2000	165	1	0	1	1	1	2	1	0	1	0	0	0	100	0	222	4	0	10	5	
2026-05-14 21:20:00	58.44066	17.57172	12	0	13	0	0	0	0	0.005	13.5	8	1000	18	1	30	0.6	240	500	235	2000	165	1	0	1	1	1	1	2	0	1	0	0	0	100	0	221	4	0	10	5	
2026-05-14 21:30:00	58.4391	17.56632	41	0	14	0	0	0	0	0.005	13.5	8	1000	18	1	28	0.6	241	600	235	2000	165	1	0	1	1	1	1	1	0	1	0	0	4	97	0	220	4	0	10	5	
2026-05-14 21:40:00	58.43799	17.56086	12	0	15	0	0	0	0	0.005	13.5	8	1000	18	2	75	0.6	249	600	235	2000	165	1	0	1	1	1	1	1	0	1	0	0	2	89	0	218	4	0	10	5	
2026-05-14 21:50:00	58.43667	17.55429	13	0	16	0	0	0	0	0.005	13.5	8	1000	18	1	28	0.7	249	700	234	2000	165	1	0	1	1	1	1	1	0	1	0	0	1	100	0	215	4	0	10	5	
2026-05-14 22:00:00	58.43547	17.54805	19	0	17	0	0	0	0	0.005	13.5	8	1000	18	1	31	0.6	250	800	234	2000	165	1	0	1	1	1	1	1	0	1	0	0	0	100	0	213	4	0	10	5	
2026-05-14 22:10:00	58.43424	17.54226	17	0	18	0	0	0	0	0.005	13.4	8	1000	18	1	37	0.6	248	900	234	2000	165	1	0	1	1	1	1	1	0	1	0	0	4	95	0	210	4	0	10	5	
2026-05-14 22:20:00	58.43286	17.53647	17	0	19	0	0	0	0	0.005	13.4	8	1001	18	1	37	0.6	246	900	233	2000	165	1	0	1	1	1	1	1	0	1	0	0	0	99	0	208	4	0	10	5	
2026-05-14 22:30:00	58.43178	17.53164	31	0	20	0	0	0	0	0.005	13.4	8	1000	18	1	34	0.5	247	1000	233	2000	165	1	0	1	1	1	1	1	0	1	0	0	5	95	0	207	4	0	10	5	
2026-05-14 22:40:00	58.43088	17.5263	12	0	21	0	0	0	0	0.005	13.4	8	1000	18	1	46	0.6	252	1100	233	2000	165	1	0	1	1	1	1	1	0	1	0	0	2	95	0	204	4	0	10	5	
2026-05-14 22:50:00	58.42959	17.52066	12	0	22	0	0	0	0	0.005	13.4	8	1001	18	1	32	0.6	246	1100	232	2000	165	1	0	1	1	1	1	1	0	1	0	0	0	100	0	202	4	0	10	5	
2026-05-14 23:30:00	58.42668	17.49879	12	0	26	0	0	0	0	0.005	13.4	8	1001	18	3	87	0.6	250	1600	230	2000	165	1	0	1	1	1	1	1	0	1	0	0	0	89	0	184	4	0	10	5	
2026-05-14 23:40:00	58.4256	17.49345	13	0	27	0	0	0	0	0.005	13.4	8	1001	18	3	86	0.6	249	1600	230	2000	165	1	0	1	1	1	1	1	0	1	0	0	1	88	0	181	4	0	10	5	
2026-05-14 23:50:00	58.42443	17.48778	12	0	28	0	0	0	0	0.005	13.4	8	1001	18	1	28	0.6	249	1700	230	2000	165	1	0	0	1	1	1	1	0	1	0	0	1	100	0	177	4	0	10	5	
2026-05-15 00:00:00	58.42425	17.49186	13	0	29	0	0	0	0	0.005	13.4	8	1001	18	1	31	0.4	95	1600	230	2000	170	1	0	1	0	1	1	1	0	1	0	91	0	8	0	185	-4	2	-10	5	
2026-05-15 00:10:00	58.42347	17.48679	12	0	0	0	0	0	0	0.005	13.4	8	1001	18	1	29	0.5	254	1700	230	2000	175	1	0	0	1	0	1	1	0	1	0	7	0	93	0	180	4	2	10	5	
2026-05-15 00:20:00	58.42335	17.49027	13	0	1	0	0	0	0	0.005	13.4	8	1001	18	1	30	0.3	94	1500	230	2000	170	1	0	1	0	1	0	1	0	1	0	93	0	6	0	186	-4	2	-10	5	
2026-05-15 00:30:00	58.42269	17.48556	13	0	2	0	0	0	0	0.005	13.4	8	1001	18	1	30	0.5	255	1600	230	2000	175	1	0	1	1	0	1	0	0	1	0	10	1	86	0	182	4	2	10	5	
2026-05-15 00:40:00	58.42143	17.47977	12	0	3	0	0	0	0	0.005	13.4	8	1001	18	1	30	0.6	247	1700	229	2000	175	1	0	1	1	1	0	1	0	1	0	0	0	100	0	178	4	0	10	5	
2026-05-15 00:50:00	58.42026	17.47383	12	0	4	0	0	0	0	0.005	13.4	8	1001	18	1	27	0.6	249	1800	229	2000	175	1	0	0	1	1	1	0	0	1	0	0	0	100	0	173	4	0	10	5	
2026-05-15 01:00:00	58.42011	17.47836	12	0	5	0	0	0	0	0.005	13.3	8	1001	18	1	27	0.4	93	1600	230	2000	170	1	0	1	0	1	1	1	0	1	0	94	0	6	0	182	-4	2	-10	5	
2026-05-15 01:10:00	58.41951	17.47296	14	0	6	0	0	0	0	0.005	13.3	8	1001	18	1	27	0.5	258	1700	229	2000	175	1	0	0	1	0	1	1	0	1	0	8	0	92	0	176	4	2	10	5	
2026-05-15 01:20:00	58.41921	17.47755	12	0	7	0	0	0	0	0.005	13.3	8	1001	18	1	35	0.4	97	1600	230	2000	175	1	0	1	0	1	0	1	0	1	0	91	0	7	0	185	-4	2	-10	5	
2026-05-15 01:30:00	58.41837	17.47299	14	0	8	0	0	0	0	0.005	13.3	8	1002	18	1	30	0.5	251	1600	229	2000	175	1	0	1	1	0	1	0	0	1	0	8	0	91	0	182	4	2	10	5	
2026-05-15 01:40:00	58.41714	17.46759	40	0	9	0	0	0	0	0.005	13.3	8	1002	18	1	32	0.5	246	1700	229	2000	175	1	0	1	1	1	0	1	0	1	0	0	5	95	0	178	4	0	10	5	
2026-05-15 01:50:00	58.41639	17.46303	11	0	10	0	0	0	0	0.005	13.3	8	1002	18	1	59	0.5	252	1800	228	2000	175	1	0	0	1	1	1	0	0	1	0	14	6	75	0	174	4	0	10	5	
2026-05-15 02:00:00	58.4163	17.46708	12	0	11	0	0	0	0	0.005	13.3	8	1002	18	1	26	0.4	92	1600	229	2000	170	1	0	1	0	1	1	1	0	1	0	93	0	7	0	182	-4	2	-10	5	
2026-05-15 02:10:00	58.41519	17.46267	12	0	12	0	0	0	0	0.005	13.3	8	1002	18	1	31	0.5	245	1700	229	2000	165	1	0	1	1	0	1	1	0	1	0	8	0	91	0	180	4	2	10	5	
2026-05-15 02:20:00	58.41453	17.45832	12	0	13	0	0	0	0	0.005	13.3	8	1002	18	1	31	0.4	253	1800	228	2000	165	1	0	0	1	1	0	1	0	1	0	14	6	80	0	175	4	0	10	5	
2026-05-15 02:30:00	58.41492	17.46189	13	0	14	0	0	0	0	0.005	13.3	8	1002	18	1	26	0.4	78	1700	229	2000	165	1	0	1	0	1	1	0	0	1	0	93	1	6	0	180	-4	2	-10	5	
2026-05-15 02:40:00	58.41333	17.45772	12	0	15	0	0	0	0	0.005	13.3	8	1002	18	2	49	0.5	234	1700	229	2000	155	1	0	1	1	0	1	1	0	1	0	7	1	88	0	180	4	2	10	5	
2026-05-15 02:50:00	58.41144	17.45304	13	0	16	0	0	0	0	0.005	13.3	8	1002	18	1	28	0.6	232	1600	229	2000	155	1	0	1	1	1	0	1	0	1	0	0	0	100	0	182	4	0	10	5	
2026-05-15 03:20:00	58.40622	17.4375	12	0	19	0	0	0	0	0.005	13.4	8	1002	18	3	108	0.6	243	1700	228	2000	155	1	0	1	1	1	1	1	0	1	0	0	0	85	0	181	4	0	10	5	
2026-05-15 03:30:00	58.40472	17.43156	13	0	20	0	0	0	0	0.005	13.5	8	1003	18	2	72	0.6	244	1700	227	2000	155	1	0	1	1	1	1	1	0	1	0	0	0	92	0	178	4	0	10	5	
2026-05-15 03:40:00	58.4028	17.42532	12	0	21	0	0	0	0	0.005	13.5	8	1003	18	1	35	0.7	239	1700	227	2000	155	1	0	1	1	1	1	1	0	1	0	0	0	100	0	177	4	0	10	5	
2026-05-15 03:50:00	58.40088	17.4192	12	0	22	0	0	0	0	0.005	13.6	8	1003	18	1	28	0.7	239	1700	226	2000	155	1	0	1	1	1	1	1	0	1	0	0	0	100	0	176	4	0	10	5	
2026-05-15 04:00:00	58.39965	17.4132	12	0	23	0	0	0	0	0.005	13.7	8	1003	18	1	27	0.6	249	1800	225	2000	155	1	0	0	1	1	1	1	0	1	0	0	4	97	0	170	4	0	10	5	
2026-05-15 04:10:00	58.39875	17.41794	12	0	24	0	0	0	0	0.005	13.9	8	1003	18	1	27	0.5	110	1600	227	2000	175	1	0	1	0	1	1	1	0	1	0	94	0	6	0	184	-4	2	-10	5	
2026-05-15 04:20:00	58.3983	17.41185	12	0	25	0	0	0	0	0.005	13.9	8	1003	18	1	34	0.6	262	1700	225	2000	185	1	0	0	1	0	1	1	0	1	0	7	0	92	0	176	4	2	10	5	
2026-05-15 04:30:00	58.39749	17.41623	13	0	26	0	0	0	0	0.005	13.8	8	1003	18	1	32	0.5	110	1500	227	2000	185	1	0	1	0	1	0	1	0	1	0	92	1	6	0	187	-4	2	-10	5	
2026-05-15 04:40:00	58.39713	17.40996	13	0	27	0	0	0	0	0.005	13.8	8	1003	18	1	34	0.6	264	1700	226	2000	185	1	0	0	1	0	1	0	0	1	0	8	1	86	0	178	4	2	10	5	
2026-05-15 04:50:00	58.39611	17.4141	12	0	28	0	0	0	0	0.005	13.8	8	1003	18	1	31	0.4	115	1500	227	2000	185	1	0	1	0	1	0	1	0	1	0	93	0	6	0	189	-4	2	-10	5	
2026-05-15 05:00:00	58.39527	17.40834	13	0	29	0	0	0	0	0.005	13.7	8	1003	18	1	30	0.6	255	1600	226	2000	180	1	0	0	1	0	1	0	0	1	0	7	4	88	0	184	4	2	10	5	
2026-05-15 05:10:00	58.39443	17.41248	41	0	0	0	0	0	0	0.005	13.7	8	1003	18	1	36	0.4	112	1400	228	2000	180	1	0	1	0	1	0	1	0	1	0	92	1	5	0	193	-4	2	-10	5	
2026-05-15 05:20:00	58.3938	17.40783	13	0	1	0	0	0	0	0.005	13.7	8	1003	18	2	87	0.5	256	1500	227	2000	180	1	0	1	1	0	1	0	0	1	0	9	5	74	0	189	4	2	10	5	
2026-05-15 05:30:00	58.39293	17.4012	13	0	2	0	0	0	0	0.005	13.6	8	1003	18	1	32	0.7	256	1600	225	2000	180	1	0	0	1	1	0	1	0	1	0	0	3	97	0	184	4	0	10	5	
2026-05-15 05:40:00	58.39197	17.40546	12	0	3	0	0	0	0	0.005	13.6	8	1004	18	1	37	0.5	113	1400	227	2000	180	1	0	1	0	1	1	0	0	1	0	92	0	6	0	193	-4	2	-10	5	
2026-05-15 05:50:00	58.39176	17.40048	12	0	4	0	0	2	0	0.005	13.6	8	1003	18	1	30	0.5	265	0	243	2000	190	1	0	1	1	0	1	1	0	1	0	6	6	87	0	243	4	2	10	5	
2026-05-15 06:00:00	58.3911	17.39529	12	0	5	0	0	0	0	0.005	13.6	8	1004	18	1	29	0.5	256	100	242	2000	190	1	0	1	1	1	0	1	0	1	0	0	5	96	0	241	4	0	10	5	
2026-05-15 06:10:00	58.39011	17.38896	11	0	6	0	0	0	0	0.005	13.6	8	1004	18	1	28	0.6	254	100	242	2000	190	1	0	1	1	1	1	0	0	1	0	0	3	98	0	239	4	0	10	5	
2026-05-15 06:20:00	58.38915	17.38347	12	0	7	0	0	0	0	0.005	13.6	8	1004	18	1	25	0.6	251	200	241	2000	190	1	0	1	1	1	1	1	0	1	0	0	2	99	0	237	4	0	10	5	
2026-05-15 06:30:00	58.38813	17.37729	11	0	8	0	0	0	0	0.005	13.6	8	1004	18	1	30	0.6	252	300	241	2000	190	1	0	1	1	1	1	1	0	1	0	0	3	98	0	236	4	0	10	5	
2026-05-15 06:40:00	58.38657	17.37198	11	0	9	0	0	0	0	0.005	13.6	8	1004	18	1	25	0.6	241	200	241	2000	190	1	0	1	1	1	1	1	0	1	0	0	1	100	0	236	4	0	10	5	
2026-05-15 06:50:00	58.38525	17.3664	13	0	10	0	0	0	0	0.005	13.6	8	1004	18	1	28	0.6	246	300	240	2000	190	1	0	1	1	1	1	1	0	1	0	0	3	98	0	235	4	0	10	5	
2026-05-15 07:00:00	58.38432	17.36145	12	0	11	0	0	0	0	0.005	13.6	8	1004	18	2	50	0.5	250	300	240	2000	190	1	0	1	1	1	1	1	0	1	0	0	0	97	0	234	4	0	10	5	
2026-05-15 07:10:00	58.38327	17.35599	41	0	12	0	0	0	0	0.005	13.6	8	1004	18	1	32	0.5	250	300	239	2000	190	1	0	1	1	1	1	1	0	1	0	0	1	99	0	233	4	0	10	5	
2026-05-15 07:20:00	58.38198	17.35107	11	0	13	0	0	0	0	0.005	13.5	8	1005	18	2	85	0.6	243	300	239	2000	190	1	0	1	1	1	1	1	0	1	0	0	5	84	0	233	4	0	10	5	
2026-05-15 07:40:00	58.37964	17.3406	12	0	15	0	0	0	0	0.005	13.5	8	1005	18	3	111	0.5	243	400	238	2000	190	1	0	1	1	1	1	1	0	1	0	0	2	82	0	231	4	0	10	5	
2026-05-15 08:10:00	58.37757	17.32764	13	0	18	0	0	0	0	0.005	13.5	8	1005	18	3	88	0.5	242	500	235	2000	190	1	0	1	1	1	1	1	0	1	0	0	0	89	0	227	4	0	10	5	
2026-05-15 08:20:00	58.37649	17.32368	14	0	19	0	0	0	0	0.005	13.5	8	1005	18	1	33	0.4	243	500	234	2000	190	1	0	1	1	1	1	1	0	1	0	0	2	98	0	227	4	0	10	5	
2026-05-15 08:30:00	58.37532	17.31951	13	0	20	0	0	0	0	0.005	13.5	8	1005	18	1	32	0.5	242	500	233	2000	190	1	0	1	1	1	1	1	0	1	0	0	3	97	0	227	4	0	10	5	
2026-05-15 08:40:00	58.37412	17.31549	13	0	21	0	0	0	0	0.005	13.4	8	1005	18	2	46	0.4	240	500	233	2000	190	1	0	1	1	1	1	1	0	1	0	0	0	97	0	228	4	0	10	5	
2026-05-15 08:50:00	58.37307	17.31189	12	0	22	0	0	0	0	0.005	13.5	8	1005	18	1	30	0.4	241	500	232	2000	190	1	0	1	1	1	1	1	0	1	0	0	1	100	0	228	4	0	10	5	
2026-05-15 09:00:00	58.37184	17.30835	13	0	23	0	0	0	0	0.005	13.5	8	1005	18	1	29	0.4	237	500	231	2000	190	1	0	1	1	1	1	1	0	1	0	0	0	100	0	229	4	0	10	5	
2026-05-15 09:10:00	58.37061	17.30565	41	0	24	0	0	0	0	0.005	13.4	8	1005	18	1	33	0.3	229	400	232	2000	190	1	0	1	1	1	1	1	0	1	0	0	1	99	0	230	4	0	10	5	
2026-05-15 09:20:00	58.36935	17.30223	12	0	25	0	0	0	0	0.005	13.4	9	1005	18	1	59	0.4	235	400	231	2000	190	1	0	1	1	1	1	1	0	1	0	0	0	95	0	231	4	0	10	5	
2026-05-15 09:30:00	58.36875	17.30022	13	0	26	0	0	0	0	0.005	13.4	9	1006	18	3	60	0.2	239	1900	231	2000	190	1	0	1	1	1	1	1	0	1	0	0	10	85	0	231	4	0	10	5	
2026-05-15 09:40:00	58.36812	17.29911	12	0	27	0	0	0	0	0.005	13.4	9	1005	18	2	49	0.2	224	1800	231	2000	190	1	0	1	1	1	1	1	0	1	0	0	10	87	0	231	4	0	10	5	
2026-05-15 09:50:00	58.36743	17.298	12	0	28	0	0	0	0	0.005	13.4	9	1006	18	1	28	0.2	220	1700	232	2000	190	1	0	1	1	1	1	1	0	1	0	0	2	99	0	232	4	0	10	5	
2026-05-15 10:00:00	58.36692	17.29692	13	0	29	0	0	0	0	0.005	13.4	10	1006	18	1	27	0.1	227	1600	232	2000	190	1	0	1	1	1	1	1	0	1	0	0	8	93	0	232	4	0	10	5	
2026-05-15 10:10:00	58.36575	17.29581	13	0	0	0	0	0	0	0.005	13.4	10	1006	18	1	29	0.2	207	1500	234	2000	190	1	0	2	1	1	1	1	0	1	0	0	1	100	0	234	4	0	10	5	
2026-05-15 10:20:00	58.36437	17.29326	13	0	1	0	0	0	0	0.005	13.4	11	1005	18	1	28	0.4	224	1300	236	2000	190	1	0	2	2	1	1	1	0	1	0	0	0	100	0	236	0	1	10	5	
2026-05-15 10:30:00	58.3632	17.2899	12	0	2	0	0	0	0	0.005	13.4	11	1005	17	1	29	0.4	237	1100	236	2000	190	1	0	2	2	2	1	1	0	1	0	0	1	100	0	236	0	0	10	5	
2026-05-15 10:40:00	58.36158	17.28642	13	0	3	0	0	0	0	0.005	13.4	11	1005	17	1	29	0.5	228	800	238	2000	190	1	0	2	2	2	2	1	1	1	0	0	0	100	0	238	0	0	10	5	
2026-05-15 10:50:00	58.36014	17.28102	13	0	4	0	0	0	0	0.005	13.4	12	1005	17	1	30	0.6	243	400	235	2000	190	1	0	2	2	2	2	2	1	1	0	0	0	100	0	235	0	0	10	5	
2026-05-15 11:00:00	58.35945	17.27511	12	0	5	0	0	0	0	0.005	13.4	12	1005	17	2	53	0.6	258	200	184	2000	190	1	0	0	2	2	2	2	1	1	0	0	0	96	0	184	0	0	10	5	
2026-05-15 11:10:00	58.36131	17.27499	41	0	6	0	0	0	0	0.005	13.4	12	1005	17	1	31	0.3	358	400	181	2000	190	1	0	1	0	2	2	2	1	1	0	95	0	4	0	181	-4	2	-10	5	
2026-05-15 11:20:00	58.35921	17.27508	12	0	7	0	0	2	0	0.005	13.4	12	1005	17	1	63	0.4	179	-100	136	2000	90	1	0	1	1	0	2	2	0	1	0	10	0	83	0	136	4	2	10	5	
2026-05-15 11:30:00	58.3566	17.27637	13	0	8	0	0	0	0	0.005	13.4	11	1005	17	1	32	0.5	165	0	132	2000	90	1	0	1	1	1	0	2	0	1	0	0	0	100	0	132	4	0	10	5	
2026-05-15 11:40:00	58.35417	17.27742	12	0	9	0	0	0	0	0.005	13.4	11	1005	17	2	53	0.5	167	1900	127	2000	90	1	0	1	1	1	1	0	0	1	0	0	0	96	0	127	4	0	10	5	
2026-05-15 11:50:00	58.35189	17.2785	12	0	10	0	0	0	0	0.005	13.4	10	1005	18	3	63	0.4	166	1700	122	2000	90	1	0	1	1	1	1	1	0	1	0	0	1	93	0	122	4	0	10	5	
2026-05-15 12:00:00	58.34958	17.27967	41	0	11	0	0	0	0	0.005	13.4	10	1005	18	1	32	0.4	165	1500	115	2000	90	1	0	1	1	1	1	1	0	1	0	0	0	100	0	115	4	0	10	5	
2026-05-15 12:10:00	58.34739	17.28126	12	0	12	0	0	2	0	0.005	13.4	10	1005	18	1	67	0.5	159	-900	191	2000	90	1	0	2	1	1	1	1	1	1	0	0	0	93	0	191	4	0	10	5	
2026-05-15 12:20:00	58.34475	17.27736	12	0	13	0	0	0	0	0.005	13.4	10	1005	18	2	54	0.6	218	600	175	2000	90	1	0	1	2	1	1	1	1	1	0	0	0	95	0	175	0	1	10	5	
2026-05-15 12:30:00	58.34232	17.27805	11	0	14	0	0	0	0	0.005	13.3	10	1005	18	1	29	0.5	172	-300	179	2000	90	1	0	1	1	2	1	1	1	1	0	0	0	100	0	179	4	1	10	5	
2026-05-15 12:40:00	58.3401	17.27907	11	0	15	0	0	0	0	0.005	13.7	10	1005	18	1	41	0.4	166	-100	212	2000	90	1	0	0	1	1	2	1	1	1	0	0	0	98	0	212	4	0	10	5	
2026-05-15 12:50:00	58.34088	17.27766	13	0	16	0	0	0	0	0.005	13.7	10	1005	18	2	46	0.2	317	200	170	2000	65	1	0	1	0	1	1	2	1	1	0	87	0	9	0	170	-4	2	-10	5	
2026-05-15 13:00:00	58.33911	17.27742	12	0	17	0	0	2	0	0.005	13.6	10	1005	18	1	29	0.3	184	100	69	2000	75	1	0	0	1	0	1	1	0	1	0	11	0	89	0	69	4	2	10	5	
2026-05-15 13:10:00	58.33971	17.27595	13	0	18	0	0	0	0	0.005	13.6	10	1005	18	1	34	0.2	308	-100	69	2000	75	1	0	0	0	1	0	1	0	1	0	85	1	11	0	71	-4	2	-10	5	
2026-05-15 13:20:00	58.34001	17.27442	13	0	19	0	0	0	0	0.005	13.6	10	1005	18	1	42	0.2	290	-200	69	2000	75	1	0	0	0	0	1	0	0	1	0	97	1	0	0	73	-4	0	-10	5	
2026-05-15 13:30:00	58.34052	17.27142	12	0	20	0	0	0	0	0.005	13.6	10	1005	18	1	32	0.3	288	-400	70	2000	75	1	0	1	0	0	0	1	0	1	0	83	1	16	0	77	-4	0	-10	5	
2026-05-15 13:40:00	58.33899	17.27229	11	0	21	0	0	0	0	0.005	13.6	9	1005	18	1	30	0.3	163	-300	69	2000	45	1	0	1	1	0	0	0	0	1	0	11	0	88	0	71	4	2	10	5	
2026-05-15 13:50:00	58.33713	17.2737	11	0	22	0	0	0	0	0.005	13.6	9	1005	18	1	25	0.4	158	400	69	2000	45	1	0	1	1	1	0	0	0	1	0	0	2	99	0	65	4	0	10	5	
2026-05-15 14:00:00	58.33527	17.27475	41	0	23	0	0	0	0	0.005	13.6	9	1005	18	1	26	0.3	164	500	68	2000	45	1	0	1	1	1	1	0	0	1	0	0	1	100	0	59	4	0	10	5	
2026-05-15 14:10:00	58.33341	17.27565	12	0	24	0	0	0	0	0.005	13.5	9	1005	18	1	58	0.4	166	700	68	2000	45	1	0	1	1	1	1	1	0	1	0	0	1	94	0	53	4	0	10	5	
2026-05-15 14:20:00	58.33194	17.27703	12	0	25	0	0	0	0	0.005	13.6	9	1005	18	1	27	0.3	153	800	67	2000	45	1	0	1	1	1	1	1	0	1	0	0	2	99	0	47	4	0	10	5	
2026-05-15 14:30:00	58.33059	17.27886	12	0	26	0	0	0	0	0.005	13.5	9	1005	18	1	31	0.3	145	1000	67	2000	45	1	0	0	1	1	1	1	0	1	0	0	0	100	0	41	4	0	10	5	
2026-05-15 14:40:00	58.33128	17.27634	15	0	27	0	0	0	0	0.005	13.5	9	1004	18	2	61	0.3	297	900	67	2000	40	1	0	1	0	1	1	1	0	1	0	81	0	12	0	45	-4	2	-10	5	
2026-05-15 14:50:00	58.3296	17.27733	14	0	28	0	0	0	0	0.005	13.5	9	1005	18	1	34	0.3	162	1100	67	2000	50	1	0	0	1	0	1	1	0	1	0	8	1	90	0	39	4	2	10	5	
2026-05-15 15:00:00	58.3302	17.27457	13	0	29	0	0	0	0	0.005	13.5	9	1005	18	1	34	0.3	292	1000	67	2000	50	1	0	0	0	1	0	1	0	1	0	88	1	10	0	43	-4	2	-10	5	
2026-05-15 15:10:00	58.3314	17.27178	12	0	0	0	0	0	0	0.005	13.5	9	1005	18	1	30	0.3	309	1000	67	2000	50	1	0	0	0	0	1	0	0	1	0	99	2	0	0	49	-4	0	-10	5	
2026-05-15 15:20:00	58.33248	17.27013	11	0	1	0	0	2	0	0.005	13.5	9	1004	18	2	49	0.3	321	500	147	2000	50	1	0	2	0	0	0	1	0	1	0	97	0	0	0	143	-4	0	-10	5	
2026-05-15 15:30:00	58.33014	17.26647	12	0	2	0	0	0	0	0.005	13.5	9	1004	18	1	26	0.6	219	600	145	2000	50	1	0	2	2	0	0	0	0	1	0	20	2	77	0	134	0	4	10	5	
2026-05-15 15:40:00	58.32714	17.26287	12	0	3	0	0	0	0	0.005	13.5	9	1004	18	1	31	0.7	212	900	143	2000	50	1	0	3	2	2	0	0	0	1	0	0	0	100	0	123	0	0	10	5	
2026-05-15 15:50:00	58.32558	17.25783	13	0	4	0	0	0	0	0.005	13.5	9	1004	18	1	26	0.6	239	1200	140	2000	60	1	0	1	3	2	2	0	0	1	0	89	0	10	0	112	0	4	-10	5	
2026-05-15 16:00:00	58.32444	17.25795	41	0	5	0	0	0	0	0.005	13.4	9	1004	18	1	34	0.2	177	1300	140	2000	60	1	0	1	1	3	2	2	0	1	0	4	4	91	0	109	4	2	10	5	
2026-05-15 16:10:00	58.32294	17.25867	12	0	6	0	0	0	0	0.005	13.4	9	1004	18	1	58	0.3	166	1300	139	2000	60	1	0	1	1	1	3	2	0	1	0	7	0	88	0	108	4	0	10	5	
2026-05-15 16:20:00	58.32138	17.26149	12	0	7	0	0	0	0	0.005	13.4	9	1004	18	1	28	0.4	137	1300	139	2000	60	1	0	1	1	1	1	3	0	1	0	0	0	100	0	109	4	0	10	5	
2026-05-15 16:30:00	58.32033	17.26413	12	0	8	0	0	0	0	0.005	13.4	9	1004	18	1	31	0.3	127	1200	140	2000	60	1	0	1	1	1	1	1	0	1	0	0	0	100	0	112	4	0	10	5	
2026-05-15 16:40:00	58.31988	17.26683	12	0	9	0	0	0	0	0.005	13.4	9	1004	18	1	29	0.3	107	1100	140	2000	60	1	0	1	1	1	1	1	0	1	0	0	0	100	0	116	4	0	10	5	
2026-05-15 16:50:00	58.31955	17.26866	12	0	10	0	0	0	0	0.005	13.4	9	1004	18	1	31	0.2	110	1000	141	2000	60	1	0	1	1	1	1	1	0	1	0	0	0	100	0	118	4	0	10	5	
2026-05-15 17:00:00	58.31919	17.27052	12	0	11	0	0	0	0	0.005	13.4	9	1004	18	1	28	0.2	110	900	141	2000	60	1	0	1	1	1	1	1	0	1	0	0	0	100	0	121	4	0	10	5	
2026-05-15 17:10:00	58.31877	17.27247	12	0	12	0	0	0	0	0.005	13.4	9	1004	18	1	27	0.2	112	900	142	2000	60	1	0	1	1	1	1	1	0	1	0	0	0	100	0	123	4	0	10	5	
2026-05-15 17:20:00	58.3182	17.2743	12	0	13	0	0	0	0	0.005	13.4	9	1004	18	1	30	0.2	121	800	142	2000	60	1	0	1	1	1	1	1	0	1	0	0	1	100	0	125	4	0	10	5	
2026-05-15 17:30:00	58.31751	17.27697	12	0	14	0	0	0	0	0.005	13.4	9	1004	18	1	32	0.3	116	700	143	2000	60	1	0	1	1	1	1	1	0	1	0	0	0	100	0	128	4	0	10	5	
2026-05-15 17:40:00	58.317	17.27973	12	0	15	0	0	0	0	0.005	13.4	9	1004	18	1	31	0.3	109	600	144	2000	60	1	0	1	1	1	1	1	0	1	0	0	0	100	0	131	4	0	10	5	
2026-05-15 17:50:00	58.31646	17.28213	12	0	16	0	0	0	0	0.005	13.4	9	1004	18	1	30	0.3	113	500	144	2000	60	1	0	1	1	1	1	1	0	1	0	0	1	100	0	134	4	0	10	5	
2026-05-15 18:00:00	58.31592	17.28426	12	0	17	0	0	0	0	0.005	13.4	9	1004	18	1	30	0.2	116	400	145	2000	60	1	0	1	1	1	1	1	0	1	0	0	2	99	0	136	4	0	10	5	
2026-05-15 18:10:00	58.31523	17.28537	12	0	18	0	0	0	0	0.005	13.4	9	1003	18	2	47	0.2	139	400	145	2000	60	1	0	1	1	1	1	1	0	1	0	0	7	90	0	136	4	0	10	5	
2026-05-15 18:20:00	58.31442	17.28687	41	0	19	0	0	0	0	0.005	13.4	9	1004	18	2	47	0.2	136	400	145	2000	60	1	0	1	1	1	1	1	0	1	0	0	0	97	0	137	4	0	10	5	
2026-05-15 18:30:00	58.3137	17.28828	11	0	20	0	0	0	0	0.005	13.4	8	1003	18	1	55	0.2	134	400	145	2000	60	1	0	1	1	1	1	1	0	1	0	0	1	94	0	138	4	0	10	5	
2026-05-15 18:40:00	58.3128	17.28981	12	0	21	0	0	0	0	0.005	13.4	8	1003	18	1	26	0.2	137	300	145	2000	60	1	0	1	1	1	1	1	0	1	0	0	4	97	0	139	4	0	10	5	
2026-05-15 18:50:00	58.31199	17.29158	12	0	22	0	0	0	0	0.005	13.4	8	1003	18	3	62	0.2	131	300	146	2000	60	1	0	1	1	1	1	1	0	1	0	0	0	94	0	140	4	0	10	5	
2026-05-15 19:00:00	58.31124	17.29383	11	0	23	0	0	0	0	0.005	13.4	8	1003	18	1	32	0.3	123	200	146	2000	60	1	0	1	1	1	1	1	0	1	0	0	4	96	0	142	4	0	10	5	
2026-05-15 19:10:00	58.31037	17.29557	11	0	24	0	0	0	0	0.005	13.4	8	1003	18	1	35	0.2	133	200	147	2000	60	1	0	1	1	1	1	1	0	1	0	0	0	100	0	143	4	0	10	5	
2026-05-15 19:20:00	58.30959	17.29671	12	0	25	0	0	0	0	0.005	13.4	8	1003	18	1	30	0.2	143	200	147	2000	60	1	0	1	1	1	1	1	0	1	0	0	6	95	0	143	4	0	10	5	
2026-05-15 19:30:00	58.30893	17.29716	11	0	26	0	0	0	0	0.005	13.4	8	1003	18	1	33	0.1	160	200	147	2000	60	1	0	1	1	1	1	1	0	1	0	0	8	92	0	143	4	0	10	5	
2026-05-15 19:40:00	58.30857	17.29869	12	0	27	0	0	0	0	0.005	13.4	8	1003	18	1	41	0.2	114	200	147	2000	60	1	0	2	1	1	1	1	0	1	0	0	3	95	0	144	4	0	10	5	
2026-05-15 19:50:00	58.30803	17.30202	13	0	28	0	0	0	0	0.005	13.4	8	1003	18	1	32	0.3	107	0	148	2000	60	1	0	2	2	1	1	1	0	1	0	0	2	98	0	148	0	1	10	5	
2026-05-15 20:00:00	58.30713	17.30616	12	0	29	0	0	0	0	0.005	13.4	8	1003	18	1	30	0.4	112	-100	150	2000	60	1	0	2	2	2	1	1	0	1	0	0	0	100	0	153	0	0	10	5	
2026-05-15 20:10:00	58.3059	17.31072	13	0	0	0	0	0	0	0.005	13.4	8	1003	18	2	45	0.5	118	-300	152	2000	60	1	0	2	2	2	2	1	0	1	0	0	0	98	0	157	0	0	10	5	
2026-05-15 20:20:00	58.30416	17.31606	12	0	1	0	0	0	0	0.005	13.4	8	1003	18	1	31	0.6	121	-500	155	2000	60	1	0	2	2	2	2	2	0	1	0	0	0	100	0	162	0	0	10	5	
2026-05-15 20:30:00	58.30281	17.32107	12	0	2	0	0	0	0	0.005	13.4	8	1003	18	1	27	0.5	117	-600	157	2000	60	1	0	2	2	2	2	2	0	1	0	0	1	100	0	167	0	0	10	5	
2026-05-15 20:40:00	58.30122	17.32704	41	0	3	0	0	0	0	0.005	13.4	8	1003	18	1	38	0.6	117	-800	161	2000	60	1	0	2	2	2	2	2	0	1	0	0	0	99	0	173	0	0	10	5	
2026-05-15 20:50:00	58.29951	17.33208	11	0	4	0	0	0	0	0.005	13.4	8	1003	18	1	59	0.6	123	-1000	164	2000	60	1	0	2	2	2	2	2	0	1	0	0	0	95	0	178	0	0	10	5	
2026-05-15 21:10:00	58.29675	17.34195	11	0	6	0	0	0	0	0.005	13.4	8	1003	18	3	89	0.6	130	-1300	173	2000	295	1	0	0	3	2	2	2	0	1	0	66	0	20	0	190	0	5	-10	5	
2026-05-15 21:20:00	58.29387	17.34057	12	0	7	0	0	0	0	0.005	13.3	8	1003	18	1	33	0.5	194	-1100	170	2000	295	1	0	0	0	3	2	2	0	1	0	86	1	11	0	182	-4	3	-10	5	
2026-05-15 21:30:00	58.2918	17.3349	12	0	8	0	0	0	0	0.005	13.3	8	1002	18	1	30	0.7	235	-700	163	2000	295	1	0	3	0	0	3	2	0	1	0	100	0	0	0	169	-4	0	-10	5	
2026-05-15 21:40:00	58.28694	17.33898	12	0	9	0	0	0	0	0.005	13.3	8	1002	18	1	30	1	156	-600	164	2000	295	1	0	3	3	0	0	3	0	1	0	100	0	0	0	166	0	1	-10	5	
2026-05-15 21:50:00	58.28208	17.34174	11	0	10	0	0	0	0	0.005	13.3	8	1002	18	1	29	0.9	163	-1700	165	2000	295	1	0	3	3	3	0	0	0	1	0	90	1	7	0	165	0	4	-10	5	
2026-05-15 22:00:00	58.27752	17.34258	12	0	11	0	0	0	0	0.005	13.3	8	1002	18	1	27	0.9	174	-1200	161	2000	295	1	0	3	3	3	3	0	0	1	0	85	1	13	0	161	0	4	-10	5	
2026-05-15 22:10:00	58.27251	17.3424	12	0	12	0	0	0	0	0.005	13.3	8	1001	18	1	29	0.9	181	700	144	2000	295	1	0	3	3	3	3	3	1	1	0	94	1	5	0	144	0	2	-10	5	
2026-05-15 22:20:00	58.26711	17.34006	11	0	13	0	0	0	0	0.005	13.3	8	1001	18	1	28	1	193	500	85	2000	295	1	0	2	3	3	3	3	1	1	0	94	0	6	0	85	0	2	-10	5	
2026-05-15 22:30:00	58.26225	17.343	12	0	14	0	0	0	0	0.005	13.3	8	1001	18	1	29	0.9	162	700	32	2000	350	1	0	1	2	3	3	3	1	1	0	8	0	91	0	32	0	3	10	5	
2026-05-15 22:40:00	58.26204	17.34957	11	0	15	0	0	2	0	0.005	13.3	8	1001	18	1	30	0.6	93	600	6	2000	350	1	0	0	1	2	3	3	0	1	0	0	0	100	0	4	4	1	10	5	
2026-05-15 22:50:00	58.26222	17.34657	12	0	16	0	0	0	0	0.005	13.3	8	1001	18	1	28	0.3	276	-600	7	2000	5	1	0	1	0	1	2	3	0	1	0	88	0	12	0	9	-4	2	-10	5	
2026-05-15 23:00:00	58.26117	17.35251	12	0	17	0	0	0	0	0.005	13.3	8	1001	18	1	31	0.6	109	700	5	2000	15	1	0	0	1	0	1	2	0	1	0	7	0	92	0	359	4	2	10	5	
2026-05-15 23:10:00	58.26111	17.35071	12	0	18	0	0	0	0	0.005	13.3	8	1001	18	1	36	0.2	267	700	6	2000	15	1	0	0	0	1	0	1	0	1	0	89	0	8	0	2	-4	2	-10	5	
2026-05-15 23:20:00	58.26135	17.34768	12	0	19	0	0	0	0	0.005	13.3	8	1000	18	1	30	0.3	278	-700	7	2000	15	1	0	0	0	0	1	0	0	1	0	100	0	0	0	7	-4	0	-10	5	
2026-05-15 23:30:00	58.26183	17.34417	13	0	20	0	0	0	0	0.005	13.3	8	1000	18	2	54	0.4	285	-700	8	2000	15	1	0	0	0	0	0	1	0	1	0	96	0	0	0	13	-4	0	-10	5	
2026-05-15 23:40:00	58.26234	17.34072	12	0	21	0	0	0	0	0.005	13.3	8	1000	18	1	34	0.4	286	-800	9	2000	15	1	0	0	0	0	0	0	0	1	0	100	0	0	0	19	-4	0	-10	5	
2026-05-15 23:50:00	58.26333	17.33781	12	0	22	0	0	0	0	0.005	13.3	8	1000	18	1	37	0.3	303	-800	10	2000	15	1	0	1	0	0	0	0	0	1	0	99	0	0	0	25	-4	0	-10	5	
2026-05-16 00:00:00	58.2615	17.34228	40	0	23	0	0	0	0	0.005	13.3	8	1000	18	1	33	0.5	128	-800	9	2000	35	1	0	0	1	0	0	0	0	1	0	7	1	91	0	16	4	2	10	5	
2026-05-16 00:10:00	58.26156	17.33997	12	0	24	0	0	0	0	0.005	13.3	8	999	18	1	59	0.2	272	-900	9	2000	25	1	0	0	0	1	0	0	0	1	0	87	0	7	0	20	-4	2	-10	5	
2026-05-16 00:20:00	58.26216	17.33799	12	0	25	0	0	0	0	0.005	13.3	8	1000	18	1	29	0.2	300	-900	10	2000	25	1	0	0	0	0	1	0	0	1	0	100	0	0	0	24	-4	0	-10	5	
2026-05-16 00:30:00	58.2633	17.33601	12	0	26	0	0	0	0	0.005	13.3	8	999	18	1	30	0.3	317	-900	11	2000	25	1	0	0	0	0	0	1	0	1	0	100	0	0	0	28	-4	0	-10	5	
2026-05-16 00:50:00	58.26441	17.33256	12	0	28	0	0	0	0	0.005	13.2	8	999	18	3	85	0.2	303	-1000	12	2000	25	1	0	0	0	0	0	0	0	1	0	90	0	0	0	34	-4	0	-10	5	
2026-05-16 01:00:00	58.26507	17.33046	12	0	29	0	0	0	0	0.005	13.2	8	999	18	3	84	0.2	301	-1100	13	2000	25	1	0	1	0	0	0	0	0	1	0	90	0	0	0	39	-4	0	-10	5	
2026-05-16 01:10:00	58.26264	17.33103	12	0	0	0	0	0	0	0.005	13.2	8	999	18	1	37	0.5	173	-1200	12	2000	65	1	0	0	1	0	0	0	0	1	0	10	11	77	0	37	4	2	10	5	
2026-05-16 01:20:00	58.26276	17.32926	12	0	1	0	0	0	0	0.005	13.2	8	999	18	1	29	0.2	277	-1300	13	2000	65	1	0	0	0	1	0	0	0	1	0	92	0	8	0	40	-4	2	-10	5	
2026-05-16 01:30:00	58.2624	17.32803	12	0	2	0	0	0	0	0.005	13.2	8	999	18	1	30	0.1	241	-1400	13	2000	65	1	0	0	0	0	1	0	0	1	0	100	1	0	0	42	-4	0	-10	5	
2026-05-16 01:40:00	58.26144	17.32653	12	0	3	0	0	0	0	0.005	13.2	8	999	18	1	28	0.2	220	-1500	13	2000	65	1	0	0	0	0	0	1	0	1	0	78	23	0	0	45	-4	0	-10	5	
2026-05-16 01:50:00	58.26096	17.32521	12	0	4	0	0	0	0	0.005	13.2	8	999	18	1	31	0.2	236	-1600	14	2000	65	1	0	0	0	0	0	0	0	1	0	91	9	0	0	48	-4	0	-10	5	
2026-05-16 02:00:00	58.26063	17.32422	14	0	5	0	0	0	0	0.005	13.2	8	999	18	1	30	0.1	237	-1700	14	2000	65	1	0	0	0	0	0	0	0	1	0	100	1	0	0	50	-4	0	-10	5	
2026-05-16 02:10:00	58.25988	17.32326	13	0	6	0	0	0	0	0.005	13.2	8	999	18	1	30	0.2	214	-1700	14	2000	65	1	0	1	0	0	0	0	0	1	0	93	8	0	0	51	-4	0	-10	5	
2026-05-16 02:20:00	58.25877	17.32239	41	0	7	0	0	0	0	0.005	13.2	8	999	18	1	26	0.2	202	-1800	14	2000	75	1	0	0	1	0	0	0	0	1	0	22	60	18	0	53	4	2	10	5	
2026-05-16 02:30:00	58.25778	17.32131	12	0	8	0	0	0	0	0.005	13.2	8	999	18	1	59	0.2	210	-2000	14	2000	10	1	0	1	0	1	0	0	0	1	0	37	31	26	0	55	-4	2	-10	5	
2026-05-16 02:40:00	58.25664	17.3205	12	0	9	0	0	0	0	0.005	13.2	8	999	18	2	55	0.2	201	-2100	14	2000	40	1	0	1	1	0	1	0	0	1	0	12	19	63	0	54	4	2	10	5	
2026-05-16 02:50:00	58.2555	17.31993	12	0	10	0	0	0	0	0.005	13.2	8	999	18	2	49	0.2	195	-2200	14	2000	40	1	0	1	1	1	0	1	0	1	0	0	20	77	0	52	4	0	10	5	
2026-05-16 03:00:00	58.25562	17.31921	12	0	11	0	0	0	0	0.005	13.2	8	999	18	1	32	0.1	288	-2200	15	2000	40	1	0	1	1	1	1	0	0	1	0	42	19	39	0	53	4	0	10	5	
2026-05-16 03:40:00	58.25619	17.32185	14	0	15	0	0	0	0	0.005	13.2	8	999	18	3	89	0.1	108	-2000	14	2000	40	1	0	1	1	1	1	1	0	1	0	0	13	76	0	52	4	0	10	5	
2026-05-16 03:50:00	58.25583	17.32269	13	0	16	0	0	0	0	0.005	13.2	8	999	18	1	35	0.1	128	-2000	14	2000	40	1	0	0	1	1	1	1	0	1	0	0	12	88	0	50	4	0	10	5	
2026-05-16 04:00:00	58.25475	17.32452	12	0	17	0	0	0	0	0.005	13.2	8	999	18	1	33	0.3	139	-2000	13	2000	235	1	0	2	0	1	1	1	0	1	0	82	5	12	0	45	-4	2	-10	5	
2026-05-16 04:10:00	58.25445	17.32752	40	0	18	0	0	0	0	0.005	13.3	8	999	18	1	38	0.3	101	-1900	12	2000	235	1	0	2	2	0	1	1	0	1	0	13	3	80	0	40	0	4	10	5	
2026-05-16 04:20:00	58.25463	17.3304	12	0	19	0	0	0	0	0.005	13.3	8	999	18	1	54	0.3	83	-1800	11	2000	235	1	0	2	2	2	0	1	0	1	0	15	2	72	0	34	0	6	10	5	
2026-05-16 04:30:00	58.25538	17.33352	12	0	20	0	0	0	0	0.005	13.3	8	999	18	1	32	0.3	65	-1600	11	2000	235	1	0	2	2	2	2	0	0	1	0	23	5	69	0	29	0	6	10	5	
2026-05-16 04:40:00	58.25691	17.33784	12	0	21	0	0	0	0	0.005	13.3	8	999	18	1	37	0.5	56	-1400	9	2000	235	1	0	2	2	2	2	2	0	1	0	13	1	83	0	22	0	4	10	5	
2026-05-16 04:50:00	58.25958	17.34195	11	0	22	0	0	0	0	0.005	13.3	8	999	18	1	29	0.6	39	-1000	9	2000	235	1	0	2	2	2	2	2	0	1	0	9	0	89	0	16	0	4	10	5	
2026-05-16 05:00:00	58.26159	17.34909	12	0	23	0	0	0	0	0.005	13.3	8	999	18	1	29	0.8	62	700	7	2000	235	1	0	1	2	2	2	2	0	1	0	0	0	100	0	5	0	0	10	5	
2026-05-16 05:10:00	58.26453	17.3472	12	0	24	0	0	0	0	0.005	13.4	8	999	18	1	30	0.6	341	-400	7	2000	235	1	0	2	1	2	2	2	0	1	0	0	0	100	0	9	4	1	10	5	
2026-05-16 05:20:00	58.26585	17.35389	12	0	25	0	0	0	0	0.005	13.6	8	999	18	1	28	0.7	69	300	5	2000	235	1	0	1	2	1	2	2	0	1	0	5	0	94	0	358	0	3	10	5	
2026-05-16 05:30:00	58.26849	17.35476	12	0	26	0	0	0	0	0.005	13.8	8	999	18	1	27	0.5	10	300	5	2000	235	1	0	1	1	2	1	2	0	1	0	0	1	100	0	358	4	1	10	5	
2026-05-16 05:40:00	58.27137	17.35494	12	0	27	0	0	0	0	0.005	13.8	8	999	18	1	27	0.5	2	300	5	2000	235	1	0	1	1	1	2	1	0	1	0	0	0	100	0	359	4	0	10	5	
2026-05-16 05:50:00	58.27401	17.35449	12	0	28	0	0	0	0	0.005	13.7	8	1000	18	1	32	0.5	355	200	6	2000	235	1	0	1	1	1	1	2	0	1	0	0	0	100	0	1	4	0	10	5	
2026-05-16 06:00:00	58.27617	17.35398	12	0	29	0	0	0	0	0.005	13.7	8	999	18	1	28	0.4	353	200	6	2000	235	1	0	1	1	1	1	1	0	1	0	0	9	92	0	2	4	0	10	5	
2026-05-16 06:10:00	58.27809	17.35251	12	0	0	0	0	0	0	0.005	13.7	9	999	18	1	34	0.4	338	100	7	2000	235	1	0	2	1	1	1	1	0	1	0	0	0	100	0	5	4	0	10	5	
2026-05-16 06:20:00	58.28022	17.35944	12	0	1	0	0	0	0	0.005	13.7	9	1000	18	1	31	0.8	59	400	4	2000	235	1	0	1	2	1	1	1	0	1	0	0	0	100	0	355	0	1	10	5	
2026-05-16 06:30:00	58.28205	17.35947	13	0	2	0	0	0	0	0.005	13.7	9	1000	18	1	30	0.3	1	400	4	2000	235	1	0	1	1	2	1	1	0	1	0	0	0	100	0	355	4	1	10	5	
2026-05-16 06:40:00	58.2834	17.35866	14	0	3	0	0	0	0	0.005	13.6	9	1000	18	1	32	0.3	343	300	5	2000	235	1	0	1	1	1	2	1	0	1	0	0	0	100	0	357	4	0	10	5	
2026-05-16 06:50:00	58.28457	17.35806	41	0	4	0	0	0	0	0.005	13.6	9	1000	18	1	31	0.2	345	300	5	2000	235	1	0	1	1	1	1	2	0	1	0	0	2	98	0	359	4	0	10	5	
2026-05-16 07:00:00	58.2855	17.3577	11	0	5	0	0	0	0	0.005	13.6	9	1000	18	1	58	0.2	347	300	5	2000	235	1	0	1	1	1	1	1	0	1	0	0	4	91	0	360	4	0	10	5	
2026-05-16 07:10:00	58.28658	17.35719	12	0	6	0	0	0	0	0.005	13.6	9	1000	18	1	28	0.2	347	200	5	2000	235	1	0	1	1	1	1	1	0	1	0	0	0	100	0	1	4	0	10	5	
2026-05-16 07:20:00	58.28727	17.35746	11	0	7	0	0	0	0	0.005	13.6	9	1001	18	2	57	0.1	11	200	5	2000	235	1	0	1	1	1	1	1	0	1	0	0	2	93	0	1	4	0	10	5	
2026-05-16 07:30:00	58.28787	17.35812	12	0	8	0	0	0	0	0.005	13.6	9	1001	18	2	58	0.1	31	200	5	2000	235	1	0	1	1	1	1	1	0	1	0	0	1	94	0	360	4	0	10	5	
2026-05-16 07:40:00	58.28835	17.35833	13	0	9	0	0	0	0	0.005	13.6	9	1001	18	2	51	0.1	13	300	5	2000	235	1	0	1	1	1	1	1	0	1	0	0	0	96	0	360	4	0	10	5	
2026-05-16 07:50:00	58.28871	17.35821	13	0	10	0	0	0	0	0.005	13.5	9	1001	18	3	87	0.1	349	200	5	2000	235	1	0	1	1	1	1	1	0	1	0	0	1	88	0	0	4	0	10	5	
2026-05-16 08:00:00	58.28913	17.35824	13	0	11	0	0	0	0	0.005	13.6	10	1001	18	1	32	0.1	4	200	5	2000	235	1	0	1	1	1	1	1	0	1	0	0	2	98	0	0	4	0	10	5	
2026-05-16 08:10:00	58.28946	17.35821	13	0	12	0	0	0	0	0.005	13.5	10	1001	18	1	32	0.1	355	200	5	2000	235	1	0	1	1	1	1	1	0	1	0	0	0	100	0	0	4	0	10	5	
2026-05-16 08:20:00	58.28949	17.35788	40	0	13	0	0	0	0	0.005	13.5	10	1001	18	1	29	0	277	200	5	2000	235	1	0	2	1	1	1	1	0	1	0	0	2	99	0	1	4	0	10	5	
2026-05-16 08:30:00	58.29081	17.35956	12	0	14	0	0	0	0	0.005	13.5	10	1001	18	1	69	0.3	34	300	5	2000	235	1	0	1	2	1	1	1	0	1	0	0	0	92	0	359	0	1	10	5	
2026-05-16 08:40:00	58.29081	17.35869	11	0	15	0	0	0	0	0.005	13.5	10	1001	18	1	31	0.1	270	200	5	2000	235	1	0	2	1	2	1	1	0	1	0	0	0	100	0	0	4	1	10	5	
2026-05-16 08:50:00	58.29273	17.36016	11	0	16	0	0	0	0	0.005	13.5	11	1001	18	1	28	0.4	22	300	5	2000	235	1	0	2	2	1	2	1	0	1	0	0	0	97	0	358	0	1	10	5	
2026-05-16 09:00:00	58.29501	17.364	11	0	17	0	0	0	0	0.005	13.5	11	1002	18	1	29	0.6	42	500	3	2000	235	1	0	1	2	2	1	2	0	1	0	0	1	100	0	353	0	0	10	5	
2026-05-16 09:10:00	58.2945	17.36133	12	0	18	0	0	0	0	0.005	13.5	11	1001	18	1	36	0.3	250	300	4	2000	235	1	0	2	1	2	2	1	0	1	0	0	0	99	0	357	4	1	10	5	
2026-05-16 09:20:00	58.29648	17.36208	11	0	19	0	0	0	0	0.005	13.5	11	1002	17	1	40	0.4	11	400	4	2000	235	1	0	2	2	1	2	2	0	1	0	5	1	91	0	357	0	3	10	5	
2026-05-16 09:30:00	58.29885	17.36517	12	0	20	0	0	0	0	0.005	13.5	11	1002	17	1	29	0.5	34	500	3	2000	235	1	0	2	2	2	1	2	0	1	0	0	0	100	0	352	0	0	10	5	
2026-05-16 09:40:00	58.30137	17.36643	12	0	21	0	0	0	0	0.005	13.5	11	1002	18	1	33	0.5	15	500	2	2000	235	1	0	2	2	2	2	1	0	1	0	7	0	92	0	351	0	2	10	5	
2026-05-16 09:50:00	58.3038	17.36646	11	0	22	0	0	0	0	0.005	13.5	12	1002	18	1	32	0.4	0	500	2	2000	235	1	0	2	2	2	2	2	0	1	0	7	1	91	0	352	0	2	10	5	
2026-05-16 10:00:00	58.30671	17.36757	13	0	23	0	0	0	0	0.005	13.4	12	1002	17	1	27	0.5	11	500	2	2000	235	1	0	2	2	2	2	2	0	1	0	5	0	95	0	351	0	2	10	5	
2026-05-16 10:10:00	58.30929	17.36847	13	0	24	0	0	0	0	0.005	13.4	12	1002	17	1	27	0.5	11	600	1	2000	235	1	0	2	2	2	2	2	0	1	0	5	0	95	0	351	0	2	10	5	
2026-05-16 10:20:00	58.31178	17.36937	11	0	25	0	0	0	0	0.005	13.4	12	1002	17	1	27	0.5	11	600	1	2000	235	1	0	2	2	2	2	2	0	1	0	5	0	95	0	350	0	2	10	5	
2026-05-16 10:30:00	58.31448	17.36949	12	0	26	0	0	0	0	0.005	13.4	12	1002	17	1	32	0.5	1	500	1	2000	235	1	0	2	2	2	2	2	0	1	0	3	0	96	0	351	0	2	10	5	
2026-05-16 10:40:00	58.31658	17.3688	13	0	27	0	0	0	0	0.005	13.4	13	1002	17	1	31	0.4	350	500	1	2000	235	1	0	2	2	2	2	2	0	1	0	11	1	86	0	353	0	4	10	5	
2026-05-16 10:50:00	58.31946	17.36883	12	0	28	0	0	0	0	0.005	13.4	13	1002	17	1	32	0.5	1	400	1	2000	235	1	0	2	2	2	2	2	0	1	0	0	0	100	0	354	0	0	10	5	
2026-05-16 11:00:00	58.32258	17.37021	12	0	29	0	0	0	0	0.005	13.4	13	1002	17	1	30	0.6	13	500	0	2000	235	1	0	2	2	2	2	2	0	1	0	0	0	100	0	353	0	0	10	5	
2026-05-16 11:10:00	58.32534	17.37051	41	0	0	0	0	0	0	0.005	13.4	13	1001	17	1	31	0.5	3	500	360	2000	235	1	0	2	2	2	2	2	0	1	0	5	0	95	0	354	0	1	10	5	
2026-05-16 11:20:00	58.3278	17.36838	13	0	1	0	0	0	0	0.005	13.4	13	1002	17	1	57	0.5	336	300	2	2000	235	1	0	2	2	2	2	2	0	1	0	6	0	87	0	358	0	3	10	5	
2026-05-16 11:30:00	58.33119	17.36919	12	0	2	0	0	0	0	0.005	13.4	13	1002	17	1	35	0.6	7	300	1	2000	235	1	0	2	2	2	2	2	0	1	0	7	0	89	0	358	0	2	10	5	
2026-05-16 11:40:00	58.33533	17.36685	12	0	3	0	0	0	0	0.005	13.4	13	1002	17	1	30	0.8	344	100	4	2000	235	1	0	2	2	2	2	2	0	1	0	5	0	94	0	4	0	2	10	5	
2026-05-16 12:10:00	58.34496	17.36151	12	0	6	0	0	0	0	0.005	13.6	12	1002	17	3	94	0.6	325	-1700	18	2000	235	1	0	2	2	2	2	2	0	1	0	0	0	87	0	18	0	1	10	5	
2026-05-16 12:20:00	58.34811	17.35791	12	0	7	0	0	0	0	0.005	13.6	12	1003	18	3	86	0.7	329	-1400	31	2000	235	1	0	3	2	2	2	2	0	1	0	2	0	86	0	31	0	2	10	5	
2026-05-16 12:30:00	58.35078	17.35818	12	0	8	0	0	0	0	0.005	13.6	12	1002	18	2	50	0.5	3	-1200	37	2000	195	1	0	0	3	2	2	2	0	1	0	84	0	10	0	37	0	4	-10	5	
2026-05-16 12:40:00	58.35018	17.36169	12	0	9	0	0	2	0	0.005	13.6	12	1002	17	1	32	0.4	109	-600	105	2000	195	1	0	3	0	3	2	2	0	1	0	86	5	8	0	115	-4	3	-10	5	
2026-05-16 12:50:00	58.3539	17.36349	12	0	10	0	0	0	0	0.005	13.5	12	1003	18	1	27	0.7	14	-1000	111	2000	195	1	0	0	3	0	3	2	0	1	0	100	0	0	0	128	0	1	-10	5	
2026-05-16 13:00:00	58.35336	17.36697	12	0	11	0	0	0	0	0.005	13.5	12	1002	18	3	77	0.4	107	-1000	111	2000	195	1	0	0	0	3	0	3	0	1	0	91	0	0	0	127	-4	1	-10	5	
2026-05-16 13:10:00	58.3521	17.3709	14	0	12	0	0	0	0	0.005	13.5	12	1003	18	1	33	0.4	121	-900	110	2000	195	1	0	3	0	0	3	0	0	1	0	100	0	0	0	124	-4	0	-10	5	
2026-05-16 13:20:00	58.35561	17.3709	13	0	13	0	0	0	0	0.005	13.5	11	1003	18	1	31	0.7	360	-1300	115	2000	195	1	0	0	3	0	0	3	0	1	0	100	0	0	0	137	0	1	-10	5	
2026-05-16 13:30:00	58.35528	17.37504	12	0	14	0	0	0	0	0.005	13.5	11	1002	18	1	32	0.4	99	-1200	116	2000	195	1	0	0	0	3	0	0	0	1	0	89	11	0	0	137	-4	1	-10	5	
2026-05-16 13:40:00	58.3539	17.37969	12	0	15	0	0	0	0	0.005	13.5	11	1003	18	1	30	0.5	120	-1100	116	2000	195	1	0	0	0	0	3	0	0	1	0	100	0	0	0	133	-4	0	-10	5	
2026-05-16 13:50:00	58.35231	17.38488	13	0	16	0	0	0	0	0.005	13.5	11	1003	18	1	29	0.6	120	-1000	115	2000	195	1	0	0	0	0	0	3	0	1	0	100	0	0	0	129	-4	0	-10	5	
2026-05-16 14:00:00	58.35114	17.38977	40	0	17	0	0	0	0	0.005	13.5	11	1003	18	1	30	0.5	114	-900	115	2000	195	1	0	0	0	0	0	0	0	1	0	99	2	0	0	126	-4	0	-10	5	
2026-05-16 14:10:00	58.35021	17.3946	12	0	18	0	0	0	0	0.005	13.5	11	1002	18	1	60	0.5	110	-900	116	2000	195	1	0	2	0	0	0	0	0	1	0	95	0	0	0	124	-4	0	-10	5	
2026-05-16 14:20:00	58.35285	17.38443	12	0	19	0	0	0	0	0.005	13.5	11	1003	18	1	30	1.1	296	-1100	116	2000	195	1	0	0	2	0	0	0	0	1	0	5	1	93	0	130	0	2	10	5	
2026-05-16 14:30:00	58.35219	17.38983	12	0	20	0	0	0	0	0.005	13.5	11	1003	18	1	27	0.5	103	-1000	117	2000	195	1	0	0	0	2	0	0	0	1	0	97	0	3	0	130	-4	2	-10	5	
2026-05-16 14:40:00	58.35144	17.3952	12	0	21	0	0	0	0	0.005	13.5	11	1003	18	1	31	0.5	105	-1000	118	2000	195	1	0	0	0	0	2	0	0	1	0	100	0	0	0	128	-4	0	-10	5	
2026-05-16 14:50:00	58.35081	17.40078	12	0	22	0	0	0	0	0.005	13.4	11	1003	18	2	46	0.6	102	-1000	121	2000	195	1	0	0	0	0	0	2	0	1	0	95	2	0	0	128	-4	0	-10	5	
2026-05-16 15:00:00	58.3503	17.40645	12	0	23	0	0	0	0	0.005	13.4	10	1003	18	1	29	0.6	100	-1000	124	2000	195	1	0	0	0	0	0	0	0	1	0	100	0	0	0	127	-4	0	-10	5	
2026-05-16 15:10:00	58.35033	17.4123	12	0	24	0	0	0	0	0.005	13.4	10	1003	18	2	60	0.6	89	-2000	129	2000	195	1	0	0	0	0	0	0	0	1	0	93	2	0	0	129	-4	0	-10	5	
2026-05-16 15:20:00	58.35045	17.41848	13	0	25	0	0	0	0	0.005	13.4	10	1003	18	1	30	0.6	88	-1700	137	2000	195	1	0	0	0	0	0	0	0	1	0	100	1	0	0	137	-4	0	-10	5	
2026-05-16 15:30:00	58.35066	17.42469	13	0	26	0	0	0	0	0.005	13.4	10	1003	18	1	31	0.6	86	-1500	148	2000	195	1	0	0	0	0	0	0	0	1	0	100	0	0	0	148	-4	0	-10	5	
2026-05-16 15:40:00	58.3506	17.4315	13	0	27	0	0	0	0	0.005	13.4	10	1003	18	1	31	0.7	91	-1400	162	2000	195	1	0	1	0	0	0	0	0	1	0	100	0	0	0	162	-4	0	-10	5	
2026-05-16 15:50:00	58.35063	17.42532	12	0	28	0	0	0	0	0.005	13.4	10	1003	18	1	30	0.6	270	-1500	149	2000	180	1	0	0	1	0	0	0	0	1	0	8	6	83	0	149	4	2	10	5	
2026-05-16 16:20:00	58.35126	17.44296	12	0	1	0	0	0	0	0.005	13.4	10	1003	18	3	81	0.6	90	-1400	190	2000	175	1	0	1	0	0	0	1	0	1	0	89	1	0	0	190	-4	0	-10	5	
2026-05-16 16:30:00	58.3512	17.43669	13	0	2	0	0	0	0	0.005	13.4	10	1004	18	1	42	0.6	269	-1400	175	2000	180	1	0	0	1	0	0	0	0	1	0	6	0	91	0	175	4	2	10	5	
2026-05-16 16:40:00	58.35168	17.44272	13	0	3	0	0	2	0	0.005	13.4	10	1003	18	1	35	0.6	82	900	16	2000	175	1	0	3	0	1	0	0	0	1	0	92	0	6	0	1	-4	2	-10	5	
2026-05-16 16:50:00	58.35621	17.45376	41	0	4	0	0	0	0	0.005	13.4	9	1004	18	1	30	1.3	52	1200	10	2000	175	1	0	2	3	0	1	0	0	1	0	100	0	0	0	349	0	1	-10	5	
2026-05-16 17:00:00	58.3608	17.44461	12	0	5	0	0	0	0	0.005	13.6	9	1003	18	1	64	1.3	314	500	19	2000	185	1	0	3	2	3	0	1	0	1	0	3	1	88	0	11	0	2	10	5	
2026-05-16 17:10:00	58.36548	17.45451	12	0	6	0	0	0	0	0.005	13.8	9	1004	18	1	29	1.3	48	800	12	2000	180	1	0	3	3	2	3	0	0	1	0	96	0	4	0	3	0	2	-10	5	
2026-05-16 17:20:00	58.37103	17.46435	12	0	7	0	0	0	0	0.005	13.8	9	1003	18	1	28	1.4	43	1000	2	2000	180	1	0	2	3	3	2	3	0	1	0	100	0	0	0	355	0	0	-10	5	
2026-05-16 17:30:00	58.3773	17.4594	12	0	8	0	0	0	0	0.005	13.7	9	1004	18	1	26	1.3	338	1900	12	2000	185	1	0	2	2	3	3	2	0	1	0	1	1	98	0	12	0	2	10	5	
2026-05-16 17:40:00	58.38429	17.45607	12	0	9	0	0	0	0	0.005	13.7	9	1003	18	1	27	1.3	346	-1200	28	2000	185	1	0	2	2	2	3	3	0	1	0	0	0	100	0	28	0	0	10	5	
2026-05-16 17:50:00	58.39005	17.4546	11	0	10	0	0	0	0	0.005	13.7	9	1004	18	1	28	1.1	352	-800	56	2000	185	1	0	3	2	2	2	3	1	1	0	6	0	94	0	56	0	2	10	5	
2026-05-16 18:00:00	58.39416	17.46423	12	0	11	0	0	0	0	0.005	13.7	9	1004	18	1	27	1.2	51	-100	96	2000	195	1	0	0	3	2	2	2	1	1	0	98	0	2	0	96	0	2	-10	5	
2026-05-16 18:10:00	58.39356	17.47164	13	0	12	0	0	0	0	0.005	13.6	9	1004	18	2	46	0.7	99	300	280	2000	195	1	0	1	0	3	2	2	1	1	0	96	1	0	0	280	-4	1	-10	5	
2026-05-16 18:20:00	58.39443	17.46711	12	0	13	0	0	2	0	0.005	13.6	9	1004	18	1	34	0.5	290	-100	108	2000	195	1	0	3	1	0	3	2	0	1	0	7	0	92	0	109	4	2	10	5	
2026-05-16 18:40:00	58.4013	17.48373	13	0	15	0	0	0	0	0.005	13.6	9	1004	18	3	83	1.1	53	-1100	123	2000	195	1	0	0	3	3	1	0	0	1	0	90	0	0	0	139	0	0	-10	5	
2026-05-16 19:20:00	58.39977	17.50794	41	0	19	0	0	0	0	0.005	13.5	9	1004	18	3	79	0.6	82	-1300	137	2000	195	1	0	0	0	0	0	0	0	1	0	90	1	0	0	148	-4	0	-10	5	
2026-05-16 19:30:00	58.3995	17.51433	12	0	20	0	0	0	0	0.005	13.5	9	1005	18	1	58	0.7	95	-1400	143	2000	195	1	0	0	0	0	0	0	0	1	0	95	0	0	0	151	-4	0	-10	5	
2026-05-16 19:40:00	58.39944	17.52117	40	0	21	0	0	0	0	0.005	13.5	9	1005	18	1	28	0.6	91	-1500	151	2000	195	1	0	0	0	0	0	0	0	1	0	100	0	0	0	156	-4	0	-10	5	
2026-05-16 19:50:00	58.39932	17.52762	13	0	22	0	0	0	0	0.005	13.5	9	1005	18	1	57	0.7	92	-1600	160	2000	195	1	0	0	0	0	0	0	0	1	0	95	0	0	0	161	-4	0	-10	5	
2026-05-16 20:00:00	58.39899	17.53563	41	0	23	0	0	0	0	0.005	13.5	9	1005	18	1	30	0.7	94	-1900	174	2000	195	1	0	1	0	0	0	0	0	1	0	100	0	0	0	174	-4	0	-10	5	
2026-05-16 20:10:00	58.40004	17.5335	12	0	24	0	0	0	0	0.005	13.5	9	1005	18	1	63	0.3	313	-2000	170	2000	195	1	0	0	1	0	0	0	0	1	0	10	1	80	0	170	4	2	10	5	
2026-05-16 20:20:00	58.39977	17.53968	12	0	25	0	0	0	0	0.005	13.5	9	1005	18	1	32	0.6	94	-1900	181	2000	195	1	0	0	0	1	0	0	0	1	0	85	8	6	0	181	-4	2	-10	5	
2026-05-16 20:30:00	58.3986	17.54646	13	0	26	0	0	0	0	0.005	13.5	9	1005	18	1	31	0.7	109	-1900	193	2000	195	1	0	0	0	0	1	0	0	1	0	100	0	0	0	193	-4	0	-10	5	
2026-05-16 20:40:00	58.39698	17.55315	12	0	27	0	0	2	0	0.005	13.5	9	1005	18	1	29	0.7	115	1100	34	2000	195	1	0	2	0	0	0	1	0	1	0	100	0	0	0	13	-4	0	-10	5	
2026-05-16 20:50:00	58.40103	17.55828	12	0	28	0	0	0	0	0.005	13.5	9	1006	18	1	28	0.9	34	900	34	2000	195	1	0	2	2	0	0	0	0	1	0	13	0	85	0	17	0	4	10	5	
2026-05-16 21:00:00	58.40484	17.56194	13	0	29	0	0	0	0	0.005	13.4	8	1006	18	1	31	0.8	27	800	34	2000	195	1	0	3	2	2	0	0	0	1	0	11	0	86	0	21	0	5	10	5	
2026-05-16 21:10:00	58.40817	17.57088	12	0	0	0	0	0	0	0.005	13.4	8	1006	18	1	28	1.1	54	900	31	2000	190	1	0	3	3	2	2	0	0	1	0	100	0	0	0	18	0	1	-10	5	
2026-05-16 21:20:00	58.41141	17.58063	13	0	1	0	0	0	0	0.005	13.4	8	1006	18	1	32	1.1	58	1100	25	2000	190	1	0	2	3	3	2	2	0	1	0	100	0	0	0	13	0	0	-10	5	
2026-05-16 21:30:00	58.4154	17.58381	41	0	2	0	0	0	0	0.005	13.4	8	1006	18	1	30	0.8	23	900	26	2000	190	1	0	3	2	3	3	2	0	1	0	9	0	89	0	19	0	4	10	5	
2026-05-16 21:40:00	58.41894	17.58837	12	0	3	0	0	0	0	0.005	13.4	8	1006	18	1	56	0.8	34	800	24	2000	185	1	0	3	3	2	3	3	0	1	0	89	1	4	0	22	0	2	-10	5	
2026-05-16 21:50:00	58.42209	17.5938	12	0	4	0	0	0	0	0.005	13.4	8	1006	18	1	26	0.8	42	1800	20	2000	185	1	0	3	3	3	2	3	0	1	0	94	0	6	0	20	0	2	-10	5	
2026-05-16 22:00:00	58.425	17.59803	12	0	5	0	0	0	0	0.005	13.4	8	1006	18	1	34	0.7	37	1400	14	2000	185	1	0	3	3	3	3	2	0	1	0	93	0	6	0	14	0	2	-10	5	
2026-05-16 22:10:00	58.42806	17.60253	12	0	6	0	0	0	0	0.005	13.4	8	1006	18	1	29	0.7	38	1000	5	2000	185	1	0	3	3	3	3	3	0	1	0	92	0	6	0	5	0	2	-10	5	
2026-05-16 22:20:00	58.43187	17.60886	12	0	7	0	0	0	0	0.005	13.4	8	1006	18	1	34	0.9	41	600	334	2000	185	1	0	2	3	3	3	3	1	1	0	94	0	5	0	334	0	2	-10	5	
2026-05-16 22:30:00	58.43604	17.61144	12	0	8	0	0	0	0	0.005	13.4	8	1007	18	2	53	0.8	18	500	284	2000	190	1	0	1	2	3	3	3	1	1	0	4	0	91	0	284	0	2	10	5	
2026-05-16 23:00:00	58.43466	17.60778	13	0	11	0	0	0	0	0.005	13.4	8	1007	18	3	89	0.4	126	300	320	2000	200	1	0	2	0	1	1	2	1	1	0	80	2	6	0	320	-4	2	-10	5	
2026-05-16 23:10:00	58.43844	17.61054	41	0	12	0	0	2	0	0.005	13.3	8	1007	18	1	44	0.7	21	-200	99	2000	200	1	0	3	2	0	1	1	0	1	0	12	2	81	0	102	0	4	10	5	
2026-05-16 23:20:00	58.44156	17.61543	12	0	13	0	0	0	0	0.005	13.3	8	1007	18	1	59	0.8	39	-600	104	2000	195	1	0	3	3	2	0	1	0	1	0	95	0	0	0	113	0	0	-10	5	
2026-05-16 23:30:00	58.44471	17.62248	12	0	14	0	0	0	0	0.005	13.3	8	1007	18	1	28	0.9	50	-1000	110	2000	195	1	0	3	3	3	2	0	0	1	0	100	0	0	0	126	0	0	-10	5	
2026-05-16 23:40:00	58.44825	17.62488	12	0	15	0	0	0	0	0.005	13.3	8	1007	18	1	30	0.7	20	-1400	116	2000	195	1	0	0	3	3	3	2	0	1	0	99	0	1	0	140	0	0	-10	5	
2026-05-16 23:50:00	58.44615	17.63034	12	0	16	0	0	0	0	0.005	13.3	8	1007	18	1	28	0.7	126	-1200	115	2000	195	1	0	0	0	3	3	3	0	1	0	98	0	2	0	133	-4	2	-10	5	
2026-05-17 00:00:00	58.44375	17.63493	12	0	17	0	0	0	0	0.005	13.3	8	1007	18	1	43	0.6	135	-900	112	2000	195	1	0	2	0	0	3	3	0	1	0	98	0	0	0	125	-4	0	-10	5	
2026-05-17 00:10:00	58.44669	17.63508	12	0	18	0	0	0	0	0.005	13.3	8	1007	18	1	29	0.5	2	-1300	117	2000	195	1	0	0	2	0	0	3	0	1	0	13	0	85	0	136	0	4	10	5	
2026-05-17 00:20:00	58.44615	17.63871	12	0	19	0	0	0	0	0.005	13.3	8	1007	18	1	39	0.4	105	-1200	118	2000	195	1	0	0	0	2	0	0	0	1	0	66	12	20	0	135	-4	2	-10	5	
2026-05-17 00:30:00	58.44423	17.64354	12	0	20	0	0	0	0	0.005	13.3	8	1008	18	1	30	0.6	127	-1100	117	2000	195	1	0	0	0	0	2	0	0	1	0	100	1	0	0	128	-4	0	-10	5	
2026-05-17 00:40:00	58.44213	17.64729	12	0	21	0	0	0	0	0.005	13.3	8	1007	18	1	30	0.5	137	-800	115	2000	195	1	0	3	0	0	0	2	0	1	0	100	0	0	0	122	-4	0	-10	5	
2026-05-17 00:50:00	58.44417	17.65392	13	0	22	0	0	0	0	0.005	13.3	8	1008	18	1	26	0.7	59	-1100	123	2000	195	1	0	0	3	0	0	0	0	1	0	100	0	0	0	131	0	1	-10	5	
2026-05-17 01:00:00	58.44216	17.65851	13	0	23	0	0	0	0	0.005	13.3	8	1008	18	1	34	0.6	130	-900	122	2000	195	1	0	3	0	3	0	0	0	1	0	99	0	0	0	124	-4	1	-10	5	
2026-05-17 01:10:00	58.44459	17.66454	12	0	24	0	0	0	0	0.005	13.3	8	1008	18	1	29	0.7	53	-1200	134	2000	195	1	0	0	3	0	3	0	0	1	0	100	0	0	0	135	0	1	-10	5	
2026-05-17 01:20:00	58.443	17.6691	12	0	25	0	0	0	0	0.005	13.3	8	1008	18	1	31	0.5	124	-1700	136	2000	195	1	0	0	0	3	0	3	0	1	0	100	0	0	0	136	-4	1	-10	5	
2026-05-17 01:30:00	58.44099	17.67354	12	0	26	0	0	0	0	0.005	13.3	8	1008	18	1	33	0.6	130	-1400	137	2000	195	1	0	0	0	0	3	0	0	1	0	100	0	0	0	137	-4	0	-10	5	
2026-05-17 01:40:00	58.43988	17.67822	12	0	27	0	0	0	0	0.005	13.3	8	1008	18	2	50	0.5	115	-1100	143	2000	195	1	0	0	0	0	0	3	0	1	0	96	0	0	0	143	-4	0	-10	5	
2026-05-17 01:50:00	58.43838	17.68326	12	0	28	0	0	0	0	0.005	13.3	8	1008	18	1	29	0.6	119	-800	152	2000	195	1	0	0	0	0	0	0	1	1	0	100	0	0	0	152	-4	0	-10	5	
2026-05-17 02:00:00	58.43724	17.68869	40	0	29	0	0	0	0	0.005	13.3	8	1008	18	2	44	0.5	112	-600	173	2000	195	1	0	0	0	0	0	0	1	1	0	98	0	0	0	173	-4	0	-10	5	
2026-05-17 02:10:00	58.43619	17.69334	12	0	0	0	0	0	0	0.005	13.3	8	1008	18	2	75	0.5	114	-500	202	2000	195	1	0	1	0	0	0	0	1	1	0	92	0	0	0	202	-4	0	-10	5	
2026-05-17 02:20:00	58.4364	17.6898	13	0	1	0	0	0	0	0.005	13.3	8	1008	18	1	29	0.3	277	-500	179	2000	195	1	0	0	1	0	0	0	1	1	0	9	2	86	0	179	4	2	10	5	
2026-05-17 02:30:00	58.43619	17.69448	12	0	2	0	0	0	0	0.005	13.3	8	1008	18	1	33	0.5	95	-600	209	2000	185	1	0	1	0	1	0	0	1	1	0	84	8	7	0	209	-4	2	-10	5	
2026-05-17 02:40:00	58.43703	17.69058	12	0	3	0	0	0	0	0.005	13.3	8	1009	18	1	30	0.4	292	-600	184	2000	195	1	0	0	1	0	1	0	1	1	0	9	0	90	0	184	4	2	10	5	
2026-05-17 02:50:00	58.43616	17.69484	13	0	4	0	0	0	0	0.005	13.3	8	1009	18	1	28	0.4	111	-600	211	2000	200	1	0	1	0	1	0	1	1	1	0	93	0	7	0	211	-4	2	-10	5	
2026-05-17 03:00:00	58.43703	17.69067	12	0	5	0	0	0	0	0.005	13.4	8	1009	18	3	86	0.4	292	-600	184	2000	200	1	0	0	1	0	1	0	1	1	0	6	0	82	0	184	4	2	10	5	
2026-05-17 03:10:00	58.43574	17.69499	12	0	6	0	0	0	0	0.005	13.4	8	1009	18	1	32	0.5	120	-500	214	2000	205	1	0	1	0	1	0	1	1	1	0	91	0	8	0	214	-4	2	-10	5	
2026-05-17 03:20:00	58.43694	17.69049	12	0	7	0	0	0	0	0.005	13.5	8	1009	18	1	31	0.5	297	-600	183	2000	210	1	0	0	1	0	1	0	1	1	0	6	0	93	0	183	4	2	10	5	
2026-05-17 03:30:00	58.43583	17.69508	12	0	8	0	0	0	0	0.005	13.8	8	1009	18	1	27	0.5	114	-500	214	2000	205	1	0	1	0	1	0	1	1	1	0	94	0	6	0	214	-4	2	-10	5	
2026-05-17 03:40:00	58.43676	17.69109	12	0	9	0	0	0	0	0.005	13.8	8	1009	18	1	30	0.4	294	-600	187	2000	205	1	0	0	1	0	1	0	1	1	0	7	0	92	0	187	4	2	10	5	
2026-05-17 03:50:00	58.43625	17.69655	13	0	10	0	0	0	0	0.005	13.8	8	1009	18	1	31	0.5	100	-600	218	2000	195	1	0	1	0	1	0	1	1	1	0	87	5	7	0	218	-4	2	-10	5	
2026-05-17 04:00:00	58.43739	17.69244	41	0	11	0	0	0	0	0.005	13.8	8	1010	18	1	32	0.4	298	-600	193	2000	200	1	0	0	1	0	1	0	1	1	0	7	0	92	0	193	4	2	10	5	
2026-05-17 04:10:00	58.43625	17.69664	12	0	12	0	0	0	0	0.005	13.7	8	1010	18	1	67	0.5	118	-600	219	2000	210	1	0	1	0	1	0	1	1	1	0	85	0	7	0	219	-4	2	-10	5	
2026-05-17 04:20:00	58.43805	17.69232	12	0	13	0	0	0	0	0.005	13.7	8	1009	18	1	35	0.5	309	-700	191	2000	215	1	0	0	1	0	1	0	1	1	0	7	0	87	0	191	4	2	10	5	
2026-05-17 04:30:00	58.43661	17.697	12	0	14	0	0	0	0	0.005	13.6	8	1010	18	1	28	0.5	121	-700	218	2000	215	1	0	1	0	1	0	1	1	1	0	93	0	7	0	218	-4	2	-10	5	
2026-05-17 04:40:00	58.43823	17.69259	12	0	15	0	0	0	0	0.005	13.6	8	1010	18	1	32	0.5	305	-700	192	2000	215	1	0	0	1	0	1	0	1	1	0	5	2	92	0	192	4	2	10	5	
2026-05-17 04:50:00	58.43688	17.69754	12	0	16	0	0	0	0	0.005	13.6	8	1010	18	1	33	0.5	117	-700	218	2000	210	1	0	1	0	1	0	1	1	1	0	92	0	7	0	218	-4	2	-10	5	
2026-05-17 05:00:00	58.43823	17.69382	13	0	17	0	0	0	0	0.005	13.6	8	1010	18	2	46	0.4	304	-700	198	2000	210	1	0	0	1	0	1	0	1	1	0	6	1	89	0	198	4	2	10	5	
2026-05-17 05:10:00	58.43724	17.6985	12	0	18	0	0	0	0	0.005	13.6	8	1010	18	1	34	0.5	112	-800	220	2000	210	1	0	1	0	1	0	1	1	1	0	94	0	5	0	220	-4	2	-10	5	
2026-05-17 05:20:00	58.43859	17.69382	13	0	19	0	0	0	0	0.005	13.6	8	1010	18	1	27	0.5	299	-800	197	2000	205	1	0	0	1	0	1	0	1	1	0	5	1	94	0	197	4	2	10	5	
2026-05-17 05:30:00	58.43751	17.69862	13	0	20	0	0	0	0	0.005	13.6	9	1010	18	1	31	0.5	113	-800	219	2000	205	1	0	1	0	1	0	1	1	1	0	92	0	7	0	219	-4	2	-10	5	
2026-05-17 05:40:00	58.4388	17.6943	12	0	21	0	0	0	0	0.005	13.6	9	1010	18	1	29	0.5	299	-800	198	2000	205	1	0	0	1	0	1	0	1	1	0	6	1	93	0	198	4	2	10	5	
2026-05-17 05:50:00	58.43811	17.70054	12	0	22	0	0	0	0	0.005	13.5	9	1010	18	1	28	0.6	102	-900	222	2000	200	1	0	1	0	1	0	1	1	1	0	93	0	7	0	222	-4	2	-10	5	
2026-05-17 06:00:00	58.43751	17.70585	13	0	23	0	0	1	0	0.005	13.5	9	1011	18	1	31	0.5	102	-1100	236	2000	200	0	0	1	0	0	1	0	0	1	0	100	0	0	0	236	-4	0	-10	5	
2026-05-17 06:10:00	58.43637	17.7114	12	0	24	0	0	0	0	0.005	13.5	9	1011	18	1	29	0.6	111	-1300	248	2000	200	0	0	1	0	0	0	1	0	1	0	100	0	0	0	248	-4	0	-10	5	
2026-05-17 06:20:00	58.43469	17.71743	12	0	25	0	0	0	0	0.005	13.5	9	1011	18	1	30	0.7	118	-1600	259	2000	200	0	0	1	0	0	0	0	0	1	0	100	1	0	0	259	-4	0	-10	5	
2026-05-17 06:30:00	58.43412	17.72283	12	0	26	0	0	0	0	0.005	13.5	9	1011	18	1	30	0.5	101	-1900	262	2000	200	0	0	1	0	0	0	0	0	1	0	83	6	12	0	262	-4	0	-10	5	
2026-05-17 06:40:00	58.43277	17.72865	41	0	27	0	0	0	0	0.005	13.5	9	1011	18	1	40	0.6	114	-2300	267	2000	200	0	0	2	0	0	0	0	0	0	0	97	1	0	0	267	-4	0	-10	5	
2026-05-17 06:50:00	58.43166	17.73318	14	0	28	0	0	0	0	0.005	13.5	9	1011	18	3	108	0.5	115	-2500	270	2000	200	0	0	2	0	0	0	0	0	0	0	83	2	0	0	270	-4	0	-10	5	
2026-05-17 07:00:00	58.43046	17.73966	12	0	29	0	0	0	0	0.005	13.5	9	1011	18	1	34	0.7	110	-2900	273	2000	200	0	0	2	0	0	0	0	0	0	0	100	0	0	0	273	-4	0	-10	5	
2026-05-17 07:10:00	58.42914	17.74503	12	0	0	0	0	0	0	0.005	13.5	9	1011	18	1	30	0.6	115	-3200	275	2000	200	0	0	2	0	0	0	0	0	0	0	100	0	0	0	275	-4	0	-10	5	
2026-05-17 07:20:00	58.42743	17.74971	12	0	1	0	0	0	0	0.005	13.5	9	1012	18	1	34	0.6	125	3500	278	2000	200	0	0	2	0	0	0	0	0	0	0	97	3	0	0	278	-4	0	-10	5	
2026-05-17 07:30:00	58.42572	17.75472	12	0	2	0	0	0	0	0.005	13.5	8	1012	18	1	31	0.6	123	3800	280	2000	200	0	0	2	0	0	0	0	0	0	0	100	0	0	0	280	-4	0	-10	5	
2026-05-17 07:40:00	58.42413	17.75985	12	0	3	0	0	0	0	0.005	13.5	8	1012	18	1	34	0.6	121	4200	282	2000	200	0	0	2	0	0	0	0	0	0	0	100	0	0	0	282	-4	0	-10	5	
2026-05-17 07:50:00	58.42233	17.76468	12	0	4	0	0	0	0	0.005	13.5	8	1012	18	1	31	0.6	125	4500	284	2000	200	0	0	2	0	0	0	0	0	0	0	100	0	0	0	284	-4	0	-10	5	
2026-05-17 08:00:00	58.42083	17.77029	13	0	5	0	0	0	0	0.005	13.4	8	1012	18	1	31	0.6	117	4800	285	2000	200	0	0	2	0	0	0	0	0	0	0	100	0	0	0	285	-4	0	-10	5	
2026-05-17 08:10:00	58.4199	17.77602	12	0	6	0	0	0	0	0.005	13.4	8	1012	18	2	58	0.6	107	5200	285	2000	200	0	0	2	0	0	0	0	0	0	0	95	0	0	0	285	-4	0	-10	5	
2026-05-17 08:20:00	58.41771	17.78202	12	0	7	0	0	0	0	0.005	13.4	9	1012	18	1	31	0.7	125	5600	286	2000	200	0	0	2	0	0	0	0	0	0	0	100	0	0	0	286	-4	0	-10	5	
2026-05-17 08:30:00	58.41567	17.78751	13	0	8	0	0	0	0	0.005	13.4	8	1013	18	1	33	0.6	125	6000	288	2000	200	0	0	2	0	0	0	0	0	0	0	100	0	0	0	288	-4	0	-10	5	
2026-05-17 08:40:00	58.41405	17.79279	13	0	9	0	0	0	0	0.005	13.4	8	1013	18	1	29	0.6	120	6300	288	2000	200	0	0	2	0	0	0	0	0	0	0	100	0	0	0	288	-4	0	-10	5	
2026-05-17 08:50:00	58.41201	17.7981	13	0	10	0	0	0	0	0.005	13.4	8	1013	18	2	59	0.6	126	6700	289	2000	200	0	0	2	0	0	0	0	0	0	0	95	0	0	0	289	-4	0	-10	5	
2026-05-17 09:00:00	58.41024	17.80341	41	0	11	0	0	0	0	0.005	13.4	8	1013	18	2	51	0.6	123	7000	290	2000	200	0	0	2	0	0	0	0	0	0	0	94	2	0	0	290	-4	0	-10	5	
2026-05-17 09:10:00	58.40853	17.8083	14	0	12	0	0	0	0	0.005	13.4	8	1013	18	1	55	0.6	123	7400	291	2000	200	0	0	2	0	0	0	0	0	0	0	96	0	0	0	291	-4	0	-10	5	
2026-05-17 09:20:00	58.40739	17.81409	13	0	13	0	0	0	0	0.005	13.4	9	1013	18	1	30	0.6	111	7700	291	2000	200	0	0	2	0	0	0	0	0	0	0	95	0	6	0	291	-4	0	-10	5	
2026-05-17 09:30:00	58.40568	17.81847	12	0	14	0	0	0	0	0.005	13.4	9	1013	18	1	31	0.5	127	8000	291	2000	200	0	0	2	0	0	0	0	0	0	0	100	0	0	0	291	-4	0	-10	5	
2026-05-17 09:40:00	58.40478	17.82408	14	0	15	0	0	0	0	0.005	13.4	9	1014	18	1	33	0.6	107	8400	291	2000	200	0	0	2	0	0	0	0	0	0	0	83	3	14	0	291	-4	0	-10	5	
2026-05-17 09:50:00	58.40316	17.82843	12	0	16	0	0	0	0	0.005	13.4	9	1014	18	1	31	0.5	125	8700	292	2000	200	0	0	2	0	0	0	0	0	0	0	100	0	0	0	292	-4	0	-10	5	
2026-05-17 10:00:00	58.40151	17.83314	12	0	17	0	0	0	0	0.005	13.4	9	1014	18	1	31	0.5	124	9000	292	2000	200	0	0	2	0	0	0	0	0	0	0	98	2	0	0	292	-4	0	-10	5	
2026-05-17 10:10:00	58.40187	17.82897	12	0	18	0	0	1	0	0.005	13.4	9	1014	18	1	28	0.4	279	8700	292	2000	205	0	0	2	1	0	0	0	0	0	0	8	1	91	0	292	4	3	10	5	
2026-05-17 10:20:00	58.40205	17.8233	12	0	19	0	0	0	0	0.005	13.4	9	1014	18	1	32	0.6	273	8400	293	2000	205	0	0	2	1	1	0	0	0	0	0	0	0	100	0	293	4	0	10	5	
2026-05-17 10:30:00	58.40187	17.81784	13	0	20	0	0	0	0	0.005	13.4	9	1014	18	1	32	0.5	266	8200	294	2000	205	0	0	2	1	1	1	0	0	0	0	0	2	98	0	294	4	0	10	5	
2026-05-17 10:40:00	58.40163	17.8125	13	0	21	0	0	0	0	0.005	13.4	9	1014	18	1	29	0.5	265	7900	295	2000	205	0	0	2	1	1	1	1	0	0	0	0	0	100	0	295	4	0	10	5	
2026-05-17 10:50:00	58.40148	17.80698	12	0	22	0	0	0	0	0.005	13.4	9	1014	18	1	30	0.5	267	7600	296	2000	205	0	0	2	1	1	1	1	0	0	0	0	2	99	0	296	4	0	10	5	
2026-05-17 11:00:00	58.40115	17.80227	13	0	23	0	0	0	0	0.005	13.4	9	1014	18	1	26	0.5	263	7400	298	2000	205	0	0	2	1	1	1	1	0	0	0	0	1	100	0	298	4	0	10	5	
2026-05-17 11:10:00	58.40088	17.79738	41	0	24	0	0	0	0	0.005	13.4	9	1014	18	2	49	0.5	264	7100	299	2000	205	0	0	2	1	1	1	1	0	0	0	0	0	97	0	299	4	0	10	5	
2026-05-17 11:20:00	58.40091	17.79273	14	0	25	0	0	0	0	0.005	13.4	9	1015	18	2	73	0.5	271	6900	300	2000	205	0	0	2	1	1	1	1	0	0	0	0	0	92	0	300	4	0	10	5	
2026-05-17 11:40:00	58.40136	17.78199	12	0	27	0	0	0	0	0.005	13.4	9	1015	18	3	77	0.5	276	6300	302	2000	205	0	0	2	1	1	1	1	0	0	0	0	0	91	0	302	4	0	10	5	
2026-05-17 12:00:00	58.40214	17.77152	12	0	29	0	0	0	0	0.005	13.6	9	1015	18	3	94	0.5	278	5800	305	2000	205	0	0	2	1	1	1	1	0	0	0	0	1	87	0	305	4	0	10	5	
2026-05-17 12:10:00	58.40229	17.76711	12	0	0	0	0	0	0	0.005	13.6	9	1015	18	2	51	0.4	274	5600	306	2000	205	0	0	2	1	1	1	1	0	0	0	0	3	93	0	306	4	0	10	5	
2026-05-17 12:20:00	58.4025	17.76303	12	0	1	0	0	0	0	0.005	13.6	9	1015	18	1	32	0.4	276	5400	307	2000	205	0	0	2	1	1	1	1	0	0	0	0	2	98	0	307	4	0	10	5	
2026-05-17 12:30:00	58.40223	17.75901	18	0	2	0	0	0	0	0.005	13.6	9	1015	18	1	28	0.4	262	5200	309	2000	205	0	0	2	1	1	1	1	0	0	0	0	0	100	0	309	4	0	10	5	
2026-05-17 12:40:00	58.40205	17.75568	41	0	3	0	0	0	0	0.005	13.5	9	1015	18	2	61	0.3	264	5100	311	2000	205	0	0	2	1	1	1	1	0	0	0	0	0	94	0	311	4	0	10	5	
2026-05-17 12:50:00	58.40199	17.75256	12	0	4	0	0	0	0	0.005	13.5	9	1015	18	1	57	0.3	269	4900	312	2000	205	0	0	2	1	1	1	1	0	0	0	0	2	93	0	312	4	0	10	5	
2026-05-17 13:00:00	58.40178	17.74809	12	0	5	0	0	0	0	0.005	13.5	9	1015	18	1	31	0.4	265	4800	315	2000	205	0	0	2	1	1	1	1	0	0	0	0	0	100	0	315	4	0	10	5	
2026-05-17 13:10:00	58.40184	17.74329	12	0	6	0	0	0	0	0.005	13.5	9	1015	18	1	29	0.5	271	4600	317	2000	205	0	0	2	1	1	1	1	0	0	0	0	1	100	0	317	4	0	10	5	
2026-05-17 13:20:00	58.40184	17.7399	14	0	7	0	0	0	0	0.005	13.5	9	1015	18	1	28	0.3	270	4400	319	2000	205	0	0	2	1	1	1	1	0	0	0	0	0	100	0	319	4	0	10	5	
2026-05-17 13:30:00	58.40148	17.73603	12	0	8	0	0	0	0	0.005	13.5	9	1015	18	2	48	0.4	260	4300	322	2000	205	0	0	2	1	1	1	1	0	0	0	0	1	96	0	322	4	0	10	5	
2026-05-17 13:40:00	58.40118	17.73123	12	0	9	0	0	0	0	0.005	13.5	9	1015	18	1	31	0.5	263	4200	325	2000	205	0	0	2	1	1	1	1	0	0	0	0	0	100	0	325	4	0	10	5	
2026-05-17 13:50:00	58.40172	17.72724	13	0	10	0	0	0	0	0.005	13.5	9	1015	18	1	31	0.4	285	4000	327	2000	205	0	0	2	1	1	1	1	0	0	0	14	0	86	0	327	4	0	10	5	
2026-05-17 14:00:00	58.40139	17.72286	40	0	11	0	0	0	0	0.005	13.5	9	1015	18	1	35	0.4	261	3900	330	2000	205	0	0	2	1	1	1	1	0	0	0	0	2	98	0	330	4	0	10	5	
2026-05-17 14:10:00	58.40103	17.71845	12	0	12	0	0	0	0	0.005	13.5	9	1015	18	1	56	0.5	262	3800	334	2000	205	0	0	2	1	1	1	1	0	0	0	0	0	95	0	334	4	0	10	5	
2026-05-17 14:20:00	58.40076	17.71413	12	0	13	0	0	0	0	0.005	13.5	9	1015	18	1	26	0.4	263	3700	338	2000	205	0	0	2	1	1	1	1	0	0	0	0	2	99	0	338	4	0	10	5	
2026-05-17 14:30:00	58.40079	17.71002	12	0	14	0	0	0	0	0.005	13.5	9	1015	18	1	27	0.4	271	3600	341	2000	205	0	0	2	1	1	1	1	0	0	0	0	4	97	0	341	4	0	10	5	
2026-05-17 14:40:00	58.40064	17.70543	12	0	15	0	0	0	0	0.005	13.5	9	1015	18	1	30	0.4	267	3600	345	2000	205	0	0	2	1	1	1	1	0	0	0	0	0	100	0	345	4	0	10	5	
2026-05-17 14:50:00	58.40073	17.70147	12	0	16	0	0	0	0	0.005	13.5	9	1015	18	1	28	0.4	273	3500	349	2000	205	0	0	2	1	1	1	1	0	0	0	0	5	96	0	349	4	0	10	5	
2026-05-17 15:00:00	58.40109	17.69748	12	0	17	0	0	0	0	0.005	13.5	9	1016	18	1	30	0.4	280	3400	353	2000	205	0	0	2	1	1	1	1	0	0	0	0	5	96	0	353	4	0	10	5	
2026-05-17 15:10:00	58.40127	17.69271	12	0	18	0	0	0	0	0.005	13.4	9	1016	18	1	29	0.5	274	3400	357	2000	205	0	0	2	1	1	1	1	0	0	0	0	0	100	0	357	4	0	10	5	
2026-05-17 15:20:00	58.40175	17.68797	12	0	19	0	0	0	0	0.005	13.4	9	1016	18	1	30	0.5	281	3300	2	2000	205	0	0	2	1	1	1	1	0	0	0	0	6	95	0	2	4	0	10	5	
2026-05-17 15:30:00	58.40175	17.68281	12	0	20	0	0	0	0	0.005	13.4	9	1016	18	1	31	0.5	270	3400	7	2000	205	0	0	2	1	1	1	1	0	0	0	0	2	98	0	7	4	0	10	5	
2026-05-17 15:40:00	58.40211	17.67795	12	0	21	0	0	0	0	0.005	13.4	9	1016	18	1	32	0.5	278	3400	12	2000	205	0	0	2	1	1	1	1	0	0	0	0	2	98	0	7	4	0	10	5	
2026-05-17 15:50:00	58.40304	17.67261	12	0	22	0	0	0	0	0.005	13.4	9	1016	18	1	37	0.5	288	3300	17	2000	205	0	0	2	1	1	1	1	0	0	0	0	2	97	0	7	4	0	10	5	
2026-05-17 16:00:00	58.40382	17.6685	12	0	23	0	0	0	0	0.005	13.4	9	1016	18	1	31	0.4	290	3200	22	2000	205	0	0	2	1	1	1	1	0	0	0	0	4	96	0	7	4	0	10	5	
2026-05-17 16:10:00	58.40484	17.66448	12	0	24	0	0	0	0	0.005	13.4	9	1016	18	1	27	0.4	296	3200	26	2000	205	0	0	2	1	1	1	1	0	0	0	0	5	96	0	7	4	0	10	5	
2026-05-17 16:20:00	58.40619	17.65947	12	0	25	0	0	0	0	0.005	13.4	9	1016	18	1	29	0.5	298	3000	32	2000	205	0	0	2	1	1	1	1	0	0	0	0	3	98	0	7	4	0	10	5	
2026-05-17 16:30:00	58.40727	17.65479	12	0	26	0	0	0	0	0.005	13.4	9	1016	18	1	31	0.5	294	2900	37	2000	205	0	0	2	1	1	1	1	0	0	0	0	1	99	0	7	4	0	10	5	
2026-05-17 16:40:00	58.40829	17.65056	13	0	27	0	0	0	0	0.005	13.4	9	1017	18	1	31	0.5	295	2900	41	2000	205	0	0	2	1	1	1	1	0	0	0	0	4	96	0	7	4	0	10	5	
2026-05-17 16:50:00	58.40949	17.64777	41	0	28	0	0	0	0	0.005	13.4	9	1016	18	3	93	0.3	309	2700	45	2000	205	0	0	2	1	1	1	1	0	0	0	0	6	82	0	7	4	0	10	5	
2026-05-17 17:00:00	58.41057	17.64522	12	0	29	0	0	0	0	0.005	13.4	9	1016	18	1	59	0.3	309	2600	48	2000	205	0	0	2	1	1	1	1	0	0	0	0	5	90	0	7	4	0	10	5	
2026-05-17 17:10:00	58.41213	17.64213	12	0	0	0	0	0	0	0.005	13.4	9	1016	18	1	35	0.4	314	2500	52	2000	205	0	0	2	1	1	1	1	0	0	0	0	2	98	0	7	4	0	10	5	
2026-05-17 17:20:00	58.41327	17.63835	13	0	1	0	0	0	0	0.005	13.4	9	1017	18	1	30	0.4	300	2400	56	2000	205	0	0	2	1	1	1	1	0	0	0	0	1	100	0	7	4	0	10	5	
2026-05-17 17:30:00	58.4148	17.63403	12	0	2	0	0	0	0	0.005	13.5	9	1017	18	1	31	0.5	304	2300	60	2000	205	0	0	2	1	1	1	1	0	0	0	0	0	100	0	7	4	0	10	5	
2026-05-17 17:40:00	58.41597	17.62986	12	0	3	0	0	0	0	0.005	13.6	9	1017	18	1	28	0.5	298	2200	63	2000	205	0	0	2	1	1	1	1	0	1	0	0	1	100	0	7	4	0	10	5	
2026-05-17 17:50:00	58.41639	17.62551	12	0	4	0	0	0	0	0.005	13.9	9	1017	18	1	29	0.4	281	2100	65	2000	205	0	0	2	1	1	1	1	0	1	0	0	0	100	0	7	4	0	10	5	
2026-05-17 18:00:00	58.41693	17.62146	12	0	5	0	0	0	0	0.005	13.8	9	1017	18	1	35	0.4	284	2100	67	2000	205	0	0	2	1	1	1	1	0	1	0	0	0	100	0	7	4	0	10	5	
2026-05-17 18:10:00	58.4184	17.61915	12	0	6	0	0	0	0	0.005	13.8	9	1017	18	1	29	0.3	320	2000	70	2000	205	0	0	2	1	1	1	1	0	1	0	21	9	71	0	18	4	0	10	5	
2026-05-17 18:20:00	58.42179	17.61864	12	0	7	0	0	1	0	0.005	13.8	9	1017	18	1	30	0.6	355	1600	75	2000	205	1	0	2	2	1	1	1	0	1	0	7	0	92	0	44	0	3	10	5	
2026-05-17 18:30:00	58.42548	17.62068	12	0	8	0	0	2	0	0.005	13.8	9	1017	18	1	31	0.7	16	-1000	148	2000	205	1	0	0	2	2	1	1	0	1	0	6	1	90	0	158	0	1	10	5	
2026-05-17 18:40:00	58.42569	17.62518	13	0	9	0	0	0	0	0.005	13.7	9	1017	18	1	28	0.4	84	-1000	150	2000	205	1	0	0	0	2	2	1	0	1	0	78	12	9	0	165	-4	3	-10	5	
2026-05-17 18:50:00	58.42554	17.62959	13	0	10	0	0	0	0	0.005	13.7	9	1017	18	1	32	0.4	94	-1100	153	2000	205	1	0	0	0	0	2	2	0	1	0	100	0	0	0	171	-4	0	-10	5	
2026-05-17 19:00:00	58.42515	17.6343	13	0	11	0	0	0	0	0.005	13.7	9	1017	18	1	33	0.5	99	-1200	155	2000	205	1	0	0	0	0	0	2	0	1	0	100	0	0	0	178	-4	0	-10	5	
2026-05-17 19:20:00	58.42539	17.64225	41	0	13	0	0	0	0	0.005	13.7	9	1017	18	0	83	0.4	73	-1500	160	2000	205	1	0	1	0	0	0	0	0	1	0	70	3	17	0	193	-4	0	-10	5	
2026-05-17 19:30:00	58.42641	17.64018	12	0	14	0	0	0	0	0.005	13.6	9	1017	18	1	60	0.3	313	-1500	159	2000	190	1	0	1	1	0	0	0	0	1	0	10	3	80	0	192	4	2	10	5	
2026-05-17 19:40:00	58.42704	17.63682	12	0	15	0	0	0	0	0.005	13.6	9	1018	18	2	59	0.3	290	-1400	157	2000	190	1	0	1	1	1	0	0	0	1	0	0	0	95	0	187	4	0	10	5	
2026-05-17 19:50:00	58.42764	17.63313	12	0	16	0	0	0	0	0.005	13.6	9	1018	18	1	32	0.4	287	-1400	156	2000	190	1	0	1	1	1	1	0	0	1	0	0	3	97	0	182	4	0	10	5	
2026-05-17 20:00:00	58.42836	17.62923	12	0	17	0	0	0	0	0.005	13.6	9	1018	18	1	29	0.4	290	-1300	154	2000	190	1	0	0	1	1	1	1	0	1	0	0	1	100	0	177	4	0	10	5	
2026-05-17 20:20:00	58.42812	17.63715	13	0	19	0	0	0	0	0.005	13.6	9	1018	18	3	93	0.4	97	-1500	158	2000	190	1	0	0	0	0	1	1	0	1	0	88	0	0	0	190	-4	0	-10	5	
2026-05-17 20:30:00	58.42878	17.64066	13	0	20	0	0	0	0	0.005	13.6	9	1018	18	3	63	0.4	70	-1700	160	2000	190	1	0	1	0	0	0	1	0	1	0	70	3	21	0	200	-4	0	-10	5	
2026-05-17 20:40:00	58.42947	17.63847	14	0	21	0	0	0	0	0.005	13.5	9	1018	18	2	67	0.2	300	-1700	159	2000	180	1	0	1	1	0	0	0	0	1	0	11	3	78	0	197	4	2	10	5	
2026-05-17 20:50:00	58.43022	17.6367	13	0	22	0	0	0	0	0.005	13.5	9	1018	18	1	33	0.2	309	-1700	158	2000	180	1	0	1	1	1	0	0	0	1	0	0	3	97	0	196	4	0	10	5	
2026-05-17 21:00:00	58.43133	17.63466	13	0	23	0	0	0	0	0.005	13.5	9	1018	18	1	33	0.3	316	-1800	158	2000	180	1	0	1	1	1	1	0	0	1	0	2	4	94	0	195	4	0	10	5	
2026-05-17 21:10:00	58.43178	17.63187	14	0	24	0	0	0	0	0.005	13.5	9	1018	18	1	28	0.3	288	-1800	157	2000	180	1	0	1	1	1	1	1	0	1	0	0	5	96	0	191	4	0	10	5	
2026-05-17 21:20:00	58.4325	17.63004	41	0	25	0	0	0	0	0.005	13.5	9	1018	18	1	31	0.2	306	-1800	156	2000	180	1	0	1	1	1	1	1	0	1	0	0	3	97	0	189	4	0	10	5	
2026-05-17 21:30:00	58.43304	17.62824	12	0	26	0	0	0	0	0.005	13.5	9	1018	18	1	59	0.2	301	-1800	155	2000	180	1	0	0	1	1	1	1	0	1	0	0	3	92	0	187	4	0	10	5	
2026-05-17 21:40:00	58.43292	17.63073	12	0	27	0	0	0	0	0.005	13.5	9	1018	18	1	27	0.2	95	-1900	157	2000	200	1	0	0	0	1	1	1	0	1	0	87	2	11	0	192	-4	3	-10	5	
2026-05-17 21:50:00	58.43238	17.63397	12	0	28	0	0	0	0	0.005	13.5	9	1018	18	1	27	0.3	108	-1900	158	2000	200	1	0	0	0	0	1	1	0	1	0	100	0	0	0	197	-4	0	-10	5	
2026-05-17 22:00:00	58.43214	17.63709	12	0	29	0	0	0	0	0.005	13.5	9	1018	18	2	44	0.3	99	-1900	159	2000	200	1	0	1	0	0	0	1	0	1	0	91	7	0	0	204	-4	0	-10	5	
2026-05-17 22:10:00	58.43265	17.63571	12	0	0	0	0	0	0	0.005	13.5	9	1019	18	1	31	0.2	305	-1900	159	2000	200	1	0	1	1	0	0	0	0	1	0	9	0	90	0	202	4	2	10	5	
2026-05-17 22:20:00	58.43271	17.63469	12	0	1	0	0	0	0	0.005	13.5	9	1019	18	1	29	0.1	279	-1900	158	2000	200	1	0	1	1	1	0	0	0	1	0	0	5	96	0	200	4	0	10	5	
2026-05-17 22:30:00	58.43295	17.63325	12	0	2	0	0	0	0	0.005	13.5	9	1018	18	3	83	0.1	287	-1900	158	2000	200	1	0	1	1	1	1	0	0	1	0	0	4	86	0	197	4	0	10	5	
2026-05-17 22:40:00	58.4334	17.63226	11	0	3	0	0	0	0	0.005	13.4	9	1019	18	3	73	0.1	311	-1900	157	2000	200	1	0	0	1	1	1	1	0	1	0	0	9	83	0	196	4	0	10	5	
2026-05-17 23:20:00	58.43349	17.63334	12	0	7	0	0	0	0	0.005	13.4	9	1019	18	3	80	0.1	254	-2000	158	2000	195	1	0	1	1	1	1	0	0	1	0	0	1	90	0	199	4	0	10	5	
2026-05-18 00:00:00	58.43424	17.63598	40	0	11	0	0	0	0	0.005	13.4	8	1019	18	3	79	0.1	211	-2100	160	2000	145	1	0	1	1	0	0	1	0	1	0	19	0	71	0	204	4	2	10	5	
2026-05-18 00:20:00	58.43163	17.63337	12	0	13	0	0	0	0	0.005	13.4	8	1019	18	3	79	0.3	212	-1800	157	2000	145	1	0	1	1	1	1	0	0	1	0	0	0	91	0	193	4	0	10	5	
2026-05-18 00:30:00	58.43073	17.63115	12	0	14	0	0	0	0	0.005	13.3	9	1019	18	2	53	0.3	232	-1600	156	2000	145	1	0	1	1	1	1	1	0	1	0	0	2	94	0	186	4	0	10	5	
2026-05-18 00:40:00	58.43046	17.62989	11	0	15	0	0	0	0	0.005	13.4	9	1019	18	1	31	0.1	245	-1600	155	2000	145	1	0	1	1	1	1	1	0	1	0	0	8	92	0	183	4	0	10	5	
2026-05-18 00:50:00	58.42986	17.6286	11	0	16	0	0	0	0	0.005	13.4	9	1019	18	1	27	0.2	230	-1500	154	2000	145	1	0	1	1	1	1	1	0	1	0	0	4	97	0	180	4	0	10	5	
2026-05-18 01:00:00	58.42908	17.62725	11	0	17	0	0	0	0	0.005	13.4	8	1019	18	1	27	0.2	222	-1400	153	2000	145	1	0	1	1	1	1	1	0	1	0	0	0	100	0	176	4	0	10	5	
2026-05-18 01:10:00	58.42824	17.62557	12	0	18	0	0	0	0	0.005	13.3	8	1019	18	1	29	0.2	226	-1300	152	2000	145	1	0	1	1	1	1	1	0	1	0	0	0	100	0	171	4	0	10	5	
2026-05-18 01:20:00	58.42758	17.6241	12	0	19	0	0	0	0	0.005	13.3	8	1019	18	1	28	0.2	230	-1200	151	2000	145	1	0	1	1	1	1	1	0	1	0	0	2	99	0	168	4	0	10	5	
2026-05-18 01:30:00	58.42722	17.62227	13	0	20	0	0	0	0	0.005	13.3	8	1019	18	1	32	0.2	250	-1100	150	2000	145	1	0	0	1	1	1	1	0	1	0	0	5	95	0	164	4	0	10	5	
2026-05-18 01:40:00	58.42773	17.62383	11	0	21	0	0	0	0	0.005	13.3	8	1020	18	1	28	0.2	59	-1200	151	2000	155	1	0	1	0	1	1	1	0	1	0	86	1	13	0	167	-4	2	-10	5	
2026-05-18 01:50:00	58.42764	17.62215	12	0	22	0	0	0	0	0.005	13.3	8	1020	18	1	29	0.2	264	-1200	150	2000	160	1	0	1	1	0	1	1	0	1	0	15	1	81	0	165	4	2	10	5	
2026-05-18 02:00:00	58.42728	17.62041	13	0	23	0	0	0	0	0.005	13.3	8	1019	18	1	26	0.2	249	-1200	149	2000	160	1	0	1	1	1	0	1	0	1	0	0	6	95	0	162	4	0	10	5	
2026-05-18 02:20:00	58.42677	17.61732	12	0	25	0	0	0	0	0.005	13.3	8	1020	18	3	107	0.2	247	-1100	147	2000	160	1	0	1	1	1	1	1	0	1	0	0	3	82	0	156	4	0	10	5	
2026-05-18 02:40:00	58.42752	17.61642	12	0	27	0	0	0	0	0.005	13.3	8	1020	18	3	78	0.2	13	-1200	147	2000	130	1	0	1	0	1	1	1	0	1	0	68	2	20	0	157	-4	2	-10	5	
2026-05-18 03:20:00	58.42701	17.6139	12	0	1	0	0	0	0	0.005	13.9	8	1020	18	3	87	0.2	189	-1200	146	2000	140	1	0	1	1	1	1	1	0	1	0	0	0	89	0	152	4	0	10	5	
2026-05-18 03:30:00	58.42596	17.61375	12	0	2	0	0	0	0	0.005	13.8	9	1020	18	1	46	0.2	184	-1100	145	2000	140	1	0	1	1	1	1	1	0	1	0	0	0	97	0	150	4	0	10	5	
2026-05-18 03:40:00	58.42509	17.61351	12	0	3	0	0	0	0	0.005	13.8	9	1020	18	1	33	0.2	188	-1000	144	2000	140	1	0	1	1	1	1	1	0	1	0	0	0	100	0	148	4	0	10	5	
2026-05-18 03:50:00	58.42395	17.61351	13	0	4	0	0	0	0	0.005	13.8	9	1020	18	1	28	0.2	180	-900	144	2000	140	1	0	1	1	1	1	1	0	1	0	0	0	100	0	146	4	0	10	5	
2026-05-18 04:00:00	58.42293	17.61348	15	0	5	0	0	0	0	0.005	13.8	9	1020	18	1	34	0.2	180	-800	143	2000	140	1	0	1	1	1	1	1	0	1	0	0	0	100	0	144	4	0	10	5	
2026-05-18 04:10:00	58.42167	17.61384	41	0	6	0	0	0	0	0.005	13.8	9	1020	18	1	36	0.2	171	700	142	2000	140	1	0	1	1	1	1	1	0	1	0	0	0	99	0	142	4	0	10	5	
2026-05-18 04:20:00	58.4205	17.61405	12	0	7	0	0	0	0	0.005	13.7	9	1020	18	1	62	0.2	175	600	142	2000	140	1	0	1	1	1	1	1	0	1	0	0	0	94	0	140	4	0	10	5	
2026-05-18 04:30:00	58.41939	17.61444	13	0	8	0	0	0	0	0.005	13.7	9	1020	18	1	29	0.2	170	500	141	2000	140	1	0	1	1	1	1	1	0	1	0	0	0	100	0	138	4	0	10	5	
2026-05-18 04:40:00	58.41804	17.61435	13	0	9	0	0	0	0	0.005	13.7	9	1020	18	1	31	0.3	182	400	140	2000	140	1	0	1	1	1	1	1	0	1	0	0	0	100	0	135	4	0	10	5	
2026-05-18 04:50:00	58.4172	17.61423	13	0	10	0	0	0	0	0.005	13.7	9	1020	18	1	32	0.2	184	400	139	2000	140	1	0	1	1	1	1	1	0	1	0	0	0	100	0	134	4	0	10	5	
2026-05-18 05:00:00	58.41618	17.61414	12	0	11	0	0	0	0	0.005	13.7	9	1020	18	3	78	0.2	183	400	138	2000	140	1	0	1	1	1	1	1	0	1	0	0	0	91	0	131	4	0	10	5	
2026-05-18 05:10:00	58.41483	17.61441	13	0	12	0	0	0	0	0.005	13.7	9	1020	18	2	44	0.2	174	500	137	2000	140	1	0	1	1	1	1	1	0	1	0	0	0	98	0	129	4	0	10	5	
2026-05-18 05:20:00	58.41375	17.61465	12	0	13	0	0	0	0	0.005	13.6	10	1021	18	1	28	0.2	173	500	137	2000	140	1	0	1	1	1	1	1	0	1	0	0	0	100	0	127	4	0	10	5	
2026-05-18 05:30:00	58.41261	17.61531	13	0	14	0	0	0	0	0.005	13.6	10	1021	18	1	33	0.2	163	600	136	2000	140	1	0	1	1	1	1	1	0	1	0	0	0	100	0	126	4	0	10	5	
2026-05-18 05:40:00	58.41147	17.61564	12	0	15	0	0	0	0	0.005	13.6	10	1021	18	1	31	0.2	171	600	135	2000	140	1	0	1	1	1	1	1	0	1	0	0	0	100	0	124	4	0	10	5	
2026-05-18 05:50:00	58.4103	17.61579	12	0	16	0	0	0	0	0.005	13.6	10	1021	18	1	32	0.2	176	700	134	2000	140	1	0	1	1	1	1	1	0	1	0	0	0	100	0	122	4	0	10	5	
2026-05-18 06:00:00	58.40907	17.61624	18	0	17	0	0	0	0	0.005	13.6	10	1020	18	1	31	0.2	169	800	133	2000	140	1	0	1	1	1	1	1	0	1	0	0	0	100	0	120	4	0	10	5	
2026-05-18 06:10:00	58.40805	17.61681	41	0	18	0	0	0	0	0.005	13.6	10	1021	18	1	36	0.2	164	800	132	2000	140	1	0	1	1	1	1	1	0	1	0	0	0	99	0	119	4	0	10	5	
2026-05-18 06:20:00	58.40691	17.61765	12	0	19	0	0	0	0	0.005	13.6	10	1021	18	1	57	0.2	159	900	131	2000	140	1	0	1	1	1	1	1	0	1	0	0	0	95	0	118	4	0	10	5	
2026-05-18 06:30:00	58.40607	17.61855	12	0	20	0	0	0	0	0.005	13.6	10	1021	18	1	30	0.2	150	900	131	2000	140	1	0	1	1	1	1	1	0	1	0	0	0	100	0	117	4	0	10	5	
2026-05-18 06:50:00	58.40409	17.62029	12	0	22	0	0	0	0	0.005	13.6	10	1021	18	3	79	0.2	152	900	130	2000	140	1	0	1	1	1	1	1	0	1	0	0	0	91	0	115	4	0	10	5	
2026-05-18 07:10:00	58.40211	17.62296	11	0	24	0	0	0	0	0.005	13.5	10	1021	18	3	82	0.2	145	900	128	2000	140	1	0	1	1	1	1	1	0	1	0	0	0	90	0	115	4	0	10	5	
2026-05-18 07:20:00	58.40079	17.62401	11	0	25	0	0	0	0	0.005	13.5	10	1021	18	1	31	0.3	158	1000	127	2000	140	1	0	1	1	1	1	1	0	1	0	0	0	100	0	114	4	0	10	5	
2026-05-18 07:30:00	58.39995	17.62503	12	0	26	0	0	0	0	0.005	13.5	10	1021	18	1	31	0.2	148	1000	127	2000	140	1	0	1	1	1	1	1	0	1	0	0	0	100	0	113	4	0	10	5	
2026-05-18 07:40:00	58.39923	17.62608	12	0	27	0	0	0	0	0.005	13.5	11	1021	18	1	36	0.2	143	1000	126	2000	140	1	0	1	1	1	1	1	0	1	0	0	0	99	0	113	4	0	10	5	
2026-05-18 07:50:00	58.39854	17.62731	11	0	28	0	0	0	0	0.005	13.5	11	1021	18	1	33	0.2	137	1000	126	2000	140	1	0	1	1	1	1	1	0	1	0	0	0	100	0	114	4	0	10	5	
2026-05-18 08:00:00	58.3977	17.62872	11	0	29	0	0	0	0	0.005	13.5	11	1021	18	1	29	0.2	138	1000	125	2000	140	1	0	1	1	1	1	1	0	1	0	0	0	100	0	114	4	0	10	5	
2026-05-18 08:10:00	58.39692	17.63022	12	0	0	0	0	0	0	0.005	13.5	11	1021	18	1	30	0.2	135	900	125	2000	140	1	0	1	1	1	1	1	0	1	0	0	0	100	0	115	4	0	10	5	
2026-05-18 08:20:00	58.39596	17.63166	14	0	1	0	0	0	0	0.005	13.5	11	1021	18	2	50	0.2	142	900	124	2000	140	1	0	1	1	1	1	1	0	1	0	0	0	97	0	115	4	0	10	5	
2026-05-18 08:30:00	58.39476	17.63289	12	0	2	0	0	0	0	0.005	13.5	11	1021	18	1	32	0.3	152	1000	123	2000	140	1	0	1	1	1	1	1	0	1	0	0	0	100	0	114	4	0	10	5	
2026-05-18 08:40:00	58.39392	17.63445	13	0	3	0	0	0	0	0.005	13.5	11	1021	18	1	33	0.2	136	900	122	2000	140	1	0	1	1	1	1	1	0	1	0	0	0	100	0	114	4	0	10	5	
2026-05-18 08:50:00	58.39314	17.6361	13	0	4	0	0	0	0	0.005	13.5	11	1021	18	2	54	0.2	132	900	122	2000	140	1	0	1	1	1	1	1	0	1	0	0	0	96	0	115	4	0	10	5	
2026-05-18 09:00:00	58.39227	17.63781	41	0	5	0	0	0	0	0.005	13.5	11	1021	18	1	29	0.2	134	900	121	2000	140	1	0	1	1	1	1	1	0	1	0	0	0	100	0	116	4	0	10	5	
2026-05-18 09:10:00	58.39155	17.63958	12	0	6	0	0	0	0	0.005	13.5	11	1021	18	1	63	0.2	129	900	121	2000	140	1	0	1	1	1	1	1	0	1	0	0	0	94	0	117	4	0	10	5	
2026-05-18 09:20:00	58.39059	17.64132	12	0	7	0	0	0	0	0.005	13.4	11	1021	18	1	31	0.2	136	900	120	2000	140	1	0	1	1	1	1	1	0	1	0	0	0	100	0	117	4	0	10	5	
2026-05-18 09:30:00	58.38969	17.643	12	0	8	0	0	0	0	0.005	13.4	11	1021	18	2	47	0.2	136	800	119	2000	140	1	0	1	1	1	1	1	0	1	0	0	0	97	0	118	4	0	10	5	
2026-05-18 09:40:00	58.38918	17.64438	12	0	9	0	0	0	0	0.005	13.4	11	1021	18	1	26	0.2	126	1900	118	2000	140	1	0	1	1	1	1	1	0	1	0	0	1	100	0	118	4	0	10	5	
2026-05-18 09:50:00	58.38843	17.64579	12	0	10	0	0	0	0	0.005	13.4	11	1021	18	1	28	0.2	135	1800	117	2000	140	1	0	1	1	1	1	1	0	1	0	0	0	100	0	117	4	0	10	5	
2026-05-18 10:00:00	58.38771	17.64726	12	0	11	0	0	0	0	0.005	13.4	11	1021	18	1	27	0.2	134	1700	116	2000	140	1	0	1	1	1	1	1	0	1	0	0	0	100	0	116	4	0	10	5	
2026-05-18 10:10:00	58.38714	17.64867	12	0	12	0	0	0	0	0.005	13.4	11	1021	18	1	29	0.2	128	1600	115	2000	140	1	0	1	1	1	1	1	0	1	0	0	0	100	0	115	4	0	10	5	
2026-05-18 10:20:00	58.38645	17.65044	12	0	13	0	0	0	0	0.005	13.4	11	1021	18	1	28	0.2	126	1500	114	2000	140	1	0	1	1	1	1	1	0	1	0	0	0	100	0	114	4	0	10	5	
2026-05-18 10:30:00	58.38576	17.65239	12	0	14	0	0	0	0	0.005	13.4	11	1021	18	1	29	0.2	123	1400	113	2000	140	1	0	1	1	1	1	1	0	1	0	0	1	100	0	113	4	0	10	5	
2026-05-18 10:40:00	58.38525	17.65389	12	0	15	0	0	0	0	0.005	13.4	10	1021	18	1	29	0.2	124	1300	112	2000	140	1	0	1	1	1	1	1	0	1	0	0	0	100	0	112	4	0	10	5	
2026-05-18 10:50:00	58.38459	17.65512	41	0	16	0	0	0	0	0.005	13.4	10	1021	18	1	31	0.2	135	1200	111	2000	140	1	0	1	1	1	1	1	0	1	0	0	0	100	0	111	4	0	10	5	
2026-05-18 11:00:00	58.38375	17.65656	12	0	17	0	0	0	0	0.005	13.4	10	1021	18	1	61	0.2	138	1000	107	2000	140	1	0	1	1	1	1	1	0	1	0	0	0	94	0	107	4	0	10	5	
2026-05-18 11:10:00	58.38276	17.658	11	0	18	0	0	0	0	0.005	13.4	10	1021	18	1	32	0.2	143	900	103	2000	140	1	0	1	1	1	1	1	1	1	0	0	0	100	0	103	4	0	10	5	
2026-05-18 11:20:00	58.38207	17.65908	12	0	19	0	0	0	0	0.005	13.4	10	1021	18	1	32	0.2	141	900	98	2000	140	1	0	1	1	1	1	1	1	1	0	0	1	99	0	98	4	0	10	5	
2026-05-18 11:30:00	58.38141	17.66028	12	0	20	0	0	0	0	0.005	13.4	10	1021	18	2	47	0.2	137	800	94	2000	140	1	0	1	1	1	1	1	1	1	0	0	1	96	0	94	4	0	10	5	
2026-05-18 11:40:00	58.38081	17.66109	12	0	21	0	0	0	0	0.005	13.4	10	1021	18	1	33	0.1	143	700	89	2000	140	1	0	1	1	1	1	1	1	1	0	0	0	100	0	89	4	0	10	5	
2026-05-18 11:50:00	58.38051	17.66175	12	0	22	0	0	0	0	0.005	13.4	10	1021	18	3	84	0.1	132	700	86	2000	140	1	0	1	1	1	1	1	1	1	0	0	0	90	0	86	4	0	10	5	
2026-05-18 12:00:00	58.38024	17.66205	12	0	23	0	0	0	0	0.005	13.4	10	1021	18	2	48	0.1	150	700	83	2000	140	1	0	1	1	1	1	1	1	1	0	0	0	97	0	83	4	0	10	5	
2026-05-18 12:10:00	58.38003	17.66241	12	0	24	0	0	0	0	0.005	13.4	11	1021	18	2	47	0.1	138	700	81	2000	140	1	0	1	1	1	1	1	1	1	0	0	0	97	0	81	4	0	10	5	
2026-05-18 12:20:00	58.37976	17.66307	12	0	25	0	0	0	0	0.005	13.4	11	1021	18	1	31	0.1	127	600	78	2000	140	1	0	1	1	1	1	1	1	1	0	0	0	100	0	78	4	0	10	5	
2026-05-18 12:30:00	58.37967	17.66409	12	0	26	0	0	0	0	0.005	13.4	11	1021	18	1	29	0.1	99	600	76	2000	140	1	0	1	1	1	1	1	1	1	0	0	0	100	0	76	4	0	10	5	
2026-05-18 12:40:00	58.37946	17.66547	12	0	27	0	0	0	0	0.005	13.4	11	1021	18	1	31	0.1	106	500	71	2000	140	1	0	1	1	1	1	1	1	1	0	0	0	100	0	71	4	0	10	5	
2026-05-18 12:50:00	58.37919	17.66664	11	0	28	0	0	0	0	0.005	13.4	11	1021	18	1	28	0.1	114	500	65	2000	140	1	0	1	1	1	1	1	1	1	0	0	0	100	0	65	4	0	10	5	
2026-05-18 13:00:00	58.37898	17.66757	11	0	29	0	0	0	0	0.005	13.7	12	1021	18	2	67	0.1	114	400	59	2000	140	1	0	1	1	1	1	1	1	1	0	0	0	93	0	59	4	0	10	5	
2026-05-18 13:10:00	58.37886	17.66805	12	0	0	0	0	0	0	0.005	13.7	12	1021	18	1	29	0.1	118	400	55	2000	140	1	0	1	1	1	1	1	1	1	0	0	0	100	0	55	4	0	10	5	
2026-05-18 13:20:00	58.37865	17.66841	12	0	1	0	0	0	0	0.005	13.7	12	1021	18	1	28	0.1	135	400	51	2000	140	1	0	0	1	1	1	1	1	1	0	0	0	100	0	51	4	0	10	5	
2026-05-18 13:30:00	58.38036	17.6661	12	0	2	0	0	2	0	0.005	13.6	13	1021	18	1	41	0.4	324	200	269	2000	55	1	0	3	0	1	1	1	0	1	0	80	0	17	0	266	-4	2	-10	5	
2026-05-18 13:40:00	58.38135	17.66238	12	0	3	0	0	0	0	0.005	13.6	13	1020	18	1	29	0.4	297	300	268	2000	55	1	0	3	3	0	1	1	0	1	0	100	0	0	0	263	0	1	-10	5	
2026-05-18 13:50:00	58.38159	17.65935	41	0	4	0	0	0	0	0.005	13.6	13	1020	18	1	33	0.3	279	300	268	2000	55	1	0	3	3	3	0	1	0	1	0	100	0	0	0	262	0	0	-10	5	
2026-05-18 14:00:00	58.38186	17.65767	11	0	5	0	0	0	0	0.005	13.6	13	1020	18	1	56	0.2	288	300	268	2000	55	1	0	3	3	3	3	0	0	1	0	83	0	12	0	261	0	1	-10	5	
2026-05-18 14:10:00	58.38258	17.65512	11	0	6	0	0	0	0	0.005	13.6	13	1020	18	1	26	0.3	298	400	267	2000	55	1	0	3	3	3	3	3	0	1	0	100	0	0	0	259	0	1	-10	5	
2026-05-18 14:20:00	58.38234	17.65371	12	0	7	0	0	0	0	0.005	13.6	13	1021	18	1	27	0.1	252	400	267	2000	55	1	0	3	3	3	3	3	0	1	0	100	0	0	0	260	0	0	-10	5	
2026-05-18 14:30:00	58.38141	17.65194	11	0	8	0	0	0	0	0.005	13.6	13	1020	18	1	27	0.2	226	300	268	2000	55	1	0	0	3	3	3	3	0	1	0	100	0	0	0	263	0	0	-10	5	
2026-05-18 14:40:00	58.38249	17.64855	12	0	9	0	0	0	0	0.005	13.6	14	1020	18	1	31	0.4	301	400	267	2000	55	1	0	3	0	3	3	3	0	1	0	100	0	0	0	259	-4	1	-10	5	
2026-05-18 14:50:00	58.38177	17.64555	12	0	10	0	0	0	0	0.005	13.6	14	1020	17	1	33	0.3	246	300	267	2000	55	1	0	3	3	0	3	3	0	1	0	100	0	0	0	262	0	1	-10	5	
2026-05-18 15:00:00	58.38075	17.64318	12	0	11	0	0	0	0	0.005	13.6	14	1020	18	1	30	0.3	231	200	268	2000	55	1	0	0	3	3	0	3	0	1	0	90	0	9	0	265	0	2	-10	5	
2026-05-18 15:10:00	58.38237	17.64033	11	0	12	0	0	0	0	0.005	13.6	14	1020	18	1	29	0.4	317	400	267	2000	55	1	0	3	0	3	3	0	0	1	0	100	0	0	0	260	-4	1	-10	5	
2026-05-18 15:20:00	58.38258	17.63667	11	0	13	0	0	0	0	0.005	13.6	13	1020	17	1	31	0.4	277	400	266	2000	55	1	0	3	3	0	3	3	0	1	0	100	0	0	0	259	0	1	-10	5	
2026-05-18 15:30:00	58.38156	17.63523	11	0	14	0	0	0	0	0.005	13.5	13	1020	18	1	34	0.2	217	300	267	2000	55	1	0	0	3	3	0	3	0	1	0	100	0	0	0	262	0	0	-10	5	
2026-05-18 15:40:00	58.38204	17.63292	12	0	15	0	0	0	0	0.005	13.5	13	1020	18	2	44	0.2	291	300	267	2000	55	1	0	3	0	3	3	0	0	1	0	97	0	0	0	261	-4	1	-10	5	
2026-05-18 15:50:00	58.38168	17.63076	12	0	16	0	0	0	0	0.005	13.5	13	1020	18	1	33	0.2	253	300	267	2000	55	1	0	3	3	0	3	3	0	1	0	99	0	0	0	262	0	1	-10	5	
2026-05-18 16:00:00	58.38099	17.63019	40	0	17	0	0	0	0	0.005	13.5	13	1020	18	1	31	0.1	203	200	268	2000	55	1	0	0	3	3	0	3	0	1	0	87	1	11	0	264	0	2	-10	5	
2026-05-18 16:10:00	58.38126	17.62785	11	0	18	0	0	0	0	0.005	13.5	13	1020	18	1	59	0.2	282	200	268	2000	55	1	0	0	0	3	3	0	0	1	0	94	0	0	0	263	-4	1	-10	5	
2026-05-18 16:20:00	58.38255	17.62566	12	0	19	0	0	0	0	0.005	13.5	13	1020	18	1	31	0.3	318	400	266	2000	55	1	0	3	0	0	3	3	0	1	0	100	0	0	0	259	-4	0	-10	5	
2026-05-18 16:30:00	58.3824	17.62374	11	0	20	0	0	0	0	0.005	13.5	13	1020	18	1	31	0.2	262	400	266	2000	55	1	0	3	3	0	0	3	0	1	0	100	0	0	0	260	0	1	-10	5	
2026-05-18 16:40:00	58.38168	17.62386	12	0	21	0	0	0	0	0.005	13.5	13	1020	18	1	26	0.1	176	300	267	2000	55	1	0	0	3	3	0	0	0	1	0	100	0	0	0	262	0	0	-10	5	
2026-05-18 16:50:00	58.38201	17.6214	12	0	22	0	0	0	0	0.005	13.5	13	1020	18	1	31	0.2	285	300	266	2000	55	1	0	0	0	3	3	0	0	1	0	100	0	0	0	261	-4	1	-10	5	
2026-05-18 17:00:00	58.38321	17.61915	12	0	23	0	0	0	0	0.005	13.5	13	1020	18	1	27	0.3	315	500	265	2000	55	1	0	3	0	0	3	3	0	1	0	100	0	0	0	257	-4	0	-10	5	
2026-05-18 17:10:00	58.383	17.61753	14	0	24	0	0	0	0	0.005	13.5	13	1020	18	1	25	0.2	257	400	265	2000	55	1	0	3	3	0	0	3	0	1	0	100	0	0	0	258	0	1	-10	5	
2026-05-18 17:20:00	58.38264	17.61654	13	0	25	0	0	0	0	0.005	13.5	13	1020	18	1	30	0.1	235	400	265	2000	55	1	0	3	3	3	0	0	0	1	0	88	1	8	0	259	0	2	-10	5	
2026-05-18 17:30:00	58.38165	17.61591	12	0	26	0	0	0	0	0.005	13.4	13	1020	18	1	33	0.2	198	300	267	2000	55	1	0	0	3	3	3	0	0	1	0	100	0	0	0	262	0	0	-10	5	
2026-05-18 17:40:00	58.38279	17.61399	14	0	27	0	0	0	0	0.005	13.4	13	1020	18	1	29	0.3	319	400	265	2000	55	1	0	3	0	3	3	3	0	1	0	89	1	10	0	258	-4	3	-10	5	
2026-05-18 17:50:00	58.38249	17.61156	13	0	28	0	0	0	0	0.005	13.4	12	1020	18	1	32	0.2	257	400	265	2000	55	1	0	3	3	0	3	3	0	1	0	100	0	0	0	260	0	1	-10	5	
2026-05-18 18:00:00	58.38159	17.61051	13	0	29	0	0	0	0	0.005	13.4	12	1020	18	1	32	0.2	212	300	266	2000	55	1	0	0	3	3	0	3	0	1	0	90	0	9	0	262	0	2	-10	5	
2026-05-18 18:10:00	58.38291	17.60871	12	0	0	0	0	0	0	0.005	13.4	12	1020	18	1	29	0.3	324	400	264	2000	55	1	0	3	0	3	3	0	0	1	0	100	0	0	0	258	-4	1	-10	5	
2026-05-18 18:50:00	58.3845	17.59815	13	0	4	0	0	0	0	0.005	13.4	11	1020	18	3	80	0.3	284	600	260	2000	55	1	0	3	3	0	3	3	0	1	0	90	0	0	0	253	0	1	-10	5	
2026-05-18 19:00:00	58.38372	17.59638	12	0	5	0	0	0	0	0.005	13.4	11	1020	18	2	50	0.2	230	500	262	2000	55	1	0	0	3	3	0	3	0	1	0	86	0	9	0	256	0	2	-10	5	
2026-05-18 19:10:00	58.38543	17.59401	13	0	6	0	0	0	0	0.005	13.4	11	1020	18	1	30	0.4	324	700	258	2000	55	1	0	3	0	3	3	0	0	1	0	100	0	0	0	250	-4	1	-10	5	
2026-05-18 19:20:00	58.38522	17.59134	12	0	7	0	0	0	0	0.005	13.4	11	1020	18	2	45	0.3	261	700	258	2000	55	1	0	3	3	0	3	3	0	1	0	97	0	0	0	251	0	1	-10	5	
2026-05-18 19:30:00	58.38441	17.59146	41	0	8	0	0	0	0	0.005	13.4	11	1020	18	2	49	0.1	176	600	259	2000	55	1	0	0	3	3	0	3	0	1	0	84	1	11	0	253	0	1	-10	5	
2026-05-18 19:40:00	58.38537	17.59032	12	0	9	0	0	0	0	0.005	13.4	11	1020	18	1	62	0.2	328	700	257	2000	55	1	0	3	0	3	3	0	0	1	0	90	4	0	0	250	-4	1	-10	5	
2026-05-18 19:50:00	58.38492	17.5887	12	0	10	0	0	0	0	0.005	13.4	11	1020	18	1	35	0.2	243	600	258	2000	55	1	0	3	3	0	3	3	0	1	0	99	0	0	0	252	0	1	-10	5	
2026-05-18 20:00:00	58.38417	17.58855	12	0	11	0	0	0	0	0.005	13.4	10	1020	18	1	29	0.1	186	600	259	2000	55	1	0	0	3	3	0	3	0	1	0	86	0	14	0	254	0	2	-10	5	
2026-05-18 20:10:00	58.38456	17.58651	12	0	12	0	0	0	0	0.005	13.4	10	1019	18	1	29	0.2	289	600	258	2000	55	1	0	3	0	3	3	0	0	1	0	100	0	0	0	253	-4	1	-10	5	
2026-05-18 20:20:00	58.38408	17.58483	12	0	13	0	0	0	0	0.005	13.4	10	1020	18	1	27	0.2	243	500	259	2000	55	1	0	3	3	0	3	3	0	1	0	100	0	0	0	254	0	1	-10	5	
2026-05-18 20:30:00	58.38324	17.58426	12	0	14	0	0	0	0	0.005	13.4	10	1020	18	1	27	0.2	199	400	261	2000	55	1	0	0	3	3	0	3	0	1	0	89	0	9	0	257	0	2	-10	5	
2026-05-18 20:40:00	58.38381	17.58177	12	0	15	0	0	0	0	0.005	13.4	10	1020	18	1	30	0.3	293	500	259	2000	55	1	0	3	0	3	3	0	0	1	0	100	0	0	0	255	-4	1	-10	5	
2026-05-18 20:50:00	58.383	17.57925	12	0	16	0	0	0	0	0.005	13.4	10	1020	18	1	28	0.3	239	400	260	2000	55	1	0	3	3	0	3	3	0	1	0	100	0	0	0	258	0	1	-10	5	
2026-05-18 21:00:00	58.38171	17.5794	12	0	17	0	0	0	0	0.005	13.4	10	1019	18	1	29	0.2	176	300	263	2000	55	1	0	0	3	3	0	3	0	1	0	93	0	7	0	262	0	1	-10	5	
2026-05-18 21:10:00	58.38255	17.57709	12	0	18	0	0	0	0	0.005	13.4	10	1019	18	1	29	0.3	305	400	261	2000	55	1	0	3	0	3	3	0	0	1	0	97	3	0	0	260	-4	1	-10	5	
2026-05-18 21:20:00	58.3812	17.57505	13	0	19	0	0	0	0	0.005	13.4	10	1019	18	1	33	0.3	218	200	264	2000	55	1	0	0	3	0	3	3	0	1	0	100	0	0	0	264	0	1	-10	5	
2026-05-18 21:40:00	58.38204	17.56905	16	0	20	0	0	1	0	0.005	13.3	10	1019	18	1	35	0.3	285	1800	260	2000	55	1	0	3	0	3	0	3	0	1	0	100	0	0	0	260	-4	1	-10	5	
2026-05-18 22:00:00	58.37808	17.56848	40	0	21	0	0	0	0	0.005	13.3	10	1019	18	1	31	0.4	184	-1700	275	2000	55	1	0	2	3	0	3	0	0	1	0	97	0	4	0	275	0	3	-10	5	
2026-05-18 22:20:00	58.37457	17.57085	11	0	22	0	0	0	0	0.005	13.3	10	1019	18	1	57	0.4	161	-1900	286	2000	350	1	0	0	2	3	0	3	0	1	0	6	0	95	0	286	0	4	10	5	
2026-05-18 22:40:00	58.37457	17.56542	11	0	23	0	0	0	0	0.005	13.3	10	1019	18	1	28	0.3	270	-1600	289	2000	350	1	0	0	0	2	3	0	0	1	0	98	0	3	0	289	-4	2	-10	5	
2026-05-18 23:00:00	58.37514	17.55912	12	0	24	0	0	0	0	0.005	13.3	10	1019	18	1	28	0.3	279	-1200	292	2000	350	1	0	0	0	0	2	3	0	1	0	100	0	0	0	292	-4	0	-10	5	
2026-05-18 23:20:00	58.37619	17.55243	12	0	25	0	0	0	0	0.005	13.3	10	1019	18	1	27	0.3	287	-800	294	2000	350	1	0	0	0	0	0	2	1	1	0	100	0	0	0	294	-4	0	-10	5	
2026-05-18 23:40:00	58.37706	17.54628	12	0	26	0	0	0	0	0.005	13.3	10	1019	18	1	31	0.3	285	-500	301	2000	350	1	0	0	0	0	0	0	1	1	0	100	0	0	0	301	-4	0	-10	5	
2026-05-19 00:00:00	58.37631	17.54208	13	0	27	0	0	0	0	0.005	13.3	10	1018	18	1	30	0.2	251	-400	334	2000	350	1	0	1	0	0	0	0	1	1	0	89	4	8	0	334	-4	0	-10	5	
2026-05-19 00:20:00	58.37886	17.54895	11	0	28	0	0	0	0	0.005	13.3	10	1018	18	2	49	0.4	55	-600	275	2000	330	1	0	0	1	0	0	0	1	1	0	4	4	94	0	275	4	2	10	5	
2026-05-19 00:40:00	58.37907	17.54232	13	0	29	0	0	0	0	0.005	13.3	10	1018	18	1	26	0.3	273	-200	278	2000	340	1	0	0	0	1	0	0	1	1	0	97	0	4	0	278	-4	2	-10	5	
2026-05-19 01:00:00	58.37967	17.53572	12	0	0	0	0	0	0	0.005	13.3	10	1018	18	3	88	0.3	280	200	101	2000	340	1	0	1	0	0	1	0	1	1	0	100	1	0	0	101	-4	0	-10	5	
2026-05-19 01:20:00	58.38033	17.54382	35	0	1	0	0	2	0	0.005	13.3	10	1018	18	1	32	0.4	81	-300	139	2000	360	1	0	2	1	0	0	1	0	1	0	5	6	90	0	143	4	2	10	5	
2026-05-19 01:40:00	58.37346	17.54784	11	0	2	0	0	0	0	0.005	13.3	10	1018	18	1	50	0.7	163	100	133	2000	360	1	0	2	2	1	0	0	0	1	0	7	1	94	0	132	0	5	10	5	
2026-05-19 02:00:00	58.36602	17.54838	12	0	3	0	0	0	0	0.005	13.3	10	1017	18	1	25	0.7	178	700	121	2000	360	1	0	2	2	2	1	0	0	1	0	6	1	95	0	115	0	4	10	5	
2026-05-19 02:20:00	58.35888	17.55117	12	0	4	0	0	0	0	0.005	13.3	10	1017	18	1	31	0.7	168	1100	105	2000	360	1	0	2	2	2	2	1	0	1	0	7	1	93	0	101	0	6	10	5	
2026-05-19 02:40:00	58.35354	17.55576	12	0	5	0	0	0	0	0.005	13.3	10	1017	18	1	28	0.5	156	1900	90	2000	360	1	0	2	2	2	2	2	0	1	0	6	0	95	0	90	0	4	10	5	
2026-05-19 03:00:00	58.34928	17.56935	13	0	6	0	0	0	0	0.005	13.3	10	1017	18	1	33	0.8	121	1200	66	2000	360	1	0	1	2	2	2	2	0	1	0	2	1	99	0	66	0	2	10	5	
2026-05-19 03:40:00	58.35507	17.5848	13	0	8	0	0	0	0	0.005	13.5	10	1017	18	3	110	0.4	50	300	127	2000	360	1	0	0	1	1	2	2	1	1	0	0	1	100	0	127	4	0	10	5	
2026-05-19 04:00:00	58.35558	17.57586	40	0	9	0	0	0	0	0.005	13.9	10	1017	18	3	90	0.4	276	800	106	2000	340	1	0	2	0	1	1	2	1	1	0	96	0	5	0	106	-4	2	-10	5	
2026-05-19 04:20:00	58.34931	17.58174	14	0	10	0	0	0	0	0.005	13.8	10	1017	18	1	59	0.7	154	600	38	2000	340	1	0	1	2	0	1	1	1	1	0	5	0	96	0	38	0	2	10	5	
2026-05-19 04:40:00	58.35162	17.58897	12	0	11	0	0	0	0	0.005	13.8	10	1016	18	1	30	0.4	59	200	350	2000	340	1	0	1	1	2	0	1	1	1	0	0	0	100	0	350	4	1	10	5	
2026-05-19 05:00:00	58.35372	17.59461	12	0	12	0	0	0	0	0.005	13.8	10	1017	18	1	29	0.3	55	-400	269	2000	340	1	0	0	1	1	2	0	1	1	0	0	4	97	0	269	4	0	10	5	
2026-05-19 05:20:00	58.35405	17.58753	14	0	13	0	0	0	0	0.005	13.7	10	1017	18	1	33	0.3	275	100	134	2000	345	1	0	1	0	1	1	2	1	1	0	97	2	3	0	134	-4	2	-10	5	
2026-05-19 05:40:00	58.35567	17.5905	14	0	14	0	0	2	0	0.005	13.7	10	1017	18	1	33	0.2	44	500	200	2000	345	1	0	3	1	0	1	1	0	1	0	6	6	90	0	198	4	2	10	5	
2026-05-19 06:00:00	58.35237	17.58975	41	0	15	0	0	0	0	0.005	13.7	10	1017	18	1	28	0.3	187	-100	200	2000	345	1	0	2	3	1	0	1	0	1	0	87	1	13	0	200	0	6	-10	5	
2026-05-19 06:20:00	58.34952	17.59311	12	0	16	0	0	0	0	0.005	13.6	10	1017	18	1	60	0.3	148	-300	200	2000	355	1	0	3	2	3	1	0	0	1	0	8	2	92	0	209	0	4	10	5	
2026-05-19 06:40:00	58.34685	17.5905	12	0	17	0	0	0	0	0.005	13.6	10	1017	18	1	30	0.3	208	-300	200	2000	5	1	0	3	3	2	3	1	0	1	0	93	1	8	0	208	0	4	-10	5	
2026-05-19 07:00:00	58.34376	17.5923	11	0	18	0	0	0	0	0.005	13.6	10	1017	18	1	27	0.3	163	-500	201	2000	5	1	0	3	3	3	2	3	0	1	0	86	2	13	0	214	0	7	-10	5	
2026-05-19 07:20:00	58.33953	17.59308	12	0	19	0	0	0	0	0.005	13.6	10	1017	18	1	28	0.4	175	-700	201	2000	5	1	0	3	3	3	3	2	0	1	0	90	1	10	0	220	0	7	-10	5	
2026-05-19 07:40:00	58.33545	17.59482	12	0	20	0	0	0	0	0.005	13.5	10	1017	18	1	28	0.4	167	-900	201	2000	5	1	0	0	3	3	3	3	0	1	0	89	1	12	0	228	0	7	-10	5	
2026-05-19 08:00:00	58.33545	17.58912	12	0	21	0	0	0	0	0.005	13.5	10	1017	18	3	74	0.3	270	-600	201	2000	5	1	0	3	0	3	3	3	0	1	0	100	0	0	0	218	-4	1	-10	5	
2026-05-19 08:20:00	58.33062	17.5866	13	0	22	0	0	0	0	0.005	13.5	10	1017	18	1	28	0.5	195	-700	201	2000	5	1	0	3	3	0	3	3	0	1	0	94	1	6	0	219	0	5	-10	5	
2026-05-19 08:40:00	58.32618	17.58783	13	0	23	0	0	0	0	0.005	13.5	10	1017	18	1	28	0.4	172	-900	201	2000	5	1	0	0	3	3	0	3	0	1	0	92	1	8	0	227	0	6	-10	5	
2026-05-19 09:00:00	58.3263	17.58207	40	0	24	0	0	0	0	0.005	13.5	10	1017	18	1	28	0.3	272	-600	201	2000	5	1	0	3	0	3	3	0	0	1	0	98	1	3	0	217	-4	3	-10	5	
2026-05-19 09:20:00	58.32246	17.5842	12	0	25	0	0	0	0	0.005	13.5	10	1017	18	2	77	0.4	164	-800	201	2000	5	1	0	0	3	0	3	3	0	1	0	92	2	7	0	225	0	5	-10	5	
2026-05-19 09:40:00	58.32165	17.57907	12	0	26	0	0	0	0	0.005	13.5	10	1017	18	1	27	0.3	253	-600	201	2000	5	1	0	3	0	3	0	3	0	1	0	99	2	0	0	217	-4	1	-10	5	
2026-05-19 10:00:00	58.31688	17.5851	11	0	27	0	0	0	0	0.005	13.4	11	1017	18	1	32	0.5	146	-1100	201	2000	5	1	0	2	3	0	3	0	0	1	0	95	1	6	0	233	0	5	-10	5	
2026-05-19 10:20:00	58.314	17.59947	11	0	28	0	0	0	0	0.005	13.4	11	1017	18	1	31	0.7	111	-2000	202	2000	335	1	0	0	2	3	0	3	0	1	0	1	1	99	0	290	0	2	10	5	
2026-05-19 10:40:00	58.31271	17.59368	13	0	29	0	0	0	0	0.005	13.4	11	1017	18	1	32	0.3	247	-1700	202	2000	335	1	0	3	0	2	3	0	0	1	0	98	2	2	0	260	-4	2	-10	5	
2026-05-19 11:00:00	58.30797	17.59821	40	0	0	0	0	0	0	0.005	13.4	11	1017	18	1	31	0.5	153	-2200	203	2000	335	1	0	0	3	0	2	3	0	1	0	91	1	9	0	290	0	6	-10	5	
2026-05-19 11:20:00	58.30674	17.59458	12	0	1	0	0	0	0	0.005	13.4	11	1017	18	1	57	0.2	237	-2000	203	2000	335	1	0	0	0	3	0	2	0	1	0	92	4	6	0	290	-4	3	-10	5	
2026-05-19 11:40:00	58.30539	17.59029	12	0	2	0	0	0	0	0.005	13.4	11	1017	18	1	38	0.2	239	-1800	202	2000	335	1	0	0	0	0	3	0	0	1	0	100	1	0	0	266	-4	0	-10	5	
2026-05-19 12:00:00	58.30368	17.58834	12	0	3	0	0	0	0	0.005	13.4	11	1017	18	1	30	0.2	211	-1800	202	2000	335	1	0	0	0	0	0	3	0	1	0	86	4	11	0	263	-4	0	-10	5	
2026-05-19 12:20:00	58.3026	17.58783	14	0	4	0	0	0	0	0.005	13.4	11	1018	18	1	37	0.1	194	-1800	202	2000	335	1	0	0	0	0	0	0	0	1	0	87	14	0	0	264	-4	0	-10	5	
2026-05-19 12:40:00	58.30134	17.58675	12	0	5	0	0	0	0	0.005	13.4	12	1018	18	1	43	0.1	204	-1800	202	2000	335	1	0	0	0	0	0	0	0	1	0	91	10	0	0	263	-4	0	-10	5	
2026-05-19 13:00:00	58.29897	17.58693	12	0	6	0	0	0	0	0.005	13.4	13	1018	18	1	29	0.2	178	-1900	202	2000	335	1	0	1	0	0	0	0	0	1	0	88	13	1	0	270	-4	0	-10	5	
2026-05-19 13:20:00	58.29873	17.58753	12	0	7	0	0	0	0	0.005	13.4	14	1018	18	1	28	0	126	-1900	202	2000	275	1	0	1	1	0	0	0	0	1	0	11	23	67	0	274	4	2	10	5	
2026-05-19 13:40:00	58.29978	17.58777	13	0	8	0	0	0	0	0.005	13.4	15	1017	17	1	31	0.1	7	-1900	202	2000	275	1	0	1	1	1	0	0	0	1	0	0	9	92	0	272	4	0	10	5	
2026-05-19 14:00:00	58.30017	17.58702	40	0	9	0	0	0	0	0.005	13.4	16	1017	17	1	30	0.1	315	-1800	202	2000	275	1	0	1	1	1	1	0	0	1	0	33	20	48	0	267	4	0	10	5	
2026-05-19 14:20:00	58.30194	17.58741	12	0	10	0	0	0	0	0.005	13.4	16	1017	17	1	58	0.2	7	-1800	202	2000	275	1	0	0	1	1	1	1	0	1	0	0	7	94	0	264	4	0	10	5	
2026-05-19 14:40:00	58.30098	17.59044	11	0	11	0	0	0	0	0.005	13.4	16	1017	17	1	27	0.2	121	-2000	203	2000	245	1	0	1	0	1	1	1	0	1	0	94	4	4	0	288	-4	2	-10	5	
2026-05-19 15:00:00	58.30155	17.58978	11	0	12	0	0	0	0	0.005	13.7	16	1018	17	1	33	0.1	329	-1900	202	2000	220	1	0	1	1	0	1	1	0	1	0	22	26	53	0	276	4	2	10	5	
2026-05-19 16:20:00	58.30845	17.59032	11	0	16	0	0	0	0	0.005	13.6	16	1018	17	3	93	0.2	357	-1700	202	2000	220	1	0	1	1	1	1	1	0	1	0	33	3	65	0	259	4	0	10	5	
2026-05-19 16:40:00	58.3104	17.5893	12	0	17	0	0	0	0	0.005	13.6	16	1018	17	1	25	0.2	345	-1600	202	2000	220	1	0	0	1	1	1	1	0	1	0	99	2	0	0	252	4	0	10	5	
2026-05-19 17:00:00	58.31172	17.59284	12	0	18	0	0	0	0	0.005	13.6	15	1018	18	1	31	0.2	55	-1700	202	2000	195	1	0	1	0	1	1	1	0	1	0	100	0	0	0	259	-4	1	-10	5	
2026-05-19 17:20:00	58.31391	17.59194	41	0	19	0	0	2	0	0.005	13.5	14	1018	18	1	31	0.2	348	600	192	2000	200	1	0	0	1	0	1	1	0	1	0	95	3	4	0	191	4	2	10	5	
2026-05-19 17:40:00	58.31538	17.59392	11	0	20	0	0	0	0	0.005	13.5	14	1018	18	1	59	0.2	36	-800	193	2000	205	1	0	0	0	1	0	1	0	1	0	100	1	0	0	194	-4	1	-10	5	
2026-05-19 18:00:00	58.31601	17.59359	12	0	21	0	0	0	0	0.005	13.5	13	1018	18	2	67	0.1	344	-900	193	2000	205	1	0	0	0	0	1	0	0	1	0	28	24	50	0	193	-4	0	-10	5	
2026-05-19 18:20:00	58.31673	17.59473	12	0	22	0	0	0	0	0.005	13.5	13	1018	18	1	30	0.1	39	-1000	193	2000	205	1	0	0	0	0	0	1	0	1	0	53	11	38	0	194	-4	0	-10	5	
2026-05-19 18:40:00	58.31349	17.60151	11	0	23	0	0	0	0	0.005	13.5	12	1019	18	1	29	0.4	132	-900	193	2000	205	1	0	0	0	0	0	0	0	1	0	100	0	0	0	207	-4	0	-10	5	
2026-05-19 19:00:00	58.30992	17.60556	11	0	24	0	0	0	0	0.005	13.5	12	1019	18	1	30	0.4	149	-900	193	2000	205	1	0	0	0	0	0	0	0	1	0	100	0	0	0	217	-4	0	-10	5	
2026-05-19 19:20:00	58.30746	17.60817	11	0	25	0	0	0	0	0.005	13.5	12	1019	18	1	30	0.3	151	-1000	194	2000	205	1	0	1	0	0	0	0	0	1	0	100	1	0	0	224	-4	0	-10	5	
2026-05-19 19:40:00	58.31208	17.60631	12	0	26	0	0	0	0	0.005	13.5	11	1019	18	1	32	0.4	348	-1000	193	2000	250	1	0	0	1	0	0	0	0	1	0	5	5	92	0	217	4	2	10	5	
2026-05-19 20:00:00	58.31151	17.60904	40	0	27	0	0	0	0	0.005	13.5	11	1019	18	1	34	0.1	112	-1100	194	2000	245	1	0	0	0	1	0	0	0	1	0	94	3	5	0	222	-4	2	-10	5	
2026-05-19 20:20:00	58.31112	17.61246	12	0	28	0	0	0	0	0.005	13.5	11	1019	18	1	61	0.2	102	-1300	194	2000	245	1	0	0	0	0	1	0	0	1	0	98	3	0	0	229	-4	0	-10	5	
2026-05-19 20:40:00	58.31055	17.61762	12	0	29	0	0	0	0	0.005	13.4	11	1019	18	1	32	0.3	102	-1600	194	2000	245	1	0	1	0	0	0	1	0	1	0	94	2	6	0	241	-4	0	-10	5	
2026-05-19 21:00:00	58.3131	17.61297	11	0	0	0	0	0	0	0.005	13.4	10	1019	18	1	28	0.3	316	-1400	194	2000	210	1	0	1	1	0	0	0	0	1	0	6	0	95	0	229	4	2	10	5	
2026-05-19 21:20:00	58.31535	17.60766	11	0	1	0	0	0	0	0.005	13.4	10	1019	18	1	29	0.3	309	-1300	193	2000	210	1	0	1	1	1	0	0	0	1	0	0	1	100	0	217	4	0	10	5	
2026-05-19 21:40:00	58.31691	17.60355	13	0	2	0	0	0	0	0.005	13.4	10	1019	18	1	25	0.2	306	-1200	193	2000	210	1	0	1	1	1	1	0	0	1	0	0	1	100	0	208	4	0	10	5	
2026-05-19 22:00:00	58.31844	17.6001	12	0	3	0	0	0	0	0.005	13.4	10	1019	18	1	32	0.2	310	-1200	193	2000	210	1	0	0	1	1	1	1	0	1	0	0	3	98	0	202	4	0	10	5	
2026-05-19 22:20:00	58.31769	17.60589	12	0	4	0	0	0	0	0.005	13.4	10	1019	18	1	34	0.3	104	-1400	193	2000	205	1	0	1	0	1	1	1	0	1	0	95	1	5	0	212	-4	2	-10	5	
2026-05-19 23:00:00	58.31925	17.59899	11	0	6	0	0	0	0	0.005	13.4	10	1019	18	3	112	0.2	277	-1300	193	2000	205	1	0	1	1	1	0	1	0	1	0	0	1	100	0	199	4	0	10	5	
2026-05-19 23:20:00	58.31889	17.59602	11	0	7	0	0	0	0	0.005	13.4	10	1019	18	3	74	0.1	257	-1200	193	2000	205	1	0	1	1	1	1	0	0	1	0	0	1	100	0	195	4	0	10	5	
2026-05-19 23:40:00	58.31841	17.59278	11	0	8	0	0	0	0	0.005	13.4	10	1020	18	1	26	0.2	255	1100	192	2000	205	1	0	1	1	1	1	1	0	1	0	0	0	100	0	190	4	0	10	5	
2026-05-20 00:00:00	58.31817	17.58966	12	0	9	0	0	0	0	0.005	13.4	10	1020	18	1	31	0.2	261	1100	192	2000	205	1	0	0	1	1	1	1	0	1	0	0	0	100	0	185	4	0	10	5	
2026-05-20 00:20:00	58.31799	17.59536	12	0	10	0	0	0	0	0.005	13.4	9	1020	18	1	29	0.3	93	-1100	193	2000	180	1	0	1	0	1	1	1	0	1	0	94	1	6	0	194	-4	2	-10	5	
2026-05-20 00:40:00	58.31778	17.59329	11	0	11	0	0	0	0	0.005	13.4	9	1020	18	1	30	0.1	260	1100	192	2000	180	1	0	1	1	0	1	1	0	1	0	7	1	94	0	191	4	2	10	5	
2026-05-20 01:00:00	58.31709	17.5917	11	0	12	0	0	0	0	0.005	13.3	9	1020	18	2	47	0.1	229	1000	192	2000	180	1	0	1	1	1	0	1	0	1	0	0	1	100	0	189	4	0	10	5	
2026-05-20 01:20:00	58.31631	17.59008	13	0	13	0	0	0	0	0.005	13.3	9	1020	18	1	28	0.1	229	900	192	2000	180	1	0	1	1	1	1	0	0	1	0	0	2	99	0	187	4	0	10	5	
2026-05-20 01:40:00	58.31547	17.58765	13	0	14	0	0	0	0	0.005	13.3	9	1020	18	1	28	0.1	236	800	192	2000	180	1	0	1	1	1	1	1	0	1	0	0	1	100	0	183	4	0	10	5	
2026-05-20 02:00:00	58.31433	17.58261	40	0	15	0	0	0	0	0.005	13.3	9	1020	18	1	30	0.3	247	800	192	2000	180	1	0	0	1	1	1	1	0	1	0	0	0	100	0	176	4	0	10	5	
2026-05-20 02:20:00	58.31349	17.5881	11	0	16	0	0	0	0	0.005	13.3	9	1020	18	2	74	0.3	106	600	192	2000	175	1	0	1	0	1	1	1	0	1	0	95	0	6	0	185	-4	2	-10	5	
2026-05-20 02:40:00	58.31313	17.5839	11	0	17	0	0	0	0	0.005	13.4	9	1020	18	1	26	0.2	261	600	192	2000	185	1	0	0	1	0	1	1	0	1	0	6	1	95	0	179	4	2	10	5	
2026-05-20 03:00:00	58.31244	17.58762	11	0	18	0	0	0	0	0.005	13.5	9	1020	18	2	57	0.2	109	500	192	2000	185	1	0	1	0	1	0	1	0	1	0	93	2	7	0	185	-4	2	-10	5	
2026-05-20 03:20:00	58.31184	17.58462	12	0	19	0	0	0	0	0.005	13.9	9	1020	18	1	31	0.2	249	500	192	2000	180	1	0	1	1	0	1	0	0	1	0	7	3	91	0	181	4	2	10	5	
2026-05-20 03:40:00	58.31088	17.58147	11	0	20	0	0	0	0	0.005	13.8	9	1020	18	1	28	0.2	240	600	192	2000	180	1	0	1	1	1	0	1	0	1	0	0	5	96	0	176	4	0	10	5	
2026-05-20 04:00:00	58.31052	17.57859	12	0	21	0	0	0	0	0.005	13.8	9	1020	18	1	33	0.1	256	700	192	2000	180	1	0	0	1	1	1	0	0	1	0	0	7	94	0	171	4	0	10	5	
2026-05-20 04:20:00	58.31073	17.58243	12	0	22	0	0	0	0	0.005	13.8	10	1020	18	1	30	0.2	83	500	192	2000	170	1	0	1	0	1	1	1	0	1	0	92	3	6	0	178	-4	2	-10	5	
2026-05-20 04:40:00	58.30974	17.57856	12	0	23	0	0	0	0	0.005	13.7	10	1020	18	2	54	0.2	243	700	192	2000	165	1	0	1	1	0	1	1	0	1	0	6	1	94	0	172	4	2	10	5	
2026-05-20 05:00:00	58.30788	17.57352	12	0	24	0	0	0	0	0.005	13.7	10	1020	18	1	33	0.3	235	900	192	2000	165	1	0	0	1	1	0	1	0	1	0	0	1	100	0	164	4	0	10	5	
2026-05-20 05:20:00	58.30809	17.57865	41	0	25	0	0	0	0	0.005	13.7	10	1020	18	1	32	0.2	85	700	192	2000	160	1	0	1	0	1	1	0	0	1	0	95	1	6	0	173	-4	2	-10	5	
2026-05-20 05:40:00	58.30665	17.57289	12	0	26	0	0	0	0	0.005	13.6	10	1021	18	1	59	0.3	245	900	192	2000	165	1	0	0	1	0	1	1	0	1	0	6	1	94	0	164	4	2	10	5	
2026-05-20 06:00:00	58.30734	17.57796	12	0	27	0	0	0	0	0.005	13.6	10	1021	18	1	28	0.3	75	700	192	2000	160	1	0	1	0	1	0	1	0	1	0	92	3	6	0	173	-4	2	-10	5	
2026-05-20 06:20:00	58.30731	17.57184	12	0	28	0	0	0	0	0.005	13.6	10	1021	18	1	29	0.3	269	1000	191	2000	175	1	0	0	1	0	1	0	0	1	0	5	4	92	0	162	4	2	10	5	
2026-05-20 06:40:00	58.30869	17.57616	12	0	29	0	0	0	0	0.005	13.6	10	1021	18	1	30	0.2	59	800	192	2000	165	1	0	1	0	1	0	1	0	1	0	92	5	5	0	169	-4	2	-10	5	
2026-05-20 07:40:00	58.31136	17.57886	12	0	2	0	0	0	0	0.005	13.5	10	1021	18	3	78	0.3	63	700	192	2000	165	1	0	1	0	0	1	0	0	1	0	100	1	0	0	171	-4	0	-10	5	
2026-05-20 08:00:00	58.3116	17.57499	40	0	3	0	0	0	0	0.005	13.5	10	1021	18	1	35	0.2	277	1000	192	2000	165	1	0	0	1	0	0	1	0	1	0	6	3	93	0	164	4	2	10	5	
2026-05-20 08:20:00	58.31346	17.58021	12	0	4	0	0	0	0	0.005	13.5	10	1021	18	1	55	0.3	56	800	192	2000	160	1	0	1	0	1	0	0	0	1	0	94	1	7	0	172	-4	2	-10	5	
2026-05-20 08:40:00	58.31364	17.57607	12	0	5	0	0	0	0	0.005	13.5	10	1022	18	1	34	0.2	275	1000	192	2000	160	1	0	1	1	0	1	0	0	1	0	6	3	93	0	165	4	2	10	5	
2026-05-20 09:00:00	58.31277	17.57235	11	0	6	0	0	0	0	0.005	13.5	11	1022	18	2	49	0.2	245	1200	191	2000	160	1	0	1	1	1	0	1	0	1	0	0	2	99	0	158	4	0	10	5	
2026-05-20 09:20:00	58.31241	17.56815	11	0	7	0	0	0	0	0.005	13.5	11	1021	18	1	25	0.2	261	1400	191	2000	160	1	0	0	1	1	1	0	0	1	0	0	7	94	0	150	4	0	10	5	
2026-05-20 09:40:00	58.31487	17.57427	12	0	8	0	0	0	0	0.005	13.5	11	1022	18	1	28	0.4	52	1200	191	2000	150	1	0	1	0	1	1	1	0	1	0	92	3	6	0	160	-4	2	-10	5	
2026-05-20 10:00:00	58.31517	17.57094	13	0	9	0	0	0	0	0.005	13.5	12	1021	18	1	26	0.2	279	1400	191	2000	155	1	0	1	1	0	1	1	0	1	0	5	5	90	0	153	4	2	10	5	
2026-05-20 10:20:00	58.31526	17.5677	14	0	10	0	0	0	0	0.005	13.4	12	1022	18	1	31	0.2	273	1500	191	2000	155	1	0	0	1	1	0	1	0	1	0	0	4	97	0	146	4	0	10	5	
2026-05-20 10:40:00	58.31775	17.57352	13	0	11	0	0	0	0	0.005	13.4	12	1022	18	1	33	0.4	51	1400	191	2000	155	1	0	1	0	1	1	0	0	1	0	97	0	4	0	156	-4	2	-10	5	
2026-05-20 11:00:00	58.31805	17.5704	40	0	12	0	0	0	0	0.005	13.4	13	1022	18	1	31	0.1	280	1600	191	2000	155	1	0	0	1	0	1	1	0	1	0	5	4	93	0	149	4	2	10	5	
2026-05-20 11:20:00	58.32042	17.57754	12	0	13	0	0	0	0	0.005	13.4	13	1022	18	1	65	0.4	58	1500	192	2000	160	1	0	1	0	1	0	1	0	1	0	93	2	6	0	162	-4	2	-10	5	
2026-05-20 11:40:00	58.32027	17.57415	12	0	14	0	0	0	0	0.005	13.4	13	1022	18	2	45	0.2	265	1600	191	2000	155	1	0	1	1	0	1	0	0	1	0	5	3	93	0	155	4	2	10	5	
2026-05-20 12:00:00	58.31913	17.57154	11	0	15	0	0	0	0	0.005	13.4	12	1022	18	1	32	0.2	230	1600	191	2000	155	1	0	1	1	1	0	1	0	1	0	0	1	100	0	151	4	0	10	5	
2026-05-20 12:20:00	58.31886	17.56584	11	0	16	0	0	2	0	0.005	13.4	12	1022	18	1	29	0.3	264	200	236	2000	155	1	0	1	1	1	1	0	0	1	0	0	6	95	0	231	4	0	10	5	
2026-05-20 12:40:00	58.31871	17.56077	11	0	17	0	0	0	0	0.005	13.4	12	1021	18	1	27	0.2	267	400	236	2000	155	1	0	1	1	1	1	1	0	1	0	0	4	97	0	227	4	0	10	5	
2026-05-20 13:00:00	58.31847	17.55672	12	0	18	0	0	0	0	0.005	13.4	12	1022	18	1	30	0.2	264	500	235	2000	155	1	0	1	1	1	1	1	0	1	0	0	5	96	0	223	4	0	10	5	
2026-05-20 13:20:00	58.31805	17.55264	12	0	19	0	0	0	0	0.005	13.4	11	1021	18	1	29	0.2	259	600	235	2000	155	1	0	1	1	1	1	1	0	1	0	0	6	95	0	221	4	0	10	5	
2026-05-20 13:40:00	58.31811	17.54766	13	0	20	0	0	0	0	0.005	13.4	11	1022	18	1	29	0.2	271	700	234	2000	155	1	0	1	1	1	1	1	0	1	0	0	5	96	0	216	4	0	10	5	
2026-05-20 14:00:00	58.31856	17.5419	40	0	21	0	0	0	0	0.005	13.4	11	1021	18	1	29	0.3	278	1000	234	2000	155	1	0	1	1	1	1	1	0	1	0	0	2	99	0	209	4	0	10	5	
2026-05-20 14:20:00	58.31886	17.53605	12	0	22	0	0	0	0	0.005	13.4	11	1021	18	1	56	0.3	276	1200	233	2000	155	1	0	0	1	1	1	1	0	1	0	0	1	100	0	201	4	0	10	5	
2026-05-20 14:40:00	58.31994	17.54445	12	0	23	0	0	0	0	0.005	13.6	11	1021	18	1	28	0.4	76	1000	233	2000	175	1	0	1	0	1	1	1	0	1	0	95	1	5	0	207	-4	2	-10	5	
2026-05-20 15:00:00	58.31994	17.53944	12	0	24	0	0	0	0	0.005	13.6	11	1021	18	1	28	0.2	270	1200	233	2000	170	1	0	1	1	0	1	1	0	1	0	4	10	87	0	202	4	2	10	5	
2026-05-20 15:20:00	58.31931	17.53371	13	0	25	0	0	0	0	0.005	13.6	11	1021	18	1	29	0.3	258	1300	232	2000	170	1	0	1	1	1	0	1	0	1	0	0	2	99	0	197	4	0	10	5	
2026-05-20 15:40:00	58.31862	17.52852	12	0	26	0	0	0	0	0.005	13.6	11	1021	18	1	31	0.3	256	1400	232	2000	170	1	0	1	1	1	1	0	0	1	0	0	2	99	0	193	4	0	10	5	
2026-05-20 16:00:00	58.31841	17.52399	13	0	27	0	0	0	0	0.005	13.6	10	1021	18	1	30	0.2	264	1500	231	2000	170	1	0	1	1	1	1	1	0	1	0	0	4	97	0	188	4	0	10	5	
2026-05-20 16:20:00	58.31769	17.51847	13	0	28	0	0	0	0	0.005	13.6	10	1021	18	1	27	0.3	256	1600	231	2000	170	1	0	1	1	1	1	1	0	1	0	0	1	100	0	183	4	0	10	5	
2026-05-20 16:40:00	58.3182	17.51277	41	0	29	0	0	0	0	0.005	13.6	10	1021	18	1	31	0.3	280	1800	230	2000	170	1	0	0	1	1	1	1	0	1	0	7	10	84	0	170	4	0	10	5	
2026-05-20 17:00:00	58.31772	17.52141	12	0	0	0	0	0	0	0.005	13.5	10	1021	18	1	59	0.4	96	1500	231	2000	190	1	0	1	0	1	1	1	0	1	0	98	0	3	0	187	-4	2	-10	5	
2026-05-20 17:20:00	58.31796	17.51703	12	0	1	0	0	0	0	0.005	13.5	10	1021	18	1	30	0.2	276	1700	230	2000	185	1	0	0	1	0	1	1	0	1	0	6	7	88	0	180	4	3	10	5	
2026-05-20 17:40:00	58.31904	17.52573	12	0	2	0	0	0	0	0.005	13.5	10	1021	18	1	27	0.4	77	1500	231	2000	175	1	0	1	0	1	0	1	0	1	0	98	3	0	0	188	-4	1	-10	5	
2026-05-20 18:00:00	58.31805	17.52093	12	0	3	0	0	0	0	0.005	13.5	10	1021	18	1	30	0.3	249	1600	231	2000	165	1	0	1	1	0	1	0	0	1	0	4	1	96	0	185	4	2	10	5	
2026-05-20 18:20:00	58.31997	17.5269	41	0	4	0	0	1	0	0.005	13.5	10	1021	18	2	50	0.3	58	1600	231	2000	155	0	0	1	0	1	0	1	0	1	0	84	2	15	0	186	-4	2	-10	5	
2026-05-20 18:40:00	58.3224	17.53209	12	0	5	0	0	0	0	0.005	13.5	10	1021	18	1	59	0.3	49	1600	231	2000	155	0	0	1	0	0	1	0	0	1	0	83	5	14	0	183	-4	0	-10	5	
2026-05-20 19:00:00	58.32444	17.54097	11	0	6	0	0	0	0	0.005	13.5	10	1021	18	1	29	0.5	66	1500	232	2000	155	0	0	1	0	0	0	1	0	1	0	98	3	0	0	187	-4	0	-10	5	
2026-05-20 19:20:00	58.32564	17.55051	12	0	7	0	0	0	0	0.005	13.5	10	1021	18	2	60	0.5	77	1300	232	2000	155	0	0	1	0	0	0	0	0	1	0	100	1	0	0	195	-4	0	-10	5	
2026-05-20 19:40:00	58.32639	17.55888	13	0	8	0	0	0	0	0.005	13.5	10	1022	18	1	29	0.4	80	1100	233	2000	155	0	0	1	0	0	0	0	0	1	0	100	0	0	0	202	-4	0	-10	5	
2026-05-20 20:00:00	58.32723	17.56851	12	0	9	0	0	0	0	0.005	13.4	10	1022	18	1	38	0.5	81	900	234	2000	155	0	0	1	0	0	0	0	0	1	0	100	0	0	0	210	-4	0	-10	5	
2026-05-20 20:20:00	58.32756	17.57763	41	0	10	0	0	0	0	0.005	13.4	10	1021	18	1	31	0.4	86	800	235	2000	155	0	0	1	0	0	0	0	0	1	0	100	1	0	0	218	-4	0	-10	5	
2026-05-20 20:40:00	58.3284	17.58621	11	0	11	0	0	0	0	0.005	13.4	10	1021	18	2	84	0.4	80	1000	236	2000	155	0	0	1	0	0	0	0	0	1	0	100	0	0	0	224	-4	0	-10	5	
2026-05-20 21:00:00	58.32963	17.5956	12	0	12	0	0	0	0	0.005	13.4	10	1021	18	1	30	0.5	76	1500	236	2000	155	0	0	1	0	0	0	0	0	1	0	100	1	0	0	229	-4	0	-10	5	
2026-05-20 21:20:00	58.33176	17.60403	12	0	13	0	0	0	0	0.005	13.4	10	1021	18	1	29	0.5	64	2000	237	2000	155	0	0	2	0	0	0	0	0	1	0	90	5	7	0	231	-4	0	-10	5	
2026-05-20 21:40:00	58.33308	17.616	12	0	14	0	0	0	0	0.005	13.4	10	1021	18	1	27	0.6	78	-2600	237	2000	155	0	0	2	0	0	0	0	0	0	0	100	0	0	0	238	-4	0	-10	5	
2026-05-20 22:00:00	58.33437	17.62731	12	0	15	0	0	0	0	0.005	13.4	10	1021	18	2	55	0.6	78	-3300	238	2000	155	0	0	2	0	0	0	0	0	0	0	100	0	0	0	242	-4	0	-10	5	
2026-05-20 22:20:00	58.3356	17.64	13	0	16	0	0	0	0	0.005	13.4	10	1021	18	1	28	0.6	79	-4000	239	2000	155	0	0	2	0	0	0	0	0	0	0	100	0	0	0	245	-4	0	-10	5	
2026-05-20 22:40:00	58.33605	17.65305	14	0	17	0	0	0	0	0.005	13.4	10	1022	18	1	30	0.6	86	-4700	240	2000	155	0	0	2	0	0	0	0	0	0	0	100	0	0	0	249	-4	0	-10	5	
2026-05-20 23:00:00	58.33578	17.64279	41	0	18	0	0	1	0	0.005	13.4	10	1021	18	1	34	0.5	267	-4200	239	2000	175	0	0	2	1	0	0	0	0	0	0	3	0	98	0	246	4	2	10	5	
2026-05-20 23:20:00	58.33488	17.63181	12	0	19	0	0	0	0	0.005	13.4	10	1021	18	3	122	0.6	261	-3600	238	2000	175	0	0	1	1	1	0	0	0	0	0	0	2	99	0	243	4	0	10	5	
2026-05-20 23:40:00	58.33434	17.62158	12	0	20	0	0	0	0	0.005	13.4	10	1021	18	1	31	0.5	264	-3000	237	2000	175	0	0	1	1	1	1	0	0	0	0	0	0	100	0	239	4	0	10	5	
2026-05-21 00:00:00	58.33416	17.61357	12	0	21	0	0	0	0	0.005	13.4	10	1021	18	1	30	0.4	267	2600	237	2000	175	0	0	1	1	1	1	1	0	0	0	0	0	100	0	234	4	0	10	5	
2026-05-21 00:20:00	58.33404	17.60418	12	0	22	0	0	0	0	0.005	13.4	10	1021	18	1	34	0.5	269	2200	236	2000	175	0	0	1	1	1	1	1	0	1	0	2	1	98	0	226	4	0	10	5	
2026-05-21 00:40:00	58.33401	17.59563	11	0	23	0	0	0	0	0.005	13.4	9	1021	18	2	48	0.4	270	1800	235	2000	175	0	0	1	1	1	1	1	0	1	0	0	5	96	0	217	4	0	10	5	
2026-05-21 01:00:00	58.3344	17.58618	12	0	24	0	0	0	0	0.005	13.4	9	1021	18	1	27	0.5	274	1600	234	2000	175	0	0	1	1	1	1	1	0	1	0	0	3	98	0	206	4	0	10	5	
2026-05-21 01:20:00	58.33542	17.57712	11	0	25	0	0	0	0	0.005	13.4	9	1021	18	1	30	0.5	282	1700	233	2000	175	0	0	0	1	1	1	1	0	1	0	6	4	91	0	192	4	0	10	5	
2026-05-21 01:40:00	58.33548	17.56686	41	0	26	0	0	0	0	0.005	13.3	9	1021	18	1	30	0.5	271	1800	231	2000	175	0	0	0	1	1	1	1	0	1	0	0	0	100	0	177	4	0	10	5	
2026-05-21 02:00:00	58.33551	17.55717	13	0	27	0	0	0	0	0.005	13.3	9	1021	18	1	56	0.5	271	2100	230	2000	175	0	0	0	1	1	1	1	0	1	0	0	1	100	0	147	4	0	10	5	
2026-05-21 02:20:00	58.33557	17.54799	12	0	28	0	0	0	0	0.005	13.3	9	1021	18	1	35	0.4	271	2400	229	2000	175	0	0	0	1	1	1	1	0	0	0	0	1	100	0	147	4	0	10	5	
2026-05-21 02:40:00	58.33551	17.53992	12	0	29	0	0	0	0	0.005	13.4	9	1021	18	1	33	0.4	269	2600	228	2000	175	0	0	0	1	1	1	1	0	0	0	0	3	98	0	147	4	0	10	5	
2026-05-21 03:20:00	58.33386	17.52705	12	0	1	0	0	0	0	0.005	13.6	10	1021	18	3	84	0.3	248	2900	227	2000	175	0	0	0	1	1	1	1	0	0	0	0	5	96	0	147	4	0	10	5	
2026-05-21 03:40:00	58.33245	17.52054	12	0	2	0	0	0	0	0.005	13.9	10	1021	18	2	64	0.3	248	2900	226	2000	175	0	0	0	1	1	1	1	0	0	0	0	1	100	0	147	4	0	10	5	
2026-05-21 04:00:00	58.33233	17.51541	40	0	3	0	0	0	0	0.005	13.8	10	1021	18	1	27	0.2	267	3100	225	2000	175	0	0	0	1	1	1	1	0	0	0	8	2	91	0	147	4	0	10	5	
2026-05-21 04:20:00	58.33116	17.50803	14	0	4	0	0	0	0	0.005	13.8	10	1021	18	1	53	0.4	253	3200	225	2000	175	0	0	0	1	1	1	1	0	0	0	0	1	100	0	147	4	0	10	5	
2026-05-21 04:40:00	58.33008	17.49975	12	0	5	0	0	0	0	0.005	13.8	10	1021	18	1	29	0.4	256	3400	223	2000	175	0	0	0	1	1	1	1	0	0	0	0	3	98	0	147	4	0	10	5	
2026-05-21 05:00:00	58.32945	17.49159	12	0	6	0	0	0	0	0.005	13.8	10	1021	18	1	31	0.4	262	3600	222	2000	175	0	0	0	1	1	1	1	0	0	0	0	2	99	0	147	4	0	10	5	
2026-05-21 05:20:00	58.32915	17.48235	12	0	7	0	0	0	0	0.005	13.7	10	1021	18	2	44	0.4	267	3800	221	2000	175	0	0	0	1	1	1	1	0	0	0	0	0	100	0	147	4	0	10	5	
2026-05-21 05:40:00	58.32879	17.47332	25	0	8	0	0	0	0	0.005	13.7	10	1021	18	1	31	0.4	266	4100	219	2000	175	0	0	0	1	1	1	1	0	0	0	0	2	99	0	147	4	0	10	5	
2026-05-21 06:00:00	58.32888	17.46309	41	0	9	0	0	0	0	0.005	13.7	10	1021	18	1	43	0.5	271	4400	217	2000	175	0	0	0	1	1	1	1	0	0	0	0	1	100	0	147	4	0	10	5	
2026-05-21 06:20:00	58.32873	17.4543	12	0	10	0	0	0	0	0.005	13.7	10	1021	18	1	55	0.4	268	4700	215	2000	175	0	0	0	1	1	1	1	0	0	0	0	3	98	0	147	4	0	10	5	
2026-05-21 06:40:00	58.32864	17.44548	12	0	11	0	0	0	0	0.005	13.6	10	1021	18	1	27	0.4	269	5000	213	2000	175	0	0	0	1	1	1	1	0	0	0	0	7	94	0	147	4	0	10	5	
2026-05-21 07:00:00	58.329	17.43759	12	0	12	0	0	0	0	0.005	13.6	10	1021	18	2	54	0.4	275	5200	211	2000	175	0	0	0	1	1	1	1	0	0	0	0	6	95	0	147	4	0	10	5	
2026-05-21 07:20:00	58.32795	17.43156	12	0	13	0	0	0	0	0.005	13.6	10	1021	18	1	37	0.3	251	5300	210	2000	175	0	0	0	1	1	1	1	0	0	0	0	1	100	0	147	4	0	10	5	
2026-05-21 07:40:00	58.32621	17.42355	12	0	14	0	0	0	0	0.005	13.6	10	1022	18	1	30	0.4	248	5400	208	2000	175	0	0	0	1	1	1	1	0	0	0	0	5	96	0	147	4	0	10	5	
2026-05-21 08:00:00	58.32444	17.41461	41	0	15	0	0	0	0	0.005	13.6	10	1021	18	1	32	0.5	249	5500	206	2000	175	0	0	0	1	1	1	1	0	0	0	0	3	98	0	147	4	0	10	5	
2026-05-21 08:20:00	58.32327	17.40438	11	0	16	0	0	0	0	0.005	13.6	10	1022	18	1	56	0.5	258	5800	204	2000	175	0	0	0	1	1	1	1	0	0	0	0	0	100	0	147	4	0	10	5	
2026-05-21 08:40:00	58.32279	17.39469	12	0	17	0	0	0	0	0.005	13.6	10	1021	18	2	49	0.5	264	6000	201	2000	175	0	0	0	1	1	1	1	0	0	0	0	3	98	0	147	4	0	10	5	
2026-05-21 09:00:00	58.32234	17.38758	12	0	18	0	0	0	0	0.005	13.6	11	1021	18	2	51	0.3	263	6200	199	2000	175	0	0	0	1	1	1	1	0	0	0	9	3	89	0	147	4	0	10	5	
2026-05-21 09:20:00	58.32075	17.37936	12	0	19	0	0	0	0	0.005	13.6	11	1021	18	1	30	0.4	250	6300	197	2000	175	0	0	0	1	1	1	1	0	0	0	0	2	99	0	147	4	0	10	5	
2026-05-21 09:40:00	58.31829	17.36943	12	0	20	0	0	0	0	0.005	13.6	11	1021	18	1	32	0.5	245	6400	194	2000	175	0	0	0	1	1	1	1	0	0	0	0	0	100	0	147	4	0	10	5	
2026-05-21 10:00:00	58.31604	17.35806	12	0	21	0	0	0	0	0.005	13.5	11	1021	18	1	26	0.6	249	6600	190	2000	175	0	0	0	1	1	1	1	0	0	0	0	2	99	0	147	4	0	10	5	
2026-05-21 10:20:00	58.31496	17.34717	14	0	22	0	0	0	0	0.005	13.5	11	1021	18	1	29	0.5	259	6800	186	2000	175	0	0	0	1	1	1	1	0	0	0	9	5	88	0	147	4	0	10	5	
2026-05-21 10:40:00	58.31301	17.35311	11	0	23	0	0	1	0	0.005	13.5	11	1020	18	1	30	0.3	122	6400	188	2000	185	0	0	0	0	1	1	1	0	0	0	97	0	4	0	147	-4	2	-10	5	
2026-05-21 11:00:00	58.31064	17.3598	40	0	24	0	0	0	0	0.005	13.5	11	1020	18	1	30	0.4	124	6000	191	2000	185	0	0	0	0	0	1	1	0	0	0	100	1	0	0	147	-4	0	-10	5	
2026-05-21 11:20:00	58.30854	17.36547	11	0	25	0	0	0	0	0.005	13.5	11	1020	18	1	59	0.3	125	5600	194	2000	185	0	0	0	0	0	0	1	0	0	0	98	3	0	0	147	-4	0	-10	5	
2026-05-21 11:40:00	58.30617	17.37201	12	0	26	0	0	0	0	0.005	13.5	11	1020	18	3	65	0.4	124	5200	197	2000	185	0	0	0	0	0	0	0	0	0	0	97	4	0	0	147	-4	0	-10	5	
2026-05-21 12:00:00	58.30488	17.37816	12	0	27	0	0	0	0	0.005	13.5	12	1020	18	3	76	0.3	112	4900	200	2000	185	0	0	0	0	0	0	0	0	0	0	100	0	0	0	147	-4	0	-10	5	
2026-05-21 12:20:00	58.30449	17.38548	12	0	28	0	0	0	0	0.005	13.5	12	1019	18	2	50	0.4	96	4600	203	2000	185	0	0	0	0	0	0	0	0	0	0	100	1	0	0	147	-4	0	-10	5	
2026-05-21 12:40:00	58.30395	17.39412	13	0	29	0	0	0	0	0.005	13.5	12	1020	18	1	33	0.4	97	4300	206	2000	185	0	0	0	0	0	0	0	0	0	0	100	0	0	0	147	-4	0	-10	5	
2026-05-21 13:00:00	58.3029	17.40252	15	0	0	0	0	0	0	0.005	13.5	11	1020	18	2	57	0.4	103	3900	209	2000	185	0	0	0	0	0	0	0	0	0	0	96	5	0	0	147	-4	0	-10	5	
2026-05-21 13:20:00	58.30128	17.41191	13	0	1	0	0	0	0	0.005	13.4	11	1020	18	1	32	0.5	108	3500	213	2000	185	0	0	0	0	0	0	0	0	0	0	100	0	0	0	147	-4	0	-10	5	
2026-05-21 13:40:00	58.29783	17.41902	41	0	2	0	0	0	0	0.005	13.4	11	1020	18	1	30	0.5	133	2900	217	2000	185	0	0	0	0	0	0	0	0	0	0	100	0	0	0	147	-4	0	-10	5	
2026-05-21 14:00:00	58.29618	17.42337	14	0	3	0	0	0	0	0.005	13.4	11	1020	18	1	57	0.3	126	2600	219	2000	185	0	0	0	0	0	0	0	0	0	0	100	1	0	0	147	-4	0	-10	5	
2026-05-21 14:20:00	58.29588	17.42787	12	0	4	0	0	0	0	0.005	13.4	11	1021	18	1	33	0.2	98	2500	221	2000	185	0	0	0	0	0	0	0	0	0	0	100	1	0	0	147	-4	0	-10	5	
2026-05-21 14:40:00	58.2969	17.43291	12	0	5	0	0	0	0	0.005	13.4	11	1020	18	1	32	0.3	69	2400	222	2000	185	0	0	1	0	0	0	0	0	0	0	94	7	0	0	147	-4	0	-10	5	
2026-05-21 15:00:00	58.29819	17.43684	12	0	6	0	0	0	0	0.005	13.4	11	1020	18	1	34	0.2	58	2400	222	2000	185	0	0	1	0	0	0	0	0	0	0	94	7	0	0	147	-4	0	-10	5	
2026-05-21 15:40:00	58.29957	17.44584	11	0	8	0	0	0	0	0.005	13.4	12	1020	18	3	111	0.2	87	2200	224	2000	185	0	0	0	0	0	0	0	0	0	0	100	1	0	0	147	-4	0	-10	5	
2026-05-21 16:00:00	58.30074	17.45013	11	0	9	0	0	0	0	0.005	13.4	12	1020	18	2	45	0.2	63	2200	224	2000	185	0	0	1	0	0	0	0	0	0	0	97	4	0	0	147	-4	0	-10	5	
2026-05-21 16:20:00	58.30182	17.45538	12	0	10	0	0	0	0	0.005	13.4	12	1020	18	1	28	0.3	69	2100	225	2000	185	0	0	1	0	0	0	0	0	1	0	88	12	1	0	147	-4	0	-10	5	
2026-05-21 16:40:00	58.302	17.46036	12	0	11	0	0	0	0	0.005	13.4	12	1019	18	1	30	0.2	87	2000	226	2000	185	0	0	0	0	0	0	0	0	1	0	100	0	0	0	152	-4	0	-10	5	
2026-05-21 17:00:00	58.30086	17.46753	11	0	12	0	0	0	0	0.005	13.8	12	1020	18	1	31	0.4	107	1700	228	2000	185	0	0	1	0	0	0	0	0	1	0	100	0	0	0	181	-4	0	-10	5	
2026-05-21 17:20:00	58.30092	17.47158	13	0	13	0	0	0	0	0.005	13.7	11	1020	18	1	26	0.2	88	1500	229	2000	185	0	0	1	0	0	0	0	0	1	0	99	2	0	0	187	-4	0	-10	5	
2026-05-21 17:40:00	58.29996	17.4762	13	0	14	0	0	0	0	0.005	13.7	11	1019	18	1	33	0.2	112	1300	230	2000	185	0	0	1	0	0	0	0	0	1	0	100	0	0	0	197	-4	0	-10	5	
2026-05-21 18:00:00	58.29864	17.48094	40	0	15	0	0	0	0	0.005	13.7	11	1020	18	1	31	0.3	118	1000	232	2000	185	0	0	1	0	0	0	0	0	1	0	100	1	0	0	206	-4	0	-10	5	
2026-05-21 18:40:00	58.2966	17.48883	11	0	17	0	0	0	0	0.005	13.6	11	1019	18	3	75	0.2	124	600	234	2000	185	0	0	1	0	0	0	0	0	1	0	100	0	0	0	220	-4	0	-10	5	
2026-05-21 19:00:00	58.29243	17.49081	11	0	18	0	0	0	0	0.005	13.6	11	1020	18	2	53	0.4	166	100	236	2000	185	0	0	0	0	0	0	0	0	1	0	100	0	0	0	233	-4	0	-10	5	
2026-05-21 19:20:00	58.28769	17.49123	11	0	19	0	0	0	0	0.005	13.6	11	1020	18	1	41	0.4	177	-300	239	2000	185	0	0	0	0	0	0	0	0	1	0	100	0	0	0	246	-4	0	-10	5	
2026-05-21 19:40:00	58.28301	17.49186	11	0	20	0	0	0	0	0.005	13.6	11	1020	18	1	30	0.4	176	-800	241	2000	185	0	0	1	0	0	0	0	0	1	0	100	0	0	0	260	-4	0	-10	5	
2026-05-21 20:00:00	58.27923	17.49276	13	0	21	0	0	0	0	0.005	13.6	11	1020	18	1	30	0.4	173	-1200	243	2000	185	0	0	2	0	0	0	0	0	1	0	100	1	0	0	272	-4	0	-10	5	
2026-05-21 20:20:00	58.27539	17.49351	13	0	22	0	0	0	0	0.005	13.6	11	1020	18	1	33	0.4	174	-1500	246	2000	185	0	0	2	0	0	0	0	0	1	0	100	0	0	0	287	-4	0	-10	5	
2026-05-21 20:40:00	58.272	17.49405	13	0	23	0	0	0	0	0.005	13.5	11	1020	18	1	30	0.3	175	-1900	248	2000	185	0	0	2	0	0	0	0	0	1	0	100	1	0	0	307	-4	0	-10	5	
2026-05-21 21:00:00	58.26864	17.49501	41	0	24	0	0	0	0	0.005	13.5	11	1020	18	1	28	0.3	171	-2200	250	2000	185	0	0	2	0	0	0	0	0	0	0	96	5	0	0	327	-4	0	-10	5	
2026-05-21 21:20:00	58.26522	17.49489	11	0	25	0	0	0	0	0.005	13.5	10	1020	18	1	59	0.3	181	-2500	252	2000	185	0	0	2	0	0	0	0	0	0	0	100	0	0	0	327	-4	0	-10	5	
2026-05-21 21:40:00	58.26099	17.49471	11	0	26	0	0	0	0	0.005	13.5	10	1020	18	1	29	0.4	181	-2900	254	2000	185	0	0	2	0	0	0	0	0	0	0	100	0	0	0	327	-4	0	-10	5	
2026-05-21 22:00:00	58.25736	17.49498	11	0	27	0	0	0	0	0.005	13.5	10	1021	18	1	32	0.3	178	-3300	257	2000	185	0	0	2	0	0	0	0	0	0	0	100	0	0	0	327	-4	0	-10	5	
2026-05-21 22:40:00	58.24902	17.49432	12	0	29	0	0	0	0	0.005	13.5	10	1020	18	3	86	0.3	184	-4000	262	2000	185	0	0	2	0	0	0	0	0	0	0	100	0	0	0	327	-4	0	-10	5	
2026-05-21 23:00:00	58.24617	17.49366	13	0	0	0	0	0	0	0.005	13.5	10	1021	18	1	37	0.3	187	-4300	264	2000	185	0	0	2	0	0	0	0	0	0	0	100	1	0	0	327	-4	0	-10	5	
2026-05-21 23:20:00	58.24302	17.49171	13	0	1	0	0	0	0	0.005	13.5	10	1021	18	1	33	0.3	198	-4500	266	2000	185	0	0	2	0	0	0	0	0	0	0	100	0	0	0	327	-4	0	-10	5	
2026-05-21 23:40:00	58.23954	17.48931	12	0	2	0	0	0	0	0.005	13.4	10	1021	18	2	62	0.3	200	-4800	268	2000	185	0	0	2	0	0	0	0	0	0	0	100	0	0	0	327	-4	0	-10	5	
2026-05-22 00:00:00	58.23624	17.48646	40	0	3	0	0	0	0	0.005	13.4	10	1020	18	1	36	0.3	205	-5000	270	2000	185	0	0	2	0	0	0	0	0	0	0	100	0	0	0	327	-4	0	-10	5	
2026-05-22 00:20:00	58.23342	17.48436	11	0	4	0	0	0	0	0.005	13.4	10	1021	18	1	58	0.3	201	-5200	272	2000	185	0	0	2	0	0	0	0	0	0	0	99	2	0	0	327	-4	0	-10	5	
2026-05-22 00:40:00	58.22988	17.4816	12	0	5	0	0	0	0	0.005	13.4	10	1021	18	1	31	0.4	202	-5400	275	2000	185	0	0	2	0	0	0	0	0	0	0	100	0	0	0	327	-4	0	-10	5	
2026-05-22 01:00:00	58.22628	17.47998	11	0	6	0	0	0	0	0.005	13.4	10	1020	18	2	56	0.3	193	-5700	278	2000	185	0	0	2	0	0	0	0	0	0	0	100	0	0	0	327	-4	0	-10	5	
2026-05-22 01:20:00	58.22283	17.48052	12	0	7	0	0	0	0	0.005	13.4	10	1021	18	1	29	0.3	175	-6000	280	2000	185	0	0	2	0	0	0	0	0	0	0	99	2	0	0	327	-4	0	-10	5	
2026-05-22 01:40:00	58.21944	17.47884	13	0	8	0	0	0	0	0.005	13.4	10	1021	18	1	32	0.3	195	-6300	283	2000	185	0	0	2	0	0	0	0	0	0	0	100	0	0	0	327	-4	0	-10	5	
2026-05-22 02:00:00	58.21548	17.47662	41	0	9	0	0	0	0	0.005	13.4	10	1021	18	1	32	0.4	196	-6600	286	2000	185	0	0	2	0	0	0	0	0	0	0	100	0	0	0	327	-4	0	-10	5	
2026-05-22 02:20:00	58.21206	17.47557	11	0	10	0	0	0	0	0.005	13.4	10	1021	18	2	74	0.3	189	-6900	288	2000	185	0	0	2	0	0	0	0	0	0	0	98	3	0	0	327	-4	0	-10	5	
2026-05-22 02:40:00	58.20816	17.47296	12	0	11	0	0	0	0	0.005	13.4	10	1021	18	1	28	0.4	199	-7200	291	2000	185	0	0	2	0	0	0	0	0	0	0	100	0	0	0	327	-4	0	-10	5	
2026-05-22 03:00:00	58.2039	17.46939	12	0	12	0	0	0	0	0.005	13.5	10	1021	18	1	29	0.4	204	-7400	294	2000	185	0	0	2	0	0	0	0	0	0	0	100	1	0	0	327	-4	0	-10	5	
2026-05-22 03:40:00	58.19556	17.46312	12	0	14	0	0	0	0	0.005	13.8	10	1021	18	3	97	0.4	198	-8000	301	2000	185	0	0	2	0	0	0	0	0	0	0	91	3	7	0	327	-4	0	-10	5	
2026-05-22 04:00:00	58.1913	17.45871	13	0	15	0	0	0	0	0.005	13.8	10	1021	18	1	31	0.4	209	-8300	304	2000	185	0	0	2	0	0	0	0	0	0	0	100	0	0	0	327	-4	0	-10	5	
2026-05-22 04:20:00	58.18677	17.45589	12	0	16	0	0	0	0	0.005	13.8	10	1022	18	1	28	0.4	198	-8600	307	2000	185	0	0	2	0	0	0	0	0	0	0	89	4	9	0	327	-4	0	-10	5	
2026-05-22 04:40:00	58.18164	17.45148	41	0	17	0	0	0	0	0.005	13.7	10	1021	18	1	32	0.5	204	-8900	311	2000	185	0	0	2	0	0	0	0	0	0	0	100	1	0	0	327	-4	0	-10	5	
2026-05-22 05:00:00	58.17744	17.44992	12	0	18	0	0	0	0	0.005	13.7	10	1022	18	1	55	0.4	191	-9300	314	2000	185	0	0	2	0	0	0	0	0	0	0	84	9	8	0	327	-4	0	-10	5	
2026-05-22 05:20:00	58.17267	17.44842	12	0	19	0	0	0	0	0.005	13.7	11	1022	18	1	26	0.4	189	-9700	316	2000	185	0	0	2	0	0	0	0	0	0	0	90	5	7	0	327	-4	0	-10	5	
2026-05-22 05:40:00	58.16799	17.44512	12	0	20	0	0	0	0	0.005	13.7	11	1022	18	1	29	0.5	200	-10000	319	2000	185	0	0	2	0	0	0	0	0	0	0	100	1	0	0	327	-4	0	-10	5	
2026-05-22 06:00:00	58.16328	17.44179	13	0	21	0	0	0	0	0.005	13.7	11	1022	18	1	28	0.5	200	-10400	322	2000	185	0	0	2	0	0	0	0	0	0	0	100	0	0	0	327	-4	0	-10	5	
2026-05-22 06:20:00	58.15839	17.43957	41	0	22	0	0	0	0	0.005	13.6	11	1022	18	1	34	0.5	193	-10700	324	2000	185	0	0	2	0	0	0	0	0	0	0	100	1	0	0	327	-4	0	-10	5	
2026-05-22 06:40:00	58.1538	17.43813	12	0	23	0	0	0	0	0.005	13.6	11	1023	18	2	79	0.4	189	-11100	326	2000	185	0	0	2	0	0	0	0	0	0	0	100	1	0	0	327	-4	0	-10	5	
2026-05-22 07:00:00	58.14942	17.43645	12	0	24	0	0	0	0	0.005	13.6	11	1022	18	1	34	0.4	191	-11500	328	2000	185	0	0	2	0	0	0	0	0	0	0	100	1	0	0	328	-4	0	-10	5	
2026-05-22 07:20:00	58.14468	17.43666	13	0	25	0	0	0	0	0.005	13.6	11	1022	18	3	66	0.4	179	-11900	329	2000	185	0	0	2	0	0	0	0	0	0	0	100	1	0	0	329	-4	0	-10	5	
2026-05-22 07:40:00	58.13988	17.43612	14	0	26	0	0	0	0	0.005	13.6	11	1023	18	1	35	0.4	183	-12400	330	2000	185	0	0	2	0	0	0	0	0	0	0	100	0	0	0	330	-4	0	-10	5	
2026-05-22 08:00:00	58.13571	17.43618	40	0	27	0	0	0	0	0.005	13.6	11	1023	18	1	35	0.4	180	-12800	331	2000	185	0	0	2	0	0	0	0	0	0	0	100	1	0	0	331	-4	0	-10	5	
2026-05-22 08:20:00	58.13277	17.43606	11	0	28	0	0	0	0	0.005	13.6	11	1023	18	1	57	0.3	181	-13100	332	2000	185	0	0	2	0	0	0	0	0	0	0	98	3	0	0	332	-4	0	-10	5	
2026-05-22 08:40:00	58.12947	17.43609	11	0	29	0	0	0	0	0.005	13.6	12	1023	18	1	34	0.3	180	-13400	333	2000	185	0	0	2	0	0	0	0	0	0	0	96	5	0	0	333	-4	0	-10	5	
2026-05-22 09:00:00	58.12587	17.4363	11	0	0	0	0	0	0	0.005	13.5	12	1023	19	1	28	0.3	178	-13800	334	2000	185	0	0	2	0	0	0	0	0	0	0	100	1	0	0	334	-4	0	-10	5	
2026-05-22 09:20:00	58.12263	17.43789	11	0	1	0	0	0	0	0.005	13.5	12	1023	18	1	29	0.3	165	-14100	334	2000	185	0	0	2	0	0	0	0	0	0	0	100	1	0	0	334	-4	0	-10	5	
2026-05-22 09:40:00	58.11903	17.44137	11	0	2	0	0	0	0	0.005	13.5	12	1023	18	1	26	0.4	153	-14600	334	2000	185	0	0	2	0	0	0	0	0	0	0	100	0	0	0	334	-4	0	-10	5	
2026-05-22 10:00:00	58.11579	17.44467	11	0	3	0	0	0	0	0.005	13.5	12	1023	18	1	30	0.3	152	-15000	334	2000	185	0	0	2	0	0	0	0	0	0	0	100	0	0	0	334	-4	0	-10	5	
2026-05-22 10:20:00	58.11315	17.4477	11	0	4	0	0	0	0	0.005	13.5	13	1023	18	1	28	0.3	149	-15300	334	2000	185	0	0	2	0	0	0	0	0	0	0	96	5	0	0	334	-4	0	-10	5	
2026-05-22 10:40:00	58.11048	17.4516	13	0	5	0	0	0	0	0.005	13.5	13	1023	18	2	46	0.3	143	-15700	333	2000	185	0	0	2	0	0	0	0	0	0	0	100	0	0	0	333	-4	0	-10	5	
2026-05-22 11:00:00	58.10856	17.45625	41	0	6	0	0	0	0	0.005	13.5	14	1023	18	1	29	0.3	128	-16000	333	2000	185	0	0	2	0	0	0	0	0	0	0	100	0	0	0	333	-4	0	-10	5	
2026-05-22 11:20:00	58.10769	17.46114	12	0	7	0	0	0	0	0.005	13.5	14	1023	18	1	59	0.3	109	-16200	332	2000	185	0	0	2	0	0	0	0	0	0	0	91	4	7	0	332	-4	0	-10	5	
2026-05-22 11:40:00	58.10613	17.46885	11	0	8	0	0	0	0	0.005	13.5	14	1023	18	1	27	0.4	111	-16600	331	2000	185	0	0	2	0	0	0	0	0	0	0	100	0	0	0	331	-4	0	-10	5	
2026-05-22 12:00:00	58.10484	17.47653	11	0	9	0	0	0	0	0.005	13.5	14	1023	18	1	30	0.4	108	-16900	330	2000	185	0	0	2	0	0	0	0	0	0	0	98	3	0	0	330	-4	0	-10	5	
2026-05-22 12:20:00	58.10388	17.48454	12	0	10	0	0	0	0	0.005	13.5	13	1023	18	2	41	0.4	103	-17300	329	2000	185	0	0	2	0	0	0	0	0	0	0	100	1	0	0	329	-4	0	-10	5	
2026-05-22 12:40:00	58.10361	17.49261	12	0	11	0	0	0	0	0.005	13.5	13	1023	18	1	26	0.4	93	-17500	328	2000	185	0	0	2	0	0	0	0	0	0	0	97	4	0	0	328	-4	0	-10	5	
2026-05-22 13:00:00	58.10361	17.50017	12	0	12	0	0	0	0	0.005	13.4	13	1023	18	3	113	0.4	90	-17800	326	2000	185	0	0	2	0	0	0	0	0	0	0	100	0	0	0	327	-4	0	-10	5	
2026-05-22 13:20:00	58.10373	17.5083	11	0	13	0	0	0	0	0.005	13.4	13	1023	18	1	31	0.4	88	-18000	325	2000	185	0	0	2	0	0	0	0	0	0	0	100	1	0	0	327	-4	0	-10	5	
2026-05-22 13:40:00	58.10379	17.51712	41	0	14	0	0	0	0	0.005	13.4	13	1023	18	1	30	0.4	90	-18300	324	2000	185	0	0	2	0	0	0	0	0	0	0	99	2	0	0	327	-4	0	-10	5	
2026-05-22 14:00:00	58.11183	17.52444	12	0	15	0	0	1	0	0.005	13.4	13	1023	18	1	56	0.8	26	-17800	321	2000	185	1	0	2	2	0	0	0	0	0	0	8	0	93	0	327	0	4	10	5	
2026-05-22 14:20:00	58.12011	17.53227	13	0	16	0	0	2	0	0.005	13.4	14	1023	18	1	27	0.9	27	-2300	193	2000	185	1	0	1	2	2	0	0	0	0	0	7	1	94	0	218	0	5	10	5	
2026-05-22 14:40:00	58.12233	17.52828	12	0	17	0	0	0	0	0.005	13.4	13	1023	18	1	39	0.3	317	-2400	192	2000	185	1	0	1	1	2	2	0	0	0	0	0	2	99	0	210	4	1	10	5	
2026-05-22 15:00:00	58.12497	17.52423	12	0	18	0	0	0	0	0.005	13.4	13	1023	18	1	33	0.3	321	-2500	192	2000	185	1	0	1	1	1	2	2	0	0	0	6	1	94	0	202	4	0	10	5	
2026-05-22 15:20:00	58.12704	17.51952	12	0	19	0	0	0	0	0.005	13.4	12	1023	18	1	32	0.3	310	-2700	192	2000	185	1	0	0	1	1	1	2	0	0	0	0	5	96	0	194	4	0	10	5	
2026-05-22 15:40:00	58.12647	17.52684	41	0	20	0	0	0	0	0.005	13.4	12	1023	18	1	30	0.4	98	-2800	192	2000	205	1	0	1	0	1	1	1	0	0	0	95	2	5	0	203	-4	2	-10	5	
2026-05-22 16:00:00	58.12896	17.52372	12	0	21	0	0	0	0	0.005	13.4	12	1023	18	1	89	0.3	326	-2900	192	2000	210	1	0	0	1	0	1	1	0	0	0	8	6	88	0	198	4	2	10	5	
2026-05-22 16:20:00	58.12788	17.53032	12	0	22	0	0	0	0	0.005	13.7	12	1023	18	2	49	0.3	107	-3000	192	2000	215	1	0	0	0	1	0	1	0	0	0	97	0	4	0	206	-4	2	-10	5	
2026-05-22 16:40:00	58.12674	17.53734	12	0	23	0	0	0	0	0.005	13.7	12	1023	18	1	32	0.4	107	-3100	193	2000	215	1	0	1	0	0	1	0	0	0	0	100	1	0	0	214	-4	0	-10	5	
2026-05-22 17:00:00	58.12938	17.53413	12	0	24	0	0	0	0	0.005	13.6	12	1023	18	1	29	0.3	327	-3200	193	2000	215	1	0	0	1	0	0	1	0	0	0	5	4	92	0	208	4	2	10	5	
2026-05-22 17:20:00	58.12854	17.54049	12	0	25	0	0	0	0	0.005	13.6	12	1023	18	1	31	0.3	104	-3300	193	2000	215	1	0	1	0	1	0	0	0	0	0	95	0	6	0	214	-4	2	-10	5	
2026-05-22 17:40:00	58.13106	17.53899	12	0	26	0	0	0	0	0.005	13.6	12	1023	18	1	27	0.2	343	-3500	193	2000	220	1	0	0	1	0	1	0	0	0	0	6	8	88	0	211	4	2	10	5	
2026-05-22 18:00:00	58.13079	17.54424	40	0	27	0	0	2	0	0.005	13.6	11	1023	18	2	51	0.3	96	-3700	193	3000	220	1	0	0	0	1	0	1	0	0	0	95	1	5	0	215	-4	2	-10	5	
2026-05-22 18:20:00	58.12944	17.54889	11	0	28	0	0	0	0	0.005	13.6	11	1023	18	1	56	0.3	118	-3700	193	3000	220	1	0	0	0	0	1	0	0	0	0	100	0	0	0	220	-4	0	-10	5	
2026-05-22 18:40:00	58.128	17.55318	12	0	29	0	0	0	0	0.005	13.6	11	1023	18	1	30	0.2	123	-3800	193	3000	220	1	0	0	0	0	0	1	0	0	0	100	0	0	0	224	-4	0	-10	5	
2026-05-22 19:00:00	58.12662	17.55735	12	0	0	0	0	0	0	0.005	13.6	11	1023	18	2	54	0.2	122	-3800	194	3000	220	1	0	0	0	0	0	0	0	0	0	100	0	0	0	229	-4	0	-10	5	
2026-05-22 19:20:00	58.12485	17.56131	12	0	1	0	0	0	0	0.005	13.6	11	1023	18	1	31	0.3	130	-3900	194	3000	220	1	0	0	0	0	0	0	0	0	0	100	1	0	0	233	-4	0	-10	5	
2026-05-22 19:40:00	58.12326	17.56482	15	0	2	0	0	0	0	0.005	13.6	11	1024	18	1	28	0.2	131	-4000	194	3000	220	1	0	1	0	0	0	0	0	0	0	100	0	0	0	237	-4	0	-10	5	
2026-05-22 20:20:00	58.12338	17.56602	41	0	4	0	0	0	0	0.005	13.5	11	1024	18	3	80	0.2	144	-4000	194	3000	240	1	0	0	0	1	0	0	0	0	0	95	0	6	0	237	-4	2	-10	5	
2026-05-22 20:40:00	58.12089	17.56851	12	0	5	0	0	1	0	0.005	13.5	11	1024	18	1	60	0.3	152	-4000	194	3000	240	0	0	0	0	0	1	0	0	0	0	100	0	0	0	242	-4	0	-10	5	
2026-05-22 21:00:00	58.11804	17.571	12	0	6	0	0	0	0	0.005	13.5	11	1024	18	1	28	0.3	155	-4000	195	3000	240	0	0	1	0	0	0	1	0	0	0	100	0	0	0	247	-4	0	-10	5	
2026-05-22 21:20:00	58.11546	17.57322	12	0	7	0	0	0	0	0.005	13.5	11	1024	18	1	29	0.3	156	-4000	195	3000	240	0	0	1	0	0	0	0	0	0	0	100	0	0	0	251	-4	0	-10	5	
2026-05-22 21:40:00	58.11339	17.57475	12	0	8	0	0	0	0	0.005	13.5	11	1024	18	1	26	0.2	159	-4000	195	3000	240	0	0	1	0	0	0	0	0	0	0	100	0	0	0	255	-4	0	-10	5	
2026-05-22 22:00:00	58.11105	17.57619	11	0	9	0	0	0	0	0.005	13.5	11	1024	18	1	32	0.2	162	-4100	195	3000	240	0	0	1	0	0	0	0	0	0	0	100	0	0	0	258	-4	0	-10	5	
2026-05-22 22:20:00	58.10781	17.57757	12	0	10	0	0	0	0	0.005	13.5	11	1024	18	2	52	0.3	168	-4100	195	3000	240	0	0	1	0	0	0	0	0	0	0	100	0	0	0	264	-4	0	-10	5	
2026-05-22 23:00:00	58.10016	17.57511	40	0	12	0	0	0	0	0.005	13.4	11	1024	18	3	95	0.4	196	-3900	195	3000	240	0	0	1	0	0	0	0	0	0	0	100	0	0	0	276	-4	0	-10	5	
2026-05-22 23:20:00	58.09773	17.57628	12	0	13	0	0	0	0	0.005	13.4	11	1024	18	1	56	0.2	166	-4000	195	3000	240	0	0	1	0	0	0	0	0	0	0	92	2	8	0	279	-4	0	-10	5	
2026-05-22 23:40:00	58.09572	17.57793	12	0	14	0	0	0	0	0.005	13.4	11	1024	18	1	27	0.2	157	-4200	195	3000	240	0	0	1	0	0	0	0	0	0	0	91	3	8	0	282	-4	0	-10	5	
2026-05-23 00:00:00	58.09389	17.57913	12	0	15	0	0	0	0	0.005	13.4	11	1024	18	3	69	0.2	161	-4300	195	3000	240	0	0	1	0	0	0	0	0	0	0	99	2	0	0	282	-4	0	-10	5	
2026-05-23 00:20:00	58.09155	17.58015	11	0	16	0	0	0	0	0.005	13.4	11	1024	18	1	29	0.2	167	-4400	196	3000	240	0	0	1	0	0	0	0	0	0	0	100	1	0	0	282	-4	0	-10	5	
2026-05-23 00:40:00	58.08915	17.58156	12	0	17	0	0	0	0	0.005	13.4	11	1024	18	1	28	0.2	163	-4500	196	3000	240	0	0	1	0	0	0	0	0	0	0	100	1	0	0	282	-4	0	-10	5	
2026-05-23 01:00:00	58.08744	17.583	12	0	18	0	0	0	0	0.005	13.4	11	1024	18	1	29	0.2	156	-4700	196	3000	240	0	0	1	0	0	0	0	0	0	0	100	0	0	0	282	-4	0	-10	5	
2026-05-23 01:20:00	58.08552	17.58423	16	0	19	0	0	0	0	0.005	13.4	10	1024	18	1	30	0.2	161	-4800	196	3000	240	0	0	1	0	0	0	0	0	0	0	100	0	0	0	282	-4	0	-10	5	
2026-05-23 01:40:00	58.08357	17.58567	41	0	20	0	0	0	0	0.005	13.4	10	1024	18	1	37	0.2	159	-4900	196	3000	240	0	0	1	0	0	0	0	0	0	0	100	1	0	0	282	-4	0	-10	5	
2026-05-23 02:00:00	58.08162	17.58741	11	0	21	0	0	0	0	0.005	13.4	10	1024	18	1	59	0.2	155	-5000	196	3000	240	0	0	1	0	0	0	0	0	0	0	100	0	0	0	282	-4	0	-10	5	
2026-05-23 03:00:00	58.07718	17.59479	12	0	24	0	0	0	0	0.005	13.6	11	1024	18	3	94	0.2	129	-5600	197	3000	240	0	0	1	0	0	0	0	0	0	0	98	3	0	0	282	-4	0	-10	5	
2026-05-23 03:20:00	58.07592	17.59845	12	0	25	0	0	0	0	0.005	13.9	11	1024	18	1	32	0.2	123	-5800	197	3000	240	0	0	1	0	0	0	0	0	0	0	99	2	0	0	282	-4	0	-10	5	
2026-05-23 03:40:00	58.07481	17.60235	13	0	26	0	0	0	0	0.005	13.8	11	1024	18	1	30	0.2	118	-6100	197	3000	240	0	0	1	0	0	0	0	0	0	0	100	0	0	0	282	-4	0	-10	5	
2026-05-23 04:00:00	58.07286	17.60652	40	0	27	0	0	0	0	0.005	13.8	11	1024	18	1	41	0.3	131	-6300	197	3000	240	0	0	1	0	0	0	0	0	0	0	100	1	0	0	282	-4	0	-10	5	
2026-05-23 04:20:00	58.07115	17.61087	12	0	28	0	0	0	0	0.005	13.8	11	1024	18	1	58	0.3	126	-6600	198	3000	240	0	0	1	0	0	0	0	0	0	0	100	0	0	0	282	-4	0	-10	5	
2026-05-23 04:40:00	58.07034	17.61621	12	0	29	0	0	0	0	0.005	13.7	11	1024	18	2	52	0.3	106	-7000	198	3000	240	0	0	1	0	0	0	0	0	0	0	97	4	0	0	282	-4	0	-10	5	
2026-05-23 05:00:00	58.06938	17.62281	12	0	0	0	0	0	0	0.005	13.7	11	1024	18	2	48	0.3	105	-7400	198	3000	240	0	0	1	0	0	0	0	0	0	0	89	4	9	0	282	-4	0	-10	5	
2026-05-23 05:20:00	58.06797	17.62851	12	0	1	0	0	0	0	0.005	13.7	11	1024	18	2	58	0.3	115	-7700	199	3000	240	0	0	1	0	0	0	0	0	0	0	100	0	0	0	282	-4	0	-10	5	
2026-05-23 05:40:00	58.07106	17.62947	11	0	2	0	0	1	0	0.005	13.7	11	1024	18	1	28	0.3	9	-7700	199	3000	240	0	0	1	1	0	0	0	0	0	0	5	1	95	0	282	4	2	10	5	
2026-05-23 06:20:00	58.0764	17.62683	12	0	4	0	0	0	0	0.005	13.6	11	1024	18	3	118	0.2	340	-7400	198	3000	240	0	0	1	1	1	1	0	0	0	0	0	0	100	0	282	4	0	10	5	
2026-05-23 06:40:00	58.0782	17.62425	11	0	5	0	0	0	0	0.005	13.6	12	1024	18	1	31	0.2	323	-7200	198	3000	240	0	0	1	1	1	1	1	0	0	0	0	0	100	0	282	4	0	10	5	
2026-05-23 07:20:00	58.08201	17.62011	12	0	7	0	0	0	0	0.005	13.6	12	1024	18	3	97	0.2	331	-6900	198	3000	240	0	0	1	1	1	1	1	0	0	0	0	5	96	0	282	4	0	10	5	
2026-05-23 07:40:00	58.08474	17.61543	12	0	8	0	0	0	0	0.005	13.6	12	1024	18	2	56	0.3	318	-6600	197	3000	240	0	0	1	1	1	1	1	0	0	0	0	2	99	0	282	4	0	10	5	
2026-05-23 08:00:00	58.08618	17.61306	13	0	9	0	0	0	0	0.005	13.6	12	1024	18	1	30	0.2	319	-6400	197	3000	240	0	0	1	1	1	1	1	0	0	0	0	2	99	0	282	4	0	10	5	
2026-05-23 08:20:00	58.0875	17.61036	14	0	10	0	0	0	0	0.005	13.6	12	1024	18	2	52	0.2	313	-6200	197	3000	240	0	0	1	1	1	1	1	0	0	0	0	3	98	0	282	4	0	10	5	
2026-05-23 08:40:00	58.08849	17.60766	40	0	11	0	0	0	0	0.005	13.5	13	1024	18	1	35	0.2	305	-6100	197	3000	240	0	0	1	1	1	1	1	0	0	0	0	1	100	0	282	4	0	10	5	
2026-05-23 09:00:00	58.08993	17.60493	12	0	12	0	0	0	0	0.005	13.5	13	1024	18	1	56	0.2	315	-5900	197	3000	240	0	0	1	1	1	1	1	0	0	0	0	7	94	0	282	4	0	10	5	
2026-05-23 09:20:00	58.09104	17.60172	12	0	13	0	0	0	0	0.005	13.5	13	1024	18	1	29	0.2	303	-5700	197	3000	240	0	0	1	1	1	1	1	0	0	0	0	1	100	0	282	4	0	10	5	
2026-05-23 09:40:00	58.09293	17.59725	12	0	14	0	0	0	0	0.005	13.5	13	1024	18	1	30	0.3	309	-5400	196	3000	240	0	0	1	1	1	1	1	0	0	0	0	2	99	0	282	4	0	10	5	
2026-05-23 10:00:00	58.09461	17.59392	14	0	15	0	0	0	0	0.005	13.5	13	1024	18	1	29	0.2	314	-5100	196	3000	240	0	0	1	1	1	1	1	0	0	0	0	2	99	0	281	4	0	10	5	
2026-05-23 10:20:00	58.09638	17.58969	12	0	16	0	0	0	0	0.005	13.5	13	1023	18	1	33	0.3	308	-4800	196	3000	240	0	0	1	1	1	1	1	0	0	0	0	3	98	0	280	4	0	10	5	
2026-05-23 10:40:00	58.09788	17.58525	41	0	17	0	0	0	0	0.005	13.5	13	1023	18	1	29	0.3	303	-4600	196	3000	240	0	0	1	1	1	1	1	0	0	0	0	3	98	0	278	4	0	10	5	
2026-05-23 11:20:00	58.10121	17.57415	12	0	19	0	0	0	0	0.005	13.5	13	1023	18	3	81	0.3	290	-3900	195	3000	240	0	0	1	1	1	1	1	0	0	0	0	3	98	0	274	4	0	10	5	
2026-05-23 11:40:00	58.10241	17.56872	11	0	20	0	0	0	0	0.005	13.5	13	1023	18	2	51	0.3	292	-3600	195	3000	240	0	0	1	1	1	1	1	0	0	0	0	0	100	0	272	4	0	10	5	
2026-05-23 12:00:00	58.10388	17.56389	11	0	21	0	0	0	0	0.005	13.5	13	1023	18	1	30	0.3	300	-3300	194	3000	240	0	0	1	1	1	1	1	0	1	0	0	6	95	0	270	4	0	10	5	
2026-05-23 12:20:00	58.10535	17.55801	12	0	22	0	0	0	0	0.005	13.4	13	1022	18	1	31	0.3	295	-2900	194	3000	240	0	0	1	1	1	1	1	0	1	0	0	5	96	0	262	4	0	10	5	
2026-05-23 12:40:00	58.10622	17.55273	12	0	23	0	0	0	0	0.005	13.4	13	1022	18	1	33	0.3	287	-2600	194	3000	240	0	0	1	1	1	1	1	0	1	0	0	7	94	0	248	4	0	10	5	
2026-05-23 13:00:00	58.10637	17.54688	12	0	24	0	0	0	0	0.005	13.4	13	1022	18	1	27	0.3	273	-2300	194	3000	240	0	0	1	1	1	1	1	0	1	0	0	1	100	0	238	4	0	10	5	
2026-05-23 13:20:00	58.10619	17.54085	12	0	25	0	0	0	0	0.005	13.4	13	1022	18	1	33	0.3	267	-1900	193	3000	240	0	0	1	1	1	1	1	0	1	0	0	3	98	0	229	4	0	10	5	
2026-05-23 13:40:00	58.10718	17.53458	65	0	26	0	0	0	0	0.005	13.4	13	1022	18	1	29	0.3	287	-1600	193	3000	240	0	0	1	1	1	1	1	0	1	0	7	4	90	0	220	4	0	10	5	
2026-05-23 14:00:00	58.10892	17.52903	12	0	27	0	0	0	0	0.005	13.4	13	1021	18	1	81	0.3	300	-1300	193	3000	240	0	0	0	1	1	1	1	0	1	0	10	2	89	0	213	4	0	10	5	
2026-05-23 14:20:00	58.10958	17.52273	12	0	28	0	0	0	0	0.005	13.4	13	1021	18	1	29	0.3	282	-1100	192	3000	240	0	0	0	1	1	1	1	0	1	0	0	1	100	0	205	4	0	10	5	
2026-05-23 14:40:00	58.11189	17.51868	12	0	29	0	0	0	0	0.005	13.4	13	1021	18	1	28	0.3	317	-1100	192	3000	240	0	0	0	1	1	1	1	0	1	0	6	5	91	0	200	4	0	10	5	
2026-05-23 15:00:00	58.11336	17.51457	11	0	0	0	0	0	0	0.005	13.4	13	1021	18	1	28	0.2	304	-1100	192	3000	240	0	0	0	1	1	1	1	0	1	0	0	3	98	0	194	4	0	10	5	
2026-05-23 15:20:00	58.11468	17.5128	12	0	1	0	0	0	0	0.005	13.4	13	1020	18	2	53	0.2	325	-1200	192	3000	240	0	0	0	1	1	1	1	0	1	0	0	4	97	0	192	4	0	10	5	
2026-05-23 15:40:00	58.11597	17.50923	14	0	2	0	0	0	0	0.005	13.4	12	1020	18	1	30	0.2	304	1400	192	3000	240	0	0	0	1	1	1	1	0	1	0	0	4	97	0	187	4	0	10	5	
2026-05-23 16:00:00	58.11786	17.50611	40	0	3	0	0	0	0	0.005	13.8	12	1020	18	1	31	0.2	319	1600	191	3000	240	0	0	0	1	1	1	1	0	1	0	0	6	95	0	183	4	0	10	5	
2026-05-23 16:20:00	58.11885	17.50422	12	0	4	0	0	0	0	0.005	13.8	12	1020	18	1	57	0.1	315	1700	191	3000	240	0	0	0	1	1	1	1	0	1	0	0	2	99	0	181	4	0	10	5	
2026-05-23 16:40:00	58.12086	17.5008	12	0	5	0	0	0	0	0.005	13.8	12	1020	18	1	32	0.2	318	2000	191	3000	240	0	0	0	1	1	1	1	0	1	0	0	4	97	0	176	4	0	10	5	
2026-05-23 17:00:00	58.11504	17.50908	12	0	6	0	0	1	0	0.005	13.7	12	1019	18	1	30	0.7	143	1300	192	3000	230	0	0	0	0	1	1	1	0	1	0	98	0	3	0	188	-4	2	-10	5	
2026-05-23 17:20:00	58.10913	17.51688	12	0	7	0	0	0	0	0.005	13.7	12	1019	18	1	32	0.7	145	-800	192	3000	230	0	0	0	0	0	1	1	0	1	0	100	0	0	0	199	-4	0	-10	5	
2026-05-23 17:40:00	58.10388	17.52456	12	0	8	0	0	0	0	0.005	13.7	12	1020	18	1	27	0.6	142	-1000	193	3000	230	0	0	0	0	0	0	1	0	1	0	100	1	0	0	210	-4	0	-10	5	
2026-05-23 18:00:00	58.09749	17.53257	12	0	9	0	0	0	0	0.005	13.7	12	1019	18	2	47	0.7	146	-1500	193	3000	230	0	0	0	0	0	0	0	0	1	0	100	0	0	0	223	-4	0	-10	5	
2026-05-23 18:20:00	58.09218	17.54103	13	0	10	0	0	0	0	0.005	13.6	12	1019	18	2	48	0.6	140	-2100	194	3000	230	0	0	1	0	0	0	0	0	1	0	100	0	0	0	237	-4	0	-10	5	
2026-05-23 18:40:00	58.08768	17.55093	13	0	11	0	0	0	0	0.005	13.6	12	1019	18	2	54	0.6	131	-2800	194	3000	230	0	0	1	0	0	0	0	0	1	0	100	0	0	0	262	-4	0	-10	5	
2026-05-23 19:00:00	58.08348	17.56056	41	0	12	0	0	0	0	0.005	13.6	12	1019	18	1	31	0.6	130	-3500	195	3000	230	0	0	1	0	0	0	0	0	0	0	100	0	0	0	282	-4	0	-10	5	
2026-05-23 19:20:00	58.07961	17.56926	12	0	13	0	0	0	0	0.005	13.6	12	1019	18	1	58	0.6	130	-4100	195	3000	230	0	0	1	0	0	0	0	0	0	0	100	1	0	0	282	-4	0	-10	5	
2026-05-23 19:40:00	58.07655	17.57685	12	0	14	0	0	0	0	0.005	13.6	12	1019	18	2	49	0.5	127	-4600	196	3000	230	0	0	1	0	0	0	0	0	0	0	98	3	0	0	282	-4	0	-10	5	
2026-05-23 20:00:00	58.07289	17.58489	12	0	15	0	0	0	0	0.005	13.6	12	1019	18	1	29	0.5	131	-5100	196	3000	230	0	0	1	0	0	0	0	0	0	0	100	0	0	0	282	-4	0	-10	5	
2026-05-23 20:20:00	58.0686	17.59224	13	0	16	0	0	0	0	0.005	13.6	11	1019	18	1	33	0.5	138	-5600	197	3000	230	0	0	1	0	0	0	0	0	0	0	100	0	0	0	282	-4	0	-10	5	
2026-05-23 20:40:00	58.06497	17.59887	12	0	17	0	0	0	0	0.005	13.6	11	1019	18	1	32	0.5	136	-6100	197	3000	230	0	0	1	0	0	0	0	0	0	0	100	0	0	0	282	-4	0	-10	5	
2026-05-23 21:00:00	58.06098	17.60403	41	0	18	0	0	0	0	0.005	13.5	11	1019	18	1	46	0.4	145	-6500	198	3000	230	0	0	1	0	0	0	0	0	0	0	100	1	0	0	282	-4	0	-10	5	
2026-05-23 21:20:00	58.0557	17.60616	12	0	19	0	0	0	0	0.005	13.5	11	1019	18	2	77	0.5	168	-6700	198	3000	230	0	0	1	0	0	0	0	0	0	0	100	0	0	0	282	-4	0	-10	5	
2026-05-23 21:40:00	58.05117	17.60949	12	0	20	0	0	0	0	0.005	13.5	11	1019	18	1	27	0.5	159	-7000	198	3000	230	0	0	1	0	0	0	0	0	0	0	100	1	0	0	282	-4	0	-10	5	
2026-05-23 22:00:00	58.04646	17.61195	11	0	21	0	0	0	0	0.005	13.5	11	1019	18	1	32	0.5	165	-7300	198	3000	230	0	0	1	0	0	0	0	0	0	0	99	2	0	0	282	-4	0	-10	5	
2026-05-23 22:20:00	58.04121	17.61273	12	0	22	0	0	0	0	0.005	13.5	11	1019	18	2	56	0.5	175	-7400	199	3000	230	0	0	1	0	0	0	0	0	0	0	100	0	0	0	282	-4	0	-10	5	
2026-05-23 22:40:00	58.03737	17.61357	12	0	23	0	0	0	0	0.005	13.5	11	1019	18	1	30	0.4	173	-7600	199	3000	230	0	0	1	0	0	0	0	0	0	0	100	0	0	0	282	-4	0	-10	5	
2026-05-23 23:00:00	58.03209	17.6151	41	0	24	0	0	0	0	0.005	13.5	11	1019	18	1	29	0.5	171	-7800	199	3000	230	0	0	1	0	0	0	0	0	0	0	98	3	0	0	282	-4	0	-10	5	
2026-05-23 23:20:00	58.02732	17.61525	12	0	25	0	0	0	0	0.005	13.5	11	1019	18	2	90	0.5	179	-7900	199	3000	230	0	0	1	0	0	0	0	0	0	0	100	0	0	0	282	-4	0	-10	5	
2026-05-23 23:40:00	58.02324	17.61501	12	0	26	0	0	0	0	0.005	13.5	11	1019	18	3	92	0.4	182	-8000	199	3000	230	0	0	1	0	0	0	0	0	0	0	95	6	0	0	282	-4	0	-10	5	
2026-05-24 00:20:00	58.0137	17.61258	13	0	28	0	0	0	0	0.005	13.4	11	1019	18	3	91	0.4	184	-8000	200	3000	230	0	0	1	0	0	0	0	0	0	0	99	2	0	0	282	-4	0	-10	5	
2026-05-24 00:40:00	58.00872	17.61069	12	0	29	0	0	0	0	0.005	13.4	11	1019	18	1	35	0.5	191	-8100	200	3000	230	0	0	1	0	0	0	0	0	0	0	100	1	0	0	282	-4	0	-10	5	
2026-05-24 01:00:00	58.00263	17.60763	41	0	0	0	0	0	0	0.005	13.4	11	1020	18	1	29	0.6	195	-8000	200	3000	230	0	0	1	0	0	0	0	0	0	0	100	0	0	0	282	-4	0	-10	5	
2026-05-24 01:20:00	57.99714	17.60538	12	0	1	0	0	0	0	0.005	13.4	10	1020	18	1	58	0.5	192	-8000	200	3000	230	0	0	1	0	0	0	0	0	0	0	97	4	0	0	282	-4	0	-10	5	
2026-05-24 01:40:00	57.99276	17.6037	13	0	2	0	0	0	0	0.005	13.4	10	1019	18	1	30	0.4	192	-8000	200	3000	230	0	0	1	0	0	0	0	0	0	0	100	1	0	0	282	-4	0	-10	5	
2026-05-24 03:20:00	57.96675	17.59002	12	0	7	0	0	0	0	0.005	13.8	11	1020	18	3	105	0.5	191	-7800	200	3000	230	0	0	1	0	0	0	0	0	0	0	88	6	7	0	282	-4	0	-10	5	
2026-05-24 03:40:00	57.96156	17.58714	12	0	8	0	0	0	0	0.005	13.8	11	1020	18	1	29	0.5	196	-7800	200	3000	230	0	0	1	0	0	0	0	0	0	0	100	0	0	0	282	-4	0	-10	5	
2026-05-24 04:00:00	57.95676	17.58423	12	0	9	0	0	0	0	0.005	13.8	11	1020	18	1	28	0.5	198	-7700	200	3000	230	0	0	1	0	0	0	0	0	0	0	100	0	0	0	282	-4	0	-10	5	
2026-05-24 04:20:00	57.95214	17.5809	12	0	10	0	0	0	0	0.005	13.8	11	1020	18	3	64	0.5	201	-7600	200	3000	230	0	0	1	0	0	0	0	0	0	0	100	1	0	0	282	-4	0	-10	5	
2026-05-24 04:40:00	57.94848	17.57802	13	0	11	0	0	0	0	0.005	13.7	11	1021	18	1	31	0.4	203	-7500	200	3000	230	0	0	1	0	0	0	0	0	0	0	100	0	0	0	282	-4	0	-10	5	
2026-05-24 05:00:00	57.94473	17.57622	12	0	12	0	0	0	0	0.005	13.7	11	1021	18	1	32	0.4	194	-7500	200	3000	230	0	0	1	0	0	0	0	0	0	0	91	2	8	0	282	-4	0	-10	5	
2026-05-24 05:20:00	57.94119	17.57367	12	0	13	0	0	0	0	0.005	13.7	11	1021	18	1	30	0.3	201	-7500	200	3000	230	0	0	1	0	0	0	0	0	0	0	99	2	0	0	282	-4	0	-10	5	
2026-05-24 05:40:00	57.9381	17.56953	12	0	14	0	0	0	0	0.005	13.7	11	1021	18	1	31	0.4	216	-7300	200	3000	230	0	0	0	0	0	0	0	0	0	0	100	0	0	0	282	-4	0	-10	5	
2026-05-24 06:00:00	57.9345	17.5647	40	0	15	0	0	0	0	0.005	13.7	11	1021	18	1	33	0.4	215	-7100	200	3000	230	0	0	0	0	0	0	0	0	0	0	100	0	0	0	282	-4	0	-10	5	
2026-05-24 06:20:00	57.93141	17.56047	12	0	16	0	0	0	0	0.005	13.6	11	1021	18	1	55	0.4	216	-6900	200	3000	230	0	0	0	0	0	0	0	0	0	0	100	0	0	0	282	-4	0	-10	5	
2026-05-24 06:40:00	57.92841	17.55642	12	0	17	0	0	0	0	0.005	13.6	12	1021	18	1	26	0.3	216	-6800	200	3000	230	0	0	0	0	0	0	0	0	0	0	100	0	0	0	282	-4	0	-10	5	
2026-05-24 07:00:00	57.92496	17.55249	12	0	18	0	0	0	0	0.005	13.6	12	1021	18	1	32	0.4	211	-6600	200	3000	230	0	0	1	0	0	0	0	0	0	0	100	0	0	0	282	-4	0	-10	5	
2026-05-24 07:20:00	57.92103	17.54886	12	0	19	0	0	0	0	0.005	13.6	12	1021	18	2	55	0.4	206	-6500	199	3000	230	0	0	1	0	0	0	0	0	0	0	100	1	0	0	282	-4	0	-10	5	
2026-05-24 07:40:00	57.91803	17.54523	13	0	20	0	0	0	0	0.005	13.6	12	1022	18	1	32	0.3	213	-6300	199	3000	230	0	0	0	0	0	0	0	0	0	0	100	1	0	0	282	-4	0	-10	5	
2026-05-24 08:00:00	57.9162	17.544	12	0	21	0	0	0	0	0.005	13.6	12	1022	18	1	41	0.2	200	-6300	199	3000	230	0	0	1	0	0	0	0	0	0	0	97	4	0	0	282	-4	0	-10	5	
2026-05-24 08:20:00	57.91452	17.54247	12	0	22	0	0	0	0	0.005	13.6	12	1022	18	1	31	0.2	206	-6300	199	3000	230	0	0	1	0	0	0	0	0	0	0	95	6	0	0	282	-4	0	-10	5	
2026-05-24 08:40:00	57.91284	17.5407	40	0	23	0	0	0	0	0.005	13.6	12	1022	18	1	29	0.2	209	-6200	199	3000	230	0	0	1	0	0	0	0	0	0	0	97	4	0	0	282	-4	0	-10	5	
2026-05-24 09:00:00	57.91209	17.54001	11	0	24	0	0	0	0	0.005	13.6	13	1022	18	1	54	0.1	205	-6200	199	3000	230	0	0	1	0	0	0	0	0	0	0	93	8	0	0	282	-4	0	-10	5	
2026-05-24 09:20:00	57.9111	17.54016	12	0	25	0	0	0	0	0.005	13.6	13	1022	18	1	29	0.1	176	-6200	199	3000	230	0	0	1	0	0	0	0	0	0	0	83	17	1	0	282	-4	0	-10	5	
2026-05-24 09:40:00	57.90942	17.5395	11	0	26	0	0	0	0	0.005	13.5	13	1022	18	1	30	0.2	192	-6200	199	3000	230	0	0	1	0	0	0	0	0	0	0	99	2	0	0	282	-4	0	-10	5	
2026-05-24 10:00:00	57.90597	17.53851	11	0	27	0	0	0	0	0.005	13.5	13	1022	18	1	28	0.3	189	-6200	199	3000	230	0	0	1	0	0	0	0	0	0	0	99	2	0	0	282	-4	0	-10	5	
2026-05-24 10:20:00	57.90306	17.53734	12	0	28	0	0	0	0	0.005	13.5	13	1022	18	2	46	0.3	192	-6200	199	3000	230	0	0	1	0	0	0	0	0	0	0	100	1	0	0	282	-4	0	-10	5	
2026-05-24 10:40:00	57.9006	17.53626	12	0	29	0	0	0	0	0.005	13.5	13	1022	18	1	29	0.2	193	-6200	200	3000	230	0	0	1	0	0	0	0	0	0	0	100	0	0	0	282	-4	0	-10	5	
2026-05-24 11:00:00	57.89811	17.5338	12	0	0	0	0	0	0	0.005	13.5	13	1022	18	2	57	0.3	208	-6100	199	3000	230	0	0	1	0	0	0	0	0	0	0	100	0	0	0	282	-4	0	-10	5	
2026-05-24 11:20:00	57.89607	17.53272	12	0	1	0	0	0	0	0.005	13.5	13	1023	18	1	33	0.2	195	-6100	199	3000	230	0	0	1	0	0	0	0	0	0	0	100	0	0	0	282	-4	0	-10	5	
2026-05-24 11:40:00	57.89382	17.53254	14	0	2	0	0	0	0	0.005	13.5	13	1022	18	1	31	0.2	183	-6200	200	3000	230	0	0	1	0	0	0	0	0	0	0	99	2	0	0	282	-4	0	-10	5	
2026-05-24 12:00:00	57.89193	17.53194	40	0	3	0	0	0	0	0.005	13.5	13	1023	18	1	41	0.2	189	-6200	200	3000	230	0	0	1	0	0	0	0	0	0	0	100	0	0	0	282	-4	0	-10	5	
2026-05-24 12:20:00	57.89037	17.53203	12	0	4	0	0	0	0	0.005	13.5	13	1023	18	1	55	0.2	178	-6200	200	3000	230	0	0	1	0	0	0	0	0	0	0	100	1	0	0	282	-4	0	-10	5	
2026-05-24 12:40:00	57.88932	17.53317	11	0	5	0	0	0	0	0.005	13.5	14	1023	18	1	29	0.1	150	-6300	200	3000	230	0	0	1	0	0	0	0	0	0	0	100	1	0	0	282	-4	0	-10	5	
2026-05-24 13:00:00	57.88869	17.53503	12	0	6	0	0	0	0	0.005	13.5	15	1023	18	1	30	0.1	123	-6400	200	3000	230	0	0	1	0	0	0	0	0	0	0	100	0	0	0	282	-4	0	-10	5	
2026-05-24 13:20:00	57.88716	17.53581	12	0	7	0	0	0	0	0.005	13.5	16	1022	18	1	29	0.1	164	-6500	200	3000	230	0	0	1	0	0	0	0	0	0	0	100	0	0	0	282	-4	0	-10	5	
2026-05-24 13:40:00	57.88554	17.53668	12	0	8	0	0	0	0	0.005	13.5	16	1022	17	1	28	0.2	164	-6600	200	3000	230	0	0	1	0	0	0	0	0	0	0	100	0	0	0	282	-4	0	-10	5	
2026-05-24 14:00:00	57.8841	17.53722	15	0	9	0	0	0	0	0.005	13.4	15	1023	18	1	34	0.1	169	-6600	200	3000	230	0	0	1	0	0	0	0	0	0	0	100	0	0	0	282	-4	0	-10	5	
2026-05-24 14:20:00	57.88461	17.53956	12	0	10	0	0	0	0	0.005	13.4	16	1023	18	1	31	0.1	67	-6800	201	3000	230	0	0	1	0	0	0	0	0	0	0	95	6	0	0	282	-4	0	-10	5	
2026-05-24 14:40:00	57.88389	17.5389	11	0	11	0	0	0	0	0.005	13.4	16	1023	18	1	32	0.1	206	-6700	201	3000	230	0	0	1	0	0	0	0	0	0	0	100	0	0	0	282	-4	0	-10	5	
2026-05-24 15:00:00	57.88308	17.53653	41	0	12	0	0	0	0	0.005	13.4	16	1022	18	1	40	0.1	237	-6600	200	3000	230	0	0	0	0	0	0	0	0	0	0	100	0	0	0	282	-4	0	-10	5	
2026-05-24 15:40:00	57.88032	17.53032	12	0	14	0	0	0	0	0.005	13.4	15	1022	18	3	84	0.2	237	-6300	200	3000	230	0	0	0	0	0	0	0	0	0	0	100	0	0	0	282	-4	0	-10	5	
2026-05-24 16:00:00	57.87918	17.52894	12	0	15	0	0	0	0	0.005	13.4	15	1023	18	3	71	0.1	213	-6300	200	3000	230	0	0	0	0	0	0	0	0	0	0	100	0	0	0	282	-4	0	-10	5	
2026-05-24 16:20:00	57.87873	17.52861	12	0	16	0	0	0	0	0.005	13.4	14	1023	18	1	29	0	200	-6300	200	3000	230	0	0	1	0	0	0	0	0	0	0	100	0	0	0	282	-4	0	-10	5	
2026-05-24 16:40:00	57.87777	17.53179	12	0	17	0	0	0	0	0.005	13.4	14	1023	18	1	40	0.2	119	-6500	200	3000	230	0	0	1	0	0	0	0	0	0	0	79	4	18	0	282	-4	0	-10	5	
2026-05-24 17:00:00	57.87801	17.53287	13	0	18	0	0	0	0	0.005	13.8	14	1023	18	2	50	0.1	68	-6500	200	3000	230	0	0	1	0	0	0	0	0	0	0	94	7	0	0	282	-4	0	-10	5	
2026-05-24 17:20:00	57.87786	17.5338	12	0	19	0	0	0	0	0.005	13.8	14	1022	18	2	47	0	107	-6600	200	3000	230	0	0	1	0	0	0	0	0	0	0	88	13	0	0	282	-4	0	-10	5	
2026-05-24 17:40:00	57.87666	17.53164	41	0	20	0	0	0	0	0.005	13.7	14	1022	18	1	28	0.2	224	-6500	200	3000	230	0	0	0	0	0	0	0	0	0	0	98	3	0	0	282	-4	0	-10	5	
2026-05-24 18:40:00	57.87381	17.52834	12	0	23	0	0	0	0	0.005	13.6	13	1023	18	3	88	0.1	190	-6400	200	3000	230	0	0	1	0	0	0	0	0	0	0	100	1	0	0	282	-4	0	-10	5	
2026-05-24 19:00:00	57.87246	17.5272	12	0	24	0	0	0	0	0.005	13.6	13	1023	18	1	33	0.1	204	-6300	200	3000	230	0	0	1	0	0	0	0	0	0	0	100	1	0	0	282	-4	0	-10	5	
2026-05-24 19:20:00	57.87036	17.52297	12	0	25	0	0	0	0	0.005	13.6	13	1023	18	1	31	0.3	227	-6100	200	3000	230	0	0	0	0	0	0	0	0	0	0	100	0	0	0	282	-4	0	-10	5	
2026-05-24 19:40:00	57.86805	17.52105	12	0	26	0	0	0	0	0.005	13.6	12	1023	18	2	55	0.2	204	-6100	200	3000	230	0	0	1	0	0	0	0	0	0	0	97	4	0	0	282	-4	0	-10	5	
2026-05-24 20:00:00	57.86754	17.52342	40	0	27	0	0	0	0	0.005	13.6	12	1023	18	1	30	0.1	112	-6200	200	3000	230	0	0	1	0	0	0	0	0	0	0	74	14	14	0	282	-4	0	-10	5	
2026-05-24 20:20:00	57.86625	17.52456	12	0	28	0	0	0	0	0.005	13.6	12	1023	18	1	68	0.1	155	-6300	200	3000	230	0	0	1	0	0	0	0	0	0	0	86	4	11	0	282	-4	0	-10	5	
2026-05-24 20:40:00	57.86412	17.52519	12	0	29	0	0	0	0	0.005	13.6	12	1023	18	1	33	0.2	171	-6400	201	3000	230	0	0	1	0	0	0	0	0	0	0	98	3	0	0	282	-4	0	-10	5	
2026-05-24 21:00:00	57.86202	17.52567	12	0	0	0	0	0	0	0.005	13.6	12	1023	18	1	28	0.2	173	-6500	201	3000	230	0	0	1	0	0	0	0	0	0	0	92	2	8	0	282	-4	0	-10	5	
2026-05-24 21:20:00	57.85992	17.52654	12	0	1	0	0	0	0	0.005	13.5	12	1023	18	1	31	0.2	168	-6600	201	3000	230	0	0	1	0	0	0	0	0	0	0	99	2	0	0	282	-4	0	-10	5	
2026-05-24 21:40:00	57.85797	17.52741	12	0	2	0	0	0	0	0.005	13.5	12	1023	18	2	44	0.2	166	-6700	201	3000	230	0	0	1	0	0	0	0	0	0	0	100	1	0	0	282	-4	0	-10	5	
2026-05-24 22:40:00	57.84894	17.52957	12	0	5	0	0	0	0	0.005	13.5	12	1023	18	3	110	0.2	146	-7000	202	3000	230	0	0	1	0	0	0	0	0	0	0	96	3	2	0	282	-4	0	-10	5	
2026-05-24 23:00:00	57.84588	17.53281	12	0	6	0	0	0	0	0.005	13.5	12	1023	18	1	32	0.3	151	-7300	202	3000	230	0	0	1	0	0	0	0	0	0	0	100	1	0	0	282	-4	0	-10	5	
2026-05-24 23:20:00	57.843	17.53479	12	0	7	0	0	0	0	0.005	13.5	12	1023	18	2	67	0.3	160	-7400	202	3000	230	0	0	1	0	0	0	0	0	0	0	99	2	0	0	282	-4	0	-10	5	
2026-05-24 23:40:00	57.83874	17.53425	12	0	8	0	0	0	0	0.005	13.5	12	1023	18	1	27	0.4	184	-7500	203	3000	230	0	0	1	0	0	0	0	0	0	0	100	1	0	0	282	-4	0	-10	5	
2026-05-25 00:00:00	57.83466	17.53311	12	0	9	0	0	0	0	0.005	13.5	12	1023	18	1	29	0.4	188	-7500	203	3000	230	0	0	1	0	0	0	0	0	0	0	100	0	0	0	282	-4	0	-10	5	
2026-05-25 00:20:00	57.83001	17.53182	12	0	10	0	0	0	0	0.005	13.4	12	1023	18	1	33	0.4	188	-7600	203	3000	230	0	0	1	0	0	0	0	0	0	0	100	1	0	0	282	-4	0	-10	5	
2026-05-25 00:40:00	57.82605	17.5353	15	0	11	0	0	0	0	0.005	13.4	12	1023	18	1	28	0.4	155	-7900	204	3000	230	0	0	1	0	0	0	0	0	0	0	89	5	8	0	282	-4	0	-10	5	
2026-05-25 01:00:00	57.82263	17.53854	40	0	12	0	0	0	0	0.005	13.4	12	1023	18	1	32	0.3	153	-8100	204	3000	230	0	0	1	0	0	0	0	0	0	0	91	3	7	0	282	-4	0	-10	5	
2026-05-25 01:20:00	57.81852	17.53887	11	0	13	0	0	0	0	0.005	13.4	12	1023	18	1	57	0.4	178	-8200	204	3000	230	0	0	1	0	0	0	0	0	0	0	99	2	0	0	282	-4	0	-10	5	
2026-05-25 01:40:00	57.81402	17.53836	12	0	14	0	0	0	0	0.005	13.4	12	1023	18	1	28	0.4	183	-8300	205	3000	230	0	0	1	0	0	0	0	0	0	0	100	1	0	0	282	-4	0	-10	5	
2026-05-25 02:00:00	57.81075	17.54034	12	0	15	0	0	0	0	0.005	13.4	11	1023	18	2	55	0.3	162	-8500	205	3000	230	0	0	1	0	0	0	0	0	0	0	99	2	0	0	282	-4	0	-10	5	
2026-05-25 02:20:00	57.80727	17.54214	12	0	16	0	0	0	0	0.005	13.4	11	1023	18	1	34	0.3	164	-8700	205	3000	230	0	0	1	0	0	0	0	0	0	0	99	2	0	0	282	-4	0	-10	5	
2026-05-25 02:40:00	57.80292	17.54331	12	0	17	0	0	0	0	0.005	13.4	11	1023	18	1	35	0.4	172	-8800	206	3000	230	0	0	1	0	0	0	0	0	0	0	100	1	0	0	282	-4	0	-10	5	
2026-05-25 03:00:00	57.79968	17.54658	13	0	18	0	0	0	0	0.005	13.4	11	1023	18	2	51	0.3	152	-9100	206	3000	230	0	0	1	0	0	0	0	0	0	0	82	13	7	0	282	-4	0	-10	5	
2026-05-25 03:20:00	57.79533	17.54841	12	0	19	0	0	0	0	0.005	13.4	11	1023	18	3	105	0.4	167	-9300	207	3000	230	0	0	1	0	0	0	0	0	0	0	92	9	0	0	282	-4	0	-10	5	
2026-05-25 03:40:00	57.79134	17.54904	13	0	20	0	0	0	0	0.005	13.8	11	1023	18	1	29	0.4	175	-9400	207	3000	230	0	0	1	0	0	0	0	0	0	0	100	0	0	0	282	-4	0	-10	5	
2026-05-25 04:00:00	57.78666	17.54943	40	0	21	0	0	0	0	0.005	13.8	11	1023	18	1	36	0.4	177	-9600	208	3000	230	0	0	1	0	0	0	0	0	0	0	100	1	0	0	282	-4	0	-10	5	
2026-05-25 04:20:00	57.7821	17.54862	12	0	22	0	0	0	0	0.005	13.8	11	1023	18	1	57	0.4	185	-9600	208	3000	230	0	0	1	0	0	0	0	0	0	0	100	0	0	0	282	-4	0	-10	5	
2026-05-25 04:40:00	57.7773	17.54715	13	0	23	0	0	0	0	0.005	13.7	11	1023	18	1	32	0.4	189	-9600	208	3000	230	0	0	1	0	0	0	0	0	0	0	99	2	0	0	282	-4	0	-10	5	
2026-05-25 05:00:00	57.77352	17.5461	13	0	24	0	0	0	0	0.005	13.7	11	1023	18	1	29	0.4	188	-9700	209	3000	230	0	0	1	0	0	0	0	0	0	0	91	4	7	0	282	-4	0	-10	5	
2026-05-25 05:20:00	57.76962	17.54415	12	0	25	0	0	0	0	0.005	13.7	11	1024	18	1	32	0.4	195	-9600	209	3000	230	0	0	1	0	0	0	0	0	0	0	100	1	0	0	282	-4	0	-10	5	
2026-05-25 05:40:00	57.76512	17.54169	41	0	26	0	0	0	0	0.005	13.7	11	1024	18	1	27	0.4	196	-9600	209	3000	230	0	0	1	0	0	0	0	0	0	0	100	1	0	0	282	-4	0	-10	5	
2026-05-25 06:00:00	57.76038	17.53869	11	0	27	0	0	0	0	0.005	13.7	11	1024	18	1	59	0.5	199	-9500	209	3000	230	0	0	1	0	0	0	0	0	0	0	100	0	0	0	282	-4	0	-10	5	
2026-05-25 06:20:00	57.75567	17.53404	12	0	28	0	0	0	0	0.005	13.6	11	1024	18	2	51	0.5	208	-9400	209	3000	230	0	0	1	0	0	0	0	0	0	0	100	0	0	0	282	-4	0	-10	5	
2026-05-25 06:40:00	57.75165	17.53173	11	0	29	0	0	0	0	0.005	13.6	12	1024	18	1	40	0.4	197	-9300	209	3000	230	0	0	1	0	0	0	0	0	0	0	94	6	1	0	282	-4	0	-10	5	
2026-05-25 07:20:00	57.74319	17.52639	11	0	1	0	0	0	0	0.005	13.6	12	1024	18	3	87	0.4	204	-9200	210	3000	230	0	0	1	0	0	0	0	0	0	0	98	3	0	0	282	-4	0	-10	5	
2026-05-25 07:40:00	57.73992	17.52276	14	0	2	0	0	0	0	0.005	13.6	12	1024	18	1	30	0.4	211	-9100	210	3000	230	0	0	1	0	0	0	0	0	0	0	100	1	0	0	282	-4	0	-10	5	
2026-05-25 08:00:00	57.73791	17.52036	40	0	3	0	0	0	0	0.005	13.6	12	1025	18	1	35	0.2	213	-9000	210	3000	230	0	0	0	0	0	0	0	0	0	0	99	2	0	0	282	-4	0	-10	5	
2026-05-25 08:20:00	57.73641	17.51964	12	0	4	0	0	0	0	0.005	13.5	12	1025	18	1	59	0.1	194	-9000	210	3000	230	0	0	1	0	0	0	0	0	0	0	95	6	0	0	282	-4	0	-10	5	
2026-05-25 08:40:00	57.73509	17.51952	12	0	5	0	0	0	0	0.005	13.5	12	1025	18	1	31	0.1	183	-9000	210	3000	230	0	0	1	0	0	0	0	0	0	0	85	5	11	0	282	-4	0	-10	5	
2026-05-25 09:00:00	57.73362	17.51922	13	0	6	0	0	0	0	0.005	13.5	12	1025	18	1	28	0.1	187	-9000	210	3000	230	0	0	1	0	0	0	0	0	0	0	94	7	0	0	282	-4	0	-10	5	
2026-05-25 09:20:00	57.73323	17.52042	14	0	7	0	0	0	0	0.005	13.5	12	1025	18	1	29	0.1	122	-9100	210	3000	230	0	0	1	0	0	0	0	0	0	0	92	9	0	0	282	-4	0	-10	5	
2026-05-25 09:40:00	57.73221	17.52156	41	0	8	0	0	0	0	0.005	13.5	13	1024	18	1	29	0.1	149	-9200	210	3000	230	0	0	1	0	0	0	0	0	0	0	93	8	0	0	282	-4	0	-10	5	
2026-05-25 10:00:00	57.73179	17.52339	11	0	9	0	0	0	0	0.005	13.5	13	1024	18	1	56	0.1	113	-9300	211	3000	230	0	0	1	0	0	0	0	0	0	0	74	6	21	0	282	-4	0	-10	5	
2026-05-25 10:20:00	57.73119	17.52453	12	0	10	0	0	0	0	0.005	13.5	14	1025	18	1	28	0.1	134	-9400	211	3000	230	0	0	1	0	0	0	0	0	0	0	75	12	15	0	282	-4	0	-10	5	
2026-05-25 10:40:00	57.73122	17.52429	12	0	11	0	0	0	0	0.005	13.5	14	1024	18	1	31	0	271	-9400	211	3000	230	0	0	0	0	0	0	0	0	0	0	78	21	2	0	282	-4	0	-10	5	
2026-05-25 11:00:00	57.73053	17.52543	12	0	12	0	0	0	0	0.005	13.5	15	1024	18	1	26	0.1	138	-9400	211	3000	230	0	0	1	0	0	0	0	0	0	0	88	13	0	0	282	-4	0	-10	5	
2026-05-25 11:20:00	57.73038	17.52918	12	0	13	0	0	0	0	0.005	13.5	15	1024	18	1	30	0.2	94	-9700	211	3000	230	0	0	1	0	0	0	0	0	0	0	86	2	14	0	282	-4	0	-10	5	
2026-05-25 11:40:00	57.72921	17.53203	12	0	14	0	0	0	0	0.005	13.5	16	1023	17	1	43	0.2	128	-9900	212	3000	230	0	0	1	0	0	0	0	0	0	0	100	0	0	0	282	-4	0	-10	5	
2026-05-25 12:00:00	57.72807	17.53587	40	0	15	0	0	0	0	0.005	13.5	16	1023	17	1	29	0.2	119	-10100	212	3000	230	0	0	1	0	0	0	0	0	0	0	100	0	0	0	282	-4	0	-10	5	
2026-05-25 12:20:00	57.72744	17.53971	12	0	16	0	0	0	0	0.005	13.5	15	1023	17	1	56	0.2	107	-10300	213	3000	230	0	0	1	0	0	0	0	0	0	0	100	0	0	0	282	-4	0	-10	5	
2026-05-25 12:40:00	57.73014	17.532	12	0	17	0	0	1	0	0.005	13.4	15	1023	18	1	27	0.5	303	-9800	212	3000	210	1	0	2	1	0	0	0	0	0	0	6	0	95	0	282	4	2	10	5	
2026-05-25 13:00:00	57.73728	17.53197	11	0	18	0	0	2	0	0.005	13.4	15	1023	18	1	31	0.7	360	1100	213	3000	210	1	0	0	2	1	0	0	0	1	0	3	0	98	0	200	0	3	10	5	
2026-05-25 13:20:00	57.73626	17.53752	12	0	19	0	0	0	0	0.005	13.4	15	1022	17	1	31	0.3	109	900	214	3000	210	1	0	0	0	2	1	0	0	1	0	98	1	2	0	206	-4	2	-10	5	
2026-05-25 13:40:00	57.73272	17.53422	12	0	20	0	0	0	0	0.005	13.4	15	1022	18	1	32	0.4	206	500	214	3000	210	1	0	0	0	0	2	1	0	1	0	100	0	0	0	207	-4	0	-10	5	
2026-05-25 14:00:00	57.72951	17.52798	41	0	21	0	0	0	0	0.005	13.4	14	1023	18	1	32	0.4	226	500	213	3000	210	1	0	0	0	0	0	2	0	1	0	100	0	0	0	206	-4	0	-10	5	
2026-05-25 14:20:00	57.72735	17.52258	12	0	22	0	0	0	0	0.005	13.4	13	1022	18	1	58	0.3	233	600	213	3000	210	1	0	0	0	0	0	0	0	1	0	100	1	0	0	203	-4	0	-10	5	
2026-05-25 14:40:00	57.72651	17.51871	11	0	23	0	0	0	0	0.005	13.4	13	1022	18	1	27	0.2	248	700	213	3000	210	1	0	0	0	0	0	0	0	1	0	100	0	0	0	200	-4	0	-10	5	
2026-05-25 15:00:00	57.72654	17.51535	11	0	24	0	0	0	0	0.005	13.4	13	1021	18	3	68	0.2	271	900	212	3000	210	1	0	3	0	0	0	0	0	1	0	100	1	0	0	197	-4	0	-10	5	
2026-05-25 15:20:00	57.72606	17.51391	12	0	25	0	0	0	0	0.005	13.4	13	1021	18	1	30	0.1	236	900	212	3000	210	1	0	3	3	0	0	0	0	1	0	98	3	0	0	196	0	1	-10	5	
2026-05-25 15:40:00	57.72588	17.51202	13	0	26	0	0	0	0	0.005	13.4	14	1021	18	1	30	0.1	261	1000	212	3000	210	1	0	2	3	3	0	0	0	1	0	99	2	0	0	195	0	0	-10	5	
2026-05-25 16:00:00	57.72624	17.51244	12	0	27	0	0	0	0	0.005	13.4	14	1021	18	1	29	0	34	1000	212	3000	340	1	0	3	2	3	3	0	0	1	0	53	17	32	0	195	0	8	10	5	
2026-05-25 16:20:00	57.72684	17.51292	41	0	28	0	0	0	0	0.005	13.4	14	1021	18	1	30	0.1	23	1000	212	3000	95	1	0	2	3	2	3	3	0	1	0	53	28	20	0	194	0	8	-10	5	
2026-05-25 16:40:00	57.7284	17.51499	12	0	29	0	0	0	0	0.005	13.3	13	1021	18	2	91	0.2	35	1000	212	3000	310	1	0	3	2	3	2	3	0	1	0	11	16	74	0	194	0	2	10	5	
2026-05-25 17:00:00	57.72612	17.52132	13	0	0	0	0	0	0	0.005	13.3	13	1021	18	1	31	0.4	124	600	213	3000	240	1	0	0	3	2	3	2	0	1	0	94	2	5	0	203	0	2	-10	5	
2026-05-25 17:20:00	57.72285	17.51202	12	0	1	0	0	0	0	0.005	13.3	13	1020	18	1	31	0.5	237	800	212	3000	240	1	0	0	0	3	2	3	0	1	0	100	0	0	0	198	-4	1	-10	5	
2026-05-25 17:40:00	57.72009	17.50284	12	0	2	0	0	0	0	0.005	13.3	13	1021	18	1	27	0.5	240	1100	212	3000	240	1	0	0	0	0	3	2	0	1	0	100	0	0	0	193	-4	0	-10	5	
2026-05-25 18:00:00	57.71655	17.49636	41	0	3	0	0	0	0	0.005	13.6	12	1021	18	1	41	0.4	225	1200	211	3000	240	1	0	0	0	0	0	3	0	1	0	98	3	0	0	191	-4	0	-10	5	
2026-05-25 18:20:00	57.71331	17.49114	12	0	4	0	0	0	0	0.005	13.9	12	1021	18	1	57	0.4	221	1300	211	3000	240	1	0	0	0	0	0	0	0	1	0	100	0	0	0	190	-4	0	-10	5	
2026-05-25 18:40:00	57.71052	17.48817	12	0	5	0	0	0	0	0.005	13.9	12	1021	18	1	32	0.3	209	1200	211	3000	240	1	0	0	0	0	0	0	0	1	0	88	4	9	0	191	-4	0	-10	5	
2026-05-25 19:00:00	57.7071	17.48631	14	0	6	0	0	0	0	0.005	13.9	12	1021	18	1	35	0.3	196	1100	211	3000	240	1	0	0	0	0	0	0	0	1	0	76	10	15	0	193	-4	0	-10	5	
2026-05-25 19:20:00	57.70374	17.48301	41	0	7	0	0	0	0	0.005	13.8	12	1021	18	1	33	0.3	208	1000	211	3000	240	1	0	0	0	0	0	0	0	1	0	90	5	7	0	194	-4	0	-10	5	
2026-05-25 20:00:00	57.69768	17.47488	12	0	9	0	0	0	0	0.005	13.8	11	1021	18	3	101	0.4	217	1100	211	3000	240	1	0	0	0	0	0	0	0	1	0	100	0	0	0	194	-4	0	-10	5	
2026-05-25 20:20:00	57.69489	17.47062	12	0	10	0	0	0	0	0.005	13.7	11	1021	18	2	52	0.3	219	1100	211	3000	240	1	0	3	0	0	0	0	0	1	0	100	1	0	0	193	-4	0	-10	5	
2026-05-25 20:40:00	57.69117	17.47962	12	0	11	0	0	0	0	0.005	13.7	11	1021	18	1	27	0.6	128	400	213	3000	240	1	0	0	3	0	0	0	0	1	0	95	1	6	0	207	0	5	-10	5	
2026-05-25 21:00:00	57.68649	17.47344	12	0	12	0	0	0	0	0.005	13.7	11	1020	18	1	27	0.5	215	400	213	3000	240	1	0	0	0	3	0	0	0	1	0	98	1	2	0	206	-4	3	-10	5	
2026-05-25 21:20:00	57.68178	17.46645	11	0	13	0	0	0	0	0.005	13.7	11	1021	18	1	29	0.6	218	500	213	3000	240	1	0	0	0	0	3	0	0	1	0	100	0	0	0	206	-4	0	-10	5	
2026-05-25 21:40:00	57.67836	17.46171	12	0	14	0	0	0	0	0.005	13.6	11	1020	18	1	26	0.4	216	500	213	3000	240	1	0	0	0	0	0	3	0	1	0	97	4	0	0	205	-4	0	-10	5	
2026-05-25 22:00:00	57.67473	17.4573	40	0	15	0	0	0	0	0.005	13.6	11	1021	18	1	31	0.4	213	500	213	3000	240	1	0	0	0	0	0	0	0	1	0	99	2	0	0	206	-4	0	-10	5	
2026-05-25 22:20:00	57.67092	17.45244	12	0	16	0	0	0	0	0.005	13.6	11	1020	18	2	80	0.4	214	500	213	3000	240	1	0	0	0	0	0	0	0	1	0	97	4	0	0	206	-4	0	-10	5	
2026-05-25 22:40:00	57.66705	17.4495	12	0	17	0	0	0	0	0.005	13.6	11	1020	18	1	42	0.4	202	400	213	3000	240	1	0	0	0	0	0	0	0	1	0	84	9	9	0	208	-4	0	-10	5	
2026-05-25 23:00:00	57.66357	17.44572	12	0	18	0	0	0	0	0.005	13.6	11	1020	18	1	38	0.4	210	300	213	3000	240	1	0	0	0	0	0	0	0	1	0	99	2	0	0	208	-4	0	-10	5	
2026-05-25 23:20:00	57.66036	17.44035	12	0	19	0	0	0	0	0.005	13.6	11	1020	19	1	32	0.4	222	400	213	3000	240	1	0	0	0	0	0	0	0	1	0	100	1	0	0	207	-4	0	-10	5	
2026-05-25 23:40:00	57.6567	17.43339	12	0	20	0	0	0	0	0.005	13.6	11	1020	18	1	31	0.5	226	500	212	3000	240	1	0	0	0	0	0	0	0	1	0	100	0	0	0	205	-4	0	-10	5	
2026-05-26 00:00:00	57.65373	17.42643	13	0	21	0	0	0	0	0.005	13.6	11	1020	18	1	33	0.4	231	700	212	3000	240	1	0	3	0	0	0	0	0	1	0	100	1	0	0	202	-4	0	-10	5	
2026-05-26 00:20:00	57.65067	17.42871	12	0	22	0	0	0	0	0.005	13.6	11	1020	18	1	34	0.3	158	400	213	3000	240	1	0	0	3	0	0	0	0	1	0	98	1	3	0	208	0	3	-10	5	
2026-05-26 00:40:00	57.64818	17.42277	14	0	23	0	0	0	0	0.005	13.5	11	1020	18	1	30	0.4	232	500	212	3000	240	1	0	3	0	3	0	0	0	1	0	98	1	2	0	205	-4	2	-10	5	
2026-05-26 01:00:00	57.64476	17.42475	14	0	24	0	0	0	0	0.005	13.5	11	1020	19	1	33	0.3	163	200	214	3000	240	1	0	0	3	0	3	0	0	1	0	97	0	4	0	211	0	3	-10	5	
2026-05-26 01:20:00	57.6423	17.41866	41	0	25	0	0	0	0	0.005	13.5	11	1020	19	1	27	0.4	233	300	213	3000	240	1	0	0	0	3	0	3	0	1	0	98	3	0	0	208	-4	1	-10	5	
2026-05-26 01:40:00	57.64014	17.41257	11	0	26	0	0	0	0	0.005	13.5	11	1020	19	1	60	0.4	236	500	212	3000	240	1	0	3	0	0	3	0	0	1	0	100	1	0	0	205	-4	0	-10	5	
2026-05-26 02:00:00	57.63762	17.41545	12	0	27	0	0	0	0	0.005	13.5	11	1020	19	1	26	0.3	148	200	214	3000	240	1	0	0	3	0	0	3	0	1	0	97	1	3	0	211	0	3	-10	5	
2026-05-26 02:40:00	57.63279	17.40378	14	0	29	0	0	0	0	0.005	13.5	11	1020	19	3	99	0.4	233	400	212	3000	240	1	0	3	0	0	3	0	0	1	0	100	0	0	0	206	-4	0	-10	5	
2026-05-26 03:00:00	57.63192	17.41011	12	0	0	0	0	0	0	0.005	13.6	11	1020	19	3	82	0.3	104	100	214	3000	240	1	0	0	3	0	0	3	0	1	0	99	0	2	0	213	0	2	-10	5	
2026-05-26 03:20:00	57.62937	17.40405	13	0	1	0	0	0	0	0.005	13.9	11	1020	19	1	31	0.4	232	200	213	3000	240	1	0	0	0	3	0	0	0	1	0	100	0	0	0	210	-4	1	-10	5	
2026-05-26 03:40:00	57.62724	17.39937	12	0	2	0	0	0	0	0.005	13.8	11	1020	19	2	55	0.3	230	300	213	3000	240	1	0	0	0	0	3	0	0	1	0	100	1	0	0	209	-4	0	-10	5	
2026-05-26 04:00:00	57.62529	17.3949	40	0	3	0	0	0	0	0.005	13.8	11	1020	19	1	30	0.3	231	400	212	3000	240	1	0	0	0	0	0	3	0	1	0	100	1	0	0	207	-4	0	-10	5	
2026-05-26 04:20:00	57.62298	17.39163	12	0	4	0	0	0	0	0.005	13.8	11	1020	19	1	59	0.3	217	400	212	3000	240	1	0	0	0	0	0	0	0	1	0	100	1	0	0	206	-4	0	-10	5	
2026-05-26 04:40:00	57.61953	17.388	12	0	5	0	0	0	0	0.005	13.8	11	1020	19	2	49	0.4	209	400	212	3000	240	1	0	0	0	0	0	0	0	1	0	99	2	0	0	207	-4	0	-10	5	
2026-05-26 05:00:00	57.61578	17.38512	12	0	6	0	0	0	0	0.005	13.7	11	1020	19	1	29	0.4	202	300	212	3000	240	1	0	0	0	0	0	0	0	1	0	100	1	0	0	209	-4	0	-10	5	
2026-05-26 05:20:00	57.61248	17.38383	13	0	7	0	0	0	0	0.005	13.7	11	1020	19	1	32	0.3	192	100	213	3000	240	1	0	0	0	0	0	0	0	1	0	97	4	0	0	212	-4	0	-10	5	
2026-05-26 05:40:00	57.60897	17.38344	41	0	8	0	0	0	0	0.005	13.7	11	1019	19	1	33	0.3	183	-100	215	3000	240	1	0	0	0	0	0	0	0	1	0	95	5	0	0	216	-4	0	-10	5	
2026-05-26 06:00:00	57.60582	17.38386	12	0	9	0	0	0	0	0.005	13.7	12	1019	19	1	58	0.3	176	-300	217	3000	240	1	0	0	0	0	0	0	0	1	0	99	2	0	0	220	-4	0	-10	5	
2026-05-26 06:20:00	57.60294	17.38413	12	0	10	0	0	0	0	0.005	13.6	12	1019	18	1	29	0.3	177	-500	219	3000	240	1	0	0	0	0	0	0	0	1	0	100	1	0	0	224	-4	0	-10	5	
2026-05-26 06:40:00	57.60024	17.38566	12	0	11	0	0	0	0	0.005	13.6	12	1019	18	1	30	0.3	163	-700	221	3000	240	1	0	0	0	0	0	0	0	1	0	100	1	0	0	228	-4	0	-10	5	
2026-05-26 07:00:00	57.59769	17.38698	12	0	12	0	0	0	0	0.005	13.6	12	1019	18	1	28	0.2	165	-900	224	3000	240	1	0	0	0	0	0	0	0	1	0	99	2	0	0	233	-4	0	-10	5	
2026-05-26 07:20:00	57.59406	17.38788	12	0	13	0	0	0	0	0.005	13.6	12	1019	18	1	30	0.3	172	-1200	227	3000	240	1	0	0	0	0	0	0	0	1	0	99	2	0	0	238	-4	0	-10	5	
2026-05-26 07:40:00	57.5904	17.3904	12	0	14	0	0	0	0	0.005	13.6	12	1019	18	2	52	0.4	160	-1600	231	3000	240	1	0	1	0	0	0	0	0	1	0	96	5	0	0	246	-4	0	-10	5	
2026-05-26 08:00:00	57.59253	17.3928	40	0	15	0	0	0	0	0.005	13.6	12	1019	18	1	30	0.2	32	-1600	230	3000	270	1	0	0	1	0	0	0	0	1	0	5	1	95	0	246	4	2	10	5	
2026-05-26 08:20:00	57.58968	17.39577	12	0	16	0	0	0	0	0.005	13.6	12	1019	18	2	80	0.3	151	-1900	233	3000	265	1	0	0	0	1	0	0	0	1	0	94	1	6	0	253	-4	2	-10	5	
2026-05-26 08:40:00	57.58728	17.39883	12	0	17	0	0	0	0	0.005	13.6	13	1018	18	1	30	0.3	146	-2200	237	3000	265	1	0	0	0	0	1	0	0	1	0	88	3	11	0	261	-4	0	-10	5	
2026-05-26 09:00:00	57.58428	17.40189	12	0	18	0	0	0	0	0.005	13.5	13	1018	18	1	29	0.3	151	-2500	240	3000	265	1	0	1	0	0	0	1	0	1	0	96	5	0	0	272	-4	0	-10	5	
2026-05-26 09:20:00	57.5859	17.39994	12	0	19	0	0	0	0	0.005	13.5	13	1017	18	1	29	0.2	327	-2300	238	3000	240	1	0	1	1	0	0	0	0	1	0	6	1	95	0	265	4	2	10	5	
2026-05-26 09:40:00	57.58665	17.39775	12	0	20	0	0	0	0	0.005	13.5	13	1017	18	1	32	0.1	303	-2200	237	3000	240	1	0	1	1	1	0	0	0	1	0	0	1	100	0	261	4	0	10	5	
2026-05-26 10:00:00	57.58713	17.39577	13	0	21	0	0	0	0	0.005	13.5	13	1017	18	1	29	0.1	294	-2000	236	3000	240	1	0	1	1	1	1	0	0	1	0	0	1	100	0	257	4	0	10	5	
2026-05-26 10:20:00	57.58824	17.39301	14	0	22	0	0	0	0	0.005	13.5	14	1017	18	1	33	0.2	307	-1800	234	3000	240	1	0	1	1	1	1	1	0	1	0	0	1	100	0	252	4	0	10	5	
2026-05-26 10:40:00	57.5898	17.39085	41	0	23	0	0	0	0	0.005	13.5	14	1016	18	1	39	0.2	323	-1600	232	3000	240	1	0	1	1	1	1	1	0	1	0	0	1	100	0	247	4	0	10	5	
2026-05-26 11:00:00	57.59175	17.38845	11	0	24	0	0	0	0	0.005	13.5	14	1017	18	1	59	0.2	326	-1400	229	3000	240	1	0	0	1	1	1	1	0	1	0	0	1	100	0	242	4	0	10	5	
2026-05-26 11:40:00	57.58527	17.38605	11	0	26	0	0	0	0	0.005	13.5	14	1017	18	3	89	0.3	187	-1700	234	3000	265	1	0	0	0	0	1	1	0	1	0	100	1	0	0	249	-4	0	-10	5	
2026-05-26 12:00:00	57.58212	17.38497	12	0	27	0	0	0	0	0.005	13.5	14	1016	18	1	27	0.3	190	-1800	237	3000	265	1	0	0	0	0	0	1	0	1	0	98	3	0	0	252	-4	0	-10	5	
2026-05-26 12:20:00	57.5763	17.38122	12	0	28	0	0	0	0	0.005	13.5	14	1015	18	1	30	0.6	199	-2000	243	3000	265	1	0	0	0	0	0	0	0	1	0	100	0	0	0	256	-4	0	-10	5	
2026-05-26 12:40:00	57.57129	17.37864	11	0	29	0	0	0	0	0.005	13.4	14	1015	18	1	27	0.5	195	-2200	249	3000	265	1	0	0	0	0	0	0	0	1	0	99	2	0	0	262	-4	0	-10	5	
2026-05-26 13:00:00	57.5664	17.37546	12	0	0	0	0	0	0	0.005	13.4	14	1015	18	1	26	0.5	199	-2300	256	3000	265	1	0	0	0	0	0	0	0	1	0	100	1	0	0	266	-4	0	-10	5	
2026-05-26 13:20:00	57.56151	17.37093	41	0	1	0	0	0	0	0.005	13.4	13	1015	18	1	29	0.5	206	-2400	264	3000	265	1	0	0	0	0	0	0	0	1	0	100	0	0	0	269	-4	0	-10	5	
2026-05-26 13:40:00	57.55701	17.36568	13	0	2	0	0	0	0	0.005	13.4	13	1014	18	1	55	0.5	212	-2900	273	3000	265	1	0	0	0	0	0	0	0	1	0	100	0	0	0	273	-4	0	-10	5	
2026-05-26 14:00:00	57.55176	17.35854	41	0	3	0	0	0	0	0.005	13.4	13	1014	18	1	33	0.6	216	-2600	287	3000	265	1	0	1	0	0	0	0	0	1	0	100	0	0	0	287	-4	0	-10	5	
2026-05-26 14:20:00	57.55575	17.35986	12	0	4	0	0	0	0	0.005	13.4	13	1014	18	1	63	0.4	10	-2500	277	3000	295	1	0	0	1	0	0	0	0	1	0	5	0	96	0	277	4	2	10	5	
2026-05-26 14:40:00	57.55191	17.35416	12	0	5	0	0	0	0	0.005	13.4	13	1014	18	1	34	0.5	219	-2300	289	3000	295	1	0	1	0	1	0	0	0	1	0	96	1	4	0	289	-4	2	-10	5	
2026-05-26 15:20:00	57.55272	17.34573	41	0	7	0	0	0	0	0.005	13.4	13	1014	18	3	79	0.6	237	-1800	291	3000	310	1	0	0	0	1	0	1	0	1	0	96	0	5	0	291	-4	2	-10	5	
2026-05-26 15:40:00	57.54891	17.33097	12	0	8	0	0	1	0	0.005	13.4	13	1013	18	1	62	0.8	244	-1300	324	3000	310	1	0	1	0	0	1	0	0	1	0	100	0	0	0	324	-4	0	-10	5	
2026-05-26 16:00:00	57.55434	17.33451	12	0	9	0	0	2	0	0.005	13.4	13	1013	19	1	29	0.5	19	1200	112	3000	315	1	0	2	1	0	0	1	0	1	0	4	3	95	0	109	4	2	10	5	
2026-05-26 16:20:00	57.55317	17.35245	12	0	10	0	0	0	0	0.005	13.4	12	1013	19	1	30	0.9	97	-200	112	3000	315	1	0	2	2	1	0	0	0	1	0	8	0	93	0	114	0	7	10	5	
2026-05-26 16:40:00	57.55296	17.37276	11	0	11	0	0	0	0	0.005	13.4	12	1013	19	1	30	1	91	-500	113	3000	315	1	0	2	2	2	1	0	0	1	0	7	1	93	0	122	0	6	10	5	
2026-05-26 17:00:00	57.56271	17.391	13	0	12	0	0	0	0	0.005	13.3	12	1013	19	1	29	1.3	45	-1900	115	3000	315	1	0	3	2	2	2	1	0	1	0	0	0	100	0	153	0	0	10	5	
2026-05-26 17:20:00	57.54942	17.38896	13	0	13	0	0	0	0	0.005	13.3	12	1013	19	1	32	1.2	185	-500	113	3000	295	1	0	3	3	2	2	2	0	1	0	99	0	2	0	122	0	2	-10	5	
2026-05-26 17:40:00	57.5355	17.38284	41	0	14	0	0	0	0	0.005	13.5	12	1013	19	1	33	1.3	193	1000	111	3000	295	1	0	2	3	3	2	2	0	1	0	100	1	0	0	92	0	0	-10	5	
2026-05-26 18:00:00	57.54426	17.40087	12	0	15	0	0	0	0	0.005	13.8	12	1013	19	1	61	1.2	48	-300	113	3000	300	1	0	2	2	3	3	2	0	1	0	2	1	99	0	117	0	2	10	5	
2026-05-26 18:20:00	57.55317	17.41926	12	0	16	0	0	0	0	0.005	13.8	12	1013	19	1	30	1.2	48	-1600	114	3000	300	1	0	3	2	2	3	3	0	1	0	0	0	100	0	145	0	0	10	5	
2026-05-26 18:40:00	57.54219	17.43495	12	0	17	0	0	0	0	0.005	13.8	12	1013	19	1	25	1.3	142	-800	113	3000	275	1	0	3	3	2	2	3	0	1	0	99	0	2	0	128	0	2	-10	5	
2026-05-26 19:00:00	57.53316	17.45298	12	0	18	0	0	0	0	0.005	13.8	12	1013	19	2	44	1.2	133	-300	113	3000	275	1	0	3	3	3	2	2	0	1	0	100	0	0	0	118	0	0	-10	5	
2026-05-26 19:20:00	57.52122	17.46537	12	0	19	0	0	0	0	0.005	13.7	12	1012	19	1	41	1.3	151	600	111	3000	275	1	0	3	3	3	3	2	0	1	0	100	0	0	0	100	0	0	-10	5	
2026-05-26 19:40:00	57.51186	17.48004	41	0	20	0	0	0	0	0.005	13.7	11	1013	19	1	32	1.1	140	1300	110	3000	275	1	0	3	3	3	3	3	0	1	0	98	0	3	0	87	0	2	-10	5	
2026-05-26 20:00:00	57.50274	17.49318	11	0	21	0	0	0	0	0.005	13.7	11	1012	19	1	57	1.1	142	1900	109	3000	275	1	0	2	3	3	3	3	0	1	0	98	0	3	0	73	0	2	-10	5	
2026-05-26 20:10:00	57.50286	17.50182	12	0	22	0	0	1	0	0.005	13.6	11	1013	19	1	28	0.9	89	1700	110	3000	280	1	0	2	2	3	3	3	0	1	0	9	0	89	0	78	0	4	10	5	
2026-05-26 20:20:00	57.50238	17.51148	11	0	23	0	0	0	0	0.005	13.6	11	1013	19	1	30	1	95	1500	110	3000	280	1	0	2	2	2	3	3	0	1	0	5	0	94	0	82	0	2	10	5	
2026-05-26 20:30:00	57.50145	17.5224	11	0	24	0	0	0	0	0.005	13.6	11	1013	19	1	27	1.1	99	1400	110	3000	280	1	0	2	2	2	2	3	0	1	0	0	0	100	0	85	0	0	10	5	
2026-05-26 20:40:00	57.50064	17.5323	12	0	25	0	0	0	0	0.005	13.6	11	1013	19	1	31	1	98	1200	110	3000	280	1	0	2	2	2	2	2	0	1	0	4	0	95	0	88	0	2	10	5	
2026-05-26 20:50:00	57.49983	17.5404	12	0	26	0	0	0	0	0.005	13.6	11	1012	19	2	55	0.8	101	1100	111	3000	280	1	0	2	2	2	2	2	0	1	0	9	0	81	0	90	0	4	10	5	
2026-05-26 21:00:00	57.49965	17.55045	12	0	27	0	0	0	0	0.005	13.6	11	1012	19	1	33	1	92	900	111	3000	280	1	0	2	2	2	2	2	0	1	0	5	0	94	0	95	0	2	10	5	
2026-05-26 21:10:00	57.49986	17.56008	12	0	28	0	0	0	0	0.005	13.5	11	1013	19	1	39	1	88	700	111	3000	280	1	0	2	2	2	2	2	0	1	0	5	0	92	0	99	0	2	10	5	
2026-05-26 21:20:00	57.49998	17.57031	12	0	29	0	0	0	0	0.005	13.6	11	1012	19	1	33	1	89	400	112	3000	280	1	0	2	2	2	2	2	0	1	0	0	0	100	0	104	0	0	10	5	
2026-05-26 21:30:00	57.49923	17.57973	12	0	0	0	0	0	0	0.005	13.5	11	1012	19	2	42	0.9	98	300	112	3000	280	1	0	2	2	2	2	2	0	1	0	5	0	92	0	107	0	2	10	5	
2026-05-26 21:50:00	57.495	17.58678	11	0	2	0	0	0	0	0.005	13.5	11	1013	19	3	77	0.3	81	600	111	3000	280	1	0	1	1	2	2	2	0	1	0	4	2	84	0	102	4	2	10	5	
2026-05-26 22:00:00	57.49587	17.59065	40	0	3	0	0	0	0	0.005	13.5	11	1013	19	1	26	0.4	67	400	112	3000	280	1	0	2	1	1	2	2	0	1	0	0	11	90	0	105	4	0	10	5	
2026-05-26 22:10:00	57.49347	17.5947	12	0	4	0	0	0	0	0.005	13.5	11	1012	19	3	107	0.6	138	500	111	3000	280	1	0	1	2	1	1	2	0	1	0	7	1	76	0	102	0	3	10	5	
2026-05-26 22:20:00	57.49326	17.59707	12	0	5	0	0	0	0	0.005	13.5	11	1013	19	2	47	0.2	100	500	112	3000	280	1	0	1	1	2	1	1	0	1	0	5	1	90	0	103	4	3	10	5	
2026-05-26 22:30:00	57.49272	17.59884	12	0	6	0	0	0	0	0.005	13.5	11	1013	19	1	31	0.2	120	500	111	3000	280	1	0	1	1	1	2	1	0	1	0	19	14	67	0	102	4	0	10	5	
2026-05-26 22:40:00	57.49224	17.59995	12	0	7	0	0	0	0	0.005	13.4	11	1013	19	1	29	0.1	127	600	111	3000	280	1	0	1	1	1	1	2	0	1	0	0	11	90	0	102	4	0	10	5	
2026-05-26 22:50:00	57.49155	17.60052	12	0	8	0	0	0	0	0.005	13.4	11	1013	19	3	74	0.1	157	600	111	3000	280	1	0	1	1	1	1	1	0	1	0	0	13	79	0	101	4	0	10	5	
2026-05-26 23:00:00	57.49053	17.60133	12	0	9	0	0	0	0	0.005	13.4	11	1013	19	1	26	0.2	157	700	111	3000	280	1	0	1	1	1	1	1	0	1	0	2	24	75	0	99	4	0	10	5	
2026-05-26 23:10:00	57.48939	17.60097	12	0	10	0	0	0	0	0.005	13.4	11	1013	19	1	30	0.2	190	800	111	3000	280	1	0	2	1	1	1	1	0	1	0	0	30	70	0	97	4	0	10	5	
2026-05-26 23:20:00	57.48801	17.59986	12	0	11	0	0	0	0	0.005	13.4	11	1012	19	1	28	0.3	203	1000	111	3000	280	1	0	3	2	1	1	1	0	1	0	9	47	44	0	93	0	2	10	5	
2026-05-26 23:30:00	57.48684	17.59851	12	0	12	0	0	0	0	0.005	13.4	11	1013	19	1	33	0.3	212	1100	110	3000	55	1	0	0	3	2	1	1	0	1	0	52	23	17	0	90	0	9	-10	5	
2026-05-26 23:40:00	57.4857	17.59689	12	0	13	0	0	0	0	0.005	13.4	11	1013	19	1	32	0.3	218	1300	110	3000	55	1	0	1	0	3	2	1	0	1	0	59	21	19	0	87	-4	3	-10	5	
2026-05-26 23:50:00	57.48459	17.59533	13	0	14	0	0	0	0	0.005	13.4	11	1013	19	1	29	0.3	217	1400	110	3000	320	1	0	2	1	0	3	2	0	1	0	48	31	20	0	84	4	3	10	5	
2026-05-27 00:10:00	57.48102	17.59134	12	0	16	0	0	0	0	0.005	13.4	11	1013	19	3	79	0.5	207	1900	109	3000	290	1	0	2	3	2	1	0	0	1	0	91	0	0	0	73	0	0	-10	5	
2026-05-27 00:20:00	57.47958	17.59044	13	0	17	0	0	0	0	0.005	13.4	11	1012	19	1	35	0.3	199	2100	109	3000	305	1	0	2	2	3	2	1	0	1	0	29	21	47	0	69	0	5	10	5	
2026-05-27 00:30:00	57.47847	17.59056	12	0	18	0	0	0	0	0.005	13.4	11	1013	19	2	55	0.2	176	2200	108	3000	305	1	0	2	2	2	3	2	0	1	0	24	18	52	0	66	0	3	10	5	
2026-05-27 00:40:00	57.4773	17.58915	12	0	19	0	0	0	0	0.005	13.3	11	1013	19	1	32	0.3	213	2300	108	3000	305	1	0	2	2	2	2	3	0	1	0	20	34	40	0	61	0	5	10	5	
2026-05-27 00:50:00	57.47619	17.58669	41	0	20	0	0	0	0	0.005	13.3	11	1013	19	1	26	0.3	230	2500	108	3000	305	1	0	2	2	2	2	2	0	1	0	60	25	15	0	56	0	3	10	5	
2026-05-27 01:00:00	57.47505	17.58417	11	0	21	0	0	0	0	0.005	13.3	11	1013	19	2	75	0.3	230	2700	108	3000	305	1	0	2	2	2	2	2	0	1	0	55	8	24	0	49	0	8	10	5	
2026-05-27 01:10:00	57.47439	17.58201	12	0	22	0	0	0	0	0.005	13.3	11	1013	19	2	46	0.2	240	2800	107	3000	305	1	0	3	2	2	2	2	0	1	0	59	24	10	0	44	0	7	10	5	
2026-05-27 01:20:00	57.47376	17.57997	12	0	23	0	0	0	0	0.005	13.3	11	1013	19	1	28	0.2	241	2900	107	3000	150	1	0	3	3	2	2	2	0	1	0	55	25	15	0	37	0	7	-10	5	
2026-05-27 01:30:00	57.47319	17.57805	12	0	24	0	0	0	0	0.005	13.3	11	1013	19	1	31	0.2	241	3000	107	3000	150	1	0	3	3	3	2	2	0	1	0	73	26	1	0	22	0	0	-10	5	
2026-05-27 01:40:00	57.47286	17.57625	12	0	25	0	0	0	0	0.005	13.3	11	1013	19	1	28	0.2	250	3100	107	3000	150	1	0	3	3	3	3	2	0	1	0	43	32	25	0	22	0	2	-10	5	
2026-05-27 01:50:00	57.47217	17.5743	12	0	26	0	0	0	0	0.005	13.3	11	1013	19	1	32	0.2	236	3200	107	3000	150	1	0	3	3	3	3	3	0	1	0	85	15	0	0	22	0	0	-10	5	
2026-05-27 02:00:00	57.47124	17.57205	11	0	27	0	0	0	0	0.005	13.3	11	1013	19	3	75	0.3	232	3300	106	3000	150	1	0	2	3	3	3	3	0	0	0	84	8	0	0	22	0	0	-10	5	
2026-05-27 02:10:00	57.47037	17.57169	12	0	28	0	0	0	0	0.005	13.3	11	1013	19	1	28	0.2	193	3400	106	3000	355	1	0	1	2	3	3	3	0	0	0	28	14	56	0	22	0	5	10	5	
2026-05-27 02:20:00	57.47124	17.57115	13	0	29	0	0	0	0	0.005	13.3	11	1013	19	2	47	0.2	342	3400	106	3000	355	1	0	1	1	2	3	3	0	0	0	0	17	80	0	22	4	1	10	5	
2026-05-27 02:30:00	57.47232	17.57061	12	0	0	0	0	0	0	0.005	13.3	11	1013	19	1	37	0.2	345	3300	107	3000	355	1	0	1	1	1	2	3	0	1	0	0	6	93	0	22	4	0	10	5	
2026-05-27 02:40:00	57.47364	17.57097	12	0	1	0	0	0	0	0.005	13.3	11	1014	19	2	58	0.2	8	3100	107	3000	355	1	0	1	1	1	1	2	0	1	0	0	9	86	0	22	4	0	10	5	
2026-05-27 03:00:00	57.47634	17.57403	12	0	3	0	0	0	0	0.005	13.3	11	1014	19	3	90	0.3	39	2800	107	3000	355	1	0	1	1	1	1	1	0	1	0	0	0	89	0	45	4	0	10	5	
2026-05-27 03:10:00	57.47715	17.57841	12	0	4	0	0	0	0	0.005	13.4	11	1014	19	1	32	0.5	71	2600	108	3000	355	1	0	1	1	1	1	1	0	1	0	0	1	99	0	53	4	0	10	5	
2026-05-27 03:20:00	57.47808	17.58333	41	0	5	0	0	0	0	0.005	13.4	11	1014	19	1	32	0.5	70	2400	108	3000	355	1	0	1	1	1	1	1	0	1	0	0	0	100	0	60	4	0	10	5	
2026-05-27 03:30:00	57.47856	17.58615	12	0	6	0	0	0	0	0.005	13.5	11	1014	19	1	56	0.3	72	2300	108	3000	355	1	0	1	1	1	1	1	0	1	0	0	0	95	0	63	4	0	10	5	
2026-05-27 03:40:00	57.4791	17.5872	12	0	7	0	0	0	0	0.005	13.6	11	1014	19	1	32	0.1	46	2200	108	3000	355	1	0	1	1	1	1	1	0	1	0	0	7	93	0	66	4	0	10	5	
2026-05-27 03:50:00	57.47988	17.58882	12	0	8	0	0	0	0	0.005	13.6	11	1014	19	1	30	0.2	49	2100	109	3000	355	1	0	1	1	1	1	1	0	1	0	0	2	99	0	69	4	0	10	5	
2026-05-27 04:00:00	57.48075	17.58999	12	0	9	0	0	0	0	0.005	13.8	11	1015	19	1	29	0.2	36	2000	109	3000	355	1	0	2	1	1	1	1	0	1	0	0	1	100	0	72	4	0	10	5	
2026-05-27 04:10:00	57.47823	17.59236	12	0	10	0	0	0	0	0.005	13.8	11	1015	19	1	29	0.5	153	2200	108	3000	355	1	0	1	2	1	1	1	0	1	0	7	0	92	0	66	0	3	10	5	
2026-05-27 04:20:00	57.4797	17.59689	12	0	11	0	0	0	0	0.005	13.8	11	1015	19	1	28	0.5	59	1900	109	3000	355	1	0	1	1	2	1	1	0	1	0	0	0	100	0	73	4	1	10	5	
2026-05-27 04:30:00	57.48186	17.60211	12	0	12	0	0	0	0	0.005	13.8	11	1015	19	1	31	0.7	52	1600	110	3000	355	1	0	2	1	1	2	1	0	1	0	0	0	100	0	81	4	0	10	5	
2026-05-27 04:40:00	57.47775	17.60562	12	0	13	0	0	0	0	0.005	13.8	11	1015	19	1	29	0.8	155	1900	109	3000	355	1	0	1	2	1	1	2	0	1	0	0	0	100	0	73	0	1	10	5	
2026-05-27 04:50:00	57.47829	17.60928	12	0	14	0	0	0	0	0.005	13.8	11	1015	19	1	31	0.4	75	1800	109	3000	355	1	0	1	1	2	1	1	0	1	0	0	1	99	0	76	4	1	10	5	
2026-05-27 05:00:00	57.48039	17.61453	13	0	15	0	0	0	0	0.005	13.7	11	1016	19	1	30	0.7	53	1400	110	3000	355	1	0	2	1	1	2	1	0	1	0	0	0	100	0	84	4	0	10	5	
2026-05-27 05:10:00	57.48132	17.62662	12	0	16	0	0	0	0	0.005	13.7	11	1015	19	1	34	1.2	82	1100	110	3000	355	1	0	2	2	1	1	2	0	1	0	0	0	99	0	92	0	1	10	5	
2026-05-27 05:20:00	57.47919	17.637	12	0	17	0	0	0	0	0.005	13.7	11	1016	19	1	33	1.1	111	1000	110	3000	355	1	0	2	2	2	1	1	0	1	0	0	0	100	0	92	0	0	10	5	
2026-05-27 05:30:00	57.47664	17.6487	41	0	18	0	0	0	0	0.005	13.7	11	1015	19	1	28	1.2	112	1000	110	3000	355	1	0	2	2	2	2	1	0	1	0	0	0	100	0	92	0	0	10	5	
2026-05-27 05:40:00	57.47586	17.66046	13	0	19	0	0	0	0	0.005	13.7	11	1016	19	1	58	1.2	97	900	111	3000	355	1	0	2	2	2	2	2	0	1	0	0	0	95	0	96	0	0	10	5	
2026-05-27 05:50:00	57.47577	17.67252	12	0	20	0	0	0	0	0.005	13.7	11	1016	19	1	33	1.2	91	600	111	3000	355	1	0	2	2	2	2	2	0	1	0	0	0	100	0	101	0	0	10	5	
2026-05-27 06:00:00	57.47466	17.68434	12	0	21	0	0	0	0	0.005	13.6	11	1016	19	1	30	1.2	100	400	112	3000	355	1	0	2	2	2	2	2	0	1	0	0	0	100	0	104	0	0	10	5	
2026-05-27 06:10:00	57.47436	17.69673	12	0	22	0	0	0	0	0.005	13.6	11	1016	19	1	29	1.2	93	200	112	3000	355	1	0	2	2	2	2	2	0	1	0	0	0	100	0	109	0	0	10	5	
2026-05-27 06:30:00	57.46956	17.71995	12	0	24	0	0	0	0	0.005	13.6	11	1016	19	3	82	1.2	111	100	112	3000	355	1	0	2	2	2	2	2	0	1	0	0	0	90	0	110	0	0	10	5	
2026-05-27 06:50:00	57.46791	17.74335	12	0	26	0	0	0	0	0.005	13.6	12	1016	19	0	137	1.2	93	-200	113	3000	355	1	0	2	2	2	2	2	0	1	0	0	0	79	0	117	0	0	10	5	
2026-05-27 07:00:00	57.46725	17.75544	12	0	27	0	0	0	0	0.005	13.6	12	1017	19	1	45	1.2	96	-400	114	3000	355	1	0	2	2	2	2	2	0	1	0	0	0	97	0	121	0	0	10	5	
2026-05-27 07:10:00	57.46656	17.76699	12	0	28	0	0	0	0	0.005	13.6	12	1016	19	1	31	1.2	96	-600	114	3000	355	1	0	2	2	2	2	2	0	1	0	0	0	100	0	125	0	0	10	5	
2026-05-27 07:20:00	57.4659	17.77779	12	0	29	0	0	0	0	0.005	13.6	12	1017	19	1	28	1.1	96	-800	115	3000	355	1	0	2	2	2	2	2	0	1	0	0	0	100	0	128	0	0	10	5	
2026-05-27 07:30:00	57.46428	17.78886	12	0	0	0	0	0	0	0.005	13.6	12	1017	19	1	32	1.1	105	-900	115	3000	355	1	0	2	2	2	2	2	0	1	0	0	0	100	0	130	0	0	10	5	
2026-05-27 07:40:00	57.46191	17.79891	12	0	1	0	0	0	0	0.005	13.5	12	1017	19	1	30	1.1	114	-900	115	3000	355	1	0	2	2	2	2	2	0	1	0	0	0	100	0	130	0	0	10	5	
2026-05-27 07:50:00	57.46155	17.80914	12	0	2	0	0	0	0	0.005	13.5	12	1017	19	1	33	1	94	-1100	116	3000	355	1	0	2	2	2	2	2	0	1	0	0	0	100	0	134	0	0	10	5	
2026-05-27 08:00:00	57.45879	17.81868	40	0	3	0	0	0	0	0.005	13.5	12	1017	19	1	26	1	118	-1000	116	3000	355	1	0	2	2	2	2	2	0	1	0	0	0	100	0	133	0	0	10	5	
2026-05-27 08:10:00	57.45633	17.82777	11	0	4	0	0	0	0	0.005	13.5	12	1017	19	1	57	1.1	117	-1000	116	3000	355	1	0	2	2	2	2	2	0	1	0	0	0	95	0	132	0	0	10	5	
2026-05-27 08:20:00	57.45189	17.83419	11	0	5	0	0	0	0	0.005	13.5	12	1017	19	1	28	1	142	-700	115	3000	355	1	0	2	2	2	2	2	0	1	0	0	0	100	0	126	0	0	10	5	
2026-05-27 08:30:00	57.44889	17.84094	11	0	6	0	0	0	0	0.005	13.5	12	1017	19	1	26	0.9	130	-500	115	3000	355	1	0	2	2	2	2	2	0	1	0	5	1	94	1	123	0	2	10	5	
2026-05-27 08:40:00	57.44589	17.84853	11	0	7	0	0	0	0	0.005	13.5	12	1017	19	1	27	0.9	126	-400	114	3000	355	1	0	2	2	2	2	2	0	1	0	0	0	100	0	120	0	0	10	5	
2026-05-27 08:50:00	57.44265	17.85447	12	0	8	0	0	0	0	0.005	13.5	12	1017	19	1	29	0.8	135	-200	113	3000	355	1	0	2	2	2	2	2	0	1	0	5	0	95	0	116	0	2	10	5	
2026-05-27 09:00:00	57.43896	17.86149	11	0	9	0	0	0	0	0.005	13.5	12	1017	19	1	38	1	134	0	113	3000	355	1	0	2	2	2	2	2	0	1	0	0	0	99	0	112	0	0	10	5	
2026-05-27 09:10:00	57.43662	17.86941	12	0	10	0	0	0	0	0.005	13.5	12	1017	19	1	29	0.9	119	100	112	3000	355	1	0	2	2	2	2	2	0	1	0	0	0	100	0	111	0	0	10	5	
2026-05-27 09:20:00	57.43362	17.87544	11	0	11	0	0	0	0	0.005	13.5	12	1017	19	1	32	0.8	133	200	112	3000	355	1	0	2	2	2	2	2	0	1	0	5	0	91	0	108	0	2	10	5	
2026-05-27 09:30:00	57.43107	17.88093	12	0	12	0	0	0	0	0.005	13.5	12	1017	19	1	28	0.7	131	400	111	3000	355	1	0	1	2	2	2	2	0	1	0	5	0	95	0	106	0	2	10	5	
2026-05-27 09:40:00	57.43212	17.88294	12	0	13	0	0	0	0	0.005	13.5	12	1018	19	1	31	0.3	46	200	112	3000	355	1	0	2	1	2	2	2	0	1	0	0	1	99	0	108	4	1	10	5	
2026-05-27 09:50:00	57.4317	17.88756	12	0	14	0	0	0	0	0.005	13.4	12	1017	19	1	29	0.5	99	200	112	3000	355	1	0	2	2	1	2	2	0	1	0	0	0	100	0	110	0	1	10	5	
2026-05-27 10:00:00	57.43041	17.89236	13	0	15	0	0	0	0	0.005	13.4	12	1017	19	1	27	0.5	116	200	112	3000	355	1	0	2	2	2	1	2	0	1	0	4	0	96	0	109	0	2	10	5	
2026-05-27 10:30:00	57.42594	17.9064	12	0	18	0	0	0	0	0.005	13.4	12	1018	19	3	108	0.5	110	300	111	3000	355	1	0	2	2	2	2	2	0	1	0	0	0	85	0	107	0	0	10	5	
2026-05-27 10:40:00	57.42561	17.91096	12	0	19	0	0	0	0	0.005	13.4	12	1018	19	1	32	0.5	98	200	111	3000	355	1	0	2	2	2	2	2	0	1	0	0	0	100	0	108	0	0	10	5	
2026-05-27 10:50:00	57.42555	17.9151	12	0	20	0	0	0	0	0.005	13.4	12	1017	19	2	52	0.4	91	200	112	3000	355	1	0	2	2	2	2	2	0	1	0	0	0	96	0	110	0	0	10	5	
2026-05-27 11:00:00	57.42531	17.91816	12	0	21	0	0	0	0	0.005	13.4	13	1018	19	1	37	0.3	98	100	112	3000	355	1	0	2	2	2	2	2	0	1	0	10	0	87	0	111	0	4	10	5	
2026-05-27 11:10:00	57.42519	17.92119	12	0	22	0	0	0	0	0.005	13.4	13	1018	18	1	32	0.3	95	0	112	3000	355	1	0	2	2	2	2	2	0	1	0	0	0	100	0	112	0	0	10	5	
2026-05-27 11:20:00	57.4242	17.9241	12	0	23	0	0	0	0	0.005	13.4	13	1017	18	1	29	0.3	122	100	112	3000	355	1	0	2	2	2	2	2	0	1	0	0	0	100	0	111	0	0	10	5	
2026-05-27 11:30:00	57.42348	17.92692	12	0	24	0	0	0	0	0.005	13.4	13	1018	18	1	30	0.3	115	100	112	3000	355	1	0	2	2	2	2	2	0	1	0	0	1	100	0	111	0	0	10	5	
2026-05-27 11:40:00	57.42312	17.92956	13	0	25	0	0	0	0	0.005	13.4	13	1018	18	1	31	0.3	105	100	112	3000	355	1	0	2	2	2	2	2	0	1	0	0	1	99	0	111	0	0	10	5	
2026-05-27 11:50:00	57.42303	17.93196	12	0	26	0	0	0	0	0.005	13.4	14	1018	18	1	33	0.2	93	0	113	3000	355	1	0	2	2	2	2	2	0	1	0	0	0	100	0	112	0	0	10	5	
2026-05-27 12:00:00	57.42345	17.93355	41	0	27	0	0	0	0	0.005	13.4	14	1018	18	1	29	0.2	64	-100	113	3000	355	1	0	2	2	2	2	2	0	1	0	0	0	100	0	114	0	0	10	5	
2026-05-27 12:10:00	57.42378	17.93454	11	0	28	0	0	0	0	0.005	13.4	14	1018	18	1	62	0.1	59	-100	113	3000	355	1	0	2	2	2	2	2	0	1	0	0	2	92	0	115	0	0	10	5	
2026-05-27 12:20:00	57.42459	17.93523	12	0	29	0	0	0	0	0.005	13.4	15	1018	18	2	47	0.2	25	-200	114	3000	355	1	0	3	2	2	2	2	0	1	0	0	3	94	0	117	0	0	10	5	
2026-05-27 12:30:00	57.42354	17.9349	12	0	0	0	0	0	0	0.005	13.4	15	1018	18	1	26	0.2	190	-100	113	3000	285	1	0	3	3	2	2	2	0	1	0	72	3	24	0	115	0	3	-10	5	
2026-05-27 12:40:00	57.42264	17.93484	11	0	1	0	0	0	0	0.005	13.4	16	1017	18	1	26	0.2	182	0	113	3000	285	1	0	2	3	3	2	2	0	1	0	84	3	11	0	113	0	5	-10	5	
2026-05-27 12:50:00	57.42309	17.93607	13	0	2	0	0	0	0	0.005	13.4	16	1017	18	1	31	0.1	56	-100	113	3000	295	1	0	2	2	3	3	2	0	1	0	0	5	95	0	114	0	0	10	5	
2026-05-27 13:00:00	57.42444	17.93748	12	0	3	0	0	0	0	0.005	13.4	16	1017	17	1	31	0.3	29	-300	114	3000	295	1	0	3	2	2	3	3	0	1	0	0	1	99	0	118	0	0	10	5	
2026-05-27 13:10:00	57.42456	17.9403	11	0	4	0	0	0	0	0.005	13.7	17	1016	17	1	27	0.3	86	-300	115	3000	235	1	0	3	3	2	2	3	0	1	0	78	0	20	0	119	0	6	-10	5	
2026-05-27 13:20:00	57.42504	17.94339	12	0	5	0	0	0	0	0.005	13.6	16	1017	17	1	28	0.3	73	-500	116	3000	235	1	0	3	3	3	2	2	0	1	0	84	0	12	0	121	0	4	-10	5	
2026-05-27 13:30:00	57.42513	17.95089	3	0	6	0	0	3	0	1.028	13.2	17	1016	17	1	32	0.8	89	-300	112	3000	235	1	0	3	6	3	3	2	0	1	0	45	0	11	0	116	0		0	5	
2026-05-27 13:39:56	57.42378	17.95854	1	0	7	0	0	0	0	1.033	13.2	17	1017	17	1	20	0.8	108	-400	112	3000	235	1	0	3	6	6	3	3	0	1	0	58	0	0	0	116	0		0	5	
2026-05-27 13:50:00	57.4221	17.96625	2	0	8	0	0	0	0	1.038	13.1	18	1016	17	1	18	0.8	112	-300	112	3000	235	1	0	3	6	6	6	3	0	1	0	59	0	0	0	116	0		0	5	
2026-05-27 13:59:54	57.42045	17.97501	2	0	9	0	0	0	0	1.017	13.2	18	1016	16	1	27	0.9	109	-300	112	3000	235	1	0	3	6	6	6	6	0	1	0	57	0	0	0	116	0		0	5	
2026-05-27 14:09:59	57.41841	17.98335	2	0	10	0	0	0	0	1.022	13.1	18	1016	16	1	20	0.9	114	-300	112	3000	235	1	0	3	6	6	6	6	0	1	0	59	0	0	0	115	0		0	5	
2026-05-27 14:19:55	57.41628	17.9916	2	0	11	0	0	0	0	1.021	13.1	18	1016	16	1	19	0.9	116	-200	112	3000	235	1	0	3	6	6	6	6	0	1	0	58	0	0	0	114	0		0	5	
2026-05-27 14:30:57	57.41421	18.00126	1	0	12	0	0	0	0	1.008	13.1	17	1017	16	1	20	0.9	112	-200	112	3000	235	1	0	3	6	6	6	6	0	1	0	64	0	0	0	114	0		0	5	
2026-05-27 14:39:54	57.41244	18.00951	2	0	13	0	0	0	0	1.015	13.1	17	1016	16	1	21	1	112	-200	112	3000	235	1	0	3	6	6	6	6	0	1	0	52	0	0	0	113	0		0	5	
2026-05-27 14:50:58	57.41049	18.0195	2	0	14	0	0	0	0	1.008	13.1	17	1016	16	1	22	1	110	-200	112	3000	235	1	0	3	6	6	6	6	0	1	0	64	0	0	0	113	0		0	5	
2026-05-27 15:00:01	57.40866	18.02745	2	0	15	0	0	0	0	1.013	13.1	16	1016	17	1	18	1	113	-200	112	3000	235	1	0	3	6	6	6	6	0	1	0	53	0	0	0	113	0		0	5	
2026-05-27 15:09:58	57.40599	18.03567	2	0	16	0	0	0	0	1.015	13.1	16	1017	17	1	21	1	121	-100	111	3000	235	1	0	3	6	6	6	6	0	1	0	58	0	0	0	111	0		0	5	
2026-05-27 15:19:56	57.40323	18.04368	2	0	17	0	0	0	0	0.999	13.1	16	1017	17	1	22	1	123	2700	108	3000	235	1	0	3	6	6	6	6	0	1	0	58	0	0	0	108	0		0	5	
2026-05-27 15:29:54	57.4002	18.05208	2	0	18	0	0	0	0	0.981	13.1	16	1017	17	1	21	1	124	2100	104	3000	235	1	0	3	6	6	6	6	0	1	0	44	0	14	0	104	0		0	5	
2026-05-27 15:39:53	57.39987	18.06294	3	0	19	0	0	3	0	0.961	13.1	16	1017	17	1	24	1.1	93	800	55	3000	235	1	0	2	6	6	6	6	0	1	0	0	0	58	0	50	0		0	5	
2026-05-27 15:49:59	57.40152	18.0726	2	0	20	0	0	0	0	0.996	13.1	16	1017	17	1	21	1	73	900	52	3000	235	1	0	2	6	6	6	6	0	1	0	0	0	59	0	49	0		0	5	
2026-05-27 15:59:57	57.40359	18.08109	2	0	21	0	0	0	0	0.991	13.1	16	1017	17	1	22	0.9	66	900	50	3000	235	1	0	2	6	6	6	6	0	1	0	0	0	58	0	49	0		0	5	
2026-05-27 16:10:57	57.40671	18.08979	3	0	22	0	0	0	0	0.991	13.1	16	1017	17	1	18	0.9	56	2600	49	3000	235	1	0	2	6	6	6	6	0	1	0	0	0	64	0	49	0		0	5	
2026-05-27 16:20:00	57.40935	18.09669	1	0	23	0	0	0	0	1.005	13.1	16	1017	17	1	18	0.9	55	2100	47	3000	235	1	0	2	6	6	6	6	0	1	0	0	0	53	0	47	0		0	5	
2026-05-27 16:29:55	57.41223	18.10443	3	0	24	0	0	0	0	1.006	13.1	16	1016	17	1	21	0.9	55	1500	44	3000	235	1	0	2	6	6	6	6	0	1	0	0	0	58	0	44	0		0	5	
2026-05-27 16:39:54	57.41328	18.09921	1	0	25	0	0	0	0	1.041	13.1	16	1017	17	1	22	0.6	291	1700	55	3000	235	1	0	2	6	6	6	6	0	1	0	43	8	7	0	55	0		0	5	
2026-05-27 16:49:54	57.41406	18.09426	1	0	26	0	0	0	0	1.032	13.1	16	1017	17	1	22	0.5	286	1900	62	3000	235	1	0	3	6	6	6	6	0	1	0	42	13	3	0	62	0		0	5	
2026-05-31 08:06:11	57.4227	18.12792	12	1	0	0	0	0	0	0.005	13.4	21	1010	28	0	0	0.2	28	0	349	2000	0	1	0	0	0				1	1	0	0	0	0	0	349	-4	0	-10	5	
2026-05-31 08:10:00	57.42303	18.12858	12	0	1	0	0	0	0	0.005	13.4	21	1009	27	1	32	0.2	46	100	226	2000	0	1	0	1	0	0			1	1	0	6	3	17	0	226	-4	1	-10	5	
2026-05-31 08:15:00	57.42408	18.12864	12	0	2	0	0	0	0	0.005	13.4	22	1009	27	1	29	0.4	2	200	196	2000	235	1	0	0	1	0	0		0	1	0	0	0	40	0	196	4	1	10	5	
2026-05-31 08:20:00	57.42348	18.12843	12	0	3	0	0	1	0	0.005	13.4	22	1009	26	1	31	0.2	191	100	199	2000	275	0	0	1	0	1	0	0	0	1	0	30	0	9	0	199	-4	2	-10	5	
2026-05-31 08:25:00	57.42273	18.12735	12	0	4	0	0	0	0	0.005	13.4	22	1009	26	1	28	0.4	218	0	96	2000	275	0	0	1	0	0	1	0	1	1	0	41	0	0	0	96	-4	0	-10	5	
2026-05-31 08:30:00	57.42192	18.12612	12	0	5	0	0	0	0	0.005	13.4	21	1010	25	1	27	0.4	219	-100	52	2000	275	0	0	1	0	0	0	1	0	1	0	41	0	0	0	52	-4	0	-10	5	
2026-05-31 08:35:00	57.42123	18.12459	12	0	6	0	0	0	0	0.005	13.4	21	1011	25	1	30	0.4	229	-300	50	2000	275	0	0	2	0	0	0	0	0	1	0	41	0	0	0	50	-4	0	-10	5	
2026-05-31 08:40:00	57.42066	18.12297	12	0	7	0	0	0	0	0.005	13.4	21	1011	25	1	31	0.4	237	-400	52	2000	275	0	0	2	0	0	0	0	0	1	0	40	0	0	0	52	-4	0	-10	5	
2026-05-31 08:45:00	57.41997	18.1215	12	0	8	0	0	0	0	0.005	13.4	20	1011	25	1	28	0.4	229	-500	52	2000	275	0	0	2	0	0	0	0	0	1	0	41	0	0	0	52	-4	0	-10	5	
2026-05-31 08:50:00	57.41919	18.12015	12	0	9	0	0	0	0	0.005	13.4	20	1011	25	1	30	0.4	223	-600	50	2000	275	0	0	2	0	0	0	0	0	1	0	40	0	0	0	50	-4	0	-10	5	
2026-05-31 08:55:00	57.41859	18.11895	12	0	10	0	0	0	0	0.005	13.4	19	1011	25	1	31	0.3	227	-700	49	2000	275	0	0	2	0	0	0	0	0	1	0	40	0	0	0	49	-4	0	-10	5	
2026-05-31 09:00:00	57.41796	18.11772	12	0	11	0	0	0	0	0.005	13.4	19	1012	25	1	30	0.3	228	-800	49	2000	275	0	0	2	0	0	0	0	0	1	0	40	0	0	0	49	-4	0	-10	5	
2026-05-31 09:05:00	57.41742	18.11616	12	0	12	0	0	0	0	0.005	13.4	19	1012	25	2	46	0.4	237	-900	50	2000	275	0	0	2	0	0	0	0	0	1	0	37	0	0	0	50	-4	0	-10	5	
2026-05-31 09:10:00	57.41703	18.11448	12	0	13	0	0	0	0	0.005	13.4	19	1012	25	1	30	0.4	246	-1000	52	2000	275	0	0	2	0	0	0	0	0	1	0	41	0	0	0	52	-4	0	-10	5	
2026-05-31 09:15:00	57.41667	18.11283	12	0	14	0	0	0	0	0.005	13.4	18	1012	25	2	50	0.4	248	-1100	53	2000	275	0	0	2	0	0	0	0	0	1	0	36	0	0	0	53	-4	0	-10	5	
2026-05-31 09:20:00	57.41634	18.11121	12	0	15	0	0	0	0	0.005	13.4	18	1012	25	1	29	0.3	249	-1200	55	2000	275	0	0	2	0	0	0	0	0	1	0	41	0	0	0	55	-4	0	-10	5	
2026-05-31 09:25:00	57.41598	18.10962	12	0	16	0	0	0	0	0.005	13.4	18	1011	25	1	27	0.3	247	-1300	56	2000	275	0	0	2	0	0	0	0	0	1	0	41	0	0	0	56	-4	0	-10	5	
2026-05-31 09:30:00	57.41571	18.10785	11	0	17	0	0	0	0	0.005	13.4	18	1012	25	1	32	0.4	255	-1400	57	2000	275	0	0	2	0	0	0	0	0	1	0	40	0	0	0	57	-4	0	-10	5	
2026-05-31 09:35:00	57.41544	18.10608	12	0	18	0	0	0	0	0.005	13.4	18	1012	25	1	31	0.4	254	-1500	58	2000	275	0	0	2	0	0	0	0	0	1	0	40	0	0	0	58	-4	0	-10	5	
2026-05-31 09:40:00	57.41508	18.10431	12	0	19	0	0	0	0	0.005	13.4	17	1012	25	1	29	0.4	249	-1600	59	2000	275	0	0	2	0	0	0	0	0	1	0	41	0	0	0	59	-4	0	-10	5	
2026-05-31 09:45:00	57.41469	18.1026	12	0	20	0	0	0	0	0.005	13.4	17	1012	25	2	54	0.4	248	-1800	60	2000	275	0	0	2	0	0	0	0	0	1	0	36	0	0	0	60	-4	0	-10	5	
2026-05-31 09:50:00	57.41427	18.10092	12	0	21	0	0	0	0	0.005	13.4	17	1012	25	2	44	0.4	245	-1900	60	2000	275	0	0	2	0	0	0	0	0	1	0	38	0	0	0	60	-4	0	-10	5	
2026-05-31 09:55:00	57.41391	18.09939	12	0	22	0	0	0	0	0.005	13.4	17	1012	25	2	59	0.3	247	-2000	60	2000	275	0	0	2	0	0	0	0	0	1	0	35	0	0	0	60	-4	0	-10	5	
2026-05-31 10:00:00	57.41364	18.09825	13	0	23	0	0	0	0	0.005	13.4	17	1012	25	2	48	0.2	246	-2000	60	2000	275	0	0	2	0	0	0	0	0	1	0	37	0	0	0	60	-4	0	-10	5	
2026-05-31 10:05:00	57.41325	18.09759	12	0	24	0	0	0	0	0.005	13.4	16	1012	25	1	42	0.2	222	-2100	60	2000	275	0	0	2	0	0	0	0	0	1	0	38	0	0	0	60	-4	0	-10	5	
2026-05-31 10:10:00	57.41304	18.0963	42	0	25	0	0	0	0	0.005	13.4	16	1012	25	1	31	0.2	252	-2200	60	2000	275	0	0	2	0	0	0	0	0	1	0	40	0	0	0	60	-4	0	-10	5	
2026-05-31 10:15:00	57.41292	18.09534	12	0	26	0	0	0	0	0.005	13.4	16	1012	25	1	64	0.2	256	-2200	61	2000	275	0	0	2	0	0	0	0	0	0	0	34	0	0	0	61	-4	0	-10	5	
2026-05-31 10:20:00	57.41271	18.09405	11	0	27	0	0	0	0	0.005	13.4	16	1012	25	2	69	0.3	254	-2300	61	2000	275	0	0	2	0	0	0	0	0	0	0	32	1	0	0	61	-4	0	-10	5	
2026-05-31 10:25:00	57.41256	18.09315	12	0	28	0	0	0	0	0.005	13.4	16	1012	25	2	54	0.2	254	-2400	62	2000	275	0	0	2	0	0	0	0	0	0	0	36	0	0	0	62	-4	0	-10	5	
2026-05-31 10:30:00	57.41247	18.09186	12	0	29	0	0	0	0	0.005	13.4	16	1012	25	2	51	0.3	262	-2400	62	2000	275	0	0	2	0	0	0	0	0	0	0	36	0	0	0	62	-4	0	-10	5	
2026-05-31 10:35:00	57.41235	18.09054	12	0	0	0	0	0	0	0.005	13.4	16	1012	25	1	30	0.3	259	-2500	63	2000	275	0	0	2	0	0	0	0	0	0	0	41	0	0	0	63	-4	0	-10	5	
2026-05-31 10:45:00	57.41187	18.0879	11	0	2	0	0	0	0	0.005	13.4	16	1013	25	3	88	0.3	252	-2700	63	2000	275	0	0	2	0	0	0	0	0	0	0	29	0	0	0	63	-4	0	-10	5	
2026-05-31 10:50:00	57.41172	18.08637	12	0	3	0	0	0	0	0.005	13.4	16	1012	24	1	28	0.3	258	-2800	64	2000	275	0	0	2	0	0	0	0	0	0	0	41	0	0	0	64	-4	0	-10	5	
2026-05-31 10:55:00	57.41154	18.08472	11	0	4	0	0	0	0	0.005	13.4	16	1013	24	2	59	0.3	259	-2900	64	2000	275	0	0	2	0	0	0	0	0	0	0	34	1	0	0	64	-4	0	-10	5	
2026-05-31 11:00:00	57.41139	18.08301	12	0	5	0	0	0	0	0.005	13.5	16	1013	24	1	32	0.3	262	-3000	65	2000	275	0	0	2	0	0	0	0	0	0	0	40	0	0	0	65	-4	0	-10	5	
2026-05-31 11:05:00	57.41127	18.08115	12	0	6	0	0	0	0	0.005	13.4	16	1013	24	2	45	0.4	262	-3100	66	2000	275	0	0	2	0	0	0	0	0	0	0	38	0	0	0	66	-4	0	-10	5	
2026-05-31 11:10:00	57.41109	18.07914	12	0	7	0	0	0	0	0.005	13.4	16	1013	24	1	33	0.4	261	-3200	66	2000	275	0	0	2	0	0	0	0	0	0	0	40	0	0	0	66	-4	0	-10	5	
2026-05-31 11:15:00	57.411	18.07725	11	0	8	0	0	0	0	0.005	13.4	16	1012	24	1	27	0.4	266	-3300	67	2000	275	0	0	2	0	0	0	0	0	0	0	41	0	0	0	67	-4	0	-10	5	
2026-05-31 11:20:00	57.41091	18.07545	11	0	9	0	0	0	0	0.005	13.5	16	1013	24	1	29	0.4	265	-3400	67	2000	275	0	0	2	0	0	0	0	0	0	0	41	0	0	0	67	-4	0	-10	5	
2026-05-31 11:25:00	57.41085	18.07368	11	0	10	0	0	0	0	0.005	13.5	16	1013	24	1	30	0.4	266	-3500	68	2000	275	0	0	2	0	0	0	0	0	0	0	41	0	0	0	68	-4	0	-10	5	
2026-05-31 11:29:53	57.40944	18.07128	0	0	11	0	0	3	0	1.026	13.2	16	1013	24	1	28	0.8	223	100	224	2000	275	0	0	0	6	0	0	0	0	1	0	26	0	0	0	222	0	24	0	5	
2026-05-31 11:39:58	57.40503	18.0675	3	0	12	0	0	1	0	1.061	13.2	17	1013	23	1	20	0.9	205	-100	225	2000	275	1	0	0	6	6	0	0	0	1	0	59	0	0	0	227	0		0	5	
2026-05-31 11:49:51	57.40098	18.06264	3	0	13	0	0	0	0	1.083	13.1	18	1012	23	1	18	0.9	213	-200	225	2000	275	1	0	0	6	6	6	0	0	1	0	58	0	0	0	230	0		0	5	
2026-05-31 11:59:59	57.39711	18.05622	3	0	14	0	0	0	0	1.083	13.1	18	1012	22	1	21	0.9	222	-200	225	2000	275	1	0	0	6	6	6	6	0	1	0	59	0	0	0	231	0		0	5	
2026-05-31 12:09:55	57.39333	18.0492	2	0	15	0	0	0	0	1.071	13.1	18	1012	22	1	21	1	225	-200	225	2000	275	1	0	0	6	6	6	6	0	1	0	58	0	0	0	231	0		0	5	
2026-05-31 12:19:57	57.38946	18.04179	1	0	16	0	0	0	0	1.067	13.1	18	1012	22	1	17	1	226	-200	225	2000	275	1	0	0	6	6	6	6	0	1	0	59	0	0	0	230	0		0	5	
2026-05-31 12:29:59	57.38616	18.03366	1	0	17	0	0	0	0	1.073	13.2	18	1012	22	1	15	1	233	-100	225	2000	275	1	0	0	6	6	6	6	0	1	0	59	0	0	0	228	0		0	5	
2026-05-31 12:39:54	57.38256	18.0258	3	0	18	0	0	0	0	1.05	13.1	18	1013	22	1	19	1	230	-100	224	2000	275	1	0	0	6	6	6	6	0	1	0	58	0	0	0	226	0		0	5	
2026-05-31 12:49:59	57.3792	18.01839	1	0	19	0	0	0	0	1.07	13.2	18	1013	22	1	19	1	230	0	224	2000	275	1	0	0	6	6	6	6	0	1	0	59	0	0	0	224	0		0	5	
2026-05-31 13:00:00	57.37536	18.01158	2	0	20	0	0	0	0	1.071	13.2	18	1013	22	1	15	1	224	0	224	2000	275	1	0	0	6	6	6	6	0	1	0	59	0	0	0	224	0		0	5	
2026-05-31 13:09:57	57.37143	18.00453	1	0	21	0	0	0	0	1.056	13.1	18	1013	22	1	22	1	224	0	224	2000	275	1	0	0	6	6	6	6	0	1	0	58	0	0	0	224	0		0	5	
2026-05-31 13:29:59	57.36366	17.99046	2	0	23	0	0	0	0	1.053	13.1	18	1013	22	3	77	1	226	0	224	2000	275	1	0	0	6	6	6	6	0	1	0	53	0	0	0	224	0		0	5	
2026-05-31 13:40:00	57.36027	17.98275	2	0	24	0	0	0	0	1.065	13.2	18	1013	22	1	25	1	231	100	224	2000	275	1	0	0	6	6	6	6	0	1	0	58	0	0	0	222	0		0	5	
2026-05-31 13:49:59	57.35655	17.97555	2	0	25	0	0	0	0	1.068	13.2	18	1013	21	1	23	1	226	100	224	2000	275	1	0	0	6	6	6	6	0	1	0	58	0	0	0	222	0		0	5	
2026-05-31 13:59:54	57.35283	17.96862	2	0	26	0	0	0	0	1.068	13.2	19	1013	21	1	18	1	225	100	223	2000	275	1	0	0	6	6	6	6	0	1	0	58	0	0	0	221	0		0	5	
2026-05-31 14:09:53	57.34908	17.96175	3	0	27	0	0	0	0	1.083	13.2	19	1013	21	1	24	1	225	100	223	2000	275	1	0	0	6	6	6	6	0	1	0	58	0	0	0	221	0		0	5	
2026-05-31 14:39:57	57.33726	17.94159	2	0	0	0	0	0	0	1.08	13.2	19	1013	21	3	85	1	223	100	224	2000	275	1	0	0	6	6	6	6	0	1	0	52	0	0	0	222	0		0	5	
2026-05-31 14:49:54	57.33342	17.93481	2	0	1	0	0	0	0	1.08	13.2	20	1013	21	2	42	1	224	100	223	2000	275	1	0	0	6	6	6	6	0	1	0	56	0	0	0	223	0		0	5	
2026-05-31 15:00:57	57.32922	17.92737	1	0	2	0	0	0	0	1.074	13.2	20	1013	21	1	21	1	224	0	223	2000	275	1	0	0	6	6	6	6	0	1	0	64	0	0	0	223	0		0	5	
2026-05-31 15:09:57	57.32592	17.92146	2	0	3	0	0	0	0	1.095	13.1	20	1012	21	1	24	0.9	224	0	223	2000	275	1	0	0	6	6	6	6	0	1	0	52	0	0	0	223	0		0	5	
2026-05-31 15:19:54	57.32238	17.91453	2	0	4	0	0	0	0	1.081	13.1	20	1012	21	1	20	1	226	100	223	2000	275	1	0	0	6	6	6	6	0	1	0	58	0	0	0	222	0		0	5	
2026-05-31 15:29:58	57.31905	17.90832	2	0	5	0	0	0	0	1.094	13.1	20	1012	21	1	19	0.9	225	100	222	2000	275	1	0	0	6	6	6	6	0	1	0	59	0	0	0	222	0		0	5	
2026-05-31 15:39:56	57.31587	17.90199	1	0	6	0	0	0	0	1.08	13.1	20	1013	21	1	21	0.9	227	100	221	2000	275	1	0	0	6	6	6	6	0	1	0	20	5	33	0	221	0		0	5	
2026-05-31 15:50:00	57.31254	17.89593	2	0	7	0	0	0	0	1.085	13.1	19	1013	21	1	19	0.9	224	1900	221	2000	275	1	0	0	6	6	6	6	0	1	0	47	1	11	0	221	0		0	5	
2026-05-31 15:59:54	57.30936	17.89023	1	0	8	0	0	0	0	1.086	13.1	19	1013	21	1	18	0.8	224	1400	219	2000	275	1	0	0	6	6	6	6	0	1	0	30	9	19	0	219	0		0	5	
2026-05-31 16:09:55	57.30606	17.88438	2	0	9	0	0	0	0	1.084	13	19	1013	21	1	16	0.8	224	900	217	2000	275	1	0	0	6	6	6	6	0	1	0	0	1	58	0	217	0		0	5	
2026-05-31 16:20:01	57.30285	17.8794	2	0	10	0	0	0	0	1.09	13.1	19	1013	21	1	20	0.8	220	400	213	2000	275	1	0	0	6	6	6	6	1	1	0	0	49	10	0	213	0		0	5	
2026-05-31 16:29:57	57.29952	17.87535	1	0	11	0	0	0	0	1.091	13.1	19	1013	21	1	20	0.7	214	0	40	2000	275	1	0	1	6	6	6	6	1	1	0	13	45	0	0	40	0		0	5	
2026-05-31 16:39:54	57.29913	17.8764	3	0	12	0	0	0	0	1.087	13.1	18	1013	21	1	20	0.1	125	-100	322	2000	275	1	0	1	6	6	6	6	0	1	0	34	14	10	0	322	0		0	5	
2026-05-31 16:50:00	57.3	17.87571	1	0	13	0	0	0	0	1.085	13.1	18	1013	21	1	19	0.2	336	0	190	2000	275	1	0	0	6	6	6	6	1	1	0	15	44	0	0	190	0		0	5	
2026-05-31 16:59:55	57.29988	17.87511	3	0	14	0	0	0	0	1.071	13.1	18	1012	21	1	18	0.1	248	0	124	2000	275	1	0	0	6	6	6	6	1	1	0	21	32	5	0	124	0		0	5	
2026-05-31 17:10:00	57.29874	17.87523	2	0	15	0	0	0	0	1.066	13	18	1013	21	3	68	0.2	176	-100	12	2000	275	1	0	1	6	6	6	6	1	1	0	35	11	8	0	12	0		0	5	
2026-05-31 17:19:54	57.29967	17.87904	1	0	16	0	0	0	0	1.072	13	18	1012	21	2	38	0.4	66	-200	271	2000	275	1	0	0	6	6	6	6	1	1	0	29	15	12	0	271	0		0	5	
2026-05-31 17:30:00	57.30228	17.8767	2	0	17	0	0	0	0	1.077	13	18	1012	21	3	59	0.5	334	300	193	2000	275	1	0	0	6	6	6	6	1	1	0	1	23	31	0	193	0		0	5	
2026-05-31 17:39:59	57.30003	17.87541	3	0	18	0	0	0	0	1.063	13	17	1013	21	1	23	0.4	197	0	163	2000	275	1	0	0	6	6	6	6	1	1	0	43	8	7	0	163	0		0	5	
2026-05-31 17:49:59	57.29952	17.87544	1	0	19	0	0	0	0	1.06	13	17	1013	21	1	23	0.1	180	0	28	2000	275	1	0	1	6	6	6	6	1	1	0	30	10	18	0	28	0		0	5	
2026-05-31 17:59:57	57.29961	17.87559	1	0	20	0	0	0	0	1.058	13	17	1012	21	2	42	0	48	0	3	2000	275	1	0	1	6	6	6	6	1	1	0	25	12	19	0	3	0		0	5	
2026-05-31 18:09:54	57.29979	17.8752	3	0	21	0	0	0	0	1.059	13	17	1013	21	1	21	0.1	312	0	113	2000	275	1	0	0	6	6	6	6	1	1	0	23	14	21	0	113	0		0	5	
2026-05-31 18:19:56	57.29973	17.8737	2	0	22	0	0	0	0	1.055	13	17	1013	21	2	35	0.1	265	100	91	2000	275	1	0	1	6	6	6	6	0	1	0	23	23	11	0	91	0		0	5	
2026-05-31 18:29:56	57.29931	17.87316	3	0	23	0	0	0	0	1.04	13	17	1013	21	1	24	0.1	215	200	74	2000	275	1	0	1	6	6	6	6	0	1	0	26	16	16	0	74	0		0	5	
2026-05-31 18:39:54	57.29775	17.87316	3	0	24	0	0	0	0	1.047	12.9	17	1013	21	1	22	0.3	180	-300	34	2000	275	1	0	1	6	6	6	6	0	1	0	39	9	10	0	34	0		0	5	
2026-05-31 18:50:00	57.29916	17.87343	1	0	25	0	0	3	0	0.005	13	17	1012	21	1	24	0.3	6	-400	162	2000	275	1	0	3	1	6	6	6	0	1	0	22	0	77	0	162	4	2	10	5	
2026-05-31 19:00:00	57.30033	17.87526	11	0	26	0	0	0	0	0.005	13	16	1013	22	1	18	0.3	40	-200	179	2000	275	1	0	2	3	1	6	6	0	1	0	88	0	13	0	179	-1	2	-10	5	
2026-05-31 19:10:00	57.30132	17.87604	12	0	27	0	0	0	0	0.005	13.1	15	1012	22	1	28	0.2	23	-300	184	2000	165	1	0	0	2	3	1	6	0	1	0	8	1	91	0	184	1	2	10	5	
2026-05-31 19:20:00	57.30195	17.87652	11	0	28	0	0	0	0	0.005	13.1	15	1013	23	1	31	0.1	23	-400	186	2000	165	1	0	0	0	2	3	1	0	1	0	12	33	54	0	186	-4	2	-10	5	
2026-05-31 19:30:00	57.30258	17.87679	11	0	29	0	0	0	0	0.005	13.1	15	1013	23	1	31	0.1	13	-400	186	2000	165	1	0	0	0	0	2	3	0	1	0	100	0	0	0	186	-4	0	-10	5	
2026-05-31 19:40:00	57.30369	17.87847	11	0	0	0	0	0	0	0.005	13.1	14	1013	23	1	26	0.3	39	-600	192	2000	165	1	0	0	0	0	0	2	0	1	0	100	0	0	0	192	-4	0	-10	5	
2026-05-31 19:50:00	57.30438	17.87928	12	0	1	0	0	0	0	0.005	13.1	14	1013	23	1	25	0.1	32	-700	194	2000	165	1	0	1	0	0	0	0	0	1	0	100	0	0	0	194	-4	0	-10	5	
2026-05-31 20:00:00	57.30504	17.87991	11	0	2	0	0	0	0	0.005	13.1	14	1013	23	1	29	0.1	27	-800	195	2000	160	1	0	1	1	0	0	0	0	1	0	100	0	0	0	195	4	1	10	5	
2026-05-31 20:10:00	57.30609	17.88069	12	0	3	0	0	0	0	0.005	13.1	14	1013	23	1	26	0.2	22	-900	196	2000	160	1	0	0	1	1	0	0	0	1	0	77	1	23	0	196	4	1	10	5	
2026-05-31 20:20:00	57.3069	17.88276	12	0	4	0	0	0	0	0.005	13.1	13	1013	23	1	31	0.3	54	-1000	200	2000	200	1	0	1	0	1	1	0	0	1	0	81	2	16	0	200	-4	2	-10	5	
2026-05-31 20:30:00	57.30828	17.88339	12	0	5	0	0	0	0	0.005	13.1	13	1013	23	1	32	0.3	14	-1200	199	2000	215	1	0	0	1	0	1	1	0	1	0	21	1	77	0	199	4	2	10	5	
2026-05-31 20:40:00	57.30864	17.8851	11	0	6	0	0	0	0	0.005	13.1	13	1013	23	2	52	0.2	69	-1300	202	2000	240	1	0	0	0	1	0	1	0	1	0	71	2	22	0	202	-4	2	-10	5	
2026-05-31 20:50:00	57.30951	17.88684	12	0	7	0	0	0	0	0.005	13.1	13	1013	23	3	63	0.2	48	-1400	204	2000	240	1	0	0	0	0	1	0	0	1	0	17	1	76	0	204	-4	0	-10	5	
2026-05-31 21:00:00	57.3099	17.88936	12	0	8	0	0	0	0	0.005	13.1	13	1013	24	2	52	0.3	74	-1500	208	2000	240	1	0	0	0	0	0	1	0	1	0	61	4	31	0	208	-4	0	-10	5	
2026-05-31 21:10:00	57.30924	17.89173	11	0	9	0	0	0	0	0.005	13.1	13	1013	23	1	30	0.3	117	-1600	213	2000	240	1	0	0	0	0	0	0	0	1	0	100	0	0	0	213	-4	0	-10	5	
2026-05-31 21:20:00	57.30867	17.8929	12	0	10	0	0	0	0	0.005	13.1	13	1013	24	2	47	0.2	131	-1600	216	2000	240	1	0	0	0	0	0	0	0	1	0	97	0	0	0	216	-4	0	-10	5	
2026-05-31 21:30:00	57.30822	17.89383	12	0	11	0	0	0	0	0.005	13.1	13	1013	24	1	33	0.1	132	-1600	219	2000	240	1	0	1	0	0	0	0	0	1	0	100	0	0	0	219	-4	0	-10	5	
2026-05-31 21:40:00	57.30924	17.89488	13	0	12	0	0	0	0	0.005	13.1	13	1013	24	3	86	0.2	29	-1700	218	2000	270	1	0	0	1	0	0	0	0	1	0	19	0	69	0	218	4	2	10	5	
2026-05-31 21:50:00	57.30861	17.89629	15	0	13	0	0	0	0	0.005	13.1	13	1013	23	1	33	0.2	130	-1700	221	2000	265	1	0	0	0	1	0	0	0	1	0	81	0	18	0	221	-4	2	-10	5	
2026-05-31 22:00:00	57.3081	17.8968	40	0	14	0	0	0	0	0.005	13.1	13	1013	24	1	34	0.1	151	-1700	223	2000	265	1	0	0	0	0	1	0	0	1	0	100	0	0	0	223	-4	0	-10	5	
2026-05-31 22:10:00	57.30753	17.89788	11	0	15	0	0	0	0	0.005	13.1	13	1013	23	1	57	0.2	134	-1700	226	2000	265	1	0	0	0	0	0	1	0	1	0	95	0	0	0	226	-4	0	-10	5	
2026-05-31 22:20:00	57.30702	17.89956	11	0	16	0	0	0	0	0.005	13.1	13	1013	24	2	58	0.2	120	-1800	229	2000	265	1	0	0	0	0	0	0	0	1	0	95	0	0	0	229	-4	0	-10	5	
2026-05-31 22:30:00	57.30711	17.90151	11	0	17	0	0	0	0	0.005	13.1	13	1013	23	1	28	0.2	85	-1900	231	2000	265	1	0	0	0	0	0	0	0	1	0	63	5	33	0	232	-4	0	-10	5	
2026-05-31 22:40:00	57.30663	17.90421	12	0	18	0	0	0	0	0.005	13.1	13	1013	24	1	24	0.3	108	-2000	235	2000	265	1	0	1	0	0	0	0	0	1	0	100	0	0	0	246	-4	0	-10	5	
2026-05-31 22:50:00	57.30717	17.90478	11	0	19	0	0	0	0	0.005	13.1	13	1013	23	2	47	0.1	31	-2100	234	2000	220	1	0	1	1	0	0	0	0	1	0	28	0	68	0	245	4	2	10	5	
2026-05-31 23:00:00	57.30732	17.90448	12	0	20	0	0	0	0	0.005	13.1	12	1013	24	1	27	0	311	-2100	234	2000	220	1	0	1	1	1	0	0	0	1	0	0	0	100	0	245	4	0	10	5	
2026-05-31 23:10:00	57.3072	17.90418	11	0	21	0	0	0	0	0.005	13.1	12	1013	23	1	30	0	232	-2100	234	2000	220	1	0	1	1	1	1	0	0	1	0	0	0	100	0	245	4	0	10	5	
2026-05-31 23:30:00	57.30618	17.90481	11	0	23	0	0	0	0	0.005	13.1	12	1013	23	3	82	0.1	155	-2000	237	2000	220	1	0	1	1	1	1	1	0	1	0	0	0	90	0	248	4	0	10	5	
2026-05-31 23:50:00	57.30507	17.90706	11	0	25	0	0	0	0	0.005	13.1	12	1013	23	3	108	0.1	123	-2100	242	2000	60	1	0	3	0	1	1	1	0	1	0	36	48	0	0	251	-4	1	-10	5	
2026-06-01 00:00:00	57.30507	17.90718	12	0	26	0	0	0	0	0.005	13.1	12	1013	23	1	32	0	101	-2100	242	2000	60	1	0	2	3	0	1	1	0	1	0	100	0	0	0	251	-1	1	-10	5	
2026-06-01 00:10:00	57.30456	17.90811	12	0	27	0	0	0	0	0.005	13.1	12	1013	23	1	28	0.1	134	-2200	244	2000	45	1	0	3	2	3	0	1	0	1	0	83	17	0	0	251	1	1	10	5	
2026-06-01 00:20:00	57.30405	17.90877	11	0	28	0	0	0	0	0.005	13.1	12	1013	24	1	29	0.1	145	-2200	245	2000	340	1	0	3	3	2	3	0	0	1	0	78	2	16	0	251	-1	2	-10	5	
2026-06-01 00:30:00	57.30318	17.90835	12	0	29	0	0	0	0	0.005	13.1	12	1013	23	1	27	0.2	195	-2100	247	2000	340	1	0	3	3	3	2	3	0	1	0	100	0	0	0	251	-1	0	-10	5	
2026-06-01 00:40:00	57.30285	17.90844	12	0	0	0	0	0	0	0.005	13.1	12	1013	24	1	28	0.1	172	-2100	248	2000	340	1	0	3	3	3	3	2	0	1	0	64	10	26	0	251	-1	2	-10	5	
2026-06-01 00:50:00	57.30288	17.90859	11	0	1	0	0	0	0	0.005	13.1	12	1013	23	1	29	0	71	-2100	248	2000	340	1	0	3	3	3	3	3	0	1	0	100	0	0	0	251	-1	0	-10	5	
2026-06-01 01:00:00	57.30291	17.90922	20	0	2	0	0	0	0	0.005	13.1	12	1013	24	1	28	0.1	81	-2200	249	2000	340	1	0	2	3	3	3	3	0	1	0	100	0	0	0	251	-1	0	-10	5	
2026-06-01 01:10:00	57.30267	17.91009	40	0	3	0	0	0	0	0.005	13.1	12	1013	23	2	53	0.1	119	-2200	250	2000	70	1	0	3	2	3	3	3	0	0	0	15	41	39	0	251	1	2	10	5	
2026-06-01 01:20:00	57.30261	17.91162	11	0	4	0	0	0	0	0.005	13.1	12	1013	24	3	104	0.2	95	-2300	251	2000	160	1	0	2	3	2	3	3	0	0	0	68	1	15	0	251	-1	2	-10	5	
2026-06-01 01:30:00	57.30213	17.91144	11	0	5	0	0	0	0	0.005	13.1	12	1013	24	2	56	0.1	191	-2300	252	2000	160	1	0	2	2	3	2	3	0	0	0	30	0	64	0	252	1	2	10	5	
2026-06-01 01:40:00	57.3012	17.91084	11	0	6	0	0	0	0	0.005	13.1	12	1013	24	1	29	0.2	200	-2200	254	2000	160	1	0	2	2	2	3	2	0	0	0	0	0	100	0	254	1	0	10	5	
2026-06-01 02:00:00	57.29922	17.90907	11	0	8	0	0	0	0	0.005	13.1	12	1013	24	3	111	0.2	208	-2100	259	2000	160	1	0	2	2	2	2	2	0	1	0	0	0	84	0	259	1	0	10	5	
2026-06-01 02:30:00	57.29727	17.90877	12	0	11	0	0	0	0	0.005	13.1	12	1013	23	3	89	0.1	148	-2000	265	2000	155	1	0	2	3	2	2	2	0	1	0	43	2	42	0	265	-1	2	-10	5	
2026-06-01 02:40:00	57.2967	17.90874	11	0	12	0	0	0	0	0.005	13.1	12	1013	23	1	29	0.1	183	-2000	267	2000	160	1	0	2	2	3	2	2	0	1	0	92	8	0	0	267	1	1	10	5	
2026-06-01 02:50:00	57.29613	17.90856	11	0	13	0	0	0	0	0.005	13.1	12	1013	23	2	49	0.1	189	-2000	269	2000	160	1	0	2	2	2	3	2	0	1	0	0	95	1	0	269	1	1	10	5	
2026-06-01 03:00:00	57.2961	17.90784	12	0	14	0	0	0	0	0.005	13.1	13	1013	23	1	31	0.1	264	-1900	269	2000	160	1	0	2	2	2	2	3	0	1	0	0	0	100	0	269	1	0	10	5	
2026-06-01 03:10:00	57.29583	17.90703	14	0	15	0	0	0	0	0.005	13.1	13	1013	23	1	31	0.1	238	-1900	270	2000	160	1	0	2	2	2	2	2	0	1	0	0	0	100	0	270	1	0	10	5	
2026-06-01 03:20:00	57.29562	17.90616	12	0	16	0	0	0	0	0.005	13.1	13	1013	23	1	31	0.1	245	-1800	271	2000	160	1	0	2	2	2	2	2	0	1	0	0	0	100	0	271	1	0	10	5	
2026-06-01 03:30:00	57.29535	17.9049	12	0	17	0	0	0	0	0.005	13.1	13	1013	23	1	27	0.1	250	-1800	272	2000	160	1	0	2	2	2	2	2	0	1	0	0	0	100	0	272	1	0	10	5	
2026-06-01 03:40:00	57.29532	17.90352	12	0	18	0	0	0	0	0.005	13.1	13	1014	23	1	31	0.1	268	-1700	272	2000	160	1	0	2	2	2	2	2	0	1	0	0	0	100	0	272	1	0	10	5	
2026-06-01 03:50:00	57.29553	17.9016	12	0	19	0	0	0	0	0.005	13.1	13	1013	23	1	26	0.2	281	-1600	271	2000	160	1	0	2	2	2	2	2	0	1	0	0	0	100	0	271	1	0	10	5	
2026-06-01 04:00:00	57.29535	17.90055	40	0	20	0	0	0	0	0.005	13.1	13	1013	23	1	27	0.1	253	-1500	272	2000	160	1	0	2	2	2	2	2	0	1	0	0	13	88	0	272	1	0	10	5	
2026-06-01 04:10:00	57.29508	17.89983	11	0	21	0	0	0	0	0.005	13.1	13	1013	23	1	55	0.1	235	-1500	273	2000	160	1	0	2	2	2	2	2	0	1	0	0	52	44	0	273	1	0	10	5	
2026-06-01 04:20:00	57.29472	17.89917	11	0	22	0	0	0	0	0.005	13.1	13	1014	23	1	28	0.1	224	-1400	275	2000	160	1	0	2	2	2	2	2	0	1	0	94	6	0	0	275	1	1	10	5	
2026-06-01 04:30:00	57.29436	17.89833	11	0	23	0	0	0	0	0.005	13.2	13	1013	23	1	28	0.1	233	-1400	277	2000	160	1	0	2	2	2	2	2	0	1	0	100	0	0	0	277	1	0	10	5	
2026-06-01 04:40:00	57.29412	17.89752	11	0	24	0	0	0	0	0.005	13.2	13	1014	23	1	28	0.1	241	-1300	278	2000	160	1	0	2	2	2	2	2	0	1	0	93	8	0	0	278	1	0	10	5	
2026-06-01 04:50:00	57.29406	17.89656	12	0	25	0	0	0	0	0.005	13.2	13	1014	23	1	25	0.1	263	-1300	279	2000	160	1	0	2	2	2	2	2	0	1	0	9	78	14	0	279	1	1	10	5	
2026-06-01 05:00:00	57.29403	17.89641	12	0	26	0	0	0	0	0.005	13.2	13	1014	23	1	32	0	248	-1300	279	2000	160	1	0	2	2	2	2	2	0	1	0	30	11	58	0	279	1	2	10	5	
2026-06-01 05:10:00	57.29523	17.89686	12	0	27	0	0	0	0	0.005	13.2	14	1014	23	1	40	0.2	12	-1300	273	2000	160	1	0	3	2	2	2	2	0	1	0	0	0	99	0	273	1	0	10	5	
2026-06-01 05:20:00	57.29556	17.89767	11	0	28	0	0	0	0	0.005	13.2	14	1014	23	1	31	0.1	53	-1300	271	2000	255	1	0	1	3	2	2	2	0	1	0	87	1	11	0	271	-1	2	-10	5	
2026-06-01 05:30:00	57.29583	17.89701	12	0	29	0	0	0	0	0.005	13.3	14	1014	23	1	27	0.1	308	-1300	270	2000	255	1	0	1	1	3	2	2	0	1	0	32	20	48	0	270	4	2	10	5	
2026-06-01 05:40:00	57.29634	17.89545	12	0	0	0	0	0	0	0.005	13.3	14	1013	23	1	31	0.2	300	-1200	267	2000	255	1	0	1	1	1	3	2	0	1	0	0	0	100	0	267	4	0	10	5	
2026-06-01 06:00:00	57.29832	17.89068	11	0	2	0	0	0	0	0.005	13.3	14	1013	23	3	74	0.3	315	-1000	253	2000	255	1	0	0	1	1	1	1	0	1	0	0	0	92	0	253	4	0	10	5	
2026-06-01 06:10:00	57.29808	17.89182	11	0	3	0	0	0	0	0.005	13.3	15	1013	23	1	26	0.1	112	-1000	256	2000	220	1	0	1	0	1	1	1	0	1	0	79	0	21	0	256	-4	2	-10	5	
2026-06-01 06:20:00	57.29985	17.89101	12	0	4	0	0	0	0	0.005	13.3	15	1014	23	1	29	0.3	346	-1000	244	2000	245	1	0	0	1	0	1	1	0	1	0	14	0	82	0	244	4	2	10	5	
2026-06-01 06:30:00	57.29928	17.89227	12	0	5	0	0	0	0	0.005	13.3	15	1014	23	1	32	0.2	130	-1100	249	2000	245	1	0	1	0	1	0	1	0	1	0	85	0	14	0	249	-4	2	-10	5	
2026-06-01 06:40:00	57.30045	17.89143	12	0	6	0	0	0	0	0.005	13.4	14	1014	23	2	68	0.2	339	-1100	242	2000	235	1	0	1	1	0	1	0	0	1	0	19	0	73	0	242	4	2	10	5	
2026-06-01 06:50:00	57.3018	17.88921	12	0	7	0	0	0	0	0.005	13.4	15	1014	23	1	28	0.3	319	-1100	231	2000	235	1	0	1	1	1	0	1	0	1	0	0	0	100	0	231	4	0	10	5	
2026-06-01 07:00:00	57.30366	17.88816	13	0	8	0	0	0	0	0.005	13.4	15	1014	23	1	27	0.4	343	-1000	221	2000	235	1	0	0	1	1	1	0	0	1	0	0	0	100	0	221	4	0	10	5	
2026-06-01 07:10:00	57.30345	17.89029	41	0	9	0	0	0	0	0.005	13.3	15	1013	23	1	31	0.2	99	-1100	226	2000	230	1	0	0	0	1	1	1	0	1	0	85	0	14	0	226	-4	2	-10	5	
2026-06-01 07:20:00	57.30324	17.89206	11	0	10	0	0	0	0	0.005	13.3	15	1013	22	1	61	0.2	103	-1200	230	2000	230	1	0	0	0	0	1	1	0	1	0	94	0	0	0	230	-4	0	-10	5	
2026-06-01 07:30:00	57.30321	17.89371	11	0	11	0	0	0	0	0.005	13.3	15	1014	22	1	32	0.2	92	-1300	233	2000	230	1	0	0	0	0	0	1	0	1	0	100	0	0	0	233	-4	0	-10	5	
2026-06-01 07:40:00	57.30279	17.89635	11	0	12	0	0	0	0	0.005	13.3	15	1014	23	1	25	0.3	106	-1500	238	2000	230	1	0	1	0	0	0	0	0	1	0	100	0	0	0	238	-4	0	-10	5	
2026-06-01 07:50:00	57.30423	17.89746	11	0	13	0	0	0	0	0.005	13.4	15	1014	23	1	30	0.3	22	-1600	235	2000	245	1	0	0	1	0	0	0	0	1	0	16	0	83	0	235	4	2	10	5	
2026-06-01 08:00:00	57.30459	17.89929	11	0	14	0	0	0	0	0.005	13.3	15	1014	23	2	56	0.2	71	-1700	236	2000	250	1	0	0	0	1	0	0	0	1	0	79	0	15	0	236	-4	2	-10	5	
2026-06-01 08:10:00	57.30495	17.9004	11	0	15	0	0	0	0	0.005	13.4	15	1014	23	3	63	0.1	59	-1700	236	2000	250	1	0	0	0	0	1	0	0	1	0	94	0	0	0	236	-4	0	-10	5	
2026-06-01 08:20:00	57.30525	17.90178	11	0	16	0	0	0	0	0.005	13.3	16	1014	23	1	28	0.1	68	-1800	236	2000	250	1	0	0	0	0	0	1	0	1	0	100	0	0	0	236	-4	0	-10	5	
2026-06-01 08:30:00	57.3051	17.90376	11	0	17	0	0	0	0	0.005	13.3	17	1013	22	1	31	0.2	97	-1900	239	2000	250	1	0	0	0	0	0	0	0	1	0	100	0	0	0	239	-4	0	-10	5	
2026-06-01 08:40:00	57.30462	17.9064	11	0	18	0	0	0	0	0.005	13.4	17	1014	22	1	31	0.3	109	-2100	242	2000	250	1	0	1	0	0	0	0	0	1	0	100	0	0	0	251	-4	0	-10	5	
2026-06-01 08:50:00	57.30633	17.90853	12	0	19	0	0	0	0	0.005	13.4	17	1014	22	1	29	0.4	34	-2300	240	2000	260	1	0	0	1	0	0	0	0	0	0	18	0	82	0	250	4	2	10	5	
2026-06-01 09:00:00	57.3057	17.91168	11	0	20	0	0	0	0	0.005	13.3	18	1014	22	1	31	0.3	110	-2400	243	2000	255	1	0	0	0	1	0	0	0	0	0	88	0	11	0	251	-4	2	-10	5	
2026-06-01 09:10:00	57.30468	17.91465	11	0	21	0	0	0	0	0.005	13.3	18	1014	22	1	29	0.4	122	-2500	247	2000	255	1	0	0	0	0	1	0	0	0	0	100	0	0	0	251	-4	0	-10	5	
2026-06-01 09:20:00	57.30363	17.91756	11	0	22	0	0	0	0	0.005	13.3	18	1014	22	1	25	0.3	123	-2700	251	2000	255	1	0	0	0	0	0	1	0	0	0	100	0	0	0	251	-4	0	-10	5	
2026-06-01 09:30:00	57.3024	17.92044	11	0	23	0	0	0	0	0.005	13.3	18	1014	22	1	25	0.4	129	-2800	255	2000	255	1	0	0	0	0	0	0	0	0	0	100	0	0	0	255	-4	0	-10	5	
2026-06-01 09:40:00	57.30078	17.92284	11	0	24	0	0	0	0	0.005	13.3	18	1014	22	1	25	0.4	141	-2900	259	2000	255	1	0	0	0	0	0	0	0	0	0	100	0	0	0	259	-4	0	-10	5	
2026-06-01 09:50:00	57.29859	17.9241	12	0	25	0	0	0	0	0.005	13.3	18	1014	22	2	44	0.4	163	-2900	264	2000	255	1	0	1	0	0	0	0	0	0	0	98	0	0	0	264	-4	0	-10	5	
2026-06-01 10:00:00	57.30066	17.92263	40	0	26	0	0	0	0	0.005	13.5	18	1014	22	1	27	0.4	339	-2900	259	2000	250	1	0	1	1	0	0	0	0	0	0	11	0	89	0	259	4	2	10	5	
2026-06-01 10:10:00	57.30261	17.92017	11	0	27	0	0	0	0	0.005	13.5	18	1014	22	2	80	0.5	326	-2800	254	2000	250	1	0	1	1	1	0	0	0	0	0	0	0	91	0	254	4	0	10	5	
2026-06-01 10:20:00	57.30396	17.91852	11	0	28	0	0	0	0	0.005	13.4	18	1014	22	1	29	0.3	327	-2700	251	2000	250	1	0	1	1	1	1	0	0	0	0	0	0	100	0	251	4	0	10	5	
2026-06-01 10:30:00	57.30519	17.91702	11	0	29	0	0	0	0	0.005	13.4	18	1014	22	1	30	0.3	327	-2700	247	2000	250	1	0	1	1	1	1	1	0	0	0	0	0	100	0	251	4	0	10	5	
2026-06-01 10:40:00	57.30651	17.9154	11	0	0	0	0	0	0	0.005	13.5	18	1014	22	1	31	0.3	326	-2700	244	2000	250	1	0	1	1	1	1	1	0	0	0	0	0	100	0	251	4	0	10	5	
2026-06-01 10:50:00	57.30846	17.91345	12	0	1	0	0	0	0	0.005	13.5	19	1014	22	1	26	0.4	332	-2600	238	2000	250	1	0	0	1	1	1	1	0	0	0	0	0	100	0	247	4	0	10	5	
2026-06-01 11:00:00	57.30723	17.91645	11	0	2	0	0	0	0	0.005	13.4	19	1014	22	1	29	0.4	127	-2700	243	2000	230	1	0	1	0	1	1	1	0	0	0	89	0	11	0	251	-4	2	-10	5	
2026-06-01 11:10:00	57.30909	17.91552	12	0	3	0	0	0	0	0.005	13.5	19	1014	22	1	28	0.4	344	-2800	238	2000	235	1	0	1	1	0	1	1	0	0	0	10	0	90	0	247	4	2	10	5	
2026-06-01 11:20:00	57.31065	17.91399	11	0	4	0	0	0	0	0.005	13.5	19	1014	22	1	27	0.3	332	-2800	235	2000	235	1	0	1	1	1	0	1	0	0	0	0	1	100	0	243	4	0	10	5	
2026-06-01 11:30:00	57.31203	17.91297	12	0	5	0	0	0	0	0.005	13.4	19	1014	22	1	30	0.3	338	-2800	231	2000	235	1	0	1	1	1	1	0	0	0	0	0	0	100	0	239	4	0	10	5	
2026-06-01 11:40:00	57.31329	17.91225	11	0	6	0	0	0	0	0.005	13.5	18	1014	22	1	30	0.2	343	-2800	229	2000	235	1	0	1	1	1	1	1	0	0	0	0	2	99	0	236	4	0	10	5	
2026-06-01 11:50:00	57.31461	17.91084	12	0	7	0	0	0	0	0.005	13.5	18	1014	22	1	28	0.3	330	-2800	226	2000	235	1	0	1	1	1	1	1	0	0	0	0	0	100	0	233	4	0	10	5	
2026-06-01 12:00:00	57.31581	17.90964	12	0	8	0	0	0	0	0.005	13.5	18	1014	22	1	29	0.3	331	-2900	223	2000	235	1	0	0	1	1	1	1	0	0	0	0	0	100	0	230	4	0	10	5	
2026-06-01 12:10:00	57.31497	17.91339	12	0	9	0	0	0	0	0.005	13.5	18	1014	22	1	35	0.4	112	-3000	227	2000	215	1	0	1	0	1	1	1	0	0	0	88	0	10	0	234	-4	2	-10	5	
2026-06-01 12:20:00	57.31596	17.91264	14	0	10	0	0	0	0	0.005	13.5	18	1014	22	1	31	0.2	338	-3000	225	2000	215	1	0	1	1	0	1	1	0	0	0	9	0	90	0	232	4	2	10	5	
2026-06-01 12:30:00	57.31659	17.91177	12	0	11	0	0	0	0	0.005	13.5	18	1014	22	1	43	0.1	322	-3000	223	2000	215	1	0	1	1	1	0	1	0	0	0	0	1	97	0	230	4	0	10	5	
2026-06-01 12:40:00	57.31686	17.9109	13	0	12	0	0	0	0	0.005	13.5	18	1014	22	1	31	0.1	302	-3000	222	2000	215	1	0	1	1	1	1	0	0	0	0	0	1	99	0	229	4	0	10	5	
2026-06-01 12:50:00	57.31704	17.91027	41	0	13	0	0	0	0	0.005	13.5	18	1014	22	1	31	0.1	298	-3000	222	2000	215	1	0	1	1	1	1	1	0	0	0	0	0	100	0	228	4	0	10	5	
2026-06-01 13:00:00	57.3171	17.90982	11	0	14	0	0	0	0	0.005	13.5	17	1014	22	1	60	0.1	283	-3000	221	2000	215	1	0	1	1	1	1	1	0	0	0	0	4	91	0	228	4	0	10	5	
2026-06-01 13:10:00	57.31701	17.90937	11	0	15	0	0	0	0	0.005	13.5	17	1014	22	1	28	0	251	-2900	221	2000	215	1	0	1	1	1	1	1	0	0	0	0	1	100	0	228	4	0	10	5	
2026-06-01 13:20:00	57.31713	17.90871	12	0	16	0	0	0	0	0.005	13.5	17	1014	22	1	28	0.1	287	-2900	220	2000	215	1	0	1	1	1	1	1	0	0	0	0	0	100	0	227	4	0	10	5	
2026-06-01 13:30:00	57.31728	17.90736	11	0	17	0	0	0	0	0.005	13.5	17	1014	22	1	31	0.1	283	-2900	219	2000	215	1	0	1	1	1	1	1	0	0	0	0	0	100	0	226	4	0	10	5	
2026-06-01 13:40:00	57.3171	17.90661	11	0	18	0	0	0	0	0.005	13.6	17	1014	23	1	26	0.1	244	-2800	218	2000	215	1	0	1	1	1	1	1	0	0	0	0	0	100	0	225	4	0	10	5	
2026-06-01 14:00:00	57.31656	17.90403	12	0	20	0	0	0	0	0.005	13.5	16	1014	23	3	97	0.2	247	-2700	217	2000	215	1	0	1	1	1	1	1	0	0	0	0	1	86	0	224	4	0	10	5	
2026-06-01 14:10:00	57.31599	17.90292	11	0	21	0	0	0	0	0.005	13.5	16	1014	23	1	34	0.2	228	-2600	216	2000	215	1	0	1	1	1	1	1	0	0	0	0	0	100	0	224	4	0	10	5	
2026-06-01 14:20:00	57.31554	17.90187	11	0	22	0	0	0	0	0.005	13.4	16	1014	23	2	54	0.1	231	-2500	216	2000	215	1	0	1	1	1	1	1	0	0	0	0	3	93	0	224	4	0	10	5	
2026-06-01 14:30:00	57.31491	17.90115	12	0	23	0	0	0	0	0.005	13.4	16	1014	23	1	32	0.1	212	-2400	216	2000	215	1	0	1	1	1	1	1	0	0	0	0	1	99	0	224	4	0	10	5	
2026-06-01 14:40:00	57.31437	17.90025	11	0	24	0	0	0	0	0.005	13.4	16	1014	23	3	76	0.1	221	-2300	216	2000	215	1	0	1	1	1	1	1	0	0	0	0	4	87	0	224	4	0	10	5	
2026-06-01 15:00:00	57.31362	17.89773	13	0	26	0	0	0	0	0.005	13.4	15	1014	23	3	98	0.2	253	-2200	214	2000	215	1	0	1	1	1	1	1	0	1	0	0	4	83	0	223	4	0	10	5	
2026-06-01 15:10:00	57.3132	17.89614	12	0	27	0	0	0	0	0.005	13.6	15	1014	23	1	45	0.2	244	-2100	213	2000	215	1	0	1	1	1	1	1	0	1	0	0	2	95	0	222	4	0	10	5	
2026-06-01 15:20:00	57.31284	17.89464	12	0	28	0	0	0	0	0.005	13.9	15	1014	23	1	38	0.2	246	-2000	211	2000	215	1	0	1	1	1	1	1	0	1	0	0	1	98	0	220	4	0	10	5	
2026-06-01 15:30:00	57.31227	17.8923	12	0	29	0	0	0	0	0.005	13.8	15	1013	23	1	32	0.3	246	-1800	209	2000	215	1	0	1	1	1	1	1	0	1	0	0	1	99	0	212	4	0	10	5	
2026-06-01 15:40:00	57.31167	17.88981	14	0	0	0	0	0	0	0.005	13.8	15	1014	23	1	29	0.3	246	-1700	206	2000	215	1	0	1	1	1	1	1	0	1	0	0	0	100	0	206	4	0	10	5	
2026-06-01 15:50:00	57.31116	17.88756	13	0	1	0	0	0	0	0.005	13.8	15	1013	23	1	34	0.2	247	-1600	203	2000	215	1	0	1	1	1	1	1	0	1	0	0	0	100	0	203	4	0	10	5	
2026-06-01 16:00:00	57.31101	17.88465	40	0	2	0	0	0	0	0.005	13.8	15	1013	23	1	31	0.3	264	-1500	198	2000	215	1	0	1	1	1	1	1	0	1	0	0	7	93	0	198	4	0	10	5	
2026-06-01 16:10:00	57.3105	17.88186	11	0	3	0	0	0	0	0.005	13.7	15	1013	23	1	55	0.3	251	-1300	193	2000	215	1	0	1	1	1	1	1	0	1	0	0	1	95	0	193	4	0	10	5	
2026-06-01 16:20:00	57.30987	17.87805	12	0	4	0	0	0	0	0.005	13.7	15	1013	23	1	30	0.4	253	-1200	186	2000	215	1	0	1	1	1	1	1	0	1	0	0	1	100	0	186	4	0	10	5	
2026-06-01 16:30:00	57.30921	17.87427	12	0	5	0	0	0	0	0.005	13.7	15	1013	23	1	31	0.4	252	-1100	177	2000	215	1	0	0	1	1	1	1	0	1	0	0	0	100	0	177	4	0	10	5	
2026-06-01 16:40:00	57.30879	17.87859	12	0	6	0	0	0	0	0.005	13.7	15	1013	23	2	59	0.4	100	-1100	188	2000	175	1	0	1	0	1	1	1	0	1	0	80	7	4	0	188	-4	2	-10	5	
2026-06-01 16:50:00	57.30876	17.8752	12	0	7	0	0	0	0	0.005	13.6	15	1013	23	1	32	0.3	269	-1100	180	2000	185	1	0	0	1	0	1	1	0	1	0	8	1	90	0	180	4	3	10	5	
2026-06-01 17:00:00	57.30831	17.87943	12	0	8	0	0	0	0	0.005	13.6	15	1013	23	1	33	0.4	102	-1100	190	2000	185	1	0	1	0	1	0	1	0	1	0	91	0	8	0	190	-4	2	-10	5	
2026-06-01 17:10:00	57.3081	17.87673	11	0	9	0	0	0	0	0.005	13.6	15	1013	23	1	33	0.3	263	-1000	183	2000	185	1	0	0	1	0	1	0	0	1	0	9	1	89	0	183	4	2	10	5	
2026-06-01 17:20:00	57.30765	17.88201	12	0	10	0	0	0	0	0.005	13.6	15	1013	23	1	30	0.5	99	-1100	197	2000	185	1	0	1	0	1	0	1	0	1	0	92	0	7	0	197	-4	2	-10	5	
2026-06-01 17:40:00	57.30729	17.87613	11	0	12	0	0	0	0	0.005	13.6	14	1013	23	3	97	0.3	256	-900	182	2000	185	1	0	0	1	1	0	1	0	1	0	0	4	83	0	182	4	0	10	5	
2026-06-01 17:50:00	57.30714	17.87994	12	0	13	0	0	0	0	0.005	13.5	14	1013	23	2	54	0.4	94	-1000	192	2000	175	1	0	1	0	1	1	0	0	1	0	88	0	7	0	192	-4	2	-10	5	
2026-06-01 18:00:00	57.30663	17.87763	12	0	14	0	0	0	0	0.005	13.5	14	1013	23	1	33	0.2	248	-900	186	2000	175	1	0	1	1	0	1	1	0	1	0	7	1	91	0	186	4	2	10	5	
2026-06-01 18:10:00	57.30603	17.87403	11	0	15	0	0	0	0	0.005	13.5	14	1013	23	1	33	0.4	253	-700	176	2000	175	1	0	0	1	1	0	1	0	1	0	0	1	99	0	176	4	0	10	5	
2026-06-01 18:20:00	57.30588	17.87826	11	0	16	0	0	0	0	0.005	13.5	14	1013	23	1	29	0.4	94	-800	189	2000	175	1	0	1	0	1	1	0	0	1	0	91	0	9	0	189	-4	2	-10	5	
2026-06-01 18:40:00	57.30534	17.87205	12	0	18	0	0	0	0	0.005	13.5	14	1013	23	3	81	0.4	261	-700	169	2000	180	1	0	0	1	1	0	1	0	1	0	0	0	90	0	169	4	0	10	5	
2026-06-01 18:50:00	57.30513	17.87592	11	0	19	0	0	0	0	0.005	13.5	14	1013	23	1	39	0.4	95	-700	182	2000	180	1	0	1	0	1	1	0	0	1	0	89	0	9	0	182	-4	2	-10	5	
2026-06-01 19:00:00	57.30477	17.87331	41	0	20	0	0	0	0	0.005	13.5	14	1013	23	3	76	0.3	255	-600	173	2000	175	1	0	0	1	0	1	1	0	1	0	8	3	79	0	173	4	2	10	5	
2026-06-01 19:10:00	57.3051	17.87766	11	0	21	0	0	0	0	0.005	13.5	14	1013	23	1	59	0.5	82	-700	187	2000	170	1	0	1	0	1	0	1	0	1	0	81	4	6	0	187	-4	2	-10	5	
2026-06-01 19:20:00	57.30534	17.87511	11	0	22	0	0	0	0	0.005	13.5	14	1013	23	1	29	0.3	280	-700	179	2000	180	1	0	1	1	0	1	0	0	1	0	6	6	88	0	179	4	2	10	5	
2026-06-01 19:30:00	57.30543	17.87196	11	0	23	0	0	0	0	0.005	13.4	14	1013	23	1	29	0.3	272	-700	169	2000	180	1	0	0	1	1	0	1	0	1	0	0	5	96	0	169	4	0	10	5	
2026-06-01 19:40:00	57.30513	17.87616	11	0	24	0	0	0	0	0.005	13.4	14	1013	23	1	29	0.4	98	-700	183	2000	185	1	0	0	0	1	1	0	0	1	0	92	0	8	0	183	-4	2	-10	5	
2026-06-01 19:50:00	57.30462	17.88075	11	0	25	0	0	0	0	0.005	13.4	14	1013	23	1	41	0.5	102	-700	198	2000	185	1	0	1	0	0	1	1	0	1	0	96	2	0	0	198	-4	0	-10	5	
2026-06-01 20:00:00	57.3045	17.87763	11	0	26	0	0	0	0	0.005	13.4	14	1013	23	1	28	0.3	266	-600	188	2000	185	1	0	1	1	0	0	1	0	1	0	8	0	92	0	188	4	2	10	5	
2026-06-01 20:10:00	57.30423	17.87412	12	0	27	0	0	0	0	0.005	13.4	14	1013	23	1	32	0.4	262	-500	175	2000	185	1	0	0	1	1	0	0	0	1	0	0	0	100	0	175	4	0	10	5	
2026-06-01 20:30:00	57.30441	17.87673	11	0	29	0	0	0	0	0.005	13.4	14	1013	23	3	81	0.2	278	-600	185	2000	180	1	0	1	1	0	1	1	0	1	0	7	2	80	0	185	4	2	10	5	
2026-06-01 20:40:00	57.30444	17.87406	11	0	0	0	0	0	0	0.005	13.4	13	1013	23	1	29	0.3	271	-600	175	2000	180	1	0	0	1	1	0	1	0	1	0	0	3	98	0	175	4	0	10	5	
2026-06-01 20:50:00	57.30417	17.87841	12	0	1	0	0	0	0	0.005	13.4	13	1013	23	1	30	0.4	97	-600	191	2000	185	1	0	1	0	1	1	0	0	1	0	91	1	7	0	191	-4	2	-10	5	
2026-06-01 21:00:00	57.30426	17.87589	12	0	2	0	0	0	0	0.005	13.4	13	1013	23	1	32	0.3	273	-600	182	2000	185	1	0	0	1	0	1	1	0	1	0	8	3	88	0	182	4	2	10	5	
2026-06-01 22:00:00	57.3051	17.87793	11	0	8	0	0	0	0	0.005	13.3	13	1013	23	3	106	0.4	301	-700	188	2000	205	1	0	0	1	0	1	0	0	1	0	5	1	78	0	188	4	2	10	5	
2026-06-01 22:10:00	57.30471	17.88243	12	0	9	0	0	0	0	0.005	13.3	13	1013	23	2	47	0.5	99	-800	203	2000	200	1	0	1	0	1	0	1	0	1	0	89	1	6	0	203	-4	2	-10	5	
2026-06-01 22:20:00	57.30558	17.87922	11	0	10	0	0	0	0	0.005	13.3	13	1013	23	1	27	0.4	296	-800	192	2000	195	1	0	0	1	0	1	0	0	1	0	8	1	91	0	192	4	2	10	5	
2026-06-01 22:30:00	57.30546	17.88342	11	0	11	0	0	0	0	0.005	13.3	13	1013	23	2	46	0.4	93	-900	204	2000	195	1	0	1	0	1	0	1	0	1	0	87	1	8	0	204	-4	2	-10	5	
2026-06-01 22:40:00	57.30624	17.88117	12	0	12	0	0	0	0	0.005	13.3	13	1013	23	1	29	0.3	303	-900	197	2000	195	1	0	1	1	0	1	0	0	1	0	8	5	87	0	197	4	2	10	5	
2026-06-01 22:50:00	57.30687	17.87724	12	0	13	0	0	0	0	0.005	13.3	13	1013	23	1	30	0.4	286	-900	185	2000	195	1	0	0	1	1	0	1	0	1	0	0	0	100	0	185	4	0	10	5	
2026-06-01 23:00:00	57.30666	17.88204	11	0	14	0	0	0	0	0.005	13.3	13	1013	23	1	30	0.5	94	-1000	198	2000	190	1	0	1	0	1	1	0	0	1	0	91	0	8	0	198	-4	2	-10	5	
2026-06-01 23:10:00	57.30747	17.87967	12	0	15	0	0	0	0	0.005	13.3	13	1013	23	1	27	0.3	302	-1000	191	2000	195	1	0	0	1	0	1	1	0	1	0	13	1	86	0	191	4	2	10	5	
2026-06-01 23:20:00	57.30735	17.88477	12	0	16	0	0	0	0	0.005	13.3	13	1013	23	1	29	0.5	93	-1100	204	2000	195	1	0	1	0	1	0	1	0	1	0	87	5	8	0	204	-4	2	-10	5	
2026-06-01 23:30:00	57.30786	17.88153	12	0	17	0	0	0	0	0.005	13.3	13	1013	23	1	27	0.3	286	-1100	195	2000	190	1	0	1	1	0	1	0	0	1	0	7	0	93	0	195	4	2	10	5	
2026-06-01 23:40:00	57.30804	17.8779	12	0	18	0	0	0	0	0.005	13.3	13	1013	23	1	29	0.4	276	-1000	186	2000	190	1	0	1	1	1	0	1	0	1	0	0	0	100	0	186	4	0	10	5	
2026-06-01 23:50:00	57.30807	17.87538	13	0	19	0	0	0	0	0.005	13.3	13	1013	23	1	28	0.2	271	-1000	180	2000	190	1	0	1	1	1	1	0	0	1	0	0	1	100	0	180	4	0	10	5	
2026-06-02 00:00:00	57.30774	17.87235	40	0	20	0	0	0	0	0.005	13.3	13	1013	23	1	30	0.3	258	-900	172	2000	190	1	0	0	1	1	1	1	0	1	0	0	0	100	0	172	4	0	10	5	
2026-06-02 00:10:00	57.30777	17.8773	12	0	21	0	0	0	0	0.005	13.3	13	1013	23	1	55	0.5	89	-1000	185	2000	175	1	0	1	0	1	1	1	0	1	0	87	0	7	0	185	-4	2	-10	5	
2026-06-02 00:20:00	57.30759	17.87496	12	0	22	0	0	0	0	0.005	13.3	13	1013	23	1	29	0.2	262	-900	179	2000	175	1	0	1	1	0	1	1	0	1	0	8	3	89	0	179	4	2	10	5	
2026-06-02 00:30:00	57.30705	17.87307	12	0	23	0	0	0	0	0.005	13.3	13	1013	23	1	29	0.2	242	-900	174	2000	175	1	0	1	1	1	0	1	0	1	0	0	0	100	0	174	4	0	10	5	
2026-06-02 01:10:00	57.3072	17.87277	13	0	27	0	0	0	0	0.005	13.3	13	1013	23	3	85	0.1	321	-900	173	2000	175	1	0	0	1	1	0	1	0	1	0	21	11	58	0	173	4	0	10	5	
2026-06-02 01:20:00	57.30762	17.87598	13	0	28	0	0	0	0	0.005	13.3	13	1013	23	1	28	0.3	76	-900	182	2000	180	1	0	1	0	1	1	0	0	1	0	86	3	11	0	182	-4	2	-10	5	
2026-06-02 01:30:00	57.30756	17.87547	13	0	29	0	0	0	0	0.005	13.3	13	1012	23	1	30	0.1	259	-900	180	2000	165	1	0	1	1	0	1	1	0	1	0	11	1	87	0	180	4	2	10	5	
2026-06-02 01:40:00	57.30711	17.87475	13	0	0	0	0	0	0	0.005	13.3	13	1013	23	1	30	0.1	222	-900	178	2000	165	1	0	1	1	1	0	1	0	1	0	0	10	91	0	178	4	0	10	5	
2026-06-02 01:50:00	57.30735	17.87397	41	0	1	0	0	0	0	0.005	13.3	13	1013	23	2	67	0.1	300	-900	176	2000	165	1	0	1	1	1	1	0	0	1	0	0	13	80	0	176	4	0	10	5	
2026-06-02 02:00:00	57.3072	17.87307	11	0	2	0	0	0	0	0.005	13.3	13	1013	23	2	74	0.1	253	-900	174	2000	165	1	0	1	1	1	1	1	0	1	0	0	4	88	0	174	4	0	10	5	
2026-06-02 02:10:00	57.30729	17.87292	12	0	3	0	0	0	0	0.005	13.3	13	1013	23	1	31	0	305	-900	173	2000	165	1	0	1	1	1	1	1	0	1	0	0	11	89	0	173	4	0	10	5	
2026-06-02 02:20:00	57.30735	17.87295	11	0	4	0	0	0	0	0.005	13.3	13	1013	23	1	29	0	16	-900	173	2000	165	1	0	0	1	1	1	1	0	1	0	0	19	82	0	173	4	0	10	5	
2026-06-02 02:30:00	57.30753	17.87505	11	0	5	0	0	0	0	0.005	13.3	13	1012	23	2	63	0.2	82	-900	179	2000	175	1	0	1	0	1	1	1	0	1	0	75	6	12	0	179	-4	2	-10	5	
2026-06-02 02:40:00	57.30774	17.87532	12	0	6	0	0	0	0	0.005	13.3	13	1013	23	2	71	0	32	-900	180	2000	185	1	0	0	1	0	1	1	0	1	0	16	13	62	0	180	4	2	10	5	
2026-06-02 02:50:00	57.3078	17.87748	13	0	7	0	0	0	0	0.005	13.3	13	1013	23	1	32	0.2	88	-1000	185	2000	190	1	0	0	0	1	0	1	0	1	0	73	11	15	0	185	-4	2	-10	5	
2026-06-02 03:00:00	57.30753	17.87955	11	0	8	0	0	0	0	0.005	13.3	13	1013	23	2	65	0.2	104	-1000	191	2000	190	1	0	0	0	0	1	0	0	1	0	85	9	0	0	191	-4	0	-10	5	
2026-06-02 03:10:00	57.3075	17.88111	13	0	9	0	0	0	0	0.005	13.4	13	1013	23	1	28	0.2	91	-1000	195	2000	190	1	0	0	0	0	0	1	0	1	0	71	30	0	0	195	-4	0	-10	5	
2026-06-02 03:20:00	57.30744	17.88255	12	0	10	0	0	0	0	0.005	13.4	13	1013	23	1	31	0.1	94	-1100	198	2000	190	1	0	0	0	0	0	0	0	1	0	83	17	0	0	198	-4	0	-10	5	
2026-06-02 03:30:00	57.30735	17.88384	12	0	11	0	0	0	0	0.005	13.6	13	1013	23	1	31	0.1	97	-1100	202	2000	190	1	0	0	0	0	0	0	0	1	0	79	19	2	0	202	-4	0	-10	5	
2026-06-02 03:40:00	57.30723	17.88588	12	0	12	0	0	0	0	0.005	13.8	13	1013	23	1	33	0.2	97	-1200	206	2000	190	1	0	1	0	0	0	0	0	1	0	97	3	0	0	206	-4	0	-10	5	
2026-06-02 03:50:00	57.30729	17.88606	12	0	13	0	0	0	0	0.005	13.8	13	1013	23	1	28	0	58	-1200	207	2000	190	1	0	1	1	0	0	0	0	1	0	17	14	69	0	207	4	2	10	5	
2026-06-02 04:00:00	57.30723	17.88558	40	0	14	0	0	0	0	0.005	13.8	13	1013	23	1	34	0	258	-1200	206	2000	190	1	0	1	1	1	0	0	0	1	0	0	16	84	0	206	4	0	10	5	
2026-06-02 04:10:00	57.30717	17.88507	12	0	15	0	0	0	0	0.005	13.8	14	1013	23	1	53	0.1	259	-1100	205	2000	190	1	0	1	1	1	1	0	0	1	0	0	16	80	0	205	4	0	10	5	
2026-06-02 04:20:00	57.30711	17.88459	12	0	16	0	0	0	0	0.005	13.8	14	1013	23	1	28	0	256	-1100	204	2000	190	1	0	1	1	1	1	1	0	1	0	0	14	87	0	204	4	0	10	5	
2026-06-02 04:30:00	57.30705	17.88396	11	0	17	0	0	0	0	0.005	13.8	14	1013	23	1	30	0.1	256	-1100	202	2000	190	1	0	1	1	1	1	1	0	1	0	0	15	86	0	202	4	0	10	5	
2026-06-02 04:40:00	57.30714	17.88318	11	0	18	0	0	0	0	0.005	13.8	14	1013	23	1	26	0.1	285	-1100	200	2000	190	1	0	0	1	1	1	1	0	1	0	0	18	83	0	200	4	0	10	5	
2026-06-02 04:50:00	57.30672	17.88417	12	0	19	0	0	0	0	0.005	13.7	14	1013	23	1	24	0.1	130	-1100	203	2000	210	1	0	1	0	1	1	1	0	1	0	86	9	6	0	203	-4	2	-10	5	
2026-06-02 05:00:00	57.30708	17.88381	12	0	20	0	0	0	0	0.005	13.7	14	1013	23	1	31	0.1	333	-1100	202	2000	230	1	0	0	1	0	1	1	0	1	0	20	8	71	0	202	4	2	10	5	
2026-06-02 05:10:00	57.30672	17.88483	12	0	21	0	0	0	0	0.005	13.7	14	1012	23	3	67	0.1	125	-1100	205	2000	225	1	0	0	0	1	0	1	0	1	0	72	4	16	0	205	-4	2	-10	5	
2026-06-02 05:20:00	57.30651	17.88582	12	0	22	0	0	0	0	0.005	13.7	15	1013	23	1	28	0.1	111	-1100	208	2000	225	1	0	0	0	0	1	0	0	1	0	70	22	9	0	208	-4	0	-10	5	
2026-06-02 05:30:00	57.30588	17.8866	12	0	23	0	0	0	0	0.005	13.7	15	1013	22	1	32	0.1	145	-1100	211	2000	225	1	0	0	0	0	0	1	0	1	0	95	5	0	0	211	-4	0	-10	5	
2026-06-02 05:40:00	57.30564	17.88729	12	0	24	0	0	0	0	0.005	13.6	15	1013	23	1	40	0.1	122	-1100	213	2000	225	1	0	0	0	0	0	0	0	1	0	85	14	0	0	213	-4	0	-10	5	
2026-06-02 05:50:00	57.30552	17.88825	12	0	25	0	0	0	0	0.005	13.6	15	1013	23	1	29	0.1	104	-1100	216	2000	225	1	0	1	0	0	0	0	0	1	0	86	15	0	0	216	-4	0	-10	5	
2026-06-02 06:00:00	57.30549	17.88786	12	0	26	0	0	0	0	0.005	13.6	15	1013	23	1	31	0	262	-1100	215	2000	190	1	0	1	1	0	0	0	0	1	0	5	26	68	0	215	4	2	10	5	
2026-06-02 06:10:00	57.30543	17.8875	12	0	27	0	0	0	0	0.005	13.6	15	1013	23	1	37	0	253	-1100	214	2000	190	1	0	1	1	1	0	0	0	1	0	0	15	84	0	214	4	0	10	5	
2026-06-02 06:20:00	57.30534	17.88708	13	0	28	0	0	0	0	0.005	13.6	15	1013	23	1	38	0	248	-1100	214	2000	190	1	0	1	1	1	1	0	0	1	0	0	18	81	0	214	4	0	10	5	
2026-06-02 06:30:00	57.3048	17.8863	41	0	29	0	0	0	0	0.005	13.6	15	1013	22	1	32	0.1	219	-1000	213	2000	190	1	0	1	1	1	1	1	0	1	0	0	4	96	0	213	4	0	10	5	
2026-06-02 06:40:00	57.30429	17.88507	11	0	0	0	0	0	0	0.005	13.6	16	1013	22	1	68	0.2	231	-900	212	2000	190	1	0	1	1	1	1	1	0	1	0	0	3	90	0	212	4	0	10	5	
2026-06-02 06:50:00	57.3033	17.8836	11	0	1	0	0	0	0	0.005	13.6	16	1013	22	1	32	0.2	219	-800	211	2000	190	1	0	1	1	1	1	1	0	1	0	0	1	99	0	211	4	0	10	5	
2026-06-02 07:00:00	57.30222	17.88198	12	0	2	0	0	0	0	0.005	13.6	16	1013	22	1	31	0.3	219	-600	209	2000	190	1	0	1	1	1	1	1	0	1	0	0	1	99	0	209	4	0	10	5	
2026-06-02 07:10:00	57.30129	17.88012	12	0	3	0	0	0	0	0.005	13.6	16	1013	22	1	30	0.3	226	-500	205	2000	190	1	0	1	1	1	1	1	0	1	0	0	0	100	0	205	4	0	10	5	
2026-06-02 07:20:00	57.30066	17.87841	12	0	4	0	0	0	0	0.005	13.6	17	1013	22	1	29	0.2	236	-300	199	2000	190	1	0	1	1	1	1	1	0	1	0	0	2	99	0	199	4	0	10	5	
2026-06-02 07:25:00	57.30045	17.87745	12	0	5	0	0	1	0	0.005	13.5	17	1013	22	3	83	0.2	248	-300	193	2000	190	1	0	1	1	1	1	1	0	1	0	0	1	29	0	193	4	0	10	5	
2026-06-02 07:30:00	57.3003	17.87643	12	0	6	0	0	2	0	0.005	13.5	16	1013	22	1	34	0.2	256	-600	266	2000	190	1	0	1	1	1	1	1	0	1	0	0	1	39	0	266	4	0	10	5	
2026-06-02 07:35:00	57.30015	17.87526	12	0	7	0	0	0	0	0.005	13.5	16	1013	22	1	37	0.2	257	-500	267	2000	190	1	0	1	1	1	1	1	0	1	0	0	4	35	0	267	4	0	10	5	
2026-06-02 07:40:00	57.30006	17.87421	11	0	8	0	0	0	0	0.005	13.5	16	1013	22	2	50	0.2	260	-400	268	2000	190	1	0	1	1	1	1	1	0	1	0	0	3	34	0	268	4	0	10	5	
2026-06-02 07:45:00	57.30003	17.87328	11	0	9	0	0	0	0	0.005	13.5	16	1013	22	1	32	0.2	268	-400	268	2000	190	1	0	1	1	1	1	1	0	1	0	0	6	34	0	268	4	0	10	5	
2026-06-02 07:49:56	57.3003	17.87022	3	0	10	0	0	1	0	1.038	13.3	17	1013	22	1	29	0.6	279	200	258	2000	190	1	0	1	6	1	1	1	0	1	0	0	2	24	0	258	0	26	0	5	
2026-06-02 07:55:59	57.3	17.86686	2	0	11	0	0	0	0	1.061	13.2	17	1013	22	1	21	0.6	260	0	107	2000	190	1	0	0	6	6	1	1	1	1	0	0	11	23	0	107	0		0	5	
2026-06-02 07:59:59	57.29871	17.86743	2	0	12	0	0	2	0	1.12	13.2	18	1013	21	1	23	0.6	166	-700	182	2000	190	1	0	0	6	6	6	1	0	1	0	11	11	0	0	182	0	22	0	5	
2026-06-02 08:04:54	57.29706	17.86764	3	0	13	0	0	0	0	1.108	13.2	18	1013	21	1	18	0.6	176	-500	184	2000	190	1	0	0	6	6	6	6	0	1	0	4	24	0	0	184	0	27	0	5	
2026-06-02 08:09:53	57.29544	17.86749	2	0	14	0	0	0	0	1.113	13.1	18	1013	21	1	23	0.6	183	-400	185	2000	190	1	0	0	6	6	6	6	0	1	0	2	26	0	0	185	0	26	0	5	
2026-06-02 08:14:56	57.29373	17.86755	2	0	15	0	0	0	0	1.118	13.1	18	1013	21	1	18	0.6	179	-200	191	2000	190	1	0	1	6	6	6	6	1	1	0	6	23	0	0	191	0	29	0	5	
2026-06-02 08:19:54	57.29208	17.86701	2	0	16	0	0	0	0	1.117	13.2	19	1013	21	3	71	0.6	190	0	1	2000	190	1	0	1	6	6	6	6	1	1	0	7	16	0	0	1	0	22	0	5	
2026-06-02 08:24:54	57.29181	17.86914	2	0	17	0	0	2	0	1.094	13.2	19	1013	20	1	24	0.4	103	900	85	2000	190	1	0	3	6	6	6	6	0	1	0	22	5	1	0	85	0	26	0	5	
2026-06-02 08:29:53	57.29301	17.87286	2	0	18	0	0	0	0	1.083	13.3	19	1013	20	1	23	0.9	59	-700	95	2000	190	1	0	3	6	6	6	6	0	1	0	28	0	0	0	95	0	26	0	5	
2026-06-02 08:34:55	57.29352	17.87712	2	0	19	0	0	0	0	1.085	13.2	19	1013	20	1	17	0.9	77	-400	106	2000	190	1	0	3	6	6	6	6	0	1	0	29	0	0	0	106	0	27	0	5	
2026-06-02 08:39:58	57.29349	17.8815	2	0	20	0	0	0	0	1.073	13.3	19	1013	20	1	17	0.9	91	-200	125	2000	190	1	0	0	6	6	6	6	1	1	0	29	0	0	0	125	0	26	0	5	
2026-06-02 08:45:01	57.2925	17.88444	3	0	21	0	0	0	0	1.084	13.2	19	1013	20	1	26	0.7	122	0	253	2000	190	1	0	1	6	6	6	6	1	1	0	25	3	0	0	253	0	24	0	5	
2026-06-02 08:50:00	57.29397	17.88462	3	0	22	0	0	2	0	1.092	13.3	19	1013	20	1	22	0.5	4	700	358	2000	190	1	0	2	6	6	6	6	0	1	0	10	3	15	0	358	0	28	0	5	
2026-06-02 08:54:56	57.29634	17.88591	2	0	23	0	0	0	0	1.081	13.2	19	1013	20	1	20	0.9	16	400	346	2000	190	1	0	2	6	6	6	6	0	1	0	23	0	5	0	346	0	27	0	5	
2026-06-02 08:59:53	57.29886	17.88657	1	0	24	0	0	0	0	1.081	13.2	19	1013	20	1	21	1	8	200	317	2000	190	1	0	2	6	6	6	6	1	1	0	0	0	28	0	317	0	26	0	5	
2026-06-02 09:05:01	57.3009	17.88423	3	0	25	0	0	0	0	1.097	13.2	19	1013	20	1	21	0.9	329	100	185	2000	190	1	0	0	6	6	6	6	1	1	0	0	0	29	0	185	0	28	0	5	
2026-06-02 09:09:58	57.30141	17.88027	2	0	26	0	0	2	0	1.085	13.3	20	1013	20	1	20	0.8	283	800	259	2000	190	1	0	2	6	6	6	6	0	1	0	0	0	28	0	259	0	26	0	5	
2026-06-02 09:14:54	57.30198	17.87634	2	0	27	0	0	0	0	1.087	13.3	20	1013	20	1	19	0.8	285	600	249	2000	190	1	0	1	6	6	6	6	0	1	0	0	0	28	0	249	0	26	0	5	
2026-06-02 09:19:54	57.30159	17.87343	3	0	28	0	0	0	0	1.121	13.3	20	1013	20	1	23	0.6	256	400	246	2000	190	1	0	1	6	6	6	6	0	1	0	0	11	17	0	246	0	26	0	5	
2026-06-02 09:24:57	57.30057	17.87151	3	0	29	0	0	0	0	1.134	13.3	20	1013	20	3	67	0.5	226	300	258	2000	190	1	0	1	6	6	6	6	0	1	0	0	24	0	0	258	0	23	0	5	
2026-06-02 09:30:01	57.30039	17.86842	3	0	0	0	0	0	0	1.12	13.3	20	1013	20	1	18	0.6	264	100	246	2000	190	1	0	1	6	6	6	6	1	1	0	0	5	24	0	246	0	28	0	5	
2026-06-02 09:34:57	57.3003	17.86788	3	0	1	0	0	0	0	1.125	13.3	20	1013	20	1	21	0.1	251	100	242	2000	190	1	0	1	6	6	6	6	0	1	0	10	10	8	0	242	0	27	0	5	
2026-06-02 09:40:01	57.29979	17.86677	2	0	2	0	0	2	0	1.125	13.2	20	1013	20	2	48	0.3	230	0	353	2000	190	1	0	1	6	6	6	6	1	1	0	6	13	7	0	353	0	26	0	5	
2026-06-02 09:45:01	57.30078	17.86695	2	0	3	0	0	0	0	1.104	13.3	20	1013	20	2	34	0.4	6	100	192	2000	190	1	0	1	6	6	6	6	1	1	0	6	5	16	0	192	0	27	0	5	
2026-06-02 09:49:59	57.29973	17.86875	1	0	4	0	0	2	0	1.126	13.2	20	1013	20	1	21	0.5	137	-200	206	2000	190	1	0	1	6	6	6	6	0	1	0	16	12	0	0	206	0	27	0	5	
2026-06-02 09:54:55	57.29883	17.86725	2	0	5	0	0	0	0	1.135	13.1	20	1013	20	1	19	0.5	221	-100	186	2000	190	1	0	0	6	6	6	6	1	1	0	0	27	1	0	186	0	27	0	5	
2026-06-02 09:59:54	57.29757	17.86725	3	0	6	0	0	0	0	1.122	13.2	20	1013	20	1	22	0.5	180	0	337	2000	190	1	0	1	6	6	6	6	1	1	0	4	24	0	0	337	0	28	0	5	
2026-06-02 10:04:57	57.29862	17.87169	2	0	7	0	0	2	0	1.086	13.3	20	1013	20	1	26	1	67	-500	103	2000	190	1	0	3	6	6	6	6	0	1	0	28	0	0	0	103	0	26	0	5	
2026-06-02 10:15:00	57.29841	17.87979	3	0	9	0	0	0	0	1.127	13.2	20	1013	20	3	68	0.7	114	-100	198	2000	190	1	0	1	6	6	6	6	1	1	0	17	1	0	0	198	0	18	0	5	
2026-06-02 10:24:58	57.29826	17.87883	1	0	11	0	0	0	0	1.112	13.2	20	1013	20	3	77	0.4	327	-100	154	2000	190	1	0	0	6	6	6	6	1	1	0	2	7	14	0	154	0	23	0	5	
2026-06-02 10:29:57	57.29727	17.8785	1	0	12	0	0	2	0	1.12	13.2	20	1013	20	3	73	0.4	191	-700	273	2000	190	1	0	2	6	6	6	6	0	1	0	6	10	7	0	273	0	23	0	5	
2026-06-02 10:37:00	57.29883	17.87397	1	0	13	0	0	0	0	1.067	13.3	20	1013	20	3	81	0.8	303	400	251	2000	190	1	0	1	6	6	6	6	0	1	0	0	0	34	0	251	0	30	0	5	
2026-06-02 10:39:54	57.29895	17.8719	1	0	14	0	0	0	0	1.099	13.3	20	1013	20	1	29	0.7	276	300	241	2000	190	1	0	1	6	6	6	6	0	1	0	0	0	15	0	241	0	15	0	5	
2026-06-02 10:45:01	57.29826	17.8695	1	0	15	0	0	0	0	1.129	13.3	20	1013	20	1	21	0.5	242	200	241	2000	190	1	0	1	6	6	6	6	1	1	0	0	7	22	0	241	0	29	0	5	
2026-06-02 10:49:55	57.29763	17.8671	2	0	16	0	0	0	0	1.12	13.3	20	1013	20	2	57	0.5	244	0	140	2000	190	1	0	0	6	6	6	6	1	1	0	0	4	20	0	140	0	23	0	5	
2026-06-02 10:55:01	57.29646	17.86629	1	0	17	0	0	2	0	1.121	13.2	20	1013	20	1	31	0.4	201	500	177	2000	190	1	0	0	6	6	6	6	0	1	0	0	21	7	0	177	0	28	0	5	
2026-06-02 11:01:28	57.29475	17.86677	2	0	18	0	0	0	0	1.08	13.1	20	1013	20	2	45	0.5	171	300	180	2000	190	1	0	0	6	6	6	6	0	1	0	0	33	1	0	180	0	30	0	5	
2026-06-02 11:05:00	57.29385	17.8665	2	0	19	0	0	0	0	1.112	13.1	20	1013	20	3	85	0.5	189	200	175	2000	190	1	0	0	6	6	6	6	0	1	0	0	13	0	0	175	0	12	0	5	
2026-06-02 11:09:55	57.29253	17.86683	3	0	20	0	0	0	0	1.127	13.1	20	1013	20	1	20	0.5	172	100	182	2000	190	1	0	0	6	6	6	6	1	1	0	0	28	0	0	182	0	28	0	5	
2026-06-02 11:15:01	57.29238	17.8665	1	0	21	0	0	0	0	1.108	13.3	20	1013	20	1	20	0.1	230	100	162	2000	190	1	0	0	6	6	6	6	0	1	0	2	14	13	0	162	0	28	0	5	
2026-06-02 11:21:57	57.29217	17.8701	3	0	22	0	0	2	0	1.069	13.3	20	1013	20	3	74	0.5	96	-100	211	2000	190	1	0	1	6	6	6	6	1	1	0	20	9	5	0	211	0	30	0	5	
2026-06-02 11:25:00	57.29193	17.8683	2	0	23	0	0	0	0	1.101	13.2	20	1013	20	1	18	0.6	256	-100	125	2000	190	1	0	0	6	6	6	6	1	1	0	0	3	14	0	125	0	17	0	5	
2026-06-02 11:29:53	57.29085	17.86941	1	0	24	0	0	2	0	1.112	13.3	20	1013	20	1	18	0.5	150	100	95	2000	190	1	0	0	6	6	6	6	1	1	0	8	20	0	0	95	0	27	0	5	
2026-06-02 11:35:01	57.29079	17.87235	3	0	25	0	0	0	0	1.092	13.3	20	1013	20	1	21	0.6	92	-100	268	2000	190	1	0	1	6	6	6	6	1	1	0	20	5	4	0	268	0	28	0	5	
2026-06-02 11:39:54	57.29292	17.87268	2	0	26	0	0	2	0	1.069	13.3	20	1013	20	1	25	0.8	5	0	228	2000	190	1	0	1	6	6	6	6	1	1	0	8	0	19	0	228	0	26	0	5	
2026-06-02 11:41:58	57.29343	17.87163	3	0	27	0	0	1	0	1.073	13.3	20	1013	20	1	17	0.7	311	-100	142	2000	190	1	0	0	6	6	6	6	1	1	0	3	0	8	0	142	0	10	0	5	
2026-06-02 11:43:54	57.29301	17.87079	2	0	28	0	0	2	0	1.099	13.2	20	1013	20	1	21	0.6	228	300	170	2000	190	1	0	0	6	6	6	6	0	1	0	0	0	10	0	170	0	10	0	5	
2026-06-02 11:45:55	57.29259	17.8704	1	0	29	0	0	2	0	1.103	13.1	20	1013	20	1	24	0.4	205	-200	133	2000	190	1	0	0	6	6	6	6	0	1	0	0	6	4	0	133	0	9	0	5	
2026-06-02 11:48:00	57.29208	17.87061	2	0	0	0	0	0	0	1.107	13.2	20	1012	20	1	20	0.4	168	-200	127	2000	190	1	0	0	6	6	6	6	0	1	0	0	11	0	0	127	0	11	0	5	
2026-06-02 11:49:54	57.29178	17.87166	1	0	1	0	0	0	0	1.106	13.3	20	1012	20	1	19	0.6	119	-100	129	2000	190	1	0	0	6	6	6	6	0	1	0	9	1	0	0	129	0	10	0	5	
2026-06-02 11:52:00	57.29211	17.87376	3	0	2	0	0	0	0	1.08	13.3	20	1013	20	1	19	1	73	-200	161	2000	190	1	0	0	6	6	6	6	0	1	0	11	0	0	0	161	0	11	0	5	
2026-06-02 11:53:57	57.29229	17.87568	1	0	3	0	0	0	0	1.082	13.3	20	1013	20	1	21	1	80	-200	193	2000	190	1	0	1	6	6	6	6	0	1	0	10	0	0	0	193	0	9	0	5	
2026-06-02 11:55:59	57.29208	17.87706	1	0	4	0	0	0	0	1.125	13.2	20	1013	20	1	25	0.7	105	-200	214	2000	190	1	0	1	6	6	6	6	0	1	0	6	4	0	0	214	0	10	0	5	
2026-06-02 11:58:01	57.29169	17.87652	1	0	5	0	0	0	0	1.087	13.3	20	1013	20	1	17	0.5	216	-200	214	2000	190	1	0	1	6	6	6	6	0	1	0	0	2	9	0	214	0	11	0	5	
2026-06-02 11:59:55	57.29181	17.87499	1	0	6	0	0	0	0	1.076	13.3	20	1013	20	1	18	0.8	279	-200	182	2000	190	1	0	0	6	6	6	6	0	1	0	0	0	10	0	182	0	10	0	5	
2026-06-02 12:01:58	57.29157	17.87349	2	0	7	0	0	0	0	1.055	13.2	20	1013	20	1	16	0.8	253	-200	148	2000	190	1	0	0	6	6	6	6	0	1	0	0	0	11	0	148	0	11	0	5	
2026-06-02 12:03:58	57.29109	17.8731	2	0	8	0	0	0	0	1.101	13.1	20	1012	20	1	24	0.5	204	-100	127	2000	190	1	0	0	6	6	6	6	0	1	0	0	4	6	0	127	0	9	0	5	
2026-06-02 12:05:56	57.29073	17.87334	2	0	9	0	0	0	0	1.142	13.2	20	1012	20	1	21	0.4	159	-100	114	2000	190	1	0	0	6	6	6	6	0	1	0	0	10	0	0	114	0	10	0	5	
2026-06-02 12:08:01	57.2904	17.87406	1	0	10	0	0	0	0	1.112	13.3	20	1012	20	1	18	0.5	130	0	95	2000	190	1	0	0	6	6	6	6	1	1	0	4	7	0	0	95	0	11	0	5	
2026-06-02 12:10:00	57.29094	17.87607	1	0	11	0	0	0	0	1.041	13.3	20	1013	20	1	22	1.1	63	-100	228	2000	190	1	0	1	6	6	6	6	1	1	0	10	0	0	0	228	0	10	0	5	
2026-06-02 12:11:55	57.29157	17.87715	1	0	12	0	0	2	0	1.051	13.3	20	1013	20	1	19	0.8	42	200	333	2000	190	1	0	2	6	6	6	6	0	1	0	10	0	0	0	333	0	10	0	5	
2026-06-02 12:14:01	57.29259	17.87622	2	0	13	0	0	0	0	1.048	13.3	20	1013	20	1	20	1	333	100	332	2000	190	1	0	2	6	6	6	6	1	1	0	0	0	11	0	332	0	11	0	5	
2026-06-02 12:15:59	57.29349	17.87517	3	0	14	0	0	0	0	1.034	13.3	20	1013	20	1	23	1	328	0	136	2000	190	1	0	0	6	6	6	6	1	1	0	0	0	10	0	136	0	10	0	5	
2026-06-02 12:17:57	57.29337	17.87373	3	0	15	0	0	2	0	1.053	13.2	20	1013	20	1	21	0.7	262	100	165	2000	190	1	0	0	6	6	6	6	0	1	0	0	0	10	0	165	0	10	0	5	
2026-06-02 12:19:55	57.29298	17.87352	3	0	16	0	0	0	0	1.114	13.2	20	1012	20	1	21	0.4	195	300	161	2000	190	1	0	0	6	6	6	6	0	1	0	0	6	4	0	161	0	10	0	5	
2026-06-02 12:21:54	57.29259	17.87379	3	0	17	0	0	0	0	1.128	13.2	20	1012	20	1	22	0.4	160	300	161	2000	190	1	0	0	6	6	6	6	0	1	0	1	9	0	0	161	0	10	0	5	
2026-06-02 12:24:00	57.2922	17.87442	1	0	18	0	0	0	0	1.145	13.2	20	1012	20	1	21	0.5	138	200	167	2000	190	1	0	0	6	6	6	6	0	1	0	6	5	0	0	167	0	11	0	5	
2026-06-02 12:25:56	57.29181	17.87463	3	0	19	0	0	0	0	1.145	13.1	20	1012	20	1	21	0.4	163	200	168	2000	190	1	0	0	6	6	6	6	0	1	0	0	10	0	0	168	0	10	0	5	
2026-06-02 12:28:57	57.29121	17.87469	3	0	20	0	0	0	0	1.068	13.2	20	1012	20	1	20	0.4	177	100	161	2000	190	1	0	0	6	6	6	6	0	1	0	0	16	0	0	161	0	15	0	5	
2026-06-02 12:29:54	57.29103	17.87484	2	0	21	0	0	0	0	1.134	13.2	20	1012	20	1	20	0.4	159	100	162	2000	190	1	0	0	6	6	6	6	0	1	0	0	4	0	0	162	0	4	0	5	
2026-06-02 12:31:58	57.29061	17.87511	3	0	22	0	0	0	0	1.131	13.2	20	1013	20	1	27	0.4	158	0	169	2000	190	1	0	0	6	6	6	6	1	1	0	1	9	0	0	169	0	10	0	5	
2026-06-02 12:33:53	57.29028	17.87553	1	0	23	0	0	0	0	1.134	13.1	20	1012	20	1	20	0.4	147	0	289	2000	190	1	0	1	6	6	6	6	1	1	0	2	8	0	0	289	0	10	0	5	
2026-06-02 12:35:58	57.28989	17.87571	1	0	24	0	0	2	0	1.126	13.2	20	1012	20	1	20	0.3	166	100	63	2000	190	1	0	3	6	6	6	6	0	1	0	4	5	2	0	63	0	11	0	5	
2026-06-02 12:37:54	57.29052	17.877	3	0	25	0	0	0	0	1.069	13.2	20	1012	20	1	20	0.9	48	0	97	2000	190	1	0	0	6	6	6	6	1	1	0	10	0	0	0	97	0	10	0	5	
2026-06-02 12:39:54	57.29136	17.87853	3	0	26	0	0	0	0	1.03	13.2	20	1012	20	1	24	1.1	45	-100	204	2000	190	1	0	1	6	6	6	6	1	1	0	10	0	0	0	204	0	8	0	5	
2026-06-02 12:43:28	57.29262	17.87964	2	0	27	0	0	2	0	1.005	13.3	20	1013	20	2	52	0.7	25	100	318	2000	190	1	0	2	6	6	6	6	1	1	0	11	0	5	0	318	0	16	0	5	
2026-06-02 12:46:27	57.29385	17.87808	1	0	28	0	0	0	0	0.997	13.3	20	1013	20	1	17	0.9	325	-100	162	2000	190	1	0	0	6	6	6	6	1	1	0	0	0	16	0	162	0	16	0	5	
2026-06-02 12:49:27	57.29424	17.88081	3	0	29	0	0	2	0	0.99	13.3	20	1012	20	1	18	0.9	75	-200	200	2000	190	1	0	1	6	6	6	6	0	1	0	16	0	0	0	200	0	16	0	5	
2026-06-02 12:49:51	57.29418	17.88111	3	0	0	0	0	0	0	1.134	13.3	20	1012	20	1	20	0.8	109	-200	202	2000	190	1	0	1	6	6	6	6	0	1	0	1	0	0	0	202	0	1	0	5	
2026-06-02 12:51:56	57.29385	17.88204	1	0	1	0	0	0	0	1.135	13.2	20	1012	20	1	18	0.6	124	-200	211	2000	190	1	0	1	6	6	6	6	0	1	0	6	5	0	0	211	0	11	0	5	
2026-06-02 12:53:53	57.29352	17.88162	1	0	2	0	0	0	0	1.105	13.2	20	1012	20	1	22	0.4	216	-200	210	2000	190	1	0	1	6	6	6	6	0	1	0	0	4	6	0	210	0	10	0	5	
2026-06-02 12:56:00	57.29355	17.88009	3	0	3	0	0	0	0	1.078	13.3	20	1012	20	1	20	0.7	272	-100	198	2000	190	1	0	1	6	6	6	6	0	1	0	0	0	11	0	198	0	11	0	5	
2026-06-02 12:57:56	57.29367	17.87856	2	0	4	0	0	0	0	1.062	13.2	20	1013	20	1	19	0.8	278	0	183	2000	190	1	0	0	6	6	6	6	0	1	0	0	0	10	0	183	0	10	0	5	
2026-06-02 13:00:00	57.2934	17.87721	3	0	5	0	0	0	0	1.096	13.1	20	1012	20	1	17	0.7	250	300	169	2000	190	1	0	0	6	6	6	6	0	1	0	0	0	11	0	169	0	11	0	5	
2026-06-02 13:01:58	57.29301	17.87715	3	0	6	0	0	0	0	1.134	13.2	20	1012	20	1	21	0.4	184	300	167	2000	190	1	0	0	6	6	6	6	0	1	0	0	9	1	0	167	0	10	0	5	
2026-06-02 13:03:53	57.29265	17.87742	3	0	7	0	0	0	0	1.142	13.2	20	1012	20	1	21	0.4	158	300	168	2000	190	1	0	0	6	6	6	6	0	1	0	0	10	0	0	168	0	9	0	5	
2026-06-02 13:05:53	57.29226	17.87757	1	0	8	0	0	0	0	1.13	13.1	20	1012	20	1	23	0.4	169	200	168	2000	190	1	0	0	6	6	6	6	0	1	0	0	10	0	0	168	0	10	0	5	
2026-06-02 13:08:01	57.29187	17.87766	1	0	9	0	0	0	0	1.141	13.1	20	1012	20	1	21	0.3	174	200	167	2000	190	1	0	0	6	6	6	6	0	1	0	0	11	0	0	167	0	11	0	5	
2026-06-02 13:09:55	57.29148	17.87796	3	0	10	0	0	0	0	1.142	13.2	20	1012	20	1	17	0.4	157	100	171	2000	190	1	0	0	6	6	6	6	0	1	0	2	8	0	0	171	0	8	0	5	
2026-06-02 13:11:52	57.29115	17.87817	3	0	11	0	0	0	0	1.118	13.2	20	1012	20	1	23	0.3	160	100	176	2000	190	1	0	0	6	6	6	6	0	1	0	0	10	0	0	176	0	10	0	5	
2026-06-02 13:13:59	57.29076	17.87838	3	0	12	0	0	0	0	1.13	13.2	20	1013	20	1	20	0.3	164	0	191	2000	190	1	0	1	6	6	6	6	1	1	0	0	11	0	0	191	0	11	0	5	
2026-06-02 13:15:54	57.29043	17.87847	1	0	13	0	0	0	0	1.134	13.1	20	1012	20	1	20	0.3	171	0	270	2000	190	1	0	1	6	6	6	6	1	1	0	0	10	0	0	270	0	10	0	5	
2026-06-02 13:18:58	57.29031	17.87997	2	0	14	0	0	2	0	1.029	13.2	20	1012	20	1	21	0.5	99	100	49	2000	190	1	0	3	6	6	6	6	0	1	0	12	4	0	0	49	0	15	0	5	
2026-06-02 13:21:59	57.29139	17.88222	1	0	15	0	0	0	0	0.971	13.3	20	1012	20	1	19	1	49	-100	228	2000	190	1	0	1	6	6	6	6	1	1	0	16	0	0	0	228	0	16	0	5	
2026-06-02 13:24:59	57.29091	17.88333	2	0	16	0	0	0	0	1.062	13.2	20	1012	20	1	18	0.5	129	100	271	2000	190	1	0	1	6	6	6	6	0	1	0	7	8	1	0	271	0	16	0	5	
2026-06-02 13:25:55	57.29085	17.88288	1	0	17	0	0	2	0	1.059	13.2	20	1012	20	1	20	0.5	259	100	340	2000	190	1	0	2	6	6	6	6	0	1	0	0	0	4	0	340	0	4	0	5	
2026-06-02 13:27:57	57.29196	17.88288	2	0	18	0	0	0	0	1.043	13.2	20	1012	20	2	46	1	0	200	326	2000	190	1	0	2	6	6	6	6	0	1	0	0	0	8	0	326	0	7	0	5	
2026-06-02 13:30:00	57.29313	17.88273	1	0	19	0	0	0	0	1.039	13.2	20	1012	20	1	28	1.1	356	100	279	2000	190	1	0	1	6	6	6	6	1	1	0	0	0	10	0	279	0	10	0	5	
2026-06-02 13:31:54	57.29385	17.88159	2	0	20	0	0	0	0	1.035	13.2	20	1013	20	1	18	0.9	320	100	195	2000	190	1	0	1	6	6	6	6	1	1	0	0	0	10	0	195	0	10	0	5	
2026-06-02 13:34:00	57.294	17.87997	3	0	21	0	0	2	0	1.08	13.2	20	1012	20	1	20	0.8	280	100	164	2000	190	1	0	0	6	6	6	6	0	1	0	0	0	11	0	164	0	11	0	5	
2026-06-02 13:35:54	57.2937	17.87961	3	0	22	0	0	0	0	1.157	13.1	20	1012	20	1	19	0.3	212	100	159	2000	190	1	0	0	6	6	6	6	0	1	0	0	4	6	0	159	0	10	0	5	
2026-06-02 13:37:53	57.2934	17.87961	2	0	23	0	0	0	0	1.133	13.2	20	1012	20	1	23	0.3	181	100	156	2000	190	1	0	0	6	6	6	6	0	1	0	0	9	1	0	156	0	10	0	5	
2026-06-02 13:39:58	57.29301	17.87967	2	0	24	0	0	0	0	1.149	13.1	20	1012	20	1	19	0.3	175	300	153	2000	190	1	0	0	6	6	6	6	0	1	0	0	11	0	0	153	0	11	0	5	
2026-06-02 13:41:56	57.29271	17.87988	2	0	25	0	0	0	0	1.149	13.2	20	1012	20	1	23	0.3	160	200	152	2000	190	1	0	0	6	6	6	6	0	1	0	0	10	0	0	152	0	10	0	5	
2026-06-02 13:44:57	57.29232	17.88036	1	0	26	0	0	0	0	1.086	13.2	20	1012	20	1	19	0.3	146	200	154	2000	190	1	0	0	6	6	6	6	0	1	0	1	15	0	0	154	0	16	0	5	
2026-06-02 13:46:01	57.29214	17.88051	3	0	27	0	0	0	0	1.12	13.2	20	1012	20	2	37	0.3	154	100	153	2000	190	1	0	0	6	6	6	6	0	1	0	0	3	0	0	153	0	3	0	5	
2026-06-02 13:47:53	57.29187	17.8806	2	0	28	0	0	0	0	1.142	13.2	20	1012	20	1	25	0.3	170	100	149	2000	190	1	0	0	6	6	6	6	0	1	0	0	9	0	0	149	0	9	0	5	
2026-06-02 13:49:59	57.29154	17.88093	3	0	29	0	0	0	0	1.143	13.2	20	1012	20	1	20	0.3	152	100	148	2000	190	1	0	0	6	6	6	6	0	1	0	2	9	0	0	148	0	11	0	5	
2026-06-02 13:52:59	57.29112	17.88153	2	0	0	0	0	0	0	1.081	13.2	20	1012	20	1	18	0.3	143	0	164	2000	190	1	0	0	6	6	6	6	1	1	0	0	16	0	0	164	0	16	0	5	
2026-06-02 13:53:57	57.29094	17.88165	2	0	1	0	0	0	0	1.149	13.2	20	1012	20	1	20	0.3	154	0	294	2000	190	1	0	1	6	6	6	6	1	1	0	0	4	0	0	294	0	4	0	5	
2026-06-02 13:55:58	57.29067	17.88213	1	0	2	0	0	2	0	1.153	13.2	20	1012	20	1	25	0.3	139	200	38	2000	190	1	0	3	6	6	6	6	0	1	0	7	3	0	0	38	0	10	0	5	
2026-06-02 13:57:57	57.29112	17.88348	1	0	3	0	0	0	0	1.052	13.2	20	1012	20	1	22	0.8	59	200	25	2000	190	1	0	3	6	6	6	6	0	1	0	10	0	0	0	25	0	10	0	5	
2026-06-02 13:59:55	57.29229	17.88345	3	0	4	0	0	0	0	1.057	13.2	20	1012	20	2	33	1.1	359	-100	82	2000	190	1	0	0	6	6	6	6	1	1	0	9	0	0	0	82	0	7	0	5	
2026-06-02 14:01:59	57.29319	17.88483	1	0	5	0	0	0	0	1.046	13.2	20	1012	20	1	18	1.1	39	-100	189	2000	190	1	0	1	6	6	6	6	1	1	0	11	0	0	0	189	0	10	0	5	
2026-06-02 14:03:56	57.29301	17.88651	2	0	6	0	0	2	0	1.098	13.2	20	1012	20	1	21	0.9	102	-100	239	2000	190	1	0	1	6	6	6	6	0	1	0	10	0	0	0	239	0	9	0	5	
2026-06-02 14:05:58	57.29268	17.88639	1	0	7	0	0	0	0	1.115	13.2	20	1012	20	2	46	0.3	192	-100	253	2000	190	1	0	1	6	6	6	6	0	1	0	0	2	6	0	253	0	8	0	5	
2026-06-02 14:09:18	57.29304	17.8839	1	0	8	0	0	0	0	0.984	13.1	20	1012	20	2	38	0.8	285	100	152	2000	190	1	0	0	6	6	6	6	1	1	0	0	0	16	0	152	0	16	0	5	
2026-06-02 14:10:01	57.29292	17.88375	2	0	9	0	0	0	0	1.096	13.1	20	1012	20	1	17	0.3	222	100	142	2000	190	1	0	0	6	6	6	6	0	1	0	0	3	0	0	142	0	3	0	5	
2026-06-02 14:13:18	57.29244	17.88414	1	0	10	0	0	0	0	1.063	13.2	20	1012	20	2	35	0.3	158	0	104	2000	190	1	0	0	6	6	6	6	1	1	0	0	16	0	0	104	0	16	0	5	
2026-06-02 14:16:01	57.29226	17.88519	2	0	11	0	0	0	0	1.103	13.2	20	1012	20	2	46	0.4	105	0	286	2000	190	1	0	1	6	6	6	6	1	1	0	7	5	0	0	286	0	12	0	5	
