Time	Lat	Long	TTFF	Count	Commands	TxTries	ONT	DiskUsed	Files	I	V	Temperature	CTTemp	CTCond	GMX_AirPressure	GMX_AirTemp	GMX_RealiveHumidity	GMX_WindDirection	GMX_True	GMX_WindSpeed	GMX_WindGust	GMX_GPSFix	WBT_Status	WBT_Ens	WBT_Min	
2019-01-01 00:06:09	57.41109	18.09963		0	0	0		0	0	0.014	13.3	11		0												
2026-01-29 09:18:41	60.29139	5.28237	11	0	0	0	210	0	0	0.016	13.3	20	5.718	0	1006.7	1.3	46	100	1	0.3	0.3	1	0	1	0	
2026-01-29 09:25:00	60.29157	5.28249	12	1	0	1	210	0	0	0.016	13.2	16	5.786	0	1007	-1.7	58	100	1	0.5	0.6	1	0	1	0	
2026-01-29 09:30:00	60.29145	5.28246	12	2	0	1	210	0	0	0.014	13.2	15	3.361	0	1007.2	-2.3	62	105	1	0.3	0.4	1	0	1	0	
2026-01-29 09:35:00	60.2913	5.28231	12	3	0	1	210	0	0	0.016	13.2	13	3.03	0	1007.3	-2.6	64	100	1	0.3	0.3	1	0	1	0	
2026-01-29 09:40:00	60.29154	5.28255	12	4	0	1	210	0	0	0.016	13.2	12	3.493	0	1007.3	-2.9	66	290	1	0.1	0.3	1	0	1	0	
2026-01-29 09:45:00	60.29151	5.28255	12	5	0	1	210	0	0	0.016	13.2	11	3.076	0	1007.3	-3.9	71	100	1	0.5	0.6	1	0	1	0	
2026-01-29 09:50:00	60.29154	5.28255	12	6	0	1	210	0	0	0.016	13.2	9	-2.903	0	1007.3	-4.7	77	105	1	0.6	0.8	1	0	1	0	
2026-01-29 09:55:00	60.29145	5.28246	12	7	0	1	210	0	0	0.016	13.2	8	-0.023	0	1007.3	-4.8	79	110	1	0.5	0.6	1	0	1	0	
2026-01-29 10:00:00	60.29145	5.28243	12	8	0	1	210	0	0	0.016	13.2	8	0.135	0	1007.3	-4.8	80	160	1	0	0.1	1	0	1	0	
2026-01-29 10:05:00	60.29145	5.28252	12	9	0	1	210	0	0	0.016	13.2	7	0.339	0	1007.4	-4.7	80	105	1	0.7	0.8	1	0	1	0	
2026-01-29 10:20:00	60.29148	5.28249	12	11	0	3	210	0	0	0.016	13.2	5	-0.642	0	1007.4	-4.6	82	115	1	0.2	0.3	1	0	1	0	
2026-01-29 10:25:00	60.29148	5.28246	12	12	0	1	210	0	0	0.016	13.2	5	-0.556	0	1007.4	-4.6	83	95	1	0.4	0.5	1	0	1	0	
2026-01-29 10:30:00	60.29148	5.28249	13	13	0	1	220	0	0	0.016	13.2	4	-0.979	0	1007.4	-4.5	83	110	1	0.6	0.7	1	0	1	0	
2026-01-29 10:35:00	60.29091	5.28276	16	14	0	1	220	0	0	0.016	13.2	4	-1.288	0	1007.4	-4.3	83	140	1	0.2	0.4	1	0	1	0	
2026-01-29 10:40:00	60.29157	5.28255	13	15	0	2	220	0	0	0.016	13.2	4	0.263	0	1007.4	-4.1	82	105	1	0.1	0.2	1	0	1	0	
2026-01-29 10:45:00	60.29151	5.28249	12	16	0	1	220	0	0	0.016	13.2	4	-0.993	0	1007.4	-3.9	82	345	1	0.1	0.1	1	0	1	0	
2026-01-29 10:50:00	60.29154	5.28249	12	17	0	1	220	0	0	0.016	13.2	4	-0.671	0	1007.4	-3.9	82	105	1	0.2	0.2	1	0	1	0	
2026-01-29 10:55:00	60.2913	5.28255	13	18	0	1	220	0	0	0.016	13.2	3	-1.073	0	1007.3	-3.8	81	100	1	0.1	0.3	1	0	1	0	
2026-01-29 11:10:00	60.29127	5.28267	13	20	0	3	220	0	0	0.016	13.2	2	-1.132	0	1007.3	-3.8	83	110	1	0.2	0.3	1	0	1	0	
2026-01-29 11:15:00	60.29172	5.28234	13	21	0	3	220	0	0	0.016	13.2	3	-0.623	0	1007.3	-3.6	82	80	1	0.3	0.4	1	0	1	0	
2026-01-29 11:20:00	60.291	5.28273	14	22	0	1	240	0	0	0.016	13.2	3	-1.659	0	1007.2	-3.6	82	110	1	0.2	0.3	1	0	1	0	
2026-01-29 11:40:00	60.29151	5.28249	12	25	0	3	210	0	0	0.016	13.2	3	-0.325	0	1007.1	-3	82	80	1	0.3	0.4	1	0	1	0	
2026-01-29 11:50:00	60.29148	5.28246	13	27	0	3	210	0	0	0.016	13.2	3	-0.845	0	1007.1	-2.7	81	95	1	0.2	0.3	1	0	1	0	
2026-01-29 12:10:00	60.29151	5.28243	12	30	0	3	210	0	0	0.016	13.2	3	1.948	0	1007.1	-1.8	77	85	1	0.5	0.5	1	0	1	0	
2026-01-29 12:15:00	60.29148	5.28243	12	31	0	1	210	0	0	0.016	13.2	3	0.209	0	1007	-1.8	76	110	1	0.8	0.9	1	0	1	0	
2026-01-29 12:20:00	60.29148	5.28246	12	32	0	2	240	0	0	0.016	13.2	3	1.039	0	1006.9	-1.7	72	105	1	1	1.1	1	0	1	0	
2026-01-29 12:25:00	60.29139	5.28252	12	33	0	1	220	0	0	0.016	13.2	3	0.688	0	1006.8	-1.8	72	95	1	1.1	1.2	1	0	1	0	
2026-02-12 08:45:57	60.29154	5.28255	12	0	0	0	10	0	0	0.016	13.3	23		0												
2026-02-12 08:50:00	60.29148	5.28249	12	1	0	2	10	0	0	0.014	13.3	22		0												
2026-02-12 08:55:00	60.29151	5.28261	12	2	0	1	10	0	0	0.014	13.3	21		0												
2026-02-12 09:00:00	60.29139	5.28243	14	3	0	1	10	0	0	0.016	13.3	20		0												
2026-02-12 09:05:00	60.29145	5.2824	12	4	0	1	10	0	0	0.014	13.3	19		0												
2026-02-24 10:13:06	60.17058	5.48463	12	0	0	0	10	0	0	0.016	13.3	13		0												
2026-02-24 10:15:00	60.17055	5.48424	12	1	0	1	10	0	0	0.014	13.3	13		0												
2026-02-24 10:20:00	60.17067	5.48349	12	2	0	1	10	0	0	0.014	13.3	12		0												
2026-02-24 10:25:00	60.1707	5.48286	12	3	1	1	250	0	0	0.016	13.3	12	5.742	31.19	1013.3	5.6	83	110	1	3.3	4.2	1	0	1	1	
2026-02-24 10:30:00	60.17091	5.48187	11	4	0	1	240	0	0	0.014	13.3	13	5.734	31.14	1013.3	5.5	84	110	1	2.3	2.8	1	0	1	1	
2026-02-24 10:35:00	60.17016	5.48334	12	5	0	1	250	0	0	0.014	13.2	13	5.79	31.45	1013.4	5.4	86	110	1	2.9	3.8	1	0	1	1	
2026-02-24 10:40:00	60.16887	5.4849	18	6	0	1	260	0	0	0.016	13.2	13	5.806	31.54	1013.4	5.3	85	105	1	3.3	4.1	1	0	1	1	
2026-02-24 10:45:00	60.16755	5.48586	13	7	0	1	260	0	0	0.016	13.2	13	5.816	31.57	1013.4	5.3	86	100	1	3.2	3.6	1	0	1	1	
2026-02-24 10:50:00	60.16665	5.48763	16	8	0	1	260	0	0	0.014	13.2	13	5.832	31.57	1013.4	5.3	86	100	1	3.5	4.4	1	0	1	1	
2026-02-24 10:55:00	60.16572	5.48925	14	9	0	1	250	0	0	0.016	13.2	13	5.832	31.54	1013.4	5.4	85	110	1	3.8	4.4	1	0	1	1	
2026-02-24 11:00:00	60.16578	5.48856	13	10	0	1	260	0	0	0.014	13.2	12	5.831	31.53	1013.5	5.4	86	100	1	4	4.7	1	0	1	1	
2026-02-24 11:05:00	60.16524	5.48895	41	11	0	1	270	0	0	0.014	13.2	13	5.836	31.54	1013.4	5.4	87	100	1	4.1	4.8	1	0	1	1	
2026-02-24 11:10:00	60.16593	5.48844	11	12	0	1	240	0	0	0.016	13.2	12	5.83	31.54	1013.6	5.5	87	250	1	0.6	1.4	1	0	1	1	
2026-02-24 11:15:00	60.1659	5.48757	12	13	0	1	240	0	0	0.016	13.2	12	5.827	31.61	1013.2	5.5	86	100	1	4.3	5.6	1	0	1	1	
2026-02-24 11:20:00	60.1662	5.48661	11	14	0	1	240	0	0	0.016	13.2	12	5.828	31.63	1013.3	5.5	86	105	1	4.1	5.6	1	0	1	1	
2026-02-24 11:25:00	60.16629	5.48565	11	15	0	1	240	0	0	0.014	13.2	12	5.824	31.63	1013.3	5.5	85	110	1	3.5	4.1	1	0	1	1	
2026-02-24 11:30:00	60.16638	5.48724	11	16	0	2	240	0	0	0.016	13.2	12	5.849	31.6	1013.3	5.5	86	120	1	3.3	4.5	1	0	1	1	
2026-02-24 11:35:00	60.16764	5.4879	12	17	0	1	240	0	0	0.016	13.2	12	5.851	31.59	1013.4	5.6	86	125	1	2.9	3.6	1	0	1	1	
2026-02-24 11:40:00	60.16902	5.48472	11	18	0	2	240	0	0	0.016	13.2	12	5.814	31.55	1013.4	5.5	86	130	1	3.4	4.3	1	0	1	1	
2026-02-24 11:45:00	60.17094	5.48454	12	19	0	2	240	0	0	0.014	13.2	12	5.81	31.51	1013.5	5.5	86	125	1	3.1	4.4	1	0	1	1	
2026-02-24 11:50:00	60.1725	5.48316	12	20	0	1	240	0	0	0.014	13.2	12	5.798	31.46	1013.4	5.6	87	120	1	3.7	4.2	1	0	1	1	
2026-02-24 11:55:00	60.1719	5.48514	12	21	0	1	240	0	0	0.016	13.2	12	5.811	31.47	1013.4	5.5	87	120	1	3.8	4.2	1	0	1	1	
2026-02-24 12:00:00	60.17142	5.48736	12	22	0	1	240	0	0	0.016	13.2	12	5.811	31.5	1013.5	5.6	87	115	1	2.9	3.6	1	0	1	1	
2026-02-24 12:05:00	60.1713	5.48769	12	23	0	1	240	0	0	0.014	13.2	12	5.351	0.48	1015	5.5	85	125	1	4	5.1	1	0	1	1	
2026-02-24 12:10:00	60.17028	5.48877	12	24	0	1	240	0	0	0.016	13.2	12	5.811	31.59	1013.6	5.7	86	125	1	3.8	4.7	1	0	1	1	
2026-02-24 12:15:00	60.16998	5.48784	11	25	0	1	240	0	0	0.014	13.2	12	5.826	31.62	1013.5	5.8	85	120	1	3.3	4.4	1	0	1	1	
2026-02-24 12:20:00	60.17094	5.48829	11	26	0	1	240	0	0	0.016	13.3	11	5.805	31.57	1013.5	5.7	85	120	1	3.5	4.3	1	0	1	1	
2026-02-24 12:25:00	60.17016	5.48733	11	27	0	1	240	0	0	0.014	13.3	11	5.822	31.61	1013.5	5.7	86	125	1	3.5	4.6	1	0	1	1	
2026-02-24 12:30:00	60.17142	5.49033	12	28	0	1	240	0	0	0.016	13.3	11	5.852	31.61	1013.4	5.7	86	140	1	2.4	4.4	1	0	1	1	
2026-03-16 11:07:01	60.29151	5.28252	12	0	0	0	10	0	0	0.014	13.3	20		0												
2026-04-09 08:55:11	57.42498	18.21366	12	0	0	0	10	0	0	0.014	13.5	10		0												
2026-04-09 09:00:00	57.42501	18.21366	12	1	0	2	10	0	0	0.014	13.6	10		0												
2026-04-09 09:10:00	57.42507	18.2136	12	3	0	3	10	0	0	0.014	13.8	12		0												
2026-04-09 09:20:00	57.42492	18.21363	12	5	0	3	10	0	0	0.014	13.7	14		0												
2026-04-09 09:25:00	57.42483	18.21357	12	6	0	1	10	0	0	0.014	13.5	15		0												
2026-04-09 09:30:00	57.42492	18.21369	12	7	0	2	10	0	0	0.016	13.5	15		0												
2026-04-09 09:35:00	57.42495	18.21363	12	8	0	1	10	0	0	0.016	13.5	16		0												
2026-04-09 10:55:00	57.42498	18.21363	34	8	0	3	30	0	0	0.016	13.4	24		0												
2026-04-09 11:05:00	57.42492	18.21378	11	10	0	3	10	0	0	0.016	13.4	23		0												
2026-04-09 11:15:00	57.42495	18.2136	11	12	0	3	10	0	0	0.016	13.4	23		0												
2026-04-09 11:20:00	57.42498	18.21363	12	13	4	1	240	0	0	0.016	13.4	22	10.582	0	1026.4	8.3	39	25	1	0.9	2.6	1	0	4	1	
2026-04-09 11:35:00	57.42492	18.21366	12	15	0	3	240	0	0	0.016	13.3	22	10.211	0	1026.2	8	41	35	1	1.8	2.7	1	0	4	1	
2026-04-09 11:40:00	57.42495	18.21369	12	16	0	1	240	0	0	0.016	13.3	22	11.151	0	1026.3	8.8	41	45	1	1.8	3	1	0	4	1	
2026-04-09 11:45:00	57.42486	18.21372	12	17	0	1	240	0	0	0.016	13.3	22	10.636	0	1026.2	8.8	41	55	1	1.6	3.3	1	0	4	1	
2026-04-09 11:50:00	57.42489	18.21375	12	18	0	1	240	0	0	0.016	13.6	22	10.285	0	1026.2	8.4	41	40	1	2.5	4.1	1	0	4	1	
2026-04-09 11:55:00	57.42489	18.21369	12	19	0	1	240	0	0	0.016	13.6	22	9.63	0	1026.1	8.2	42	60	1	2.2	4	1	0	4	1	
2026-04-09 12:00:00	57.42489	18.21369	12	20	0	1	240	0	0	0.016	13.5	22	9.24	0	1026.1	8.2	42	55	1	1.9	3.6	1	0	4	1	
2026-04-09 12:10:00	57.42492	18.21375	12	21	0	2	240	0	0	0.016	13.4	21	10.541	0	1026	8.6	44	45	1	2	3.3	1	0	4	1	
2026-04-09 12:15:00	57.42492	18.21369	12	22	0	1	240	0	0	0.016	13.4	21	9.185	0	1025.8	8.1	43	45	1	2.2	3.5	1	0	4	1	
2026-04-09 12:20:00	57.42486	18.21381	12	23	1	1	140	0	0	0.016	13.3	21	9.88	0	1025.8	8.1	43	50	1	1.9	3.4	1				
2026-04-09 12:25:00	57.42486	18.21387	12	24	0	1	140	0	0	0.016	13.3	21	9.317	0	1025.8	8.1	43	40	1	2.3	4.3	1				
2026-04-09 12:30:00	57.42486	18.21384	12	25	0	1	140	0	0	0.016	13.3	20	8.443	0	1025.7	7.9	43	55	1	1.6	2.4	1				
2026-04-09 12:35:00	57.42501	18.21336	12	26	0	1	140	0	0	0.016	13.3	20	8.718	0	1025.7	8	42	45	1	2.3	3.6	1				
2026-04-09 12:40:00	57.42492	18.21375	12	27	0	1	140	0	0	0.016	13.3	20	9.283	0	1025.8	8.2	43	45	1	1.6	3.3	1				
2026-04-09 12:45:00	57.42489	18.21381	12	28	0	1	140	0	0	0.016	13.3	20	9.628	0	1025.8	7.9	44	40	1	2	3.3	1				
2026-04-09 12:50:00	57.42489	18.21372	12	29	0	2	140	0	0	0.016	13.3	20	9.372	0	1025.8	8	43	35	1	2.6	3.5	1				
2026-04-09 12:55:00	57.42483	18.21393	13	30	0	1	140	0	0	0.016	13.3	20	8.913	0	1025.8	7.9	42	55	1	1.7	2.7	1				
2026-04-09 13:00:00	57.42483	18.21402	12	31	0	1	140	0	0	0.016	13.3	20	8.859	0	1025.7	8	43	45	1	2.2	3.2	1				
2026-04-09 13:05:00	57.42477	18.21417	12	32	0	1	140	0	0	0.016	13.3	20	9.513	0	1025.6	7.8	42	35	1	2.2	3.1	1				
2026-04-10 10:10:00	57.41118	18.09978	71	1	1	1	70	0	0	0.014	13.3	11		0												
2026-04-10 10:15:00	57.41211	18.09963	12	2	0	1	10	0	0	0.016	13.3	10		0												
2026-04-10 10:20:00	57.41436	18.10074	12	3	0	1	10	0	0	0.014	13.3	9		0												
2026-04-10 10:25:00	57.414	18.1029	12	4	0	1	10	0	0	0.014	13.3	9		0												
2026-04-10 10:30:00	57.41322	18.10401	12	5	0	1	10	0	0	0.014	13.3	9		0												
2026-04-10 10:35:00	57.4122	18.10548	12	6	0	1	10	0	0	0.014	13.3	9		0												
2026-04-10 10:45:00	57.41415	18.10386	12	8	0	3	10	0	0	0.014	13.3	8		0												
2026-04-10 10:50:00	57.4158	18.10245	12	9	3	2	10	0	0	0.014	13.3	8		0												
2026-04-10 11:00:00	57.41844	18.10053	12	11	0	3	10	0	0	0.014	13.3	8		0												
2026-04-10 11:10:00	57.42045	18.09699	13	13	0	3	10	0	0	0.016	13.3	8		0												
2026-04-10 11:20:00	57.42213	18.09324	12	15	0	3	10	0	0	0.014	13.3	8		0												
2026-04-10 11:25:00	57.42294	18.09108	13	16	0	1	10	0	0	0.016	13.3	8		0												
2026-04-10 11:30:00	57.42375	18.08907	13	17	1	1	480	0	0	0.014	13.3	8	3.994	7.6	1022.8	3.8	77	255	1	3.5	4.8	1	0	3	5	
2026-04-10 11:40:00	57.4254	18.08679	13	18	0	2	490	0	0	0.016	13.2	9	4.049	7.61	1022.8	3.8	78	305	1	2.8	3.6	1	0	3	5	
2026-04-10 11:50:00	57.42636	18.08721	13	19	0	1	490	0	0	0.014	13.5	9	4.077	7.62	1022.7	3.7	77	300	1	3	3.5	1	0	3	5	
2026-04-10 12:00:00	57.42516	18.08595	13	20	0	1	480	0	0	0.014	13.5	9	4.057	7.61	1022.8	3.7	79	285	1	3	3.8	1	0	3	5	
2026-04-10 12:10:00	57.42375	18.08433	12	21	0	1	480	0	0	0.014	13.5	9	3.932	7.59	1022.8	3.6	79	305	1	2.8	3.4	1	0	3	5	
2026-04-10 12:20:00	57.42255	18.0825	12	22	0	1	490	0	0	0.014	13.3	8	3.809	7.55	1022.7	3.6	78	285	1	2.8	3.4	1	0	3	5	
2026-04-10 12:30:00	57.42141	18.0807	12	23	0	1	490	0	0	0.016	13.3	8	3.783	7.53	1022.7	3.6	80	305	1	3.1	3.9	1	0	3	5	
2026-04-10 12:40:00	57.42036	18.07863	16	24	0	1	500	0	0	0.014	13.3	8	3.768	7.52	1022.6	3.6	77	300	1	3.2	4.1	1	0	3	5	
2026-04-10 12:50:00	57.41886	18.07716	41	25	0	1	510	0	0	0.014	13.2	8	3.738	7.51	1022.4	3.7	79	295	1	2.5	3.2	1	0	3	5	
2026-04-10 13:00:00	57.41757	18.07572	12	26	0	1	480	0	0	0.016	13.3	8	3.78	7.52	1022.3	3.7	77	305	1	2.9	3.6	1	0	3	5	
2026-04-10 13:10:00	57.41625	18.07407	11	27	0	1	480	0	0	0.014	13.3	8	3.763	7.51	1022.2	3.7	78	315	1	2.6	3.4	1	0	3	5	
2026-04-10 13:20:00	57.41478	18.07224	11	28	0	1	480	0	0	0.014	13.3	7	3.722	7.5	1022.1	3.7	75	325	1	1.8	2.3	1	0	3	5	
2026-04-10 13:30:00	57.41346	18.0708	11	29	0	1	480	0	0	0.016	13.3	7	3.696	7.48	1021.9	3.7	76	325	1	2.3	3.2	1	0	3	5	
2026-04-10 13:50:00	57.41034	18.06729	12	31	0	0	480	0	0	0.014	13.3	8	3.675	7.47	1021.8	3.7	76	335	1	1.9	2.9	1	0	3	5	
2026-04-10 14:00:00	57.40878	18.06534	12	32	0	1	480	0	0	0.014	13.3	7	3.663	7.48	1021.7	3.8	74	345	1	2.2	2.9	1	0	3	5	
2026-04-10 14:10:00	57.4071	18.06327	12	33	0	1	480	0	0	0.016	13.2	7	3.645	7.47	1021.5	3.8	74	315	1	1.9	2.5	1	0	3	5	
2026-04-10 14:20:00	57.40572	18.06177	12	34	0	1	480	0	0	0.014	13.4	7	3.655	7.48	1021.4	3.9	74	335	1	1.8	2.5	1	0	3	5	
2026-04-10 14:30:00	57.40419	18.06021	12	35	0	1	480	0	0	0.014	13.3	7	3.653	7.48	1021.4	3.9	75	310	1	1.5	1.9	1	0	3	5	
2026-04-10 14:40:00	57.40242	18.05895	13	36	0	2	490	0	0	0.014	13.6	7	3.683	7.48	1021.3	4	75	295	1	1.6	2	1	0	3	5	
2026-04-10 14:50:00	57.40065	18.05763	13	37	0	1	500	0	0	0.014	13.7	7	3.682	7.48	1021.1	4.1	73	310	1	1.3	1.7	1	0	3	5	
2026-04-10 15:00:00	57.39921	18.05685	19	38	0	1	510	0	0	0.014	13.3	8	3.656	7.48	1020.8	4.1	75	340	1	1.7	2.2	1	0	3	5	
2026-04-10 15:10:00	57.39768	18.05571	11	39	0	1	480	0	0	0.014	13.2	8	3.68	7.48	1020.8	4	75	310	1	1.4	2	1	0	3	5	
2026-04-10 15:20:00	57.39612	18.05556	12	40	0	1	480	0	0	0.014	13.6	8	3.671	7.48	1020.7	4.1	74	325	1	1.3	1.8	1	0	3	5	
2026-04-10 15:30:00	57.39441	18.05622	12	41	0	1	480	0	0	0.014	13.8	8	3.658	7.48	1020.7	4.1	75	330	1	1.5	2	1	0	3	5	
2026-04-10 15:40:00	57.39279	18.05724	12	42	0	2	480	0	0	0.014	13.4	8	3.673	7.48	1020.6	4.4	75	330	1	1.3	1.7	1	0	3	5	
2026-04-10 15:50:00	57.39093	18.05658	12	43	0	1	480	0	0	0.014	13.3	8	3.676	7.48	1020.6	4.4	74	310	1	0.6	1.1	1	0	3	5	
2026-04-10 16:00:00	57.38964	18.05577	12	44	0	1	480	0	0	0.014	13.4	8	3.679	7.48	1020.5	4.4	78	325	1	1.1	1.5	1	0	3	5	
2026-04-10 16:10:00	57.38838	18.05493	12	45	0	1	480	0	0	0.014	13.4	8	3.645	7.47	1020.6	4.1	80	265	1	0.8	1.1	1	0	3	5	
2026-04-10 16:20:00	57.38679	18.05376	13	46	0	2	480	0	0	0.016	13.4	8	3.62	7.47	1020.6	4.1	82	280	1	0.9	1.2	1	0	3	5	
2026-04-10 16:30:00	57.3852	18.05295	13	47	0	1	490	0	0	0.014	13.3	8	3.64	7.47	1020.4	4	82	290	1	1.2	1.5	1	0	3	5	
2026-04-10 16:40:00	57.38394	18.05196	13	48	0	1	490	0	0	0.014	13.3	8	3.615	7.47	1020.4	4.2	83	275	1	0.8	1.1	1	0	3	5	
2026-04-10 16:50:00	57.38286	18.05166	13	49	0	1	490	0	0	0.014	13.3	8	3.54	7.45	1020.5	3.9	79	265	1	1.4	1.8	1	0	3	5	
2026-04-10 17:00:00	57.38175	18.05181	13	50	0	2	510	0	0	0.016	13.3	8	3.599	7.46	1020.5	4	80	285	1	0.5	0.7	1	0	3	5	
2026-04-10 17:10:00	57.38061	18.05088	11	51	0	1	480	0	0	0.016	13.2	8	3.619	7.47	1020.6	3.6	83	280	1	1.3	2	1	0	3	5	
2026-04-10 17:20:00	57.37938	18.04959	11	52	0	1	480	0	0	0.016	13.2	7	3.56	7.45	1020.7	3.3	83	280	1	1.5	1.8	1	0	3	5	
2026-04-10 17:30:00	57.37803	18.04761	11	53	0	1	480	0	0	0.016	13.2	7	3.565	7.45	1020.8	3.2	83	290	1	1.1	1.4	1	0	3	5	
2026-04-10 17:40:00	57.37677	18.04521	12	54	0	1	480	0	0	0.016	13.2	7	3.565	7.45	1020.9	3	85	245	1	1.1	1.5	1	0	3	5	
2026-04-10 17:50:00	57.37557	18.04341	11	55	0	1	480	0	0	0.014	13.2	7	3.524	7.44	1021	2.9	87	280	1	1.2	1.6	1	0	3	5	
2026-04-10 18:00:00	57.37473	18.04305	12	56	0	1	480	0	0	0.014	13.2	6	3.51	7.43	1021.1	2.8	87	275	1	1	1.4	1	0	3	5	
2026-04-10 18:10:00	57.37407	18.04278	11	57	0	1	480	0	0	0.016	13.2	6	3.536	7.45	1021.1	3	82	270	1	2	2.5	1	0	3	5	
2026-04-10 18:20:00	57.37266	18.0402	12	58	0	1	480	0	0	0.014	13.2	6	3.542	7.45	1021.1	2.9	84	275	1	1.1	1.4	1	0	3	5	
2026-04-10 18:30:00	57.37161	18.0375	12	59	0	2	480	0	0	0.016	13.2	6	3.508	7.44	1021.2	2.9	84	290	1	1.4	1.8	1	0	3	5	
2026-04-10 18:40:00	57.37065	18.03477	11	0	0	1	480	0	0	0.016	13.2	6	3.492	7.44	1021.2	2.9	85	280	1	2	2.5	1	0	3	5	
2026-04-10 18:50:00	57.3696	18.03177	11	1	0	1	480	0	0	0.016	13.2	6	3.503	7.44	1021.1	2.9	85	260	1	1.2	1.6	1	0	3	5	
2026-04-10 19:00:00	57.36867	18.0291	11	2	0	1	480	0	0	0.016	13.2	6	3.51	7.45	1021.1	2.9	85	275	1	1.5	1.9	1	0	3	5	
2026-04-10 19:20:00	57.36705	18.0231	12	4	0	3	480	0	0	0.014	13.2	6	3.493	7.45	1021.1	2.8	87	295	1	1.1	1.5	1	0	3	5	
2026-04-10 20:00:00	57.36546	18.01221	12	8	0	3	480	0	0	0.016	13.2	6	3.483	7.44	1021.1	2.3	92	10	1	0.7	1	1	0	3	5	
2026-04-10 20:10:00	57.36534	18.0099	11	9	0	2	480	0	0	0.014	13.2	6	3.457	7.44	1021.2	2.2	92	35	1	0.6	0.8	1	0	3	5	
2026-04-10 20:20:00	57.36504	18.00765	11	10	0	1	480	0	0	0.016	13.2	5	3.471	7.44	1021.3	2.2	92	20	1	1	1.2	1	0	3	5	
2026-04-10 20:30:00	57.36456	18.00471	11	11	0	1	480	0	0	0.014	13.2	5	3.408	7.43	1021.2	2.3	91	330	1	0.7	1.1	1	0	3	5	
2026-04-10 20:40:00	57.36411	18.00195	11	12	0	1	480	0	0	0.016	13.2	5	3.405	7.43	1021.2	2.5	88	305	1	1.3	1.7	1	0	3	5	
2026-04-10 20:50:00	57.36294	17.99982	12	13	0	2	480	0	0	0.016	13.2	5	3.461	7.45	1021.1	2.5	89	295	1	1.2	1.5	1	0	3	5	
2026-04-10 21:00:00	57.36147	17.99961	12	14	0	1	480	0	0	0.016	13.2	5	3.508	7.47	1021	2.7	88	310	1	1.6	2.1	1	0	3	5	
2026-04-10 21:10:00	57.36108	17.99673	12	15	0	2	480	0	0	0.014	13.2	5	3.422	7.45	1021	2.7	89	310	1	1.6	1.9	1	0	3	5	
2026-04-10 21:20:00	57.35982	17.9946	12	16	0	1	480	0	0	0.016	13.2	5	3.493	7.46	1020.9	2.8	88	345	1	1.7	2.1	1	0	3	5	
2026-04-10 21:30:00	57.35799	17.9928	12	17	0	1	480	0	0	0.014	13.2	5	3.548	7.48	1020.9	2.9	86	340	1	2.1	2.6	1	0	3	5	
2026-04-10 21:40:00	57.35631	17.98983	17	18	0	1	520	0	0	0.016	13.2	5	3.562	7.48	1020.8	2.9	86	325	1	2.2	2.6	1	0	3	5	
2026-04-10 21:50:00	57.35406	17.98782	11	19	0	1	480	0	0	0.016	13.2	5	3.461	7.45	1020.8	2.9	86	345	1	2	2.5	1	0	3	5	
2026-04-10 22:00:00	57.35166	17.98566	11	20	0	2	480	0	0	0.016	13.2	5	3.479	7.45	1021	2.9	86	345	1	2.7	3.2	1	0	3	5	
2026-04-10 22:10:00	57.35145	17.98254	11	21	0	1	480	0	0	0.016	13.2	5	3.456	7.44	1020.9	3	86	355	1	2.3	2.7	1	0	3	5	
2026-04-10 22:20:00	57.35034	17.97864	12	22	0	1	480	0	0	0.016	13.2	5	3.446	7.43	1021	3	87	355	1	1.9	2.2	1	0	3	5	
2026-04-10 22:30:00	57.34866	17.97519	12	23	0	1	480	0	0	0.014	13.2	5	3.43	7.43	1021.1	3	87	345	1	1.8	2.2	1	0	3	5	
2026-04-10 22:40:00	57.34692	17.97189	11	24	0	2	480	0	0	0.014	13.2	5	3.387	7.42	1021.2	3	86	340	1	2.2	2.7	1	0	3	5	
2026-04-10 22:50:00	57.34515	17.96907	11	25	0	1	480	0	0	0.014	13.2	5	3.365	7.41	1021.1	3	86	360	1	2.1	2.6	1	0	3	5	
2026-04-10 23:00:00	57.34356	17.9655	12	26	0	1	190	0	0	0.016	13.2	5	3.349	7.41	1021.1	3	87	0	1	2	2.5	1	1	3	0	
2026-04-10 23:05:00	57.34305	17.96352	12	27	0	2	480	0	0	0.016	13.2	5	3.333	7.41	1021	3	88	0	1	1.5	2.2	1	0	3	5	
2026-04-10 23:15:00	57.34215	17.95995	12	28	0	1	480	0	0	0.016	13.2	5	3.313	7.4	1021	3	90	355	1	2	2.7	1	0	3	5	
2026-04-10 23:25:00	57.34122	17.95626	12	29	0	1	480	0	0	0.014	13.2	5	3.322	7.42	1021	3	91	345	1	1.4	1.9	1	0	3	5	
2026-04-10 23:35:00	57.34059	17.95329	12	30	0	1	480	0	0	0.014	13.2	5	3.489	7.47	1021.1	3	92	355	1	1.4	2	1	0	3	5	
2026-04-10 23:45:00	57.3396	17.95095	12	31	0	1	480	0	0	0.016	13.2	5	3.456	7.46	1021	2.5	92	45	1	1.8	2.4	1	0	3	5	
2026-04-10 23:55:00	57.33966	17.94735	12	32	0	1	520	0	0	0.014	13.2	5	3.416	7.45	1020.9	2.5	92	25	1	1.7	2.1	1	0	3	5	
2026-04-11 00:05:00	57.34038	17.94351	11	33	0	1	480	0	0	0.014	13.2	6	3.371	7.43	1020.8	2.5	92	15	1	1.1	1.6	1	0	3	5	
2026-04-11 00:25:00	57.33966	17.94312	11	35	0	3	480	0	0	0.014	13.2	6	3.363	7.43	1020.9	2.6	93	5	1	1.2	1.7	1	0	3	5	
2026-04-11 00:35:00	57.3396	17.94093	12	36	0	1	480	0	0	0.016	13.2	6	3.409	7.44	1021	2.6	94	345	1	1.4	1.9	1	0	3	5	
2026-04-11 00:45:00	57.3396	17.93895	11	37	0	1	480	0	0	0.016	13.2	5	3.38	7.43	1020.9	2.7	94	355	1	1.3	1.9	1	0	3	5	
2026-04-11 00:55:00	57.33951	17.93649	12	38	0	1	480	0	0	0.016	13.2	6	3.412	7.44	1020.9	2.7	94	360	1	1.7	2.2	1	0	3	5	
2026-04-11 01:05:00	57.33885	17.93373	11	39	0	1	480	0	0	0.016	13.2	5	3.338	7.43	1020.9	2.8	93	345	1	1.6	2	1	0	3	5	
2026-04-11 01:15:00	57.33798	17.93121	12	40	0	1	480	0	0	0.016	13.2	6	3.326	7.43	1020.8	2.8	92	340	1	1.8	2.1	1	0	3	5	
2026-04-11 01:25:00	57.33666	17.92938	12	41	0	1	480	0	0	0.016	13.2	6	3.346	7.43	1020.7	2.9	91	325	1	2.1	2.6	1	0	3	5	
2026-04-11 01:35:00	57.3351	17.92767	12	42	0	1	480	0	0	0.014	13.2	5	3.377	7.44	1020.7	2.9	92	345	1	2	2.6	1	0	3	5	
2026-04-11 01:55:00	57.33243	17.92302	12	44	0	3	490	0	0	0.016	13.2	6	3.347	7.43	1020.8	2.8	94	340	1	1.9	2.3	1	0	3	5	
2026-04-11 02:05:00	57.33171	17.92038	12	45	0	2	490	0	0	0.016	13.2	6	3.326	7.43	1020.8	2.8	94	355	1	1.6	2.1	1	0	3	5	
2026-04-11 02:15:00	57.33099	17.91813	13	46	0	1	490	0	0	0.014	13.2	6	3.356	7.44	1020.8	2.8	94	0	1	1.9	2.5	1	0	3	5	
2026-04-11 02:25:00	57.33039	17.91564	13	47	0	2	490	0	0	0.014	13.2	6	3.351	7.44	1020.8	2.8	94	30	1	2	2.5	1	0	3	5	
2026-04-11 02:35:00	57.32997	17.91255	12	48	0	1	480	0	0	0.014	13.2	5	3.38	7.45	1020.8	2.8	94	20	1	2.6	3	1	0	3	5	
2026-04-11 02:45:00	57.32988	17.90874	12	49	0	1	480	0	0	0.014	13.2	5	3.338	7.44	1020.8	2.8	94	35	1	2.6	3.3	1	0	3	5	
2026-04-11 02:55:00	57.3297	17.90385	13	50	0	1	490	0	0	0.016	13.2	5	3.368	7.5	1020.7	2.8	91	5	1	2.6	3.1	1	0	3	5	
2026-04-11 03:15:00	57.32787	17.8962	12	52	0	3	490	0	0	0.014	13.2	6	3.351	7.52	1020.9	2.9	93	25	1	2.2	2.7	1	0	3	5	
2026-04-11 03:25:00	57.32697	17.89227	12	53	0	3	480	0	0	0.014	13.2	6	3.33	7.52	1020.9	2.9	93	10	1	1.8	2.3	1	0	3	5	
2026-04-11 03:35:00	57.32619	17.88876	12	54	0	1	490	0	0	0.014	13.2	6	3.336	7.52	1020.8	2.8	93	10	1	2	2.4	1	0	3	5	
2026-04-11 03:45:00	57.32508	17.88564	13	55	0	1	490	0	0	0.016	13.2	6	3.352	7.53	1020.8	2.8	93	20	1	2.5	2.9	1	0	3	5	
2026-04-11 04:05:00	57.32337	17.87802	11	57	0	3	480	0	0	0.016	13.2	6	3.31	7.53	1021	2.9	90	15	1	2.3	2.8	1	0	3	5	
2026-04-11 04:15:00	57.32268	17.8734	11	58	0	1	480	0	0	0.014	13.2	6	3.322	7.53	1021	3	87	20	1	3	3.5	1	0	3	5	
2026-04-11 04:25:00	57.32127	17.86854	12	59	0	1	480	0	0	0.014	13.2	6	3.278	7.51	1021.1	3	87	15	1	2.3	2.8	1	0	3	5	
2026-04-11 04:35:00	57.31941	17.86605	12	0	0	1	480	0	0	0.014	13.2	6	3.308	7.49	1021.3	3.1	87	25	1	2.8	3.2	1	0	3	5	
2026-04-11 04:45:00	57.31656	17.86722	11	1	0	1	480	0	0	0.014	13.2	6	3.364	7.44	1021.5	3.2	88	50	1	4.1	5	1	0	3	5	
2026-04-11 04:55:00	57.31278	17.86629	12	2	0	1	480	0	0	0.014	13.2	6	3.38	7.45	1021.4	2.8	90	50	1	5	6.2	1	0	3	5	
2026-04-11 05:05:00	57.30903	17.86752	12	3	0	1	480	0	0	0.014	13.3	6	3.459	7.47	1021.3	2.6	91	40	1	4.6	5.7	1	0	3	5	
2026-04-11 05:15:00	57.30918	17.86935	11	4	0	2	480	0	0	0.016	13.3	6	3.463	7.46	1021.3	2.5	92	40	1	4.2	5.2	1	0	3	5	
2026-04-11 05:25:00	57.31122	17.86815	12	5	0	1	480	0	0	0.014	13.3	6	3.485	7.47	1021.3	2.3	91	45	1	4.3	5.9	1	0	3	5	
2026-04-11 05:35:00	57.31095	17.86755	12	6	0	1	480	0	0	0.014	13.3	6	3.499	7.47	1021.4	2.5	93	20	1	3.8	4.9	1	0	3	5	
2026-04-11 05:45:00	57.30933	17.86521	13	7	0	1	480	0	0	0.016	13.3	6	3.499	7.48	1021.4	2.5	92	15	1	3.7	4.7	1	0	3	5	
2026-04-11 05:55:00	57.30951	17.86551	12	8	0	1	480	0	0	0.014	13.3	6	3.506	7.48	1021.5	2.3	93	35	1	3.7	4.7	1	0	3	5	
2026-04-11 06:05:00	57.30912	17.86884	13	9	0	1	180	0	0	0.016	13.3	7	3.463	7.46	1021.5	2.1	93	35	1	3.4	4.7	1	6	3	0	
2026-04-11 06:10:00	57.30873	17.86983	13	10	0	1	490	0	0	0.016	13.3	6	3.436	7.46	1021.5	2.2	93	40	1	3.2	4.1	1	0	3	5	
2026-04-11 06:20:00	57.30537	17.87031	12	11	0	1	510	0	0	0.016	13.4	6	3.408	7.45	1021.5	2.3	92	35	1	3.2	3.9	1	0	3	5	
2026-04-11 06:30:00	57.30198	17.8701	11	12	0	2	480	0	0	0.014	13.4	7	3.38	7.44	1021.6	2.4	91	25	1	2.6	3.3	1	0	3	5	
2026-04-11 06:40:00	57.29907	17.87079	11	13	0	1	480	0	0	0.014	13.4	7	3.451	7.47	1021.7	2.5	90	20	1	2.8	3.7	1	0	3	5	
2026-04-11 06:50:00	57.29637	17.87181	12	14	0	1	480	0	0	0.016	13.4	7	3.403	7.46	1021.8	2.3	91	25	1	2.9	3.5	1	0	3	5	
2026-04-11 07:00:00	57.29589	17.87448	12	15	0	1	480	0	0	0.014	13.3	7	3.428	7.46	1022	2.4	89	20	1	3.1	4	1	0	3	5	
2026-04-11 07:10:00	57.29703	17.87214	11	16	0	3	480	0	0	0.016	13.5	7	3.411	7.45	1022	2.4	90	30	1	2.8	3.4	1	0	3	5	
2026-04-11 07:30:00	57.297	17.87616	12	18	0	3	480	0	0	0.016	13.3	7	3.45	7.46	1022.1	2.8	87	0	1	2.3	3.1	1	0	3	5	
2026-04-11 07:40:00	57.29754	17.87436	12	19	0	1	480	0	0	0.014	13.5	7	3.436	7.45	1022.1	2.8	87	15	1	2.6	3.2	1	0	3	5	
2026-04-11 07:50:00	57.29865	17.87217	12	20	0	1	480	0	0	0.014	13.5	7	3.461	7.46	1022.2	3	86	20	1	2.7	3.5	1	0	3	5	
2026-04-11 08:00:00	57.29667	17.87316	11	21	0	2	480	0	0	0.014	13.6	7	3.486	7.47	1022.2	2.9	87	5	1	2.5	3	1	0	3	5	
2026-04-11 08:10:00	57.2967	17.87565	11	22	0	1	480	0	0	0.014	13.5	7	3.481	7.46	1022.2	3.1	87	0	1	2.6	3.4	1	0	3	5	
2026-04-11 08:20:00	57.29739	17.87337	11	23	0	2	480	0	0	0.014	13.5	8	3.517	7.47	1022.4	3.1	90	360	1	2.8	3.5	1	0	3	5	
2026-04-11 08:30:00	57.29763	17.87541	12	24	0	1	480	0	0	0.014	13.5	8	3.49	7.47	1022.4	3.3	90	350	1	2.7	3.6	1	0	3	5	
2026-04-11 08:40:00	57.29814	17.87322	11	25	0	1	480	0	0	0.014	13.5	8	3.487	7.46	1022.4	3.2	90	345	1	2.8	3.3	1	0	3	5	
2026-04-11 08:50:00	57.29871	17.87487	11	26	0	1	480	0	0	0.014	13.6	8	3.523	7.47	1022.4	3.5	90	335	1	3	3.4	1	0	3	5	
2026-04-11 09:00:00	57.29874	17.87229	13	27	0	1	490	0	0	0.014	13.6	8	3.541	7.48	1022.5	3.5	89	340	1	2.8	3.5	1	0	3	5	
2026-04-11 09:10:00	57.29748	17.87583	18	28	0	1	520	0	0	0.016	13.4	8	3.588	7.49	1022.4	3.6	89	335	1	2.7	3.5	1	0	3	5	
2026-04-11 09:20:00	57.2973	17.87229	11	29	0	1	480	0	0	0.014	13.6	8	3.561	7.48	1022.4	3.5	89	340	1	3.1	3.7	1	0	3	5	
2026-04-11 09:30:00	57.29814	17.87478	11	30	0	1	480	0	0	0.014	13.6	8	3.592	7.49	1022.5	3.6	88	310	1	3.1	4.2	1	0	3	5	
2026-04-11 09:40:00	57.29781	17.87214	12	31	0	1	480	0	0	0.014	13.6	8	3.62	7.5	1022.5	3.5	89	300	1	3.8	4.4	1	0	3	5	
2026-04-11 09:50:00	57.30009	17.8746	11	32	0	1	480	0	0	0.014	13.8	8	3.609	7.48	1022.6	3.6	89	320	1	3.8	4.7	1	0	3	5	
2026-04-11 10:00:00	57.29652	17.87454	12	33	0	1	480	0	0	0.016	13.4	8	3.628	7.5	1022.5	3.6	89	315	1	4.1	4.9	1	0	3	5	
2026-04-11 10:10:00	57.29556	17.86992	11	34	0	1	480	0	0	0.014	13.9	8	3.672	7.5	1022.5	3.6	89	325	1	4.2	5.1	1	0	3	5	
2026-04-11 10:20:00	57.29712	17.87256	11	35	0	1	480	0	0	0.014	13.4	8	3.66	7.5	1022.4	3.5	90	330	1	4.6	5.5	1	0	3	5	
2026-04-11 10:40:00	57.2958	17.871	12	37	0	3	480	0	0	0.016	13.2	9	3.668	7.51	1022.5	3.5	90	330	1	4.4	5.2	1	0	3	5	
2026-04-11 10:50:00	57.29706	17.87343	13	38	0	1	480	0	0	0.014	13.5	8	3.652	7.5	1022.4	3.5	91	335	1	4.5	5.6	1	0	3	5	
2026-04-11 11:10:00	57.29868	17.87307	12	40	0	3	480	0	0	0.014	13.2	9	3.658	7.5	1022.4	3.5	91	340	1	4.6	5.9	1	0	3	5	
2026-04-11 11:20:00	57.29907	17.86905	13	41	0	1	510	0	0	0.016	13.5	8	3.675	7.5	1022.5	3.6	91	330	1	4.3	5.8	1	0	3	5	
2026-04-11 11:30:00	57.29811	17.87532	11	42	0	1	480	0	0	0.016	13.3	8	3.65	7.5	1022.5	3.6	91	340	1	3.8	4.8	1	0	3	5	
2026-04-11 11:40:00	57.29796	17.87319	11	43	0	1	480	0	0	0.016	13.2	8	3.668	7.49	1022.5	3.6	90	345	1	4.3	5.3	1	0	3	5	
2026-04-11 11:50:00	57.29814	17.86956	11	44	0	1	480	0	0	0.014	13.5	8	3.697	7.49	1022.7	3.6	91	335	1	3.4	4.7	1	0	3	5	
2026-04-11 12:00:00	57.29655	17.87454	11	45	0	1	480	0	0	0.014	13.3	8	3.705	7.51	1022.7	3.6	91	340	1	3.8	4.9	1	0	3	5	
2026-04-11 12:10:00	57.29703	17.87793	12	46	0	1	480	0	0	0.014	13.2	8	3.716	7.51	1022.8	3.7	91	330	1	3.3	4.5	1	0	3	5	
2026-04-11 12:20:00	57.29673	17.87514	12	47	0	1	480	0	0	0.014	13.8	8	3.724	7.52	1022.8	3.7	91	330	1	3.1	3.8	1	0	3	5	
2026-04-11 12:30:00	57.29577	17.87271	12	48	0	1	480	0	0	0.014	13.4	8	3.705	7.52	1022.7	3.7	91	345	1	3.3	4.2	1	0	3	5	
2026-04-11 12:40:00	57.2961	17.87475	12	49	0	1	480	0	0	0.014	13.3	8	3.761	7.53	1022.6	3.7	90	350	1	3.2	4.4	1	0	3	5	
2026-04-11 12:50:00	57.29673	17.87781	11	50	0	1	480	0	0	0.014	13.5	8	3.711	7.52	1022.6	3.7	91	350	1	2.9	3.8	1	0	3	5	
2026-04-11 13:00:00	57.29679	17.87529	12	51	0	1	480	0	0	0.014	13.3	8	3.702	7.52	1022.6	3.7	90	355	1	4	4.9	1	0	3	5	
2026-04-11 13:10:00	57.29724	17.87157	12	52	0	1	490	0	0	0.016	13.2	8	3.739	7.53	1022.6	3.7	91	350	1	3.9	5	1	0	3	5	
2026-04-11 13:20:00	57.29736	17.87388	16	53	0	1	510	0	0	0.014	13.6	8	3.753	7.52	1022.6	3.7	90	350	1	3.5	4.3	1	0	3	5	
2026-04-11 13:30:00	57.29781	17.87601	11	54	0	1	480	0	0	0.016	13.3	8	3.698	7.51	1022.6	3.8	91	345	1	3.5	4.5	1	0	3	5	
2026-04-11 13:40:00	57.29781	17.87238	12	55	0	1	480	0	0	0.014	13.2	8	3.728	7.51	1022.6	3.8	90	350	1	3.1	3.7	1	0	3	5	
2026-04-11 13:50:00	57.29787	17.87403	12	56	0	1	480	0	0	0.014	13.9	8	3.729	7.51	1022.5	3.8	90	350	1	3.5	4.4	1	0	3	5	
2026-04-11 14:00:00	57.29838	17.87643	11	57	0	1	480	0	0	0.016	13.4	8	3.721	7.51	1022.4	3.8	90	340	1	3.4	4.2	1	0	3	5	
2026-04-11 14:10:00	57.29853	17.87343	11	58	0	3	480	0	0	0.014	13.3	8	3.737	7.52	1022.5	3.9	89	340	1	3.6	4.6	1	0	3	5	
2026-04-11 14:20:00	57.29913	17.87565	12	59	0	2	480	0	0	0.014	13.7	8	3.719	7.52	1022.5	4	90	0	1	2.9	3.9	1	0	3	5	
2026-04-11 14:30:00	57.29739	17.87196	12	0	0	1	480	0	0	0.016	13.3	8	3.76	7.53	1022.5	3.9	90	355	1	2.7	3.3	1	0	3	5	
2026-04-11 14:40:00	57.29715	17.87358	12	1	0	2	480	0	0	0.014	13.3	8	3.753	7.52	1022.4	3.9	90	0	1	3	3.6	1	0	3	5	
2026-04-11 14:50:00	57.29727	17.87577	12	2	0	1	480	0	0	0.014	13.5	8	3.751	7.52	1022.4	4	90	350	1	2.4	3.1	1	0	3	5	
2026-04-11 15:00:00	57.29721	17.87277	11	3	0	3	480	0	0	0.014	13.6	8	3.761	7.52	1022.3	3.9	90	355	1	2.6	3.1	1	0	3	5	
2026-04-11 15:10:00	57.29688	17.87406	12	4	0	1	480	0	0	0.014	13.7	8	3.782	7.52	1022.3	4.1	89	355	1	2	2.7	1	0	3	5	
2026-04-11 15:20:00	57.29697	17.87529	11	5	0	1	480	0	0	0.014	13.4	8	3.761	7.52	1022.3	4.1	90	335	1	2	2.7	1	0	3	5	
2026-04-11 15:30:00	57.29679	17.87289	12	6	0	1	480	0	0	0.016	13.3	8	3.75	7.52	1022.3	4.1	90	340	1	2	2.8	1	0	3	5	
2026-04-11 15:40:00	57.29685	17.87343	12	7	0	1	480	0	0	0.014	13.6	8	3.776	7.52	1022.3	4.2	89	350	1	1.5	2.3	1	0	3	5	
2026-04-11 15:50:00	57.29664	17.87355	12	8	0	1	480	0	0	0.014	13.8	8	3.767	7.52	1022.2	4.2	90	345	1	1.3	1.9	1	0	3	5	
2026-04-11 16:00:00	57.2967	17.8743	40	9	0	1	510	0	0	0.014	13.4	8	3.757	7.52	1022.2	4.2	89	360	1	1.3	2	1	0	3	5	
2026-04-11 16:10:00	57.29652	17.87442	12	10	0	1	480	0	0	0.016	13.3	8	3.764	7.52	1022.2	4.1	90	15	1	1.3	2.3	1	0	3	5	
2026-04-11 16:20:00	57.29622	17.87487	12	11	0	3	480	0	0	0.014	13.4	8	3.765	7.52	1022.2	4.2	89	360	1	1.3	1.8	1	0	3	5	
2026-04-11 16:30:00	57.29586	17.87526	12	12	0	1	480	0	0	0.016	13.4	8	3.747	7.52	1022.2	4.2	89	0	1	1.1	1.7	1	0	3	5	
2026-04-11 16:40:00	57.29547	17.87406	12	13	0	1	480	0	0	0.014	13.3	8	3.775	7.52	1022.3	4	90	30	1	1	1.5	1	0	3	5	
2026-04-11 16:50:00	57.29511	17.87403	12	14	0	1	480	0	0	0.014	13.3	8	3.731	7.51	1022.3	4.1	90	25	1	0.6	1.1	1	0	3	5	
2026-04-11 17:00:00	57.29478	17.87376	12	15	0	1	480	0	0	0.014	13.3	7	3.735	7.51	1022.4	4.5	89	335	1	0.6	1.2	1	0	3	5	
2026-04-11 17:10:00	57.29448	17.87277	11	16	0	1	480	0	0	0.014	13.3	7	3.704	7.5	1022.5	4.5	88	300	1	0.6	1.1	1	0	3	5	
2026-04-11 17:20:00	57.29442	17.87196	13	17	0	1	490	0	0	0.014	13.2	7	3.711	7.51	1022.4	4.1	90	340	1	0.6	1	1	0	3	5	
2026-04-11 17:30:00	57.29409	17.87055	11	18	0	1	480	0	0	0.014	13.2	7	3.736	7.51	1022.4	3.7	92	325	1	0.5	1.1	1	0	3	5	
2026-04-11 17:40:00	57.29382	17.86929	12	19	0	1	480	0	0	0.016	13.2	7	3.688	7.5	1022.5	3.2	94	340	1	0.8	1.4	1	0	3	5	
2026-04-11 17:50:00	57.29361	17.868	12	20	0	1	490	0	0	0.014	13.2	7	3.651	7.49	1022.5	2.9	96	15	1	0.7	1.4	1	0	3	5	
2026-04-11 18:00:00	57.29328	17.86725	20	21	0	1	490	0	0	0.016	13.2	6	3.736	7.51	1022.5	2.8	96	55	1	0.7	1.2	1	0	3	5	
2026-04-11 18:10:00	57.29307	17.86551	22	22	0	1	520	0	0	0.014	13.2	6	3.698	7.5	1022.5	2.9	97	60	1	1.2	1.6	1	0	3	5	
2026-04-11 18:20:00	57.29244	17.86428	11	23	0	1	480	0	0	0.014	13.2	6	3.726	7.51	1022.6	2.9	97	35	1	1.1	1.7	1	0	3	5	
2026-04-11 18:35:00	57.29259	17.86095	12	25	0	3	480	0	0	0.014	13.2	6	3.704	7.51	1022.4	2.9	97	50	1	1.4	2.2	1	0	3	5	
2026-04-11 18:45:00	57.29205	17.86074	12	26	0	1	480	0	0	0.014	13.2	6	3.702	7.51	1022.5	3.1	97	45	1	2.1	2.8	1	0	3	5	
2026-04-11 18:55:00	57.2916	17.86071	11	27	0	1	480	0	0	0.016	13.2	6	3.674	7.5	1022.4	3.3	96	65	1	2.3	2.8	1	0	3	5	
2026-04-11 19:05:00	57.29118	17.86089	12	28	0	1	480	0	0	0.016	13.2	6	3.696	7.51	1022.4	3.3	95	65	1	2.2	2.9	1	0	3	5	
2026-04-11 19:35:00	57.28974	17.86008	11	31	0	3	480	0	0	0.014	13.2	6	3.734	7.52	1022.4	3.4	95	65	1	3.6	4.1	1	0	3	5	
2026-04-11 19:45:00	57.29226	17.85837	12	32	0	2	500	0	0	0.016	13.2	6	3.717	7.51	1022.4	3.7	92	85	1	3.2	3.8	1	0	3	5	
2026-04-11 20:05:00	57.29235	17.85588	12	34	0	3	480	0	0	0.016	13.2	7	3.705	7.51	1022.5	3.8	84	75	1	3.6	4.4	1	0	3	5	
2026-04-11 20:15:00	57.29463	17.85489	13	35	0	1	490	0	0	0.014	13.2	6	3.693	7.5	1022.5	3.6	86	90	1	3.1	3.8	1	0	3	5	
2026-04-11 20:25:00	57.29493	17.85324	12	36	0	2	480	0	0	0.014	13.2	6	3.69	7.5	1022.5	3.7	81	80	1	3.2	4.1	1	0	3	5	
2026-04-11 20:35:00	57.2949	17.85162	13	37	0	1	490	0	0	0.014	13.2	6	3.684	7.5	1022.5	3.6	85	85	1	3.3	3.8	1	0	3	5	
2026-04-11 20:45:00	57.29679	17.85132	13	38	0	1	490	0	0	0.014	13.2	6	3.669	7.5	1022.5	3.8	79	90	1	3.2	3.9	1	0	3	5	
2026-04-11 20:55:00	57.29874	17.85126	41	39	0	1	510	0	0	0.014	13.2	6	3.623	7.49	1022.5	3.7	81	95	1	3.3	4.2	1	0	3	5	
2026-04-11 21:05:00	57.29895	17.85048	12	40	0	1	490	0	0	0.016	13.2	6	3.615	7.49	1022.4	3.6	85	75	1	2.4	3	1	0	3	5	
2026-04-11 21:15:00	57.29781	17.85027	13	41	0	2	480	0	0	0.016	13.2	6	3.626	7.49	1022.3	3.4	86	75	1	3	3.6	1	0	3	5	
2026-04-11 21:25:00	57.29655	17.85045	13	42	0	1	480	0	0	0.014	13.2	6	3.655	7.49	1022.3	3.4	87	65	1	2.3	2.9	1	0	3	5	
2026-04-11 21:35:00	57.29571	17.85045	12	43	0	1	480	0	0	0.016	13.2	6	3.64	7.49	1022.3	3.3	88	60	1	2.2	3	1	0	3	5	
2026-04-11 21:45:00	57.29577	17.84907	13	44	0	1	480	0	0	0.014	13.2	6	3.648	7.49	1022.4	3.3	86	70	1	2.6	3.4	1	0	3	5	
2026-04-11 21:55:00	57.29604	17.84733	13	45	0	1	480	0	0	0.014	13.2	6	3.636	7.49	1022.4	3.3	87	70	1	2.8	3.3	1	0	3	5	
2026-04-11 22:15:00	57.29487	17.84667	11	47	0	3	480	0	0	0.014	13.2	6	3.646	7.5	1022.2	3.3	88	75	1	1.7	2.8	1	0	3	5	
2026-04-11 22:25:00	57.29421	17.84598	13	48	0	1	480	0	0	0.014	13.2	6	3.637	7.5	1022.2	3.3	87	70	1	2.6	3.8	1	0	3	5	
2026-04-11 22:35:00	57.2937	17.84556	12	49	0	1	480	0	0	0.016	13.2	6	3.718	7.52	1022.1	3.4	86	75	1	2.4	3.4	1	0	3	5	
2026-04-11 22:45:00	57.29319	17.84538	13	50	0	1	490	0	0	0.014	13.2	6	3.724	7.53	1022.1	3.4	84	70	1	2.1	2.6	1	0	3	5	
2026-04-11 22:55:00	57.29343	17.84415	12	51	0	1	480	0	0	0.016	13.2	6	3.746	7.53	1022.2	3.3	86	85	1	2.1	2.9	1	0	3	5	
2026-04-11 23:05:00	57.294	17.8422	12	52	0	1	480	0	0	0.014	13.2	6	3.723	7.53	1022.1	3.3	87	75	1	2	2.8	1	0	3	5	
2026-04-11 23:15:00	57.29427	17.84085	12	53	0	2	480	0	0	0.014	13.2	6	3.738	7.53	1022.1	3.3	85	75	1	1.6	2.2	1	0	3	5	
2026-04-11 23:25:00	57.29577	17.83956	12	54	0	1	480	0	0	0.014	13.2	6	3.651	7.5	1022	3.5	82	75	1	2.6	3	1	0	3	5	
2026-04-11 23:35:00	57.29748	17.8386	12	55	0	3	480	0	0	0.016	13.2	6	3.608	7.49	1021.9	3.7	81	80	1	2.7	3.2	1	0	3	5	
2026-04-11 23:45:00	57.29943	17.83818	12	56	0	1	480	0	0	0.014	13.2	6	3.598	7.49	1021.9	3.6	82	75	1	2.8	3.3	1	0	3	5	
2026-04-11 23:55:00	57.30144	17.83776	12	57	0	2	510	0	0	0.014	13.2	6	3.574	7.48	1021.9	3.6	83	65	1	2.3	2.8	1	0	3	5	
2026-04-12 00:05:00	57.30327	17.8371	11	58	0	1	480	0	0	0.014	13.2	6	3.537	7.48	1021.9	3.6	82	90	1	2.5	3.2	1	0	3	5	
2026-04-12 00:15:00	57.30396	17.83608	12	59	0	1	480	0	0	0.014	13.2	6	3.526	7.48	1021.9	3.8	79	75	1	2.7	3.3	1	0	3	5	
2026-04-12 00:25:00	57.30297	17.83671	11	0	0	1	480	0	0	0.014	13.2	6	3.532	7.48	1021.8	3.8	79	70	1	2.3	2.7	1	0	3	5	
2026-04-12 00:35:00	57.30237	17.83704	12	1	0	1	480	0	0	0.014	13.2	6	3.566	7.48	1021.7	3.7	81	75	1	2.1	2.5	1	0	3	5	
2026-04-12 00:45:00	57.3018	17.83728	12	2	0	1	480	0	0	0.014	13.2	6	3.549	7.48	1021.7	3.7	81	70	1	2.3	3.2	1	0	3	5	
2026-04-12 00:55:00	57.30123	17.83722	12	3	0	3	480	0	0	0.016	13.2	6	3.574	7.49	1021.7	3.8	80	80	1	2.4	3.1	1	0	3	5	
2026-04-12 01:05:00	57.30051	17.83719	12	4	0	1	480	0	0	0.014	13.2	6	3.596	7.49	1021.6	3.9	79	70	1	2.6	3.2	1	0	3	5	
2026-04-12 01:15:00	57.30081	17.83602	12	5	0	1	480	0	0	0.014	13.2	6	3.61	7.5	1021.5	3.8	81	100	1	2.4	3	1	0	3	5	
2026-04-12 01:25:00	57.30147	17.83482	11	6	0	1	480	0	0	0.016	13.2	6	3.587	7.49	1021.4	3.9	80	80	1	2.6	3.2	1	0	3	5	
2026-04-12 01:35:00	57.30174	17.8338	13	7	0	1	490	0	0	0.014	13.2	6	3.591	7.49	1021.3	4	78	70	1	3.1	3.7	1	0	3	5	
2026-04-12 02:05:00	57.30708	17.83146	13	10	0	3	490	0	0	0.016	13.2	6	3.51	7.47	1021.1	3.9	81	80	1	2.4	3.2	1	0	3	5	
2026-04-12 02:15:00	57.30873	17.83101	12	11	0	3	490	0	0	0.016	13.2	6	3.555	7.49	1021.2	4	80	80	1	2.7	3.3	1	0	3	5	
2026-04-12 02:25:00	57.3099	17.83071	13	12	0	1	480	0	0	0.016	13.2	6	3.581	7.49	1021.2	3.9	81	90	1	3	3.9	1	0	3	5	
2026-04-12 02:35:00	57.31056	17.82984	13	13	0	2	480	0	0	0.016	13.2	6	3.579	7.49	1021.2	3.9	82	90	1	2.8	3.5	1	0	3	5	
2026-04-12 02:45:00	57.31074	17.82855	13	14	0	1	490	0	0	0.014	13.2	6	3.572	7.49	1021.1	4	81	90	1	3.1	3.7	1	0	3	5	
2026-04-12 02:55:00	57.3123	17.8287	12	15	0	1	480	0	0	0.014	13.2	6	3.588	7.49	1021.1	4	81	95	1	3.2	3.8	1	0	3	5	
2026-04-12 03:05:00	57.31368	17.82912	12	16	0	1	480	0	0	0.014	13.2	6	3.688	7.52	1021.1	4	81	100	1	3.8	4.5	1	0	3	5	
2026-04-12 03:15:00	57.31533	17.82984	14	17	0	1	490	0	0	0.014	13.2	6	3.657	7.52	1021	4	81	100	1	4.5	5.4	1	0	3	5	
2026-04-12 03:25:00	57.31737	17.83098	13	18	0	1	480	0	0	0.016	13.2	6	3.599	7.51	1020.9	4	80	95	1	4.7	5.9	1	0	3	5	
2026-04-12 03:35:00	57.31953	17.8326	13	19	0	1	490	0	0	0.014	13.2	6	3.626	7.51	1020.9	4	81	105	1	4.9	6.8	1	0	3	5	
2026-04-12 03:45:00	57.32019	17.83221	16	20	0	1	500	0	0	0.014	13.2	6	3.625	7.52	1020.9	4	81	100	1	4.7	5.5	1	0	3	5	
2026-04-12 03:55:00	57.32076	17.83044	40	21	0	1	510	0	0	0.016	13.2	6	3.618	7.52	1021	4	82	105	1	4.8	5.8	1	0	3	5	
2026-04-12 04:05:00	57.32145	17.83026	12	22	0	1	480	0	0	0.014	13.2	6	3.619	7.52	1021	4.3	81	115	1	4.7	5.6	1	0	3	5	
2026-04-12 04:15:00	57.3195	17.82876	12	23	0	1	480	0	0	0.016	13.2	6	3.637	7.52	1021.1	4.5	81	110	1	4.4	5.2	1	0	3	5	
2026-04-12 04:25:00	57.31764	17.82702	12	24	0	1	490	0	0	0.014	13.2	6	3.656	7.52	1021	4.3	81	110	1	4.2	5.6	1	0	3	5	
2026-04-12 04:35:00	57.31596	17.82537	13	25	0	2	490	0	0	0.016	13.2	6	3.607	7.49	1021.1	4.2	82	110	1	3.7	4.7	1	0	3	5	
2026-04-12 04:45:00	57.31581	17.82441	13	26	0	1	490	0	0	0.016	13.2	6	3.578	7.49	1021.1	4.2	82	110	1	4.1	5.1	1	0	3	5	
2026-04-12 04:55:00	57.31755	17.82588	12	27	0	1	480	0	0	0.014	13.2	6	3.638	7.5	1021.2	4.3	82	110	1	4.2	5.2	1	0	3	5	
2026-04-12 05:05:00	57.3192	17.8269	12	28	0	1	480	0	0	0.014	13.2	6	3.669	7.51	1021.3	4.3	83	115	1	4	5.1	1	0	3	5	
2026-04-12 05:15:00	57.31998	17.82642	12	29	0	1	480	0	0	0.016	13.2	6	3.674	7.51	1021.3	4.4	82	105	1	4	5.6	1	0	3	5	
2026-04-12 05:25:00	57.31992	17.82531	12	30	0	1	480	0	0	0.014	13.3	7	3.672	7.5	1021.5	4.4	82	110	1	4.2	5.4	1	0	3	5	
2026-04-12 05:35:00	57.32061	17.82405	12	31	0	2	480	0	0	0.014	13.3	7	3.675	7.52	1021.6	4.4	83	105	1	3.9	4.9	1	0	3	5	
2026-04-12 05:45:00	57.32106	17.82312	13	32	0	1	490	0	0	0.014	13.3	7	3.677	7.51	1021.6	4.5	82	110	1	4.5	5.7	1	0	3	5	
2026-04-12 05:55:00	57.32322	17.8248	12	33	0	1	510	0	0	0.014	13.4	7	3.688	7.51	1021.7	4.6	81	110	1	4.2	5.2	1	0	3	5	
2026-04-12 06:05:00	57.32544	17.82678	12	34	0	1	480	0	0	0.014	13.4	7	3.62	7.53	1021.8	4.6	81	115	1	3.9	4.9	1	0	3	5	
2026-04-12 06:15:00	57.32721	17.82876	12	35	0	1	480	0	0	0.014	13.4	7	3.622	7.54	1021.9	4.7	81	120	1	4.1	5.3	1	0	3	5	
2026-04-12 06:25:00	57.32892	17.83092	12	36	0	1	480	0	0	0.014	13.4	7	3.65	7.55	1022	4.8	80	130	1	3.7	4.9	1	0	3	5	
2026-04-12 06:35:00	57.33	17.83101	12	37	0	1	480	0	0	0.014	13.4	7	3.67	7.56	1022	4.7	81	115	1	3.4	4.4	1	0	3	5	
2026-04-12 06:45:00	57.33003	17.82945	12	38	0	1	480	0	0	0.014	13.4	7	3.657	7.55	1022.1	4.7	82	135	1	2.8	3.8	1	0	3	5	
2026-04-12 06:55:00	57.33078	17.82879	12	39	0	1	480	0	0	0.016	13.5	7	3.683	7.56	1022.1	4.7	83	125	1	3	3.7	1	0	3	5	
2026-04-12 07:15:00	57.33018	17.82483	12	41	0	3	480	0	0	0.016	13.5	8	3.662	7.55	1022.3	4.9	83	130	1	2	2.5	1	0	3	5	
2026-04-12 07:25:00	57.33084	17.82342	12	42	0	1	480	0	0	0.014	13.5	8	3.68	7.56	1022.3	4.9	84	135	1	2	2.9	1	0	3	5	
2026-04-12 07:35:00	57.33156	17.82234	12	43	0	1	480	0	0	0.014	13.5	8	3.682	7.56	1022.3	5.1	84	130	1	1.8	2.5	1	0	3	5	
2026-04-12 07:45:00	57.33276	17.8218	12	44	0	2	480	0	0	0.014	13.5	8	3.725	7.57	1022.3	5.1	84	115	1	1.8	2.6	1	0	3	5	
2026-04-12 07:55:00	57.33375	17.82207	12	45	0	2	480	0	0	0.016	13.5	9	3.78	7.58	1022.3	5.2	83	130	1	1.7	2.4	1	0	3	5	
2026-04-12 08:05:00	57.33465	17.82258	12	46	0	1	480	0	0	0.014	13.6	9	3.78	7.58	1022.3	5.2	83	155	1	1.5	2	1	0	3	5	
2026-04-12 08:15:00	57.33531	17.82345	12	47	0	1	480	0	0	0.014	13.6	9	3.834	7.59	1022.3	5.3	83	150	1	1.9	2.4	1	0	3	5	
2026-04-12 08:25:00	57.33588	17.82486	12	48	0	1	480	0	0	0.014	13.6	9	3.864	7.6	1022.3	5.3	82	150	1	2.2	2.6	1	0	3	5	
2026-04-12 08:35:00	57.33636	17.82684	12	49	0	1	480	0	0	0.014	13.6	9	3.89	7.6	1022.4	5.4	82	165	1	2.4	3	1	0	3	5	
2026-04-12 08:45:00	57.3369	17.82672	12	50	0	1	480	0	0	0.014	13.7	9	3.943	7.61	1022.5	5.4	83	155	1	1.6	2.4	1	0	3	5	
2026-04-12 08:55:00	57.33747	17.82636	12	51	0	1	510	0	0	0.014	13.7	10	3.946	7.61	1022.5	5.5	82	155	1	2	2.5	1	0	3	5	
2026-04-12 09:05:00	57.33786	17.8281	11	52	0	2	480	0	0	0.014	13.8	10	3.96	7.62	1022.5	5.5	81	165	1	2.3	2.7	1	0	3	5	
2026-04-12 09:15:00	57.3381	17.83023	11	53	0	1	480	0	0	0.014	13.5	10	3.967	7.62	1022.6	5.5	82	160	1	2.3	2.6	1	0	3	5	
2026-04-12 09:25:00	57.33819	17.83239	11	54	0	1	480	0	0	0.014	13.3	10	3.992	7.62	1022.5	5.2	84	185	1	2	2.4	1	0	3	5	
2026-04-12 09:35:00	57.33789	17.83479	12	55	0	1	480	0	0	0.014	13.3	10	4.002	7.62	1022.5	5.1	85	190	1	2.7	3.1	1	0	3	5	
2026-04-12 09:45:00	57.33732	17.83734	12	56	0	1	480	0	0	0.016	13.5	10	3.975	7.62	1022.6	5.2	85	195	1	2.4	2.9	1	0	3	5	
2026-04-12 09:55:00	57.33663	17.8398	11	57	0	1	480	0	0	0.014	13.3	10	3.985	7.62	1022.6	5.1	85	200	1	2.8	3.2	1	0	3	5	
2026-04-12 10:05:00	57.33567	17.84235	11	58	0	1	480	0	0	0.014	13.3	10	3.958	7.61	1022.6	5.2	84	185	1	2.3	2.7	1	0	3	5	
2026-04-12 10:15:00	57.33495	17.8446	12	59	0	1	480	0	0	0.014	13.5	10	3.903	7.6	1022.6	5.4	80	180	1	3.2	3.8	1	0	3	5	
2026-04-12 10:25:00	57.33447	17.84733	12	0	0	1	480	0	0	0.014	13.3	10	3.938	7.6	1022.6	5.2	82	180	1	3.1	3.7	1	0	3	5	
2026-04-12 10:35:00	57.33384	17.85036	12	1	0	1	480	0	0	0.014	13.2	10	4.027	7.62	1022.6	5.2	82	160	1	2.8	3.3	1	0	3	5	
2026-04-12 10:45:00	57.33354	17.85291	12	2	0	1	480	0	0	0.014	13.5	10	3.952	7.6	1022.6	5.1	84	180	1	2.6	3.1	1	0	3	5	
2026-04-12 10:55:00	57.33309	17.85558	12	3	0	1	480	0	0	0.014	13.3	10	3.969	7.6	1022.7	5.1	84	185	1	2.8	3.1	1	0	3	5	
2026-04-12 11:05:00	57.33255	17.85792	13	4	0	1	480	0	0	0.016	13.2	10	4.019	7.61	1022.7	5.1	84	180	1	2.6	3	1	0	3	5	
2026-04-12 11:15:00	57.33189	17.86071	12	5	0	2	480	0	0	0.014	13.5	11	4.044	7.62	1022.7	5.1	84	180	1	2.9	3.5	1	0	3	5	
2026-04-12 11:25:00	57.3312	17.86404	41	6	0	1	510	0	0	0.014	13.3	11	4.085	7.62	1022.6	5	85	190	1	2.8	3.3	1	0	3	5	
2026-04-12 11:35:00	57.33042	17.86692	12	7	0	1	480	0	0	0.016	13.2	10	4.103	7.62	1022.7	5	86	205	1	2.8	3.4	1	0	3	5	
2026-04-12 11:45:00	57.33069	17.86758	12	8	0	1	480	0	0	0.014	13.5	10	4.102	7.63	1022.7	5	86	170	1	2.5	3	1	0	3	5	
2026-04-12 11:55:00	57.33093	17.86671	11	9	0	1	480	0	0	0.014	13.3	10	4.057	7.62	1022.6	5.1	85	165	1	2.4	3	1	0	3	5	
2026-04-12 12:05:00	57.33069	17.86905	12	10	0	2	480	0	0	0.014	13.2	11	4.136	7.63	1022.7	5.1	85	185	1	2.5	2.9	1	0	3	5	
2026-04-12 12:15:00	57.33048	17.87136	12	11	0	2	480	0	0	0.014	13.5	11	4.145	7.63	1022.7	5.1	86	180	1	2.2	2.6	1	0	3	5	
2026-04-12 12:25:00	57.33003	17.87343	11	12	0	1	480	0	0	0.014	13.3	11	4.128	7.63	1022.7	5.2	85	160	1	2	2.5	1	0	3	5	
2026-04-12 12:35:00	57.32988	17.87481	12	13	0	1	480	0	0	0.016	13.5	11	4.084	7.62	1022.6	5	86	190	1	3.1	3.8	1	0	3	5	
2026-04-12 12:45:00	57.32904	17.87748	12	14	0	1	480	0	0	0.014	13.3	11	4.103	7.61	1022.6	5	87	205	1	2.8	3.6	1	0	3	5	
2026-04-12 12:55:00	57.32895	17.87763	12	15	0	1	480	0	0	0.016	13.2	11	4.121	7.63	1022.5	5	87	195	1	3.1	3.9	1	0	3	5	
2026-04-12 13:05:00	57.32889	17.87715	12	16	0	1	480	0	0	0.014	13.6	11	4.102	7.62	1022.5	5.2	85	195	1	3	3.7	1	0	3	5	
2026-04-12 13:15:00	57.32868	17.87748	12	17	0	1	480	0	0	0.016	13.3	10	4.142	7.63	1022.5	5.2	84	175	1	2.6	3.3	1	0	3	5	
2026-04-12 13:25:00	57.32889	17.87703	12	18	0	1	490	0	0	0.014	13.3	10	4.198	7.64	1022.4	5.4	83	190	1	2.1	3	1	0	3	5	
2026-04-12 13:35:00	57.32913	17.87754	12	19	0	1	480	0	0	0.014	13.6	10	4.198	7.64	1022.4	5.3	84	175	1	2.3	3	1	0	3	5	
2026-04-12 13:45:00	57.32883	17.87547	12	20	0	1	480	0	0	0.014	13.3	10	4.179	7.63	1022.4	5.3	85	200	1	2	2.9	1	0	3	5	
2026-04-12 13:55:00	57.32886	17.87379	12	21	0	1	510	0	0	0.014	13.2	10	4.185	7.63	1022.3	5.3	85	185	1	2.4	3.1	1	0	3	5	
2026-04-12 14:05:00	57.32859	17.87184	12	22	0	1	480	0	0	0.014	13.4	10	4.211	7.62	1022.4	5.3	85	180	1	2.3	2.8	1	0	3	5	
2026-04-12 14:15:00	57.32835	17.87016	11	23	0	3	480	0	0	0.014	13.5	10	4.184	7.62	1022.5	5.3	85	195	1	1.8	2.3	1	0	3	5	
2026-04-12 14:25:00	57.32853	17.86899	12	24	0	1	480	0	0	0.014	13.7	9	4.238	7.62	1022.5	5.3	86	165	1	2.1	3	1	0	3	5	
2026-04-12 14:35:00	57.32898	17.86866	12	25	0	2	480	0	0	0.014	13.4	9	4.229	7.62	1022.4	5.4	85	160	1	1.9	2.4	1	0	3	5	
2026-04-12 14:45:00	57.32868	17.8704	12	26	0	2	480	0	0	0.014	13.3	9	4.185	7.61	1022.5	5.4	85	155	1	2	2.6	1	0	3	5	
2026-04-12 14:55:00	57.32868	17.87223	12	27	0	1	480	0	0	0.014	13.8	9	4.264	7.62	1022.5	5.6	84	145	1	1.7	2.4	1	0	3	5	
2026-04-12 15:05:00	57.32874	17.87403	12	28	0	1	480	0	0	0.014	13.4	10	4.266	7.62	1022.5	5.7	83	155	1	2.2	2.8	1	0	3	5	
2026-04-12 15:15:00	57.32919	17.87283	12	29	0	1	480	0	0	0.014	13.3	10	4.297	7.64	1022.5	5.7	82	165	1	2.7	3.2	1	0	3	5	
2026-04-12 15:25:00	57.32829	17.87073	12	30	0	1	480	0	0	0.014	13.3	9	4.259	7.63	1022.5	5.6	82	165	1	2.3	2.8	1	0	3	5	
2026-04-12 15:35:00	57.32748	17.86881	12	31	0	1	480	0	0	0.016	13.3	9	4.262	7.62	1022.5	5.4	84	165	1	2.3	2.7	1	0	3	5	
2026-04-12 15:45:00	57.32706	17.86746	12	32	0	1	490	0	0	0.014	13.3	9	4.238	7.61	1022.6	5.5	82	160	1	2.3	2.7	1	0	3	5	
2026-04-12 15:55:00	57.32619	17.86503	13	33	0	1	490	0	0	0.014	13.3	9	4.192	7.6	1022.6	5.6	82	155	1	2.4	2.9	1	0	3	5	
2026-04-12 16:05:00	57.32541	17.86323	12	34	0	1	510	0	0	0.014	13.3	8	4.147	7.59	1022.7	5.7	80	150	1	2.8	3.4	1	0	3	5	
2026-04-12 16:15:00	57.32451	17.86137	11	35	0	1	480	0	0	0.014	13.3	9	4.078	7.57	1022.6	5.6	81	150	1	2.6	3	1	0	3	5	
2026-04-12 16:25:00	57.3234	17.85912	12	36	0	1	480	0	0	0.014	13.3	8	4.018	7.55	1022.6	5.3	84	155	1	2	2.4	1	0	3	5	
2026-04-12 16:35:00	57.32277	17.85714	13	37	0	1	480	0	0	0.014	13.3	8	3.986	7.55	1022.7	5.2	85	155	1	1.9	2.7	1	0	3	5	
2026-04-12 16:45:00	57.32307	17.85657	12	38	0	1	480	0	0	0.014	13.2	8	3.98	7.55	1022.8	5.2	85	160	1	2	2.6	1	0	3	5	
2026-04-12 16:55:00	57.32337	17.85609	11	39	0	1	480	0	0	0.016	13.2	8	3.993	7.55	1022.8	4.8	88	120	1	1	1.9	1	0	3	5	
2026-04-12 17:05:00	57.32379	17.8551	12	40	0	1	480	0	0	0.016	13.2	8	3.998	7.55	1022.9	5.5	80	130	1	2.9	3.5	1	0	3	5	
2026-04-12 17:15:00	57.32415	17.8545	12	41	0	1	480	0	0	0.014	13.2	8	3.99	7.57	1022.9	5.4	81	125	1	2.4	2.8	1	0	3	5	
2026-04-12 17:25:00	57.32286	17.85312	12	42	0	1	480	0	0	0.016	13.2	8	3.936	7.56	1023	5.5	80	125	1	2.7	3.3	1	0	3	5	
2026-04-12 17:35:00	57.32175	17.85135	11	43	0	1	480	0	0	0.016	13.2	7	3.959	7.56	1023.1	5.4	81	130	1	2.7	3.3	1	0	3	5	
2026-04-12 17:45:00	57.32091	17.84955	11	44	0	1	480	0	0	0.014	13.2	7	3.98	7.56	1023.1	5	85	120	1	2.1	2.4	1	0	3	5	
2026-04-12 17:55:00	57.3201	17.8479	12	45	0	2	480	0	0	0.016	13.2	7	4.003	7.57	1023.3	5.2	82	120	1	2.3	2.8	1	0	3	5	
2026-04-12 18:05:00	57.31926	17.84616	12	46	0	1	480	0	0	0.016	13.2	7	3.982	7.57	1023.4	5.4	79	100	1	2.5	3.2	1	0	3	5	
2026-04-12 18:15:00	57.31956	17.8449	12	47	0	2	480	0	0	0.016	13.2	7	3.982	7.57	1023.4	5.2	80	100	1	2.8	3.5	1	0	3	5	
2026-04-12 18:25:00	57.32001	17.84391	12	48	0	1	480	0	0	0.014	13.2	7	3.971	7.57	1023.6	5.2	81	100	1	2.6	3.2	1	0	3	5	
2026-04-12 18:35:00	57.31899	17.84328	12	49	0	1	480	0	0	0.014	13.2	7	4.129	7.61	1023.6	5.1	82	105	1	2.1	2.5	1	0	3	5	
2026-04-12 18:45:00	57.31815	17.84256	12	50	0	1	480	0	0	0.014	13.2	7	4.19	7.61	1023.6	4.8	84	100	1	2.1	2.5	1	0	3	5	
2026-04-12 18:55:00	57.31743	17.84208	12	51	0	1	480	0	0	0.016	13.2	7	4.2	7.61	1023.5	4.6	86	90	1	1.7	2.4	1	0	3	5	
2026-04-12 19:05:00	57.3171	17.84157	12	52	0	1	480	0	0	0.016	13.2	7	4.103	7.58	1023.6	4.6	85	95	1	1.6	2.1	1	0	3	5	
2026-04-12 19:15:00	57.31698	17.84106	12	53	0	1	480	0	0	0.014	13.2	7	4.114	7.57	1023.7	4.5	85	95	1	1.3	1.8	1	0	3	5	
2026-04-12 19:25:00	57.31782	17.83908	13	54	0	1	480	0	0	0.014	13.2	7	4.114	7.58	1023.7	4.4	86	110	1	1.2	2	1	0	3	5	
2026-04-12 19:35:00	57.31854	17.83719	12	55	0	1	490	0	0	0.016	13.2	7	4.137	7.59	1023.7	4.4	86	105	1	1.3	1.8	1	0	3	5	
2026-04-12 19:45:00	57.31893	17.83695	41	56	0	1	510	0	0	0.016	13.2	7	4.147	7.59	1023.7	4.4	85	105	1	2.1	2.8	1	0	3	5	
2026-04-12 19:55:00	57.31854	17.8362	11	57	0	2	480	0	0	0.014	13.2	7	4.154	7.59	1023.7	4.6	84	90	1	2.8	3.3	1	0	3	5	
2026-04-12 20:05:00	57.31758	17.83638	11	58	0	2	480	0	0	0.014	13.2	7	4.145	7.58	1023.7	4.5	84	80	1	2.6	3.2	1	0	3	5	
2026-04-12 20:15:00	57.31656	17.83719	11	59	0	1	480	0	0	0.014	13.2	7	4.125	7.57	1023.6	4.5	85	95	1	2.4	3	1	0	3	5	
2026-04-12 20:25:00	57.31572	17.83776	11	0	0	1	480	0	0	0.014	13.2	7	4.104	7.56	1023.6	4.5	85	100	1	2.6	3.1	1	0	3	5	
2026-04-12 20:35:00	57.31461	17.83824	11	1	0	1	480	0	0	0.014	13.2	6	4.084	7.54	1023.6	4.7	82	105	1	2.9	3.8	1	0	3	5	
2026-04-12 20:45:00	57.31284	17.83836	11	2	0	1	480	0	0	0.014	13.2	7	3.931	7.51	1023.5	4.3	87	95	1	2.6	3.3	1	0	3	5	
2026-04-12 20:55:00	57.31161	17.83845	12	3	0	1	480	0	0	0.016	13.2	7	3.848	7.49	1023.6	4.8	81	105	1	3.3	4.2	1	0	3	5	
2026-04-12 21:05:00	57.31005	17.83827	12	4	0	1	480	0	0	0.014	13.2	7	3.743	7.47	1023.5	4.6	82	100	1	3.2	4.1	1	0	3	5	
2026-04-12 21:15:00	57.31002	17.83773	12	5	0	2	480	0	0	0.014	13.2	7	3.779	7.49	1023.6	4.6	83	105	1	3.1	4	1	0	3	5	
2026-04-12 21:25:00	57.31074	17.83785	12	6	0	2	480	0	0	0.014	13.2	7	3.742	7.49	1023.6	4.4	85	95	1	2.3	2.8	1	0	3	5	
2026-04-12 21:35:00	57.30978	17.83788	12	7	0	1	480	0	0	0.014	13.2	7	3.779	7.5	1023.6	4.5	84	90	1	3.3	3.8	1	0	3	5	
2026-04-12 21:45:00	57.30858	17.83833	12	8	0	1	480	0	0	0.014	13.2	7	3.907	7.53	1023.6	4.3	86	90	1	2.8	3.3	1	0	3	5	
2026-04-12 21:55:00	57.30732	17.83851	12	9	0	2	510	0	0	0.014	13.2	7	3.828	7.5	1023.7	4.3	86	80	1	2.7	3.3	1	0	3	5	
2026-04-12 22:05:00	57.30612	17.83875	11	10	0	1	480	0	0	0.014	13.2	7	3.704	7.48	1023.7	4.2	87	85	1	2.4	2.9	1	0	3	5	
2026-04-12 22:15:00	57.30516	17.83872	11	11	0	1	480	0	0	0.016	13.2	7	3.605	7.45	1023.7	4.2	87	75	1	2.5	3.3	1	0	3	5	
2026-04-12 22:25:00	57.30549	17.83788	12	12	0	1	480	0	0	0.014	13.2	7	3.594	7.45	1023.7	4.3	86	80	1	3	3.7	1	0	3	5	
2026-04-12 22:35:00	57.30621	17.83731	11	13	0	1	480	0	0	0.016	13.2	6	3.589	7.44	1023.7	4.2	88	85	1	2.3	2.9	1	0	3	5	
2026-04-12 22:45:00	57.30519	17.83713	12	14	0	2	480	0	0	0.016	13.2	7	3.558	7.44	1023.7	4.4	85	100	1	2.7	3.4	1	0	3	5	
2026-04-12 22:55:00	57.30411	17.83668	12	15	0	1	480	0	0	0.014	13.2	6	3.598	7.45	1023.8	4.5	84	110	1	3	3.8	1	0	3	5	
2026-04-12 23:05:00	57.30297	17.83578	12	16	0	1	480	0	0	0.016	13.2	6	3.576	7.44	1023.7	4.5	85	95	1	2.9	3.7	1	0	3	5	
2026-04-12 23:15:00	57.30318	17.83488	12	17	0	1	480	0	0	0.014	13.2	6	3.582	7.44	1023.8	4.3	86	90	1	2.4	3.3	1	0	3	5	
2026-04-12 23:25:00	57.30462	17.83422	11	18	0	1	480	0	0	0.014	13.2	6	3.574	7.44	1023.9	4.3	86	95	1	2.5	3.2	1	0	3	5	
2026-04-12 23:35:00	57.30612	17.83365	12	19	0	1	480	0	0	0.016	13.2	6	3.555	7.44	1023.9	4.3	87	85	1	2.3	3.3	1	0	3	5	
2026-04-12 23:45:00	57.30774	17.8332	12	20	0	1	480	0	0	0.016	13.2	6	3.546	7.43	1023.9	4.3	87	90	1	2.3	3.2	1	0	3	5	
2026-04-12 23:55:00	57.30894	17.83299	12	21	0	1	480	0	0	0.014	13.2	6	3.556	7.43	1023.9	4.2	88	105	1	2.5	3.2	1	0	3	5	
2026-04-13 00:05:00	57.30984	17.83191	12	22	0	1	480	0	0	0.016	13.2	6	3.58	7.44	1024	4.2	87	110	1	2.9	3.7	1	0	3	5	
2026-04-13 00:15:00	57.30885	17.83137	12	23	0	1	490	0	0	0.016	13.2	6	3.557	7.43	1024	4.4	86	105	1	3.7	4.5	1	0	3	5	
2026-04-13 00:25:00	57.30918	17.8311	12	24	0	1	480	0	0	0.014	13.2	6	3.554	7.46	1024.1	4.2	87	115	1	4.9	6.2	1	0	3	5	
2026-04-13 00:35:00	57.31083	17.83368	13	25	0	1	490	0	0	0.014	13.2	6	3.598	7.47	1024.2	4.1	88	115	1	3.9	5.1	1	0	3	5	
2026-04-13 00:45:00	57.31221	17.83479	13	26	0	1	490	0	0	0.014	13.2	6	3.51	7.45	1024.2	4.1	89	125	1	3.8	4.8	1	0	3	5	
2026-04-13 00:55:00	57.31272	17.83485	22	27	0	1	500	0	0	0.014	13.2	6	3.512	7.45	1024.3	4	90	115	1	3.7	4.7	1	0	3	5	
2026-04-13 01:05:00	57.31287	17.83434	14	28	0	1	490	0	0	0.014	13.2	6	3.505	7.45	1024.3	4.1	89	120	1	4.1	5.3	1	0	3	5	
2026-04-13 01:15:00	57.31455	17.83608	41	29	0	1	510	0	0	0.016	13.2	6	3.547	7.46	1024.4	4.2	89	120	1	3.9	4.8	1	0	3	5	
2026-04-13 01:25:00	57.31626	17.83872	12	30	0	2	180	0	0	0.016	13.2	7	3.709	7.49	1024.4	4.2	89	125	1	4	4.8	1	1	3	0	
2026-04-13 01:30:00	57.31692	17.83965	12	31	0	3	480	0	0	0.016	13.2	6	3.717	7.49	1024.4	4.2	89	120	1	3.7	4.5	1	0	3	5	
2026-04-13 01:40:00	57.31851	17.84196	12	32	0	3	480	0	0	0.014	13.2	7	3.699	7.5	1024.5	4.3	89	135	1	3.7	4.5	1	0	3	5	
2026-04-13 01:50:00	57.31764	17.84004	12	33	0	2	480	0	0	0.016	13.2	6	3.688	7.5	1024.6	4.4	88	130	1	3.6	4.3	1	0	3	5	
2026-04-13 02:20:00	57.31998	17.84553	12	36	0	3	480	0	0	0.016	13.2	7	3.722	7.5	1024.7	4.5	88	120	1	3.8	4.6	1	0	3	5	
2026-04-13 02:30:00	57.32073	17.8479	13	37	0	1	490	0	0	0.014	13.2	6	3.76	7.51	1024.8	4.5	88	130	1	3.9	4.7	1	0	3	5	
2026-04-13 02:40:00	57.31965	17.84634	14	38	0	1	490	0	0	0.014	13.2	6	3.688	7.49	1024.8	4.8	85	125	1	4	4.9	1	0	3	5	
2026-04-13 02:50:00	57.32091	17.84898	12	39	0	1	490	0	0	0.014	13.2	6	3.898	7.55	1024.9	4.8	85	120	1	3.9	4.9	1	0	3	5	
2026-04-13 03:00:00	57.31959	17.84748	12	40	0	3	490	0	0	0.014	13.2	7	3.667	7.49	1024.8	4.5	86	125	1	4	4.9	1	0	3	5	
2026-04-13 03:10:00	57.31791	17.84622	13	41	0	1	490	0	0	0.016	13.2	6	3.635	7.47	1024.9	4.4	87	120	1	4	4.9	1	0	3	5	
2026-04-13 03:20:00	57.31632	17.8452	13	42	0	1	490	0	0	0.014	13.2	6	3.598	7.46	1024.9	4.4	87	120	1	4	4.9	1	0	3	5	
2026-04-13 03:30:00	57.31446	17.844	13	43	0	2	490	0	0	0.016	13.2	7	3.609	7.47	1024.9	4.4	86	115	1	4.1	5.2	1	0	3	5	
2026-04-13 03:40:00	57.31278	17.84313	13	44	0	1	500	0	0	0.016	13.2	6	3.675	7.49	1024.9	4.4	86	115	1	4	4.9	1	0	3	5	
2026-04-13 03:50:00	57.31074	17.84241	40	45	0	1	510	0	0	0.016	13.2	7	3.717	7.5	1024.9	4.4	87	105	1	4.2	5.3	1	0	3	5	
2026-04-13 04:00:00	57.31218	17.84328	12	46	0	1	480	0	0	0.016	13.2	7	3.705	7.5	1024.9	4.4	86	110	1	3.9	4.6	1	0	3	5	
2026-04-13 04:10:00	57.31155	17.84223	12	47	0	1	480	0	0	0.016	13.2	6	3.722	7.5	1025	4.5	86	115	1	4.1	5	1	0	3	5	
2026-04-13 04:20:00	57.30978	17.84094	13	48	0	1	490	0	0	0.014	13.2	7	3.724	7.51	1025.2	4.5	86	110	1	4.1	5.2	1	0	3	5	
2026-04-13 04:30:00	57.30771	17.83983	13	49	0	1	490	0	0	0.014	13.2	7	3.689	7.5	1025.3	4.5	86	110	1	4.3	5.4	1	0	3	5	
2026-04-13 04:40:00	57.30612	17.8386	12	50	0	1	490	0	0	0.014	13.2	6	3.783	7.55	1025.4	4.5	86	110	1	5.1	6.2	1	0	3	5	
2026-04-13 04:50:00	57.30804	17.83998	12	51	0	1	480	0	0	0.016	13.2	7	3.702	7.52	1025.5	4.4	86	115	1	5.3	6.4	1	0	3	5	
2026-04-13 05:00:00	57.30627	17.83812	12	52	0	1	480	0	0	0.014	13.2	7	3.771	7.54	1025.6	4.5	86	110	1	5	6.3	1	0	3	5	
2026-04-13 05:10:00	57.30801	17.83974	12	53	0	1	480	0	0	0.014	13.2	7	3.772	7.55	1025.7	4.5	86	120	1	5.3	6.5	1	0	3	5	
2026-04-13 05:20:00	57.30966	17.84217	12	54	0	1	480	0	0	0.016	13.2	7	3.711	7.52	1025.7	4.5	87	115	1	5.3	6.3	1	0	3	5	
2026-04-13 05:30:00	57.31131	17.84481	11	55	0	1	480	0	0	0.014	13.3	7	3.723	7.51	1025.8	4.4	87	115	1	5.5	7.1	1	0	3	5	
2026-04-13 05:50:00	57.31125	17.8446	12	57	0	3	480	0	0	0.014	13.3	7	3.729	7.52	1025.9	4.4	87	115	1	5	6	1	0	3	5	
2026-04-13 06:00:00	57.3093	17.84214	40	58	0	1	510	0	0	0.014	13.4	7	3.742	7.54	1026	4.5	87	115	1	5	5.7	1	0	3	5	
2026-04-13 06:10:00	57.31086	17.84385	11	59	0	3	480	0	0	0.016	13.3	7	3.733	7.52	1026.1	4.6	87	115	1	4.7	5.7	1	0	3	5	
2026-04-13 06:20:00	57.30909	17.84157	12	0	0	1	480	0	0	0.014	13.4	7	3.753	7.55	1026.2	4.6	87	115	1	5	6	1	0	3	5	
2026-04-13 06:30:00	57.31068	17.84274	12	1	0	1	480	0	0	0.014	13.4	7	3.859	7.56	1026.3	4.7	87	120	1	4.3	5.5	1	0	3	5	
2026-04-13 06:40:00	57.30912	17.84034	12	2	0	1	480	0	0	0.014	13.4	7	3.759	7.55	1026.4	4.8	86	115	1	4.3	5.2	1	0	3	5	
2026-04-13 06:50:00	57.31056	17.84157	12	3	0	1	480	0	0	0.014	13.4	7	3.77	7.55	1026.4	4.9	87	115	1	3.7	5.1	1	0	3	5	
2026-04-13 07:00:00	57.31239	17.84298	12	4	0	1	480	0	0	0.014	13.4	7	3.843	7.56	1026.5	5	86	125	1	3.5	4.4	1	0	3	5	
2026-04-13 07:10:00	57.31134	17.84034	12	5	0	1	480	0	0	0.014	13.5	7	3.788	7.55	1026.5	5.1	86	120	1	3.2	3.7	1	0	3	5	
2026-04-13 07:20:00	57.31224	17.84061	13	6	0	1	480	0	0	0.014	13.5	7	3.831	7.55	1026.5	5.1	85	120	1	3.5	4	1	0	3	5	
2026-04-13 07:30:00	57.31344	17.84181	12	7	0	1	480	0	0	0.014	13.5	8	3.877	7.57	1026.7	5.2	85	125	1	2.8	3.1	1	0	3	5	
2026-04-13 07:40:00	57.31485	17.84151	12	8	0	1	480	0	0	0.014	13.5	8	3.868	7.55	1026.7	5.1	86	130	1	2.4	3	1	0	3	5	
2026-04-13 07:50:00	57.31452	17.83923	12	9	0	1	480	0	0	0.014	13.5	8	3.821	7.54	1026.7	5	87	110	1	2.7	3.3	1	0	3	5	
2026-04-13 08:00:00	57.31539	17.83905	12	10	0	2	480	0	0	0.014	13.5	8	3.88	7.55	1026.8	5.2	84	115	1	2.7	3.5	1	0	3	5	
2026-04-13 08:10:00	57.31647	17.84025	12	11	0	1	480	0	0	0.014	13.5	8	3.898	7.55	1026.9	5.1	85	125	1	3.2	3.9	1	0	3	5	
2026-04-13 08:20:00	57.31752	17.84241	13	12	0	1	490	0	0	0.014	13.6	8	3.907	7.56	1027.1	5.3	84	130	1	3.7	4.3	1	0	3	5	
2026-04-13 08:30:00	57.31842	17.84469	13	13	0	2	490	0	0	0.014	13.6	8	3.91	7.55	1027.2	5.2	85	130	1	3.4	4.1	1	0	3	5	
2026-04-13 08:40:00	57.31935	17.84658	13	14	0	1	490	0	0	0.014	13.6	8	3.908	7.54	1027.2	5.1	86	125	1	3.2	3.9	1	0	3	5	
2026-04-13 08:50:00	57.32046	17.84844	14	15	0	1	490	0	0	0.014	13.6	8	3.924	7.56	1027.3	5.1	86	135	1	2.9	3.7	1	0	3	5	
2026-04-13 09:00:00	57.3198	17.84577	17	16	0	1	520	0	0	0.014	13.6	9	3.962	7.58	1027.2	5.1	86	125	1	3.2	3.9	1	0	3	5	
2026-04-13 09:10:00	57.32136	17.84751	12	17	0	2	480	0	0	0.014	13.7	9	3.983	7.57	1027.2	5.1	86	135	1	3.3	4.3	1	0	3	5	
2026-04-13 09:20:00	57.32052	17.84499	12	18	0	1	480	0	0	0.014	13.8	9	3.961	7.57	1027.2	5	86	135	1	3.7	4.3	1	0	3	5	
2026-04-13 09:30:00	57.31953	17.84289	12	19	0	1	480	0	0	0.014	13.6	9	3.889	7.55	1027.2	5.1	86	140	1	3.4	4.1	1	0	3	5	
2026-04-13 09:40:00	57.31872	17.84001	12	20	0	1	480	0	0	0.014	13.3	9	3.887	7.55	1027.2	5.1	85	135	1	3.7	4.6	1	0	3	5	
2026-04-13 09:50:00	57.31998	17.84157	12	21	0	1	480	0	0	0.014	13.3	9	3.906	7.57	1027.2	5.2	85	135	1	3.5	4.1	1	0	3	5	
2026-04-13 10:00:00	57.32094	17.84382	12	22	0	1	480	0	0	0.016	13.5	9	3.941	7.57	1027.2	5.2	85	140	1	3.3	3.9	1	0	3	5	
2026-04-13 10:10:00	57.32187	17.84508	12	23	0	1	480	0	0	0.016	13.3	9	3.92	7.57	1027.2	5.3	84	140	1	3.2	4.3	1	0	3	5	
2026-04-13 10:20:00	57.32331	17.8473	12	24	0	1	480	0	0	0.014	13.3	9	3.955	7.58	1027.2	5.3	84	145	1	3.3	3.9	1	0	3	5	
2026-04-13 10:30:00	57.32307	17.8452	12	25	0	1	480	0	0	0.014	13.5	10	3.953	7.57	1027.2	5.3	84	135	1	3.2	3.7	1	0	3	5	
2026-04-13 10:40:00	57.32403	17.84604	12	26	0	1	490	0	0	0.014	13.3	10	3.974	7.58	1027.2	5.4	84	140	1	2.9	3.7	1	0	3	5	
2026-04-13 10:50:00	57.32385	17.84397	12	27	0	3	480	0	0	0.014	13.2	10	3.968	7.58	1027.2	5.8	77	140	1	4.6	5.4	1	0	3	5	
2026-04-13 11:00:00	57.32265	17.84112	13	28	0	1	490	0	0	0.014	13.5	10	3.958	7.57	1027.2	5.7	78	140	1	3.8	4.7	1	0	3	5	
2026-04-13 11:10:00	57.32178	17.83836	13	29	0	1	490	0	0	0.014	13.3	9	3.966	7.56	1027.2	5.8	78	135	1	4	4.8	1	0	3	5	
2026-04-13 11:20:00	57.32283	17.84013	41	30	0	1	510	0	0	0.014	13.2	10	3.957	7.58	1027.2	5.9	77	140	1	3.9	4.7	1	0	3	5	
2026-04-13 11:30:00	57.32373	17.84253	11	31	0	1	480	0	0	0.016	13.5	9	3.996	7.58	1027.2	5.9	78	145	1	4.2	4.9	1	0	3	5	
2026-04-13 11:40:00	57.32445	17.84481	13	32	0	1	480	0	0	0.016	13.3	9	4.005	7.6	1027.2	5.8	79	145	1	4.1	5	1	0	3	5	
2026-04-13 11:50:00	57.32511	17.847	13	33	0	1	480	0	0	0.014	13.2	9	3.998	7.6	1027.2	5.6	80	145	1	3.9	4.6	1	0	3	5	
2026-04-13 12:00:00	57.32592	17.84892	12	34	0	1	480	0	0	0.016	13.5	9	3.989	7.59	1027.3	5.6	80	150	1	4	5	1	0	3	5	
2026-04-13 12:10:00	57.32553	17.8458	12	35	0	1	480	0	0	0.014	13.3	9	3.975	7.6	1027.3	5.7	79	140	1	4	5.1	1	0	3	5	
2026-04-13 12:20:00	57.32658	17.84793	11	36	0	1	480	0	0	0.016	13.2	9	3.996	7.59	1027.3	5.7	79	140	1	3.8	4.8	1	0	3	5	
2026-04-13 12:30:00	57.32763	17.85006	11	37	0	1	480	0	0	0.014	13.5	9	3.995	7.6	1027.4	5.6	80	145	1	3.6	4.5	1	0	3	5	
2026-04-13 12:40:00	57.32742	17.84736	12	38	0	1	480	0	0	0.014	13.3	9	4.044	7.61	1027.4	5.5	81	140	1	3.2	3.8	1	0	3	5	
2026-04-13 12:50:00	57.32922	17.84763	13	39	0	1	480	0	0	0.016	13.2	9	4.014	7.6	1027.5	5.5	81	145	1	3.2	4.2	1	0	3	5	
2026-04-13 13:00:00	57.32919	17.84496	12	40	0	1	490	0	0	0.014	13.3	9	4.015	7.6	1027.5	5.5	81	145	1	3.7	4.4	1	0	3	5	
2026-04-13 13:10:00	57.32871	17.8422	27	41	0	1	510	0	0	0.014	13.3	9	4.019	7.6	1027.5	5.5	81	135	1	3.2	4	1	0	3	5	
2026-04-13 13:20:00	57.32823	17.83983	11	42	0	1	480	0	0	0.016	13.3	9	4.177	7.63	1027.5	5.5	81	135	1	2.9	3.6	1	0	3	5	
2026-04-13 13:30:00	57.32778	17.83764	12	43	0	1	480	0	0	0.016	13.3	8	4.195	7.63	1027.4	5.5	81	135	1	3.4	4.1	1	0	3	5	
2026-04-13 13:40:00	57.32721	17.83527	12	44	0	1	480	0	0	0.014	13.4	8	4.156	7.62	1027.3	5.4	81	130	1	3.1	3.7	1	0	3	5	
2026-04-13 13:50:00	57.32682	17.83272	12	45	0	1	480	0	0	0.014	13.5	8	4.173	7.63	1027.2	5.6	80	130	1	2.9	3.9	1	0	3	5	
2026-04-13 14:00:00	57.32826	17.83299	11	46	0	1	480	0	0	0.014	13.5	8	4.143	7.62	1027.1	5.5	81	145	1	3.2	3.9	1	0	3	5	
2026-04-13 14:10:00	57.32829	17.83062	12	47	0	1	480	0	0	0.014	13.3	8	4.175	7.63	1027.1	5.4	81	145	1	3.5	4.3	1	0	3	5	
2026-04-13 14:20:00	57.32946	17.83182	12	48	0	1	480	0	0	0.014	13.9	8	4.146	7.62	1027	5.4	81	140	1	3.6	4.6	1	0	3	5	
2026-04-13 14:30:00	57.33051	17.83404	12	49	0	3	480	0	0	0.014	13.4	9	4.139	7.62	1027.1	5.5	80	140	1	3.7	4.5	1	0	3	5	
2026-04-13 14:40:00	57.33165	17.83695	12	50	0	1	480	0	0	0.014	13.3	8	4.229	7.63	1027	5.6	79	140	1	3.6	4.4	1	0	3	5	
2026-04-13 14:50:00	57.33264	17.83884	12	51	0	1	480	0	0	0.014	13.8	8	4.167	7.62	1027	5.7	78	130	1	3.1	3.8	1	0	3	5	
2026-04-13 15:00:00	57.33366	17.84016	11	52	0	1	480	0	0	0.014	13.7	8	4.171	7.62	1026.9	5.6	80	145	1	2.1	2.7	1	0	3	5	
2026-04-13 15:10:00	57.33498	17.84079	12	53	0	1	480	0	0	0.016	13.4	8	4.191	7.62	1026.9	5.4	80	140	1	2.2	3	1	0	3	5	
2026-04-13 15:20:00	57.33519	17.83863	12	54	0	1	480	0	0	0.014	13.3	8	4.172	7.63	1026.9	5.3	80	135	1	2.3	3.2	1	0	3	5	
2026-04-13 15:30:00	57.33501	17.83713	12	55	0	1	480	0	0	0.014	13.3	8	4.145	7.63	1026.9	5.2	82	125	1	1.4	2.4	1	0	3	5	
2026-04-13 15:40:00	57.33504	17.8356	11	56	0	1	510	0	0	0.014	13.3	8	4.129	7.62	1026.9	5.1	82	125	1	0.7	1.3	1	0	3	5	
2026-04-13 15:50:00	57.33546	17.83416	11	57	0	1	480	0	0	0.014	13.3	8	4.139	7.62	1026.9	5	82	80	1	1.1	1.9	1	0	3	5	
2026-04-13 16:00:00	57.33591	17.8329	12	58	0	1	480	0	0	0.014	13.3	8	4.134	7.62	1026.8	5.1	81	105	1	1.5	2	1	0	3	5	
2026-04-13 16:10:00	57.33576	17.83209	13	59	0	1	480	0	0	0.014	13.3	7	4.134	7.62	1026.9	5.1	80	95	1	1.7	2.5	1	0	3	5	
2026-04-13 16:20:00	57.33699	17.8311	13	0	0	1	480	0	0	0.014	13.3	7	4.136	7.62	1026.9	5.2	80	90	1	2.5	3.2	1	0	3	5	
2026-04-13 16:30:00	57.33651	17.83035	12	1	0	2	480	0	0	0.014	13.3	7	4.176	7.62	1026.9	5.6	77	90	1	3.9	4.7	1	0	3	5	
2026-04-13 16:40:00	57.33504	17.83065	12	2	0	1	480	0	0	0.014	13.3	7	4.196	7.62	1026.9	5.8	74	95	1	4.1	4.8	1	0	3	5	
2026-04-13 16:50:00	57.33345	17.83077	13	3	0	1	480	0	0	0.014	13.3	7	4.134	7.6	1026.9	5.6	77	95	1	3.6	4.6	1	0	3	5	
2026-04-13 17:10:00	57.33033	17.83056	12	5	0	3	490	0	0	0.016	13.2	8	4.117	7.57	1026.8	5.7	76	90	1	4.2	5.1	1	0	3	5	
2026-04-13 17:20:00	57.32865	17.8305	13	6	0	1	480	0	0	0.014	13.2	7	4.111	7.59	1026.8	5.7	75	90	1	4.5	5.4	1	0	3	5	
2026-04-13 17:30:00	57.32703	17.83008	13	7	0	1	490	0	0	0.016	13.2	7	4.09	7.58	1026.8	5.3	79	75	1	3.7	4.5	1	0	3	5	
2026-04-13 17:40:00	57.32589	17.8299	13	8	0	2	480	0	0	0.014	13.2	7	4.041	7.57	1026.8	5.4	79	70	1	4.2	5.2	1	0	3	5	
2026-04-13 17:50:00	57.32454	17.83068	13	9	0	1	480	0	0	0.014	13.2	7	4.013	7.56	1026.8	5.6	76	75	1	4.9	5.7	1	0	3	5	
2026-04-13 18:00:00	57.32292	17.832	40	10	0	1	510	0	0	0.014	13.2	7	4.035	7.57	1026.8	5.7	73	75	1	6	7.1	1	0	3	5	
2026-04-13 18:10:00	57.32112	17.8332	12	11	0	1	480	0	0	0.014	13.2	7	4.042	7.6	1026.7	5.3	78	70	1	4.8	5.7	1	0	3	5	
2026-04-13 18:20:00	57.31905	17.83413	12	12	0	2	480	0	0	0.016	13.2	7	3.947	7.58	1026.7	5.5	75	75	1	6.1	7.3	1	0	3	5	
2026-04-13 18:30:00	57.31692	17.83659	12	13	0	1	480	0	0	0.014	13.2	7	3.983	7.59	1026.8	5.4	76	75	1	5.6	7.1	1	0	3	5	
2026-04-13 18:40:00	57.31527	17.83845	12	14	0	1	480	0	0	0.014	13.2	7	3.998	7.59	1026.8	5.2	78	70	1	4.8	6	1	0	3	5	
2026-04-13 18:50:00	57.31386	17.84043	12	15	0	1	480	0	0	0.014	13.2	7	4.041	7.59	1026.8	5.1	78	70	1	5.2	6.6	1	0	3	5	
2026-04-13 19:00:00	57.31263	17.84262	12	16	0	1	480	0	0	0.014	13.2	7	3.986	7.57	1026.8	5	79	70	1	5.1	6.6	1	0	3	5	
2026-04-13 19:10:00	57.31107	17.84526	12	17	0	1	480	0	0	0.016	13.2	7	3.833	7.54	1026.8	4.9	79	70	1	5.2	6.5	1	0	3	5	
2026-04-13 19:20:00	57.30984	17.84763	12	18	0	1	480	0	0	0.014	13.2	7	3.71	7.52	1026.8	4.8	80	70	1	5	6.3	1	0	3	5	
2026-04-13 19:30:00	57.30861	17.84982	12	19	0	1	480	0	0	0.014	13.2	7	3.717	7.52	1026.8	4.8	81	65	1	5.3	6.7	1	0	3	5	
2026-04-13 19:40:00	57.30732	17.85258	12	20	0	1	480	0	0	0.014	13.2	7	3.748	7.51	1026.7	4.7	82	70	1	5.4	6.6	1	0	3	5	
2026-04-13 19:50:00	57.30591	17.85549	12	21	0	1	480	0	0	0.016	13.2	7	3.788	7.53	1026.7	4.7	82	65	1	5.5	6.7	1	0	3	5	
2026-04-13 20:00:00	57.3045	17.85879	13	22	0	1	490	0	0	0.014	13.2	7	3.81	7.54	1026.7	4.7	83	65	1	5.3	6.8	1	0	3	5	
2026-04-13 20:10:00	57.30282	17.86176	12	23	0	1	480	0	0	0.016	13.2	7	3.798	7.54	1026.8	4.7	82	65	1	5.4	6.7	1	0	3	5	
2026-04-13 20:20:00	57.30141	17.86446	13	24	0	1	490	0	0	0.014	13.2	7	3.793	7.54	1026.8	4.7	83	65	1	5.6	6.8	1	0	3	5	
2026-04-13 20:30:00	57.30003	17.86731	13	25	0	1	490	0	0	0.014	13.2	7	3.81	7.54	1026.7	4.7	83	65	1	5.4	6.7	1	0	3	5	
2026-04-13 20:40:00	57.2982	17.87046	14	26	0	1	520	0	0	0.014	13.2	7	3.823	7.54	1026.7	4.6	84	65	1	5	6.1	1	0	3	5	
2026-04-13 20:50:00	57.2967	17.87307	12	27	0	1	480	0	0	0.014	13.2	7	3.824	7.54	1026.7	4.9	81	70	1	5.7	6.9	1	0	3	5	
2026-04-13 21:00:00	57.29967	17.87232	12	28	0	1	480	0	0	0.014	13.2	7	3.836	7.54	1026.6	4.9	81	80	1	5.5	6.9	1	0	3	5	
2026-04-13 21:10:00	57.29775	17.87334	11	29	0	2	480	0	0	0.014	13.2	7	3.829	7.53	1026.6	4.8	82	80	1	5.7	6.9	1	0	3	5	
2026-04-13 21:20:00	57.29589	17.87484	11	30	0	1	480	0	0	0.016	13.2	7	3.814	7.54	1026.7	5.1	81	85	1	5.9	7.5	1	0	3	5	
2026-04-13 21:30:00	57.29406	17.87607	12	31	0	1	480	0	0	0.016	13.2	7	3.757	7.52	1026.6	5.3	80	85	1	5.8	7.1	1	0	3	5	
2026-04-13 21:40:00	57.29769	17.87643	12	32	0	1	480	0	0	0.014	13.2	7	3.851	7.55	1026.7	5.4	79	90	1	6.3	8.1	1	0	3	5	
2026-04-13 21:50:00	57.29616	17.87625	12	33	0	1	480	0	0	0.016	13.2	7	3.769	7.53	1026.7	5.7	77	90	1	6.2	8	1	0	3	5	
2026-04-13 22:00:00	57.29352	17.87652	12	34	0	1	480	0	0	0.014	13.2	7	3.804	7.55	1026.6	5.6	78	85	1	5.6	7.3	1	0	3	5	
2026-04-13 22:10:00	57.29724	17.87697	12	35	0	1	480	0	0	0.014	13.2	7	3.773	7.53	1026.7	5.6	78	95	1	5.6	6.7	1	0	3	5	
2026-04-13 22:20:00	57.29622	17.87694	11	36	0	3	480	0	0	0.016	13.2	7	3.803	7.54	1026.7	5.7	76	95	1	6	7.5	1	0	3	5	
2026-04-13 22:30:00	57.29427	17.87736	12	37	0	1	480	0	0	0.016	13.2	7	3.807	7.55	1026.7	5.7	77	90	1	5.5	6.8	1	0	3	5	
2026-04-13 22:40:00	57.29784	17.87823	12	38	0	2	480	0	0	0.016	13.2	7	3.787	7.54	1026.8	5.7	77	100	1	5.3	6.6	1	0	3	5	
2026-04-13 22:50:00	57.29616	17.87043	12	39	0	1	480	0	0	0.014	13.2	7	3.832	7.57	1026.8	5.6	78	95	1	4.8	5.7	1	0	3	5	
2026-04-13 23:00:00	57.29478	17.86911	12	40	0	1	480	0	0	0.014	13.2	7	3.766	7.55	1026.8	5.6	78	100	1	4.7	6	1	0	3	5	
2026-04-13 23:10:00	57.29775	17.8695	12	41	0	2	480	0	0	0.016	13.2	7	3.82	7.56	1026.9	5.6	77	100	1	5	6.2	1	0	3	5	
2026-04-13 23:40:00	57.29991	17.86671	12	44	0	3	480	0	0	0.014	13.2	7	3.782	7.54	1026.8	5.4	79	105	1	4.5	5.8	1	0	3	5	
2026-04-13 23:50:00	57.29904	17.86506	12	45	0	2	480	0	0	0.016	13.2	7	3.818	7.57	1026.7	5.4	79	100	1	4.9	5.7	1	0	3	5	
2026-04-14 00:00:00	57.29808	17.86437	40	46	0	1	510	0	0	0.014	13.2	7	4.014	7.62	1026.6	5.5	78	100	1	5.1	6.1	1	0	3	5	
2026-04-14 00:10:00	57.29715	17.86398	12	47	0	1	480	0	0	0.016	13.2	7	4.015	7.62	1026.6	5.5	79	100	1	5.4	6.8	1	0	3	5	
2026-04-14 00:20:00	57.29571	17.86416	12	48	0	1	480	0	0	0.014	13.2	7	3.981	7.61	1026.5	5.4	79	95	1	5.2	6.7	1	0	3	5	
2026-04-14 00:30:00	57.29424	17.86422	12	49	0	1	480	0	0	0.014	13.2	7	3.955	7.62	1026.4	5.4	79	90	1	5.6	7.3	1	0	3	5	
2026-04-14 00:40:00	57.29826	17.86497	12	50	0	1	480	0	0	0.016	13.2	7	4.001	7.61	1026.5	5.4	80	95	1	5.8	7.5	1	0	3	5	
2026-04-14 00:50:00	57.29676	17.8644	12	51	0	1	500	0	0	0.014	13.2	7	3.935	7.61	1026.5	5.3	80	95	1	6	7.5	1	0	3	5	
2026-04-14 01:00:00	57.29523	17.86467	12	52	0	1	480	0	0	0.014	13.2	7	3.906	7.6	1026.4	5.2	80	95	1	5.7	6.9	1	0	3	5	
2026-04-14 01:10:00	57.2934	17.86488	14	53	0	1	490	0	0	0.014	13.2	7	3.9	7.6	1026.4	5.4	79	90	1	6.3	8.4	1	0	3	5	
2026-04-14 01:20:00	57.29739	17.86614	12	54	0	1	480	0	0	0.016	13.2	7	3.884	7.59	1026.4	5.2	81	95	1	5.8	7.5	1	0	3	5	
2026-04-14 01:30:00	57.29616	17.86611	12	55	0	2	480	0	0	0.016	13.2	7	3.887	7.59	1026.4	5.2	80	95	1	6	7.1	1	0	3	5	
2026-04-14 01:40:00	57.29433	17.86665	12	56	0	3	480	0	0	0.016	13.2	7	3.876	7.59	1026.4	5.2	80	95	1	5.7	7.2	1	0	3	5	
2026-04-14 01:50:00	57.29796	17.86776	12	57	0	3	480	0	0	0.016	13.2	7	3.854	7.57	1026.4	5.1	81	95	1	5.7	6.9	1	0	3	5	
2026-04-14 02:10:00	57.29598	17.86818	12	59	0	3	480	0	0	0.016	13.2	7	3.851	7.58	1026.4	5.1	81	100	1	5.6	7	1	0	3	5	
2026-04-14 02:20:00	57.29454	17.86839	12	0	0	1	480	0	0	0.014	13.2	7	3.923	7.6	1026.3	5.1	81	95	1	5.9	7.2	1	0	3	5	
2026-04-14 02:30:00	57.29856	17.86989	12	1	0	1	480	0	0	0.014	13.2	7	3.836	7.57	1026.3	4.9	82	95	1	5.8	6.8	1	0	3	5	
2026-04-14 03:00:00	57.29892	17.87142	12	4	0	3	480	0	0	0.014	13.2	7	3.844	7.57	1026.3	5	82	95	1	5.6	6.9	1	0	3	5	
2026-04-14 03:10:00	57.29757	17.87067	13	5	0	1	490	0	0	0.014	13.2	7	3.883	7.59	1026.3	4.9	82	100	1	5.8	7	1	0	3	5	
2026-04-14 03:20:00	57.29592	17.87121	12	6	0	1	490	0	0	0.014	13.2	7	3.939	7.6	1026.3	4.9	83	100	1	5.6	6.9	1	0	3	5	
2026-04-14 03:30:00	57.29439	17.87145	13	7	0	3	490	0	0	0.016	13.2	7	4.021	7.64	1026.3	4.8	83	95	1	5.9	6.8	1	0	3	5	
2026-04-14 03:40:00	57.29811	17.87286	13	8	0	1	520	0	0	0.014	13.2	7	3.91	7.59	1026.3	4.8	83	100	1	6.1	7.3	1	0	3	5	
2026-04-14 03:50:00	57.2961	17.87274	12	9	0	1	480	0	0	0.014	13.2	7	3.974	7.62	1026.3	4.9	83	100	1	5.4	7.3	1	0	3	5	
2026-04-14 04:00:00	57.29391	17.87319	13	10	0	1	480	0	0	0.014	13.2	7	4.133	7.68	1026.2	4.8	83	95	1	6	7.1	1	0	3	5	
2026-04-14 04:10:00	57.29745	17.87493	13	11	0	1	490	0	0	0.016	13.2	7	3.942	7.62	1026.3	4.9	83	100	1	6.1	7.4	1	0	3	5	
2026-04-14 04:20:00	57.29628	17.87523	12	12	0	1	480	0	0	0.014	13.2	7	4.104	7.67	1026.4	4.9	83	95	1	5.9	6.9	1	0	3	5	
2026-04-14 04:30:00	57.29397	17.87616	13	13	0	1	480	0	0	0.016	13.2	7	4.229	7.71	1026.4	5	82	90	1	6.3	7.6	1	0	3	5	
2026-04-14 04:40:00	57.29769	17.87799	12	14	0	1	480	0	0	0.014	13.2	7	3.987	7.63	1026.5	5	83	100	1	6.1	7.3	1	0	3	5	
2026-04-14 04:50:00	57.29562	17.87829	12	15	0	2	480	0	0	0.016	13.2	7	4.213	7.7	1026.5	5.1	83	100	1	5.3	6.2	1	0	3	5	
2026-04-14 05:00:00	57.29337	17.87886	12	16	0	3	480	0	0	0.014	13.2	7	4.126	7.67	1026.5	5.3	82	90	1	5.7	6.8	1	0	3	5	
2026-04-14 05:10:00	57.29868	17.87586	12	17	0	1	480	0	0	0.014	13.2	7	4.126	7.68	1026.5	5.1	83	95	1	5.4	6.7	1	0	3	5	
2026-04-14 05:20:00	57.29706	17.87577	12	18	0	1	480	0	0	0.014	13.2	7	4.156	7.69	1026.6	5.3	82	100	1	5.5	7.5	1	0	3	5	
2026-04-14 05:30:00	57.2949	17.87604	12	19	0	1	480	0	0	0.014	13.3	7	3.994	7.64	1026.5	5.4	82	95	1	5.1	7.2	1	0	3	5	
2026-04-14 05:40:00	57.29796	17.87625	12	20	0	1	480	0	0	0.014	13.3	7	4.155	7.68	1026.6	5.6	81	100	1	6.1	7.6	1	0	3	5	
2026-04-14 06:00:00	57.29415	17.87682	40	22	0	3	510	0	0	0.014	13.3	8	3.958	7.62	1026.5	5.8	80	95	1	5.2	6.5	1	0	3	5	
2026-04-14 06:20:00	57.2967	17.87157	12	24	0	3	480	0	0	0.014	13.4	8	3.971	7.64	1026.5	5.9	79	100	1	5	6.2	1	0	3	5	
2026-04-14 06:30:00	57.29466	17.87109	12	25	0	2	480	0	0	0.014	13.4	8	3.941	7.64	1026.5	6	80	90	1	4.1	5.1	1	0	3	5	
2026-04-14 06:40:00	57.29724	17.87196	12	26	0	1	480	0	0	0.014	13.4	8	3.971	7.64	1026.6	6	80	95	1	3.7	4.9	1	0	3	5	
2026-04-14 06:50:00	57.29646	17.8716	12	27	0	1	480	0	0	0.014	13.5	8	3.961	7.64	1026.6	6.1	80	105	1	3.9	4.9	1	0	3	5	
2026-04-14 07:00:00	57.29499	17.87115	12	28	0	1	480	0	0	0.014	13.5	8	3.904	7.62	1026.7	6.3	78	105	1	5	6.1	1	0	3	5	
2026-04-14 07:10:00	57.29721	17.87277	12	29	0	1	480	0	0	0.016	13.5	8	3.985	7.65	1026.7	6.1	80	110	1	4.7	5.8	1	0	3	5	
2026-04-14 07:20:00	57.2961	17.87229	12	30	0	1	480	0	0	0.014	13.5	8	3.946	7.65	1026.7	5.9	82	105	1	4.1	5.2	1	0	3	5	
2026-04-14 07:30:00	57.29463	17.87205	12	31	0	1	480	0	0	0.014	13.5	8	3.937	7.64	1026.6	6.1	80	100	1	4.9	5.8	1	0	3	5	
2026-04-14 07:40:00	57.29733	17.87433	12	32	0	1	480	0	0	0.014	13.5	8	3.974	7.65	1026.7	5.9	82	115	1	4.3	5.3	1	0	3	5	
2026-04-14 07:50:00	57.29592	17.87355	12	33	0	1	480	0	0	0.014	13.5	8	3.927	7.64	1026.7	6	80	110	1	5.1	6	1	0	3	5	
2026-04-14 08:00:00	57.29367	17.87319	12	34	0	1	480	0	0	0.014	13.5	8	3.935	7.66	1026.6	6	80	105	1	5.1	6.2	1	0	3	5	
2026-04-14 08:10:00	57.29619	17.87538	12	35	0	1	480	0	0	0.014	13.5	8	3.936	7.65	1026.6	6	80	105	1	4.4	5.6	1	0	3	5	
2026-04-14 08:20:00	57.29463	17.87433	12	36	0	1	480	0	0	0.014	13.6	8	3.952	7.66	1026.6	6.2	79	105	1	4.8	6	1	0	3	5	
2026-04-14 08:30:00	57.29724	17.87634	12	37	0	1	480	0	0	0.014	13.5	8	3.986	7.66	1026.6	6	81	115	1	4.4	5.3	1	0	3	5	
2026-04-14 08:40:00	57.29616	17.87574	13	38	0	1	480	0	0	0.014	13.6	8	3.979	7.66	1026.7	5.9	82	120	1	3.9	5.4	1	0	3	5	
2026-04-14 08:50:00	57.29493	17.87433	14	39	0	1	490	0	0	0.014	13.6	8	4.018	7.69	1026.6	6	82	120	1	4.1	5.1	1	0	3	5	
2026-04-14 09:00:00	57.29679	17.87619	39	40	0	1	510	0	0	0.014	13.6	8	4.002	7.66	1026.6	6	82	130	1	3.6	4.6	1	0	3	5	
2026-04-14 09:10:00	57.29601	17.87367	14	41	0	1	510	0	0	0.014	13.7	8	4.007	7.68	1026.6	6.1	81	130	1	3.5	4.5	1	0	3	5	
2026-04-14 09:20:00	57.29766	17.8755	11	42	0	1	480	0	0	0.014	13.8	8	4.024	7.67	1026.5	6	82	125	1	3.2	4.7	1	0	3	5	
2026-04-14 09:30:00	57.29727	17.87382	12	43	0	1	480	0	0	0.014	13.5	9	4.034	7.68	1026.5	6	82	135	1	3.4	4.3	1	0	3	5	
2026-04-14 09:40:00	57.29646	17.87211	12	44	0	1	490	0	0	0.014	13.3	9	3.89	7.67	1026.4	6.4	79	120	1	4.1	5.2	1	0	3	5	
2026-04-14 09:50:00	57.2982	17.87454	11	45	0	1	480	0	0	0.014	13.3	9	4.075	7.69	1026.4	6.4	79	120	1	3.7	4.8	1	0	3	5	
2026-04-14 10:00:00	57.29757	17.87319	12	46	0	1	480	0	0	0.016	13.2	9	3.987	7.69	1026.2	6	81	110	1	3.2	4.4	1	0	3	5	
2026-04-14 10:10:00	57.29634	17.87235	11	47	0	2	480	0	0	0.014	13.7	9	3.813	7.66	1026.2	6	82	120	1	3.2	4.6	1	0	3	5	
2026-04-14 10:20:00	57.29538	17.87118	12	48	0	1	480	0	0	0.014	13.3	9	4.236	7.77	1026.1	6.4	80	115	1	3.6	4.5	1	0	3	5	
2026-04-14 10:30:00	57.29697	17.87265	12	49	0	1	480	0	0	0.014	13.3	9	3.834	7.68	1026.1	6.4	80	125	1	3.9	4.8	1	0	3	5	
2026-04-14 10:40:00	57.29607	17.87097	12	50	0	3	480	0	0	0.014	13.6	9	4.289	7.8	1026	6.4	80	120	1	3.9	4.9	1	0	3	5	
2026-04-14 10:50:00	57.29796	17.87304	12	51	0	1	480	0	0	0.016	13.3	9	3.889	7.68	1026.1	6.3	81	125	1	3.5	4.8	1	0	3	5	
2026-04-14 11:00:00	57.29721	17.87088	12	52	0	3	480	0	0	0.014	13.3	9	4.289	7.79	1026	6.5	80	115	1	3.9	4.9	1	0	3	5	
2026-04-14 11:10:00	57.29856	17.87145	12	53	0	1	510	0	0	0.014	13.6	9	3.945	7.7	1026	6.4	80	125	1	3.8	4.8	1	0	3	5	
2026-04-14 11:20:00	57.29742	17.8695	12	54	0	1	480	0	0	0.014	13.3	9	4.2	7.78	1026	6.7	78	120	1	4.4	5.4	1	0	3	5	
2026-04-14 11:30:00	57.29949	17.87175	12	55	0	2	480	0	0	0.014	13.2	9	3.88	7.69	1026	6.6	79	125	1	4.3	5.5	1	0	3	5	
2026-04-14 11:40:00	57.29862	17.86947	12	56	0	1	480	0	0	0.014	13.8	8	4.217	7.79	1025.9	6.3	81	130	1	3.2	4.3	1	0	3	5	
2026-04-14 11:50:00	57.29742	17.86809	12	57	0	1	480	0	0	0.014	13.7	8	4.097	7.76	1025.8	6.2	81	130	1	3.2	4.4	1	0	3	5	
2026-04-14 12:10:00	57.29847	17.86755	12	59	0	3	480	0	0	0.014	13.3	9	4.095	7.76	1025.8	6.6	78	130	1	4.7	5.5	1	0	3	5	
2026-04-14 12:20:00	57.297	17.86515	12	0	0	1	480	0	0	0.014	13.6	8	4.031	7.75	1025.7	6.5	78	120	1	4.1	5.3	1	0	3	5	
2026-04-14 12:30:00	57.29895	17.86764	11	1	0	1	480	0	0	0.014	13.6	8	4.063	7.76	1025.7	6.7	77	120	1	4.2	5.3	1	0	3	5	
2026-04-14 12:40:00	57.29793	17.8656	12	2	0	1	480	0	0	0.014	13.3	8	4.026	7.76	1025.5	6.4	79	115	1	3.4	4.2	1	0	3	5	
2026-04-14 12:50:00	57.29991	17.86608	12	3	0	1	480	0	0	0.014	13.3	8	4.034	7.76	1025.6	6.4	79	125	1	3.2	4.4	1	0	3	5	
2026-04-14 13:00:00	57.29973	17.86359	12	4	0	1	490	0	0	0.014	13.5	8	3.982	7.75	1025.5	6	81	125	1	2.5	3.7	1	0	3	5	
2026-04-14 13:10:00	57.29907	17.86302	16	5	0	1	500	0	0	0.014	13.8	8	4.009	7.76	1025.4	6.4	79	120	1	3.5	4.2	1	0	3	5	
2026-04-14 13:20:00	57.29805	17.86245	40	6	0	1	510	0	0	0.014	13.8	8	4.246	7.81	1025.3	6.6	77	125	1	3.5	4.9	1	0	3	5	
2026-04-14 13:30:00	57.29718	17.86185	12	7	0	1	480	0	0	0.014	13.4	8	4.245	7.8	1025.2	7	75	115	1	3.7	4.7	1	0	3	5	
2026-04-14 13:40:00	57.29565	17.86098	11	8	0	1	480	0	0	0.014	13.3	8	4.197	7.78	1025.1	6.8	76	105	1	3.8	4.7	1	0	3	5	
2026-04-14 13:50:00	57.29781	17.86227	12	9	0	1	480	0	0	0.014	13.5	8	4.237	7.8	1025	6.6	77	105	1	3.6	4.5	1	0	3	5	
2026-04-14 14:00:00	57.29976	17.86434	12	10	0	1	480	0	0	0.014	13.8	8	3.963	7.72	1024.9	6.8	76	110	1	3.4	4.5	1	0	3	5	
2026-04-14 14:10:00	57.2991	17.86341	12	11	0	1	480	0	0	0.014	13.4	8	4.251	7.81	1024.8	7	74	105	1	4.2	5.1	1	0	3	5	
2026-04-14 14:20:00	57.30153	17.86554	12	12	0	1	480	0	0	0.014	13.3	8	3.975	7.75	1024.9	7.2	73	110	1	4	5.1	1	0	3	5	
2026-04-14 14:30:00	57.30036	17.86446	12	13	0	1	480	0	0	0.016	13.5	8	3.941	7.74	1024.8	7.5	71	105	1	4.7	5.6	1	0	3	5	
2026-04-14 14:40:00	57.2979	17.86398	12	14	0	1	480	0	0	0.014	13.6	7	4.208	7.8	1024.7	7.1	74	110	1	3.7	4.8	1	0	3	5	
2026-04-14 15:00:00	57.29745	17.86431	12	16	0	3	480	0	0	0.014	13.9	8	4.208	7.8	1024.6	6.5	78	95	1	2.5	3.3	1	0	3	5	
2026-04-14 15:10:00	57.29715	17.86353	12	17	0	2	480	0	0	0.014	13.4	8	4.193	7.79	1024.6	6.8	76	80	1	3.2	4.1	1	0	3	5	
2026-04-14 15:20:00	57.29895	17.86392	11	18	0	2	480	0	0	0.014	13.3	8	4.201	7.79	1024.6	7.1	74	85	1	4.4	5.6	1	0	3	5	
2026-04-14 15:30:00	57.29739	17.86461	12	19	0	1	480	0	0	0.014	13.3	8	4.186	7.78	1024.4	7.1	73	90	1	3.8	4.7	1	0	3	5	
2026-04-14 15:50:00	57.29784	17.86596	12	21	0	3	480	0	0	0.014	13.4	8	4.176	7.79	1024.3	7.5	70	90	1	4.6	5.8	1	0	3	5	
2026-04-14 16:00:00	57.29595	17.86647	40	22	0	1	510	0	0	0.014	13.3	8	4.138	7.78	1024.2	7.4	70	95	1	4.9	5.8	1	0	3	5	
2026-04-14 16:10:00	57.29388	17.86698	12	23	0	1	480	0	0	0.016	13.3	8	4.187	7.8	1023.9	7.2	71	95	1	4.2	5.3	1	0	3	5	
2026-04-14 16:20:00	57.29697	17.8683	12	24	0	1	480	0	0	0.014	13.3	7	4.189	7.8	1023.9	7.4	70	100	1	4.7	5.5	1	0	3	5	
2026-04-14 16:30:00	57.29565	17.86797	12	25	0	1	480	0	0	0.014	13.3	7	4.181	7.8	1023.9	7.3	70	95	1	4.2	4.9	1	0	3	5	
2026-04-14 16:40:00	57.29823	17.86881	12	26	0	1	480	0	0	0.014	13.3	7	4.192	7.8	1023.9	6.5	76	90	1	2.8	3.8	1	0	3	5	
2026-04-14 16:50:00	57.29787	17.8686	12	27	0	1	480	0	0	0.014	13.3	7	4.181	7.79	1023.9	6.3	78	90	1	3.6	4.8	1	0	3	5	
2026-04-14 17:00:00	57.29706	17.86902	12	28	0	1	480	0	0	0.016	13.3	7	4.154	7.78	1023.9	7.1	71	95	1	4.3	5.4	1	0	3	5	
2026-04-14 17:10:00	57.29547	17.86926	12	29	0	2	480	0	0	0.014	13.2	7	4.11	7.76	1023.8	6.8	73	90	1	3.9	5.1	1	0	3	5	
2026-04-14 17:20:00	57.29802	17.87016	12	30	0	1	480	0	0	0.016	13.2	7	4.118	7.75	1023.9	6.7	74	100	1	3.5	4.4	1	0	3	5	
2026-04-14 17:30:00	57.29739	17.86995	12	31	0	1	480	0	0	0.014	13.2	7	4.092	7.75	1023.8	5.9	79	85	1	2.4	3.1	1	0	3	5	
2026-04-14 17:40:00	57.29706	17.87022	12	32	0	1	490	0	0	0.014	13.2	7	4.075	7.75	1023.8	6	79	90	1	2.7	3.4	1	0	3	5	
2026-04-14 17:50:00	57.2967	17.87061	13	33	0	1	490	0	0	0.016	13.2	7	4.058	7.74	1023.9	6.5	75	85	1	3.5	4.1	1	0	3	5	
2026-04-14 18:00:00	57.29619	17.87127	13	34	0	1	490	0	0	0.014	13.2	7	4.033	7.73	1023.8	6.1	78	85	1	3.3	4.1	1	0	3	5	
2026-04-14 18:10:00	57.2952	17.87139	15	35	0	1	500	0	0	0.014	13.2	7	4.008	7.71	1023.7	5.9	80	80	1	2.9	3.9	1	0	3	5	
2026-04-14 18:20:00	57.29712	17.87085	20	36	0	1	500	0	0	0.014	13.2	7	4.02	7.73	1023.8	6	79	85	1	3.6	4.3	1	0	3	5	
2026-04-14 18:30:00	57.29682	17.87121	25	37	0	2	520	0	0	0.014	13.2	7	4.003	7.72	1023.7	5.9	79	85	1	3.5	4.1	1	0	3	5	
2026-04-14 18:40:00	57.2961	17.87211	11	38	0	2	480	0	0	0.016	13.2	7	3.978	7.7	1023.8	6.3	77	90	1	4.3	5.3	1	0	3	5	
2026-04-14 18:50:00	57.29493	17.87325	11	39	0	1	480	0	0	0.014	13.2	7	3.955	7.69	1023.7	6	80	85	1	3.3	4.3	1	0	3	5	
2026-04-14 19:00:00	57.29691	17.87346	11	40	0	1	480	0	0	0.016	13.2	7	3.956	7.71	1023.7	5.6	82	95	1	2.7	3.6	1	0	3	5	
2026-04-14 19:10:00	57.29655	17.8731	12	41	0	1	480	0	0	0.014	13.2	7	3.941	7.71	1023.6	5.8	80	95	1	3.3	4.1	1	0	3	5	
2026-04-14 19:20:00	57.29583	17.87364	12	42	0	1	480	0	0	0.016	13.2	7	3.909	7.7	1023.5	5.9	80	85	1	4.2	5.1	1	0	3	5	
2026-04-14 19:30:00	57.29463	17.87475	12	43	0	1	480	0	0	0.014	13.2	7	3.917	7.7	1023.4	5.8	81	85	1	4	5	1	0	3	5	
2026-04-14 19:40:00	57.29694	17.87544	12	44	0	2	480	0	0	0.014	13.2	7	3.891	7.69	1023.4	5.8	81	85	1	4.8	5.7	1	0	3	5	
2026-04-14 19:50:00	57.29574	17.87595	12	45	0	1	480	0	0	0.014	13.2	7	3.909	7.71	1023.3	5.9	81	85	1	5	5.8	1	0	3	5	
2026-04-14 20:00:00	57.29412	17.87736	11	46	0	1	480	0	0	0.014	13.2	7	3.936	7.72	1023.1	5.8	82	80	1	4.9	6	1	0	3	5	
2026-04-14 20:10:00	57.29643	17.87748	12	47	0	1	480	0	0	0.016	13.2	7	3.941	7.72	1023.2	5.8	81	85	1	4.8	5.5	1	0	3	5	
2026-04-14 20:20:00	57.29526	17.87823	12	48	0	1	480	0	0	0.016	13.2	7	3.92	7.71	1023.1	5.7	82	80	1	4.8	5.3	1	0	3	5	
2026-04-14 20:30:00	57.29769	17.87778	12	49	0	1	480	0	0	0.014	13.2	7	3.961	7.72	1023.1	5.7	82	85	1	5.2	6.4	1	0	3	5	
2026-04-14 20:40:00	57.29583	17.87832	12	50	0	1	480	0	0	0.014	13.2	7	3.956	7.72	1023	5.7	82	80	1	5	6	1	0	3	5	
2026-04-14 20:50:00	57.29883	17.87877	12	51	0	1	480	0	0	0.014	13.2	7	3.933	7.72	1023	5.6	83	85	1	4.5	5.5	1	0	3	5	
2026-04-14 21:00:00	57.29682	17.87364	13	52	0	1	480	0	0	0.014	13.2	7	4.005	7.74	1023	5.8	83	80	1	4.2	5.7	1	0	3	5	
2026-04-14 21:20:00	57.29706	17.87409	13	54	0	3	490	0	0	0.014	13.2	7	4.05	7.74	1023	6.6	78	95	1	5.5	6.6	1	0	3	5	
2026-04-14 21:40:00	57.29859	17.87568	33	56	0	3	500	0	0	0.016	13.2	8	4.031	7.75	1022.9	7.1	76	100	1	6.1	7.7	1	0	3	5	
2026-04-14 21:50:00	57.29652	17.87556	11	57	0	1	480	0	0	0.014	13.2	7	4.228	7.8	1022.8	7.1	76	100	1	5.9	7.2	1	0	3	5	
2026-04-14 22:00:00	57.29382	17.87562	12	58	0	1	480	0	0	0.016	13.2	7	4.232	7.8	1022.6	7.2	75	100	1	6.1	7.6	1	0	3	5	
2026-04-14 22:10:00	57.29679	17.87724	13	59	0	1	490	0	0	0.016	13.2	7	4.217	7.8	1022.7	7.3	75	100	1	6.8	8.3	1	0	3	5	
2026-04-14 22:20:00	57.29445	17.87697	12	0	0	1	480	0	0	0.014	13.2	7	4.242	7.81	1022.6	7.1	75	100	1	6.1	7	1	0	3	5	
2026-04-14 22:30:00	57.29703	17.87853	12	1	0	3	490	0	0	0.014	13.2	7	4.217	7.79	1022.6	6.8	77	110	1	5.2	6.3	1	0	3	5	
2026-04-14 22:40:00	57.29574	17.87643	13	2	0	1	490	0	0	0.014	13.2	7	4.241	7.81	1022.6	6.3	80	110	1	4.2	5.2	1	0	3	5	
2026-04-14 22:50:00	57.29397	17.87502	13	3	0	2	490	0	0	0.014	13.2	7	4.217	7.8	1022.6	6.2	81	105	1	4.2	5.5	1	0	3	5	
2026-04-14 23:00:00	57.2961	17.87574	13	4	0	1	510	0	0	0.014	13.2	7	4.228	7.8	1022.5	6.1	81	110	1	4.4	5.6	1	0	3	5	
2026-04-14 23:10:00	57.29493	17.87436	11	5	0	1	480	0	0	0.016	13.2	7	4.179	7.8	1022.4	6.1	81	105	1	4.8	5.4	1	0	3	5	
2026-04-14 23:20:00	57.29718	17.87559	12	6	0	1	480	0	0	0.016	13.2	7	4.246	7.81	1022.5	6.2	81	115	1	4.8	5.9	1	0	3	5	
2026-04-14 23:30:00	57.29544	17.87334	11	7	0	1	480	0	0	0.014	13.2	7	4.265	7.82	1022.3	6.2	81	105	1	5.1	5.9	1	0	3	5	
2026-04-14 23:40:00	57.29811	17.87541	12	8	0	1	480	0	0	0.014	13.2	7	4.23	7.81	1022.3	6.1	81	110	1	4.8	5.8	1	0	3	5	
2026-04-14 23:50:00	57.29667	17.87382	12	9	0	1	480	0	0	0.014	13.2	7	4.392	7.86	1022.2	6.1	81	110	1	4.7	5.8	1	0	3	5	
2026-04-15 00:00:00	57.29484	17.87277	11	10	0	1	480	0	0	0.014	13.2	7	4.268	7.83	1022.1	6.2	81	105	1	4.7	5.8	1	0	3	5	
2026-04-15 00:20:00	57.29598	17.87253	12	12	0	3	480	0	0	0.014	13.2	8	4.265	7.82	1021.9	6.3	80	105	1	5.1	6.2	1	0	3	5	
2026-04-15 00:30:00	57.29835	17.87424	12	13	0	1	480	0	0	0.014	13.2	7	4.333	7.84	1021.8	6.2	81	110	1	4.8	5.5	1	0	3	5	
2026-04-15 00:40:00	57.29673	17.87268	11	14	0	1	480	0	0	0.014	13.2	7	4.22	7.82	1021.8	6.1	82	125	1	4.2	5.4	1	0	3	5	
2026-04-15 00:50:00	57.29637	17.87079	11	15	0	2	480	0	0	0.014	13.2	7	4.323	7.83	1021.9	6.5	78	135	1	4.9	6.6	1	0	3	5	
2026-04-15 01:00:00	57.29874	17.87313	12	16	0	1	480	0	0	0.016	13.2	7	4.203	7.81	1021.9	5.6	85	170	1	4.4	6.2	1	0	3	5	
2026-04-15 01:10:00	57.2985	17.87022	12	17	0	1	480	0	0	0.014	13.2	7	4.315	7.83	1021.8	5.4	86	135	1	3.7	5.2	1	0	3	5	
2026-04-15 01:20:00	57.29808	17.86716	13	18	0	1	490	0	0	0.016	13.2	7	4.304	7.82	1021.7	5.5	86	155	1	2.7	3.6	1	0	3	5	
2026-04-15 01:40:00	57.30111	17.86935	14	20	0	3	490	0	0	0.016	13.2	8	4.325	7.82	1021.5	5.5	86	125	1	3.1	4.2	1	0	3	5	
2026-04-15 01:50:00	57.30111	17.86779	13	21	0	2	490	0	0	0.014	13.2	7	4.308	7.82	1021.5	5.5	86	115	1	3.2	4.1	1	0	3	5	
2026-04-15 02:00:00	57.30063	17.86692	40	22	0	1	510	0	0	0.014	13.2	8	4.29	7.81	1021.4	5.5	86	120	1	3.4	4.4	1	0	3	5	
2026-04-15 02:10:00	57.30018	17.86623	12	23	0	1	480	0	0	0.016	13.2	7	4.27	7.8	1021.3	5.6	85	115	1	3.5	4.5	1	0	3	5	
2026-04-15 02:20:00	57.29937	17.86557	12	24	0	1	480	0	0	0.016	13.2	7	4.245	7.79	1021.3	5.5	86	115	1	3.6	4.3	1	0	3	5	
2026-04-15 02:30:00	57.2985	17.86515	12	25	0	1	480	0	0	0.014	13.2	7	4.238	7.78	1021.3	5.7	84	125	1	3.2	4.3	1	0	3	5	
2026-04-15 02:40:00	57.29775	17.86419	12	26	0	1	480	0	0	0.016	13.2	7	4.223	7.79	1021.2	5.6	85	120	1	3.3	4.2	1	0	3	5	
2026-04-15 02:50:00	57.29991	17.86551	12	27	0	1	490	0	0	0.016	13.2	7	4.231	7.79	1021.2	5.6	85	125	1	3.3	4.3	1	0	3	5	
2026-04-15 03:00:00	57.29958	17.86419	12	28	0	1	480	0	0	0.014	13.2	7	4.224	7.79	1021.1	5.4	86	120	1	3.3	4.1	1	0	3	5	
2026-04-15 03:10:00	57.29895	17.86335	13	29	0	1	480	0	0	0.014	13.2	7	4.219	7.78	1021.1	5.3	86	120	1	3.3	4	1	0	3	5	
2026-04-15 03:20:00	57.29835	17.8623	12	30	0	2	480	0	0	0.014	13.2	7	4.215	7.79	1021.1	5.4	86	120	1	3.5	4.2	1	0	3	5	
2026-04-15 03:40:00	57.30066	17.86182	12	32	0	3	480	0	0	0.014	13.2	8	4.213	7.78	1021.1	5.1	88	140	1	2.6	3.3	1	0	3	5	
2026-04-15 03:50:00	57.30039	17.86017	12	33	0	3	480	0	0	0.014	13.2	8	4.208	7.79	1021	5.1	88	130	1	2.9	3.7	1	0	3	5	
2026-04-15 04:00:00	57.30219	17.86143	12	34	0	3	490	0	0	0.016	13.2	8	4.213	7.79	1021	5.2	88	130	1	2.8	3.5	1	0	3	5	
2026-04-15 04:10:00	57.30372	17.86341	14	35	0	1	520	0	0	0.016	13.2	7	4.21	7.79	1021	5.1	88	125	1	3.2	3.7	1	0	3	5	
2026-04-15 04:20:00	57.30537	17.86611	12	36	0	1	480	0	0	0.014	13.2	7	4.223	7.79	1021.2	5	88	150	1	3	3.9	1	0	3	5	
2026-04-15 04:30:00	57.30531	17.86383	12	37	0	1	480	0	0	0.016	13.2	7	4.21	7.78	1021.3	5.2	88	165	1	2.7	3.6	1	0	3	5	
2026-04-15 04:40:00	57.30519	17.86131	12	38	0	2	480	0	0	0.014	13.2	7	4.211	7.78	1021.3	5	89	170	1	2.2	3	1	0	3	5	
2026-04-15 04:50:00	57.3063	17.86341	12	39	0	1	480	0	0	0.014	13.2	7	4.21	7.78	1021.3	4.9	90	155	1	1.4	2.6	1	0	3	5	
2026-04-15 05:00:00	57.30708	17.86527	12	40	0	2	480	0	0	0.014	13.2	7	4.215	7.79	1021.2	5	89	115	1	0.9	1.7	1	0	3	5	
2026-04-15 05:10:00	57.3084	17.86644	12	41	0	1	480	0	0	0.014	13.2	7	4.228	7.79	1021.1	5	89	85	1	1.3	2.4	1	0	3	5	
2026-04-15 05:20:00	57.30825	17.8656	12	42	0	3	480	0	0	0.014	13.2	8	4.215	7.79	1021.5	4.9	90	130	1	1.7	2.7	1	0	3	5	
2026-04-15 05:30:00	57.30738	17.86407	12	43	0	2	490	0	0	0.014	13.2	8	4.205	7.78	1021.7	4.9	91	160	1	3.6	4.4	1	0	3	5	
2026-04-15 05:40:00	57.30693	17.86215	12	44	0	1	480	0	0	0.014	13.2	7	4.203	7.78	1021.7	4.8	91	175	1	2.4	3.1	1	0	3	5	
2026-04-15 05:50:00	57.30663	17.86008	12	45	0	1	480	0	0	0.014	13.2	7	4.2	7.79	1021.5	4.7	91	150	1	0.9	1.9	1	0	3	5	
2026-04-15 06:00:00	57.30693	17.85867	11	46	0	1	480	0	0	0.016	13.2	7	4.201	7.79	1021.6	4.6	92	50	1	0.8	1.2	1	0	3	5	
2026-04-15 06:10:00	57.30786	17.85858	13	47	0	1	490	0	0	0.014	13.2	7	4.206	7.79	1021.6	4.6	92	175	1	1.2	2	1	0	3	5	
2026-04-15 06:30:00	57.3084	17.85564	12	49	0	3	480	0	0	0.014	13.2	8	4.221	7.79	1021.6	4.5	93	215	1	1.8	2.3	1	0	3	5	
2026-04-15 06:40:00	57.30828	17.85669	12	50	0	1	480	0	0	0.014	13.2	8	4.211	7.78	1021.4	4.5	93	260	1	1.4	2.1	1	0	3	5	
2026-04-15 06:50:00	57.30795	17.85729	12	51	0	3	480	0	0	0.016	13.2	8	4.204	7.78	1021.5	4.5	93	310	1	0.4	0.8	1	0	3	5	
2026-04-15 07:00:00	57.30858	17.85732	12	52	0	1	480	0	0	0.016	13.2	7	4.213	7.78	1021.6	4.5	94	165	1	1	1.4	1	0	3	5	
2026-04-15 07:10:00	57.30924	17.85726	12	53	0	1	480	0	0	0.014	13.2	8	4.223	7.78	1021.6	4.4	94	165	1	0.5	0.9	1	0	3	5	
2026-04-15 07:20:00	57.30993	17.85801	12	54	0	1	480	0	0	0.014	13.2	8	4.231	7.77	1021.5	4.3	95	50	1	2.6	3.3	1	0	3	5	
2026-04-15 07:30:00	57.31176	17.85801	12	55	0	1	480	0	0	0.016	13.2	7	4.246	7.77	1021.6	4.3	95	75	1	2.3	2.8	1	0	3	5	
2026-04-15 07:40:00	57.31047	17.85783	12	56	0	1	480	0	0	0.014	13.2	8	4.233	7.78	1021.6	4.4	95	105	1	1.6	2	1	0	3	5	
2026-04-15 07:50:00	57.3093	17.85798	12	57	0	1	480	0	0	0.016	13.2	8	4.23	7.78	1021.5	4.4	95	35	1	0.9	1.3	1	0	3	5	
2026-04-15 08:00:00	57.30843	17.85777	11	58	0	1	480	0	0	0.014	13.2	7	4.226	7.77	1021.4	4.4	95	30	1	1.5	1.8	1	0	3	5	
2026-04-15 08:10:00	57.30735	17.85789	12	59	0	1	480	0	0	0.016	13.2	8	4.231	7.76	1021.5	4.4	95	50	1	1.6	2	1	0	3	5	
2026-04-15 08:20:00	57.30573	17.85795	12	0	0	1	480	0	0	0.014	13.2	8	4.231	7.76	1021.5	4.4	95	70	1	2.3	2.7	1	0	3	5	
2026-04-15 08:30:00	57.30432	17.85747	12	1	0	1	480	0	0	0.014	13.2	7	4.23	7.76	1021.4	4.4	95	45	1	2.2	2.6	1	0	3	5	
2026-04-15 08:40:00	57.30264	17.85807	11	2	0	1	480	0	0	0.014	13.2	7	4.243	7.76	1021.4	4.5	95	50	1	2.6	3.1	1	0	3	5	
2026-04-15 08:50:00	57.30096	17.86011	35	3	0	1	510	0	0	0.014	13.3	8	4.238	7.77	1021.4	4.6	95	50	1	2.1	2.6	1	0	3	5	
2026-04-15 09:00:00	57.29991	17.86137	11	4	0	1	480	0	0	0.016	13.3	8	4.222	7.77	1021.3	4.6	95	30	1	1.7	2	1	0	3	5	
2026-04-15 09:10:00	57.30171	17.86413	12	5	0	1	480	0	0	0.014	13.2	8	4.239	7.76	1021.3	4.6	95	35	1	3	3.8	1	0	3	5	
2026-04-15 09:20:00	57.30054	17.87001	11	6	0	1	480	0	0	0.014	13.2	8	4.248	7.75	1021.2	4.7	94	50	1	2.4	4.1	1	0	3	5	
2026-04-15 09:30:00	57.29985	17.87544	12	7	0	1	480	0	0	0.014	13.2	8	4.248	7.74	1021.2	4.8	94	50	1	2.6	3.1	1	0	3	5	
2026-04-15 09:40:00	57.29919	17.88009	12	8	0	1	480	0	0	0.014	13.2	8	4.241	7.74	1021.3	4.8	95	65	1	2.3	2.6	1	0	3	5	
2026-04-15 09:50:00	57.29877	17.88474	13	9	0	2	480	0	0	0.016	13.2	8	4.178	7.75	1021.4	4.8	96	65	1	3.1	3.6	1	0	3	5	
2026-04-15 10:00:00	57.29766	17.88933	12	10	0	2	480	0	0	0.014	13.2	8	4.083	7.73	1021.3	5	96	65	1	3.1	3.7	1	0	3	5	
2026-04-15 10:10:00	57.29865	17.88945	12	11	0	2	480	0	0	0.014	13.2	8	4.092	7.72	1021.1	5	96	60	1	3	3.7	1	0	3	5	
2026-04-15 10:20:00	57.29736	17.88984	12	12	0	3	480	0	0	0.014	13.2	9	4.058	7.72	1020.9	4.8	96	55	1	2.5	2.9	1	0	3	5	
2026-04-15 10:30:00	57.29727	17.88477	12	13	0	1	480	0	0	0.016	13.2	8	4.067	7.73	1020.9	4.9	96	60	1	3	3.5	1	0	3	5	
2026-04-15 10:40:00	57.2991	17.88114	12	14	0	2	480	0	0	0.014	13.2	8	4.152	7.76	1020.9	4.9	96	80	1	2.9	3.5	1	0	3	5	
2026-04-15 10:50:00	57.29781	17.88039	12	15	0	1	480	0	0	0.014	13.2	8	4.107	7.74	1020.9	4.8	96	110	1	2.7	3.2	1	0	3	5	
2026-04-15 11:00:00	57.29628	17.87877	14	16	0	2	490	0	0	0.016	13.2	8	4.074	7.73	1020.9	4.7	96	125	1	1.3	1.8	1	0	3	5	
2026-04-15 11:10:00	57.29523	17.87673	41	17	0	1	510	0	0	0.014	13.2	8	4.079	7.73	1021	4.8	96	150	1	0.9	1.4	1	0	3	5	
2026-04-15 11:20:00	57.29514	17.8749	11	18	0	1	480	0	0	0.014	13.2	8	4.075	7.73	1020.9	4.7	96	160	1	1.7	2.4	1	0	3	5	
2026-04-15 11:30:00	57.29559	17.87079	12	19	0	1	480	0	0	0.016	13.2	8	4.131	7.75	1021	4.9	95	165	1	2	2.6	1	0	3	5	
2026-04-15 11:40:00	57.29481	17.86737	12	20	0	1	490	0	0	0.014	13.2	8	4.149	7.75	1021	4.8	95	155	1	1.6	2	1	0	3	5	
2026-04-15 11:50:00	57.29595	17.86674	12	21	0	1	480	0	0	0.016	13.2	8	4.149	7.75	1021	4.7	96	175	1	2	2.6	1	0	3	5	
2026-04-15 12:00:00	57.29718	17.86773	13	22	0	1	480	0	0	0.014	13.2	8	4.127	7.73	1021	4.7	96	170	1	1.4	1.9	1	0	3	5	
2026-04-15 12:10:00	57.29829	17.86857	13	23	0	1	490	0	0	0.014	13.2	8	4.118	7.72	1021	4.7	96	165	1	1.6	2.2	1	0	3	5	
2026-04-15 12:20:00	57.29913	17.86902	13	24	0	3	490	0	0	0.016	13.2	8	4.12	7.72	1021	4.5	97	195	1	2.1	2.7	1	0	3	5	
2026-04-15 12:30:00	57.29934	17.86974	12	25	0	1	480	0	0	0.016	13.2	8	4.121	7.72	1021	4.5	97	205	1	3	3.5	1	0	3	5	
2026-04-15 12:40:00	57.29868	17.86947	12	26	0	1	480	0	0	0.016	13.2	8	4.153	7.73	1021	4.5	97	200	1	3	3.5	1	0	3	5	
2026-04-15 12:50:00	57.29991	17.87232	11	27	0	1	480	0	0	0.016	13.2	8	4.137	7.73	1021	4.5	97	205	1	3.2	3.8	1	0	3	5	
2026-04-15 13:00:00	57.30168	17.86716	12	28	0	1	480	0	0	0.014	13.2	8	4.133	7.73	1021.1	4.4	97	205	1	3.3	3.9	1	0	3	5	
2026-04-15 13:10:00	57.30135	17.86797	12	29	0	1	510	0	0	0.014	13.2	8	4.108	7.72	1021	4.4	97	195	1	2.8	3.2	1	0	3	5	
2026-04-15 13:20:00	57.3009	17.86806	12	30	0	1	480	0	0	0.014	13.2	8	4.11	7.72	1021	4.4	98	195	1	2.2	2.8	1	0	3	5	
2026-04-15 13:30:00	57.3009	17.86785	12	31	0	1	480	0	0	0.014	13.2	8	4.093	7.72	1021	4.4	98	190	1	1.1	1.5	1	0	3	5	
2026-04-15 13:40:00	57.30147	17.86713	12	32	0	2	480	0	0	0.016	13.2	8	4.091	7.71	1020.9	4.5	98	190	1	0.8	1.4	1	0	3	5	
2026-04-15 13:50:00	57.30261	17.86605	12	33	0	2	480	0	0	0.014	13.2	8	4.094	7.72	1020.9	4.5	97	150	1	0.6	1.2	1	0	3	5	
2026-04-15 14:00:00	57.30411	17.86524	12	34	0	2	480	0	0	0.014	13.2	8	4.094	7.72	1020.8	4.5	97	50	1	0.7	1	1	0	3	5	
2026-04-15 14:10:00	57.30552	17.86437	12	35	0	1	490	0	0	0.016	13.2	8	4.118	7.72	1020.8	4.4	98	360	1	1.2	1.5	1	0	3	5	
2026-04-15 14:20:00	57.30603	17.86302	12	36	0	2	490	0	0	0.016	13.2	8	4.104	7.72	1020.8	4.4	98	25	1	0.4	0.7	1	0	3	5	
2026-04-15 14:30:00	57.30687	17.86191	13	37	0	1	520	0	0	0.016	13.2	8	4.124	7.72	1020.8	4.4	98	160	1	0.6	1	1	0	3	5	
2026-04-15 14:40:00	57.30822	17.86047	11	38	0	1	480	0	0	0.014	13.2	8	4.15	7.73	1020.9	4.4	98	165	1	1.4	2.2	1	0	3	5	
2026-04-15 14:50:00	57.3099	17.86029	12	39	0	1	480	0	0	0.014	13.2	8	4.125	7.72	1020.9	4.3	98	165	1	1.3	1.9	1	0	3	5	
2026-04-15 15:00:00	57.31077	17.86065	12	40	0	1	480	0	0	0.014	13.2	8	4.125	7.72	1020.9	4.4	98	185	1	1.3	2.2	1	0	3	5	
2026-04-15 15:10:00	57.3123	17.8608	12	41	0	1	480	0	0	0.016	13.2	8	4.111	7.71	1020.9	4.3	98	150	1	1.4	2	1	0	3	5	
2026-04-15 15:20:00	57.31329	17.86191	12	42	0	1	480	0	0	0.016	13.2	8	4.12	7.71	1020.8	4.3	98	160	1	1.3	1.9	1	0	3	5	
2026-04-15 15:30:00	57.31482	17.85999	12	43	0	1	480	0	0	0.016	13.2	8	4.111	7.71	1020.9	4.3	98	105	1	1.3	1.7	1	0	3	5	
2026-04-15 15:40:00	57.31665	17.86011	11	44	0	1	480	0	0	0.016	13.2	8	4.127	7.72	1020.9	4.3	98	120	1	2.3	2.7	1	0	3	5	
2026-04-15 15:50:00	57.31878	17.86203	12	45	0	1	480	0	0	0.014	13.2	8	4.158	7.72	1020.9	4.2	99	160	1	2.4	2.9	1	0	3	5	
2026-04-15 16:00:00	57.31911	17.85858	11	46	0	2	480	0	0	0.014	13.2	8	4.144	7.72	1020.8	4.2	99	135	1	2.4	2.8	1	0	3	5	
2026-04-15 16:10:00	57.32094	17.86008	12	47	0	1	480	0	0	0.014	13.2	8	4.152	7.72	1020.7	4.2	99	150	1	2.4	2.8	1	0	3	5	
2026-04-15 16:20:00	57.32106	17.85759	12	48	0	3	480	0	0	0.014	13.2	8	4.144	7.72	1020.7	4.2	99	135	1	3.1	3.6	1	0	3	5	
2026-04-15 16:30:00	57.32253	17.85954	12	49	0	1	480	0	0	0.014	13.2	8	4.141	7.72	1020.6	4.2	99	155	1	2.7	3.1	1	0	3	5	
2026-04-15 16:40:00	57.32238	17.85696	12	50	0	1	480	0	0	0.016	13.2	8	4.128	7.73	1020.5	4.2	99	145	1	2.3	2.8	1	0	3	5	
2026-04-15 16:50:00	57.32358	17.85879	12	51	0	1	480	0	0	0.014	13.2	8	4.102	7.72	1020.6	4.3	99	145	1	2.1	2.5	1	0	3	5	
2026-04-15 17:00:00	57.32472	17.86116	12	52	0	1	480	0	0	0.014	13.1	7	4.11	7.72	1020.7	4.3	99	140	1	1.6	2	1	0	3	5	
2026-04-15 17:10:00	57.32526	17.85969	13	53	0	1	490	0	0	0.016	13.2	7	4.104	7.72	1020.8	4.3	99	135	1	1.6	2.2	1	0	3	5	
2026-04-15 17:20:00	57.32502	17.85801	13	54	0	1	490	0	0	0.014	13.1	7	4.096	7.72	1020.7	4.2	99	105	1	1.9	2.4	1	0	3	5	
2026-04-15 17:40:00	57.32736	17.85726	12	56	0	3	490	0	0	0.014	13.1	8	4.102	7.72	1020.7	4.2	99	115	1	2.3	2.7	1	0	3	5	
2026-04-15 17:50:00	57.32901	17.85855	13	57	0	1	520	0	0	0.016	13.1	7	4.115	7.72	1020.7	4.2	99	140	1	2.2	2.7	1	0	3	5	
2026-04-15 18:00:00	57.32847	17.85597	12	58	0	1	480	0	0	0.014	13.1	8	4.105	7.72	1020.7	4.2	99	115	1	1.9	2.3	1	0	3	5	
2026-04-15 18:10:00	57.33033	17.85729	12	59	0	1	480	0	0	0.014	13.1	7	4.115	7.72	1020.8	4.3	99	120	1	1.9	2.4	1	0	3	5	
2026-04-15 18:30:00	57.33153	17.8581	11	1	0	3	480	0	0	0.014	13.1	8	4.112	7.72	1020.8	4.4	99	125	1	2.8	3.1	1	0	3	5	
2026-04-15 18:40:00	57.3303	17.8569	12	2	0	3	480	0	0	0.014	13.1	8	4.073	7.71	1020.9	4.4	99	120	1	2.3	3	1	0	3	5	
2026-04-15 18:50:00	57.33171	17.85795	11	3	0	1	480	0	0	0.016	13.1	7	4.08	7.71	1020.9	4.4	99	125	1	2.8	3.3	1	0	3	5	
2026-04-15 19:00:00	57.33303	17.86038	12	4	0	1	480	0	0	0.014	13.1	7	4.073	7.71	1020.9	4.4	99	135	1	2.8	3.2	1	0	3	5	
2026-04-15 19:10:00	57.33237	17.85795	12	5	0	1	480	0	0	0.014	13.1	7	4.06	7.71	1021	4.5	99	150	1	3	3.7	1	0	3	5	
2026-04-15 19:20:00	57.33138	17.85552	12	6	0	1	480	0	0	0.016	13.1	7	4.05	7.71	1021	4.4	99	145	1	2.7	3.1	1	0	3	5	
2026-04-15 19:30:00	57.33237	17.85807	13	7	0	2	480	0	0	0.014	13.1	8	4.047	7.71	1021.1	4.3	99	145	1	3	3.4	1	0	3	5	
2026-04-15 19:40:00	57.33198	17.85549	13	8	0	1	480	0	0	0.016	13.1	7	4.041	7.71	1021.1	4.3	99	150	1	2.9	3.3	1	0	3	5	
2026-04-15 19:50:00	57.33315	17.85753	12	9	0	2	480	0	0	0.014	13.1	7	4.04	7.71	1021	4.2	99	170	1	2.2	2.7	1	0	3	5	
2026-04-15 20:00:00	57.33339	17.85453	40	10	0	1	510	0	0	0.014	13.1	8	4.051	7.71	1020.9	4.2	99	145	1	2.2	2.7	1	0	3	5	
2026-04-15 20:10:00	57.33429	17.85678	12	11	0	1	480	0	0	0.016	13.1	7	4.039	7.7	1020.9	4.2	99	140	1	1.9	2.5	1	0	3	5	
2026-04-15 20:20:00	57.33423	17.85438	11	12	0	2	480	0	0	0.014	13.1	7	4.039	7.7	1020.9	4.2	99	115	1	1.9	2.2	1	0	3	5	
2026-04-15 20:30:00	57.33552	17.85519	11	13	0	2	480	0	0	0.016	13.1	7	4.046	7.7	1021	4.2	99	120	1	1.8	2.2	1	0	3	5	
2026-04-15 20:40:00	57.33504	17.85318	12	14	0	2	480	0	0	0.016	13.1	7	4.042	7.7	1021	4.2	99	85	1	1	1.6	1	0	3	5	
2026-04-15 20:50:00	57.33603	17.85246	11	15	0	1	480	0	0	0.014	13.1	7	4.056	7.7	1020.9	4.3	99	210	1	1	1.5	1	0	3	5	
2026-04-15 21:00:00	57.33651	17.85099	12	16	0	1	480	0	0	0.016	13.1	7	4.058	7.7	1020.8	4.2	99	255	1	1.2	1.3	1	0	3	5	
2026-04-15 21:10:00	57.3372	17.85093	12	17	0	2	480	0	0	0.014	13.1	7	4.06	7.7	1020.9	4.3	99	40	1	0.8	1.1	1	0	3	5	
2026-04-15 21:20:00	57.33744	17.84964	11	18	0	1	480	0	0	0.014	13.1	7	4.059	7.7	1021	4.3	99	95	1	0.2	0.5	1	0	3	5	
2026-04-15 21:30:00	57.33816	17.84844	11	19	0	1	480	0	0	0.014	13.1	7	4.067	7.7	1021	4.2	99	70	1	1.3	1.6	1	0	3	5	
2026-04-15 21:40:00	57.33771	17.84805	12	20	0	1	480	0	0	0.014	13.1	7	4.05	7.7	1020.9	4.2	99	60	1	1.8	2.2	1	0	3	5	
2026-04-15 22:10:00	57.33618	17.8488	14	23	0	3	490	0	0	0.016	13.1	8	3.997	7.7	1020.8	4.1	99	130	1	1.2	1.5	1	0	3	5	
2026-04-15 22:20:00	57.33567	17.84682	14	24	0	1	490	0	0	0.014	13.1	7	3.998	7.7	1020.9	4.1	99	120	1	1.1	1.5	1	0	3	5	
2026-04-15 22:30:00	57.33669	17.84589	14	25	0	2	490	0	0	0.016	13.1	7	3.994	7.7	1020.9	4.3	99	120	1	1.8	2.2	1	0	3	5	
2026-04-15 22:40:00	57.33759	17.84712	13	26	0	2	490	0	0	0.016	13.1	7	3.996	7.69	1020.8	4.3	99	145	1	0.7	1	1	0	3	5	
2026-04-15 22:50:00	57.33819	17.84778	14	27	0	2	490	0	0	0.016	13.1	7	3.99	7.69	1020.8	4.3	99	165	1	0.6	0.9	1	0	3	5	
2026-04-15 23:10:00	57.33894	17.84529	15	29	0	3	490	0	0	0.014	13.1	7	3.995	7.69	1020.8	4	99	40	1	0.9	1.1	1	0	3	5	
2026-04-15 23:20:00	57.33867	17.84424	13	30	0	1	520	0	0	0.014	13.1	7	3.971	7.68	1020.8	3.9	99	25	1	0.6	0.9	1	0	3	5	
2026-04-15 23:30:00	57.33888	17.84298	12	31	0	1	480	0	0	0.016	13.1	7	3.979	7.68	1020.8	3.8	99	40	1	1.2	1.6	1	0	3	5	
2026-04-15 23:40:00	57.33843	17.84289	12	32	0	1	480	0	0	0.014	13.1	7	4.163	7.75	1020.7	4	99	40	1	1.7	2.3	1	0	3	5	
2026-04-15 23:50:00	57.33879	17.84331	11	33	0	1	480	0	0	0.014	13.1	7	4.236	7.77	1020.7	4.1	99	35	1	2	2.5	1	0	3	5	
2026-04-16 00:00:00	57.33927	17.84349	11	34	0	1	480	0	0	0.014	13.1	7	4.102	7.72	1020.7	4.3	99	30	1	3.1	3.6	1	0	3	5	
2026-04-16 00:10:00	57.34104	17.84064	11	35	0	1	480	0	0	0.016	13.1	7	4.209	7.76	1020.6	4.4	99	40	1	2.5	2.9	1	0	3	5	
2026-04-16 00:20:00	57.33921	17.83833	12	36	0	1	480	0	0	0.016	13	7	4.002	7.7	1020.5	4.3	99	45	1	2.8	3.3	1	0	3	5	
2026-04-16 00:30:00	57.33963	17.83233	11	37	0	1	480	0	0	0.016	13	7	4.028	7.71	1020.5	4.3	99	55	1	2.1	2.5	1	0	3	5	
2026-04-16 00:40:00	57.33855	17.83242	13	38	0	1	480	0	0	0.014	13	7	4.001	7.72	1020.5	4.3	99	65	1	3	3.6	1	0	3	5	
2026-04-16 00:50:00	57.33756	17.83317	12	39	0	1	480	0	0	0.014	13	7	4.231	7.79	1020.4	4	100	100	1	2.1	2.8	1	0	3	5	
2026-04-16 01:00:00	57.33666	17.83368	13	40	0	1	490	0	0	0.014	13	7	4.307	7.81	1020.4	3.7	100	90	1	2.5	3.3	1	0	3	5	
2026-04-16 01:10:00	57.33558	17.83419	13	41	0	2	490	0	0	0.016	13	7	4.312	7.81	1020.4	3.7	100	105	1	2.1	2.5	1	0	3	5	
2026-04-16 02:00:00	57.33384	17.83212	40	46	0	3	510	0	0	0.014	13	8	4.326	7.82	1020.6	3.3	100	45	1	2.7	3.1	1	0	3	5	
2026-04-16 02:10:00	57.33336	17.83275	11	47	0	1	480	0	0	0.014	13	7	4.304	7.81	1020.7	3.3	100	75	1	2.6	3.1	1	0	3	5	
2026-04-16 02:20:00	57.33243	17.83356	12	48	0	1	480	0	0	0.014	13	7	4.209	7.79	1020.7	3.3	100	60	1	2.5	3	1	0	3	5	
2026-04-16 02:30:00	57.33159	17.83428	11	49	0	1	480	0	0	0.016	13	7	4.153	7.78	1020.6	3.5	100	60	1	1.9	2.4	1	0	3	5	
2026-04-16 02:40:00	57.33288	17.83242	12	50	0	2	480	0	0	0.016	13	7	4.189	7.79	1020.7	3.8	100	65	1	1.8	2.3	1	0	3	5	
2026-04-16 02:50:00	57.33231	17.83179	12	51	0	1	480	0	0	0.016	13	7	4.15	7.78	1020.7	3.7	100	30	1	0.9	1.6	1	0	3	5	
2026-04-16 03:00:00	57.3318	17.8305	11	52	0	2	480	0	0	0.016	13	7	4.148	7.78	1020.8	3.7	100	305	1	1.3	1.8	1	0	3	5	
2026-04-16 03:10:00	57.33141	17.82861	12	53	0	1	480	0	0	0.014	13	7	4.139	7.78	1020.6	3.7	100	265	1	1	1.5	1	0	3	5	
2026-04-16 03:20:00	57.33213	17.82822	11	54	0	1	480	0	0	0.016	13	7	4.144	7.78	1020.5	3.7	100	330	1	0.7	1.2	1	0	3	5	
2026-04-16 03:30:00	57.33288	17.82816	11	55	0	1	480	0	0	0.016	13	7	4.15	7.78	1020.4	3.9	100	335	1	1.7	2.3	1	0	3	5	
2026-04-16 03:40:00	57.33228	17.83044	12	56	0	1	480	0	0	0.014	13	7	4.184	7.79	1020.6	3.9	100	335	1	1.3	1.7	1	0	3	5	
2026-04-16 03:50:00	57.33189	17.83194	12	57	0	1	480	0	0	0.014	13	7	4.174	7.79	1020.7	4	100	10	1	1.7	2	1	0	3	5	
2026-04-16 04:00:00	57.33096	17.8329	12	58	0	1	480	0	0	0.014	13	7	4.184	7.79	1020.6	4	100	0	1	2	2.3	1	0	3	5	
2026-04-16 04:10:00	57.32958	17.83293	13	59	0	1	490	0	0	0.014	13	7	4.216	7.8	1020.6	4	100	345	1	2.7	3.4	1	0	3	5	
2026-04-16 04:20:00	57.32781	17.82996	15	0	0	1	490	0	0	0.016	13	7	4.201	7.8	1020.5	3.9	100	335	1	2.1	2.7	1	0	3	5	
2026-04-16 04:30:00	57.32691	17.83428	12	1	0	3	490	0	0	0.016	13	8	4.224	7.8	1020.4	3.9	100	340	1	2.6	3	1	0	3	5	
2026-04-16 04:40:00	57.32835	17.83749	12	2	0	1	490	0	0	0.016	13	7	4.187	7.79	1020.4	3.8	100	345	1	3	3.8	1	0	3	5	
2026-04-16 04:50:00	57.33003	17.84046	13	3	0	3	490	0	0	0.014	13	8	4.184	7.79	1020.5	3.7	100	350	1	2.9	3.3	1	0	3	5	
2026-04-16 05:00:00	57.33144	17.84439	41	4	0	1	510	0	0	0.014	13	8	4.178	7.79	1020.6	3.6	100	335	1	3	3.6	1	0	3	5	
2026-04-16 05:10:00	57.33312	17.8476	11	5	0	1	480	0	0	0.016	13	7	4.176	7.79	1020.5	3.7	100	330	1	2.7	3.3	1	0	3	5	
2026-04-16 05:20:00	57.33519	17.85114	11	6	0	2	480	0	0	0.016	13	7	4.163	7.79	1020.4	3.5	100	335	1	3.4	4	1	0	3	5	
2026-04-16 05:40:00	57.33492	17.85366	11	8	0	3	480	0	0	0.016	13	8	4.195	7.78	1020.4	3.5	100	320	1	3	4	1	0	3	5	
2026-04-16 05:50:00	57.33663	17.85702	11	9	0	3	480	0	0	0.014	13	8	4.159	7.77	1020.5	3.5	100	330	1	3	3.8	1	0	3	5	
2026-04-16 06:00:00	57.33729	17.8551	12	10	0	1	480	0	0	0.014	13	7	4.21	7.79	1020.5	3.5	100	330	1	3.6	4.3	1	0	3	5	
2026-04-16 06:10:00	57.33846	17.85243	12	11	0	1	480	0	0	0.014	13	7	4.177	7.79	1020.4	3.5	100	325	1	2.7	3.4	1	0	3	5	
2026-04-16 06:20:00	57.33759	17.85705	12	12	0	1	480	0	0	0.014	13	7	4.147	7.76	1020.4	3.5	100	325	1	3.3	3.9	1	0	3	5	
2026-04-16 06:30:00	57.33552	17.85657	12	13	0	1	480	0	0	0.014	13	7	4.129	7.76	1020.6	3.4	100	330	1	3.8	4.9	1	0	3	5	
2026-04-16 06:40:00	57.33582	17.85417	12	14	0	1	480	0	0	0.016	13	7	4.123	7.76	1020.8	3.3	100	335	1	3.6	4.6	1	0	3	5	
2026-04-16 06:50:00	57.33675	17.85789	12	15	0	1	480	0	0	0.014	13	7	4.127	7.76	1020.7	3.2	100	320	1	4.3	5.6	1	0	3	5	
2026-04-16 07:00:00	57.33708	17.85585	13	16	0	1	490	0	0	0.014	13	7	4.135	7.76	1020.5	3.1	100	315	1	4	4.9	1	0	3	5	
2026-04-16 07:10:00	57.33774	17.85288	13	17	0	1	490	0	0	0.014	13.1	7	4.196	7.79	1020.5	3	100	305	1	3.2	4.4	1	0	3	5	
2026-04-16 07:20:00	57.33825	17.85927	14	18	0	2	520	0	0	0.016	13.1	7	4.123	7.76	1020.5	3.1	100	305	1	3.5	4.5	1	0	3	5	
2026-04-16 07:30:00	57.33483	17.86032	12	19	0	1	480	0	0	0.016	13.1	7	4.185	7.77	1020.6	3.1	100	320	1	3.8	4.8	1	0	3	5	
2026-04-16 07:40:00	57.3339	17.85771	12	20	0	1	480	0	0	0.014	13.1	7	4.183	7.77	1020.6	3.1	100	320	1	3.4	4.2	1	0	3	5	
2026-04-16 07:50:00	57.3357	17.86047	12	21	0	2	480	0	0	0.016	13.1	7	4.168	7.77	1020.4	3.2	100	305	1	4.1	5.3	1	0	3	5	
2026-04-16 08:00:00	57.33543	17.85837	11	22	0	2	480	0	0	0.014	13.1	7	4.167	7.77	1020.3	3.3	100	300	1	3.5	4.3	1	0	3	5	
2026-04-16 08:10:00	57.33525	17.85648	12	23	0	1	480	0	0	0.014	13.1	7	4.167	7.77	1020.3	3.3	100	295	1	3.4	4	1	0	3	5	
2026-04-16 08:30:00	57.33627	17.85651	12	25	0	0	480	0	0	0.014	13.2	8	4.164	7.77	1020.2	3.4	100	300	1	3.7	4.6	1	0	3	5	
2026-04-16 08:40:00	57.33579	17.8548	12	26	0	1	480	0	0	0.014	13.3	8	4.174	7.77	1020.3	3.6	100	310	1	3.6	4.4	1	0	3	5	
2026-04-16 08:50:00	57.33522	17.85147	12	27	0	1	480	0	0	0.016	13.3	8	4.184	7.77	1020.3	3.7	100	315	1	4.1	5.1	1	0	3	5	
2026-04-16 09:00:00	57.33456	17.85885	12	28	0	1	480	0	0	0.014	13.2	8	4.332	7.81	1020.5	3.6	100	305	1	4.1	4.9	1	0	3	5	
2026-04-16 09:10:00	57.33633	17.8626	12	29	0	1	490	0	0	0.014	13.3	8	4.386	7.81	1020.4	3.6	100	315	1	3.7	4.5	1	0	3	5	
2026-04-16 09:20:00	57.33594	17.86068	12	30	0	1	480	0	0	0.014	13.3	8	4.33	7.8	1020.4	3.7	100	315	1	3.8	4.6	1	0	3	5	
2026-04-16 09:30:00	57.33525	17.85837	12	31	0	1	480	0	0	0.014	13.3	8	4.373	7.81	1020.4	3.6	100	315	1	4.1	5.2	1	0	3	5	
2026-04-16 09:40:00	57.33465	17.85537	12	32	0	1	480	0	0	0.016	13.3	8	4.438	7.83	1020.4	3.6	100	295	1	3.6	4.3	1	0	3	5	
2026-04-16 10:00:00	57.33522	17.85528	40	34	0	3	510	0	0	0.016	13.4	8	4.454	7.83	1020.5	3.6	99	295	1	3.7	5.5	1	0	3	5	
2026-04-16 10:10:00	57.33444	17.85324	12	35	0	2	480	0	0	0.014	13.4	8	4.491	7.83	1020.6	3.6	99	295	1	4.2	5	1	0	3	5	
2026-04-16 10:30:00	57.33477	17.85339	12	37	0	3	480	0	0	0.014	13.4	8	4.482	7.84	1020.6	3.5	99	285	1	3.7	4.8	1	0	3	5	
2026-04-16 10:40:00	57.3366	17.85522	12	38	0	3	480	0	0	0.014	13.5	8	4.397	7.82	1020.5	3.7	99	290	1	4.2	5.1	1	0	3	5	
2026-04-16 10:50:00	57.3354	17.85405	12	39	0	1	480	0	0	0.014	13.4	8	4.465	7.82	1020.5	3.6	99	285	1	3.9	4.9	1	0	3	5	
2026-04-16 11:00:00	57.33378	17.85267	12	40	0	1	480	0	0	0.014	13.4	8	4.52	7.84	1020.6	3.8	99	305	1	3.5	4.2	1	0	3	5	
2026-04-16 11:10:00	57.33519	17.85471	12	41	0	1	480	0	0	0.014	13.5	8	4.508	7.84	1020.5	3.8	98	310	1	4.1	4.9	1	0	3	5	
2026-04-16 11:20:00	57.3345	17.853	12	42	0	1	480	0	0	0.014	13.5	8	4.463	7.84	1020.4	3.9	98	300	1	3.7	4.9	1	0	3	5	
2026-04-16 11:30:00	57.33603	17.85555	12	43	0	1	480	0	0	0.014	13.5	8	4.51	7.85	1020.4	4.1	98	305	1	3.7	4.7	1	0	3	5	
2026-04-16 11:40:00	57.3351	17.85381	11	44	0	1	480	0	0	0.014	13.4	9	4.451	7.83	1020.4	4.2	97	290	1	4	5.1	1	0	3	5	
2026-04-16 11:50:00	57.33684	17.8554	12	45	0	1	480	0	0	0.014	13.6	8	4.448	7.83	1020.4	4.3	97	295	1	4.2	5.1	1	0	3	5	
2026-04-16 12:00:00	57.33597	17.85324	12	46	0	1	480	0	0	0.014	13.5	8	4.456	7.83	1020.4	4.3	96	310	1	4.1	5.1	1	0	3	5	
2026-04-16 12:10:00	57.33516	17.84979	12	47	0	1	480	0	0	0.014	13.5	8	4.426	7.83	1020.4	4.3	96	320	1	4.2	5.2	1	0	3	5	
2026-04-16 12:20:00	57.33441	17.85708	12	48	0	1	480	0	0	0.014	13.6	8	4.601	7.86	1020.4	4.3	96	310	1	4.3	5.4	1	0	3	5	
2026-04-16 12:30:00	57.33615	17.8602	37	49	0	1	510	0	0	0.014	13.6	9	4.61	7.86	1020.4	4.4	97	335	1	4.1	5.3	1	0	3	5	
2026-04-16 12:40:00	57.33576	17.85657	12	50	0	1	480	0	0	0.014	13.5	9	4.54	7.85	1020.5	4.4	96	340	1	4.4	5.5	1	0	3	5	
2026-04-16 12:50:00	57.33594	17.85207	12	51	0	1	480	0	0	0.014	13.5	9	4.432	7.82	1020.5	4.3	96	340	1	4	5.2	1	0	3	5	
2026-04-16 13:00:00	57.33705	17.85711	11	52	0	1	480	0	0	0.014	13.5	9	4.544	7.85	1020.3	4.4	96	340	1	4.1	5.1	1	0	3	5	
2026-04-16 13:10:00	57.33693	17.85465	12	53	0	1	480	0	0	0.014	13.5	8	4.457	7.83	1020.4	4.4	96	330	1	3.5	4.9	1	0	3	5	
2026-04-16 13:20:00	57.3372	17.85096	12	54	0	1	480	0	0	0.014	13.4	8	4.434	7.82	1020.4	4.4	96	335	1	3.6	4.4	1	0	3	5	
2026-04-16 13:30:00	57.33477	17.85528	12	55	0	1	480	0	0	0.014	13.5	8	4.547	7.85	1020.4	4.5	96	330	1	3.7	4.8	1	0	3	5	
2026-04-16 13:40:00	57.33537	17.8584	13	56	0	1	490	0	0	0.014	13.5	9	4.594	7.86	1020.4	4.5	96	335	1	3.9	4.6	1	0	3	5	
2026-04-16 13:50:00	57.33504	17.85507	12	57	0	1	480	0	0	0.014	13.4	9	4.534	7.85	1020.3	4.5	96	340	1	3.6	4.4	1	0	3	5	
2026-04-16 14:00:00	57.3354	17.85735	12	58	0	1	480	0	0	0.014	13.5	9	4.601	7.86	1020.2	4.5	96	345	1	4	5	1	0	3	5	
2026-04-16 14:10:00	57.33639	17.86101	13	59	0	1	490	0	0	0.016	13.5	9	4.611	7.85	1020.3	4.5	96	350	1	3.9	4.5	1	0	3	5	
2026-04-16 14:20:00	57.33672	17.85789	14	0	0	2	490	0	0	0.014	13.5	9	4.598	7.86	1020.3	4.5	96	345	1	4.2	5	1	0	3	5	
2026-04-16 14:30:00	57.33702	17.85432	41	1	0	1	510	0	0	0.014	13.4	9	4.465	7.83	1020.3	4.5	96	335	1	3.7	4.5	1	0	3	5	
2026-04-16 14:40:00	57.33774	17.85726	11	2	0	1	480	0	0	0.014	13.5	9	4.557	7.85	1020.3	4.6	96	345	1	3.3	3.9	1	0	3	5	
2026-04-16 14:50:00	57.33525	17.85405	11	3	0	2	180	0	0	0.014	13.5	9	4.511	7.84	1020.2	4.6	96	340	1	3.7	4.4	1	1	3	0	
2026-04-16 14:55:00	57.3354	17.85579	12	4	0	2	480	0	0	0.014	13.5	8	4.534	7.84	1020.1	4.7	95	330	1	3.5	4.4	1	0	3	5	
2026-04-16 15:05:00	57.33576	17.85579	11	5	0	1	480	0	0	0.014	13.4	9	4.542	7.84	1020.2	4.7	95	345	1	3.5	4.4	1	0	3	5	
2026-04-16 15:15:00	57.33603	17.85585	11	6	0	1	480	0	0	0.016	13.5	8	4.558	7.85	1020	4.7	95	340	1	3.7	4.5	1	0	3	5	
2026-04-16 15:25:00	57.33657	17.8563	11	7	0	1	480	0	0	0.014	13.4	8	4.554	7.84	1020.1	4.7	95	345	1	3.6	4.5	1	0	3	5	
2026-04-16 15:35:00	57.33699	17.85567	12	8	0	1	480	0	0	0.014	13.4	8	4.532	7.84	1020.1	4.7	95	340	1	3.6	4.4	1	0	3	5	
2026-04-16 15:45:00	57.33642	17.8557	11	9	0	1	480	0	0	0.014	13.4	8	4.538	7.85	1020.1	4.7	95	345	1	3.5	4.3	1	0	3	5	
2026-04-16 15:55:00	57.3348	17.85576	12	10	0	1	480	0	0	0.014	13.4	8	4.567	7.85	1020.2	4.8	95	330	1	3.5	4.3	1	0	3	5	
2026-04-16 16:05:00	57.336	17.85822	12	11	0	1	480	0	0	0.014	13.4	8	4.528	7.83	1020.2	5	94	340	1	3.3	4.3	1	0	3	5	
2026-04-16 16:15:00	57.33645	17.85864	12	12	0	1	480	0	0	0.014	13.4	8	4.512	7.83	1020.1	4.9	94	340	1	3.6	4.2	1	0	3	5	
2026-04-16 16:25:00	57.3369	17.85537	12	13	0	1	480	0	0	0.014	13.3	8	4.544	7.85	1020.1	4.9	94	345	1	3.1	3.8	1	0	3	5	
2026-04-16 16:35:00	57.33633	17.85489	12	14	0	1	480	0	0	0.014	13.4	8	4.535	7.85	1020	4.9	94	345	1	3.2	3.8	1	0	3	5	
2026-04-16 16:45:00	57.33489	17.85882	12	15	0	1	480	0	0	0.014	13.3	8	4.403	7.81	1020	4.9	94	345	1	2.7	3.5	1	0	3	5	
2026-04-16 16:55:00	57.33528	17.85861	12	16	0	1	480	0	0	0.014	13.3	8	4.395	7.81	1019.9	5	93	0	1	2.9	3.6	1	0	3	5	
2026-04-16 17:05:00	57.33549	17.85624	12	17	0	1	480	0	0	0.016	13.3	8	4.388	7.81	1019.9	4.9	93	355	1	2.6	3.9	1	0	3	5	
2026-04-16 17:15:00	57.33573	17.85594	11	18	0	2	480	0	0	0.014	13.3	8	4.369	7.8	1019.9	4.9	93	345	1	2.1	3.1	1	0	3	5	
2026-04-16 17:25:00	57.33591	17.85579	12	19	0	1	480	0	0	0.014	13.3	8	4.348	7.79	1019.8	4.9	93	360	1	2.5	3.4	1	0	3	5	
2026-04-16 17:35:00	57.33618	17.85561	13	20	0	1	490	0	0	0.014	13.3	8	4.34	7.79	1019.8	5.1	91	0	1	3.1	3.9	1	0	3	5	
2026-04-16 17:45:00	57.33681	17.85597	16	21	0	1	490	0	0	0.014	13.3	8	4.347	7.79	1019.9	5	91	360	1	2.3	3.1	1	0	3	5	
2026-04-16 17:55:00	57.33723	17.85555	41	22	0	1	510	0	0	0.014	13.3	8	4.347	7.8	1019.9	4.6	94	295	1	2.2	3	1	0	3	5	
2026-04-16 18:15:00	57.33813	17.85675	12	24	0	3	480	0	0	0.016	13.3	8	4.331	7.79	1020.2	4.9	91	355	1	3.4	4.3	1	0	3	5	
2026-04-16 18:25:00	57.33684	17.85366	12	25	0	2	480	0	0	0.014	13.3	7	4.281	7.78	1020.3	4.9	91	310	1	2.5	3.3	1	0	3	5	
2026-04-16 18:35:00	57.33708	17.8527	12	26	0	2	480	0	0	0.016	13.3	7	4.269	7.77	1020.4	4.9	91	320	1	2.6	3.3	1	0	3	5	
2026-04-16 18:55:00	57.339	17.85675	12	28	0	3	480	0	0	0.016	13.2	8	4.302	7.78	1020.5	4.7	93	310	1	2.3	2.8	1	0	3	5	
2026-04-16 19:05:00	57.33924	17.85504	13	29	0	2	490	0	0	0.016	13.2	7	4.292	7.78	1020.6	4.9	90	315	1	3.3	4.3	1	0	3	5	
2026-04-16 19:15:00	57.33999	17.85492	12	30	0	2	480	0	0	0.014	13.3	7	4.273	7.77	1020.6	5.2	88	330	1	2.8	3.7	1	0	3	5	
2026-04-16 19:25:00	57.34098	17.85573	13	31	0	1	490	0	0	0.014	13.3	7	4.283	7.77	1020.7	4.6	93	305	1	2	2.9	1	0	3	5	
2026-04-16 19:35:00	57.34095	17.8536	12	32	0	1	480	0	0	0.014	13.2	7	4.249	7.76	1020.8	4.8	92	335	1	3.1	3.8	1	0	3	5	
2026-04-16 19:45:00	57.34146	17.85264	14	33	0	1	490	0	0	0.016	13.2	7	4.25	7.78	1020.8	4.8	91	330	1	3	3.8	1	0	3	5	
2026-04-16 19:55:00	57.34215	17.85255	12	34	0	1	520	0	0	0.014	13.2	7	4.254	7.78	1020.8	4.7	91	340	1	2.9	3.8	1	0	3	5	
2026-04-16 20:05:00	57.34281	17.85192	12	35	0	1	480	0	0	0.016	13.2	7	4.25	7.78	1020.8	4.5	95	310	1	2.6	3.4	1	0	3	5	
2026-04-16 20:15:00	57.34362	17.85204	12	36	0	1	480	0	0	0.016	13.2	7	4.248	7.77	1020.9	4.4	95	320	1	1.9	2.7	1	0	3	5	
2026-04-16 20:25:00	57.34422	17.85141	11	37	0	1	480	0	0	0.014	13.2	7	4.247	7.77	1021	4.3	96	300	1	2.9	3.5	1	0	3	5	
2026-04-16 20:35:00	57.34509	17.85171	12	38	0	1	480	0	0	0.014	13.2	7	4.239	7.77	1021	4.4	95	320	1	2.7	3.8	1	0	3	5	
2026-04-16 20:55:00	57.34689	17.85171	12	40	0	3	480	0	0	0.016	13.2	7	4.252	7.78	1020.9	4.4	95	320	1	3.2	3.9	1	0	3	5	
2026-04-16 21:05:00	57.3474	17.8494	11	41	0	2	480	0	0	0.014	13.2	7	4.281	7.78	1021.1	4.4	95	325	1	3.6	4.4	1	0	3	5	
2026-04-16 21:35:00	57.3498	17.84727	11	44	0	3	480	0	0	0.014	13.2	7	4.268	7.79	1021	4.6	92	345	1	3.4	4.2	1	0	3	5	
2026-04-16 22:05:00	57.35256	17.84673	13	47	0	3	520	0	0	0.014	13.2	7	4.222	7.78	1021	4.4	93	315	1	2.3	3	1	0	3	5	
2026-04-16 22:15:00	57.35283	17.84517	12	48	0	1	480	0	0	0.014	13.2	7	4.1	7.75	1021	4.4	94	320	1	2.4	3.4	1	0	3	5	
2026-04-16 22:25:00	57.35346	17.8455	12	49	0	2	480	0	0	0.016	13.2	7	4.074	7.74	1021.1	4.4	94	315	1	2.9	3.7	1	0	3	5	
2026-04-16 22:35:00	57.354	17.84598	12	50	0	1	480	0	0	0.014	13.2	7	4.072	7.74	1021	4.5	93	315	1	2.8	3.4	1	0	3	5	
2026-04-16 22:55:00	57.35526	17.84706	12	52	0	3	480	0	0	0.014	13.2	7	4.035	7.74	1021	4.5	93	295	1	3.5	4.4	1	0	3	5	
2026-04-16 23:05:00	57.35481	17.84484	12	53	0	1	480	0	0	0.014	13.2	7	4.03	7.73	1020.9	4.5	93	305	1	3.6	4.6	1	0	3	5	
2026-04-16 23:15:00	57.35514	17.84466	12	54	0	1	480	0	0	0.014	13.2	7	4.044	7.73	1020.9	4.4	95	295	1	3.5	4.2	1	0	3	5	
2026-04-16 23:25:00	57.35625	17.84586	12	55	0	1	480	0	0	0.014	13.2	7	4.048	7.73	1020.9	4.4	94	305	1	3.9	5	1	0	3	5	
2026-04-16 23:35:00	57.35595	17.84379	12	56	0	1	480	0	0	0.014	13.2	7	4.078	7.74	1020.9	4.5	94	310	1	3.6	4.6	1	0	3	5	
2026-04-16 23:45:00	57.35646	17.84442	12	57	0	1	480	0	0	0.014	13.2	7	4.079	7.73	1020.9	4.6	93	310	1	3.8	4.9	1	0	3	5	
2026-04-16 23:55:00	57.35709	17.84496	12	58	0	1	480	0	0	0.016	13.2	7	4.096	7.74	1021	4.7	92	325	1	3.8	4.7	1	0	3	5	
2026-04-17 00:05:00	57.35724	17.84193	12	59	0	1	480	0	0	0.016	13.2	7	4.124	7.74	1021	4.7	93	325	1	3.2	4.4	1	0	3	5	
2026-04-17 00:15:00	57.35769	17.84337	11	0	0	1	480	0	0	0.014	13.2	7	4.121	7.74	1021.1	4.6	93	325	1	3.4	4.2	1	0	3	5	
2026-04-17 00:25:00	57.3582	17.8443	12	1	0	1	480	0	0	0.014	13.2	7	4.119	7.74	1021	4.6	93	335	1	3.4	4.2	1	0	3	5	
2026-04-17 00:35:00	57.3585	17.84268	13	2	0	1	480	0	0	0.014	13.2	7	4.133	7.74	1021	4.6	93	330	1	3	3.6	1	0	3	5	
2026-04-17 00:45:00	57.35898	17.84118	11	3	0	2	480	0	0	0.016	13.2	7	4.164	7.75	1021.1	4.6	94	330	1	2.7	3.5	1	0	3	5	
2026-04-17 00:55:00	57.35958	17.83995	11	4	0	3	500	0	0	0.016	13.2	7	4.18	7.75	1021.1	4.6	94	345	1	3.1	4.1	1	0	3	5	
2026-04-17 01:15:00	57.36018	17.84256	12	6	0	3	480	0	0	0.014	13.2	7	4.181	7.76	1021.1	4.5	94	300	1	2.9	3.5	1	0	3	5	
2026-04-17 01:25:00	57.36009	17.84178	12	7	0	3	480	0	0	0.014	13.2	7	4.189	7.76	1021	4.5	94	310	1	3	3.7	1	0	3	5	
2026-04-17 01:35:00	57.35994	17.84067	13	8	0	1	490	0	0	0.014	13.2	7	4.191	7.76	1021.1	4.6	94	310	1	3	4	1	0	3	5	
2026-04-17 01:55:00	57.36102	17.84238	12	10	0	3	490	0	0	0.016	13.2	8	4.19	7.75	1021.1	4.6	94	310	1	3.1	3.8	1	0	3	5	
2026-04-17 02:05:00	57.36084	17.8407	12	11	0	1	490	0	0	0.016	13.2	7	4.201	7.76	1021.1	4.7	94	320	1	2.8	3.6	1	0	3	5	
2026-04-17 02:15:00	57.36108	17.84088	13	12	0	1	490	0	0	0.016	13.2	7	4.203	7.76	1021.2	4.7	94	295	1	2.9	3.8	1	0	3	5	
2026-04-17 02:25:00	57.36168	17.84187	13	13	0	1	490	0	0	0.016	13.2	7	4.194	7.76	1021.2	4.7	94	310	1	3.7	4.3	1	0	3	5	
2026-04-17 02:35:00	57.36138	17.8395	12	14	0	1	480	0	0	0.016	13.2	7	4.187	7.76	1021.2	4.7	94	315	1	3.6	4.7	1	0	3	5	
2026-04-17 02:45:00	57.36153	17.83929	15	15	0	1	490	0	0	0.014	13.1	7	4.198	7.77	1021.3	4.7	93	315	1	3.2	4.2	1	0	3	5	
2026-04-17 02:55:00	57.36297	17.84136	13	16	0	1	490	0	0	0.014	13.2	7	4.173	7.76	1021.3	4.8	92	315	1	3.9	4.7	1	0	3	5	
2026-04-17 03:05:00	57.36363	17.84172	12	17	0	1	480	0	0	0.014	13.1	7	4.147	7.75	1021.2	4.9	91	325	1	4.4	5.3	1	0	3	5	
2026-04-17 03:15:00	57.36351	17.83872	14	18	0	1	490	0	0	0.014	13.1	7	4.122	7.74	1021.3	4.9	91	315	1	4.2	5.3	1	0	3	5	
2026-04-17 03:25:00	57.36396	17.83914	21	19	0	1	530	0	0	0.016	13.1	7	4.11	7.74	1021.2	4.9	91	325	1	4.1	5	1	0	3	5	
2026-04-17 03:35:00	57.36462	17.83974	11	20	0	1	480	0	0	0.014	13.1	7	4.122	7.75	1021.3	4.9	91	315	1	4.1	5.5	1	0	3	5	
2026-04-17 03:45:00	57.36438	17.83734	11	21	0	1	480	0	0	0.014	13.1	7	4.127	7.75	1021.3	4.7	92	320	1	4.1	5.7	1	0	3	5	
2026-04-17 03:55:00	57.36459	17.83704	12	22	0	1	480	0	0	0.014	13.1	7	4.132	7.75	1021.3	4.7	92	315	1	4.3	5.3	1	0	3	5	
2026-04-17 04:05:00	57.36513	17.83755	12	23	0	1	480	0	0	0.016	13.1	7	4.15	7.76	1021.3	4.7	92	320	1	4.4	5.3	1	0	3	5	
2026-04-17 04:15:00	57.36531	17.8377	12	24	0	1	480	0	0	0.016	13.1	7	4.149	7.75	1021.4	4.7	92	320	1	4	5	1	0	3	5	
2026-04-17 04:25:00	57.36597	17.83812	12	25	0	1	490	0	0	0.014	13.1	7	4.16	7.76	1021.5	4.7	92	325	1	4.4	5.7	1	0	3	5	
2026-04-17 04:35:00	57.36624	17.8377	13	26	0	1	490	0	0	0.016	13.1	7	4.161	7.75	1021.6	4.7	92	325	1	3.9	4.8	1	0	3	5	
2026-04-17 04:45:00	57.36672	17.83794	12	27	0	1	480	0	0	0.016	13.1	7	4.176	7.76	1021.8	4.8	92	325	1	3.7	4.8	1	0	3	5	
2026-04-17 04:55:00	57.36693	17.83776	13	28	0	3	480	0	0	0.016	13.1	7	4.186	7.77	1021.8	4.9	90	325	1	4	5	1	0	3	5	
2026-04-17 05:05:00	57.36744	17.83773	12	29	0	1	480	0	0	0.016	13.1	7	4.185	7.77	1021.9	4.9	90	325	1	4	5	1	0	3	5	
2026-04-17 05:15:00	57.36777	17.83737	12	30	0	1	480	0	0	0.016	13.1	7	4.199	7.77	1022	5	89	325	1	4	4.9	1	0	3	5	
2026-04-17 05:25:00	57.36858	17.83851	12	31	0	1	480	0	0	0.016	13.1	7	4.199	7.77	1021.9	5	89	330	1	4.7	5.8	1	0	3	5	
2026-04-17 05:35:00	57.3684	17.83515	12	32	0	2	480	0	0	0.016	13.2	7	4.266	7.79	1022	5.2	88	325	1	4	5.4	1	0	3	5	
2026-04-17 05:45:00	57.36882	17.83527	12	33	0	2	490	0	0	0.014	13.2	7	4.271	7.79	1022.1	5.3	87	330	1	3.7	5	1	0	3	5	
2026-04-17 05:55:00	57.36939	17.83638	12	34	0	1	510	0	0	0.016	13.2	7	4.296	7.79	1022.1	5.2	88	335	1	3.6	4.5	1	0	3	5	
2026-04-17 06:05:00	57.36945	17.83353	11	35	0	2	480	0	0	0.014	13.3	8	4.298	7.79	1022.1	5.3	87	340	1	3.6	4.7	1	0	3	5	
2026-04-17 06:15:00	57.36981	17.83314	12	36	0	1	480	0	0	0.014	13.3	8	4.329	7.8	1022.1	5.2	87	340	1	4.4	5.5	1	0	3	5	
2026-04-17 06:25:00	57.37023	17.83314	12	37	0	3	480	0	0	0.014	13.2	8	4.315	7.79	1022.3	5.2	88	340	1	4	4.8	1	0	3	5	
2026-04-17 06:35:00	57.37053	17.83287	12	38	0	1	480	0	0	0.014	13.3	8	4.326	7.8	1022.3	5	89	335	1	4.1	5.1	1	0	3	5	
2026-04-17 06:45:00	57.37173	17.83626	12	39	0	3	480	0	0	0.016	13.3	8	4.305	7.79	1022.3	5.1	89	330	1	3.8	5.3	1	0	3	5	
2026-04-17 06:55:00	57.37125	17.83635	12	40	0	1	480	0	0	0.014	13.4	8	4.308	7.79	1022.3	5	90	335	1	3.8	4.9	1	0	3	5	
2026-04-17 07:05:00	57.37128	17.83221	12	41	0	1	480	0	0	0.014	13.4	8	4.334	7.8	1022.3	4.9	90	340	1	4.2	5.3	1	0	3	5	
2026-04-17 07:15:00	57.37173	17.832	12	42	0	3	480	0	0	0.016	13.4	8	4.364	7.8	1022.5	4.8	91	340	1	3.8	4.6	1	0	3	5	
2026-04-17 07:25:00	57.37269	17.83473	12	43	0	1	480	0	0	0.014	13.5	8	4.315	7.8	1022.5	4.9	91	340	1	3.8	4.9	1	0	3	5	
2026-04-17 07:35:00	57.37326	17.83509	12	44	0	1	480	0	0	0.014	13.5	8	4.336	7.8	1022.7	4.9	91	335	1	3.6	4.8	1	0	3	5	
2026-04-17 07:45:00	57.37353	17.83158	12	45	0	1	480	0	0	0.014	13.5	8	4.401	7.81	1022.9	4.9	91	335	1	3.3	4.4	1	0	3	5	
2026-04-17 07:55:00	57.37392	17.83104	12	46	0	1	480	0	0	0.016	13.5	8	4.417	7.81	1023	4.8	91	335	1	3.8	4.7	1	0	3	5	
2026-04-17 08:05:00	57.3753	17.83386	12	47	0	1	480	0	0	0.014	13.5	8	4.42	7.81	1023	4.9	91	325	1	3.8	4.9	1	0	3	5	
2026-04-17 08:15:00	57.37584	17.83401	12	48	0	1	480	0	0	0.014	13.6	8	4.434	7.82	1023	4.9	91	335	1	4.1	5	1	0	3	5	
2026-04-17 08:25:00	57.37608	17.82978	13	49	0	1	480	0	0	0.014	13.6	8	4.466	7.81	1023.2	4.9	91	345	1	3.9	5	1	0	3	5	
2026-04-17 08:35:00	57.37641	17.82951	12	50	0	1	510	0	0	0.014	13.6	8	4.452	7.82	1023.1	4.9	91	345	1	3.8	4.7	1	0	3	5	
2026-04-17 08:45:00	57.37716	17.82999	11	51	0	1	480	0	0	0.014	13.6	8	4.503	7.82	1023.2	5	90	355	1	3.9	5.1	1	0	3	5	
2026-04-17 08:55:00	57.37755	17.82936	11	52	0	1	480	0	0	0.014	13.6	8	4.5	7.82	1023.3	5	90	350	1	3.3	4.2	1	0	3	5	
2026-04-17 09:05:00	57.37815	17.82951	11	53	0	1	480	0	0	0.014	13.6	8	4.532	7.83	1023.3	5.1	90	355	1	3.8	4.6	1	0	3	5	
2026-04-17 09:15:00	57.37857	17.82879	11	54	0	1	480	0	0	0.014	13.5	8	4.511	7.82	1023.6	5.1	91	345	1	3.1	3.8	1	0	3	5	
2026-04-17 09:25:00	57.37902	17.82843	11	55	0	1	480	0	0	0.014	13.6	8	4.545	7.83	1023.6	5.1	90	350	1	3.4	4.1	1	0	3	5	
2026-04-17 09:35:00	57.37956	17.82831	12	56	0	1	480	0	0	0.014	13.6	9	4.58	7.83	1023.4	5.2	90	340	1	3.5	4.2	1	0	3	5	
2026-04-17 09:45:00	57.37977	17.82828	12	57	0	2	480	0	0	0.014	13.6	9	4.565	7.83	1023.4	5.1	89	335	1	4	4.8	1	0	3	5	
2026-04-17 09:55:00	57.38028	17.82678	11	58	0	2	480	0	0	0.014	13.5	9	4.574	7.82	1023.7	5.1	89	345	1	3.2	4.2	1	0	3	5	
2026-04-17 10:25:00	57.38214	17.82807	13	1	0	3	480	0	0	0.014	13.6	9	4.583	7.82	1023.7	5.2	89	0	1	3.3	4.1	1	0	3	5	
2026-04-17 10:35:00	57.38253	17.82756	12	2	0	3	480	0	0	0.014	13.6	9	4.594	7.83	1023.6	5.2	90	350	1	2.8	4.1	1	0	3	5	
2026-04-17 10:45:00	57.38286	17.82813	12	3	0	1	480	0	0	0.016	13.6	9	4.617	7.83	1023.6	5.2	90	0	1	3.1	3.7	1	0	3	5	
2026-04-17 10:55:00	57.38391	17.82564	12	4	0	1	480	0	0	0.014	13.6	9	4.581	7.81	1023.6	5.1	90	10	1	3	4.2	1	0	3	5	
2026-04-17 11:05:00	57.38418	17.82492	41	5	0	2	510	0	0	0.014	13.5	9	4.581	7.82	1023.6	5.2	90	0	1	3.4	4.1	1	0	3	5	
2026-04-17 11:15:00	57.38478	17.82513	12	6	0	1	480	0	0	0.014	13.6	9	4.587	7.82	1023.7	5.2	90	355	1	3.2	4.2	1	0	3	5	
2026-04-17 11:25:00	57.38541	17.82507	11	7	0	2	480	0	0	0.014	13.5	9	4.616	7.82	1023.7	5.2	90	345	1	3.1	4.1	1	0	3	5	
2026-04-17 11:35:00	57.38598	17.82513	11	8	0	1	480	0	0	0.014	13.5	9	4.596	7.81	1023.6	5.1	92	325	1	3.2	3.9	1	0	3	5	
2026-04-17 11:45:00	57.38658	17.8248	11	9	0	2	480	0	0	0.014	13.5	9	4.6	7.82	1023.7	5.1	91	335	1	3	4	1	0	3	5	
2026-04-17 11:55:00	57.38718	17.82519	11	10	0	1	480	0	0	0.014	13.6	9	4.608	7.82	1023.7	5.2	90	355	1	3.2	4	1	0	3	5	
2026-04-17 12:05:00	57.38775	17.82486	12	11	0	1	480	0	0	0.014	13.6	9	4.62	7.82	1023.8	5.2	90	335	1	2.8	3.8	1	0	3	5	
2026-04-17 12:15:00	57.38814	17.82507	12	12	0	1	480	0	0	0.014	13.5	9	4.621	7.82	1023.8	5.2	91	325	1	2.9	3.7	1	0	3	5	
2026-04-17 12:25:00	57.38868	17.82243	11	13	0	1	480	0	0	0.014	13.5	9	4.606	7.8	1023.8	5	91	330	1	3.1	4.4	1	0	3	5	
2026-04-17 12:35:00	57.38925	17.82201	12	14	0	1	480	0	0	0.014	13.6	9	4.621	7.82	1023.8	5.2	91	345	1	3.1	3.8	1	0	3	5	
2026-04-17 12:45:00	57.38973	17.82135	41	15	0	1	510	0	0	0.014	13.6	9	4.611	7.81	1023.7	5.2	91	340	1	3.4	4	1	0	3	5	
2026-04-17 12:55:00	57.39027	17.82144	12	16	0	1	480	0	0	0.014	13.6	9	4.617	7.81	1023.7	5.2	91	335	1	3.3	4.2	1	0	3	5	
2026-04-17 13:05:00	57.39066	17.82162	12	17	0	1	480	0	0	0.014	13.6	9	4.629	7.82	1023.7	5.2	91	340	1	3.3	4.2	1	0	3	5	
2026-04-17 13:15:00	57.39123	17.82135	12	18	0	1	490	0	0	0.014	13.6	9	4.654	7.82	1023.7	5.4	90	335	1	3.3	4.4	1	0	3	5	
2026-04-17 13:25:00	57.39162	17.82213	12	19	0	1	480	0	0	0.014	13.5	9	4.657	7.82	1023.6	5.3	91	320	1	3.7	4.4	1	0	3	5	
2026-04-17 13:35:00	57.39228	17.82198	12	20	0	1	480	0	0	0.016	13.6	9	4.67	7.82	1023.6	5.2	92	310	1	3.8	4.6	1	0	3	5	
2026-04-17 13:45:00	57.39294	17.82213	12	21	0	1	480	0	0	0.014	13.5	9	4.671	7.82	1023.6	5.1	93	305	1	4.5	5.7	1	0	3	5	
2026-04-17 13:55:00	57.39354	17.82174	12	22	0	2	480	0	0	0.014	13.7	9	4.669	7.82	1023.6	5.1	92	305	1	4.2	5.6	1	0	3	5	
2026-04-17 14:15:00	57.39441	17.81847	13	24	0	3	490	0	0	0.016	13.4	9	4.636	7.81	1023.5	5.2	91	330	1	3.3	4.6	1	0	3	5	
2026-04-17 14:25:00	57.39465	17.81856	13	25	0	1	480	0	0	0.014	13.6	9	4.632	7.81	1023.5	5.2	92	315	1	3.4	4.5	1	0	3	5	
2026-04-17 14:35:00	57.39543	17.81988	13	26	0	1	480	0	0	0.014	13.6	9	4.629	7.81	1023.5	5.1	92	315	1	3.8	4.6	1	0	3	5	
2026-04-17 14:45:00	57.39537	17.81763	12	27	0	1	480	0	0	0.014	13.4	9	4.607	7.8	1023.5	5.2	91	330	1	3.4	4.7	1	0	3	5	
2026-04-17 14:55:00	57.39579	17.81763	12	28	0	1	480	0	0	0.014	13.5	8	4.622	7.8	1023.4	5.3	91	320	1	3.4	4.4	1	0	3	5	
2026-04-17 15:05:00	57.39627	17.81856	12	29	0	1	480	0	0	0.014	13.5	8	4.619	7.8	1023.5	5.2	92	315	1	3.8	4.7	1	0	3	5	
2026-04-17 15:15:00	57.39669	17.81871	12	30	0	1	480	0	0	0.014	13.7	9	4.625	7.8	1023.4	5.3	90	320	1	3.6	4.4	1	0	3	5	
2026-04-17 15:25:00	57.39747	17.81973	12	31	0	1	480	0	0	0.014	13.6	8	4.628	7.8	1023.3	5.2	91	325	1	3.9	4.7	1	0	3	5	
2026-04-17 15:35:00	57.3975	17.81691	12	32	0	1	480	0	0	0.014	13.4	8	4.578	7.78	1023.4	5.2	91	335	1	3.6	4.8	1	0	3	5	
2026-04-17 15:45:00	57.39777	17.81766	12	33	0	1	480	0	0	0.016	13.5	8	4.583	7.78	1023.2	5.3	90	345	1	3.5	4.3	1	0	3	5	
2026-04-17 15:55:00	57.39816	17.81886	41	34	0	1	510	0	0	0.014	13.5	9	4.584	7.78	1023.2	5.4	90	360	1	3.2	4	1	0	3	5	
2026-04-17 16:05:00	57.39903	17.81655	12	35	0	3	480	0	0	0.014	13.4	9	4.56	7.76	1023	5.4	89	10	1	3.2	3.9	1	0	3	5	
2026-04-17 16:15:00	57.40029	17.81478	12	36	0	1	480	0	0	0.014	13.4	8	4.569	7.74	1023.1	5.5	89	0	1	2.6	3.5	1	0	3	5	
2026-04-17 16:25:00	57.40086	17.8155	12	37	0	1	480	0	0	0.014	13.4	8	4.581	7.76	1023.2	5.5	90	315	1	3.2	4.3	1	0	3	5	
2026-04-17 16:35:00	57.40038	17.8167	12	38	0	1	480	0	0	0.014	13.4	8	4.562	7.75	1023.1	5.4	89	325	1	3	3.7	1	0	3	5	
2026-04-17 16:45:00	57.40038	17.81463	12	39	0	1	480	0	0	0.014	13.3	8	4.577	7.75	1023.2	5.3	90	340	1	3.4	4.6	1	0	3	5	
2026-04-17 16:55:00	57.40077	17.81508	12	40	0	1	480	0	0	0.014	13.3	8	4.562	7.75	1023.2	5.5	90	330	1	3	4.1	1	0	3	5	
2026-04-17 17:05:00	57.40119	17.81649	13	41	0	1	480	0	0	0.014	13.3	8	4.57	7.75	1023.2	5.2	91	340	1	3.2	3.8	1	0	3	5	
2026-04-17 17:15:00	57.40158	17.81415	13	42	0	1	490	0	0	0.014	13.3	8	4.536	7.74	1023.2	5.1	92	330	1	3.6	4.5	1	0	3	5	
2026-04-17 17:25:00	57.40185	17.81451	13	43	0	1	480	0	0	0.014	13.2	8	4.539	7.74	1023.2	5.2	91	340	1	3.5	4.1	1	0	3	5	
2026-04-17 17:35:00	57.40218	17.81532	12	44	0	1	490	0	0	0.014	13.2	8	4.531	7.75	1023.2	5	93	340	1	2.8	3.6	1	0	3	5	
2026-04-17 17:45:00	57.4026	17.81259	13	45	0	2	490	0	0	0.016	13.2	8	4.551	7.75	1023.3	5.1	92	345	1	3.2	4	1	0	3	5	
2026-04-17 17:55:00	57.40302	17.81241	12	46	0	1	520	0	0	0.014	13.2	8	4.549	7.75	1023.3	5.2	91	340	1	3.2	3.9	1	0	3	5	
2026-04-17 18:05:00	57.40341	17.81403	12	47	0	1	480	0	0	0.014	13.2	8	4.537	7.75	1023.4	5.4	89	340	1	3.4	4.4	1	0	3	5	
2026-04-17 18:15:00	57.4041	17.81178	12	48	0	1	480	0	0	0.014	13.2	8	4.564	7.75	1023.5	5.4	90	340	1	3.2	4.2	1	0	3	5	
2026-04-17 18:25:00	57.40437	17.81238	11	49	0	2	480	0	0	0.016	13.2	8	4.56	7.74	1023.6	5.5	88	0	1	3	3.9	1	0	3	5	
2026-04-17 18:35:00	57.40488	17.81577	11	50	0	1	480	0	0	0.014	13.2	7	4.51	7.73	1023.6	5.4	88	350	1	3.1	4.1	1	0	3	5	
2026-04-17 18:45:00	57.40536	17.81922	12	51	0	1	480	0	0	0.014	13.2	8	4.536	7.74	1023.7	5.4	89	355	1	2.8	3.9	1	0	3	5	
2026-04-17 18:55:00	57.40572	17.81961	13	52	0	2	490	0	0	0.014	13.2	8	4.531	7.74	1023.8	5.2	91	360	1	2.2	2.8	1	0	3	5	
2026-04-17 19:05:00	57.40641	17.81805	12	53	0	1	480	0	0	0.016	13.2	7	4.469	7.72	1023.9	5.1	92	325	1	2.4	3	1	0	3	5	
2026-04-17 19:15:00	57.40689	17.81619	12	54	0	1	480	0	0	0.014	13.2	7	4.508	7.72	1023.8	5.1	92	350	1	2.5	3.2	1	0	3	5	
2026-04-17 19:45:00	57.40692	17.81154	12	57	0	3	480	0	0	0.016	13.2	8	4.528	7.7	1023.8	5	92	10	1	2.3	2.8	1	0	3	5	
2026-04-17 19:55:00	57.40596	17.8137	13	58	0	1	480	0	0	0.014	13.2	7	4.517	7.71	1023.8	5	92	0	1	2.1	2.7	1	0	3	5	
2026-04-17 20:05:00	57.4065	17.81445	12	59	0	1	480	0	0	0.016	13.2	7	4.511	7.7	1023.8	4.9	93	5	1	2.3	2.7	1	0	3	5	
2026-04-17 20:15:00	57.4074	17.81277	13	0	0	1	490	0	0	0.014	13.2	7	4.482	7.69	1023.8	4.9	93	50	1	2.1	2.7	1	0	3	5	
2026-04-17 20:25:00	57.40734	17.8122	12	1	0	1	520	0	0	0.014	13.2	7	4.491	7.71	1023.8	4.9	94	60	1	1.9	2.5	1	0	3	5	
2026-04-17 20:35:00	57.40569	17.81331	11	2	0	2	480	0	0	0.014	13.2	8	4.515	7.72	1023.8	4.8	94	55	1	2	2.4	1	0	3	5	
2026-04-17 20:45:00	57.40542	17.81508	12	3	0	2	480	0	0	0.014	13.2	7	4.49	7.72	1023.8	4.9	94	60	1	1.8	2.3	1	0	3	5	
2026-04-17 20:55:00	57.40533	17.81661	11	4	0	2	480	0	0	0.014	13.2	7	4.43	7.72	1023.8	4.7	95	85	1	1.1	1.5	1	0	3	5	
2026-04-17 21:05:00	57.40524	17.81721	11	5	0	2	480	0	0	0.014	13.2	7	4.437	7.72	1023.8	4.7	95	50	1	1.8	2.3	1	0	3	5	
2026-04-17 21:15:00	57.40506	17.81805	12	6	0	3	480	0	0	0.016	13.2	7	4.466	7.73	1023.8	4.7	95	60	1	1.4	1.9	1	0	3	5	
2026-04-17 21:25:00	57.40521	17.8188	12	7	0	1	480	0	0	0.014	13.2	7	4.429	7.71	1023.8	4.8	94	70	1	1.2	1.7	1	0	3	5	
2026-04-17 21:35:00	57.40494	17.81919	11	8	0	1	480	0	0	0.016	13.2	7	4.439	7.72	1023.7	4.7	95	65	1	0.5	0.8	1	0	3	5	
2026-04-17 21:45:00	57.40485	17.8182	12	9	0	1	480	0	0	0.014	13.2	7	4.432	7.71	1023.7	4.7	94	40	1	1	1.4	1	0	3	5	
2026-04-17 21:55:00	57.40512	17.81745	11	10	0	1	480	0	0	0.014	13.2	7	4.445	7.71	1023.7	4.6	95	65	1	0.7	1.2	1	0	3	5	
2026-04-17 22:05:00	57.40605	17.81664	12	11	0	2	480	0	0	0.014	13.2	7	4.427	7.71	1023.6	4.5	95	95	1	1.1	1.6	1	0	3	5	
2026-04-17 22:15:00	57.40602	17.81688	11	12	0	1	480	0	0	0.016	13.2	7	4.415	7.71	1023.6	4.5	95	115	1	1	1.3	1	0	3	5	
2026-04-17 22:25:00	57.40662	17.81655	12	13	0	1	480	0	0	0.016	13.2	7	4.388	7.7	1023.5	4.5	95	135	1	0.8	1.2	1	0	3	5	
2026-04-17 22:35:00	57.40779	17.81631	12	14	0	1	490	0	0	0.014	13.2	7	4.414	7.7	1023.5	4.6	94	175	1	1.2	1.7	1	0	3	5	
2026-04-17 22:45:00	57.40947	17.81652	13	15	0	1	490	0	0	0.014	13.2	7	4.413	7.71	1023.6	4.5	94	210	1	1.1	1.4	1	0	3	5	
2026-04-17 23:25:00	57.41238	17.82087	13	19	0	3	480	0	0	0.016	13.2	7	4.382	7.73	1023.8	4.5	96	275	1	3.8	4.4	1	0	3	5	
2026-04-17 23:35:00	57.41145	17.81865	13	20	0	1	490	0	0	0.016	13.2	7	4.417	7.73	1023.8	4.7	95	290	1	2.7	3.2	1	0	3	5	
2026-04-17 23:45:00	57.41121	17.81592	12	21	0	1	490	0	0	0.014	13.2	7	4.427	7.73	1023.8	4.7	95	305	1	2	2.5	1	0	3	5	
2026-04-17 23:55:00	57.4104	17.81439	13	22	0	1	520	0	0	0.016	13.2	7	4.426	7.72	1023.9	4.8	94	320	1	2.4	3	1	0	3	5	
2026-04-18 00:05:00	57.40836	17.81538	11	23	0	1	480	0	0	0.014	13.2	7	4.426	7.73	1023.9	4.8	94	320	1	2.5	3	1	0	3	5	
2026-04-18 00:15:00	57.40629	17.81616	11	24	0	1	480	0	0	0.016	13.2	7	4.436	7.74	1023.8	4.8	95	330	1	2.8	3.5	1	0	3	5	
2026-04-18 00:25:00	57.4059	17.81904	11	25	0	1	480	0	0	0.016	13.2	7	4.451	7.75	1023.8	4.8	94	325	1	2.5	3.3	1	0	3	5	
2026-04-18 00:35:00	57.40683	17.82	12	26	0	1	480	0	0	0.016	13.2	7	4.449	7.75	1023.7	4.8	94	325	1	3.2	3.8	1	0	3	5	
2026-04-18 00:45:00	57.40725	17.81712	11	27	0	1	480	0	0	0.014	13.2	7	4.406	7.72	1023.7	4.8	94	340	1	2.6	3.5	1	0	3	5	
2026-04-18 00:55:00	57.40734	17.81442	12	28	0	2	480	0	0	0.016	13.2	7	4.438	7.72	1023.6	4.8	94	345	1	3.3	3.9	1	0	3	5	
2026-04-18 01:05:00	57.40608	17.81289	12	29	0	1	480	0	0	0.016	13.2	7	4.433	7.71	1023.6	4.7	95	345	1	2.3	2.8	1	0	3	5	
2026-04-18 01:15:00	57.40716	17.81133	12	30	0	1	480	0	0	0.016	13.2	7	4.454	7.71	1023.5	4.7	95	5	1	2.1	2.8	1	0	3	5	
2026-04-18 01:35:00	57.40836	17.80965	12	32	0	3	480	0	0	0.014	13.2	8	4.123	7.63	1023.4	4.7	95	35	1	1.6	2.1	1	0	3	5	
2026-04-18 02:05:00	57.40719	17.81901	12	35	0	3	480	0	0	0.014	13.2	8	4.426	7.71	1023.2	4.7	96	35	1	1.5	1.9	1	0	3	5	
2026-04-18 02:15:00	57.4071	17.82219	12	36	0	1	480	0	0	0.014	13.2	7	4.448	7.72	1023	4.7	96	45	1	1.5	2	1	0	3	5	
2026-04-18 02:25:00	57.40695	17.82285	12	37	0	1	490	0	0	0.016	13.2	7	4.45	7.72	1023	4.7	96	60	1	1.2	1.6	1	0	3	5	
2026-04-18 02:35:00	57.40767	17.82255	14	38	0	1	490	0	0	0.014	13.2	7	4.437	7.71	1023	4.7	96	50	1	1.7	2.1	1	0	3	5	
2026-04-18 02:45:00	57.40641	17.82255	12	39	0	2	490	0	0	0.014	13.2	7	4.459	7.72	1023	4.7	96	40	1	1.5	1.9	1	0	3	5	
2026-04-18 02:55:00	57.40617	17.82255	13	40	0	2	480	0	0	0.016	13.2	7	4.456	7.71	1023	4.7	95	75	1	1.5	2	1	0	3	5	
2026-04-18 03:05:00	57.40716	17.82243	13	41	0	1	490	0	0	0.016	13.2	8	4.438	7.7	1022.9	4.7	96	75	1	1.2	1.6	1	0	3	5	
2026-04-18 03:15:00	57.40725	17.82123	13	42	0	1	490	0	0	0.014	13.2	8	4.466	7.7	1022.9	4.8	95	65	1	1.7	2.3	1	0	3	5	
2026-04-18 03:25:00	57.40758	17.82015	32	43	0	1	500	0	0	0.016	13.2	8	4.13	7.62	1022.8	4.8	95	100	1	1.4	1.8	1	0	3	5	
2026-04-18 03:35:00	57.40848	17.81808	12	44	0	1	480	0	0	0.014	13.2	8	3.881	7.55	1022.8	4.7	95	70	1	0.7	1	1	0	3	5	
2026-04-18 03:45:00	57.40797	17.81841	11	45	0	2	480	0	0	0.014	13.2	8	3.849	7.54	1022.7	4.7	96	100	1	1	1.3	1	0	3	5	
2026-04-18 03:55:00	57.40752	17.81925	12	46	0	1	480	0	0	0.016	13.2	7	3.833	7.54	1022.7	4.6	96	60	1	0.3	0.6	1	0	3	5	
2026-04-18 04:05:00	57.40779	17.8206	12	47	0	1	480	0	0	0.016	13.2	7	3.852	7.54	1022.8	4.6	96	220	1	1.2	1.5	1	0	3	5	
2026-04-18 04:15:00	57.40857	17.8221	13	48	0	1	480	0	0	0.014	13.2	7	3.867	7.55	1022.7	4.4	96	220	1	0.6	0.9	1	0	3	5	
2026-04-18 04:25:00	57.40962	17.82372	12	49	0	1	480	0	0	0.016	13.2	7	3.891	7.55	1022.8	4.5	97	290	1	1.1	1.3	1	0	3	5	
2026-04-18 04:35:00	57.40989	17.82663	12	50	0	1	480	0	0	0.016	13.2	7	4.085	7.61	1022.8	4.4	97	315	1	1	1.4	1	0	3	5	
2026-04-18 04:45:00	57.40929	17.82828	12	51	0	1	480	0	0	0.016	13.2	7	4.13	7.62	1022.8	4.4	97	320	1	1.5	1.9	1	0	3	5	
2026-04-18 04:55:00	57.40965	17.82822	12	52	0	1	480	0	0	0.014	13.2	7	4.041	7.59	1022.9	4.5	97	340	1	0.7	0.9	1	0	3	5	
2026-04-18 05:05:00	57.40968	17.82993	13	53	0	1	480	0	0	0.016	13.2	7	4.106	7.61	1022.9	4.4	97	325	1	1	1.4	1	0	3	5	
2026-04-18 05:15:00	57.40995	17.83188	12	54	0	1	480	0	0	0.014	13.2	7	4.216	7.64	1022.9	4.5	96	345	1	1.3	1.6	1	0	3	5	
2026-04-18 05:55:00	57.40692	17.83335	12	58	0	3	510	0	0	0.014	13.2	8	4.17	7.62	1023	4.7	94	355	1	1.3	1.6	1	0	3	5	
2026-04-18 06:05:00	57.4059	17.83173	11	59	0	3	480	0	0	0.014	13.2	8	4.091	7.6	1023	4.6	94	5	1	0.8	1.3	1	0	3	5	
2026-04-18 06:15:00	57.4056	17.83068	13	0	0	2	490	0	0	0.014	13.3	8	3.724	7.51	1022.9	4.6	94	30	1	1.2	1.6	1	0	3	5	
2026-04-18 06:25:00	57.40683	17.8308	12	1	0	1	480	0	0	0.016	13.3	8	3.69	7.5	1022.9	4.8	93	30	1	0.3	0.5	1	0	3	5	
2026-04-18 06:35:00	57.40734	17.83077	13	2	0	1	490	0	0	0.014	13.3	8	3.695	7.5	1022.9	4.9	93	75	1	0.5	0.6	1	0	3	5	
2026-04-18 06:45:00	57.40752	17.83134	13	3	0	1	480	0	0	0.016	13.3	8	3.711	7.5	1022.9	4.9	93	145	1	0.5	0.7	1	0	3	5	
2026-04-18 06:55:00	57.40788	17.83218	13	4	0	1	490	0	0	0.014	13.3	8	3.758	7.51	1022.8	4.8	93	210	1	0.6	0.8	1	0	3	5	
2026-04-18 07:05:00	57.40872	17.83314	13	5	0	1	490	0	0	0.014	13.3	8	3.772	7.52	1022.8	4.7	94	225	1	0.8	1.1	1	0	3	5	
2026-04-18 07:15:00	57.40971	17.8344	14	6	0	1	490	0	0	0.014	13.3	8	3.795	7.52	1022.8	4.7	94	145	1	0.7	0.8	1	0	3	5	
2026-04-18 07:25:00	57.41043	17.83527	12	7	0	1	480	0	0	0.014	13.3	8	3.775	7.52	1022.8	4.9	94	170	1	0.6	0.7	1	0	3	5	
2026-04-18 07:35:00	57.41127	17.83605	12	8	0	1	480	0	0	0.014	13.4	8	3.831	7.53	1022.8	5	93	135	1	0.7	0.9	1	0	3	5	
2026-04-18 07:45:00	57.41226	17.83665	12	9	0	1	480	0	0	0.014	13.4	8	3.856	7.53	1022.7	5.1	93	170	1	0.9	1.1	1	0	3	5	
2026-04-18 07:55:00	57.41337	17.83689	11	10	0	2	480	0	0	0.016	13.4	9	3.944	7.55	1022.7	5.2	93	180	1	1	1.3	1	0	3	5	
2026-04-18 08:05:00	57.41448	17.83743	12	11	0	1	490	0	0	0.014	13.4	9	4.353	7.63	1022.7	5.6	91	185	1	0.7	0.8	1	0	3	5	
2026-04-18 08:15:00	57.41538	17.83878	11	12	0	1	480	0	0	0.014	13.4	9	4.177	7.6	1022.8	5.6	92	120	1	0.4	0.6	1	0	3	5	
2026-04-18 08:25:00	57.41643	17.83986	13	13	0	1	490	0	0	0.016	13.4	9	4.23	7.61	1022.8	5.8	91	50	1	0.4	0.6	1	0	3	5	
2026-04-18 08:35:00	57.41706	17.84052	11	14	0	2	490	0	0	0.014	13.4	9	4.008	7.57	1022.8	5.5	94	30	1	1	1.1	1	0	3	5	
2026-04-18 08:45:00	57.41763	17.84013	41	15	0	1	510	0	0	0.014	13.4	10	4.691	7.72	1023	5.8	93	15	1	0.4	0.6	1	0	3	5	
2026-04-18 08:55:00	57.41835	17.84028	11	16	0	1	480	0	0	0.014	13.4	10	4.279	7.63	1022.9	5.8	92	20	1	0.4	0.6	1	0	3	5	
2026-04-18 09:05:00	57.41886	17.84007	12	17	0	1	480	0	0	0.014	13.4	10	4.449	7.67	1022.7	5.8	93	40	1	0.5	0.6	1	0	3	5	
2026-04-18 09:15:00	57.41895	17.84091	12	18	0	2	480	0	0	0.014	13.5	10	4.367	7.65	1022.9	6.3	91	10	1	0.6	0.9	1	0	3	5	
2026-04-18 09:25:00	57.4194	17.84106	11	19	0	2	480	0	0	0.014	13.5	10	4.46	7.67	1022.8	6.2	91	0	1	1.2	1.5	1	0	3	5	
2026-04-18 09:35:00	57.41982	17.83986	12	20	0	1	480	0	0	0.014	13.5	11	5.337	7.88	1022.8	6.4	88	15	1	0.9	1.2	1	0	3	5	
2026-04-18 09:45:00	57.42021	17.83878	12	21	0	1	480	0	0	0.014	13.5	11	5.419	7.87	1022.8	6.3	88	20	1	1.2	1.4	1	0	3	5	
2026-04-18 09:55:00	57.42027	17.83734	12	22	0	1	480	0	0	0.014	13.5	11	4.894	7.77	1022.8	6.4	90	10	1	0.6	1	1	0	3	5	
2026-04-18 10:05:00	57.42057	17.8362	12	23	0	1	480	0	0	0.014	13.5	11	4.953	7.79	1022.8	6.6	90	355	1	0.8	1	1	0	3	5	
2026-04-18 10:15:00	57.4209	17.83548	12	24	0	1	480	0	0	0.014	13.5	11	5.017	7.81	1022.8	7	90	60	1	0.1	0.3	1	0	3	5	
2026-04-18 10:25:00	57.42138	17.83557	12	25	0	1	480	0	0	0.014	13.5	11	5.125	7.84	1022.7	7.2	87	155	1	0.4	0.8	1	0	3	5	
2026-04-18 10:35:00	57.42207	17.83629	11	26	0	3	480	0	0	0.016	13.5	12	5.84	7.96	1022.6	7	89	120	1	0.8	1.2	1	0	3	5	
2026-04-18 10:45:00	57.42306	17.83614	12	27	0	1	480	0	0	0.014	13.5	12	5.298	7.88	1022.6	7.1	88	200	1	1	1.3	1	0	3	5	
2026-04-18 10:55:00	57.4242	17.83542	12	28	0	1	510	0	0	0.014	13.6	12	5.854	8	1022.5	6.7	90	195	1	1.9	2.2	1	0	3	5	
2026-04-18 11:05:00	57.42531	17.83521	11	29	0	1	480	0	0	0.014	13.6	12	5.71	7.96	1022.4	6.5	91	205	1	1.9	2.2	1	0	3	5	
2026-04-18 11:15:00	57.4251	17.83716	11	30	0	1	480	0	0	0.014	13.5	12	5.426	7.89	1022.5	6.4	91	220	1	2.1	2.5	1	0	3	5	
2026-04-18 11:25:00	57.42474	17.83854	11	31	0	1	480	0	0	0.014	13.5	12	5.614	7.92	1022.5	6.2	93	240	1	1.7	2.2	1	0	3	5	
2026-04-18 11:35:00	57.42441	17.83914	12	32	0	1	480	0	0	0.014	13.5	12	5.263	7.83	1022.4	6.2	92	260	1	1.5	1.8	1	0	3	5	
2026-04-18 11:45:00	57.42426	17.83923	11	33	0	1	480	0	0	0.014	13.6	12	5.4	7.86	1022.4	6.3	91	290	1	1.3	1.5	1	0	3	5	
2026-04-18 11:55:00	57.42471	17.83884	12	34	0	1	480	0	0	0.014	13.6	12	5.774	7.94	1022.4	6.6	90	295	1	0.5	0.7	1	0	3	5	
2026-04-18 12:05:00	57.42525	17.84136	11	35	0	1	480	0	0	0.014	13.6	12	5.344	7.83	1022.3	6.6	89	275	1	0.9	1.1	1	0	3	5	
2026-04-18 12:15:00	57.4263	17.84355	12	36	0	1	480	0	0	0.014	13.7	12	5.535	7.88	1022.2	6.8	88	245	1	0.9	1.1	1	0	3	5	
2026-04-18 12:25:00	57.4272	17.84565	11	37	0	1	480	0	0	0.014	13.8	12	5.395	7.84	1022.1	6.9	88	225	1	1.6	1.8	1	0	3	5	
2026-04-18 12:35:00	57.42819	17.84769	11	38	0	1	480	0	0	0.014	13.6	12	5.667	7.88	1022.1	6.5	89	220	1	1.6	1.8	1	0	3	5	
2026-04-18 12:45:00	57.42798	17.85054	12	39	0	1	480	0	0	0.014	13.3	12	4.984	7.72	1022.1	6.3	91	200	1	1.4	1.7	1	0	3	5	
2026-04-18 12:55:00	57.4278	17.85282	11	40	0	1	480	0	0	0.016	13.3	12	5.181	7.76	1022.1	6.3	91	190	1	1.2	1.4	1	0	3	5	
2026-04-18 13:05:00	57.42798	17.85501	12	41	0	2	480	0	0	0.014	13.7	12	5.644	7.87	1022	6.5	91	210	1	0.8	1	1	0	3	5	
2026-04-18 13:15:00	57.42864	17.85708	12	42	0	1	490	0	0	0.014	13.6	12	5.383	7.83	1021.9	6.6	91	240	1	1.1	1.4	1	0	3	5	
2026-04-18 13:25:00	57.42948	17.859	12	43	0	1	480	0	0	0.014	13.4	12	5.41	7.83	1021.8	6.5	92	230	1	1.3	1.5	1	0	3	5	
2026-04-18 13:35:00	57.4293	17.86125	12	44	0	1	480	0	0	0.014	13.3	12	6.157	7.99	1021.7	6.4	93	225	1	1.3	1.5	1	0	3	5	
2026-04-18 13:45:00	57.42918	17.86395	12	45	0	1	480	0	0	0.014	13.7	12	5.805	7.92	1021.7	6.6	92	235	1	0.8	1.1	1	0	3	5	
2026-04-18 14:05:00	57.42942	17.8674	11	47	0	3	480	0	0	0.014	13.4	13	5.958	8.06	1021.5	6.3	94	15	1	1.5	1.8	1	0	3	5	
2026-04-18 14:15:00	57.42945	17.86683	11	48	0	1	480	0	0	0.016	13.3	12	5.79	8.01	1021.5	6.2	94	30	1	1.7	1.9	1	0	3	5	
2026-04-18 14:25:00	57.43002	17.86692	12	49	0	2	480	0	0	0.016	13.5	12	5.725	8	1021.5	6.1	95	20	1	1.1	1.4	1	0	3	5	
2026-04-18 14:35:00	57.4299	17.86995	11	50	0	2	480	0	0	0.014	13.9	12	5.762	8.01	1021.4	6.1	93	50	1	1.2	1.6	1	0	3	5	
2026-04-18 14:45:00	57.42894	17.87085	11	51	0	1	480	0	0	0.014	13.8	11	5.743	8.01	1021.3	6.2	93	70	1	0.8	1	1	0	3	5	
2026-04-18 14:55:00	57.42813	17.87106	11	52	0	1	480	0	0	0.014	13.4	11	5.811	8.02	1021.3	6.2	93	105	1	0.4	0.6	1	0	3	5	
2026-04-18 15:05:00	57.42792	17.87145	11	53	0	1	480	0	0	0.014	13.3	11	5.987	8.06	1021.2	6.2	92	100	1	0.4	0.5	1	0	3	5	
2026-04-18 15:15:00	57.4281	17.87181	11	54	0	1	480	0	0	0.014	13.4	11	5.864	8.03	1021.2	6.1	93	115	1	0.5	0.6	1	0	3	5	
2026-04-18 15:25:00	57.42846	17.87196	11	55	0	1	480	0	0	0.016	13.4	11	5.925	8.04	1021.2	6.2	92	165	1	0.4	0.6	1	0	3	5	
2026-04-18 15:35:00	57.42864	17.87208	12	56	0	1	480	0	0	0.014	13.4	11	5.873	8.01	1021.2	6.6	92	195	1	0.5	0.8	1	0	3	5	
2026-04-18 15:45:00	57.42903	17.87271	12	57	0	1	480	0	0	0.014	13.6	10	5.922	8.01	1021	6.8	90	225	1	0.6	0.9	1	0	3	5	
2026-04-18 15:55:00	57.42948	17.87409	11	58	0	1	480	0	0	0.014	13.9	11	5.956	8.03	1020.9	5.9	93	220	1	1.2	1.5	1	0	3	5	
2026-04-18 16:05:00	57.4302	17.87493	12	59	0	1	480	0	0	0.016	13.4	11	5.932	8.02	1020.9	6.2	93	195	1	1	1.3	1	0	3	5	
2026-04-18 16:15:00	57.43014	17.87616	13	0	0	1	510	0	0	0.014	13.3	11	5.957	8.03	1020.8	6.6	91	170	1	0.3	0.5	1	0	3	5	
2026-04-18 16:25:00	57.43056	17.87748	11	1	0	1	480	0	0	0.016	13.4	11	5.962	8.03	1020.8	6.3	92	230	1	0.8	1	1	0	3	5	
2026-04-18 16:35:00	57.43098	17.87898	12	2	0	1	480	0	0	0.014	13.4	11	5.89	8.02	1020.6	6.1	93	230	1	1.2	1.4	1	0	3	5	
2026-04-18 16:45:00	57.43035	17.88099	11	3	0	1	480	0	0	0.016	13.5	11	5.85	8.04	1020.6	5.9	95	250	1	1.3	1.5	1	0	3	5	
2026-04-18 16:55:00	57.42909	17.88198	11	4	0	1	480	0	0	0.014	13.4	11	6.042	8.08	1020.6	5.8	95	245	1	1.2	1.4	1	0	3	5	
2026-04-18 17:05:00	57.42816	17.88312	11	5	0	1	480	0	0	0.016	13.4	10	5.889	8.06	1020.7	5.7	96	245	1	1	1.2	1	0	3	5	
2026-04-18 17:15:00	57.42741	17.88417	12	6	0	1	480	0	0	0.014	13.3	10	5.95	8.07	1020.7	5.6	96	240	1	1.3	1.5	1	0	3	5	
2026-04-18 17:25:00	57.42654	17.88546	11	7	0	2	480	0	0	0.014	13.3	10	5.908	8.05	1020.7	5.5	96	250	1	0.6	1.2	1	0	3	5	
2026-04-18 17:35:00	57.42579	17.88687	11	8	0	1	480	0	0	0.014	13.3	10	5.384	7.96	1020.6	5.5	96	265	1	0.5	0.6	1	0	3	5	
2026-04-18 17:45:00	57.42558	17.88804	13	9	0	1	480	0	0	0.014	13.2	9	5.532	7.99	1020.6	5.3	97	330	1	0.6	0.7	1	0	3	5	
2026-04-18 17:55:00	57.42543	17.88933	12	10	0	2	480	0	0	0.014	13.2	9	5.512	7.98	1020.6	5.2	97	285	1	0.5	0.6	1	0	3	5	
2026-04-18 18:05:00	57.42564	17.89065	13	11	0	1	480	0	0	0.014	13.2	9	5.296	7.94	1020.5	5.1	97	260	1	0.3	0.6	1	0	3	5	
2026-04-18 18:15:00	57.42582	17.89155	13	12	0	1	480	0	0	0.014	13.2	9	5.281	7.95	1020.6	5.1	98	345	1	0.4	0.6	1	0	3	5	
2026-04-18 18:25:00	57.42594	17.89221	11	13	0	2	480	0	0	0.014	13.2	9	5.249	7.93	1020.6	4.9	98	230	1	0.2	0.5	1	0	3	5	
2026-04-18 18:35:00	57.42612	17.89296	12	14	0	2	480	0	0	0.014	13.2	9	5.164	7.91	1020.7	4.9	98	215	1	0.7	0.9	1	0	3	5	
2026-04-18 18:45:00	57.42594	17.89455	13	15	0	1	490	0	0	0.016	13.2	8	5.035	7.89	1020.7	4.8	98	240	1	0.6	0.7	1	0	3	5	
2026-04-18 18:55:00	57.4257	17.89503	13	16	0	1	490	0	0	0.014	13.2	8	5.021	7.88	1020.7	4.8	99	250	1	0.7	0.9	1	0	3	5	
2026-04-18 19:05:00	57.42621	17.89578	12	17	0	1	480	0	0	0.014	13.2	8	5.023	7.88	1020.6	4.8	99	330	1	0.6	0.8	1	0	3	5	
2026-04-18 19:15:00	57.42648	17.89647	12	18	0	1	510	0	0	0.016	13.2	8	5.018	7.88	1020.6	4.7	99	270	1	0.5	0.6	1	0	3	5	
2026-04-18 19:25:00	57.42615	17.89677	12	19	0	1	480	0	0	0.016	13.2	8	4.915	7.85	1020.6	4.7	99	280	1	0.3	0.4	1	0	3	5	
2026-04-18 19:35:00	57.42606	17.89695	11	20	0	1	480	0	0	0.016	13.2	8	4.94	7.85	1020.5	4.7	99	195	1	0.5	0.9	1	0	3	5	
2026-04-18 19:45:00	57.42618	17.89704	12	21	0	1	480	0	0	0.016	13.2	8	4.883	7.84	1020.4	4.6	99	125	1	0.4	0.5	1	0	3	5	
2026-04-18 19:55:00	57.42654	17.89725	12	22	0	1	480	0	0	0.014	13.2	7	4.911	7.84	1020.4	4.7	99	95	1	0.9	1.2	1	0	3	5	
2026-04-18 20:05:00	57.42669	17.8965	12	23	0	1	480	0	0	0.014	13.2	7	4.907	7.85	1020.4	4.7	99	120	1	1	1.4	1	0	3	5	
2026-04-18 20:15:00	57.42735	17.89653	12	24	0	1	480	0	0	0.016	13.2	7	5.051	7.88	1020.4	4.9	99	85	1	2.1	2.6	1	0	3	5	
2026-04-18 20:25:00	57.42582	17.89596	12	25	0	1	480	0	0	0.014	13.2	7	4.878	7.92	1020.3	5	99	80	1	1.8	2.1	1	0	3	5	
2026-04-18 20:35:00	57.42444	17.89335	12	26	0	1	480	0	0	0.014	13.2	8	4.897	7.93	1020.3	5.1	99	85	1	1.6	1.9	1	0	3	5	
2026-04-18 21:15:00	57.41928	17.88021	12	30	0	3	480	0	0	0.016	13.2	8	4.272	7.65	1020.2	5.5	93	105	1	2.6	3	1	0	3	5	
2026-04-18 21:25:00	57.41775	17.88084	12	31	0	2	480	0	0	0.014	13.2	8	4.599	7.72	1020.2	5.5	94	95	1	2.3	2.6	1	0	3	5	
2026-04-18 21:35:00	57.4161	17.88111	12	32	0	2	480	0	0	0.014	13.2	8	4.773	7.76	1020.2	5.5	95	100	1	2.4	2.8	1	0	3	5	
2026-04-18 21:45:00	57.41457	17.88102	12	33	0	3	480	0	0	0.014	13.2	8	5.353	7.93	1020.2	5.4	95	105	1	2.6	2.9	1	0	3	5	
2026-04-18 21:55:00	57.41295	17.88096	12	34	0	1	520	0	0	0.016	13.2	8	5.011	7.93	1020.2	5.3	95	90	1	2.7	3.2	1	0	3	5	
2026-04-18 22:05:00	57.41142	17.88126	12	35	0	1	480	0	0	0.016	13.2	8	4.939	7.94	1020.2	5.3	94	110	1	3	3.4	1	0	3	5	
2026-04-18 22:15:00	57.41007	17.88129	12	36	0	1	480	0	0	0.014	13.2	8	5.198	7.99	1020.2	5.2	95	120	1	2.1	2.5	1	0	3	5	
2026-04-18 22:25:00	57.40902	17.88057	12	37	0	1	480	0	0	0.016	13.2	8	5.08	7.97	1020.2	5.2	96	110	1	2.3	2.6	1	0	3	5	
2026-04-18 22:35:00	57.40812	17.88027	12	38	0	1	480	0	0	0.016	13.2	8	5.096	7.98	1020.2	5.1	96	100	1	2.5	2.9	1	0	3	5	
2026-04-18 22:45:00	57.40692	17.88039	11	39	0	2	480	0	0	0.014	13.2	8	4.919	7.94	1020.1	5	95	110	1	2	2.5	1	0	3	5	
2026-04-18 22:55:00	57.40596	17.88021	12	40	0	1	480	0	0	0.016	13.2	8	4.877	7.93	1020.1	5	93	105	1	2.3	2.9	1	0	3	5	
2026-04-18 23:05:00	57.40488	17.88051	11	41	0	1	480	0	0	0.016	13.2	8	4.998	7.95	1020.1	5	93	90	1	2.5	3	1	0	3	5	
2026-04-18 23:15:00	57.4035	17.88123	12	42	0	1	480	0	0	0.016	13.2	8	5.112	7.98	1020	5	92	95	1	2.6	3.2	1	0	3	5	
2026-04-18 23:25:00	57.40218	17.88006	12	43	0	1	480	0	0	0.016	13.2	8	5.145	8	1020	5	91	90	1	3	3.6	1	0	3	5	
2026-04-18 23:45:00	57.39933	17.87829	249	45	0	3	720	0	0	0.016	13.2	8	4.433	7.87	1019.9	5	91	95	1	2.3	2.7	1	0	3	5	
2026-04-19 00:00:00	57.3981	17.87937	11	46	0	1	480	0	0	0.014	13.2	7	4.392	7.86	1019.8	5	90	90	1	2.4	2.7	1	0	3	5	
2026-04-19 00:10:00	57.3999	17.88018	11	47	0	2	480	0	0	0.014	13.2	8	4.538	7.89	1019.8	5	90	105	1	2.3	2.6	1	0	3	5	
2026-04-19 00:20:00	57.39897	17.88036	11	48	0	1	480	0	0	0.014	13.2	7	4.387	7.86	1019.8	5	89	85	1	3.6	4.3	1	0	3	5	
2026-04-19 00:30:00	57.39768	17.8824	11	49	0	1	480	0	0	0.014	13.2	7	4.318	7.85	1019.8	5	89	75	1	3.2	3.7	1	0	3	5	
2026-04-19 00:40:00	57.39993	17.88345	11	50	0	1	480	0	0	0.016	13.2	7	4.608	7.9	1019.8	5.1	87	90	1	4.1	4.8	1	0	3	5	
2026-04-19 00:50:00	57.39843	17.88447	12	51	0	3	480	0	0	0.014	13.2	8	4.4	7.86	1019.7	5.1	88	90	1	3.5	4.3	1	0	3	5	
2026-04-19 01:00:00	57.39723	17.88609	13	52	0	2	480	0	0	0.014	13.2	7	4.35	7.85	1019.6	5.1	87	85	1	4.3	5	1	0	3	5	
2026-04-19 01:10:00	57.39933	17.88663	12	53	0	2	480	0	0	0.014	13.2	8	4.518	7.89	1019.7	5	88	90	1	3.4	5.1	1	0	3	5	
2026-04-19 01:20:00	57.39861	17.88678	11	54	0	2	480	0	0	0.014	13.2	7	4.365	7.86	1019.7	5	89	90	1	3.1	3.7	1	0	3	5	
2026-04-19 01:40:00	57.39894	17.8857	13	56	0	3	480	0	0	0.014	13.2	8	4.289	7.83	1019.8	4.8	90	85	1	2.8	3.6	1	0	3	5	
2026-04-19 01:50:00	57.39837	17.88552	11	57	0	3	480	0	0	0.016	13.2	8	4.276	7.83	1019.7	4.9	90	90	1	2.7	3.3	1	0	3	5	
2026-04-19 02:00:00	57.39795	17.88636	40	58	0	3	510	0	0	0.014	13.2	8	4.317	7.85	1019.7	4.8	91	85	1	3	3.7	1	0	3	5	
2026-04-19 02:10:00	57.39762	17.88714	11	59	0	2	480	0	0	0.014	13.2	8	4.333	7.85	1019.7	4.9	91	90	1	2.2	3	1	0	3	5	
2026-04-19 02:30:00	57.39912	17.88828	11	1	0	3	480	0	0	0.014	13.2	8	4.372	7.86	1019.7	5	90	95	1	3.8	5	1	0	3	5	
2026-04-19 02:40:00	57.39831	17.8887	11	2	0	2	480	0	0	0.016	13.2	7	4.382	7.86	1019.6	5	90	90	1	3.7	4.8	1	0	3	5	
2026-04-19 02:50:00	57.39747	17.88945	12	3	0	1	480	0	0	0.014	13.2	7	4.454	7.88	1019.6	5	90	90	1	3.1	3.9	1	0	3	5	
2026-04-19 03:00:00	57.39678	17.8899	11	4	0	1	480	0	0	0.016	13.2	7	4.384	7.87	1019.6	5	90	80	1	3.8	4.6	1	0	3	5	
2026-04-19 03:10:00	57.39912	17.89008	11	5	0	1	480	0	0	0.014	13.2	7	4.415	7.87	1019.6	5	90	75	1	4	4.9	1	0	3	5	
2026-04-19 03:20:00	57.39813	17.88993	12	6	0	1	480	0	0	0.016	13.2	7	4.365	7.86	1019.6	5	89	75	1	4.5	5.3	1	0	3	5	
2026-04-19 03:30:00	57.39699	17.89197	11	7	0	1	480	0	0	0.014	13.2	7	4.371	7.86	1019.7	5	90	70	1	5.1	6.1	1	0	3	5	
2026-04-19 03:40:00	57.39549	17.89449	12	8	0	1	480	0	0	0.014	13.2	7	4.35	7.86	1019.7	5.1	88	80	1	5.4	6.4	1	0	3	5	
2026-04-19 03:50:00	57.39807	17.895	12	9	0	1	480	0	0	0.016	13.2	7	4.443	7.88	1019.7	5	88	80	1	4.6	5.9	1	0	3	5	
2026-04-19 04:00:00	57.39639	17.8959	12	10	0	1	480	0	0	0.014	13.2	7	4.351	7.86	1019.7	5	87	85	1	5.2	6.2	1	0	3	5	
2026-04-19 04:10:00	57.39894	17.89665	13	11	0	1	490	0	0	0.016	13.2	7	4.468	7.88	1019.7	5	87	85	1	5.5	6.5	1	0	3	5	
2026-04-19 04:20:00	57.39744	17.89779	12	12	0	1	480	0	0	0.014	13.2	7	4.406	7.86	1019.7	4.9	87	85	1	5.6	7	1	0	3	5	
2026-04-19 04:30:00	57.39591	17.89896	12	13	0	1	490	0	0	0.016	13.2	7	4.504	7.88	1019.7	4.9	87	80	1	5.9	7	1	0	3	5	
2026-04-19 04:40:00	57.39876	17.89998	12	14	0	2	490	0	0	0.014	13.2	7	4.498	7.87	1019.8	5	86	85	1	6.2	7.7	1	0	3	5	
2026-04-19 04:50:00	57.39723	17.90151	41	15	0	1	510	0	0	0.016	13.2	8	4.532	7.88	1019.8	5	87	85	1	5.7	6.8	1	0	3	5	
2026-04-19 05:00:00	57.3954	17.90274	11	16	0	1	480	0	0	0.016	13.2	7	4.592	7.89	1019.8	5.1	86	85	1	5.3	6.3	1	0	3	5	
2026-04-19 05:10:00	57.39858	17.90379	11	17	0	1	480	0	0	0.016	13.2	7	4.581	7.88	1019.8	5.1	85	85	1	6.1	7.9	1	0	3	5	
2026-04-19 05:20:00	57.39723	17.90484	11	18	0	3	480	0	0	0.014	13.3	7	4.664	7.89	1019.8	5.2	86	85	1	6.1	7.3	1	0	3	5	
2026-04-19 05:30:00	57.3951	17.90682	12	19	0	1	480	0	0	0.014	13.3	7	4.727	7.9	1019.8	5.3	85	80	1	5.9	7.2	1	0	3	5	
2026-04-19 05:40:00	57.39828	17.90772	11	20	0	1	480	0	0	0.014	13.3	7	4.593	7.87	1019.9	5.5	85	90	1	5.8	7.4	1	0	3	5	
2026-04-19 05:50:00	57.39702	17.90856	11	21	0	1	480	0	0	0.014	13.4	8	4.638	7.88	1020	5.7	84	90	1	5.3	6.2	1	0	3	5	
2026-04-19 06:00:00	57.3951	17.90961	12	22	0	1	480	0	0	0.014	13.4	8	4.695	7.88	1020	6	82	85	1	4.9	6.1	1	0	3	5	
2026-04-19 06:10:00	57.39822	17.91021	13	23	0	1	480	0	0	0.014	13.4	8	4.581	7.86	1020.2	6.2	80	95	1	4.8	5.8	1	0	3	5	
2026-04-19 06:20:00	57.39711	17.91051	12	24	0	1	480	0	0	0.014	13.4	8	4.629	7.87	1020.2	6.3	80	95	1	5.3	6.4	1	0	3	5	
2026-04-19 06:30:00	57.39531	17.91144	11	25	0	1	480	0	0	0.014	13.4	8	4.744	7.89	1020.3	6.4	79	90	1	5.4	6.7	1	0	3	5	
2026-04-19 06:40:00	57.3933	17.91177	12	26	0	3	480	0	0	0.014	13.4	8	4.806	7.91	1020.3	6.6	78	90	1	5.2	6.4	1	0	3	5	
2026-04-19 06:50:00	57.39573	17.91297	12	27	0	1	480	0	0	0.014	13.4	8	4.751	7.89	1020.3	6.7	76	95	1	5.6	7.2	1	0	3	5	
2026-04-19 07:00:00	57.3939	17.91318	12	28	0	1	480	0	0	0.014	13.5	8	4.809	7.91	1020.3	6.7	76	100	1	5.6	7.2	1	0	3	5	
2026-04-19 07:10:00	57.39699	17.91585	12	29	1	1	240	0	0	0.014	13.4	8	4.605	7.85	1020.2	6.8	76	105	1	5.5	6.8	1	0	3	1	
2026-04-19 07:15:00	57.39996	17.91558	11	30	0	1	240	0	0	0.014	13.5	8	4.538	7.84	1020.3	6.9	74	100	1	5.6	6.8	1	0	3	1	
2026-04-19 07:20:00	57.40335	17.91339	14	31	0	1	250	0	0	0.016	13.5	8	4.52	7.85	1020.3	6.9	75	100	1	5.4	6.5	1	0	3	1	
2026-04-19 07:25:00	57.40629	17.91219	11	32	0	1	240	0	0	0.014	13.5	8	4.474	7.84	1020.3	6.9	75	100	1	4.7	6.1	1	0	3	1	
2026-04-19 07:30:00	57.40932	17.91018	12	33	0	1	240	0	0	0.014	13.5	9	4.519	7.86	1020.4	6.8	75	90	1	4.6	6	1	0	3	1	
2026-04-19 07:35:00	57.41205	17.90895	11	34	0	1	240	0	0	0.014	13.5	8	4.499	7.86	1020.5	6.9	75	95	1	4.2	5.7	1	0	3	1	
2026-04-19 07:40:00	57.41457	17.90652	12	35	0	2	240	0	0	0.014	13.5	9	4.526	7.87	1020.5	6.9	74	90	1	4.8	5.7	1	0	3	1	
2026-04-19 07:45:00	57.41706	17.90376	11	36	0	1	240	0	0	0.014	13.6	8	4.516	7.87	1020.6	7	72	95	1	4.8	5.9	1	0	3	1	
2026-04-19 07:50:00	57.41988	17.90247	12	37	0	1	240	0	0	0.014	13.5	9	4.474	7.87	1020.6	7	72	95	1	4.8	5.8	1	0	3	1	
2026-04-19 07:55:00	57.42261	17.90013	13	38	0	1	250	0	0	0.014	13.5	9	4.362	7.86	1020.7	6.8	74	100	1	4.3	5.5	1	0	3	1	
2026-04-19 08:00:00	57.42546	17.89878	40	39	0	1	270	0	0	0.016	13.5	9	4.309	7.85	1020.7	6.9	73	95	1	5	6.2	1	0	3	1	
2026-04-19 08:05:00	57.42801	17.89854	11	40	0	1	240	0	0	0.014	13.5	9	4.343	7.86	1020.8	7.1	70	95	1	5.4	6.9	1	0	3	1	
2026-04-19 08:10:00	57.43104	17.89737	12	41	0	1	240	0	0	0.014	13.6	9	4.346	7.86	1020.9	7	71	90	1	4.5	6	1	0	3	1	
2026-04-19 08:15:00	57.43359	17.89524	11	42	0	1	240	0	0	0.014	13.5	9	4.785	7.94	1021	7.2	69	95	1	4.9	6.2	1	0	3	1	
2026-04-19 08:20:00	57.43608	17.89353	11	43	0	1	240	0	0	0.014	13.6	9	4.669	7.82	1021.1	7.4	68	95	1	4.8	6.5	1	0	3	1	
2026-04-19 08:25:00	57.4386	17.89257	11	44	0	1	240	0	0	0.014	13.6	9	4.393	7.71	1021.1	7.3	69	90	1	5.2	6.9	1	0	3	1	
2026-04-19 08:30:00	57.44127	17.89152	11	45	0	1	240	0	0	0.014	13.5	9	4.361	7.7	1021.2	6.9	74	70	1	3.6	5	1	0	3	1	
2026-04-19 08:35:00	57.44337	17.88978	11	46	0	1	240	0	0	0.014	13.6	9	4.31	7.68	1021.2	7.1	71	75	1	4.5	5.3	1	0	3	1	
2026-04-19 08:40:00	57.44571	17.88771	11	47	0	1	240	0	0	0.014	13.6	9	4.02	7.61	1021.2	7.2	69	85	1	4.9	6	1	0	3	1	
2026-04-19 08:45:00	57.44811	17.88513	11	48	0	1	240	0	0	0.014	13.6	9	3.762	7.54	1021.2	7.1	68	75	1	5.8	7.2	1	0	3	1	
2026-04-19 08:50:00	57.45081	17.88282	11	49	0	1	240	0	0	0.014	13.6	9	3.764	7.54	1021.3	6.8	71	75	1	4.7	6	1	0	3	1	
2026-04-19 08:55:00	57.45336	17.88	12	50	0	1	240	0	0	0.014	13.7	9	3.851	7.55	1021.3	7.1	67	80	1	6.5	8.1	1	0	3	1	
2026-04-19 09:00:00	57.45651	17.87769	11	51	0	1	240	0	0	0.014	13.7	8	3.9	7.56	1021.3	7.1	65	85	1	6.9	8.4	1	0	3	1	
2026-04-19 09:05:00	57.46002	17.87682	11	52	0	1	240	0	0	0.014	13.8	8	3.878	7.56	1021.3	7.2	64	85	1	7.4	9.5	1	0	3	1	
2026-04-19 09:10:00	57.46359	17.8764	11	53	0	2	240	0	0	0.014	13.5	9	3.776	7.54	1021.4	7.1	66	80	1	6.2	8	1	0	3	1	
2026-04-19 09:15:00	57.46695	17.87487	11	54	0	1	240	0	0	0.014	13.4	8	3.828	7.56	1021.5	6.8	70	85	1	5.3	6.5	1	0	3	1	
2026-04-19 09:20:00	57.46986	17.87217	12	55	0	1	240	0	0	0.014	13.3	8	3.822	7.56	1021.6	7.2	63	80	1	7.7	9.4	1	0	3	1	
2026-04-19 09:25:00	57.47355	17.87172	12	56	0	1	240	0	0	0.014	13.3	8	4.519	7.73	1021.6	7.2	64	85	1	7.5	9.2	1	0	3	1	
2026-04-19 09:30:00	57.47682	17.87205	13	57	0	1	240	0	0	0.014	13.3	8	4.486	7.73	1021.7	7	66	85	1	7.6	9.9	1	0	3	1	
2026-04-19 09:35:00	57.48033	17.87166	13	58	0	1	240	0	0	0.014	13.3	8	4.525	7.77	1021.7	6.9	68	85	1	6.1	7.8	1	0	3	1	
2026-04-19 09:40:00	57.48333	17.8698	11	59	0	1	240	0	0	0.014	13.3	8	4.486	7.77	1021.8	6.7	72	80	1	4.7	5.6	1	0	3	1	
2026-04-19 09:55:00	57.48978	17.85921	12	1	0	3	240	0	0	0.014	13.3	8	4.522	7.73	1021.9	6.8	68	80	1	5.7	7.3	1	0	3	1	
2026-04-19 10:00:00	57.49227	17.85534	11	2	0	2	240	0	0	0.016	13.2	9	4.572	7.74	1021.9	6.7	69	80	1	5.4	6.7	1	0	3	1	
2026-04-19 10:05:00	57.49491	17.85291	13	3	0	1	240	0	0	0.014	13.6	9	4.584	7.74	1022	6.9	66	75	1	5.4	7	1	0	3	1	
2026-04-19 10:15:00	57.49989	17.84673	12	4	0	3	240	0	0	0.014	13.5	8	4.23	7.65	1022	6.7	69	75	1	5	6.4	1	0	3	1	
2026-04-19 10:20:00	57.50223	17.8434	12	5	0	1	240	0	0	0.014	13.4	8	4.198	7.65	1022	6.4	73	75	1	4.3	5.4	1	0	3	1	
2026-04-19 10:25:00	57.504	17.83992	12	6	0	1	240	0	0	0.016	13.3	9	4.243	7.65	1022	6.8	68	70	1	5.4	6.9	1	0	3	1	
2026-04-19 10:30:00	57.50637	17.83617	12	7	0	2	240	0	0	0.014	13.3	9	4.333	7.68	1022	6.5	71	60	1	4.4	5.9	1	0	3	1	
2026-04-19 10:35:00	57.50844	17.83248	13	8	0	1	250	0	0	0.014	13.3	9	4.446	7.71	1022.1	6.7	68	70	1	5.5	6.8	1	0	3	1	
2026-04-19 10:40:00	57.51066	17.8284	13	9	0	1	250	0	0	0.014	13.3	9	4.508	7.73	1022.2	6.7	69	65	1	5.6	6.8	1	0	3	1	
2026-04-19 10:45:00	57.51216	17.82351	13	10	0	1	250	0	0	0.014	13.3	9	4.582	7.75	1022.2	6.7	70	65	1	4.6	6.2	1	0	3	1	
2026-04-19 10:50:00	57.51381	17.81913	14	11	0	1	250	0	0	0.014	13.2	9	4.689	7.78	1022.2	6.5	73	55	1	4.6	5.6	1	0	3	1	
2026-04-19 10:55:00	57.51582	17.81493	41	12	0	1	270	0	0	0.016	13.7	9	4.771	7.8	1022.2	6.5	71	60	1	5.6	7	1	0	3	1	
2026-04-19 11:00:00	57.51732	17.81046	12	13	0	1	240	0	0	0.014	13.4	9	4.793	7.81	1022.2	6.6	69	60	1	6.2	7.9	1	0	3	1	
2026-04-19 11:05:00	57.51951	17.80623	12	14	0	1	240	0	0	0.016	13.4	9	4.765	7.82	1022.2	6.4	71	55	1	5.2	7	1	0	3	1	
2026-04-19 11:10:00	57.52137	17.80209	12	15	0	1	240	0	0	0.016	13.3	9	4.799	7.85	1022.2	6.3	73	50	1	4.8	6.4	1	0	3	1	
2026-04-19 11:15:00	57.52236	17.79708	12	16	0	1	240	0	0	0.016	13.3	9	4.737	7.81	1022.3	6.3	74	50	1	4.7	6.1	1	0	3	1	
2026-04-19 11:20:00	57.52362	17.79273	12	17	0	1	240	0	0	0.016	13.3	9	4.794	7.82	1022.3	6.2	75	50	1	4.3	5.4	1	0	3	1	
2026-04-19 11:25:00	57.52434	17.78838	12	18	0	1	240	0	0	0.014	13.3	9	4.569	7.75	1022.3	6	76	50	1	4.4	5.7	1	0	3	1	
2026-04-19 11:30:00	57.52422	17.78388	12	19	0	1	240	0	0	0.014	13.9	9	4.043	7.6	1022.3	6	75	45	1	4.8	6.3	1	0	3	1	
2026-04-19 11:35:00	57.52425	17.77893	12	20	0	1	240	0	0	0.014	13.5	9	3.667	7.5	1022.3	6	73	50	1	5.2	6.5	1	0	3	1	
2026-04-19 11:40:00	57.52479	17.77362	12	21	0	1	240	0	0	0.014	13.4	9	3.858	7.53	1022.3	6	72	50	1	5.8	7.5	1	0	3	1	
2026-04-19 11:45:00	57.52665	17.76981	12	22	0	1	240	0	0	0.014	13.4	9	4.024	7.56	1022.2	6.2	69	60	1	7	8.8	1	0	3	1	
2026-04-19 11:50:00	57.52908	17.76654	13	23	0	1	250	0	0	0.016	13.3	9	4.272	7.61	1022.3	6	72	60	1	6.7	8.2	1	0	3	1	
2026-04-19 11:55:00	57.53145	17.76279	13	24	0	2	250	0	0	0.014	13.3	9	4.391	7.63	1022.2	6	72	60	1	6.9	8.3	1	0	3	1	
2026-04-19 12:00:00	57.53394	17.75826	13	25	0	1	250	0	0	0.016	13.3	9	4.371	7.63	1022.3	5.9	72	65	1	7.1	8.6	1	0	3	1	
2026-04-19 12:05:00	57.53604	17.75757	14	26	0	1	250	0	0	0.014	13.3	9	4.337	7.62	1022.4	5.8	73	65	1	6.6	8.3	1	0	3	1	
2026-04-19 12:10:00	57.53772	17.75811	14	27	0	1	270	0	0	0.014	13.3	9	4.318	7.62	1022.5	5.7	74	65	1	5.7	6.9	1	0	3	1	
2026-04-19 12:15:00	57.53943	17.75826	12	28	0	1	240	0	0	0.014	13.7	9	4.27	7.6	1022.5	5.7	74	70	1	6.1	7.6	1	0	3	1	
2026-04-19 12:20:00	57.54096	17.7585	11	29	0	1	240	0	0	0.014	13.6	8	4.33	7.61	1022.5	5.7	75	65	1	5.8	7.7	1	0	3	1	
2026-04-19 12:25:00	57.54261	17.75877	11	30	0	1	240	0	0	0.016	13.5	8	4.267	7.6	1022.5	5.6	75	55	1	5.7	7.4	1	0	3	1	
2026-04-19 12:30:00	57.5442	17.75865	11	31	0	1	240	0	0	0.014	13.4	9	4.221	7.59	1022.5	5.5	76	55	1	5.9	7	1	0	3	1	
2026-04-19 12:35:00	57.5457	17.75856	12	32	0	1	240	0	0	0.016	13.3	8	4.211	7.59	1022.5	5.4	77	60	1	5.7	6.9	1	0	3	1	
2026-04-19 12:40:00	57.54741	17.75847	12	33	0	1	240	0	0	0.016	13.3	8	4.188	7.58	1022.4	5.4	79	55	1	6.3	7.6	1	0	3	1	
2026-04-19 12:45:00	57.54918	17.75823	11	34	0	1	240	0	0	0.014	13.3	8	4.214	7.59	1022.4	5.4	78	60	1	6.2	7.5	1	0	3	1	
2026-04-19 12:50:00	57.55104	17.75787	12	35	0	2	240	0	0	0.016	13.3	9	4.188	7.58	1022.4	5.4	78	55	1	5.5	7.2	1	0	3	1	
2026-04-19 12:55:00	57.55287	17.75739	12	36	0	1	240	0	0	0.016	13.3	8	4.259	7.59	1022.5	5.3	80	50	1	4.7	6.2	1	0	3	1	
2026-04-19 13:00:00	57.55446	17.7567	12	37	0	1	240	0	0	0.014	13.2	8	4.285	7.6	1022.7	5.3	80	55	1	4.8	6.6	1	0	3	1	
2026-04-19 13:05:00	57.55614	17.7561	12	38	0	2	240	0	0	0.016	13.7	9	4.339	7.61	1022.7	5.5	78	60	1	5.3	6.4	1	0	3	1	
2026-04-19 13:10:00	57.55779	17.75571	13	39	0	1	240	0	0	0.014	13.4	8	4.414	7.63	1022.7	5.5	77	55	1	5.3	6.9	1	0	3	1	
2026-04-19 13:15:00	57.55941	17.75544	13	40	0	1	240	0	0	0.014	13.4	8	4.48	7.64	1022.7	5.4	78	55	1	5.5	6.8	1	0	3	1	
2026-04-19 13:20:00	57.56112	17.75493	13	41	0	1	240	0	0	0.016	13.3	8	4.484	7.63	1022.7	5.3	80	50	1	4.6	6.2	1	0	3	1	
2026-04-19 13:25:00	57.56283	17.75409	12	42	0	1	240	0	0	0.014	13.3	8	4.403	7.61	1022.7	5.3	79	55	1	5.5	6.5	1	0	3	1	
2026-04-19 13:30:00	57.56451	17.7537	13	43	0	1	240	0	0	0.014	13.3	8	4.463	7.63	1022.8	5.4	78	55	1	5.4	6	1	0	3	1	
2026-04-19 13:35:00	57.56637	17.75349	12	44	0	1	240	0	0	0.014	13.3	8	4.474	7.62	1022.8	5.4	78	60	1	5	5.8	1	0	3	1	
2026-04-19 13:40:00	57.56802	17.75331	12	45	0	1	240	0	0	0.014	13.3	8	4.589	7.66	1022.7	5.3	78	65	1	5.1	6.7	1	0	3	1	
2026-04-19 13:45:00	57.56991	17.75301	12	46	0	1	240	0	0	0.014	13.7	8	4.578	7.66	1022.8	5.4	77	60	1	5.7	7.4	1	0	3	1	
2026-04-19 13:50:00	57.57186	17.75271	12	47	0	1	240	0	0	0.014	13.6	8	4.538	7.65	1022.8	5.5	75	60	1	6.1	7.3	1	0	3	1	
2026-04-19 13:55:00	57.57387	17.75256	12	48	0	2	240	0	0	0.014	13.4	9	4.526	7.65	1022.7	5.6	74	60	1	6.5	7.8	1	0	3	1	
2026-04-19 14:00:00	57.57615	17.7519	13	49	0	1	250	0	0	0.014	13.4	8	4.488	7.64	1022.6	5.5	74	60	1	6.2	7.6	1	0	3	1	
2026-04-19 14:05:00	57.57846	17.75148	14	50	0	1	250	0	0	0.016	13.3	8	4.449	7.64	1022.5	5.5	73	60	1	6.1	7.8	1	0	3	1	
2026-04-19 14:25:00	57.58575	17.74644	15	52	0	3	250	0	0	0.014	13.3	7	4.36	7.62	1022.5	4.9	84	35	1	6.9	8.5	1	0	3	1	
2026-04-19 14:35:00	57.58941	17.74227	16	53	0	2	250	0	0	0.014	13.3	7	4.471	7.65	1022.6	4.8	86	40	1	6.8	7.9	1	0	3	1	
2026-04-19 14:40:00	57.59124	17.74044	16	54	0	1	260	0	0	0.014	13.2	8	4.465	7.64	1022.7	4.7	86	40	1	6.6	8.2	1	0	3	1	
2026-04-19 14:49:59	57.59505	17.73636	16	55	0	2	250	0	0	0.014	13.2	9	4.485	7.65	1022.7	4.6	84	40	1	7.2	9.3	1	0	3	1	
2026-04-19 14:55:00	57.59688	17.73441	12	56	0	1	250	0	0	0.014	13.6	8	4.446	7.64	1022.7	4.6	84	40	1	7.4	8.9	1	0	3	1	
2026-04-19 15:00:00	57.59871	17.73225	13	57	0	1	250	0	0	0.014	13.6	8	4.467	7.64	1022.7	4.6	84	40	1	7.3	9.5	1	0	3	1	
2026-04-19 15:05:00	57.60054	17.73072	12	58	0	1	240	0	0	0.016	13.5	8	4.522	7.66	1022.7	4.6	83	40	1	7.8	10	1	0	3	1	
2026-04-19 15:10:00	57.60246	17.72853	13	59	0	1	240	0	0	0.014	13.4	8	4.511	7.65	1022.7	4.6	83	40	1	7.7	9.6	1	0	3	1	
2026-04-19 15:15:00	57.6045	17.72646	13	0	0	1	240	0	0	0.016	13.3	8	4.463	7.64	1022.7	4.6	84	40	1	7.5	9.4	1	0	3	1	
2026-04-19 15:20:00	57.60648	17.72427	15	1	0	1	250	0	0	0.014	13.3	8	4.475	7.64	1022.7	4.5	84	40	1	7.8	9.6	1	0	3	1	
2026-04-19 15:25:00	57.60843	17.72202	13	2	0	1	250	0	0	0.014	13.3	8	4.534	7.66	1022.7	4.5	85	40	1	7.7	9.6	1	0	3	1	
2026-04-19 15:30:00	57.61023	17.71926	12	3	0	1	240	0	0	0.014	13.3	8	4.535	7.66	1022.7	4.4	86	40	1	7.6	9.4	1	0	3	1	
2026-04-19 15:35:00	57.61218	17.71674	13	4	0	1	250	0	0	0.016	13.2	8	4.468	7.64	1022.7	4.4	86	40	1	7.7	9.6	1	0	3	1	
2026-04-19 15:40:00	57.61383	17.71383	15	5	0	2	260	0	0	0.014	13.2	8	4.535	7.66	1022.8	4.4	87	40	1	7.8	9.1	1	0	3	1	
2026-04-19 15:50:00	57.61803	17.70777	40	6	0	2	270	0	0	0.014	13.7	7	4.404	7.63	1022.9	4.3	87	40	1	7.9	10.1	1	0	3	1	
2026-04-19 15:55:00	57.61968	17.70534	11	7	0	1	240	0	0	0.014	13.8	8	4.446	7.64	1022.9	4.3	87	40	1	7.7	9.8	1	0	3	1	
2026-04-19 16:00:00	57.62142	17.7027	11	8	0	1	240	0	0	0.014	13.5	8	4.44	7.64	1022.8	4.3	87	40	1	7.4	9.4	1	0	3	1	
2026-04-19 16:05:00	57.62313	17.69994	11	9	0	1	180	0	0	0.014	13.4	8	4.39	7.63	1022.8	4.3	86	40	1	7.7	9.7	1	6	3	0	
2026-04-19 16:10:00	57.62478	17.69703	11	10	0	1	240	0	0	0.014	13.4	7	4.373	7.62	1022.8	4.2	87	40	1	7.3	10.1	1	0	3	1	
2026-04-19 16:15:00	57.62655	17.69385	11	11	0	1	240	0	0	0.014	13.4	8	4.334	7.62	1022.9	4.2	88	40	1	7.3	9.4	1	0	3	1	
2026-04-19 16:20:00	57.62835	17.69079	12	12	0	1	240	0	0	0.014	13.3	8	4.309	7.61	1022.9	4.2	88	35	1	7.6	9.6	1	0	3	1	
2026-04-19 16:25:00	57.63012	17.68794	12	13	0	1	240	0	0	0.014	13.3	8	4.288	7.61	1022.9	4.2	88	40	1	7.1	8.7	1	0	3	1	
2026-04-19 16:30:00	57.63141	17.68506	12	14	0	1	250	0	0	0.014	13.3	8	4.337	7.62	1022.9	4.2	88	35	1	7.9	9.2	1	0	3	1	
2026-04-19 16:35:00	57.63297	17.68224	11	15	0	1	240	0	0	0.014	13.3	8	4.314	7.61	1022.9	4.1	88	40	1	7.3	9.5	1	0	3	1	
2026-04-19 16:40:00	57.63486	17.67891	11	16	0	1	240	0	0	0.016	13.3	8	4.248	7.6	1023.1	4.1	90	35	1	6.6	8.7	1	0	3	1	
2026-04-19 16:45:00	57.63657	17.67585	11	17	0	1	240	0	0	0.014	13.3	8	4.304	7.61	1023	4.1	89	40	1	7.1	8.7	1	0	3	1	
2026-04-19 16:50:00	57.63816	17.67294	12	18	0	1	240	0	0	0.014	13.3	8	4.343	7.62	1023	4.1	89	40	1	7.5	9.1	1	0	3	1	
2026-04-19 16:55:00	57.63984	17.66991	11	19	0	1	240	0	0	0.016	13.3	8	4.314	7.61	1023	4	89	40	1	7.3	8.7	1	0	3	1	
2026-04-19 17:00:00	57.64152	17.66688	12	20	0	1	240	0	0	0.014	13.3	8	4.153	7.58	1023	4	89	40	1	7.3	9	1	0	3	1	
2026-04-19 17:05:00	57.64341	17.66406	11	21	0	1	240	0	0	0.014	13.4	8	4.207	7.59	1023.1	4	90	40	1	7.1	8.9	1	0	3	1	
2026-04-19 17:10:00	57.64485	17.66097	12	22	0	1	240	0	0	0.014	13.4	8	4.17	7.58	1023	4	90	40	1	6.9	8.7	1	0	3	1	
2026-04-19 17:15:00	57.6462	17.65815	12	23	0	1	240	0	0	0.014	13.4	8	4.126	7.57	1023	4	90	40	1	6.8	8.6	1	0	3	1	
2026-04-19 17:20:00	57.64767	17.65554	12	24	0	2	240	0	0	0.016	13.4	8	4.019	7.54	1023	4	90	40	1	7.8	9.2	1	0	3	1	
2026-04-19 17:25:00	57.64953	17.65269	12	25	0	1	240	0	0	0.014	13.4	8	3.962	7.53	1022.9	3.9	91	40	1	7.4	9.4	1	0	3	1	
2026-04-19 17:30:00	57.65115	17.64999	11	26	0	1	240	0	0	0.014	13.3	7	3.944	7.53	1022.8	3.9	90	40	1	7.8	9.5	1	0	3	1	
2026-04-19 17:35:00	57.65289	17.64726	11	27	0	2	240	0	0	0.014	13.3	8	3.958	7.53	1022.8	3.9	91	40	1	7.3	8.7	1	0	3	1	
2026-04-19 17:40:00	57.65469	17.64426	11	28	0	1	240	0	0	0.014	13.3	7	3.975	7.53	1022.9	3.9	91	40	1	7.6	9.4	1	0	3	1	
2026-04-19 17:45:00	57.65649	17.64144	12	29	0	1	240	0	0	0.014	13.3	7	4.005	7.54	1023	4	91	40	1	6.8	8.7	1	0	3	1	
2026-04-19 17:50:00	57.65811	17.63895	11	30	0	1	240	0	0	0.014	13.3	7	4.045	7.55	1023.1	4	90	45	1	7.6	9.9	1	0	3	1	
2026-04-19 17:55:00	57.66015	17.63604	11	31	0	2	240	0	0	0.014	13.3	8	4.114	7.56	1023.1	4	90	40	1	7.8	10	1	0	3	1	
2026-04-19 18:05:00	57.66396	17.63085	40	32	0	3	270	0	0	0.014	13.3	7	4.193	7.58	1023.1	3.9	91	45	1	7.7	9.2	1	0	3	1	
2026-04-19 18:15:00	57.66765	17.6259	11	33	0	3	240	0	0	0.016	13.2	6	4.203	7.58	1023.2	3.9	91	40	1	7.2	8.8	1	0	3	1	
2026-04-19 18:20:00	57.66948	17.62356	11	34	0	1	240	0	0	0.016	13.2	7	4.17	7.58	1023.3	3.9	92	45	1	7.5	10.1	1	0	3	1	
2026-04-19 18:25:00	57.67149	17.62086	11	35	0	1	240	0	0	0.014	13.2	7	4.174	7.58	1023.3	3.9	92	45	1	7.5	9.4	1	0	3	1	
2026-04-19 18:50:00	57.68106	17.60883	12	38	0	3	240	0	0	0.014	13.2	6	4.132	7.57	1023.6	3.9	92	45	1	7	8.4	1	0	3	1	
2026-04-19 19:00:00	57.68478	17.60364	12	39	0	3	240	0	0	0.014	13.2	6	4.128	7.57	1023.6	3.9	92	45	1	6.8	8.7	1	0	3	1	
2026-04-19 19:05:00	57.68664	17.60127	12	40	0	1	240	0	0	0.014	13.2	7	4.124	7.57	1023.5	3.9	92	40	1	7.4	9.6	1	0	3	1	
2026-04-19 19:10:00	57.68859	17.59911	12	41	0	1	240	0	0	0.014	13.2	7	4.11	7.56	1023.5	3.9	92	45	1	7.1	8.6	1	0	3	1	
2026-04-19 19:19:59	57.69216	17.59494	12	42	0	3	240	0	0	0.016	13.2	8	4.09	7.56	1023.7	3.9	92	45	1	6.8	8.5	1	0	3	1	
2026-04-19 19:25:00	57.69408	17.59299	30	43	0	2	260	0	0	0.014	13.2	7	4.042	7.55	1023.7	3.8	92	40	1	6.7	8	1	0	3	1	
2026-04-19 19:30:00	57.69585	17.59083	11	44	0	1	240	0	0	0.014	13.2	7	4.006	7.54	1023.7	3.9	91	40	1	6.6	8.3	1	0	3	1	
2026-04-19 19:35:00	57.69762	17.58843	11	45	0	1	240	0	0	0.016	13.2	7	3.976	7.53	1023.5	3.9	90	45	1	7.2	8.9	1	0	3	1	
2026-04-19 19:40:00	57.69882	17.58579	11	46	0	2	240	0	0	0.014	13.2	7	3.967	7.53	1023.4	3.9	88	45	1	7.4	9.3	1	0	3	1	
2026-04-19 19:45:00	57.70086	17.58387	11	47	0	1	240	0	0	0.016	13.2	7	3.939	7.53	1023.5	3.9	88	45	1	7.3	8.8	1	0	3	1	
2026-04-19 19:50:00	57.70284	17.58183	11	48	0	1	240	0	0	0.016	13.2	7	3.97	7.53	1023.6	3.9	88	40	1	6.9	8.3	1	0	3	1	
2026-04-19 19:55:00	57.70485	17.57934	11	49	0	1	240	0	0	0.014	13.2	7	3.94	7.52	1023.7	3.9	88	45	1	7.2	8.8	1	0	3	1	
2026-04-19 20:00:00	57.70704	17.57736	11	50	0	1	240	0	0	0.014	13.2	7	3.947	7.52	1023.7	3.9	88	50	1	7	8.6	1	0	3	1	
2026-04-19 20:05:00	57.70911	17.57556	12	51	0	1	240	0	0	0.014	13.2	7	3.987	7.54	1023.8	3.9	89	50	1	7.1	8.9	1	0	3	1	
2026-04-19 20:10:00	57.71106	17.57421	11	52	0	1	240	0	0	0.014	13.2	7	3.971	7.53	1023.9	3.9	89	50	1	7.1	9.1	1	0	3	1	
2026-04-19 20:15:00	57.71295	17.57286	11	53	0	2	240	0	0	0.014	13.2	7	3.988	7.54	1023.9	3.9	89	50	1	7.2	9.3	1	0	3	1	
2026-04-19 20:20:00	57.71493	17.57166	12	54	0	1	240	0	0	0.016	13.2	7	3.976	7.53	1023.9	3.9	90	50	1	6.8	8.7	1	0	3	1	
2026-04-19 20:25:00	57.71694	17.56989	12	55	0	2	240	0	0	0.016	13.2	7	3.957	7.53	1024	3.9	90	45	1	7.4	9	1	0	3	1	
2026-04-19 20:30:00	57.71913	17.56845	12	56	0	2	240	0	0	0.014	13.2	7	3.939	7.53	1024	3.9	90	50	1	6.8	8.3	1	0	3	1	
2026-04-19 20:35:00	57.72102	17.56716	13	57	0	1	250	0	0	0.014	13.2	7	3.952	7.53	1024.1	3.9	90	55	1	6.9	8.6	1	0	3	1	
2026-04-19 20:40:00	57.72315	17.56584	12	58	0	1	240	0	0	0.014	13.2	7	3.952	7.53	1024.1	3.9	90	50	1	6.5	8.6	1	0	3	1	
2026-04-19 20:45:00	57.72528	17.56458	13	59	0	1	240	0	0	0.014	13.2	7	3.922	7.52	1024.2	3.9	90	55	1	6.6	7.7	1	0	3	1	
2026-04-19 20:50:00	57.72732	17.56332	12	0	0	2	240	0	0	0.016	13.2	7	3.917	7.52	1024.2	3.9	90	50	1	6.7	8.1	1	0	3	1	
2026-04-19 20:55:00	57.72939	17.56179	12	1	0	1	240	0	0	0.016	13.2	7	3.94	7.53	1024.2	4	89	50	1	6.9	8.1	1	0	3	1	
2026-04-19 21:25:00	57.7392	17.55486	12	4	0	3	240	0	0	0.014	13.2	6	3.869	7.51	1024.4	4.1	89	50	1	6.6	8.3	1	0	3	1	
2026-04-19 21:40:00	57.73647	17.56113	13	6	0	3	250	0	0	0.016	13.2	6	3.835	7.51	1024.3	4.1	89	50	1	6	7.8	1	0	3	1	
2026-04-19 21:45:00	57.73794	17.55807	13	7	0	1	240	0	0	0.014	13.2	7	3.838	7.51	1024.4	4.1	89	45	1	6.4	7.6	1	0	3	1	
2026-04-19 21:50:00	57.73989	17.55288	12	8	0	1	240	0	0	0.014	13.2	7	3.867	7.51	1024.5	4.1	89	45	1	6.3	7.6	1	0	3	1	
2026-04-19 21:55:00	57.74208	17.54838	13	9	0	2	250	0	0	0.014	13.2	7	3.838	7.51	1024.5	4.1	89	45	1	6.6	8.4	1	0	3	1	
2026-04-19 22:00:00	57.74415	17.54295	40	10	0	1	270	0	0	0.014	13.2	7	3.798	7.5	1024.6	4.1	90	45	1	5.7	7.5	1	0	3	1	
2026-04-19 22:20:00	57.75096	17.52324	12	12	0	3	240	0	0	0.014	13.2	6	3.797	7.5	1024.8	4	90	50	1	5.9	7.9	1	0	3	1	
2026-04-19 22:29:58	57.75435	17.51313	14	13	0	3	250	0	0	0.016	13.2	7	3.884	7.51	1024.9	4.1	89	45	1	6	7.3	1	0	3	1	
2026-04-19 22:35:00	57.75597	17.50833	13	14	0	1	250	0	0	0.014	13.2	7	3.921	7.52	1024.8	4.1	89	50	1	6.1	7.4	1	0	3	1	
2026-04-19 22:40:00	57.7578	17.50419	13	15	0	1	250	0	0	0.014	13.2	7	3.969	7.53	1024.8	4.2	89	45	1	5.9	7.8	1	0	3	1	
2026-04-19 22:45:00	57.75972	17.4996	13	16	0	1	250	0	0	0.014	13.2	7	4.01	7.54	1024.7	4.2	89	45	1	6	7.3	1	0	3	1	
2026-04-19 22:50:00	57.76167	17.49522	13	17	0	1	250	0	0	0.014	13.2	7	4.082	7.55	1024.8	4.2	89	45	1	5.8	7.3	1	0	3	1	
2026-04-19 22:55:00	57.76341	17.49084	12	18	0	1	240	0	0	0.016	13.2	7	4.112	7.56	1024.8	4.2	89	50	1	6	7.7	1	0	3	1	
2026-04-19 23:00:00	57.76524	17.48625	13	19	0	1	250	0	0	0.016	13.2	7	4.112	7.56	1024.9	4.2	90	40	1	6.6	7.9	1	0	3	1	
2026-04-19 23:05:00	57.76722	17.48175	13	20	0	2	260	0	0	0.014	13.2	7	4.095	7.56	1024.9	4.2	90	40	1	6.4	7.5	1	0	3	1	
2026-04-19 23:10:00	57.7695	17.47587	15	21	0	1	250	0	0	0.016	13.2	7	4.078	7.55	1025	4.1	90	40	1	5.8	7.2	1	0	3	1	
2026-04-19 23:25:00	57.7737	17.46231	21	23	0	3	260	0	0	0.014	13.2	6	3.985	7.54	1025.3	4	91	40	1	4.8	6.2	1	0	3	1	
2026-04-19 23:35:00	57.77385	17.45454	41	24	0	2	270	0	0	0.016	13.2	6	3.996	7.54	1025.3	4	92	40	1	4.2	5.6	1	0	3	1	
2026-04-19 23:40:00	57.77427	17.45079	11	25	0	1	240	0	0	0.016	13.2	7	3.981	7.54	1025.3	4	91	40	1	5.4	7.1	1	0	3	1	
2026-04-19 23:45:00	57.77577	17.44869	12	26	0	1	240	0	0	0.014	13.2	7	3.985	7.54	1025.2	4.1	91	40	1	5.8	7	1	0	3	1	
2026-04-19 23:50:00	57.77754	17.44731	11	27	0	1	240	0	0	0.014	13.2	7	3.994	7.54	1025.2	4	92	35	1	5.3	6.8	1	0	3	1	
2026-04-19 23:55:00	57.77919	17.44557	11	28	0	1	240	0	0	0.016	13.2	7	3.987	7.54	1025.2	4.1	92	35	1	5	6.4	1	0	3	1	
2026-04-20 00:00:00	57.78072	17.4441	12	29	0	1	240	0	0	0.014	13.2	7	3.995	7.54	1025.2	4	92	35	1	5	6.6	1	0	3	1	
2026-04-20 00:05:00	57.78243	17.44233	12	30	0	1	240	0	0	0.016	13.2	7	3.997	7.54	1025.3	4	92	40	1	4.9	6.5	1	0	3	1	
2026-04-20 00:10:00	57.7839	17.44095	11	31	0	2	240	0	0	0.014	13.2	7	3.999	7.54	1025.3	4	92	40	1	5.2	6.6	1	0	3	1	
2026-04-20 00:15:00	57.78507	17.43948	12	32	0	1	240	0	0	0.016	13.2	7	3.998	7.53	1025.2	4	92	40	1	5.2	6.6	1	0	3	1	
2026-04-20 00:20:00	57.78669	17.43813	12	33	0	1	240	0	0	0.014	13.2	7	4.007	7.54	1025.2	4.1	91	45	1	5.7	7	1	0	3	1	
2026-04-20 00:25:00	57.78822	17.43651	12	34	0	1	240	0	0	0.014	13.2	7	4.037	7.54	1025.3	4.1	91	40	1	5.7	7	1	0	3	1	
2026-04-20 00:30:00	57.78999	17.43513	12	35	0	2	240	0	0	0.014	13.2	7	4.077	7.55	1025.3	4.1	92	40	1	5.2	6.5	1	0	3	1	
2026-04-20 00:35:00	57.79155	17.43399	12	36	0	1	240	0	0	0.016	13.2	7	4.092	7.56	1025.3	4.1	91	40	1	5.3	7.1	1	0	3	1	
2026-04-20 00:50:00	57.7965	17.43042	12	38	0	3	240	0	0	0.014	13.2	6	3.951	7.53	1025.4	4.1	91	35	1	5.6	6.4	1	0	3	1	
2026-04-20 00:55:00	57.79677	17.4282	12	39	0	2	240	0	0	0.014	13.2	7	3.956	7.53	1025.4	4.2	90	45	1	5.6	6.9	1	0	3	1	
2026-04-20 01:50:00	57.81393	17.41401	12	45	0	3	250	0	0	0.014	13.2	6	3.927	7.53	1025.6	4	91	40	1	6.2	7.7	1	0	3	1	
2026-04-20 01:55:00	57.81555	17.41179	13	46	0	1	250	0	0	0.014	13.2	6	3.943	7.53	1025.6	4	91	40	1	6.1	7.6	1	0	3	1	
2026-04-20 02:00:00	57.81732	17.41005	40	47	0	1	270	0	0	0.014	13.2	7	3.98	7.54	1025.6	4	91	40	1	6.2	7.7	1	0	3	1	
2026-04-20 02:05:00	57.81885	17.40858	15	48	0	1	250	0	0	0.014	13.2	7	3.991	7.54	1025.6	4	91	40	1	5.8	7.2	1	0	3	1	
2026-04-20 02:10:00	57.82059	17.40717	14	49	0	1	250	0	0	0.016	13.2	7	3.986	7.54	1025.6	4	91	45	1	6	7.6	1	0	3	1	
2026-04-20 02:20:00	57.82425	17.40381	14	50	0	3	250	0	0	0.016	13.2	6	3.993	7.54	1025.7	4	91	45	1	5.7	7.3	1	0	3	1	
2026-04-20 02:25:00	57.82611	17.40225	13	51	0	1	250	0	0	0.014	13.2	7	4.005	7.54	1025.7	4	91	45	1	5.8	7.9	1	0	3	1	
2026-04-20 02:30:00	57.82779	17.4012	12	52	0	1	240	0	0	0.016	13.2	7	4.004	7.55	1025.7	4	90	45	1	6.1	8	1	0	3	1	
2026-04-20 02:35:00	57.82926	17.40015	12	53	0	1	240	0	0	0.014	13.2	7	3.989	7.54	1025.8	4	90	40	1	5.9	7.4	1	0	3	1	
2026-04-20 02:40:00	57.83106	17.39859	14	54	0	1	250	0	0	0.014	13.2	7	3.907	7.52	1025.8	4	90	40	1	6	7.5	1	0	3	1	
2026-04-20 02:45:00	57.83262	17.39727	12	55	0	2	240	0	0	0.016	13.2	7	3.875	7.52	1025.8	4	90	35	1	5.7	7.1	1	0	3	1	
2026-04-20 02:50:00	57.83427	17.39559	11	56	0	1	240	0	0	0.014	13.2	7	3.855	7.51	1025.8	4	90	35	1	5.8	7.1	1	0	3	1	
2026-04-20 02:55:00	57.83601	17.39382	12	57	0	1	240	0	0	0.016	13.2	7	3.84	7.51	1025.8	4	90	35	1	5.6	6.9	1	0	3	1	
2026-04-20 03:00:00	57.83751	17.39238	13	58	0	1	250	0	0	0.014	13.2	7	3.842	7.51	1025.8	4	90	40	1	5.2	6.6	1	0	3	1	
2026-04-20 03:05:00	57.83907	17.39088	12	59	0	1	240	0	0	0.014	13.2	7	3.846	7.51	1025.9	4	90	35	1	5.7	6.6	1	0	3	1	
2026-04-20 03:15:00	57.84162	17.38818	14	0	0	3	250	0	0	0.014	13.2	6	3.861	7.51	1026	4	90	35	1	5.5	7	1	0	3	1	
2026-04-20 03:25:00	57.84453	17.38479	14	1	0	2	250	0	0	0.016	13.2	6	3.912	7.53	1026.1	4	90	35	1	5.1	6.7	1	0	3	1	
2026-04-20 03:30:00	57.84576	17.38347	13	2	0	1	250	0	0	0.014	13.2	7	3.922	7.53	1026.1	4	90	35	1	5.6	7	1	0	3	1	
2026-04-20 03:35:00	57.84717	17.38155	14	3	0	1	250	0	0	0.014	13.2	7	3.917	7.53	1026.1	4	90	35	1	5.6	7.3	1	0	3	1	
2026-04-20 03:40:00	57.84882	17.37981	15	4	0	1	250	0	0	0.016	13.2	7	3.904	7.53	1026.1	4	90	35	1	6	7.6	1	0	3	1	
2026-04-20 03:45:00	57.85041	17.37822	14	5	0	1	250	0	0	0.016	13.2	7	3.897	7.52	1026.1	4.1	90	35	1	5.9	7.1	1	0	3	1	
2026-04-20 03:50:00	57.85179	17.37699	14	6	0	1	250	0	0	0.016	13.2	7	3.905	7.52	1026.1	4.1	90	35	1	5.8	7.1	1	0	3	1	
2026-04-20 03:55:00	57.85356	17.37516	13	7	0	1	250	0	0	0.014	13.2	7	3.907	7.52	1026.2	4.1	90	35	1	5.9	7.6	1	0	3	1	
2026-04-20 04:00:00	57.85488	17.3736	14	8	0	2	250	0	0	0.016	13.2	7	3.912	7.52	1026.2	4.1	90	35	1	6	7.6	1	0	3	1	
2026-04-20 04:05:00	57.85632	17.3721	14	9	0	1	250	0	0	0.014	13.2	7	3.918	7.53	1026.2	4.1	90	30	1	6.2	7.5	1	0	3	1	
2026-04-20 04:10:00	57.85812	17.37018	14	10	0	1	250	0	0	0.016	13.2	7	3.914	7.53	1026.2	4	91	30	1	5.6	7.3	1	0	3	1	
2026-04-20 04:15:00	57.85935	17.36898	15	11	0	2	250	0	0	0.014	13.2	7	3.913	7.52	1026.3	4	91	30	1	5.8	7.1	1	0	3	1	
2026-04-20 04:20:00	57.86058	17.36751	14	12	0	1	270	0	0	0.016	13.2	7	3.917	7.52	1026.4	4.1	90	30	1	5.9	7	1	0	3	1	
2026-04-20 04:25:00	57.86187	17.36598	12	13	0	1	240	0	0	0.016	13.2	7	3.913	7.53	1026.4	4.1	90	30	1	6	7	1	0	3	1	
2026-04-20 04:30:00	57.86322	17.36403	11	14	0	1	240	0	0	0.016	13.3	7	3.917	7.53	1026.4	4.1	90	30	1	5.9	7.1	1	0	3	1	
2026-04-20 04:35:00	57.86451	17.36241	11	15	0	1	240	0	0	0.014	13.2	7	3.923	7.52	1026.4	4.1	90	30	1	5.5	7.3	1	0	3	1	
2026-04-20 04:40:00	57.86601	17.36079	11	16	0	1	240	0	0	0.014	13.3	7	3.919	7.53	1026.5	4.1	89	30	1	5.5	7.1	1	0	3	1	
2026-04-20 04:49:57	57.86904	17.35752	13	17	0	3	240	0	0	0.014	13.3	7	3.928	7.53	1026.6	4.1	89	25	1	5.7	7.1	1	0	3	1	
2026-04-20 04:55:00	57.87033	17.35602	11	18	0	1	240	0	0	0.014	13.3	7	3.929	7.52	1026.6	4.1	89	25	1	5.5	7.2	1	0	3	1	
2026-04-20 05:00:00	57.87174	17.35452	11	19	0	1	240	0	0	0.014	13.3	7	3.936	7.53	1026.5	4.1	88	30	1	6.2	7.3	1	0	3	1	
2026-04-20 05:05:00	57.87327	17.35293	11	20	0	1	240	0	0	0.014	13.3	7	3.945	7.53	1026.6	4.1	88	30	1	5.7	7.1	1	0	3	1	
2026-04-20 05:10:00	57.87495	17.35122	11	21	0	2	240	0	0	0.014	13.3	7	3.964	7.53	1026.6	4.1	89	30	1	5.3	6.5	1	0	3	1	
2026-04-20 05:15:00	57.87642	17.35008	11	22	0	1	240	0	0	0.014	13.3	7	3.974	7.54	1026.6	4.1	89	35	1	5.8	7.8	1	0	3	1	
2026-04-20 05:20:00	57.8778	17.34888	12	23	0	1	240	0	0	0.014	13.3	7	3.981	7.54	1026.6	4.1	90	35	1	5.6	7.2	1	0	3	1	
2026-04-20 05:25:00	57.87936	17.34726	12	24	0	1	240	0	0	0.014	13.3	7	3.998	7.54	1026.7	4.1	90	30	1	5.4	6.5	1	0	3	1	
2026-04-20 05:30:00	57.88083	17.346	12	25	0	1	240	0	0	0.014	13.4	7	4.012	7.54	1026.7	4.1	90	35	1	5.2	6.8	1	0	3	1	
2026-04-20 06:15:00	57.8928	17.33376	12	30	0	3	240	0	0	0.014	13.5	6	4.052	7.53	1026.9	4.3	90	30	1	4.2	5.3	1	0	3	1	
2026-04-20 06:20:00	57.89409	17.33169	12	31	0	1	240	0	0	0.014	13.5	7	4.047	7.53	1026.9	4.3	90	25	1	4.4	5.5	1	0	3	1	
2026-04-20 06:25:00	57.89526	17.33028	11	32	0	2	240	0	0	0.014	13.5	7	4.057	7.54	1026.9	4.2	91	25	1	4.6	5.9	1	0	3	1	
2026-04-20 06:30:00	57.89658	17.3283	11	33	0	1	240	0	0	0.016	13.5	7	4.055	7.54	1027	4.2	91	25	1	4.6	6.1	1	0	3	1	
2026-04-20 06:35:00	57.89775	17.32671	12	34	0	1	240	0	0	0.014	13.5	7	4.066	7.54	1027	4.2	92	20	1	5.1	6.5	1	0	3	1	
2026-04-20 06:40:00	57.89931	17.32455	12	35	0	1	240	0	0	0.014	13.6	7	4.086	7.55	1027	4.1	92	20	1	5	6.3	1	0	3	1	
2026-04-20 06:45:00	57.9006	17.32245	12	36	0	1	240	0	0	0.014	13.6	7	4.111	7.55	1027.1	4.1	92	15	1	4.9	6	1	0	3	1	
2026-04-20 06:50:00	57.90183	17.3205	12	37	0	2	240	0	0	0.016	13.6	8	4.127	7.56	1027.1	4.1	92	20	1	5.1	6.6	1	0	3	1	
2026-04-20 06:55:00	57.90309	17.31843	12	38	0	1	240	0	0	0.014	13.6	8	4.126	7.56	1027.2	4.1	92	15	1	5.2	6.5	1	0	3	1	
2026-04-20 07:00:00	57.90438	17.31639	13	39	0	1	270	0	0	0.014	13.6	8	4.146	7.56	1027.2	4.2	92	20	1	4.8	5.9	1	0	3	1	
2026-04-20 07:05:00	57.90549	17.31417	11	40	0	1	240	0	0	0.016	13.6	8	4.146	7.56	1027.3	4.2	92	20	1	4.6	5.6	1	0	3	1	
2026-04-20 07:10:00	57.90648	17.31201	12	41	0	1	240	0	0	0.014	13.7	8	4.128	7.56	1027.3	4.2	91	20	1	4.6	6.1	1	0	3	1	
2026-04-20 07:15:00	57.90777	17.3094	11	42	0	1	240	0	0	0.014	13.8	8	4.112	7.56	1027.3	4.2	92	20	1	4.6	6.2	1	0	3	1	
2026-04-20 07:20:00	57.90888	17.30733	11	43	0	1	240	0	0	0.014	13.7	8	4.101	7.56	1027.4	4.2	92	20	1	4.5	5.3	1	0	3	1	
2026-04-20 07:25:00	57.90897	17.30559	11	44	0	1	240	0	0	0.014	13.4	8	4.106	7.56	1027.4	4.2	92	15	1	4.2	5.8	1	0	3	1	
2026-04-20 07:30:00	57.90996	17.30334	12	45	0	1	240	0	0	0.014	13.4	8	4.092	7.56	1027.5	4.2	93	360	1	4.5	6	1	0	3	1	
2026-04-20 07:35:00	57.9108	17.30124	11	46	0	1	240	0	0	0.014	13.3	8	4.097	7.56	1027.5	4.2	92	15	1	3.9	5.2	1	0	3	1	
2026-04-20 07:40:00	57.91164	17.29953	11	47	0	1	240	0	0	0.014	13.3	8	4.118	7.56	1027.6	4.2	92	10	1	4.2	5.8	1	0	3	1	
2026-04-20 07:45:00	57.91248	17.29773	11	48	0	1	240	0	0	0.014	13.3	8	4.142	7.57	1027.6	4.2	92	10	1	4.8	6.2	1	0	3	1	
2026-04-20 07:50:00	57.91347	17.29554	11	49	0	1	240	0	0	0.014	13.3	8	4.151	7.58	1027.6	4.2	93	5	1	4.8	5.6	1	0	3	1	
2026-04-20 07:55:00	57.91395	17.29386	11	50	0	1	240	0	0	0.016	13.3	8	4.137	7.57	1027.6	4.1	93	5	1	5	6.1	1	0	3	1	
2026-04-20 08:00:00	57.91473	17.29218	11	51	0	1	240	0	0	0.014	13.6	8	4.141	7.57	1027.7	4.1	93	5	1	4.6	6.2	1	0	3	1	
2026-04-20 08:05:00	57.91536	17.29017	12	52	0	1	240	0	0	0.014	13.6	8	4.148	7.57	1027.7	4	93	5	1	5	6.2	1	0	3	1	
2026-04-20 08:10:00	57.91632	17.28786	12	53	0	1	240	0	0	0.016	13.4	8	4.156	7.58	1027.7	4	93	5	1	5.8	7.4	1	0	3	1	
2026-04-20 08:15:00	57.91692	17.28507	11	54	0	1	240	0	0	0.014	13.4	8	4.185	7.59	1027.8	4	93	5	1	5	6.2	1	0	3	1	
2026-04-20 08:20:00	57.91785	17.28246	12	55	0	1	240	0	0	0.014	13.3	8	4.186	7.58	1027.8	4	93	0	1	4.8	6.3	1	0	3	1	
2026-04-20 08:25:00	57.91866	17.28018	12	56	0	1	240	0	0	0.014	13.3	8	4.199	7.59	1027.9	4	93	5	1	4.4	5.7	1	0	3	1	
2026-04-20 08:30:00	57.91944	17.27805	13	57	0	1	240	0	0	0.014	13.3	8	4.196	7.59	1027.9	3.9	93	5	1	5.1	6.2	1	0	3	1	
2026-04-20 08:35:00	57.9201	17.27514	13	58	0	1	240	0	0	0.014	13.3	8	4.223	7.59	1027.9	3.9	93	5	1	4.9	5.9	1	0	3	1	
2026-04-20 08:50:00	57.92235	17.26794	12	0	0	3	240	0	0	0.014	13.5	7	4.222	7.59	1027.8	3.9	93	355	1	4.2	5.6	1	0	3	1	
2026-04-20 08:55:00	57.92298	17.26518	12	1	0	1	240	0	0	0.014	13.4	8	4.229	7.59	1027.8	3.8	92	355	1	4.9	6.1	1	0	3	1	
2026-04-20 09:00:00	57.92379	17.26191	12	2	0	1	240	0	0	0.014	13.4	8	4.21	7.58	1027.9	3.8	92	355	1	5.5	6.9	1	0	3	1	
2026-04-20 09:05:00	57.92499	17.25921	16	3	0	1	250	0	0	0.014	13.3	8	4.2	7.59	1027.9	3.8	92	360	1	5	6.7	1	0	3	1	
2026-04-20 09:10:00	57.92514	17.25642	13	4	0	1	260	0	0	0.016	13.3	8	4.216	7.59	1027.9	3.8	92	360	1	4.9	6.1	1	0	3	1	
2026-04-20 09:15:00	57.92598	17.25348	12	5	0	1	250	0	0	0.016	13.3	8	4.205	7.59	1027.9	3.8	92	355	1	5.2	6.5	1	0	3	1	
2026-04-20 09:20:00	57.92709	17.25057	13	6	0	1	270	0	0	0.014	13.3	8	4.206	7.59	1027.9	3.9	92	360	1	4.7	6.1	1	0	3	1	
2026-04-20 09:30:00	57.92805	17.24556	11	7	0	1	240	0	0	0.014	13.3	7	4.192	7.59	1027.9	3.9	92	355	1	4.7	6.1	1	0	3	1	
2026-04-20 09:35:00	57.92862	17.24301	11	8	0	1	240	0	0	0.014	13.6	8	4.194	7.59	1027.9	3.9	92	360	1	4.5	5.5	1	0	3	1	
2026-04-20 09:45:00	57.92928	17.24217	11	9	0	3	240	0	0	0.014	13.4	7	4.19	7.59	1028	3.9	91	360	1	5	6.3	1	0	3	1	
2026-04-20 09:50:00	57.92949	17.24442	11	10	0	2	240	0	0	0.014	13.3	8	4.215	7.59	1028	3.9	92	5	1	4.4	6	1	0	3	1	
2026-04-20 09:55:00	57.92946	17.24727	11	11	0	1	240	0	0	0.014	13.3	8	4.221	7.59	1028	4	92	10	1	4.9	6.2	1	0	3	1	
2026-04-20 10:20:00	57.9324	17.24082	12	14	0	3	240	0	0	0.014	13.4	7	4.173	7.58	1027.9	4.1	90	5	1	4.5	6.3	1	0	3	1	
2026-04-20 10:25:00	57.93315	17.23827	11	15	0	2	240	0	0	0.014	13.3	8	4.153	7.58	1027.8	4.1	90	0	1	4.1	5.5	1	0	3	1	
2026-04-20 10:30:00	57.93384	17.23596	12	16	0	1	240	0	0	0.014	13.3	8	4.154	7.58	1027.8	4.1	90	0	1	4.3	5.6	1	0	3	1	
2026-04-20 10:35:00	57.93453	17.23392	11	17	0	1	240	0	0	0.014	13.3	8	4.11	7.57	1027.8	4.1	90	360	1	4.7	5.5	1	0	3	1	
2026-04-20 10:45:00	57.93558	17.23041	13	18	0	3	240	0	0	0.014	13.3	7	4.062	7.56	1027.8	4.2	91	0	1	3.9	4.7	1	0	3	1	
2026-04-20 10:50:00	57.93597	17.2287	12	19	0	1	250	0	0	0.014	13.3	8	4.045	7.55	1027.8	4.2	91	5	1	3.9	4.9	1	0	3	1	
2026-04-20 10:55:00	57.93651	17.2272	13	20	0	2	250	0	0	0.014	13.5	8	4.024	7.55	1027.8	4.2	90	5	1	4.1	4.9	1	0	3	1	
2026-04-20 11:00:00	57.93711	17.22525	13	21	0	1	250	0	0	0.014	13.4	8	4.043	7.56	1027.8	4.2	90	360	1	4	5.1	1	0	3	1	
2026-04-20 11:05:00	57.93756	17.22363	13	22	0	1	250	0	0	0.014	13.4	8	4.029	7.55	1027.8	4.3	91	5	1	3.8	5	1	0	3	1	
2026-04-20 11:10:00	57.93774	17.22171	13	23	0	1	250	0	0	0.014	13.3	8	4.005	7.55	1027.8	4.2	91	0	1	3.8	4.7	1	0	3	1	
2026-04-20 11:19:58	57.93876	17.21745	13	24	0	2	250	0	0	0.016	13.3	9	4.032	7.55	1027.8	4.2	90	5	1	3.9	5	1	0	3	1	
2026-04-20 11:25:00	57.9384	17.21883	16	25	0	1	250	0	0	0.016	13.3	9	4.009	7.55	1027.9	4.2	90	0	1	4.1	5	1	0	3	1	
2026-04-20 11:30:00	57.93852	17.22084	16	26	0	1	250	0	0	0.014	13.5	9	4.029	7.55	1027.9	4.2	91	360	1	3.7	4.9	1	0	3	1	
2026-04-20 11:40:00	57.93894	17.22447	16	27	0	2	250	0	0	0.016	13.4	8	4.065	7.56	1027.8	4.3	90	355	1	3.8	4.9	1	0	3	1	
2026-04-20 11:45:00	57.93894	17.22288	17	28	0	1	260	0	0	0.014	13.3	8	4.036	7.55	1027.9	4.4	89	355	1	4	5	1	0	3	1	
2026-04-20 11:50:00	57.93963	17.22084	19	29	0	1	270	0	0	0.016	13.3	8	4.027	7.55	1027.9	4.4	89	355	1	4.1	5.2	1	0	3	1	
2026-04-20 11:55:00	57.93999	17.21943	12	30	0	1	240	0	0	0.014	13.3	8	4.042	7.55	1027.8	4.4	89	360	1	3.8	5.5	1	0	3	1	
2026-04-20 12:00:00	57.94059	17.2176	11	31	0	1	240	0	0	0.014	13.3	8	4.065	7.56	1027.9	4.5	89	10	1	3.8	5	1	0	3	1	
2026-04-20 12:05:00	57.94026	17.21868	11	32	0	1	240	0	0	0.016	13.2	8	4.098	7.57	1027.9	4.5	89	5	1	3.9	5.1	1	0	3	1	
2026-04-20 12:10:00	57.94038	17.2206	11	33	0	1	240	0	0	0.014	13.6	8	4.04	7.56	1027.9	4.5	88	5	1	4.1	5.2	1	0	3	1	
2026-04-20 12:15:00	57.94053	17.22246	12	34	0	1	240	0	0	0.014	13.4	8	4.058	7.56	1027.8	4.5	88	5	1	4.2	5.9	1	0	3	1	
2026-04-20 12:20:00	57.9405	17.22522	12	35	0	1	240	0	0	0.014	13.3	8	4.052	7.56	1027.8	4.6	88	5	1	3.9	4.9	1	0	3	1	
2026-04-20 12:25:00	57.94092	17.22354	12	36	0	1	240	0	0	0.016	13.3	9	4.061	7.56	1027.8	4.7	87	10	1	4.5	5.4	1	0	3	1	
2026-04-20 12:30:00	57.94164	17.22207	11	37	0	1	240	0	0	0.014	13.3	8	4.059	7.56	1027.8	4.7	87	10	1	3.9	4.9	1	0	3	1	
2026-04-20 12:35:00	57.9423	17.22009	12	38	0	1	240	0	0	0.014	13.3	8	4.108	7.57	1027.8	4.7	87	15	1	3.6	4.8	1	0	3	1	
2026-04-20 12:40:00	57.94299	17.21862	13	39	0	1	240	0	0	0.014	13.6	8	4.114	7.57	1027.8	4.7	88	10	1	3.6	4.6	1	0	3	1	
2026-04-20 12:45:00	57.94371	17.21727	12	40	0	1	240	0	0	0.016	13.4	8	4.135	7.58	1027.7	4.7	87	15	1	3.5	4.4	1	0	3	1	
2026-04-20 12:50:00	57.94449	17.21601	11	41	0	2	240	0	0	0.014	13.4	8	4.125	7.57	1027.7	4.7	87	15	1	3.9	5.6	1	0	3	1	
2026-04-20 12:55:00	57.94524	17.2146	12	42	0	1	240	0	0	0.014	13.3	8	4.107	7.57	1027.6	4.7	87	20	1	3.9	5	1	0	3	1	
2026-04-20 13:00:00	57.94608	17.21325	13	43	0	1	240	0	0	0.014	13.3	8	4.151	7.58	1027.5	4.7	86	20	1	4.4	5.4	1	0	3	1	
2026-04-20 13:05:00	57.94728	17.21151	12	44	0	1	240	0	0	0.014	13.3	8	4.164	7.59	1027.5	4.7	86	25	1	4.1	5.1	1	0	3	1	
2026-04-20 13:10:00	57.94836	17.21028	12	45	0	1	240	0	0	0.014	13.3	8	4.126	7.58	1027.4	4.7	86	35	1	4	5	1	0	3	1	
2026-04-20 13:15:00	57.94956	17.20938	12	46	0	1	240	0	0	0.014	13.6	8	4.164	7.59	1027.4	4.7	87	45	1	4	5	1	0	3	1	
2026-04-20 13:20:00	57.95076	17.2089	12	47	0	1	240	0	0	0.014	13.4	8	4.186	7.59	1027.4	4.7	87	40	1	3.7	4.7	1	0	3	1	
2026-04-20 13:25:00	57.95163	17.20863	13	48	0	1	240	0	0	0.014	13.4	8	4.16	7.59	1027.4	4.8	85	35	1	3.9	5.1	1	0	3	1	
2026-04-20 13:30:00	57.9528	17.20776	12	49	0	1	240	0	0	0.014	13.3	9	4.131	7.58	1027.5	4.8	85	15	1	3.5	4.5	1	0	3	1	
2026-04-20 13:35:00	57.95355	17.20683	14	50	0	1	250	0	0	0.016	13.3	8	4.153	7.59	1027.5	4.8	85	0	1	3.8	4.7	1	0	3	1	
2026-04-20 13:40:00	57.95406	17.20527	12	51	0	1	240	0	0	0.014	13.3	8	4.159	7.59	1027.5	4.8	85	5	1	3.5	4.4	1	0	3	1	
2026-04-20 13:45:00	57.95478	17.20338	13	52	0	2	250	0	0	0.014	13.3	9	4.145	7.59	1027.5	4.9	84	15	1	3.6	4.5	1	0	3	1	
2026-04-20 13:50:00	57.9555	17.20215	13	53	0	2	250	0	0	0.014	13.8	9	4.145	7.59	1027.4	4.8	84	25	1	3.6	4.4	1	0	3	1	
2026-04-20 13:55:00	57.95643	17.20128	14	54	0	2	250	0	0	0.014	13.5	8	4.183	7.59	1027.3	4.9	83	25	1	3.9	5	1	0	3	1	
2026-04-20 14:10:00	57.95805	17.19402	11	56	0	3	240	0	0	0.014	13.4	8	4.104	7.58	1027.3	4.9	82	35	1	3.9	4.7	1	0	3	1	
2026-04-20 14:25:00	57.95733	17.18739	12	58	0	3	240	0	0	0.014	13.3	7	4.085	7.58	1027.4	4.7	84	40	1	3.7	4.3	1	0	3	1	
2026-04-20 14:30:00	57.95664	17.18943	12	59	0	2	240	0	0	0.016	13.3	8	4.07	7.57	1027.4	4.7	84	35	1	4.2	5.6	1	0	3	1	
2026-04-20 14:35:00	57.9561	17.19111	11	0	0	1	240	0	0	0.014	13.3	8	4.093	7.58	1027.4	4.6	85	40	1	4.1	5.1	1	0	3	1	
2026-04-20 14:40:00	57.95571	17.19297	11	1	0	1	240	0	0	0.014	13.9	8	4.106	7.58	1027.4	4.6	86	40	1	4.1	5.5	1	0	3	1	
2026-04-20 14:45:00	57.95493	17.19504	12	2	0	1	240	0	0	0.014	13.5	8	4.129	7.59	1027.4	4.6	86	40	1	4.1	5.4	1	0	3	1	
2026-04-20 14:50:00	57.9543	17.19699	13	3	0	1	240	0	0	0.014	13.4	8	4.134	7.59	1027.4	4.6	87	40	1	4.3	5.6	1	0	3	1	
2026-04-20 14:55:00	57.95379	17.19864	11	4	0	1	240	0	0	0.014	13.4	8	4.126	7.58	1027.3	4.6	87	40	1	3.8	4.6	1	0	3	1	
2026-04-20 15:00:00	57.95328	17.20005	12	5	0	1	240	0	0	0.014	13.3	8	4.121	7.58	1027.4	4.6	87	35	1	3.6	4.6	1	0	3	1	
2026-04-20 15:05:00	57.95292	17.2014	11	6	0	1	240	0	0	0.014	13.3	8	4.087	7.57	1027.4	4.6	87	40	1	3.7	5	1	0	3	1	
2026-04-20 15:15:00	57.95202	17.20431	12	7	0	3	240	0	0	0.014	13.3	7	4.12	7.58	1027.3	4.6	86	45	1	3.2	4.7	1	0	3	1	
2026-04-20 15:20:00	57.95133	17.20566	12	8	0	1	240	0	0	0.014	13.7	8	4.15	7.59	1027.3	4.6	85	45	1	3.4	4.5	1	0	3	1	
2026-04-20 15:25:00	57.95091	17.20695	11	9	0	1	240	0	0	0.014	13.7	8	4.144	7.58	1027.2	4.6	85	45	1	3.1	4.4	1	0	3	1	
2026-04-20 15:30:00	57.95043	17.20833	12	10	0	1	240	0	0	0.016	13.5	8	4.141	7.58	1027.2	4.7	84	50	1	3.1	4.3	1	0	3	1	
2026-04-20 15:35:00	57.95001	17.20944	11	11	0	1	240	0	0	0.014	13.4	8	4.118	7.58	1027.2	4.7	84	50	1	3.4	4.7	1	0	3	1	
2026-04-20 15:40:00	57.94938	17.21064	12	12	0	2	240	0	0	0.014	13.4	8	4.148	7.58	1027.2	4.7	82	50	1	3.7	4.9	1	0	3	1	
2026-04-20 15:45:00	57.94851	17.21187	12	13	0	1	240	0	0	0.014	13.3	8	4.156	7.58	1027.2	4.7	83	50	1	3.2	4.7	1	0	3	1	
2026-04-20 15:50:00	57.94767	17.21331	12	14	0	1	240	0	0	0.014	13.3	8	4.145	7.58	1027.2	4.8	82	55	1	3.9	5.2	1	0	3	1	
2026-04-20 15:55:00	57.94722	17.21424	12	15	0	1	240	0	0	0.014	13.3	8	4.139	7.57	1027.1	4.8	81	50	1	3.3	4.9	1	0	3	1	
2026-04-20 16:10:00	57.94845	17.21292	12	17	0	3	240	0	0	0.014	13.6	7	4.126	7.58	1027.1	4.8	81	40	1	3.6	5.1	1	0	3	1	
2026-04-20 16:15:00	57.94953	17.21214	12	18	0	1	240	0	0	0.014	13.9	8	4.147	7.58	1027.1	4.8	82	35	1	3.2	4.2	1	0	3	1	
2026-04-20 16:20:00	57.95136	17.21277	12	19	0	1	240	0	0	0.014	13.8	7	4.133	7.58	1027	4.8	82	45	1	3.2	4.2	1	0	3	1	
2026-04-20 16:25:00	57.9501	17.21232	12	20	0	1	240	0	0	0.014	13.6	8	4.129	7.59	1027.1	4.7	83	40	1	2.9	4	1	0	3	1	
2026-04-20 16:30:00	57.94977	17.21352	12	21	0	1	240	0	0	0.014	13.5	8	4.155	7.59	1027	4.7	82	40	1	3	3.8	1	0	3	1	
2026-04-20 16:35:00	57.94956	17.21451	11	22	0	1	240	0	0	0.014	13.4	8	4.153	7.58	1027.1	4.8	81	40	1	2.9	4	1	0	3	1	
2026-04-20 16:40:00	57.94923	17.21562	12	23	0	1	250	0	0	0.016	13.3	8	4.132	7.58	1027.1	4.8	81	40	1	3.1	3.9	1	0	3	1	
2026-04-20 16:45:00	57.9489	17.21658	13	24	0	1	240	0	0	0.014	13.3	8	4.124	7.57	1027.1	4.8	80	40	1	2.7	4.4	1	0	3	1	
2026-04-20 16:50:00	57.94863	17.21775	12	25	0	1	240	0	0	0.014	13.3	8	4.094	7.57	1027.1	4.8	79	30	1	2.7	3.8	1	0	3	1	
2026-04-20 16:55:00	57.94848	17.21862	12	26	0	1	240	0	0	0.016	13.3	8	4.069	7.56	1027.2	4.9	79	5	1	2.3	3.4	1	0	3	1	
2026-04-20 17:00:00	57.94845	17.21937	12	27	0	1	240	0	0	0.014	13.4	7	4.084	7.57	1027.2	5	79	360	1	2.1	3	1	0	3	1	
2026-04-20 17:05:00	57.94845	17.22021	12	28	0	2	250	0	0	0.014	13.4	8	4.069	7.56	1027.2	4.9	81	340	1	1.8	2.7	1	0	3	1	
2026-04-20 17:10:00	57.94854	17.22105	12	29	0	1	240	0	0	0.014	13.4	8	4.075	7.56	1027.2	4.8	82	350	1	2.3	3.3	1	0	3	1	
2026-04-20 17:15:00	57.94863	17.22231	41	30	0	1	270	0	0	0.016	13.4	8	4.06	7.56	1027.2	4.8	83	350	1	2.5	3.2	1	0	3	1	
2026-04-20 17:20:00	57.9486	17.22318	11	31	0	1	240	0	0	0.016	13.4	8	4.064	7.56	1027.1	4.7	84	345	1	1.5	2.3	1	0	3	1	
2026-04-20 17:25:00	57.94854	17.22393	12	32	0	1	240	0	0	0.014	13.4	7	4.071	7.56	1027.2	4.7	82	350	1	2.3	3.3	1	0	3	1	
2026-04-20 17:30:00	57.94833	17.22489	11	33	0	1	240	0	0	0.014	13.3	7	4.084	7.56	1027.2	4.6	82	350	1	2.3	3.1	1	0	3	1	
2026-04-20 17:35:00	57.9483	17.22588	11	34	0	1	240	0	0	0.014	13.3	7	4.077	7.56	1027.2	4.6	82	355	1	2	3.1	1	0	3	1	
2026-04-20 17:40:00	57.9483	17.22684	11	35	0	1	240	0	0	0.016	13.3	7	4.094	7.57	1027.3	4.6	82	355	1	2	2.6	1	0	3	1	
2026-04-20 17:45:00	57.94791	17.22708	12	36	0	1	240	0	0	0.014	13.3	7	4.103	7.57	1027.3	4.5	84	340	1	1.7	2.3	1	0	3	1	
2026-04-20 17:50:00	57.94767	17.22738	11	37	0	1	240	0	0	0.014	13.3	7	4.102	7.57	1027.3	4.5	83	340	1	1.8	2.8	1	0	3	1	
2026-04-20 17:55:00	57.94734	17.22774	12	38	0	1	240	0	0	0.016	13.3	7	4.118	7.57	1027.4	4.4	84	330	1	1.6	2.4	1	0	3	1	
2026-04-20 18:00:00	57.94737	17.22732	12	39	0	1	240	0	0	0.014	13.2	7	4.104	7.57	1027.4	4.4	85	335	1	2.2	3.6	1	0	3	1	
2026-04-20 18:05:00	57.94704	17.22939	12	40	0	1	240	0	0	0.014	13.2	7	4.126	7.57	1027.4	4.4	85	340	1	1.9	2.6	1	0	3	1	
2026-04-20 18:10:00	57.94704	17.23014	12	41	0	2	240	0	0	0.014	13.2	7	4.141	7.58	1027.5	4.4	85	335	1	2.1	2.9	1	0	3	1	
2026-04-20 18:35:00	57.9471	17.22924	41	44	0	3	270	0	0	0.016	13.2	6	4.111	7.57	1027.7	5	70	20	1	3.2	4.8	1	0	3	1	
2026-04-20 18:40:00	57.94773	17.22828	12	45	0	1	240	0	0	0.014	13.2	7	4.107	7.57	1027.7	5.3	59	15	1	2.4	3.6	1	0	3	1	
2026-04-20 18:45:00	57.94764	17.22636	11	46	0	1	240	0	0	0.014	13.2	7	4.095	7.57	1027.7	5.2	70	335	1	2.7	4	1	0	3	1	
2026-04-20 18:50:00	57.94689	17.22465	12	47	0	1	240	0	0	0.014	13.2	7	4.106	7.57	1027.7	5.1	70	340	1	2.3	3.3	1	0	3	1	
2026-04-20 18:55:00	57.94599	17.22399	11	48	0	1	240	0	0	0.016	13.2	7	4.11	7.57	1027.7	4.9	72	350	1	2.8	3.7	1	0	3	1	
2026-04-20 19:00:00	57.94491	17.22438	11	49	0	1	240	0	0	0.014	13.2	7	4.108	7.57	1027.8	5	72	0	1	3.5	4.7	1	0	3	1	
2026-04-20 19:05:00	57.94491	17.2233	11	50	0	1	240	0	0	0.014	13.2	7	4.118	7.57	1027.8	4.9	75	355	1	2.7	3.9	1	0	3	1	
2026-04-20 19:10:00	57.94512	17.22195	12	51	0	1	240	0	0	0.014	13.2	7	4.107	7.57	1027.8	5	73	355	1	2.2	3.1	1	0	3	1	
2026-04-20 19:15:00	57.94551	17.22126	12	52	0	1	240	0	0	0.016	13.2	7	4.095	7.57	1027.8	4.8	77	335	1	2.4	3.2	1	0	3	1	
2026-04-20 19:20:00	57.94554	17.22045	11	53	0	2	240	0	0	0.014	13.2	7	4.092	7.57	1027.8	4.6	80	325	1	2.5	3.5	1	0	3	1	
2026-04-20 19:25:00	57.94566	17.21928	11	54	0	1	240	0	0	0.016	13.2	7	4.067	7.56	1027.8	4.7	78	350	1	2.4	2.9	1	0	3	1	
2026-04-20 19:30:00	57.94605	17.21853	11	55	0	1	240	0	0	0.014	13.2	6	4.068	7.56	1027.7	4.7	78	5	1	1.7	3.2	1	0	3	1	
2026-04-20 19:35:00	57.94632	17.21748	12	56	0	1	240	0	0	0.014	13.2	7	4.039	7.56	1027.8	4.8	76	355	1	2	2.6	1	0	3	1	
2026-04-20 19:40:00	57.94656	17.21646	13	57	0	1	240	0	0	0.014	13.2	6	4.024	7.55	1027.8	4.6	83	325	1	1.8	2.6	1	0	3	1	
2026-04-20 19:45:00	57.94683	17.21571	13	58	0	1	240	0	0	0.014	13.2	7	3.998	7.55	1027.8	4.5	82	340	1	2.3	3	1	0	3	1	
2026-04-20 19:50:00	57.9471	17.2146	13	59	0	2	250	0	0	0.014	13.2	7	3.995	7.55	1027.8	4.8	76	345	1	3.1	3.9	1	0	3	1	
2026-04-20 19:55:00	57.94728	17.21307	12	0	0	1	240	0	0	0.014	13.2	7	3.996	7.54	1027.9	5	73	350	1	3.3	4.2	1	0	3	1	
2026-04-20 20:00:00	57.94782	17.21196	13	1	0	1	250	0	0	0.014	13.2	7	4.015	7.55	1027.9	4.9	76	335	1	2.8	3.6	1	0	3	1	
2026-04-20 20:05:00	57.94794	17.21121	13	2	0	2	250	0	0	0.016	13.2	7	4.008	7.54	1027.8	4.5	84	340	1	2.7	3.7	1	0	3	1	
2026-04-20 20:10:00	57.94815	17.21025	14	3	0	1	250	0	0	0.014	13.2	7	4.019	7.55	1027.8	4.4	85	335	1	2.3	2.9	1	0	3	1	
2026-04-20 20:15:00	57.94833	17.20938	13	4	0	1	250	0	0	0.014	13.2	7	4.034	7.55	1027.9	4.5	82	335	1	2.8	3.7	1	0	3	1	
2026-04-20 20:20:00	57.94872	17.20782	13	5	0	2	250	0	0	0.014	13.2	7	4.027	7.54	1027.9	4.6	82	345	1	2.7	3.5	1	0	3	1	
2026-04-20 20:25:00	57.94902	17.20683	14	6	0	1	250	0	0	0.016	13.2	7	4.034	7.54	1027.9	4.5	83	340	1	2.6	3.2	1	0	3	1	
2026-04-20 20:30:00	57.94932	17.20551	14	7	0	1	250	0	0	0.014	13.2	7	4.013	7.54	1027.9	4.5	83	335	1	3.3	4	1	0	3	1	
2026-04-20 20:35:00	57.94962	17.20431	14	8	0	1	250	0	0	0.016	13.2	7	4.015	7.55	1027.9	4.5	83	340	1	2.9	3.9	1	0	3	1	
2026-04-20 20:40:00	57.94896	17.20404	12	9	0	1	250	0	0	0.014	13.2	7	4.02	7.55	1028	4.5	84	330	1	2.8	3.4	1	0	3	1	
2026-04-20 20:45:00	57.94911	17.20293	14	10	0	1	250	0	0	0.014	13.2	7	4.006	7.55	1028	4.4	86	320	1	2.3	3.1	1	0	3	1	
2026-04-20 21:00:00	57.94929	17.20005	13	12	0	3	250	0	0	0.016	13.2	6	3.993	7.55	1028	4.4	87	330	1	3	3.8	1	0	3	1	
2026-04-20 21:10:00	57.94851	17.1981	13	13	0	3	250	0	0	0.014	13.2	6	3.988	7.55	1028	4.3	88	330	1	3.1	4	1	0	3	1	
2026-04-20 21:55:00	57.94821	17.1885	11	18	0	0	240	0	0	0.014	13.2	5	3.97	7.54	1028.1	4.4	87	340	1	2.7	3.4	1	0	3	1	
2026-04-20 22:00:00	57.9483	17.18748	11	19	0	2	240	0	0	0.014	13.2	6	3.963	7.54	1028	4.3	86	340	1	3.1	4	1	0	3	1	
2026-04-20 22:05:00	57.94848	17.1864	11	20	0	1	240	0	0	0.014	13.2	6	3.967	7.54	1028	4.4	85	335	1	3.1	3.7	1	0	3	1	
2026-04-20 22:10:00	57.94863	17.1852	11	21	0	1	240	0	0	0.014	13.2	6	3.956	7.54	1028	4.4	87	325	1	2.8	3.9	1	0	3	1	
2026-04-20 22:25:00	57.94887	17.18202	12	23	0	3	240	0	0	0.016	13.2	6	3.938	7.53	1028.1	4.3	87	335	1	2.7	3.5	1	0	3	1	
2026-04-20 22:30:00	57.94902	17.18112	11	24	0	2	240	0	0	0.016	13.2	6	3.902	7.53	1028.1	4.3	87	330	1	3.2	4.2	1	0	3	1	
2026-04-20 22:35:00	57.94905	17.1801	12	25	0	1	240	0	0	0.014	13.2	6	3.873	7.52	1028	4.3	87	325	1	3.4	4.2	1	0	3	1	
2026-04-20 22:40:00	57.94899	17.17854	11	26	0	1	240	0	0	0.014	13.2	6	3.874	7.52	1028.1	4.3	87	330	1	3.1	4.3	1	0	3	1	
2026-04-20 22:45:00	57.94908	17.17764	11	27	0	1	240	0	0	0.016	13.2	6	3.882	7.52	1028	4.4	86	330	1	3.4	4.3	1	0	3	1	
2026-04-20 22:50:00	57.94905	17.17656	12	28	0	1	240	0	0	0.014	13.2	6	3.87	7.52	1028	4.4	86	330	1	3.1	3.8	1	0	3	1	
2026-04-20 22:55:00	57.94917	17.17539	12	29	0	1	240	0	0	0.014	13.2	6	3.874	7.52	1028.1	4.4	84	335	1	3.3	4.1	1	0	3	1	
2026-04-20 23:10:00	57.94947	17.17188	12	31	0	3	240	0	0	0.014	13.2	5	3.862	7.52	1028.1	4.4	85	325	1	2.8	3.6	1	0	3	1	
2026-04-20 23:20:00	57.94962	17.17002	12	32	0	3	240	0	0	0.016	13.2	6	3.871	7.52	1028.1	4.4	84	330	1	3.2	4.1	1	0	3	1	
2026-04-20 23:25:00	57.94965	17.16918	12	33	0	1	240	0	0	0.014	13.2	6	3.878	7.52	1028.1	4.4	85	325	1	3.3	3.9	1	0	3	1	
2026-04-20 23:30:00	57.94968	17.16801	12	34	0	1	240	0	0	0.014	13.2	6	3.872	7.52	1028.1	4.4	86	330	1	2.9	3.7	1	0	3	1	
2026-04-20 23:35:00	57.94971	17.16717	12	35	0	1	240	0	0	0.014	13.2	6	3.881	7.52	1028.1	4.3	86	330	1	3	3.7	1	0	3	1	
2026-04-20 23:40:00	57.94965	17.16633	11	36	0	1	240	0	0	0.014	13.2	6	3.877	7.52	1028	4.4	85	330	1	2.7	3.4	1	0	3	1	
2026-04-20 23:45:00	57.94974	17.1654	11	37	0	1	240	0	0	0.014	13.2	6	3.883	7.52	1028.1	4.4	85	325	1	2.7	3.3	1	0	3	1	
2026-04-20 23:50:00	57.94983	17.1645	11	38	0	1	240	0	0	0.014	13.2	6	3.875	7.52	1028.1	4.4	85	335	1	2.6	3.4	1	0	3	1	
2026-04-20 23:55:00	57.94974	17.16324	12	39	0	1	240	0	0	0.014	13.2	6	3.891	7.52	1028.1	4.5	84	330	1	3	3.7	1	0	3	1	
2026-04-21 00:00:00	57.94983	17.16201	40	40	0	1	270	0	0	0.014	13.2	6	3.891	7.52	1028	4.4	86	330	1	2.6	3.3	1	0	3	1	
2026-04-21 00:05:00	57.94989	17.16138	12	41	0	1	240	0	0	0.016	13.2	7	3.894	7.52	1028	4.3	87	330	1	2.9	3.4	1	0	3	1	
2026-04-21 00:10:00	57.94995	17.16063	12	42	0	1	240	0	0	0.014	13.2	6	3.901	7.52	1028	4.3	86	330	1	2.7	3.6	1	0	3	1	
2026-04-21 00:15:00	57.94983	17.15931	11	43	0	1	240	0	0	0.016	13.2	6	3.895	7.52	1028	4.3	86	325	1	2.7	3.6	1	0	3	1	
2026-04-21 00:20:00	57.94989	17.15814	11	44	0	1	240	0	0	0.014	13.2	6	3.906	7.52	1028	4.3	86	330	1	3	3.6	1	0	3	1	
2026-04-21 00:25:00	57.94986	17.15742	11	45	0	2	240	0	0	0.014	13.2	6	3.898	7.52	1028.1	4.3	86	325	1	3	3.8	1	0	3	1	
2026-04-21 00:30:00	57.9498	17.15622	11	46	0	1	240	0	0	0.014	13.2	6	3.891	7.52	1028	4.3	87	325	1	2.6	3.3	1	0	3	1	
2026-04-21 00:35:00	57.9498	17.15535	11	47	0	1	240	0	0	0.014	13.2	6	3.908	7.52	1028.1	4.3	86	330	1	3.2	3.9	1	0	3	1	
2026-04-21 00:40:00	57.94986	17.15421	12	48	0	1	240	0	0	0.014	13.2	6	3.912	7.53	1028	4.3	87	325	1	2.6	3.4	1	0	3	1	
2026-04-21 00:45:00	57.94989	17.15316	11	49	0	1	240	0	0	0.014	13.2	6	3.91	7.53	1028	4.4	85	325	1	3.1	3.8	1	0	3	1	
2026-04-21 00:50:00	57.94992	17.15202	12	50	0	2	240	0	0	0.014	13.2	7	3.916	7.53	1028	4.3	86	320	1	2.9	3.6	1	0	3	1	
2026-04-21 00:55:00	57.94962	17.1513	11	51	0	1	240	0	0	0.014	13.2	6	3.909	7.52	1028	4.3	86	320	1	2.9	3.8	1	0	3	1	
2026-04-21 01:10:00	57.95022	17.15427	12	53	0	3	240	0	0	0.016	13.2	6	3.923	7.53	1028.1	4.3	85	335	1	3.6	4.4	1	0	3	1	
2026-04-21 01:30:00	57.95142	17.15679	11	55	0	3	240	0	0	0.014	13.2	6	3.936	7.53	1028.1	4.3	83	335	1	3.5	4.3	1	0	3	1	
2026-04-21 01:35:00	57.95157	17.15517	11	56	0	1	240	0	0	0.016	13.2	6	3.931	7.53	1028	4.4	81	330	1	3.9	4.9	1	0	3	1	
2026-04-21 02:00:00	57.9516	17.14809	12	59	0	3	240	0	0	0.016	13.2	5	3.981	7.55	1028	4.4	82	330	1	3.5	4.4	1	0	3	1	
2026-04-21 02:15:00	57.9513	17.14362	12	1	0	3	240	0	0	0.016	13.2	6	3.985	7.55	1028.1	4.4	82	330	1	3.4	4.1	1	0	3	1	
2026-04-21 02:20:00	57.95127	17.14194	12	2	0	1	240	0	0	0.014	13.2	6	4.002	7.55	1028.1	4.4	82	335	1	3.2	4.3	1	0	3	1	
2026-04-21 02:25:00	57.95139	17.14389	14	3	0	1	250	0	0	0.014	13.2	6	3.989	7.55	1028.1	4.4	82	330	1	3.5	4.6	1	0	3	1	
2026-04-21 02:30:00	57.9519	17.14599	14	4	0	1	250	0	0	0.014	13.2	6	3.998	7.56	1028	4.4	81	335	1	4	5.2	1	0	3	1	
2026-04-21 02:35:00	57.95253	17.14845	14	5	0	1	250	0	0	0.016	13.2	6	4.005	7.56	1028	4.4	82	330	1	3.8	4.8	1	0	3	1	
2026-04-21 02:40:00	57.95316	17.15037	13	6	0	1	240	0	0	0.014	13.2	6	4.012	7.56	1028	4.4	81	330	1	3.5	4.6	1	0	3	1	
2026-04-21 02:45:00	57.95304	17.14935	12	7	0	1	240	0	0	0.014	13.2	6	4.004	7.55	1028	4.4	82	330	1	3.6	4.6	1	0	3	1	
2026-04-21 03:00:00	57.95355	17.14467	12	9	0	3	240	0	0	0.014	13.2	6	4.041	7.57	1027.9	4.3	82	340	1	3.9	4.9	1	0	3	1	
2026-04-21 03:05:00	57.9537	17.14317	13	10	0	2	250	0	0	0.014	13.2	6	4.044	7.57	1027.9	4.3	81	340	1	4	5.1	1	0	3	1	
2026-04-21 03:10:00	57.95391	17.14125	12	11	0	1	250	0	0	0.014	13.2	6	4.064	7.57	1027.9	4.3	81	340	1	4.2	5.3	1	0	3	1	
2026-04-21 03:15:00	57.95412	17.13969	13	12	0	1	250	0	0	0.014	13.2	6	4.094	7.58	1027.9	4.3	82	340	1	4	5.2	1	0	3	1	
2026-04-21 03:20:00	57.9543	17.13783	13	13	0	1	250	0	0	0.016	13.2	7	4.105	7.59	1027.9	4.3	82	335	1	4.1	5.2	1	0	3	1	
2026-04-21 03:25:00	57.95466	17.1396	13	14	0	1	250	0	0	0.014	13.2	7	4.107	7.59	1027.9	4.3	82	335	1	4.4	5.6	1	0	3	1	
2026-04-21 03:30:00	57.95523	17.14164	13	15	0	1	250	0	0	0.016	13.2	7	4.11	7.59	1027.8	4.3	82	335	1	4	5.5	1	0	3	1	
2026-04-21 03:35:00	57.95559	17.14401	14	16	0	1	250	0	0	0.014	13.2	7	4.085	7.58	1027.8	4.3	82	330	1	4.3	5.5	1	0	3	1	
2026-04-21 03:40:00	57.95634	17.14626	32	17	0	2	260	0	0	0.016	13.2	7	4.09	7.58	1027.7	4.3	80	330	1	3.8	5.1	1	0	3	1	
2026-04-21 03:45:00	57.95604	17.14491	11	18	0	1	240	0	0	0.016	13.2	7	4.093	7.58	1027.7	4.3	82	335	1	4.3	5.4	1	0	3	1	
2026-04-21 03:50:00	57.95613	17.14323	11	19	0	1	240	0	0	0.016	13.2	7	4.121	7.59	1027.7	4.3	81	330	1	4.2	5.3	1	0	3	1	
2026-04-21 03:55:00	57.95628	17.14179	11	20	0	1	240	0	0	0.016	13.2	7	4.137	7.6	1027.7	4.3	82	335	1	3.5	4.7	1	0	3	1	
2026-04-21 04:00:00	57.95646	17.14023	12	21	0	1	240	0	0	0.014	13.2	7	4.166	7.61	1027.7	4.3	80	335	1	4.3	5.3	1	0	3	1	
2026-04-21 04:05:00	57.9567	17.14206	11	22	0	2	240	0	0	0.014	13.2	7	4.156	7.6	1027.7	4.3	80	330	1	4.4	5.5	1	0	3	1	
2026-04-21 04:10:00	57.95742	17.14476	12	23	0	1	240	0	0	0.014	13.2	7	4.143	7.6	1027.7	4.3	81	330	1	4.1	4.8	1	0	3	1	
2026-04-21 04:15:00	57.95817	17.14692	12	24	0	1	240	0	0	0.014	13.2	7	4.151	7.6	1027.8	4.3	80	330	1	3.8	4.7	1	0	3	1	
2026-04-21 04:20:00	57.95886	17.14902	12	25	0	1	240	0	0	0.016	13.2	7	4.141	7.6	1027.8	4.3	81	330	1	3.7	4.8	1	0	3	1	
2026-04-21 04:25:00	57.95871	17.14848	11	26	0	1	240	0	0	0.016	13.2	7	4.151	7.6	1027.8	4.4	80	330	1	3.6	4.8	1	0	3	1	
2026-04-21 04:30:00	57.95877	17.14665	12	27	0	1	240	0	0	0.014	13.2	7	4.175	7.61	1027.8	4.4	80	330	1	3.7	4.8	1	0	3	1	
2026-04-21 04:35:00	57.95886	17.14521	11	28	0	1	240	0	0	0.014	13.2	7	4.201	7.61	1027.8	4.4	77	330	1	4.1	5.1	1	0	3	1	
2026-04-21 04:40:00	57.95895	17.14413	11	29	0	2	240	0	0	0.016	13.2	7	4.212	7.62	1027.7	4.4	76	320	1	3.7	4.9	1	0	3	1	
2026-04-21 04:50:00	57.9588	17.14104	11	30	0	3	240	0	0	0.016	13.3	6	4.225	7.62	1027.8	4.5	77	320	1	4.1	5.5	1	0	3	1	
2026-04-21 05:05:00	57.9588	17.1393	23	32	0	3	260	0	0	0.014	13.3	6	4.204	7.62	1027.8	4.4	77	320	1	3.8	5.4	1	0	3	1	
2026-04-21 05:10:00	57.95964	17.14152	13	33	0	2	250	0	0	0.014	13.3	7	4.204	7.61	1027.7	4.4	75	325	1	4	5.1	1	0	3	1	
2026-04-21 05:15:00	57.9603	17.14356	14	34	0	1	250	0	0	0.014	13.3	7	4.214	7.62	1027.6	4.4	75	325	1	4.3	5.2	1	0	3	1	
2026-04-21 05:30:00	57.96261	17.14938	12	36	0	3	240	0	0	0.014	13.3	6	4.227	7.62	1027.6	4.4	78	320	1	3.2	4.3	1	0	3	1	
2026-04-21 05:35:00	57.9633	17.15115	12	37	0	2	240	0	0	0.014	13.4	7	4.237	7.62	1027.7	4.4	79	320	1	3.6	4.7	1	0	3	1	
2026-04-21 05:40:00	57.96399	17.15286	12	38	0	1	240	0	0	0.014	13.4	7	4.236	7.62	1027.7	4.4	77	320	1	4.1	5.1	1	0	3	1	
2026-04-21 05:45:00	57.96483	17.15484	12	39	0	2	240	0	0	0.014	13.3	7	4.25	7.63	1027.7	4.4	78	320	1	4	5.2	1	0	3	1	
2026-04-21 05:50:00	57.96522	17.1561	12	40	0	1	240	0	0	0.016	13.4	7	4.244	7.62	1027.7	4.4	78	320	1	3.5	4.7	1	0	3	1	
2026-04-21 05:55:00	57.96624	17.15817	16	41	0	1	260	0	0	0.014	13.4	7	4.246	7.63	1027.7	4.5	76	320	1	4	5.2	1	0	3	1	
2026-04-21 06:00:00	57.96714	17.16027	40	42	0	1	270	0	0	0.014	13.3	7	4.249	7.63	1027.6	4.5	77	315	1	4	4.6	1	0	3	1	
2026-04-21 06:05:00	57.96777	17.16183	12	43	0	1	240	0	0	0.016	13.4	7	4.256	7.63	1027.5	4.5	80	315	1	3.6	4.3	1	0	3	1	
2026-04-21 06:10:00	57.96852	17.16345	12	44	0	1	240	0	0	0.016	13.4	7	4.242	7.62	1027.5	4.5	79	315	1	3.6	4.5	1	0	3	1	
2026-04-21 06:25:00	57.97113	17.16903	11	46	0	3	240	0	0	0.014	13.5	6	4.216	7.62	1027.5	4.5	77	315	1	3.6	4.8	1	0	3	1	
2026-04-21 06:30:00	57.97197	17.17089	12	47	0	1	240	0	0	0.014	13.5	7	4.233	7.62	1027.5	4.5	76	320	1	3.3	4.2	1	0	3	1	
2026-04-21 06:40:00	57.97347	17.17446	12	48	0	3	240	0	0	0.014	13.5	6	4.257	7.63	1027.5	4.5	78	310	1	3.2	3.9	1	0	3	1	
2026-04-21 06:45:00	57.97428	17.17605	11	49	0	1	240	0	0	0.014	13.5	7	4.261	7.62	1027.5	4.5	78	310	1	3	4.2	1	0	3	1	
2026-04-21 06:50:00	57.97491	17.17773	12	50	0	1	240	0	0	0.014	13.5	7	4.261	7.63	1027.5	4.5	78	310	1	3.2	4.1	1	0	3	1	
2026-04-21 06:55:00	57.97563	17.17905	11	51	0	1	240	0	0	0.014	13.6	7	4.279	7.63	1027.6	4.6	80	310	1	3	3.6	1	0	3	1	
2026-04-21 07:00:00	57.97623	17.18037	11	52	0	1	240	0	0	0.014	13.5	7	4.287	7.64	1027.6	4.6	79	315	1	3	4.1	1	0	3	1	
2026-04-21 07:05:00	57.97683	17.1822	11	53	0	1	240	0	0	0.014	13.5	7	4.291	7.64	1027.6	4.6	80	315	1	3.1	4.1	1	0	3	1	
2026-04-21 07:15:00	57.97809	17.18535	13	54	0	3	240	0	0	0.014	13.5	7	4.319	7.64	1027.7	4.5	82	320	1	3	3.8	1	0	3	1	
2026-04-21 07:20:00	57.97866	17.18676	11	55	0	1	240	0	0	0.014	13.6	7	4.309	7.64	1027.8	4.5	82	325	1	3.5	4.1	1	0	3	1	
2026-04-21 07:25:00	57.97935	17.18868	11	56	0	1	240	0	0	0.014	13.6	7	4.336	7.65	1027.8	4.5	82	330	1	3.5	4.2	1	0	3	1	
2026-04-21 07:30:00	57.97995	17.19024	12	57	0	1	240	0	0	0.014	13.6	7	4.332	7.65	1027.8	4.5	84	330	1	3.2	3.9	1	0	3	1	
2026-04-21 07:35:00	57.98058	17.19192	12	58	0	1	240	0	0	0.014	13.7	7	4.375	7.66	1027.8	4.5	85	330	1	2.8	3.7	1	0	3	1	
2026-04-21 07:40:00	57.981	17.19339	13	59	0	1	240	0	0	0.014	13.8	7	4.346	7.65	1027.8	4.5	84	330	1	2.4	3.2	1	0	3	1	
2026-04-21 07:45:00	57.98136	17.1948	11	0	0	1	240	0	0	0.016	13.7	8	4.388	7.66	1027.7	4.6	84	335	1	2.6	3.3	1	0	3	1	
2026-04-21 07:50:00	57.98181	17.19639	11	1	0	1	240	0	0	0.014	13.4	8	4.422	7.67	1027.7	4.6	84	340	1	2.5	3.4	1	0	3	1	
2026-04-21 07:55:00	57.98265	17.19795	13	2	0	1	240	0	0	0.014	13.4	8	4.436	7.67	1027.7	4.6	82	340	1	2.6	3.5	1	0	3	1	
2026-04-21 08:00:00	57.98247	17.19903	11	3	0	1	240	0	0	0.014	13.3	8	4.482	7.68	1027.7	4.6	82	340	1	2.5	3.4	1	0	3	1	
2026-04-21 08:05:00	57.98274	17.20065	13	4	0	1	250	0	0	0.014	13.3	8	4.53	7.69	1027.6	4.6	82	340	1	2.3	3.1	1	0	3	1	
2026-04-21 08:10:00	57.98298	17.20203	11	5	0	1	250	0	0	0.014	13.3	8	4.546	7.7	1027.6	4.6	81	345	1	2	2.7	1	0	3	1	
2026-04-21 08:15:00	57.98319	17.20332	12	6	0	1	240	0	0	0.014	13.8	8	4.52	7.69	1027.7	4.6	82	350	1	2	2.8	1	0	3	1	
2026-04-21 08:20:00	57.98337	17.20455	11	7	0	1	240	0	0	0.014	13.6	8	4.474	7.68	1027.7	4.7	83	345	1	1.7	2.4	1	0	3	1	
2026-04-21 08:25:00	57.98358	17.20608	41	8	0	1	270	0	0	0.014	13.4	8	4.549	7.7	1027.7	4.7	83	345	1	1.9	2.7	1	0	3	1	
2026-04-21 08:35:00	57.9834	17.20854	11	9	0	2	240	0	0	0.014	13.4	7	4.545	7.69	1027.7	4.7	84	360	1	2	2.5	1	0	3	1	
2026-04-21 08:40:00	57.98367	17.21019	11	10	0	1	240	0	0	0.014	13.3	8	4.587	7.71	1027.7	4.7	85	345	1	2.1	2.8	1	0	3	1	
2026-04-21 08:45:00	57.98382	17.2116	11	11	0	1	240	0	0	0.014	13.3	8	4.565	7.7	1027.7	4.7	85	345	1	1.5	2.1	1	0	3	1	
2026-04-21 08:50:00	57.98403	17.21298	11	12	0	1	240	0	0	0.014	13.3	8	4.589	7.7	1027.7	4.9	83	5	1	1.9	2.5	1	0	3	1	
2026-04-21 08:55:00	57.98361	17.21409	11	13	0	1	240	0	0	0.014	13.5	8	4.514	7.69	1027.7	4.8	84	350	1	1.6	2.6	1	0	3	1	
2026-04-21 09:00:00	57.98379	17.21535	11	14	0	1	240	0	0	0.014	13.6	8	4.591	7.71	1027.6	4.8	84	335	1	2.1	2.6	1	0	3	1	
2026-04-21 09:05:00	57.984	17.21676	12	15	0	1	240	0	0	0.014	13.5	8	4.63	7.72	1027.6	4.8	83	350	1	1.4	1.9	1	0	3	1	
2026-04-21 09:10:00	57.98418	17.21793	12	16	0	1	240	0	0	0.014	13.4	8	4.659	7.72	1027.6	4.9	83	345	1	1.5	2.4	1	0	3	1	
2026-04-21 09:15:00	57.98436	17.21907	11	17	0	1	240	0	0	0.014	13.3	9	4.831	7.77	1027.6	4.9	82	340	1	1.9	2.6	1	0	3	1	
2026-04-21 09:20:00	57.98457	17.22009	12	18	0	1	240	0	0	0.014	13.3	9	4.84	7.76	1027.6	4.9	82	340	1	2	2.3	1	0	3	1	
2026-04-21 09:25:00	57.98478	17.22114	11	19	0	1	240	0	0	0.014	13.3	9	4.796	7.75	1027.5	4.9	83	340	1	1.7	2.4	1	0	3	1	
2026-04-21 09:40:00	57.98532	17.22417	11	21	0	3	240	0	0	0.016	13.4	8	4.828	7.76	1027.4	4.9	83	345	1	1.5	2.3	1	0	3	1	
2026-04-21 09:45:00	57.98544	17.2251	11	22	0	2	240	0	0	0.016	13.4	9	4.812	7.75	1027.3	5	81	340	1	1.1	1.7	1	0	3	1	
2026-04-21 09:50:00	57.98562	17.22588	12	23	0	1	240	0	0	0.014	13.3	9	4.808	7.75	1027.3	5	83	320	1	1.4	2.1	1	0	3	1	
2026-04-21 09:55:00	57.98586	17.22666	11	24	0	1	240	0	0	0.016	13.3	9	4.905	7.77	1027.2	5	84	320	1	1.4	2	1	0	3	1	
2026-04-21 10:00:00	57.98613	17.22741	11	25	0	1	240	0	0	0.014	13.6	10	4.905	7.77	1027.2	5.1	84	325	1	1.6	2.3	1	0	3	1	
2026-04-21 10:05:00	57.9864	17.22822	12	26	0	2	240	0	0	0.014	13.4	10	4.855	7.76	1027.2	5.1	84	340	1	1.1	1.5	1	0	3	1	
2026-04-21 10:10:00	57.98661	17.22906	12	27	0	1	240	0	0	0.014	13.4	10	4.919	7.77	1027.2	5.1	83	335	1	1.8	2.2	1	0	3	1	
2026-04-21 10:15:00	57.98688	17.2299	12	28	0	1	240	0	0	0.014	13.3	11	4.982	7.79	1027.2	5.1	84	330	1	1.9	2.5	1	0	3	1	
2026-04-21 10:20:00	57.98709	17.23074	12	29	0	2	240	0	0	0.016	13.3	11	4.935	7.78	1027.1	5.4	82	330	1	1.5	1.9	1	0	3	1	
2026-04-21 10:25:00	57.98673	17.23149	12	30	0	1	240	0	0	0.014	13.8	11	4.945	7.78	1027.1	5.3	82	355	1	1.4	1.8	1	0	3	1	
2026-04-21 10:30:00	57.98697	17.23251	11	31	0	1	240	0	0	0.016	13.5	11	4.935	7.78	1027	5.3	82	340	1	1.5	2.5	1	0	3	1	
2026-04-21 10:35:00	57.98715	17.23338	15	32	0	1	250	0	0	0.014	13.4	11	5.034	7.8	1027	5.3	82	345	1	1.4	1.7	1	0	3	1	
2026-04-21 10:40:00	57.98742	17.23422	11	33	0	1	240	0	0	0.014	13.4	11	5.035	7.8	1027	5.3	82	350	1	1.3	1.9	1	0	3	1	
2026-04-21 10:45:00	57.98766	17.23518	11	34	0	1	250	0	0	0.014	13.3	11	5.053	7.8	1027	5.4	81	340	1	1.3	1.9	1	0	3	1	
2026-04-21 10:50:00	57.98781	17.23608	12	35	0	1	240	0	0	0.014	13.3	12	5.179	7.83	1026.9	5.5	79	335	1	1.1	2.2	1	0	3	1	
2026-04-21 10:55:00	57.98799	17.23689	12	36	0	1	240	0	0	0.014	13.6	12	5.141	7.82	1026.8	5.5	80	325	1	1.2	1.5	1	0	3	1	
2026-04-21 11:00:00	57.98823	17.23764	12	37	0	2	240	0	0	0.016	13.4	12	5.088	7.81	1026.9	5.6	80	330	1	0.9	1.3	1	0	3	1	
2026-04-21 11:05:00	57.98835	17.23836	14	38	0	1	260	0	0	0.014	13.4	12	5.262	7.84	1026.9	5.7	80	355	1	0.8	1.2	1	0	3	1	
2026-04-21 11:10:00	57.98844	17.23899	14	39	0	1	250	0	0	0.014	13.3	12	5.173	7.82	1026.8	5.9	78	360	1	0.8	1.8	1	0	3	1	
2026-04-21 11:15:00	57.98838	17.23947	13	40	0	1	250	0	0	0.016	13.3	12	5.299	7.81	1026.8	6	77	330	1	0.6	1.1	1	0	3	1	
2026-04-21 11:20:00	57.98835	17.23998	12	41	0	1	240	0	0	0.014	13.7	12	5.329	7.78	1026.8	6.1	77	310	1	0.7	1.2	1	0	3	1	
2026-04-21 11:25:00	57.98829	17.24052	12	42	0	1	240	0	0	0.016	13.5	12	5.449	7.81	1026.7	6.1	78	310	1	0.7	1.2	1	0	3	1	
2026-04-21 11:30:00	57.98829	17.24094	12	43	0	2	240	0	0	0.014	13.4	12	5.684	7.86	1026.7	6.3	77	290	1	0.8	1.3	1	0	3	1	
2026-04-21 11:35:00	57.9882	17.2413	13	44	0	1	250	0	0	0.016	13.4	12	5.547	7.83	1026.6	6.3	76	270	1	0.9	1.4	1	0	3	1	
2026-04-21 11:40:00	57.98829	17.24184	12	45	0	1	240	0	0	0.014	13.3	12	5.674	7.86	1026.5	6.6	75	280	1	0.6	1.3	1	0	3	1	
2026-04-21 11:45:00	57.98835	17.2422	12	46	0	1	250	0	0	0.014	13.6	12	5.585	7.84	1026.5	6.5	73	325	1	0.7	1	1	0	3	1	
2026-04-21 11:50:00	57.98823	17.24253	15	47	0	1	250	0	0	0.014	13.5	13	5.708	7.87	1026.5	6.6	72	280	1	0.6	0.9	1	0	3	1	
2026-04-21 11:55:00	57.9882	17.24283	14	48	0	1	250	0	0	0.014	13.4	13	5.853	7.89	1026.5	6.8	72	270	1	0.9	1.4	1	0	3	1	
2026-04-21 12:00:00	57.9882	17.24331	14	49	0	1	250	0	0	0.014	13.3	13	5.939	7.91	1026.4	6.9	69	285	1	0.6	0.9	1	0	3	1	
2026-04-21 12:05:00	57.98826	17.24349	17	50	0	1	250	0	0	0.014	13.3	13	5.777	7.87	1026.5	6.9	69	335	1	0.4	0.8	1	0	3	1	
2026-04-21 12:10:00	57.98835	17.24373	17	51	0	1	250	0	0	0.014	13.6	13	5.661	7.87	1026.4	7	70	260	1	0.9	1.4	1	0	3	1	
2026-04-21 12:15:00	57.98829	17.244	14	52	0	1	250	0	0	0.014	13.4	14	6.058	7.95	1026.3	7.2	70	260	1	0.7	1	1	0	3	1	
2026-04-21 12:20:00	57.98835	17.24433	17	53	0	1	260	0	0	0.014	13.4	14	5.69	7.86	1026.2	7.1	70	270	1	0.7	1.2	1	0	3	1	
2026-04-21 12:25:00	57.98835	17.24481	14	54	0	1	250	0	0	0.014	13.3	14	5.931	7.92	1026.2	7.1	69	305	1	0.7	1	1	0	3	1	
2026-04-21 12:30:00	57.98835	17.24514	14	55	0	1	250	0	0	0.016	13.3	14	6.118	7.91	1026.1	7.2	70	265	1	1.1	1.7	1	0	3	1	
2026-04-21 12:35:00	57.98871	17.24604	15	56	0	1	250	0	0	0.014	13.7	14	5.976	7.88	1026	7.3	68	285	1	1.1	1.5	1	0	3	1	
2026-04-21 12:40:00	57.98895	17.24658	14	57	0	1	250	0	0	0.014	13.5	14	5.996	7.88	1025.9	7.5	66	250	1	0.9	1.3	1	0	3	1	
2026-04-21 12:45:00	57.98922	17.2473	14	58	0	1	250	0	0	0.014	13.4	15	6.224	7.93	1025.8	7.5	69	260	1	1.5	2.1	1	0	3	1	
2026-04-21 12:50:00	57.98979	17.24814	14	59	0	1	250	0	0	0.014	13.4	14	6.179	7.88	1025.7	7.6	68	265	1	1.3	1.8	1	0	3	1	
2026-04-21 12:55:00	57.99036	17.24883	14	0	0	1	250	0	0	0.014	13.3	15	6.498	7.96	1025.6	7.5	68	275	1	1.3	1.8	1	0	3	1	
2026-04-21 13:00:00	57.99087	17.24955	14	1	0	1	250	0	0	0.014	13.3	15	6.291	7.9	1025.6	7.4	73	280	1	0.9	1.4	1	0	3	1	
2026-04-21 13:05:00	57.99129	17.25009	13	2	0	1	250	0	0	0.014	13.9	15	6.759	7.99	1025.6	7.6	71	300	1	1.2	1.6	1	0	3	1	
2026-04-21 13:10:00	57.99174	17.25111	14	3	0	2	250	0	0	0.014	13.6	15	6.714	7.98	1025.5	7.9	68	305	1	1	1.4	1	0	3	1	
2026-04-21 13:15:00	57.99204	17.25186	13	4	0	1	250	0	0	0.014	13.4	15	6.851	8	1025.4	8	69	280	1	1.5	2	1	0	3	1	
2026-04-21 13:20:00	57.99228	17.25255	14	5	0	2	250	0	0	0.016	13.4	15	7.214	8.03	1025.4	7.9	71	270	1	1.6	1.9	1	0	3	1	
2026-04-21 13:25:00	57.99309	17.25396	15	6	0	1	250	0	0	0.014	13.3	15	6.587	7.9	1025.3	7.9	72	255	1	1.5	2	1	0	3	1	
2026-04-21 13:30:00	57.99381	17.25483	15	7	0	1	250	0	0	0.014	13.3	15	6.912	8.15	1025.2	7.9	73	250	1	1.1	1.5	1	0	3	1	
2026-04-21 13:35:00	57.99447	17.25513	15	8	0	2	250	0	0	0.014	13.3	15	6.343	8.02	1025.1	7.9	74	250	1	1.1	1.5	1	0	3	1	
2026-04-21 13:40:00	57.99501	17.25543	15	9	0	1	250	0	0	0.014	13.6	15	6.517	8.06	1025.1	8.2	75	240	1	0.7	1.2	1	0	3	1	
2026-04-21 13:45:00	57.99531	17.25582	17	10	0	1	260	0	0	0.014	13.5	15	6.594	8.07	1025	8.3	73	195	1	0.7	1	1	0	3	1	
2026-04-21 13:50:00	57.99576	17.25687	15	11	0	1	250	0	0	0.014	13.4	15	6.74	8.1	1024.9	8.5	75	235	1	1	1.4	1	0	3	1	
2026-04-21 13:55:00	57.99621	17.25783	16	12	0	1	280	0	0	0.014	13.4	15	6.872	8.12	1024.9	8.3	78	195	1	1.1	1.4	1	0	3	1	
2026-04-21 14:04:58	57.99747	17.25783	12	13	0	1	240	0	0	0.014	13.3	16	6.289	8.06	1024.6	7.9	78	190	1	1.8	2.2	1	0	3	1	
2026-04-21 14:30:00	57.99957	17.24982	12	16	0	3	240	0	0	0.014	13.5	14	6.385	8.1	1024.2	7	81	210	1	2.7	3.4	1	0	3	1	
2026-04-21 14:39:57	58.00047	17.2464	13	17	0	3	240	0	0	0.014	13.4	14	6.285	8.08	1024.1	6.9	81	205	1	2.5	3	1	0	3	1	
2026-04-21 14:45:00	58.00089	17.24487	11	18	0	1	240	0	0	0.014	13.4	13	6.413	8.11	1024	6.9	81	205	1	2	2.6	1	0	3	1	
2026-04-21 14:50:00	58.00125	17.24352	11	19	0	1	240	0	0	0.016	13.3	13	6.294	8.08	1023.9	6.8	81	190	1	2.2	2.9	1	0	3	1	
2026-04-21 14:55:00	58.00161	17.24226	11	20	0	2	240	0	0	0.014	13.3	13	6.252	8.07	1023.8	6.8	82	190	1	2.3	2.9	1	0	3	1	
2026-04-21 15:00:00	58.00188	17.24094	11	21	0	1	240	0	0	0.014	13.5	13	6.24	8.06	1023.8	6.7	82	200	1	2.5	3.1	1	0	3	1	
2026-04-21 15:05:00	58.00206	17.23968	11	22	0	2	240	0	0	0.014	13.8	13	6.311	8.08	1023.7	6.8	82	195	1	2.5	3	1	0	3	1	
2026-04-21 15:10:00	58.00236	17.23836	11	23	0	1	240	0	0	0.014	13.7	12	6.215	8.06	1023.7	6.8	85	225	1	1.7	2.1	1	0	3	1	
2026-04-21 15:15:00	58.00263	17.23755	11	24	0	1	240	0	0	0.014	13.5	12	5.878	7.98	1023.6	6.7	84	190	1	2	2.6	1	0	3	1	
2026-04-21 15:20:00	58.00272	17.23668	11	25	0	1	240	0	0	0.014	13.4	12	6.128	8.03	1023.5	6.8	85	205	1	2.3	2.7	1	0	3	1	
2026-04-21 15:25:00	58.0029	17.23581	11	26	0	1	240	0	0	0.014	13.4	12	5.956	7.99	1023.5	6.6	85	195	1	2.4	3.1	1	0	3	1	
2026-04-21 15:30:00	58.00305	17.23461	11	27	0	1	240	0	0	0.014	13.3	12	5.879	7.97	1023.5	6.6	85	220	1	2.4	2.8	1	0	3	1	
2026-04-21 15:35:00	58.00329	17.23374	11	28	0	1	240	0	0	0.014	13.3	11	5.774	7.95	1023.5	6.6	86	225	1	2.3	2.7	1	0	3	1	
2026-04-21 15:40:00	58.00365	17.23263	12	29	0	1	240	0	0	0.014	13.3	11	5.758	7.95	1023.5	6.5	86	215	1	2.2	2.8	1	0	3	1	
2026-04-21 15:45:00	58.00398	17.23164	12	30	0	1	240	0	0	0.014	13.3	11	5.603	7.92	1023.4	6.5	85	215	1	2.8	3.3	1	0	3	1	
2026-04-21 15:50:00	58.00425	17.23044	12	31	0	1	240	0	0	0.014	13.3	11	5.653	7.93	1023.5	6.5	86	225	1	2.4	3	1	0	3	1	
2026-04-21 15:55:00	58.00452	17.2296	11	32	0	1	240	0	0	0.014	13.4	11	5.636	7.93	1023.4	6.4	87	210	1	2.5	3	1	0	3	1	
2026-04-21 16:00:00	58.00479	17.22828	40	33	0	1	270	0	0	0.014	13.4	11	5.619	7.92	1023.3	6.4	87	220	1	2.3	2.7	1	0	3	1	
2026-04-21 16:05:00	58.00518	17.22738	11	34	0	1	240	0	0	0.014	13.5	11	5.651	7.91	1023.3	6.3	87	220	1	2.4	2.8	1	0	3	1	
2026-04-21 16:10:00	58.00554	17.22612	11	35	0	2	240	0	0	0.014	13.6	11	5.687	7.92	1023.3	6.3	86	220	1	2.3	2.8	1	0	3	1	
2026-04-21 16:15:00	58.00593	17.22498	11	36	0	1	240	0	0	0.014	13.9	10	5.579	7.89	1023.2	6.3	86	220	1	2.5	3.1	1	0	3	1	
2026-04-21 16:20:00	58.00635	17.22369	11	37	0	1	240	0	0	0.014	13.9	10	5.676	7.92	1023.1	6.3	86	215	1	3.1	3.7	1	0	3	1	
2026-04-21 16:25:00	58.00674	17.22246	11	38	0	1	240	0	0	0.014	13.6	10	5.591	7.89	1023.1	6.2	85	220	1	3.5	4.1	1	0	3	1	
2026-04-21 16:30:00	58.00719	17.22123	11	39	0	1	240	0	0	0.014	13.5	10	5.557	7.89	1023	6.2	85	215	1	3.2	3.8	1	0	3	1	
2026-04-21 16:35:00	58.00761	17.22003	11	40	0	1	240	0	0	0.014	13.4	10	5.591	7.9	1023	6.2	84	215	1	3.1	3.7	1	0	3	1	
2026-04-21 16:40:00	58.008	17.21886	11	41	0	1	240	0	0	0.016	13.4	10	5.554	7.89	1023	6.2	83	210	1	3.3	3.8	1	0	3	1	
2026-04-21 16:45:00	58.00827	17.21763	11	42	0	1	240	0	0	0.016	13.3	10	5.54	7.89	1022.9	6.2	82	205	1	2.7	3.3	1	0	3	1	
2026-04-21 16:50:00	58.00854	17.21646	11	43	0	1	240	0	0	0.016	13.3	10	5.487	7.88	1022.9	6.1	82	210	1	2.6	3.1	1	0	3	1	
2026-04-21 16:55:00	58.00872	17.21529	11	44	0	1	240	0	0	0.014	13.3	10	5.324	7.84	1023	6.2	81	210	1	3.4	3.9	1	0	3	1	
2026-04-21 17:00:00	58.00899	17.21415	11	45	0	1	240	0	0	0.014	13.3	10	5.332	7.84	1023	6.3	80	215	1	2.9	3.5	1	0	3	1	
2026-04-21 17:05:00	58.00932	17.21298	11	46	0	1	240	0	0	0.014	13.3	10	5.24	7.82	1022.9	6.2	80	215	1	3.4	4.2	1	0	3	1	
2026-04-21 17:10:00	58.00971	17.21172	11	47	0	1	240	0	0	0.014	13.3	9	5.338	7.86	1022.9	6.3	78	220	1	3.7	4.4	1	0	3	1	
2026-04-21 17:15:00	58.0101	17.21028	12	48	0	2	240	0	0	0.016	13.3	10	5.277	7.84	1022.8	6.3	78	215	1	3.8	4.7	1	0	3	1	
2026-04-21 17:20:00	58.01055	17.20893	11	49	0	1	240	0	0	0.014	13.3	9	5.32	7.84	1022.8	6.4	77	225	1	3.9	4.8	1	0	3	1	
2026-04-21 17:25:00	58.01094	17.20782	12	50	0	1	240	0	0	0.016	13.3	9	5.379	7.85	1022.8	6.5	76	225	1	3.5	4.3	1	0	3	1	
2026-04-21 17:30:00	58.01151	17.20653	11	51	0	1	240	0	0	0.014	13.2	9	5.402	7.86	1022.8	6.5	76	230	1	3.6	4.5	1	0	3	1	
2026-04-21 17:35:00	58.01202	17.20539	13	52	0	2	240	0	0	0.016	13.2	9	5.434	7.87	1022.7	6.4	75	230	1	3.6	4.5	1	0	3	1	
2026-04-21 17:40:00	58.01262	17.20419	11	53	0	1	240	0	0	0.014	13.2	9	5.254	7.83	1022.7	6.4	75	225	1	3.3	4	1	0	3	1	
2026-04-21 17:45:00	58.01301	17.20326	12	54	0	2	240	0	0	0.014	13.2	9	5.05	7.78	1022.7	6.4	75	225	1	3.3	4.2	1	0	3	1	
2026-04-21 17:50:00	58.01334	17.20242	12	55	0	1	240	0	0	0.014	13.2	9	5.036	7.78	1022.7	6.4	75	225	1	2.9	3.4	1	0	3	1	
2026-04-21 17:55:00	58.01361	17.2017	12	56	0	2	240	0	0	0.014	13.2	9	5.092	7.77	1022.8	6.4	74	225	1	2.9	3.7	1	0	3	1	
2026-04-21 18:00:00	58.01385	17.20101	11	57	0	1	240	0	0	0.016	13.2	9	5.093	7.79	1022.8	6.6	72	225	1	2.8	3.5	1	0	3	1	
2026-04-21 18:20:00	58.01613	17.19738	13	59	0	3	240	0	0	0.014	13.2	8	5.009	7.76	1022.7	6.3	74	230	1	3.3	4.1	1	0	3	1	
2026-04-21 18:30:00	58.01712	17.19516	12	0	0	2	240	0	0	0.014	13.2	7	4.47	7.65	1022.8	6.4	71	230	1	3.3	4.3	1	0	3	1	
2026-04-21 18:35:00	58.0176	17.19414	12	1	0	1	240	0	0	0.016	13.2	8	4.479	7.65	1022.7	6.3	73	225	1	2.9	3.6	1	0	3	1	
2026-04-21 18:40:00	58.01793	17.19342	13	2	0	1	240	0	0	0.014	13.2	8	4.479	7.65	1022.7	6.2	75	220	1	2.5	3.3	1	0	3	1	
2026-04-21 18:45:00	58.01844	17.19285	13	3	0	1	240	0	0	0.014	13.2	8	4.542	7.66	1022.7	6.2	75	220	1	2.6	3.3	1	0	3	1	
2026-04-21 18:50:00	58.01886	17.19204	12	4	0	1	240	0	0	0.014	13.2	8	4.592	7.67	1022.7	6.2	75	225	1	2.2	2.7	1	0	3	1	
2026-04-21 18:55:00	58.01913	17.19135	41	5	0	1	270	0	0	0.014	13.2	8	4.685	7.69	1022.7	6.3	75	220	1	1.8	2.2	1	0	3	1	
2026-04-21 19:00:00	58.01934	17.19159	12	6	0	1	240	0	0	0.014	13.2	8	4.648	7.68	1022.7	6.1	77	200	1	1.4	1.9	1	0	3	1	
2026-04-21 19:05:00	58.01994	17.19141	11	7	0	1	240	0	0	0.016	13.2	8	4.593	7.67	1022.7	5.9	80	200	1	1.8	2.3	1	0	3	1	
2026-04-21 19:10:00	58.02003	17.19087	11	8	0	2	240	0	0	0.014	13.2	8	4.685	7.7	1022.7	5.7	82	180	1	1.5	1.7	1	0	3	1	
2026-04-21 19:15:00	58.01997	17.1903	11	9	0	1	240	0	0	0.014	13.2	8	4.719	7.7	1022.7	5.5	84	145	1	1.4	1.6	1	0	3	1	
2026-04-21 19:20:00	58.01982	17.18985	11	10	0	1	240	0	0	0.014	13.2	8	4.702	7.7	1022.8	5.3	87	110	1	1.7	2	1	0	3	1	
2026-04-21 19:25:00	58.01934	17.18937	13	11	0	1	240	0	0	0.014	13.2	8	4.655	7.68	1022.8	5.7	81	170	1	1.7	2.1	1	0	3	1	
2026-04-21 19:30:00	58.01907	17.18898	11	12	0	1	240	0	0	0.016	13.2	8	4.665	7.68	1022.8	5.8	80	170	1	1.5	2.1	1	0	3	1	
2026-04-21 19:35:00	58.01895	17.18859	11	13	0	2	240	0	0	0.016	13.2	8	4.617	7.67	1022.8	5.8	80	140	1	2.3	2.9	1	0	3	1	
2026-04-21 19:40:00	58.01829	17.18763	11	14	0	1	240	0	0	0.014	13.2	8	4.65	7.7	1022.8	6.5	74	175	1	2.4	2.9	1	0	3	1	
2026-04-21 19:45:00	58.01793	17.18691	11	15	0	1	240	0	0	0.014	13.2	8	4.749	7.71	1022.7	6.3	76	180	1	1.8	2.1	1	0	3	1	
2026-04-21 19:50:00	58.01778	17.18661	11	16	0	2	240	0	0	0.014	13.2	8	4.752	7.71	1022.7	6	79	180	1	2	2.4	1	0	3	1	
2026-04-21 19:55:00	58.01754	17.18592	11	17	0	1	240	0	0	0.014	13.2	8	4.728	7.71	1022.6	5.9	81	165	1	1.3	1.6	1	0	3	1	
2026-04-21 20:00:00	58.0173	17.1855	11	18	0	1	240	0	0	0.014	13.2	8	4.766	7.71	1022.6	5.6	85	135	1	1.7	2	1	0	3	1	
2026-04-21 20:05:00	58.01688	17.18496	12	19	0	2	240	0	0	0.016	13.2	8	4.923	7.75	1022.7	5.8	81	170	1	1.7	2.1	1	0	3	1	
2026-04-21 20:10:00	58.0164	17.18427	12	20	0	1	240	0	0	0.016	13.2	8	5.056	7.77	1022.6	5.9	81	175	1	2	2.3	1	0	3	1	
2026-04-21 20:15:00	58.01613	17.18382	12	21	0	1	240	0	0	0.014	13.2	8	5.053	7.77	1022.6	5.8	83	175	1	1.8	2.2	1	0	3	1	
2026-04-21 20:20:00	58.01583	17.18337	12	22	0	1	240	0	0	0.014	13.2	8	5.082	7.78	1022.6	6	81	185	1	1.8	2.2	1	0	3	1	
2026-04-21 20:25:00	58.01556	17.18289	11	23	0	1	240	0	0	0.016	13.2	8	5.098	7.78	1022.6	5.9	81	190	1	1.7	1.9	1	0	3	1	
2026-04-21 20:30:00	58.01535	17.18226	12	24	0	1	240	0	0	0.014	13.2	8	5.069	7.77	1022.5	5.8	83	185	1	2	2.4	1	0	3	1	
2026-04-21 20:45:00	58.01481	17.18238	12	26	0	3	240	0	0	0.014	13.2	7	5.045	7.76	1022.4	5.6	85	170	1	1.5	1.9	1	0	3	1	
2026-04-21 21:00:00	58.01388	17.18544	12	28	0	3	240	0	0	0.014	13.2	7	5.006	7.75	1022.4	5.4	86	155	1	1.7	2.1	1	0	3	1	
2026-04-21 21:05:00	58.01406	17.1873	26	29	0	1	270	0	0	0.014	13.2	7	5.03	7.75	1022.4	5.4	86	155	1	1.5	1.7	1	0	3	1	
2026-04-21 21:25:00	58.01664	17.19276	12	32	0	3	240	0	0	0.014	13.2	7	4.549	7.65	1022.2	5.4	85	160	1	1.8	2.2	1	0	3	1	
2026-04-21 21:30:00	58.01742	17.1942	12	33	0	1	240	0	0	0.016	13.2	7	4.442	7.62	1022.2	5.4	85	155	1	1.5	1.8	1	0	3	1	
2026-04-21 21:45:00	58.01928	17.19786	12	35	0	3	240	0	0	0.014	13.2	6	4.509	7.63	1022.1	5.2	86	175	1	1.1	1.4	1	0	3	1	
2026-04-21 21:50:00	58.01982	17.199	11	36	0	1	240	0	0	0.014	13.2	7	4.511	7.62	1022.2	5.2	87	95	1	2.5	2.9	1	0	3	1	
2026-04-21 21:55:00	58.02093	17.19927	11	37	0	1	240	0	0	0.016	13.2	7	4.582	7.68	1022.2	5.5	85	195	1	2.6	3.3	1	0	3	1	
2026-04-21 22:00:00	58.02201	17.19939	13	38	0	1	240	0	0	0.014	13.2	7	4.622	7.69	1022.1	5.3	87	100	1	1.6	2.1	1	0	3	1	
2026-04-21 22:05:00	58.02294	17.19978	11	39	0	1	250	0	0	0.016	13.2	7	4.646	7.69	1022	5.5	85	120	1	1.6	1.9	1	0	3	1	
2026-04-21 22:10:00	58.02402	17.20044	12	40	0	2	240	0	0	0.014	13.2	7	4.61	7.69	1022	5.5	84	125	1	1.4	1.8	1	0	3	1	
2026-04-21 22:15:00	58.0248	17.20095	12	41	0	1	240	0	0	0.014	13.2	7	4.637	7.7	1021.9	5.3	87	135	1	2.1	2.4	1	0	3	1	
2026-04-21 22:20:00	58.02594	17.2017	12	42	0	1	240	0	0	0.014	13.2	7	4.596	7.69	1021.9	5.3	87	165	1	1.6	2	1	0	3	1	
2026-04-21 22:25:00	58.02681	17.20242	12	43	0	2	240	0	0	0.014	13.2	7	4.587	7.69	1021.8	5.2	88	150	1	1	1.3	1	0	3	1	
2026-04-21 22:30:00	58.02729	17.20356	12	44	0	1	240	0	0	0.016	13.2	7	4.652	7.7	1021.8	5.2	87	135	1	1.3	1.6	1	0	3	1	
2026-04-21 22:35:00	58.02789	17.2047	11	45	0	1	240	0	0	0.014	13.2	7	4.647	7.7	1021.7	5.2	86	170	1	1.1	1.5	1	0	3	1	
2026-04-21 22:40:00	58.02849	17.20569	11	46	0	3	240	0	0	0.016	13.2	7	4.615	7.7	1021.8	5.3	85	155	1	1.5	1.7	1	0	3	1	
2026-04-21 22:55:00	58.03023	17.20947	12	48	0	3	240	0	0	0.014	13.2	6	4.658	7.7	1021.5	5.1	87	195	1	1.4	1.7	1	0	3	1	
2026-04-21 23:00:00	58.03059	17.21088	12	49	0	1	240	0	0	0.016	13.2	7	4.395	7.64	1021.4	5	88	205	1	1.4	1.7	1	0	3	1	
2026-04-21 23:05:00	58.03086	17.21247	12	50	0	1	240	0	0	0.016	13.2	7	4.396	7.64	1021.4	5	88	215	1	1.3	1.7	1	0	3	1	
2026-04-21 23:10:00	58.03095	17.21412	12	51	0	1	240	0	0	0.014	13.2	7	4.444	7.65	1021.4	5	88	200	1	1.4	1.7	1	0	3	1	
2026-04-21 23:15:00	58.03101	17.21565	12	52	0	1	240	0	0	0.014	13.2	7	4.455	7.65	1021.3	4.9	89	215	1	1.2	1.4	1	0	3	1	
2026-04-21 23:20:00	58.03095	17.21706	12	53	0	1	240	0	0	0.014	13.2	7	4.477	7.65	1021.2	4.8	90	210	1	1.3	1.5	1	0	3	1	
2026-04-21 23:25:00	58.03179	17.21721	12	54	0	1	240	0	0	0.016	13.2	7	4.429	7.64	1021.1	4.8	90	230	1	1.6	1.9	1	0	3	1	
2026-04-21 23:30:00	58.03266	17.21742	12	55	0	1	250	0	0	0.014	13.2	7	4.406	7.64	1021.1	4.8	91	240	1	1.6	2	1	0	3	1	
2026-04-21 23:35:00	58.03353	17.21808	12	56	0	1	240	0	0	0.014	13.2	7	4.409	7.64	1021.1	4.9	90	245	1	1.8	2.1	1	0	3	1	
2026-04-21 23:40:00	58.03443	17.21916	13	57	0	2	250	0	0	0.014	13.2	7	4.415	7.64	1021.1	5.3	86	270	1	1.9	2.1	1	0	3	1	
2026-04-21 23:45:00	58.03521	17.22054	17	58	0	1	250	0	0	0.014	13.2	7	4.463	7.66	1021	5.3	87	275	1	1.8	2.1	1	0	3	1	
2026-04-21 23:50:00	58.03581	17.2221	13	59	0	1	250	0	0	0.016	13.2	7	4.638	7.7	1020.9	5.6	85	280	1	2.3	2.7	1	0	3	1	
2026-04-21 23:55:00	58.03638	17.2242	18	0	0	1	260	0	0	0.014	13.2	7	4.716	7.71	1020.8	5.7	84	285	1	2.4	2.8	1	0	3	1	
2026-04-22 00:00:00	58.03692	17.22678	40	1	0	1	270	0	0	0.014	13.2	7	4.757	7.72	1020.9	6	82	285	1	3.4	4	1	0	3	1	
2026-04-22 00:05:00	58.03779	17.22741	11	2	0	1	240	0	0	0.014	13.2	7	4.738	7.72	1020.8	6	81	290	1	2.1	2.5	1	0	3	1	
2026-04-22 00:10:00	58.03836	17.2275	11	3	0	1	240	0	0	0.014	13.2	7	4.714	7.71	1020.7	6	82	310	1	1.4	2.1	1	0	3	1	
2026-04-22 00:15:00	58.03863	17.22771	11	4	0	1	240	0	0	0.014	13.2	7	4.701	7.71	1020.6	5.9	83	290	1	2.4	2.9	1	0	3	1	
2026-04-22 00:20:00	58.03908	17.22792	11	5	0	1	240	0	0	0.016	13.2	7	4.679	7.7	1020.6	5.9	82	290	1	2.5	2.9	1	0	3	1	
2026-04-22 00:25:00	58.03983	17.22807	12	6	0	2	240	0	0	0.016	13.2	7	4.659	7.7	1020.6	6.2	79	295	1	3.2	3.7	1	0	3	1	
2026-04-22 00:30:00	58.04073	17.22831	12	7	0	1	240	0	0	0.014	13.2	7	4.707	7.71	1020.5	6.7	75	295	1	3.6	4.5	1	0	3	1	
2026-04-22 00:35:00	58.04175	17.22873	12	8	0	2	240	0	0	0.014	13.2	7	4.712	7.71	1020.4	6.8	74	300	1	2.3	3.1	1	0	3	1	
2026-04-22 00:40:00	58.04238	17.22912	11	9	0	1	240	0	0	0.014	13.2	7	4.734	7.72	1020.4	6.5	77	305	1	1.7	2.3	1	0	3	1	
2026-04-22 00:45:00	58.04301	17.22978	12	10	0	2	240	0	0	0.016	13.2	7	4.707	7.71	1020.4	6.5	76	295	1	4.2	5	1	0	3	1	
2026-04-22 00:55:00	58.04538	17.23005	12	11	0	3	240	0	0	0.014	13.2	6	4.701	7.71	1020.2	6.4	76	280	1	5.1	5.9	1	0	3	1	
2026-04-22 01:00:00	58.04643	17.22984	12	12	0	1	240	0	0	0.014	13.2	7	4.845	7.74	1020.2	6.5	76	280	1	4.9	5.7	1	0	3	1	
2026-04-22 01:09:58	58.04862	17.22987	11	13	0	3	190	0	0	0.014	13.2	8	4.967	7.77	1020.2	6.2	78	280	1	4.5	5.3	1	1	3	0	
2026-04-22 01:45:00	58.05429	17.23545	11	17	0	3	240	0	0	0.014	13.2	6	4.77	7.74	1020.2	5.7	83	290	1	3.5	4.6	1	0	3	1	
2026-04-22 01:50:00	58.05504	17.23575	12	18	0	1	240	0	0	0.014	13.2	7	4.707	7.72	1020.2	5.7	84	300	1	3.1	4.5	1	0	3	1	
2026-04-22 01:55:00	58.05549	17.23596	12	19	0	2	240	0	0	0.014	13.2	8	4.676	7.72	1020.1	5.8	82	305	1	4	5	1	0	3	1	
2026-04-22 02:00:00	58.05651	17.23671	12	20	0	1	240	0	0	0.014	13.2	7	4.712	7.72	1020.1	5.8	82	295	1	3.6	4.5	1	0	3	1	
2026-04-22 02:10:00	58.05813	17.23755	12	21	0	2	240	0	0	0.014	13.2	7	4.603	7.7	1020.2	5.8	83	305	1	3.9	5.2	1	0	3	1	
2026-04-22 02:15:00	58.059	17.23845	12	22	0	1	240	0	0	0.014	13.2	7	4.658	7.72	1020.2	5.8	83	305	1	4	5	1	0	3	1	
2026-04-22 02:20:00	58.06005	17.23941	11	23	0	1	240	0	0	0.014	13.2	7	4.689	7.73	1020.1	5.8	83	305	1	4	4.9	1	0	3	1	
2026-04-22 02:25:00	58.06095	17.24007	11	24	0	1	240	0	0	0.014	13.2	7	4.685	7.73	1020.1	5.9	82	315	1	4.7	6.1	1	0	3	1	
2026-04-22 02:30:00	58.06167	17.24076	11	25	0	1	240	0	0	0.014	13.2	7	4.653	7.72	1020.1	6.3	79	310	1	4.5	5.4	1	0	3	1	
2026-04-22 02:35:00	58.06284	17.24247	11	26	0	1	240	0	0	0.016	13.2	7	4.618	7.71	1020	6.4	79	315	1	5.3	6.5	1	0	3	1	
2026-04-22 02:45:00	58.06503	17.24544	13	27	0	3	240	0	0	0.014	13.2	7	4.453	7.67	1020	6.1	80	325	1	5	6.3	1	0	3	1	
2026-04-22 02:50:00	58.06584	17.24739	11	28	0	1	240	0	0	0.014	13.2	7	4.357	7.65	1019.9	6	81	335	1	5.8	7.2	1	0	3	1	
2026-04-22 02:55:00	58.0665	17.24868	12	29	0	1	250	0	0	0.016	13.2	7	4.292	7.64	1019.9	5.7	82	340	1	5.9	7.3	1	0	3	1	
2026-04-22 03:00:00	58.06641	17.25189	13	30	0	1	250	0	0	0.014	13.2	7	4.215	7.62	1019.9	5.7	82	350	1	6.4	7.7	1	0	3	1	
2026-04-22 03:05:00	58.06623	17.25285	13	31	0	1	250	0	0	0.016	13.2	7	4.226	7.62	1020.1	5.7	83	350	1	6.8	8.8	1	0	3	1	
2026-04-22 03:15:00	58.06701	17.25936	14	32	0	3	250	0	0	0.014	13.2	7	4.391	7.65	1020.2	5.5	84	350	1	7.7	9.3	1	0	3	1	
2026-04-22 03:30:00	58.06857	17.2575	14	34	0	3	250	0	0	0.014	13.2	7	4.388	7.65	1020.3	5.5	84	360	1	7.8	9.6	1	0	3	1	
2026-04-22 03:35:00	58.06938	17.25414	13	35	0	1	250	0	0	0.014	13.2	7	4.348	7.65	1020.4	5.4	85	360	1	6.7	8.2	1	0	3	1	
2026-04-22 03:40:00	58.07001	17.25072	16	36	0	1	250	0	0	0.016	13.2	7	4.333	7.64	1020.5	5.3	86	355	1	6.9	9	1	0	3	1	
2026-04-22 03:45:00	58.07001	17.25285	16	37	0	1	260	0	0	0.014	13.2	7	4.299	7.64	1020.6	5.4	85	0	1	7.1	8.7	1	0	3	1	
2026-04-22 03:50:00	58.07013	17.25624	16	38	0	1	280	0	0	0.014	13.2	7	4.275	7.63	1020.6	5.3	86	360	1	5.7	7	1	0	3	1	
2026-04-22 03:59:59	58.06926	17.26122	14	39	0	1	250	0	0	0.014	13.2	8	4.246	7.63	1020.6	5.2	87	360	1	5.1	6.5	1	0	3	1	
2026-04-22 04:05:00	58.06911	17.25957	13	40	0	1	250	0	0	0.014	13.2	7	4.252	7.62	1020.6	5.1	88	355	1	5.2	6.3	1	0	3	1	
2026-04-22 04:10:00	58.06941	17.25714	13	41	0	1	250	0	0	0.014	13.2	7	4.116	7.6	1020.7	5.1	88	355	1	5.1	6.2	1	0	3	1	
2026-04-22 04:15:00	58.06962	17.25483	14	42	0	2	250	0	0	0.016	13.2	8	4.18	7.61	1020.7	5	89	350	1	4.6	5.6	1	0	3	1	
2026-04-22 04:20:00	58.0698	17.25234	12	43	0	1	240	0	0	0.016	13.2	7	4.227	7.62	1020.7	5.1	89	355	1	4	4.9	1	0	3	1	
2026-04-22 04:25:00	58.06959	17.25315	14	44	0	1	250	0	0	0.014	13.2	7	4.228	7.62	1020.7	5	89	350	1	4.2	5.3	1	0	3	1	
2026-04-22 04:30:00	58.06953	17.25519	14	45	0	1	250	0	0	0.014	13.2	7	4.21	7.62	1020.8	5	90	350	1	3.9	5	1	0	3	1	
2026-04-22 04:35:00	58.06944	17.25732	14	46	0	2	250	0	0	0.014	13.2	7	4.206	7.62	1020.9	4.9	90	350	1	3.7	4.7	1	0	3	1	
2026-04-22 04:40:00	58.0695	17.25948	13	47	0	2	240	0	0	0.014	13.2	8	4.16	7.61	1021	4.9	91	345	1	3.9	4.6	1	0	3	1	
2026-04-22 04:49:57	58.06995	17.26308	12	48	0	3	240	0	0	0.014	13.2	8	4.162	7.61	1021	4.9	91	340	1	4	5.2	1	0	3	1	
2026-04-22 04:55:00	58.07013	17.26518	13	49	0	2	250	0	0	0.016	13.2	8	4.171	7.61	1021	4.9	90	340	1	4.2	5	1	0	3	1	
2026-04-22 05:00:00	58.07022	17.26719	13	50	0	1	250	0	0	0.014	13.2	7	4.235	7.62	1021	5	90	340	1	4.5	5.8	1	0	3	1	
2026-04-22 05:09:59	58.07073	17.27052	15	51	0	3	250	0	0	0.014	13.3	8	4.244	7.63	1020.9	5.1	88	340	1	4.5	5.7	1	0	3	1	
2026-04-22 05:15:00	58.07106	17.27259	14	52	0	1	250	0	0	0.014	13.3	7	4.233	7.62	1021	5.2	88	335	1	4.5	5.6	1	0	3	1	
2026-04-22 05:30:00	58.07082	17.27067	14	54	0	3	250	0	0	0.014	13.3	7	4.217	7.62	1020.8	5.3	88	325	1	4.2	5.3	1	0	3	1	
2026-04-22 05:40:00	58.07019	17.26608	18	55	0	3	260	0	0	0.014	13.4	7	4.231	7.62	1020.9	5.3	88	325	1	4	5.3	1	0	3	1	
2026-04-22 05:45:00	58.07043	17.26731	14	56	0	1	250	0	0	0.014	13.3	7	4.228	7.62	1020.9	5.3	87	325	1	4.5	5.6	1	0	3	1	
2026-04-22 05:50:00	58.07106	17.26875	20	57	0	1	260	0	0	0.014	13.4	7	4.203	7.62	1020.9	5.4	86	325	1	4.5	5.5	1	0	3	1	
2026-04-22 05:55:00	58.07181	17.27004	18	58	0	1	260	0	0	0.014	13.4	8	4.19	7.61	1020.8	5.4	86	325	1	4.3	5.2	1	0	3	1	
2026-04-22 06:10:00	58.07361	17.27442	11	0	0	3	240	0	0	0.014	13.4	7	4.212	7.62	1020.9	5.5	85	325	1	4.8	5.8	1	0	3	1	
2026-04-22 06:20:00	58.07472	17.27769	12	1	0	3	240	0	0	0.014	13.5	7	4.23	7.62	1020.9	5.5	85	320	1	4.4	5.8	1	0	3	1	
2026-04-22 06:25:00	58.07541	17.27937	11	2	0	1	240	0	0	0.014	13.4	7	4.231	7.62	1020.8	5.5	85	325	1	4.1	5.4	1	0	3	1	
2026-04-22 06:30:00	58.07586	17.28099	12	3	0	2	240	0	0	0.014	13.4	8	4.237	7.62	1020.7	5.5	85	320	1	4.6	5.6	1	0	3	1	
2026-04-22 06:35:00	58.0764	17.28198	12	4	0	1	240	0	0	0.016	13.5	8	4.209	7.62	1020.6	5.4	85	325	1	4.6	5.3	1	0	3	1	
2026-04-22 06:40:00	58.07679	17.28294	12	5	0	1	240	0	0	0.014	13.4	7	4.231	7.62	1020.6	5.4	86	330	1	4.4	5.7	1	0	3	1	
2026-04-22 06:45:00	58.07718	17.28438	11	6	0	1	240	0	0	0.014	13.4	7	4.261	7.63	1020.6	5.3	86	325	1	3.5	4.5	1	0	3	1	
2026-04-22 06:50:00	58.07757	17.28543	12	7	0	1	240	0	0	0.014	13.5	8	4.263	7.63	1020.6	5.4	86	325	1	3.4	4.3	1	0	3	1	
2026-04-22 06:55:00	58.07799	17.28654	11	8	0	1	240	0	0	0.014	13.5	8	4.287	7.63	1020.6	5.4	86	320	1	3.9	4.6	1	0	3	1	
2026-04-22 07:00:00	58.07835	17.28756	11	9	0	2	240	0	0	0.016	13.6	8	4.263	7.63	1020.5	5.4	86	325	1	3.5	4.4	1	0	3	1	
2026-04-22 07:05:00	58.07889	17.28849	11	10	0	1	240	0	0	0.014	13.5	8	4.277	7.63	1020.5	5.5	85	325	1	4.1	5.1	1	0	3	1	
2026-04-22 07:10:00	58.07928	17.2899	11	11	0	2	240	0	0	0.016	13.5	8	4.264	7.62	1020.4	5.4	86	325	1	4	4.8	1	0	3	1	
2026-04-22 07:15:00	58.08006	17.29167	11	12	0	1	240	0	0	0.014	13.6	8	4.269	7.63	1020.5	5.5	86	325	1	4.1	4.8	1	0	3	1	
2026-04-22 07:20:00	58.08057	17.29275	11	13	0	2	240	0	0	0.014	13.6	8	4.269	7.63	1020.5	5.4	86	325	1	4.1	5.3	1	0	3	1	
2026-04-22 07:25:00	58.08102	17.29422	11	14	0	1	240	0	0	0.014	13.6	8	4.295	7.63	1020.6	5.4	87	330	1	4.5	5.5	1	0	3	1	
2026-04-22 07:30:00	58.08174	17.29584	11	15	0	1	240	0	0	0.014	13.6	8	4.279	7.63	1020.5	5.4	87	320	1	4.6	5.6	1	0	3	1	
2026-04-22 07:35:00	58.08231	17.29701	12	16	0	1	240	0	0	0.014	13.6	8	4.296	7.63	1020.5	5.5	86	320	1	4.2	5.3	1	0	3	1	
2026-04-22 07:40:00	58.08282	17.29824	11	17	0	1	240	0	0	0.014	13.6	8	4.303	7.63	1020.5	5.5	86	315	1	4	5.1	1	0	3	1	
2026-04-22 07:45:00	58.08357	17.29935	12	18	0	1	240	0	0	0.014	13.7	8	4.333	7.64	1020.4	5.5	86	320	1	2.8	3.6	1	0	3	1	
2026-04-22 07:50:00	58.08384	17.30016	12	19	0	1	240	0	0	0.014	13.8	8	4.355	7.64	1020.4	5.5	86	315	1	3.6	4.4	1	0	3	1	
2026-04-22 07:55:00	58.08429	17.30094	12	20	0	1	240	0	0	0.014	13.5	8	4.343	7.64	1020.3	5.5	86	320	1	3.4	4.3	1	0	3	1	
2026-04-22 08:00:00	58.08474	17.30157	14	21	0	1	250	0	0	0.014	13.4	8	4.345	7.64	1020.2	5.4	87	320	1	3.2	3.9	1	0	3	1	
2026-04-22 08:05:00	58.08516	17.30214	12	22	0	1	250	0	0	0.014	13.4	8	4.339	7.64	1020.3	5.4	87	320	1	2.7	3.4	1	0	3	1	
2026-04-22 08:10:00	58.08561	17.30283	13	23	0	1	250	0	0	0.014	13.3	8	4.36	7.64	1020.2	5.5	87	330	1	3	3.7	1	0	3	1	
2026-04-22 08:15:00	58.08573	17.30382	13	24	0	1	260	0	0	0.016	13.3	8	4.342	7.64	1020.2	5.6	86	320	1	2.3	3.4	1	0	3	1	
2026-04-22 08:20:00	58.08591	17.30451	41	25	0	1	270	0	0	0.014	13.3	9	4.36	7.64	1020.1	5.6	85	335	1	2.2	3.3	1	0	3	1	
2026-04-22 08:25:00	58.08606	17.3052	11	26	0	1	240	0	0	0.014	13.9	9	4.297	7.63	1020.3	5.6	86	330	1	1.5	2.1	1	0	3	1	
2026-04-22 08:30:00	58.08624	17.30568	11	27	0	1	240	0	0	0.014	13.5	8	4.359	7.64	1020.4	5.7	86	330	1	1.7	2.5	1	0	3	1	
2026-04-22 08:35:00	58.08606	17.30598	11	28	0	1	240	0	0	0.014	13.4	9	4.352	7.64	1020.4	5.6	86	325	1	1.9	2.7	1	0	3	1	
2026-04-22 08:40:00	58.08618	17.3064	11	29	0	1	240	0	0	0.016	13.3	9	4.387	7.65	1020.5	5.6	86	330	1	1.6	2	1	0	3	1	
2026-04-22 08:45:00	58.08624	17.30673	11	30	0	1	240	0	0	0.014	13.3	9	4.43	7.66	1020.6	5.8	85	330	1	1.9	2.6	1	0	3	1	
2026-04-22 08:50:00	58.08639	17.30709	11	31	0	1	240	0	0	0.014	13.3	9	4.374	7.64	1020.6	5.7	86	330	1	1.9	2.8	1	0	3	1	
2026-04-22 08:55:00	58.08648	17.30751	11	32	0	2	240	0	0	0.014	13.6	9	4.423	7.65	1020.4	5.8	85	345	1	2.8	3.8	1	0	3	1	
2026-04-22 09:00:00	58.08663	17.3082	11	33	0	1	240	0	0	0.014	13.4	9	4.381	7.64	1020.4	5.8	85	340	1	2.2	2.9	1	0	3	1	
2026-04-22 09:05:00	58.08675	17.30868	12	34	0	1	240	0	0	0.014	13.4	9	4.428	7.66	1020.3	5.7	86	345	1	1.4	2.4	1	0	3	1	
2026-04-22 09:10:00	58.08672	17.30943	11	35	0	1	240	0	0	0.014	13.3	9	4.394	7.64	1020.2	5.9	85	320	1	0.9	1.7	1	0	3	1	
2026-04-22 09:15:00	58.08654	17.30955	12	36	0	1	240	0	0	0.014	13.3	9	4.384	7.65	1019.9	6	84	240	1	0.8	1.2	1	0	3	1	
2026-04-22 09:20:00	58.08645	17.30952	11	37	0	1	240	0	0	0.014	13.7	9	4.472	7.67	1019.7	6	85	250	1	0.8	1.3	1	0	3	1	
2026-04-22 09:25:00	58.08633	17.30937	11	38	0	2	240	0	0	0.014	13.5	10	4.437	7.65	1019.7	6	85	270	1	0.7	1.4	1	0	3	1	
2026-04-22 09:30:00	58.08621	17.30925	12	39	0	1	240	0	0	0.014	13.4	10	4.515	7.67	1019.7	6.1	85	240	1	0.6	1.1	1	0	3	1	
2026-04-22 09:35:00	58.08612	17.30907	11	40	0	2	240	0	0	0.014	13.3	10	4.566	7.69	1019.7	6.2	85	225	1	0.8	1.2	1	0	3	1	
2026-04-22 09:50:00	58.08669	17.30874	11	42	0	3	240	0	0	0.014	13.5	10	4.827	7.74	1019.3	6.3	85	220	1	1.2	1.9	1	0	3	1	
2026-04-22 10:00:00	58.08696	17.30871	11	43	0	3	240	0	0	0.014	13.4	10	4.775	7.73	1019.3	6.2	86	250	1	0.9	1.3	1	0	3	1	
2026-04-22 10:10:00	58.08693	17.30871	12	44	0	3	240	0	0	0.014	13.4	11	4.889	7.76	1019.3	6.4	85	265	1	0.9	1.4	1	0	3	1	
2026-04-22 10:15:00	58.08693	17.30874	12	45	0	1	240	0	0	0.014	13.3	11	4.931	7.78	1019.2	6.4	84	320	1	0.9	1.6	1	0	3	1	
2026-04-22 10:24:58	58.08729	17.30943	14	46	0	3	240	0	0	0.014	13.3	12	5.023	7.79	1019	6.5	81	310	1	1.4	1.8	1	0	3	1	
2026-04-22 10:30:00	58.08786	17.30979	12	47	0	1	240	0	0	0.014	13.8	12	4.838	7.75	1019	6.5	81	290	1	1.4	1.7	1	0	3	1	
2026-04-22 10:35:00	58.08822	17.31027	14	48	0	1	250	0	0	0.014	13.5	12	4.931	7.77	1018.9	6.5	83	255	1	1.7	2.1	1	0	3	1	
2026-04-22 10:40:00	58.08882	17.3106	14	49	0	1	250	0	0	0.014	13.4	12	4.893	7.76	1018.7	6.6	82	260	1	2	2.6	1	0	3	1	
2026-04-22 10:45:00	58.08972	17.3109	41	50	0	1	270	0	0	0.014	13.4	12	4.901	7.73	1018.7	6.5	83	280	1	1.7	2.1	1	0	3	1	
2026-04-22 10:50:00	58.09047	17.31117	11	51	0	1	240	0	0	0.016	13.3	12	4.857	7.72	1018.7	6.4	85	285	1	1.4	1.7	1	0	3	1	
2026-04-22 10:55:00	58.09104	17.3115	11	52	0	1	240	0	0	0.014	13.3	12	4.892	7.72	1018.6	6.2	86	275	1	1.2	1.6	1	0	3	1	
2026-04-22 11:00:00	58.09152	17.31186	11	53	0	1	240	0	0	0.014	13.9	11	4.877	7.71	1018.5	6.3	84	285	1	2	2.6	1	0	3	1	
2026-04-22 11:05:00	58.09236	17.31222	11	54	0	1	240	0	0	0.014	13.5	11	4.871	7.71	1018.3	6.8	80	295	1	2.7	3.3	1	0	3	1	
2026-04-22 11:10:00	58.09341	17.31276	11	55	0	1	240	0	0	0.016	13.4	11	4.843	7.73	1018.3	6.9	79	300	1	2.2	2.6	1	0	3	1	
2026-04-22 11:15:00	58.09422	17.31339	11	56	0	1	240	0	0	0.014	13.4	11	4.775	7.71	1018.3	7.1	78	290	1	2.7	3.2	1	0	3	1	
2026-04-22 11:20:00	58.09512	17.31393	11	57	0	1	240	0	0	0.014	13.3	11	4.721	7.7	1018.2	6.9	79	275	1	2.1	2.6	1	0	3	1	
2026-04-22 11:25:00	58.09593	17.31432	12	58	0	1	240	0	0	0.014	13.3	11	4.69	7.69	1018.2	6.5	84	270	1	1.3	1.8	1	0	3	1	
2026-04-22 11:30:00	58.09629	17.31465	11	59	0	1	240	0	0	0.016	13.3	11	4.751	7.7	1018.1	6.4	84	255	1	1.3	1.6	1	0	3	1	
2026-04-22 11:35:00	58.09677	17.31486	11	0	0	1	240	0	0	0.014	13.8	11	4.73	7.7	1018.1	6.5	83	260	1	1.8	2.2	1	0	3	1	
2026-04-22 11:40:00	58.0974	17.31504	11	1	0	1	240	0	0	0.014	13.5	11	4.737	7.69	1018	6.8	80	280	1	1.8	2.1	1	0	3	1	
2026-04-22 11:45:00	58.09806	17.31528	11	2	0	1	240	0	0	0.016	13.4	11	4.774	7.7	1017.9	6.6	82	280	1	1.8	2.2	1	0	3	1	
2026-04-22 11:50:00	58.09878	17.31549	11	3	0	1	240	0	0	0.014	13.4	11	4.775	7.7	1017.7	6.3	85	235	1	1.9	2.8	1	0	3	1	
2026-04-22 11:55:00	58.0995	17.31543	12	4	0	2	240	0	0	0.014	13.3	11	4.772	7.67	1017.6	6.3	85	245	1	2.2	2.7	1	0	3	1	
2026-04-22 12:00:00	58.1004	17.31516	11	5	0	1	240	0	0	0.016	13.3	11	4.714	7.67	1017.7	6.3	85	215	1	1.9	2.5	1	0	3	1	
2026-04-22 12:05:00	58.10124	17.31504	11	6	0	1	240	0	0	0.014	13.6	11	4.722	7.67	1017.7	6	87	225	1	1.7	2.2	1	0	3	1	
2026-04-22 12:10:00	58.10196	17.3148	12	7	0	1	240	0	0	0.014	13.8	11	4.727	7.68	1017.8	6.7	81	285	1	1.8	2.7	1	0	3	1	
2026-04-22 12:15:00	58.10271	17.31489	11	8	0	1	240	0	0	0.014	13.6	11	4.746	7.68	1017.7	7	79	255	1	2.1	2.7	1	0	3	1	
2026-04-22 12:20:00	58.10352	17.31483	12	9	0	1	240	0	0	0.014	13.4	11	4.701	7.66	1017.7	6.7	81	275	1	1.8	2.2	1	0	3	1	
2026-04-22 12:35:00	58.10499	17.31573	12	11	0	0	240	0	0	0.014	13.3	10	4.839	7.68	1017.6	7	79	285	1	1.9	2.4	1	0	3	1	
2026-04-22 12:40:00	58.10553	17.31606	12	12	0	1	240	0	0	0.014	13.3	10	4.801	7.69	1017.4	6.7	82	255	1	1.6	2	1	0	3	1	
2026-04-22 12:45:00	58.10613	17.31606	13	13	0	1	240	0	0	0.014	13.3	10	4.84	7.7	1017.4	7.1	78	255	1	3.2	4	1	0	3	1	
2026-04-22 12:50:00	58.10715	17.3157	12	14	0	1	240	0	0	0.014	13.5	10	4.829	7.74	1017.4	7.8	73	265	1	3.8	4.5	1	0	3	1	
2026-04-22 12:55:00	58.10832	17.31531	12	15	0	1	240	0	0	0.014	13.9	10	4.864	7.75	1017.3	7.9	73	275	1	2.8	3.5	1	0	3	1	
2026-04-22 13:00:00	58.10931	17.31528	12	16	0	2	240	0	0	0.014	13.6	11	4.888	7.76	1017.2	6.7	82	235	1	2.9	4	1	0	3	1	
2026-04-22 13:05:00	58.11036	17.31495	12	17	0	2	240	0	0	0.014	13.5	10	4.847	7.74	1017.1	6.5	84	240	1	2.2	2.7	1	0	3	1	
2026-04-22 13:10:00	58.1112	17.31462	12	18	0	1	240	0	0	0.014	13.4	10	4.854	7.74	1017.1	6.4	85	235	1	2.2	2.8	1	0	3	1	
2026-04-22 13:15:00	58.11183	17.31447	12	19	0	1	240	0	0	0.014	13.3	10	4.837	7.74	1017	6.1	87	230	1	2.2	2.7	1	0	3	1	
2026-04-22 13:20:00	58.11243	17.31441	12	20	0	1	240	0	0	0.014	13.3	10	4.883	7.75	1017.1	6.2	86	250	1	1.5	1.9	1	0	3	1	
2026-04-22 13:25:00	58.113	17.31444	12	21	0	1	240	0	0	0.014	13.3	10	4.924	7.76	1017	6.3	85	255	1	1.8	2.3	1	0	3	1	
2026-04-22 13:30:00	58.11357	17.31441	13	22	0	1	240	0	0	0.014	13.5	10	4.926	7.76	1016.9	6.7	82	265	1	1.8	2.2	1	0	3	1	
2026-04-22 13:35:00	58.1142	17.3145	12	23	0	1	240	0	0	0.014	13.9	10	4.895	7.75	1016.8	7.2	78	280	1	1.9	2.3	1	0	3	1	
2026-04-22 13:50:00	58.11615	17.31432	13	25	0	3	240	0	0	0.014	13.5	9	4.901	7.74	1016.9	6.8	82	275	1	1.7	2	1	0	3	1	
2026-04-22 13:55:00	58.11666	17.31453	13	26	0	1	240	0	0	0.014	13.4	10	4.886	7.73	1016.9	7.1	80	290	1	2.1	2.7	1	0	3	1	
2026-04-22 14:00:00	58.11735	17.31483	40	27	0	1	270	0	0	0.014	13.4	10	4.991	7.76	1016.9	7.5	77	275	1	2.5	3.1	1	0	3	1	
2026-04-22 14:10:00	58.11882	17.31546	11	28	0	1	240	0	0	0.014	13.3	9	4.968	7.74	1016.7	6.9	81	265	1	1.7	2.1	1	0	3	1	
2026-04-22 14:15:00	58.11927	17.31567	11	29	0	1	240	0	0	0.014	13.3	10	4.953	7.74	1016.6	7.1	79	275	1	2.9	3.7	1	0	3	1	
2026-04-22 14:25:00	58.12098	17.31576	11	30	0	3	240	0	0	0.014	13.3	9	4.947	7.75	1016.6	7.9	73	265	1	4.3	5.4	1	0	3	1	
2026-04-22 14:30:00	58.12224	17.31558	11	31	0	2	240	0	0	0.014	13.3	10	4.92	7.75	1016.4	7.3	77	270	1	3.7	4.4	1	0	3	1	
2026-04-22 14:35:00	58.12326	17.31534	11	32	0	1	240	0	0	0.014	13.6	10	4.885	7.74	1016.5	7.6	75	270	1	4.1	5	1	0	3	1	
2026-04-22 14:40:00	58.12413	17.31522	11	33	0	1	240	0	0	0.014	13.8	9	4.831	7.73	1016.4	7.1	78	260	1	3	3.8	1	0	3	1	
2026-04-22 14:45:00	58.12482	17.31516	11	34	0	1	240	0	0	0.014	13.6	9	4.805	7.72	1016.4	7	79	265	1	3.4	4.5	1	0	3	1	
2026-04-22 14:50:00	58.12533	17.31519	11	35	0	1	240	0	0	0.014	13.4	9	4.74	7.71	1016.4	7.3	76	270	1	4	4.9	1	0	3	1	
2026-04-22 14:55:00	58.1262	17.31519	11	36	0	1	240	0	0	0.016	13.4	9	4.84	7.73	1016.3	7.5	75	275	1	4.4	5.5	1	0	3	1	
2026-04-22 15:00:00	58.12719	17.31531	11	37	0	1	240	0	0	0.014	13.3	9	4.845	7.74	1016.4	7.8	73	275	1	4.7	5.9	1	0	3	1	
2026-04-22 15:05:00	58.12806	17.31534	11	38	0	1	240	0	0	0.014	13.3	9	4.874	7.74	1016.3	7.6	74	270	1	4.7	5.6	1	0	3	1	
2026-04-22 15:10:00	58.12914	17.31543	11	39	0	1	240	0	0	0.016	13.3	9	4.835	7.73	1016.3	7.6	75	275	1	4.4	5.3	1	0	3	1	
2026-04-22 15:15:00	58.13019	17.31555	11	40	0	1	240	0	0	0.014	13.3	9	4.787	7.73	1016.2	7.6	75	270	1	4.2	5.2	1	0	3	1	
2026-04-22 15:20:00	58.131	17.31567	12	41	0	1	240	0	0	0.014	13.5	9	4.778	7.72	1016.1	7.2	78	265	1	3.3	4.3	1	0	3	1	
2026-04-22 15:25:00	58.13157	17.31576	11	42	0	1	240	0	0	0.014	13.7	9	4.774	7.72	1016.2	7.1	79	270	1	3.5	4.6	1	0	3	1	
2026-04-22 15:30:00	58.13217	17.316	11	43	0	1	240	0	0	0.014	13.8	9	4.775	7.71	1016.1	7.1	79	270	1	3.3	4.3	1	0	3	1	
2026-04-22 15:35:00	58.13274	17.31621	11	44	0	1	240	0	0	0.014	13.5	9	4.791	7.72	1016.1	7.2	79	275	1	3.5	4.8	1	0	3	1	
2026-04-22 15:40:00	58.13328	17.31645	11	45	0	1	240	0	0	0.014	13.4	9	4.694	7.7	1016	7.6	76	270	1	4.7	5.5	1	0	3	1	
2026-04-22 15:45:00	58.13433	17.3166	11	46	0	1	240	0	0	0.014	13.4	9	4.674	7.69	1016	7.8	74	275	1	4.6	5.6	1	0	3	1	
2026-04-22 15:50:00	58.13526	17.31672	11	47	0	1	240	0	0	0.014	13.3	9	4.716	7.71	1015.9	7.7	75	275	1	4.4	5.4	1	0	3	1	
2026-04-22 15:55:00	58.13616	17.31693	11	48	0	1	240	0	0	0.014	13.3	9	4.659	7.69	1015.7	7.7	75	280	1	4.6	5.5	1	0	3	1	
2026-04-22 16:00:00	58.13724	17.31732	11	49	0	1	240	0	0	0.016	13.3	9	4.672	7.7	1015.8	7.7	75	325	1	3.3	4.5	1	0	3	1	
2026-04-22 16:05:00	58.13787	17.3184	12	50	0	1	240	0	0	0.016	13.4	9	4.639	7.69	1015.8	7.8	75	300	1	4.5	6.1	1	0	3	1	
2026-04-22 16:10:00	58.13844	17.32008	12	51	0	1	240	0	0	0.014	13.5	9	4.515	7.67	1015.8	7.6	75	325	1	3.3	4.7	1	0	3	1	
2026-04-22 16:15:00	58.13862	17.32188	12	52	0	1	260	0	0	0.014	13.8	9	4.663	7.7	1015.7	7.1	79	330	1	2.3	3.2	1	0	3	1	
2026-04-22 16:20:00	58.13859	17.32332	12	53	0	1	240	0	0	0.014	13.8	9	4.709	7.71	1015.6	7.1	79	310	1	2.6	3.4	1	0	3	1	
2026-04-22 16:25:00	58.13871	17.32443	12	54	0	1	240	0	0	0.014	13.6	9	4.789	7.73	1015.6	7.2	79	310	1	2.9	4.1	1	0	3	1	
2026-04-22 16:30:00	58.13895	17.32569	14	55	0	1	250	0	0	0.016	13.5	9	4.739	7.72	1015.7	6.8	81	325	1	3.4	4.3	1	0	3	1	
2026-04-22 16:35:00	58.1391	17.3271	11	56	0	1	240	0	0	0.014	13.4	9	4.716	7.71	1015.8	7.1	80	325	1	3.4	4.4	1	0	3	1	
2026-04-22 16:40:00	58.13931	17.32824	12	57	0	1	240	0	0	0.016	13.4	9	4.639	7.69	1015.7	7.2	79	325	1	3.5	4.6	1	0	3	1	
2026-04-22 16:45:00	58.13958	17.32962	11	58	0	1	240	0	0	0.016	13.3	9	4.584	7.68	1015.8	7.5	76	315	1	4.4	5.4	1	0	3	1	
2026-04-22 16:50:00	58.13997	17.33091	13	59	0	1	250	0	0	0.016	13.4	9	4.658	7.7	1015.8	7.3	77	315	1	3.9	4.8	1	0	3	1	
2026-04-22 16:55:00	58.14048	17.33223	13	0	0	1	250	0	0	0.016	13.4	9	4.675	7.71	1015.6	7.1	78	305	1	3.7	4.5	1	0	3	1	
2026-04-22 17:00:00	58.1409	17.33319	12	1	0	1	240	0	0	0.014	13.4	8	4.65	7.7	1015.5	6.9	79	305	1	3.7	4.6	1	0	3	1	
2026-04-22 17:05:00	58.14138	17.33403	12	2	0	1	240	0	0	0.014	13.4	8	4.598	7.69	1015.6	7.2	78	315	1	4.6	5.3	1	0	3	1	
2026-04-22 17:10:00	58.1418	17.3349	12	3	0	1	240	0	0	0.014	13.4	8	4.576	7.68	1015.5	7.1	78	315	1	4.2	4.9	1	0	3	1	
2026-04-22 17:15:00	58.14234	17.33604	13	4	0	1	250	0	0	0.014	13.4	8	4.513	7.66	1015.4	6.6	81	310	1	3.3	4.2	1	0	3	1	
2026-04-22 17:20:00	58.143	17.33736	14	5	0	1	250	0	0	0.014	13.4	8	4.5	7.66	1015.4	6.5	82	310	1	3.4	4.4	1	0	3	1	
2026-04-22 17:25:00	58.14321	17.33841	14	6	0	1	220	0	0	0.014	13.4	8	4.556	7.67	1015.4	6.5	82	315	1	3.5	4.4	1	1	3	0	
2026-04-22 17:30:00	58.1436	17.33961	11	7	0	1	240	0	0	0.014	13.4	8	4.578	7.68	1015.4	6.7	81	310	1	3.6	4.6	1	0	3	1	
2026-04-22 17:35:00	58.14405	17.34057	11	8	0	1	240	0	0	0.014	13.3	8	4.577	7.67	1015.4	6.8	80	315	1	3.5	4.3	1	0	3	1	
2026-04-22 17:40:00	58.14447	17.34177	11	9	0	1	240	0	0	0.016	13.3	8	4.51	7.66	1015.4	6.5	82	310	1	3	4.1	1	0	3	1	
2026-04-22 17:45:00	58.14465	17.34243	11	10	0	1	240	0	0	0.014	13.3	8	4.524	7.66	1015.3	6.1	85	315	1	2.6	3.5	1	0	3	1	
2026-04-22 18:00:00	58.14471	17.34423	11	12	0	3	240	0	0	0.014	13.3	7	4.51	7.66	1015.4	6.2	85	305	1	2.2	2.9	1	0	3	1	
2026-04-22 18:05:00	58.14402	17.34459	11	13	0	1	240	0	0	0.016	13.3	8	4.524	7.66	1015.3	6.1	85	305	1	2.3	2.8	1	0	3	1	
2026-04-22 18:10:00	58.14306	17.34456	11	14	0	1	240	0	0	0.014	13.2	8	4.519	7.66	1015.3	6.1	86	305	1	2.2	3.1	1	0	3	1	
2026-04-22 18:15:00	58.14228	17.34417	11	15	0	1	240	0	0	0.014	13.2	8	4.489	7.66	1015.3	6.3	85	290	1	2.8	3.6	1	0	3	1	
2026-04-22 18:20:00	58.1415	17.3433	11	16	0	1	240	0	0	0.014	13.2	8	4.484	7.66	1015.2	6.3	85	290	1	3	4	1	0	3	1	
2026-04-22 18:25:00	58.14153	17.34495	11	17	0	1	240	0	0	0.014	13.2	8	4.505	7.67	1015.2	6.3	85	295	1	2.8	3.8	1	0	3	1	
2026-04-22 18:30:00	58.14189	17.34705	11	18	0	1	240	0	0	0.016	13.2	8	4.552	7.68	1015.2	6.4	84	290	1	2.8	3.7	1	0	3	1	
2026-04-22 18:35:00	58.14213	17.34927	12	19	0	1	240	0	0	0.016	13.2	8	4.533	7.67	1015.2	6.4	84	290	1	2.7	3.6	1	0	3	1	
2026-04-22 18:40:00	58.14243	17.35116	11	20	0	1	240	0	0	0.014	13.2	8	4.573	7.67	1015.1	6.5	83	290	1	2.6	3.4	1	0	3	1	
2026-04-22 18:45:00	58.14273	17.35317	12	21	0	1	240	0	0	0.014	13.2	8	4.739	7.71	1015.2	6.8	81	295	1	3.1	3.9	1	0	3	1	
2026-04-22 18:50:00	58.14273	17.35608	11	22	0	1	240	0	0	0.014	13.2	8	4.746	7.71	1015.1	6.8	81	300	1	3.4	4.5	1	0	3	1	
2026-04-22 18:55:00	58.14246	17.3592	11	23	0	1	240	0	0	0.014	13.2	8	4.731	7.71	1015.1	6.8	81	300	1	3.2	4.2	1	0	3	1	
2026-04-22 19:00:00	58.14204	17.36238	12	24	0	1	240	0	0	0.014	13.2	8	4.737	7.72	1015.1	6.4	83	300	1	3	3.7	1	0	3	1	
2026-04-22 19:05:00	58.14231	17.36331	12	25	0	1	240	0	0	0.016	13.2	8	4.745	7.72	1015.1	6.3	84	295	1	2.4	2.9	1	0	3	1	
2026-04-22 19:10:00	58.14234	17.36331	13	26	0	1	240	0	0	0.014	13.2	8	4.746	7.72	1015.1	6.1	85	290	1	2	2.5	1	0	3	1	
2026-04-22 19:15:00	58.14243	17.36313	12	27	0	1	240	0	0	0.014	13.2	8	4.747	7.72	1015.1	6.1	85	280	1	2.5	3	1	0	3	1	
2026-04-22 19:20:00	58.14252	17.3628	13	28	0	1	240	0	0	0.016	13.2	8	4.732	7.72	1015.1	6.2	85	285	1	2.2	2.8	1	0	3	1	
2026-04-22 19:30:00	58.14246	17.36214	12	29	0	3	250	0	0	0.014	13.2	7	4.742	7.72	1015.1	6.4	83	285	1	3.2	4	1	0	3	1	
2026-04-22 19:35:00	58.14282	17.36226	15	30	0	1	250	0	0	0.014	13.2	8	4.739	7.72	1015	6.5	83	290	1	3.6	4.2	1	0	3	1	
2026-04-22 19:40:00	58.14321	17.36202	13	31	0	1	250	0	0	0.014	13.2	8	4.742	7.71	1015	6.7	81	290	1	3.8	4.7	1	0	3	1	
2026-04-22 19:45:00	58.14366	17.36193	15	32	0	2	250	0	0	0.014	13.2	8	4.734	7.72	1015	7.2	78	295	1	4.2	4.9	1	0	3	1	
2026-04-22 19:50:00	58.1445	17.36226	41	33	0	1	270	0	0	0.014	13.2	8	4.694	7.7	1015	7.3	77	295	1	4.5	5.4	1	0	3	1	
2026-04-22 19:55:00	58.14516	17.36259	11	34	0	1	240	0	0	0.014	13.2	8	4.689	7.71	1015	7.2	78	285	1	4.2	5.1	1	0	3	1	
2026-04-22 20:00:00	58.14567	17.36247	11	35	0	1	240	0	0	0.014	13.2	8	4.698	7.71	1014.9	6.8	80	285	1	3.8	4.8	1	0	3	1	
2026-04-22 20:05:00	58.14633	17.36256	12	36	0	1	240	0	0	0.014	13.2	8	4.714	7.71	1014.8	6.4	83	285	1	2.9	3.8	1	0	3	1	
2026-04-22 20:10:00	58.14666	17.36265	11	37	0	1	240	0	0	0.016	13.2	8	4.737	7.72	1014.8	6.4	83	290	1	3.7	4.5	1	0	3	1	
2026-04-22 20:15:00	58.14696	17.3625	12	38	0	2	240	0	0	0.016	13.2	8	4.745	7.72	1014.8	6.8	80	290	1	4.6	5.1	1	0	3	1	
2026-04-22 20:20:00	58.14768	17.36247	12	39	0	1	240	0	0	0.014	13.2	8	4.757	7.72	1014.8	7	79	300	1	4	4.8	1	0	3	1	
2026-04-22 20:35:00	58.14918	17.36232	12	41	0	3	240	0	0	0.014	13.2	7	4.796	7.73	1014.9	7	79	295	1	4.2	5.2	1	0	3	1	
2026-04-22 20:40:00	58.14975	17.36223	12	42	0	3	240	0	0	0.014	13.2	8	4.794	7.73	1015	6.9	80	295	1	4.3	5.4	1	0	3	1	
2026-04-22 21:05:00	58.15347	17.3652	11	45	0	3	240	0	0	0.014	13.2	7	4.81	7.73	1015.2	7.2	78	315	1	5.2	6.3	1	0	3	1	
2026-04-22 21:20:00	58.15584	17.3679	12	47	0	3	240	0	0	0.014	13.2	7	4.832	7.74	1015.3	7.2	78	310	1	5.7	7.2	1	0	3	1	
2026-04-22 21:25:00	58.15683	17.36871	12	48	0	2	240	0	0	0.014	13.2	8	4.837	7.74	1015.3	7.2	78	315	1	5	6.4	1	0	3	1	
2026-04-22 21:30:00	58.15677	17.37018	12	49	0	1	240	0	0	0.014	13.2	8	4.84	7.74	1015.5	7.2	79	310	1	5.5	6.5	1	0	3	1	
2026-04-22 21:40:00	58.15818	17.37201	12	50	0	3	240	0	0	0.014	13.2	7	4.843	7.75	1015.6	7	80	315	1	5.2	6.4	1	0	3	1	
2026-04-22 21:45:00	58.15893	17.37351	12	51	0	1	240	0	0	0.014	13.2	7	4.841	7.75	1015.6	7	80	315	1	5.2	6.4	1	0	3	1	
2026-04-22 21:50:00	58.15947	17.37465	13	52	0	1	240	0	0	0.014	13.2	8	4.836	7.75	1015.7	6.9	81	325	1	4	5.1	1	0	3	1	
2026-04-22 21:55:00	58.15995	17.37528	13	53	0	1	240	0	0	0.016	13.2	8	4.826	7.75	1015.7	6.6	83	350	1	3.3	4.2	1	0	3	1	
2026-04-22 22:00:00	58.15995	17.37627	40	54	0	1	270	0	0	0.014	13.2	8	4.816	7.75	1015.8	6.7	83	335	1	4.9	6	1	0	3	1	
2026-04-22 22:05:00	58.16022	17.37744	11	55	0	1	240	0	0	0.014	13.2	8	4.798	7.75	1015.8	7	81	340	1	5.5	6.8	1	0	3	1	
2026-04-22 22:10:00	58.16085	17.37987	12	56	0	1	240	0	0	0.014	13.2	8	4.783	7.75	1015.9	6.8	82	340	1	5.4	6.6	1	0	3	1	
2026-04-22 22:15:00	58.16124	17.38179	12	57	0	1	240	0	0	0.014	13.2	8	4.781	7.75	1015.9	6.6	83	330	1	5.5	6.9	1	0	3	1	
2026-04-22 22:30:00	58.161	17.3778	12	59	0	3	240	0	0	0.014	13.2	7	4.778	7.74	1016.1	6.5	84	345	1	5.2	6.2	1	0	3	1	
2026-04-22 22:35:00	58.16091	17.37492	13	0	0	1	250	0	0	0.014	13.2	8	4.797	7.74	1016.1	6.4	84	345	1	4.9	5.7	1	0	3	1	
2026-04-22 22:40:00	58.16085	17.3718	12	1	0	1	240	0	0	0.014	13.2	8	4.817	7.74	1016.1	6.5	84	340	1	5.2	6.2	1	0	3	1	
2026-04-22 22:50:00	58.16088	17.37456	11	2	0	3	240	0	0	0.016	13.2	7	4.776	7.74	1016.2	6.4	84	345	1	4.7	5.4	1	0	3	1	
2026-04-22 22:59:59	58.16103	17.3769	13	3	0	3	240	0	0	0.014	13.2	8	4.748	7.74	1016.2	6.3	84	345	1	5.1	5.9	1	0	3	1	
2026-04-22 23:05:00	58.16127	17.37834	11	4	0	2	240	0	0	0.014	13.2	8	4.746	7.74	1016.2	6.3	85	335	1	4.4	5.5	1	0	3	1	
2026-04-22 23:10:00	58.1616	17.37939	12	5	0	1	240	0	0	0.014	13.2	8	4.743	7.74	1016.2	6.2	85	335	1	3.7	4.6	1	0	3	1	
2026-04-22 23:15:00	58.16196	17.38035	11	6	0	1	240	0	0	0.014	13.2	8	4.736	7.74	1016.3	6.2	85	330	1	4.3	5.1	1	0	3	1	
2026-04-22 23:20:00	58.16229	17.38125	11	7	0	1	240	0	0	0.014	13.2	8	4.727	7.74	1016.3	6.2	85	330	1	4	5	1	0	3	1	
2026-04-22 23:25:00	58.16268	17.38233	11	8	0	1	240	0	0	0.016	13.2	8	4.724	7.73	1016.3	6.2	85	325	1	4	5	1	0	3	1	
2026-04-22 23:30:00	58.16316	17.38395	13	9	0	1	240	0	0	0.014	13.2	8	4.718	7.73	1016.3	6.2	85	330	1	4	4.6	1	0	3	1	
2026-04-22 23:35:00	58.1637	17.38446	12	10	0	1	240	0	0	0.014	13.2	8	4.721	7.73	1016.3	6.1	86	330	1	3.8	4.9	1	0	3	1	
2026-04-22 23:40:00	58.164	17.38536	11	11	0	1	240	0	0	0.014	13.2	8	4.716	7.73	1016.4	6.2	85	330	1	4.2	5	1	0	3	1	
2026-04-22 23:45:00	58.16424	17.38626	12	12	0	1	240	0	0	0.016	13.2	8	4.702	7.73	1016.4	6.5	83	330	1	4.8	5.9	1	0	3	1	
2026-04-22 23:50:00	58.16508	17.38809	11	13	0	1	240	0	0	0.014	13.2	8	4.678	7.73	1016.5	6.5	83	330	1	4.7	5.7	1	0	3	1	
2026-04-22 23:55:00	58.16583	17.38986	11	14	0	2	240	0	0	0.014	13.2	8	4.665	7.72	1016.6	6.7	82	330	1	5.4	6.6	1	0	3	1	
2026-04-23 00:00:00	58.16661	17.39121	12	15	0	1	240	0	0	0.014	13.2	8	4.652	7.72	1016.6	6.7	82	330	1	5.1	6.1	1	0	3	1	
2026-04-23 00:05:00	58.16751	17.39301	12	16	0	1	240	0	0	0.016	13.2	8	4.646	7.72	1016.6	6.6	83	325	1	5.2	6.8	1	0	3	1	
2026-04-23 00:10:00	58.16823	17.39469	12	17	0	1	240	0	0	0.014	13.2	8	4.638	7.72	1016.6	6.5	83	325	1	5.5	7	1	0	3	1	
2026-04-23 00:15:00	58.16934	17.39616	13	18	0	1	250	0	0	0.016	13.2	8	4.642	7.72	1016.7	6.4	83	320	1	5.6	6.7	1	0	3	1	
2026-04-23 00:20:00	58.17006	17.39709	14	19	0	1	250	0	0	0.014	13.2	8	4.639	7.71	1016.7	6.3	84	320	1	4.9	6	1	0	3	1	
2026-04-23 00:25:00	58.17114	17.3982	14	20	0	2	250	0	0	0.016	13.2	8	4.649	7.71	1016.7	6.4	84	315	1	5.1	6.6	1	0	3	1	
2026-04-23 00:30:00	58.17264	17.3991	18	21	0	1	280	0	0	0.016	13.2	8	4.66	7.71	1016.8	6.3	84	310	1	4.8	6	1	0	3	1	
2026-04-23 00:39:58	58.17384	17.40114	12	22	0	1	240	0	0	0.016	13.2	8	4.682	7.72	1016.9	6.3	84	310	1	5.5	6.3	1	0	3	1	
2026-04-23 00:45:00	58.17471	17.40156	12	23	0	1	240	0	0	0.014	13.2	8	4.688	7.72	1016.8	6.2	85	310	1	5.1	6.2	1	0	3	1	
2026-04-23 01:50:00	58.18848	17.41665	12	30	0	0	240	0	0	0.016	13.2	7	4.54	7.67	1017.4	6.1	84	330	1	5.7	6.9	1	0	3	1	
2026-04-23 01:55:00	58.18962	17.41821	12	31	0	2	240	0	0	0.014	13.2	7	4.518	7.67	1017.4	6.1	84	330	1	5.7	6.8	1	0	3	1	
2026-04-23 02:00:00	58.19055	17.4198	12	32	0	1	240	0	0	0.016	13.2	7	4.501	7.66	1017.4	6.3	83	330	1	6	7.5	1	0	3	1	
2026-04-23 02:05:00	58.19175	17.4216	13	33	0	2	250	0	0	0.016	13.2	8	4.456	7.65	1017.4	6.4	82	330	1	6.5	8.1	1	0	3	1	
2026-04-23 02:20:00	58.19502	17.42748	13	35	0	3	240	0	0	0.014	13.2	7	4.411	7.64	1017.4	6.3	82	345	1	6.7	8.6	1	0	3	1	
2026-04-23 02:25:00	58.19526	17.42445	11	36	0	1	240	0	0	0.014	13.2	7	4.416	7.64	1017.4	6.1	83	345	1	6.1	8.1	1	0	3	1	
2026-04-23 02:30:00	58.19559	17.42058	12	37	0	1	240	0	0	0.014	13.2	7	4.42	7.64	1017.4	5.9	85	340	1	5.8	7.6	1	0	3	1	
2026-04-23 02:35:00	58.19571	17.4171	12	38	0	1	240	0	0	0.016	13.2	7	4.425	7.64	1017.4	5.8	85	340	1	5.1	6.8	1	0	3	1	
2026-04-23 02:40:00	58.19571	17.41326	13	39	0	2	240	0	0	0.014	13.2	8	4.446	7.65	1017.4	5.8	85	335	1	4.9	6.1	1	0	3	1	
2026-04-23 02:45:00	58.1958	17.41029	12	40	0	2	240	0	0	0.014	13.2	8	4.453	7.65	1017.5	5.8	85	330	1	4.9	6.5	1	0	3	1	
2026-04-23 02:50:00	58.1955	17.4069	12	41	0	1	240	0	0	0.014	13.2	8	4.474	7.66	1017.5	5.8	85	325	1	5.3	6.7	1	0	3	1	
2026-04-23 03:05:00	58.19547	17.40069	31	43	0	3	260	0	0	0.016	13.2	7	4.497	7.66	1017.7	5.9	84	330	1	6	8.1	1	0	3	1	
2026-04-23 03:10:00	58.19634	17.40258	12	44	0	1	240	0	0	0.014	13.2	7	4.474	7.66	1017.7	5.9	84	330	1	6.1	7.5	1	0	3	1	
2026-04-23 03:15:00	58.1973	17.40474	11	45	0	1	240	0	0	0.014	13.2	7	4.454	7.65	1017.7	5.9	84	335	1	6.2	7.9	1	0	3	1	
2026-04-23 03:20:00	58.19838	17.40705	11	46	0	2	240	0	0	0.014	13.2	8	4.432	7.65	1017.7	5.8	85	335	1	6.1	7.6	1	0	3	1	
2026-04-23 03:25:00	58.19841	17.40444	11	47	0	1	240	0	0	0.014	13.2	8	4.441	7.65	1017.8	5.8	85	345	1	5.6	7.2	1	0	3	1	
2026-04-23 03:30:00	58.19841	17.40093	12	48	0	1	240	0	0	0.014	13.2	8	4.444	7.65	1017.8	5.7	86	335	1	5.5	6.7	1	0	3	1	
2026-04-23 03:35:00	58.1985	17.39793	11	49	0	1	240	0	0	0.016	13.2	7	4.453	7.65	1017.8	5.6	86	330	1	5.5	6.8	1	0	3	1	
2026-04-23 03:40:00	58.19832	17.3952	11	50	0	2	240	0	0	0.014	13.2	8	4.466	7.65	1017.9	5.6	86	330	1	5.3	6.5	1	0	3	1	
2026-04-23 03:45:00	58.19817	17.39214	12	51	0	2	240	0	0	0.014	13.2	8	4.481	7.66	1017.9	5.6	86	325	1	5	6.4	1	0	3	1	
2026-04-23 03:50:00	58.1979	17.38938	13	52	0	1	240	0	0	0.016	13.2	7	4.494	7.66	1018	5.6	86	325	1	5.2	6.2	1	0	3	1	
2026-04-23 03:55:00	58.19757	17.38608	12	53	0	1	240	0	0	0.014	13.2	7	4.49	7.66	1018.1	5.7	86	325	1	5.4	6.4	1	0	3	1	
2026-04-23 04:00:00	58.19715	17.38299	13	54	0	1	240	0	0	0.014	13.2	7	4.491	7.66	1018.1	5.7	86	325	1	5.6	6.9	1	0	3	1	
2026-04-23 04:05:00	58.19763	17.38425	12	55	0	1	240	0	0	0.016	13.2	7	4.495	7.66	1018.1	5.7	86	325	1	5.4	6.4	1	0	3	1	
2026-04-23 04:10:00	58.19844	17.38551	12	56	0	2	240	0	0	0.016	13.2	8	4.483	7.66	1018.2	5.5	87	320	1	5.1	6.1	1	0	3	1	
2026-04-23 04:15:00	58.19928	17.38731	12	57	0	1	240	0	0	0.014	13.2	8	4.472	7.66	1018.3	5.4	88	320	1	4.7	5.7	1	0	3	1	
2026-04-23 04:20:00	58.20015	17.38884	11	58	0	2	240	0	0	0.014	13.2	8	4.461	7.65	1018.3	5.4	87	315	1	4.6	5.9	1	0	3	1	
2026-04-23 04:25:00	58.20105	17.39016	12	59	0	1	240	0	0	0.014	13.2	8	4.446	7.65	1018.3	5.4	87	320	1	4.3	5.4	1	0	3	1	
2026-04-23 04:40:00	58.20399	17.39451	12	1	0	3	240	0	0	0.014	13.2	7	4.414	7.64	1018.5	5.4	87	310	1	5	6.1	1	0	3	1	
2026-04-23 04:45:00	58.2048	17.39511	12	2	0	2	240	0	0	0.014	13.3	8	4.399	7.64	1018.6	5.3	88	305	1	4.4	6.1	1	0	3	1	
2026-04-23 04:50:00	58.2057	17.39595	12	3	0	1	240	0	0	0.014	13.2	7	4.388	7.64	1018.5	5.3	89	305	1	4.7	5.8	1	0	3	1	
2026-04-23 05:05:00	58.20879	17.39925	12	5	0	3	240	0	0	0.016	13.3	7	4.356	7.63	1018.5	5.2	89	310	1	4.8	5.9	1	0	3	1	
2026-04-23 05:20:00	58.21191	17.40291	12	7	0	3	250	0	0	0.016	13.3	7	4.339	7.62	1018.6	5.3	87	325	1	5.7	7.2	1	0	3	1	
2026-04-23 05:25:00	58.21314	17.40474	25	8	0	1	260	0	0	0.014	13.3	7	4.329	7.62	1018.7	5.4	87	325	1	5.5	7.1	1	0	3	1	
2026-04-23 05:30:00	58.21434	17.4066	20	9	0	1	250	0	0	0.014	13.3	8	4.328	7.62	1018.6	5.3	87	325	1	5	6.4	1	0	3	1	
2026-04-23 05:45:00	58.21755	17.41134	11	11	0	3	240	0	0	0.016	13.4	7	4.297	7.62	1018.8	5.3	88	320	1	4.4	5.5	1	0	3	1	
2026-04-23 05:50:00	58.21857	17.41287	12	12	0	1	240	0	0	0.014	13.4	7	4.286	7.62	1018.9	5.3	88	325	1	4.1	5.8	1	0	3	1	
2026-04-23 06:05:00	58.22118	17.41716	12	14	0	3	240	0	0	0.014	13.4	7	4.281	7.61	1019	5.2	88	325	1	3.9	5	1	0	3	1	
2026-04-23 06:15:00	58.22268	17.41968	12	15	0	2	240	0	0	0.014	13.4	7	4.285	7.61	1018.9	5.2	88	330	1	3.8	5.1	1	0	3	1	
2026-04-23 06:20:00	58.22346	17.42088	12	16	0	1	240	0	0	0.014	13.5	7	4.279	7.61	1018.9	5.1	89	330	1	4.1	5.1	1	0	3	1	
2026-04-23 06:25:00	58.22415	17.42223	12	17	0	1	240	0	0	0.014	13.5	7	4.288	7.61	1018.9	5.2	88	340	1	3.9	5.1	1	0	3	1	
2026-04-23 06:30:00	58.22406	17.4237	12	18	0	1	240	0	0	0.014	13.5	7	4.27	7.61	1019	5.1	89	335	1	3.4	4.3	1	0	3	1	
2026-04-23 06:35:00	58.22463	17.42529	11	19	0	2	240	0	0	0.014	13.4	8	4.285	7.61	1018.9	5.1	89	330	1	3.2	4.4	1	0	3	1	
2026-04-23 06:40:00	58.22529	17.42655	11	20	0	1	240	0	0	0.014	13.4	8	4.277	7.61	1019	5.1	89	315	1	3.3	4.4	1	0	3	1	
2026-04-23 06:45:00	58.22604	17.42751	12	21	0	1	240	0	0	0.014	13.5	8	4.271	7.61	1019	5	90	310	1	3	3.8	1	0	3	1	
2026-04-23 06:50:00	58.22676	17.42817	13	22	0	1	250	0	0	0.014	13.5	8	4.273	7.61	1019.1	5	90	310	1	2.7	3.6	1	0	3	1	
2026-04-23 06:55:00	58.22763	17.42859	13	23	0	1	240	0	0	0.014	13.5	8	4.282	7.61	1019.1	5	90	310	1	3.2	4.1	1	0	3	1	
2026-04-23 07:10:00	58.22946	17.43018	13	25	0	3	240	0	0	0.014	13.6	7	4.289	7.61	1019	5.1	90	315	1	2.4	3	1	0	3	1	
2026-04-23 07:15:00	58.23009	17.43069	12	26	0	1	240	0	0	0.014	13.6	8	4.284	7.61	1019	5	90	310	1	2.5	3.1	1	0	3	1	
2026-04-23 07:20:00	58.2306	17.4309	11	27	0	1	240	0	0	0.014	13.6	8	4.291	7.61	1019	5.1	90	320	1	2.2	2.8	1	0	3	1	
2026-04-23 07:25:00	58.23093	17.43153	12	28	0	1	240	0	0	0.014	13.5	8	4.316	7.61	1019.1	5.1	90	320	1	2.6	3.3	1	0	3	1	
2026-04-23 07:30:00	58.23204	17.43249	12	29	0	1	240	0	0	0.014	13.6	8	4.311	7.61	1019.1	5	90	315	1	2.5	3.1	1	0	3	1	
2026-04-23 07:35:00	58.23243	17.43276	11	30	0	1	240	0	0	0.014	13.8	8	4.331	7.61	1019.1	5.1	90	315	1	2.9	3.7	1	0	3	1	
2026-04-23 07:40:00	58.23309	17.43321	12	31	0	1	240	0	0	0.014	13.6	8	4.313	7.61	1019.1	5	91	295	1	3	3.7	1	0	3	1	
2026-04-23 07:45:00	58.23396	17.43354	11	32	0	1	240	0	0	0.014	13.4	8	4.346	7.62	1019.1	4.9	92	285	1	3.5	4.1	1	0	3	1	
2026-04-23 07:50:00	58.23501	17.43384	12	33	0	1	240	0	0	0.016	13.4	8	4.335	7.61	1019.1	4.9	92	295	1	3	3.8	1	0	3	1	
2026-04-23 07:55:00	58.23594	17.43417	12	34	1	1	190	0	0	0.014	13.3	8	4.354	7.62	1019.1	5	92	310	1	2.9	3.8	1	1	3	0	
2026-04-23 08:00:00	58.23696	17.43477	40	35	0	1	510	0	0	0.014	13.3	8	4.315	7.61	1019.2	5.2	90	315	1	3.8	4.8	1	0	3	5	
2026-04-23 08:10:00	58.23846	17.43612	11	36	0	1	480	0	0	0.016	13.2	8	4.388	7.63	1019.2	5.2	89	315	1	3.7	4.4	1	0	3	5	
2026-04-23 08:20:00	58.24023	17.43843	11	37	0	1	480	0	0	0.014	13.5	8	4.362	7.62	1019.2	5.2	90	305	1	3.2	4.1	1	0	3	5	
2026-04-23 08:30:00	58.24191	17.44032	11	38	0	1	480	0	0	0.016	13.3	8	4.354	7.62	1019.1	5.3	89	310	1	3	3.8	1	0	3	5	
2026-04-23 08:40:00	58.24353	17.44176	11	39	0	1	480	0	0	0.014	13.2	9	4.397	7.63	1019.1	5.4	89	310	1	3.1	3.9	1	0	3	5	
2026-04-23 08:50:00	58.24503	17.44362	11	40	0	1	480	0	0	0.014	13.5	8	4.431	7.64	1018.9	5.5	88	305	1	2.7	3.3	1	0	3	5	
2026-04-23 09:00:00	58.24647	17.44497	11	41	0	1	480	0	0	0.014	13.3	9	4.423	7.63	1018.8	5.5	88	300	1	2.2	3	1	0	3	5	
2026-04-23 09:10:00	58.24764	17.44596	12	42	0	1	480	0	0	0.014	13.3	9	4.493	7.65	1018.7	5.6	88	305	1	2.6	3.2	1	0	3	5	
2026-04-23 09:20:00	58.24905	17.44731	12	43	0	1	480	0	0	0.014	13.5	9	4.539	7.64	1018.7	5.6	88	310	1	2.5	3.1	1	0	3	5	
2026-04-23 09:30:00	58.25016	17.44869	12	44	0	1	480	0	0	0.014	13.3	9	4.574	7.66	1018.5	5.7	87	290	1	1.7	2.4	1	0	3	5	
2026-04-23 09:50:00	58.25244	17.45013	12	46	0	3	480	0	0	0.014	13.5	10	4.69	7.67	1018.3	5.9	86	280	1	1.8	2.3	1	0	3	5	
2026-04-23 10:00:00	58.25385	17.4507	12	47	0	1	480	0	0	0.014	13.3	10	4.712	7.67	1018.2	6	86	275	1	1	1.7	1	0	3	5	
2026-04-23 10:10:00	58.2546	17.45133	12	48	0	1	480	0	0	0.014	13.5	11	4.773	7.68	1018.1	6	87	270	1	0.9	1.5	1	0	3	5	
2026-04-23 10:20:00	58.25532	17.45205	12	49	0	1	480	0	0	0.014	13.3	11	4.893	7.71	1018.1	6.3	86	260	1	0.8	1.7	1	0	3	5	
2026-04-23 10:30:00	58.2558	17.45289	13	50	0	1	490	0	0	0.014	13.5	12	4.919	7.73	1017.9	6.5	86	210	1	0.8	1.6	1	0	3	5	
2026-04-23 10:40:00	58.25619	17.45358	41	51	0	1	510	0	0	0.014	13.3	12	5.03	7.75	1017.9	6.7	85	220	1	1.3	2.1	1	0	3	5	
2026-04-23 10:50:00	58.25679	17.45415	11	52	0	1	480	0	0	0.014	13.2	12	5.298	7.8	1017.8	6.7	85	190	1	1.3	1.8	1	0	3	5	
2026-04-23 11:00:00	58.25772	17.45451	11	53	0	1	480	0	0	0.014	13.6	13	5.353	7.8	1017.8	6.9	85	215	1	1.1	1.8	1	0	3	5	
2026-04-23 11:10:00	58.25853	17.45496	11	54	0	1	480	0	0	0.014	13.3	13	5.374	7.8	1017.7	7.1	85	205	1	1.3	1.9	1	0	3	5	
2026-04-23 11:20:00	58.25922	17.45556	11	55	0	2	480	0	0	0.014	13.3	14	5.505	7.8	1017.6	7.2	85	210	1	0.9	1.7	1	0	3	5	
2026-04-23 11:30:00	58.26003	17.4561	11	56	0	1	480	0	0	0.014	13.6	14	5.643	7.81	1017.5	7.4	84	215	1	1.1	1.5	1	0	3	5	
2026-04-23 11:40:00	58.26123	17.45655	11	57	0	1	480	0	0	0.016	13.3	14	5.792	7.78	1017.4	7.3	84	230	1	1.6	2.2	1	0	3	5	
2026-04-23 11:50:00	58.26288	17.45673	12	58	0	1	480	0	0	0.014	13.2	15	5.773	7.78	1017.1	7	84	220	1	2.1	2.8	1	0	3	5	
2026-04-23 12:00:00	58.26486	17.45646	11	59	0	1	480	0	0	0.014	13.5	15	5.811	7.91	1017	6.9	85	215	1	2.1	2.5	1	0	3	5	
2026-04-23 12:10:00	58.26696	17.4558	11	0	0	1	480	0	0	0.014	13.3	15	5.57	7.86	1016.9	6.9	85	235	1	1.8	2.4	1	0	3	5	
2026-04-23 12:20:00	58.26867	17.4552	12	1	0	1	480	0	0	0.016	13.4	15	5.675	7.86	1016.8	7	86	220	1	1.7	2.2	1	0	3	5	
2026-04-23 12:30:00	58.27056	17.45613	12	2	0	1	480	0	0	0.014	13.3	15	5.71	7.87	1016.6	7.2	84	235	1	2.1	2.6	1	0	3	5	
2026-04-23 12:40:00	58.27242	17.45775	12	3	0	1	480	0	0	0.016	13.6	15	5.577	7.87	1016.6	7.5	83	250	1	1.3	1.8	1	0	3	5	
2026-04-23 12:50:00	58.27386	17.45943	12	4	0	2	480	0	0	0.014	13.3	15	5.598	7.89	1016.4	7.6	83	225	1	0.8	1.2	1	0	3	5	
2026-04-23 13:00:00	58.27506	17.46072	12	5	0	1	480	0	0	0.014	13.3	15	5.778	7.92	1016.2	7.4	83	220	1	2	2.5	1	0	3	5	
2026-04-23 13:10:00	58.27638	17.4633	12	6	0	2	490	0	0	0.014	13.6	15	5.755	7.91	1016.1	7.2	85	225	1	1.7	2.4	1	0	3	5	
2026-04-23 13:20:00	58.27803	17.46591	12	7	0	1	480	0	0	0.014	13.3	15	5.708	7.91	1016	7.1	86	225	1	2.7	3.5	1	0	3	5	
2026-04-23 13:30:00	58.28007	17.46522	12	8	0	2	480	0	0	0.016	13.3	15	5.615	7.89	1015.9	7	85	215	1	2.5	3.4	1	0	3	5	
2026-04-23 13:40:00	58.28172	17.46321	14	9	0	3	490	0	0	0.014	13.6	15	5.58	7.88	1015.9	6.8	87	215	1	2.3	3	1	0	3	5	
2026-04-23 13:50:00	58.28073	17.46627	12	10	0	1	490	0	0	0.014	13.3	14	5.498	7.86	1015.8	6.7	87	210	1	2.4	2.9	1	0	3	5	
2026-04-23 14:00:00	58.27932	17.46885	41	11	0	1	510	0	0	0.014	13.3	14	5.409	7.85	1015.6	7	84	235	1	1.8	2.3	1	0	3	5	
2026-04-23 14:10:00	58.28031	17.4684	11	12	0	1	480	0	0	0.014	13.6	14	5.309	7.83	1015.4	6.8	86	210	1	2	2.9	1	0	3	5	
2026-04-23 14:20:00	58.28115	17.46642	11	13	0	1	480	0	0	0.014	13.3	13	5.271	7.83	1015.3	6.6	88	215	1	1.7	2.1	1	0	3	5	
2026-04-23 14:30:00	58.28184	17.46405	11	14	0	1	480	0	0	0.016	13.2	13	5.319	7.83	1015.2	6.5	88	210	1	3.5	4.3	1	0	3	5	
2026-04-23 14:40:00	58.2828	17.46087	11	15	0	1	480	0	0	0.014	13.6	13	5.435	7.85	1015.1	6.4	87	215	1	2.8	3.5	1	0	3	5	
2026-04-23 14:50:00	58.28391	17.45775	11	16	0	1	480	0	0	0.014	13.4	12	5.174	7.79	1014.9	6.4	87	215	1	3.2	3.9	1	0	3	5	
2026-04-23 15:00:00	58.28478	17.45508	11	17	0	1	480	0	0	0.014	13.3	12	5.177	7.8	1015.1	6.5	86	220	1	2.8	3.5	1	0	3	5	
2026-04-23 15:10:00	58.28577	17.45343	11	18	0	1	480	0	0	0.014	13.8	11	5.096	7.78	1014.6	6.3	87	215	1	3.7	4.6	1	0	3	5	
2026-04-23 15:20:00	58.28676	17.45067	11	19	0	1	480	0	0	0.014	13.4	11	5.119	7.79	1014.5	6.2	87	210	1	3.9	4.7	1	0	3	5	
2026-04-23 15:30:00	58.28763	17.44719	12	20	0	2	480	0	0	0.016	13.3	11	5.073	7.78	1014.6	6.3	86	220	1	3.3	4.1	1	0	3	5	
2026-04-23 15:40:00	58.28862	17.4444	12	21	0	1	490	0	0	0.014	13.5	10	5.131	7.79	1014.4	6.3	85	215	1	3.6	4.5	1	0	3	5	
2026-04-23 15:50:00	58.28934	17.44242	12	22	0	1	480	0	0	0.016	13.5	10	5.167	7.8	1014.4	6.3	85	215	1	3.9	4.7	1	0	3	5	
2026-04-23 16:00:00	58.29006	17.44092	12	23	0	1	480	0	0	0.014	13.5	10	5.211	7.81	1014.1	6.2	84	210	1	3.5	4.5	1	0	3	5	
2026-04-23 16:10:00	58.29096	17.43897	12	24	0	1	490	0	0	0.016	13.4	10	5.171	7.8	1014	6.2	85	210	1	4.4	5.2	1	0	3	5	
2026-04-23 16:20:00	58.29207	17.43729	12	25	0	1	480	0	0	0.014	13.3	9	5.081	7.78	1014.1	6.1	85	215	1	4.2	5.3	1	0	3	5	
2026-04-23 16:30:00	58.29354	17.43522	11	26	0	1	480	0	0	0.014	13.3	9	5.075	7.78	1014.1	6	85	210	1	4.1	5	1	0	3	5	
2026-04-23 16:40:00	58.29468	17.43366	12	27	0	2	480	0	0	0.016	13.3	9	4.95	7.75	1013.8	6	84	215	1	4.6	5.5	1	0	3	5	
2026-04-23 16:50:00	58.29558	17.43111	11	28	0	1	480	0	0	0.014	13.3	9	4.839	7.73	1013.5	5.9	83	215	1	4.7	5.8	1	0	3	5	
2026-04-23 17:00:00	58.29666	17.4285	12	29	0	1	490	0	0	0.014	13.2	9	4.572	7.67	1013.5	5.9	83	215	1	4.3	5.5	1	0	3	5	
2026-04-23 17:10:00	58.29849	17.4258	14	30	0	1	490	0	0	0.016	13.2	9	4.765	7.71	1013.3	5.9	83	215	1	4.7	5.9	1	0	3	5	
2026-04-23 17:20:00	58.30002	17.42256	13	31	0	1	480	0	0	0.014	13.2	9	4.77	7.71	1013.4	5.8	83	215	1	4.4	5.3	1	0	3	5	
2026-04-23 17:30:00	58.30122	17.42028	13	32	0	1	490	0	0	0.016	13.2	8	4.685	7.7	1013.3	5.8	83	210	1	4	5.2	1	0	3	5	
2026-04-23 17:40:00	58.3023	17.4174	12	33	0	1	490	0	0	0.016	13.2	8	4.627	7.68	1013.2	5.7	84	210	1	4.6	5.7	1	0	3	5	
2026-04-23 17:50:00	58.30311	17.41536	14	34	0	3	490	0	0	0.016	13.2	9	4.565	7.67	1013.2	5.8	83	215	1	4.9	5.9	1	0	3	5	
2026-04-23 18:10:00	58.30554	17.4102	11	36	0	3	480	0	0	0.016	13.2	9	4.661	7.69	1013.1	5.8	84	215	1	4.4	5.5	1	0	3	5	
2026-04-23 18:50:00	58.31016	17.397	12	40	0	3	480	0	0	0.014	13.2	9	4.838	7.75	1012.7	6.1	83	215	1	6.1	7.2	1	0	3	5	
2026-04-23 19:00:00	58.31163	17.39259	11	41	0	2	480	0	0	0.014	13.2	8	4.727	7.72	1012.5	5.9	85	210	1	5.2	6.5	1	0	3	5	
2026-04-23 19:10:00	58.31022	17.39652	11	42	0	1	480	0	0	0.016	13.2	8	4.786	7.74	1012.5	5.8	86	205	1	4.6	5.4	1	0	3	5	
2026-04-23 19:20:00	58.30914	17.4009	13	43	0	1	490	0	0	0.014	13.2	8	4.877	7.76	1012.5	5.7	88	210	1	4	5.2	1	0	3	5	
2026-04-23 19:30:00	58.31031	17.40015	12	44	0	1	490	0	0	0.014	13.2	8	4.775	7.74	1012.5	5.6	89	210	1	4.2	5.1	1	0	3	5	
2026-04-23 19:40:00	58.31124	17.39781	11	45	0	1	480	0	0	0.014	13.2	8	4.662	7.71	1012.4	5.5	89	210	1	3.6	4.6	1	0	3	5	
2026-04-23 19:50:00	58.31202	17.39631	12	46	0	1	480	0	0	0.014	13.2	8	4.683	7.71	1012.3	5.4	90	210	1	3.3	4.2	1	0	3	5	
2026-04-23 20:00:00	58.31286	17.39487	12	47	0	2	490	0	0	0.014	13.2	8	4.67	7.71	1012.3	5.5	90	205	1	2.9	3.9	1	0	3	5	
2026-04-23 20:10:00	58.31391	17.39316	13	48	0	2	490	0	0	0.014	13.2	8	4.669	7.71	1012.1	5.4	91	210	1	2.5	3.1	1	0	3	5	
2026-04-23 20:20:00	58.3143	17.39175	13	49	0	1	490	0	0	0.016	13.2	8	4.631	7.7	1012.1	5.4	92	205	1	2.2	3.4	1	0	3	5	
2026-04-23 20:30:00	58.31469	17.39067	12	50	0	2	480	0	0	0.014	13.2	8	4.634	7.7	1012	5.4	91	215	1	1.8	2.4	1	0	3	5	
2026-04-23 20:40:00	58.31535	17.38956	11	51	0	1	490	0	0	0.014	13.2	8	4.656	7.71	1011.8	5.5	91	220	1	2.4	3.1	1	0	3	5	
2026-04-23 20:50:00	58.31529	17.39043	28	52	0	2	530	0	0	0.014	13.2	8	4.644	7.71	1011.8	6	88	260	1	2.7	3.5	1	0	3	5	
2026-04-23 21:00:00	58.31361	17.39175	11	53	0	2	480	0	0	0.014	13.2	8	4.617	7.69	1011.7	6.4	86	260	1	3.2	4.1	1	0	3	5	
2026-04-23 21:10:00	58.31121	17.39181	12	54	0	1	480	0	0	0.014	13.2	8	4.682	7.71	1011.7	6.2	87	250	1	3.5	4.3	1	0	3	5	
2026-04-23 21:20:00	58.30887	17.39166	11	55	0	1	480	0	0	0.014	13.2	8	4.632	7.7	1011.8	6.3	87	260	1	3.7	4.3	1	0	3	5	
2026-04-23 21:30:00	58.30656	17.39139	11	56	0	1	480	0	0	0.014	13.2	8	4.651	7.7	1011.8	6.4	86	265	1	3.6	4.3	1	0	3	5	
2026-04-23 21:40:00	58.30407	17.39124	11	57	0	1	480	0	0	0.014	13.2	8	4.636	7.7	1011.8	6.4	86	265	1	3.5	4.2	1	0	3	5	
2026-04-23 21:50:00	58.30152	17.39079	12	58	0	1	480	0	0	0.014	13.2	8	4.646	7.7	1011.8	6.5	86	270	1	3.9	4.6	1	0	3	5	
2026-04-23 22:00:00	58.29882	17.38962	12	59	0	1	480	0	0	0.014	13.2	8	4.65	7.71	1011.9	6.4	87	275	1	4.4	5.2	1	0	3	5	
2026-04-23 22:10:00	58.30059	17.39019	14	0	0	1	490	0	0	0.014	13.2	8	4.63	7.71	1011.8	6.5	86	280	1	4.1	5	1	0	3	5	
2026-04-23 22:30:00	58.30287	17.39823	12	2	0	3	480	0	0	0.016	13.2	8	4.68	7.72	1012	6.9	83	295	1	4.6	5.5	1	0	3	5	
2026-04-23 22:40:00	58.30122	17.40645	11	3	0	3	480	0	0	0.016	13.2	8	4.67	7.71	1011.9	6.9	83	300	1	4.4	5.2	1	0	3	5	
2026-04-23 22:50:00	58.30059	17.41527	12	4	0	1	480	0	0	0.014	13.2	8	4.621	7.69	1011.8	6.8	83	305	1	4.3	4.8	1	0	3	5	
2026-04-23 23:00:00	58.29942	17.42454	12	5	0	1	480	0	0	0.014	13.2	8	4.58	7.68	1011.7	6.9	83	305	1	4.6	5.3	1	0	3	5	
2026-04-23 23:10:00	58.29558	17.42643	12	6	0	1	490	0	0	0.016	13.2	7	4.424	7.64	1011.8	6.8	82	305	1	4.4	5.4	1	0	3	5	
2026-04-23 23:20:00	58.29108	17.42655	12	7	0	1	480	0	0	0.014	13.2	7	4.419	7.64	1011.8	6.8	82	305	1	5.1	6.1	1	0	3	5	
2026-04-23 23:30:00	58.29282	17.42943	13	8	0	1	490	0	0	0.014	13.2	7	4.437	7.64	1011.8	6.6	83	310	1	4.3	5.3	1	0	3	5	
2026-04-23 23:40:00	58.2948	17.43231	14	9	0	1	490	0	0	0.014	13.2	7	4.435	7.64	1011.9	6.4	84	300	1	4.4	5.3	1	0	3	5	
2026-04-23 23:50:00	58.29672	17.4345	12	10	0	1	490	0	0	0.016	13.2	8	4.404	7.64	1012	6.4	84	295	1	4.9	5.8	1	0	3	5	
2026-04-24 00:00:00	58.29891	17.43714	49	11	0	1	520	0	0	0.016	13.2	8	4.38	7.63	1012	6.7	82	320	1	5	6.1	1	0	3	5	
2026-04-24 00:10:00	58.30095	17.44089	12	12	0	1	490	0	0	0.016	13.2	8	4.339	7.62	1011.8	6.3	84	340	1	4.3	5.2	1	0	3	5	
2026-04-24 00:20:00	58.30251	17.4453	12	13	0	1	490	0	0	0.014	13.2	7	4.348	7.62	1011.8	6.2	85	340	1	4.7	5.5	1	0	3	5	
2026-04-24 00:30:00	58.30371	17.4504	13	14	0	1	490	0	0	0.016	13.2	7	4.409	7.64	1011.8	5.9	87	350	1	4.8	5.6	1	0	3	5	
2026-04-24 00:40:00	58.30464	17.45568	12	15	0	1	480	0	0	0.016	13.2	7	4.431	7.64	1011.8	5.7	88	360	1	4.1	5.1	1	0	3	5	
2026-04-24 01:30:00	58.30434	17.45526	13	20	0	3	490	0	0	0.016	13.2	8	4.385	7.63	1012.3	5.6	88	340	1	4.3	5.1	1	0	3	5	
2026-04-24 01:40:00	58.30452	17.45178	13	21	0	2	490	0	0	0.014	13.2	8	4.363	7.62	1012.3	5.7	88	340	1	3.7	4.8	1	0	3	5	
2026-04-24 01:50:00	58.30443	17.448	12	22	0	2	480	0	0	0.016	13.2	8	4.363	7.62	1012.5	5.6	88	320	1	3.6	4.6	1	0	3	5	
2026-04-24 02:00:00	58.30422	17.44485	12	23	0	1	480	0	0	0.014	13.2	7	4.285	7.61	1012.5	5.7	87	330	1	3.7	5	1	0	3	5	
2026-04-24 02:10:00	58.3041	17.44785	12	24	0	1	480	0	0	0.016	13.2	7	4.346	7.62	1012.5	5.7	87	325	1	4.7	6.1	1	0	3	5	
2026-04-24 02:20:00	58.30539	17.4513	12	25	0	1	490	0	0	0.014	13.2	7	4.366	7.62	1012.4	5.8	86	325	1	3.9	4.7	1	0	3	5	
2026-04-24 02:30:00	58.30644	17.45538	13	26	0	1	490	0	0	0.016	13.2	7	4.363	7.63	1012.5	6	85	335	1	3.5	4.6	1	0	3	5	
2026-04-24 02:40:00	58.30734	17.45973	14	27	0	1	490	0	0	0.014	13.2	7	4.333	7.62	1012.5	5.5	88	305	1	2.7	3.6	1	0	3	5	
2026-04-24 02:50:00	58.30662	17.45814	12	28	0	1	480	0	0	0.016	13.2	7	4.347	7.62	1012.5	5.3	89	295	1	2.5	3.4	1	0	3	5	
2026-04-24 03:00:00	58.30584	17.45637	14	29	0	1	520	0	0	0.016	13.2	7	4.343	7.62	1012.6	5.2	90	310	1	2.8	3.7	1	0	3	5	
2026-04-24 03:10:00	58.30671	17.4582	11	30	0	2	480	0	0	0.014	13.2	7	4.333	7.62	1012.6	5.2	90	315	1	2.8	3.6	1	0	3	5	
2026-04-24 03:20:00	58.30803	17.46033	11	31	0	1	480	0	0	0.014	13.2	7	4.324	7.61	1012.7	5.3	89	320	1	3.1	3.6	1	0	3	5	
2026-04-24 03:30:00	58.3092	17.46255	13	32	0	1	490	0	0	0.014	13.2	7	4.307	7.61	1012.6	5.3	89	320	1	3	3.9	1	0	3	5	
2026-04-24 03:40:00	58.3107	17.46519	13	33	0	2	490	0	0	0.016	13.2	7	4.32	7.62	1012.7	5.3	89	325	1	3.3	4	1	0	3	5	
2026-04-24 03:50:00	58.31211	17.46819	13	34	0	1	490	0	0	0.014	13.2	7	4.304	7.61	1012.8	5.6	87	320	1	3.6	4.4	1	0	3	5	
2026-04-24 04:00:00	58.31382	17.47152	13	35	0	1	490	0	0	0.014	13.2	7	4.348	7.62	1012.7	5.7	86	320	1	3.7	4.8	1	0	3	5	
2026-04-24 04:10:00	58.31541	17.47491	14	36	0	1	180	0	0	0.016	13.2	7	4.323	7.62	1012.7	5.5	88	320	1	3.1	3.9	1	6	3	0	
2026-04-24 04:15:00	58.31619	17.47653	13	37	0	1	490	0	0	0.016	13.2	7	4.419	7.65	1012.8	5.5	88	320	1	3.6	4.4	1	0	3	5	
2026-04-24 04:25:00	58.31796	17.47959	14	38	0	1	490	0	0	0.016	13.2	7	4.565	7.68	1012.9	5.4	88	315	1	3.5	4.1	1	0	3	5	
2026-04-24 04:35:00	58.3197	17.48289	15	39	0	2	490	0	0	0.014	13.2	7	4.555	7.69	1012.8	5.4	89	310	1	3.1	4.1	1	0	3	5	
2026-04-24 04:45:00	58.32129	17.48544	15	40	0	1	490	0	0	0.016	13.2	7	4.559	7.69	1012.8	5.4	88	315	1	3.4	4.4	1	0	3	5	
2026-04-24 04:55:00	58.32297	17.48802	16	41	0	2	490	0	0	0.016	13.2	8	4.567	7.69	1012.9	5.5	88	305	1	3.6	4.3	1	0	3	5	
2026-04-24 05:05:00	58.32459	17.49057	16	42	0	1	500	0	0	0.014	13.3	8	4.627	7.71	1013	5.5	88	305	1	3.7	4.2	1	0	3	5	
2026-04-24 05:29:57	58.32891	17.49675	12	44	0	3	480	0	0	0.014	13.3	9	4.63	7.71	1013	5.4	88	315	1	3.9	5.2	1	0	3	5	
2026-04-24 05:40:00	58.3308	17.50062	12	45	0	1	480	0	0	0.016	13.3	8	4.7	7.72	1013.1	5.3	89	310	1	3.7	4.7	1	0	3	5	
2026-04-24 05:50:00	58.33302	17.50335	12	46	0	1	480	0	0	0.014	13.3	8	4.833	7.74	1013.1	5.4	88	310	1	4.2	5	1	0	3	5	
2026-04-24 06:00:00	58.33524	17.50575	13	47	0	1	490	0	0	0.016	13.4	8	4.873	7.74	1013.1	5.4	88	315	1	3.9	4.8	1	0	3	5	
2026-04-24 06:10:00	58.33749	17.50869	12	48	0	3	480	0	0	0.014	13.4	9	4.911	7.74	1013.1	5.4	88	310	1	3.5	4.5	1	0	3	5	
2026-04-24 06:20:00	58.33923	17.51118	11	49	0	2	480	0	0	0.016	13.4	8	4.921	7.74	1013	5.4	88	310	1	3.8	4.8	1	0	3	5	
2026-04-24 06:30:00	58.34091	17.51325	12	50	0	1	480	0	0	0.014	13.4	8	4.92	7.73	1013	5.4	88	310	1	4.2	5.1	1	0	3	5	
2026-04-24 06:40:00	58.34271	17.51592	13	51	0	1	490	0	0	0.014	13.5	8	4.909	7.73	1013.1	5.5	87	310	1	3.3	4	1	0	3	5	
2026-04-24 06:50:00	58.34223	17.51385	13	52	0	2	490	0	0	0.014	13.5	8	4.937	7.73	1013.1	5.6	87	310	1	3.7	4.4	1	0	3	5	
2026-04-24 07:00:00	58.34169	17.51121	11	53	0	2	480	0	0	0.014	13.5	8	4.946	7.73	1013.3	5.5	87	315	1	3.8	4.4	1	0	3	5	
2026-04-24 07:10:00	58.34316	17.51442	12	54	0	1	480	0	0	0.016	13.5	8	4.945	7.73	1013.3	5.5	87	310	1	3	4.1	1	0	3	5	
2026-04-24 07:20:00	58.34469	17.51718	12	55	0	1	480	0	0	0.014	13.5	8	4.954	7.73	1013.3	5.6	87	310	1	3.2	3.9	1	0	3	5	
2026-04-24 07:30:00	58.34424	17.51619	13	56	0	1	480	0	0	0.014	13.6	8	4.978	7.73	1013.2	5.6	87	315	1	3.2	3.9	1	0	3	5	
2026-04-24 07:40:00	58.34391	17.51475	12	57	0	1	480	0	0	0.014	13.5	9	4.98	7.73	1013.3	5.7	87	310	1	3.1	4	1	0	3	5	
2026-04-24 07:50:00	58.34472	17.5173	11	58	0	1	480	0	0	0.014	13.5	9	4.984	7.73	1013.4	5.8	86	315	1	3.4	4	1	0	3	5	
2026-04-24 08:00:00	58.34622	17.52084	40	59	0	1	510	0	0	0.014	13.6	9	4.992	7.73	1013.3	5.8	86	300	1	2.9	3.5	1	0	3	5	
2026-04-24 08:10:00	58.34562	17.51988	11	0	0	1	480	0	0	0.014	13.6	9	5.009	7.73	1013.4	5.8	87	300	1	3	4.1	1	0	3	5	
2026-04-24 08:20:00	58.34496	17.51865	12	1	0	1	480	0	0	0.014	13.6	9	5.035	7.73	1013.4	5.6	89	300	1	3	3.8	1	0	3	5	
2026-04-24 08:30:00	58.34439	17.51715	11	2	0	1	480	0	0	0.014	13.6	9	5.053	7.73	1013.5	5.7	88	300	1	2.8	3.6	1	0	3	5	
2026-04-24 08:40:00	58.34373	17.51607	11	3	0	1	480	0	0	0.014	13.7	9	5.1	7.74	1013.5	5.7	89	280	1	2.2	2.6	1	0	3	5	
2026-04-24 08:50:00	58.34301	17.51526	12	4	0	1	480	0	0	0.014	13.8	9	5.093	7.74	1013.4	5.8	88	295	1	2.7	3.4	1	0	3	5	
2026-04-24 09:00:00	58.34223	17.5146	13	5	0	1	490	0	0	0.014	13.5	10	5.158	7.75	1013.4	5.9	87	295	1	2.5	3.2	1	0	3	5	
2026-04-24 09:10:00	58.34307	17.51664	13	6	0	1	490	0	0	0.016	13.3	10	5.155	7.75	1013.4	5.8	88	300	1	2.3	2.8	1	0	3	5	
2026-04-24 09:20:00	58.34397	17.5182	14	7	0	1	490	0	0	0.016	13.3	10	5.196	7.76	1013.4	5.9	88	290	1	2	2.6	1	0	3	5	
2026-04-24 09:30:00	58.34463	17.51964	14	8	0	2	490	0	0	0.014	13.5	11	5.177	7.75	1013.4	5.9	89	275	1	2.3	2.7	1	0	3	5	
2026-04-24 10:00:00	58.34766	17.52264	12	11	0	3	480	0	0	0.014	13.3	12	5.141	7.71	1013.1	6.1	88	260	1	1.5	2	1	0	3	5	
2026-04-24 10:10:00	58.34847	17.52339	12	12	0	1	480	0	0	0.014	13.3	12	5.213	7.72	1013	6.3	88	260	1	1.5	2	1	0	3	5	
2026-04-24 10:20:00	58.34919	17.52414	11	13	0	1	480	0	0	0.014	13.6	12	5.243	7.73	1012.9	6.4	88	270	1	1.4	1.7	1	0	3	5	
2026-04-24 10:30:00	58.34997	17.52483	11	14	0	1	480	0	0	0.016	13.3	13	5.357	7.74	1012.9	6.6	86	260	1	0.9	1.3	1	0	3	5	
2026-04-24 10:40:00	58.35075	17.52543	11	15	0	1	480	0	0	0.014	13.3	13	5.484	7.8	1012.8	6.6	86	255	1	1.8	2.3	1	0	3	5	
2026-04-24 10:50:00	58.35165	17.52528	11	16	0	1	480	0	0	0.014	13.5	13	5.498	7.8	1012.7	6.6	86	240	1	1.7	2.1	1	0	3	5	
2026-04-24 11:00:00	58.35252	17.52441	11	17	0	1	480	0	0	0.014	13.3	14	5.516	7.8	1012.6	6.7	86	250	1	1.3	1.6	1	0	3	5	
2026-04-24 11:10:00	58.35333	17.52375	11	18	0	1	480	0	0	0.014	13.3	14	5.665	7.81	1012.6	6.8	84	250	1	1.8	2.2	1	0	3	5	
2026-04-24 11:20:00	58.35411	17.5227	11	19	0	1	480	0	0	0.014	13.5	14	5.753	7.81	1012.5	7	83	250	1	1.6	1.8	1	0	3	5	
2026-04-24 11:30:00	58.35513	17.52147	12	20	0	1	480	0	0	0.014	13.3	14	5.739	7.76	1012.5	7.1	83	250	1	1.2	1.5	1	0	3	5	
2026-04-24 11:40:00	58.35588	17.51988	11	21	0	1	480	0	0	0.014	13.4	14	5.835	7.73	1012.5	7.2	84	220	1	1.5	1.9	1	0	3	5	
2026-04-24 11:50:00	58.3566	17.51772	11	22	0	1	480	0	0	0.014	13.3	14	5.959	7.77	1012.4	7.3	86	215	1	1.4	1.8	1	0	3	5	
2026-04-24 12:00:00	58.35732	17.51547	40	23	0	1	510	0	0	0.014	13.5	15	5.803	7.73	1012.3	7.3	86	210	1	2	2.4	1	0	3	5	
2026-04-24 12:10:00	58.35828	17.5125	11	24	0	1	480	0	0	0.014	13.3	15	5.933	7.75	1012.1	7.3	85	200	1	1.6	1.9	1	0	3	5	
2026-04-24 12:20:00	58.35927	17.50896	11	25	0	1	480	0	0	0.014	13.4	15	5.844	7.73	1012	7.5	84	210	1	1.2	1.5	1	0	3	5	
2026-04-24 12:30:00	58.36002	17.5059	11	26	0	1	480	0	0	0.014	13.3	15	5.823	7.7	1011.8	7.9	79	215	1	1.5	1.8	1	0	3	5	
2026-04-24 12:40:00	58.36086	17.50299	11	27	0	1	480	0	0	0.014	13.5	15	5.842	7.68	1011.7	7.3	83	205	1	2.3	2.7	1	0	3	5	
2026-04-24 12:50:00	58.36227	17.49837	11	28	0	1	480	0	0	0.014	13.3	15	6.003	7.71	1011.7	7.1	85	205	1	2.5	3.2	1	0	3	5	
2026-04-24 13:00:00	58.36275	17.49342	12	29	0	1	480	0	0	0.014	13.2	15	5.849	7.68	1011.5	6.9	86	195	1	3.2	3.7	1	0	3	5	
2026-04-24 13:10:00	58.36335	17.48787	12	30	0	1	480	0	0	0.014	13.6	14	5.837	7.69	1011.4	7	85	190	1	2.7	3.6	1	0	3	5	
2026-04-24 13:20:00	58.36407	17.48322	12	31	0	1	480	0	0	0.014	13.3	14	5.965	7.7	1011.4	7	84	195	1	2.6	3.2	1	0	3	5	
2026-04-24 13:50:00	58.36542	17.46996	12	34	0	3	480	0	0	0.014	13.3	13	5.748	7.65	1011	6.7	87	195	1	3.6	4.2	1	0	3	5	
2026-04-24 14:00:00	58.36587	17.46522	12	35	0	2	480	0	0	0.014	13.3	12	5.82	7.67	1011	6.8	86	200	1	3.9	4.6	1	0	3	5	
2026-04-24 14:10:00	58.36647	17.46018	12	36	0	1	480	0	0	0.014	13.2	12	5.785	7.68	1010.9	6.6	87	205	1	4.4	5.2	1	0	3	5	
2026-04-24 14:20:00	58.36746	17.45505	12	37	0	1	480	0	0	0.014	13.7	11	5.617	7.65	1010.8	6.5	87	200	1	4.6	5.1	1	0	3	5	
2026-04-24 14:30:00	58.3683	17.44986	12	38	0	1	480	0	0	0.014	13.4	11	5.237	7.6	1010.8	6.4	87	205	1	4.4	5.6	1	0	3	5	
2026-04-24 14:40:00	58.36917	17.44572	13	39	0	1	490	0	0	0.014	13.3	11	5.066	7.59	1010.7	6.5	86	205	1	4.5	5.5	1	0	3	5	
2026-04-24 14:50:00	58.37013	17.44185	17	40	0	2	520	0	0	0.014	13.5	11	5.043	7.59	1010.6	6.5	84	200	1	4.3	5.5	1	0	3	5	
2026-04-24 15:10:00	58.37196	17.4342	11	42	0	3	480	0	0	0.014	13.7	10	5.104	7.61	1010.4	6.4	85	205	1	5	6	1	0	3	5	
2026-04-24 15:20:00	58.37313	17.42973	11	43	0	3	480	0	0	0.014	13.4	10	5.091	7.62	1010.2	6.5	85	205	1	5.1	6.4	1	0	3	5	
2026-04-24 15:30:00	58.37418	17.42514	12	44	0	1	490	0	0	0.016	13.3	10	5.209	7.65	1010.1	6.4	86	205	1	5.1	6	1	0	3	5	
2026-04-24 15:40:00	58.37508	17.42085	12	45	0	1	480	0	0	0.016	13.2	10	5.244	7.66	1010	6.3	86	200	1	5	6.3	1	0	3	5	
2026-04-24 15:50:00	58.37631	17.41641	12	46	0	1	480	0	0	0.014	13.3	9	5.334	7.68	1009.9	6.4	86	200	1	4.9	6.2	1	0	3	5	
2026-04-24 16:00:00	58.37715	17.41218	12	47	0	1	490	0	0	0.014	13.3	9	5.696	7.8	1009.8	6.5	84	200	1	4.8	5.8	1	0	3	5	
2026-04-24 16:10:00	58.37817	17.40681	12	48	0	1	480	0	0	0.014	13.4	9	5.818	7.85	1009.7	6.4	85	210	1	5.4	6.1	1	0	3	5	
2026-04-24 16:20:00	58.37919	17.4024	12	49	0	1	490	0	0	0.014	13.4	9	5.624	7.82	1009.5	6.3	85	210	1	6.3	7.5	1	0	3	5	
2026-04-24 16:30:00	58.38036	17.3964	12	50	0	1	480	0	0	0.014	13.4	9	5.259	7.76	1009.4	6.2	85	210	1	6	7.4	1	0	3	5	
2026-04-24 16:40:00	58.38165	17.39088	12	51	0	1	480	0	0	0.014	13.4	9	5.39	7.8	1009.4	6.2	84	210	1	6.5	7.8	1	0	3	5	
2026-04-24 16:50:00	58.38282	17.38527	12	52	0	1	480	0	0	0.016	13.3	9	5.337	7.79	1009.3	6.2	85	210	1	6.3	8	1	0	3	5	
2026-04-24 17:00:00	58.38378	17.38038	13	53	0	1	490	0	0	0.016	13.3	9	5.343	7.76	1009.2	6.2	85	205	1	6.2	7.8	1	0	3	5	
2026-04-24 17:10:00	58.38453	17.37462	15	54	0	1	490	0	0	0.016	13.2	9	5.211	7.72	1009.2	6.2	85	205	1	5.9	7.5	1	0	3	5	
2026-04-24 17:20:00	58.38495	17.3688	41	55	0	1	510	0	0	0.014	13.2	9	5.212	7.69	1009.1	6.2	84	200	1	6	7.9	1	0	3	5	
2026-04-24 17:40:00	58.38633	17.35962	11	57	0	3	480	0	0	0.014	13.2	9	5.045	7.61	1008.8	6.2	85	195	1	4.7	6	1	0	3	5	
2026-04-24 17:50:00	58.38651	17.35455	11	58	0	3	480	0	0	0.014	13.2	9	5.007	7.59	1008.7	6.3	85	200	1	5.4	6.7	1	0	3	5	
2026-04-24 18:00:00	58.38663	17.34918	12	59	0	1	480	0	0	0.016	13.2	9	5.076	7.6	1008.7	6.3	85	205	1	5.8	7.5	1	0	3	5	
2026-04-24 18:10:00	58.38726	17.3436	11	0	0	1	480	0	0	0.014	13.2	8	5.094	7.6	1008.6	6.5	84	205	1	6.6	8	1	0	3	5	
2026-04-24 18:20:00	58.38798	17.33715	11	1	0	1	480	0	0	0.016	13.2	8	5.082	7.6	1008.5	6.6	83	205	1	6.9	8.6	1	0	3	5	
2026-04-24 18:30:00	58.38903	17.33016	12	2	0	1	480	0	0	0.016	13.2	8	5.054	7.59	1008.4	6.5	84	200	1	6.5	8.2	1	0	3	5	
2026-04-24 18:40:00	58.38969	17.32365	11	3	0	1	480	0	0	0.014	13.2	8	5.1	7.62	1008.4	6.4	84	200	1	7.1	8.8	1	0	3	5	
2026-04-24 18:50:00	58.39029	17.3175	12	4	0	2	480	0	0	0.014	13.2	8	5.101	7.64	1008.4	6.3	85	205	1	6.5	7.8	1	0	3	5	
2026-04-24 19:00:00	58.39104	17.31063	12	5	0	1	480	0	0	0.014	13.2	8	5.025	7.67	1008.2	6.2	86	195	1	6.5	7.9	1	0	3	5	
2026-04-24 19:10:00	58.39161	17.30442	12	6	0	1	480	0	0	0.014	13.2	8	4.987	7.68	1008.1	6	87	195	1	6.5	8.1	1	0	3	5	
2026-04-24 19:20:00	58.39206	17.29764	13	7	0	1	490	0	0	0.016	13.2	8	4.871	7.65	1007.8	5.9	88	195	1	6.7	8.2	1	0	3	5	
2026-04-24 19:30:00	58.39239	17.29146	13	8	0	1	490	0	0	0.014	13.2	8	4.958	7.68	1007.7	5.9	88	190	1	6.7	8.7	1	0	3	5	
2026-04-24 19:40:00	58.39254	17.28519	16	9	0	1	500	0	0	0.014	13.2	8	4.892	7.66	1007.6	5.8	89	195	1	6.4	7.8	1	0	3	5	
2026-04-24 19:50:00	58.39263	17.27973	16	10	0	1	550	0	0	0.016	13.2	8	4.814	7.65	1007.3	5.8	89	195	1	6.3	7.8	1	0	3	5	
2026-04-24 20:05:00	58.3932	17.27085	11	11	0	3	480	0	0	0.016	13.2	8	4.886	7.69	1007.2	5.7	90	200	1	5.7	6.6	1	0	3	5	
2026-04-24 20:15:00	58.39362	17.26467	11	12	0	1	480	0	0	0.014	13.2	8	4.824	7.68	1007.1	5.8	90	200	1	5.5	7.1	1	0	3	5	
2026-04-24 20:25:00	58.39422	17.25966	11	13	0	2	480	0	0	0.016	13.2	8	4.791	7.68	1007	5.7	91	200	1	5.5	6.5	1	0	3	5	
2026-04-24 20:35:00	58.39473	17.25456	11	14	0	2	480	0	0	0.014	13.2	8	4.734	7.66	1006.7	5.7	91	195	1	5.2	6.5	1	0	3	5	
2026-04-24 20:45:00	58.39608	17.25132	11	15	0	1	480	0	0	0.016	13.2	8	4.701	7.66	1006.6	5.7	91	200	1	4.9	6.1	1	0	3	5	
2026-04-24 21:05:00	58.3977	17.24763	12	17	0	3	480	0	0	0.014	13.2	8	4.734	7.66	1006.2	5.7	91	195	1	5.1	6.2	1	0	3	5	
2026-04-24 21:15:00	58.39794	17.25696	12	18	0	1	480	0	0	0.014	13.2	8	4.669	7.65	1006.1	5.8	91	195	1	4.7	5.5	1	0	3	5	
2026-04-24 21:25:00	58.39935	17.2665	11	19	0	1	480	0	0	0.016	13.2	8	4.684	7.65	1005.9	5.7	91	195	1	4.5	5.9	1	0	3	5	
2026-04-24 21:35:00	58.40013	17.27535	12	20	0	3	480	0	0	0.016	13.2	8	4.797	7.67	1005.7	5.7	91	200	1	4.8	5.7	1	0	3	5	
2026-04-24 21:45:00	58.40298	17.2797	12	21	0	1	480	0	0	0.014	13.2	8	4.878	7.69	1005.6	5.7	91	200	1	4.3	5.1	1	0	3	5	
2026-04-24 21:55:00	58.40769	17.27898	13	22	0	1	520	0	0	0.014	13.2	8	4.824	7.68	1005.3	5.6	92	195	1	4.5	5.3	1	0	3	5	
2026-04-24 22:05:00	58.40985	17.28063	12	23	0	2	480	0	0	0.014	13.2	8	4.836	7.68	1005.1	5.6	92	200	1	4.6	6	1	0	3	5	
2026-04-24 22:15:00	58.40838	17.28447	12	24	0	1	480	0	0	0.014	13.2	8	4.864	7.68	1005.1	5.6	92	205	1	4.5	5.6	1	0	3	5	
2026-04-24 22:25:00	58.40691	17.28804	12	25	0	3	480	0	0	0.016	13.2	8	4.782	7.65	1005	5.6	92	205	1	4.8	6	1	0	3	5	
2026-04-24 22:35:00	58.40529	17.29107	12	26	0	1	480	0	0	0.014	13.2	8	4.746	7.63	1004.8	5.6	92	205	1	4.8	5.7	1	0	3	5	
2026-04-24 22:45:00	58.40352	17.29464	11	27	0	1	480	0	0	0.016	13.2	8	4.742	7.63	1004.6	5.7	91	205	1	4.9	5.9	1	0	3	5	
2026-04-24 22:55:00	58.4019	17.29836	11	28	0	1	480	0	0	0.014	13.2	8	4.785	7.64	1004.2	5.6	92	195	1	4.8	5.6	1	0	3	5	
2026-04-24 23:05:00	58.40061	17.30124	11	29	0	1	480	0	0	0.014	13.2	8	4.849	7.65	1004	5.7	91	195	1	4.5	5.7	1	0	3	5	
2026-04-24 23:15:00	58.39911	17.30487	11	30	0	1	480	0	0	0.016	13.2	8	4.889	7.66	1004	5.7	91	210	1	4.6	5.7	1	0	3	5	
2026-04-24 23:25:00	58.40013	17.3064	12	31	0	1	480	0	0	0.016	13.2	8	4.897	7.67	1003.8	5.7	91	210	1	4.4	5.4	1	0	3	5	
2026-04-24 23:35:00	58.40478	17.30844	12	32	0	1	480	0	0	0.016	13.2	8	4.895	7.66	1003.6	5.6	91	215	1	4.5	5.4	1	0	3	5	
2026-04-24 23:45:00	58.40931	17.30943	11	33	0	1	480	0	0	0.014	13.2	8	4.838	7.65	1003.4	5.5	91	210	1	3.7	4.6	1	0	3	5	
2026-04-24 23:55:00	58.41339	17.31141	11	34	0	1	480	0	0	0.014	13.2	8	4.721	7.62	1003.2	5.5	92	210	1	3.8	4.7	1	0	3	5	
2026-04-25 00:05:00	58.41669	17.31495	12	35	0	2	480	0	0	0.016	13.2	8	4.675	7.6	1002.9	5.4	91	210	1	3.4	4	1	0	3	5	
2026-04-25 01:15:00	58.43451	17.34888	11	42	0	3	480	0	0	0.016	13.2	8	4.673	7.54	1001.7	5.8	88	225	1	3.7	4.9	1	0	3	5	
2026-04-25 01:25:00	58.43526	17.35272	12	43	0	3	480	0	0	0.014	13.2	8	4.662	7.54	1001.6	5.8	88	220	1	3.6	4.4	1	0	3	5	
2026-04-25 01:35:00	58.43601	17.35038	11	44	0	1	480	0	0	0.016	13.2	8	4.681	7.55	1001.4	5.6	89	220	1	3.4	4.2	1	0	3	5	
2026-04-25 01:45:00	58.43679	17.3481	12	45	0	2	480	0	0	0.014	13.2	8	4.69	7.55	1001.2	5.5	90	225	1	3.2	3.8	1	0	3	5	
2026-04-25 01:55:00	58.43757	17.34606	12	46	0	3	480	0	0	0.016	13.2	8	4.692	7.55	1001.1	5.6	90	230	1	3.5	4.4	1	0	3	5	
2026-04-25 02:05:00	58.43874	17.34345	13	47	0	3	490	0	0	0.016	13.2	8	4.714	7.56	1000.9	5.6	90	220	1	3.4	4.2	1	0	3	5	
2026-04-25 02:15:00	58.43955	17.34084	12	48	0	1	480	0	0	0.014	13.2	8	4.716	7.56	1000.6	5.7	88	215	1	3.4	4.3	1	0	3	5	
2026-04-25 02:25:00	58.44012	17.33808	12	49	0	1	480	0	0	0.014	13.2	8	4.718	7.56	1000.2	5.6	89	205	1	3	3.8	1	0	3	5	
2026-04-25 02:35:00	58.44048	17.33517	12	50	0	1	480	0	0	0.016	13.2	8	4.681	7.56	1000	5.6	90	210	1	2.7	3.5	1	0	3	5	
2026-04-25 02:45:00	58.44087	17.33265	12	51	0	1	490	0	0	0.014	13.2	8	4.695	7.56	999.7	5.4	91	205	1	2.5	3.4	1	0	3	5	
2026-04-25 02:55:00	58.44114	17.33019	11	52	0	1	480	0	0	0.016	13.2	8	4.678	7.56	999.5	5.5	90	210	1	1.6	2.4	1	0	3	5	
2026-04-25 03:05:00	58.44147	17.3289	13	53	0	1	490	0	0	0.014	13.2	8	4.671	7.56	999.3	5.4	91	205	1	1.3	2.2	1	0	3	5	
2026-04-25 03:15:00	58.44171	17.32776	12	54	0	2	480	0	0	0.016	13.2	8	4.67	7.56	999.4	5.4	91	200	1	0.9	1.6	1	0	3	5	
2026-04-25 03:25:00	58.44171	17.32503	13	55	0	1	490	0	0	0.016	13.2	8	4.666	7.55	999.1	5.3	92	145	1	0.5	1	1	0	3	5	
2026-04-25 03:35:00	58.44216	17.32728	13	56	0	1	490	0	0	0.016	13.2	8	4.666	7.56	998.8	5.2	92	110	1	2	2.3	1	0	3	5	
2026-04-25 03:45:00	58.44183	17.32686	16	57	0	1	510	0	0	0.016	13.2	8	4.665	7.55	998.8	5.7	89	305	1	0.9	1.3	1	0	3	5	
2026-04-25 03:55:00	58.44174	17.3268	11	58	0	1	480	0	0	0.016	13.2	8	4.663	7.56	998.7	5.5	90	220	1	0.9	1.5	1	0	3	5	
2026-04-25 04:05:00	58.44171	17.32785	12	59	0	1	480	0	0	0.016	13.2	8	4.664	7.56	998.7	5.3	91	175	1	0.5	1.2	1	0	3	5	
2026-04-25 04:15:00	58.44171	17.32788	11	0	0	1	480	0	0	0.014	13.2	8	4.657	7.55	998.5	5.3	92	200	1	0.9	1.4	1	0	3	5	
2026-04-25 04:25:00	58.44153	17.3286	12	1	0	2	480	0	0	0.016	13.2	8	4.65	7.54	998.4	5.3	92	185	1	0.8	1.4	1	0	3	5	
2026-04-25 04:35:00	58.4415	17.32905	11	2	0	1	480	0	0	0.016	13.2	8	4.667	7.55	998.2	5.4	91	165	1	0.8	1.6	1	0	3	5	
2026-04-25 04:45:00	58.44168	17.32917	13	3	0	2	490	0	0	0.016	13.2	8	4.666	7.55	997.9	5.2	92	170	1	1.3	1.9	1	0	3	5	
2026-04-25 05:05:00	58.44207	17.32524	13	5	0	3	490	0	0	0.016	13.2	8	4.684	7.56	997.8	5.3	92	240	1	1.3	1.8	1	0	3	5	
2026-04-25 05:15:00	58.4427	17.32545	11	6	0	1	480	0	0	0.014	13.2	8	4.681	7.56	997.9	5.3	92	240	1	1.2	1.5	1	0	3	5	
2026-04-25 05:25:00	58.44342	17.3268	11	7	0	1	480	0	0	0.016	13.3	8	4.696	7.56	997.8	5.3	92	245	1	1.5	2.1	1	0	3	5	
2026-04-25 05:35:00	58.44372	17.32806	13	8	0	2	490	0	0	0.014	13.3	8	4.707	7.56	997.8	5.5	90	250	1	1.6	2.1	1	0	3	5	
2026-04-25 05:45:00	58.44327	17.33001	41	9	0	1	510	0	0	0.014	13.3	8	4.716	7.56	997.8	5.4	91	270	1	1	1.4	1	0	3	5	
2026-04-25 05:55:00	58.44237	17.33082	12	10	0	1	480	0	0	0.016	13.3	8	4.709	7.55	997.7	5.3	91	305	1	1.1	1.5	1	0	3	5	
2026-04-25 06:05:00	58.44189	17.33121	12	11	0	2	480	0	0	0.014	13.3	8	4.722	7.55	997.5	5.4	91	300	1	1.2	1.6	1	0	3	5	
2026-04-25 06:15:00	58.44153	17.33199	12	12	0	2	480	0	0	0.014	13.3	8	4.764	7.55	997.4	5.4	91	300	1	1.5	2	1	0	3	5	
2026-04-25 06:25:00	58.44054	17.33235	12	13	0	2	480	0	0	0.014	13.4	9	4.782	7.54	997.3	5.5	91	305	1	1.2	1.7	1	0	3	5	
2026-04-25 06:35:00	58.4391	17.33121	12	14	0	1	480	0	0	0.014	13.4	9	4.793	7.54	997.2	5.6	91	320	1	1.9	2.6	1	0	3	5	
2026-04-25 06:45:00	58.43763	17.32947	11	15	0	3	480	0	0	0.014	13.4	9	4.831	7.56	997.5	5.7	90	315	1	3	3.8	1	0	3	5	
2026-04-25 06:55:00	58.43589	17.32554	11	16	0	1	480	0	0	0.014	13.5	9	4.8	7.58	997.6	6	89	330	1	3.8	4.6	1	0	3	5	
2026-04-25 07:05:00	58.43517	17.3193	12	17	0	1	480	0	0	0.014	13.5	9	4.768	7.59	997.6	5.9	88	345	1	3.6	4.2	1	0	3	5	
2026-04-25 07:15:00	58.43493	17.31294	12	18	0	1	480	0	0	0.014	13.5	9	4.756	7.59	997.7	6.1	86	350	1	4.3	4.9	1	0	3	5	
2026-04-25 07:25:00	58.43538	17.30622	11	19	0	1	490	0	0	0.014	13.5	9	4.715	7.59	997.6	6.1	86	350	1	4.3	4.9	1	0	3	5	
2026-04-25 07:35:00	58.43586	17.30061	11	20	0	1	480	0	0	0.014	13.5	9	4.788	7.61	997.6	6.1	87	345	1	3	3.9	1	0	3	5	
2026-04-25 07:45:00	58.43598	17.29719	11	21	0	2	490	0	0	0.014	13.5	9	4.793	7.62	997.9	5.9	88	335	1	3	4.1	1	0	3	5	
2026-04-25 07:55:00	58.43583	17.29404	11	22	0	1	510	0	0	0.014	13.4	9	4.849	7.63	998	5.8	88	330	1	3.8	5.3	1	0	3	5	
2026-04-25 08:05:00	58.4349	17.29101	11	23	0	1	480	0	0	0.014	13.4	9	4.876	7.64	997.9	6.1	86	330	1	2.9	3.8	1	0	3	5	
2026-04-25 08:15:00	58.43439	17.28762	11	24	0	1	480	0	0	0.014	13.4	9	4.886	7.65	998	5.9	88	325	1	2.7	3.8	1	0	3	5	
2026-04-25 08:25:00	58.43427	17.28609	13	25	0	1	480	0	0	0.016	13.4	8	4.879	7.64	997.9	5.9	88	300	1	1.7	2.6	1	0	3	5	
2026-04-25 08:35:00	58.43406	17.28717	11	26	0	1	480	0	0	0.014	13.4	9	4.897	7.65	997.8	5.9	88	240	1	1	1.4	1	0	3	5	
2026-04-25 08:45:00	58.43394	17.28738	12	27	0	1	480	0	0	0.014	13.4	8	4.907	7.65	997.9	6.2	86	295	1	2	2.9	1	0	3	5	
2026-04-25 08:55:00	58.43325	17.2866	12	28	0	1	480	0	0	0.014	13.5	9	4.954	7.66	997.8	6.1	87	295	1	1.9	2.6	1	0	3	5	
2026-04-25 09:05:00	58.43301	17.28582	13	29	0	1	480	0	0	0.014	13.5	9	4.959	7.66	997.7	5.9	89	265	1	2	2.6	1	0	3	5	
2026-04-25 09:15:00	58.43409	17.28531	11	30	0	3	480	0	0	0.014	13.5	9	4.958	7.66	997.9	6	89	255	1	1.3	1.8	1	0	3	5	
2026-04-25 09:45:00	58.43739	17.28291	14	33	0	3	490	0	0	0.014	13.5	11	5.074	7.67	997.6	6.2	88	255	1	1.7	2.1	1	0	3	5	
2026-04-25 09:55:00	58.43886	17.28177	12	34	0	1	490	0	0	0.014	13.5	11	5.084	7.67	997.7	7.5	74	300	1	4.2	5.1	1	0	3	5	
2026-04-25 10:05:00	58.4409	17.28411	11	35	0	2	480	0	0	0.014	13.7	11	5.008	7.67	997.6	7.5	72	300	1	5	6	1	0	3	5	
2026-04-25 10:15:00	58.44099	17.2938	12	36	0	2	490	0	0	0.014	13.7	11	5.029	7.67	997.6	7.6	70	295	1	6.1	7.5	1	0	3	5	
2026-04-25 10:25:00	58.44246	17.30397	13	37	0	1	520	0	0	0.014	13.5	10	4.897	7.63	997.6	7.7	67	310	1	6.1	7.7	1	0	3	5	
2026-04-25 10:35:00	58.44375	17.31489	12	38	0	1	480	0	0	0.016	13.3	10	4.88	7.62	997.7	7.4	71	305	1	4.9	6.3	1	0	3	5	
2026-04-25 10:45:00	58.44231	17.31906	11	39	0	1	480	0	0	0.014	13.3	10	4.862	7.61	997.7	7.7	66	315	1	6.5	7.9	1	0	3	5	
2026-04-25 10:55:00	58.43685	17.31312	12	40	0	1	480	0	0	0.016	13.2	10	4.928	7.62	997.9	7.5	67	310	1	5.5	7	1	0	3	5	
2026-04-25 11:05:00	58.43511	17.31228	11	41	0	1	480	0	0	0.014	13.8	10	4.959	7.63	997.9	7.7	66	315	1	4.6	5.9	1	0	3	5	
2026-04-25 11:15:00	58.43709	17.31597	11	42	0	1	480	0	0	0.014	13.4	9	4.908	7.61	997.9	7	75	320	1	2.7	4.1	1	0	3	5	
2026-04-25 11:25:00	58.43679	17.31801	12	43	0	1	480	0	0	0.014	13.3	9	4.883	7.6	998	7.3	69	310	1	4.3	5.3	1	0	3	5	
2026-04-25 11:35:00	58.43772	17.32038	11	44	0	1	480	0	0	0.014	13.2	9	4.903	7.61	998	7.3	69	320	1	4.3	5.3	1	0	3	5	
2026-04-25 11:45:00	58.43952	17.32329	11	45	0	1	480	0	0	0.014	13.7	9	4.886	7.61	998.1	7.4	68	335	1	4.8	6.3	1	0	3	5	
2026-04-25 11:55:00	58.44105	17.32677	12	46	0	1	480	0	0	0.014	13.4	9	4.896	7.61	998.2	8.1	56	330	1	6.4	7.6	1	0	3	5	
2026-04-25 12:05:00	58.4433	17.33205	12	47	0	1	480	0	0	0.014	13.3	9	4.867	7.62	998.1	7.7	61	320	1	5.2	6.7	1	0	3	5	
2026-04-25 12:15:00	58.44498	17.33637	12	48	0	1	490	0	0	0.014	13.2	9	5.26	7.67	998.2	8	58	330	1	7.6	9.4	1	0	3	5	
2026-04-25 12:25:00	58.44684	17.34126	12	49	0	1	490	0	0	0.014	13.7	9	5.196	7.62	998.4	7.7	61	325	1	5.3	6.6	1	0	3	5	
2026-04-25 12:35:00	58.44849	17.3454	15	50	0	1	520	0	0	0.016	13.3	9	5.189	7.61	998.3	7.4	65	315	1	5.2	6.5	1	0	3	5	
2026-04-25 12:45:00	58.4481	17.34564	12	51	0	1	480	0	0	0.014	13.3	9	5.185	7.61	998.5	7.2	67	315	1	4.8	6.3	1	0	3	5	
2026-04-25 12:55:00	58.44663	17.34213	12	52	0	1	480	0	0	0.014	13.2	9	5.207	7.62	998.8	8	55	330	1	7.3	11	1	0	3	5	
2026-04-25 13:05:00	58.44669	17.34096	13	53	0	1	490	0	0	0.014	13.4	9	5.203	7.62	999.1	7.6	56	330	1	8.2	10.1	1	0	3	5	
2026-04-25 13:15:00	58.44867	17.34669	13	54	0	1	480	0	0	0.014	13.6	9	5.112	7.59	999.2	7.5	60	340	1	6	7.9	1	0	3	5	
2026-04-25 13:25:00	58.44867	17.34735	13	55	0	3	490	0	0	0.014	13.6	9	5.086	7.59	999.4	7.1	64	335	1	6.4	7.8	1	0	3	5	
2026-04-25 13:45:00	58.44699	17.33289	12	57	0	3	480	0	0	0.014	13.3	9	5.118	7.63	999.6	7.1	62	340	1	5.8	7.3	1	0	3	5	
2026-04-25 13:55:00	58.44645	17.32488	41	58	0	1	510	0	0	0.014	13.2	9	5.086	7.64	999.8	7.2	61	335	1	7.7	9.3	1	0	3	5	
2026-04-25 14:05:00	58.44657	17.32302	11	59	0	2	480	0	0	0.014	13.6	9	5.073	7.63	1000	6.8	64	350	1	8	9.7	1	0	3	5	
2026-04-25 14:15:00	58.44762	17.32989	11	0	0	3	480	0	0	0.014	13.7	9	4.99	7.6	1000.2	6.7	66	345	1	6.6	8.3	1	0	3	5	
2026-04-25 14:25:00	58.44753	17.3307	11	1	0	1	480	0	0	0.014	13.4	9	5.007	7.6	1000.4	6.8	60	350	1	7.8	9.2	1	0	3	5	
2026-04-25 14:35:00	58.44798	17.32215	12	2	0	2	480	0	0	0.014	13.3	9	4.937	7.6	1000.9	5.2	78	360	1	10.2	13.2	1	0	3	5	
2026-04-25 14:45:00	58.44801	17.31849	12	3	0	1	480	0	0	0.014	13.2	8	4.918	7.6	1001.2	5	77	5	1	10	16.8	1	0	3	5	
2026-04-25 14:55:00	58.44732	17.32524	12	4	0	1	480	0	0	0.014	13.4	8	5.068	7.54	1001.2	4.9	78	5	1	9.4	11.9	1	0	3	5	
2026-04-25 15:05:00	58.44681	17.32533	13	5	0	1	490	0	0	0.014	13.5	8	5.173	7.51	1001.5	4.8	80	5	1	8.7	11	1	0	3	5	
2026-04-25 15:15:00	58.44789	17.31729	12	6	0	1	480	0	0	0.014	13.8	8	4.836	7.59	1001.9	4.8	78	0	1	9.1	11.3	1	0	3	5	
2026-04-25 15:25:00	58.44873	17.30901	13	7	0	1	480	0	0	0.014	13.8	8	4.892	7.61	1002.2	4.9	77	0	1	9.1	10.5	1	0	3	5	
2026-04-25 15:35:00	58.45005	17.30085	13	8	0	1	490	0	0	0.014	13.4	8	4.886	7.63	1002.5	4.9	79	355	1	7.2	9.8	1	0	3	5	
2026-04-25 15:45:00	58.4508	17.29335	14	9	0	1	490	0	0	0.014	13.3	8	4.859	7.64	1002.4	4.8	74	0	1	8.6	11	1	0	3	5	
2026-04-25 15:55:00	58.4517	17.2848	13	10	0	1	520	0	0	0.014	13.3	8	4.865	7.65	1002.8	4.9	75	360	1	8	9.8	1	0	3	5	
2026-04-25 16:05:00	58.45215	17.28249	11	11	0	1	480	0	0	0.014	13.5	8	4.867	7.65	1002.9	5	75	355	1	6.5	7.8	1	0	3	5	
2026-04-25 16:15:00	58.45239	17.28867	11	12	0	1	480	0	0	0.014	13.8	8	4.864	7.64	1003.2	5.1	75	360	1	6.8	8.1	1	0	3	5	
2026-04-25 16:25:00	58.45206	17.29458	12	13	0	1	480	0	0	0.014	13.8	8	4.838	7.62	1003.3	5.2	75	360	1	7	8.9	1	0	3	5	
2026-04-25 16:35:00	58.45188	17.30046	11	14	0	1	480	0	0	0.014	13.4	8	5.044	7.49	1003.3	5.2	75	5	1	6.6	8.1	1	0	3	5	
2026-04-25 16:45:00	58.4517	17.29959	12	15	0	2	480	0	0	0.014	13.3	8	5.018	7.49	1003.6	5.2	75	5	1	6.2	7.9	1	0	3	5	
2026-04-25 16:55:00	58.45239	17.29329	12	16	0	1	480	0	0	0.014	13.3	8	4.822	7.62	1003.8	5.2	75	0	1	5.9	7.2	1	0	3	5	
2026-04-25 17:05:00	58.45218	17.29134	12	17	0	1	480	0	0	0.014	13.3	8	4.829	7.62	1004	5.3	76	355	1	5.7	7.2	1	0	3	5	
2026-04-25 17:15:00	58.45161	17.29524	12	18	0	1	480	0	0	0.014	13.3	8	4.99	7.47	1004.2	5.2	75	5	1	5.9	7.5	1	0	3	5	
2026-04-25 17:25:00	58.45107	17.29875	11	19	0	2	480	0	0	0.014	13.3	8	4.938	7.43	1004.3	4.9	78	25	1	6.7	8.3	1	0	3	5	
2026-04-25 17:35:00	58.45065	17.3025	12	20	0	1	480	0	0	0.016	13.2	8	4.839	7.35	1004.2	4.6	81	10	1	5.4	7	1	0	3	5	
2026-04-25 17:45:00	58.4502	17.30181	12	21	0	1	480	0	0	0.014	13.2	8	4.823	7.35	1004.3	4.7	75	360	1	5.3	6.9	1	0	3	5	
2026-04-25 17:55:00	58.45113	17.29341	12	22	0	1	480	0	0	0.014	13.2	8	4.884	7.4	1004.6	4.7	75	350	1	5.4	6.9	1	0	3	5	
2026-04-25 18:05:00	58.45125	17.29023	11	23	0	1	480	0	0	0.014	13.2	8	4.887	7.4	1004.8	4.7	74	345	1	5.3	6.9	1	0	3	5	
2026-04-25 18:15:00	58.45212	17.29338	13	24	0	1	490	0	0	0.014	13.2	8	4.81	7.36	1005.1	4.6	77	345	1	4.5	6.2	1	0	3	5	
2026-04-25 18:25:00	58.45338	17.29611	13	25	0	1	490	0	0	0.016	13.2	8	4.75	7.31	1005.3	4.6	74	335	1	5.5	6.8	1	0	3	5	
2026-04-25 18:35:00	58.45503	17.29818	13	26	0	1	510	0	0	0.014	13.2	8	4.705	7.27	1005.6	4.6	75	345	1	5.9	7.8	1	0	3	5	
2026-04-25 18:45:00	58.45641	17.301	11	27	0	1	480	0	0	0.016	13.2	8	4.668	7.22	1005.7	4.5	75	340	1	5.9	7.7	1	0	3	5	
2026-04-25 18:55:00	58.45833	17.30448	11	28	0	1	480	0	0	0.014	13.2	8	4.668	7.18	1005.9	4.5	72	340	1	6.9	8.2	1	0	3	5	
2026-04-25 19:05:00	58.46019	17.30796	11	29	0	1	480	0	0	0.014	13.2	8	4.661	7.14	1006.1	4.4	73	345	1	6.8	8.1	1	0	3	5	
2026-04-25 19:15:00	58.46232	17.31135	11	30	0	1	480	0	0	0.014	13.2	8	4.655	7.12	1006.3	4.3	73	340	1	7	8.4	1	0	3	5	
2026-04-25 19:25:00	58.46463	17.31495	11	31	0	1	480	0	0	0.016	13.2	7	4.67	7.1	1006.4	4.2	75	330	1	7.6	8.9	1	0	3	5	
2026-04-25 19:35:00	58.46715	17.31882	11	32	0	1	480	0	0	0.014	13.2	7	4.692	7.09	1006.6	4.2	77	335	1	7.8	9.4	1	0	3	5	
2026-04-25 19:45:00	58.46982	17.32209	12	33	0	3	490	0	0	0.014	13.2	8	4.703	7.08	1006.7	4.2	78	330	1	6.4	8.5	1	0	3	5	
2026-04-25 19:55:00	58.47228	17.32572	12	34	0	1	490	0	0	0.014	13.2	7	4.718	7.07	1006.8	4.1	75	335	1	7.8	9.3	1	0	3	5	
2026-04-25 20:05:00	58.47504	17.32899	12	35	0	2	480	0	0	0.014	13.2	8	4.702	7.06	1007	4	77	335	1	7.6	9.3	1	0	3	5	
2026-04-25 20:15:00	58.47765	17.33277	13	36	0	1	490	0	0	0.016	13.2	8	4.679	7.04	1007	3.9	78	325	1	6.8	8.6	1	0	3	5	
2026-04-25 20:25:00	58.48035	17.33646	13	37	0	1	490	0	0	0.014	13.2	7	4.669	7.04	1007.3	3.9	79	330	1	7.6	9.3	1	0	3	5	
2026-04-25 20:35:00	58.48338	17.34	14	38	0	3	490	0	0	0.014	13.2	8	4.659	7.03	1007.5	3.7	79	340	1	9.4	11	1	0	3	5	
2026-04-25 20:45:00	58.48614	17.34489	41	39	0	2	510	0	0	0.014	13.2	8	4.66	7.03	1007.5	2.5	88	335	1	8.4	10.2	1	0	3	5	
2026-04-25 20:55:00	58.48878	17.34993	12	40	0	1	490	0	0	0.014	13.2	8	4.641	7.02	1007.3	2.9	82	330	1	7.4	9.2	1	0	3	5	
2026-04-25 21:05:00	58.49106	17.35545	41	41	0	1	510	0	0	0.014	13.2	8	4.641	7.02	1007.5	3.2	78	330	1	7.8	9	1	0	3	5	
2026-04-25 21:15:00	58.494	17.36028	11	42	0	1	480	0	0	0.014	13.2	8	4.64	7.01	1007.6	3.1	80	330	1	7.5	9.1	1	0	3	5	
2026-04-25 21:25:00	58.497	17.36526	11	43	0	2	480	0	0	0.016	13.2	8	4.644	7.01	1007.7	3.1	81	320	1	6.6	8.3	1	0	3	5	
2026-04-25 21:35:00	58.50009	17.36979	12	44	0	2	480	0	0	0.014	13.2	8	4.673	7.01	1008.2	3.1	81	345	1	8.3	9.8	1	0	3	5	
2026-04-25 21:45:00	58.50264	17.37492	13	45	0	1	490	0	0	0.014	13.2	7	4.673	7	1008.2	3	82	330	1	6.8	8.4	1	0	3	5	
2026-04-25 21:55:00	58.50564	17.37963	12	46	0	1	490	0	0	0.014	13.2	8	4.673	7	1008.2	2.9	83	325	1	6.6	7.8	1	0	3	5	
2026-04-25 22:05:00	58.50729	17.37906	23	47	0	1	500	0	0	0.014	13.2	8	4.679	7	1008.2	2.9	84	320	1	6.4	7.4	1	0	3	5	
2026-04-25 22:15:00	58.50708	17.37192	14	48	0	1	490	0	0	0.014	13.2	7	4.673	7	1008.5	3	85	310	1	6.1	7.3	1	0	3	5	
2026-04-25 22:25:00	58.50798	17.37015	13	49	0	1	490	0	0	0.016	13.2	8	4.677	7	1008.6	3.2	84	300	1	6.1	7.4	1	0	3	5	
2026-04-25 22:35:00	58.51185	17.3721	13	50	0	1	490	0	0	0.014	13.2	7	4.687	7	1008.6	3.5	82	305	1	6.3	7.4	1	0	3	5	
2026-04-25 22:45:00	58.51527	17.37408	13	51	0	2	500	0	0	0.014	13.2	8	4.694	7	1008.7	3.7	79	305	1	7.4	9.5	1	0	3	5	
2026-04-25 22:55:00	58.51944	17.37723	12	52	0	2	190	0	0	0.016	13.2	8	4.705	7	1008.7	3.7	79	305	1	7	9	1	1	3	0	
2026-04-25 23:00:00	58.5216	17.37882	41	53	0	1	510	0	0	0.014	13.2	8	4.7	7	1008.7	3.8	78	310	1	7.2	9.3	1	0	3	5	
2026-04-25 23:10:00	58.52079	17.37288	12	54	0	1	490	0	0	0.014	13.2	8	4.69	7	1008.8	3.8	77	315	1	7.7	9.2	1	0	3	5	
2026-04-25 23:20:00	58.51992	17.36562	12	55	0	1	480	0	0	0.014	13.2	7	4.656	7	1009.1	3.8	74	310	1	8.9	10.5	1	0	3	5	
2026-04-25 23:30:00	58.52262	17.36811	12	56	0	1	480	0	0	0.014	13.2	7	4.666	7	1009.3	3.8	74	310	1	8.3	10.1	1	0	3	5	
2026-04-25 23:40:00	58.52667	17.37276	13	57	0	1	480	0	0	0.016	13.2	7	4.677	7	1009	3.9	71	325	1	9.3	11.3	1	0	3	5	
2026-04-25 23:50:00	58.52646	17.36625	12	58	0	2	490	0	0	0.016	13.2	7	4.675	7	1009.2	3.9	72	315	1	8.1	9.9	1	0	3	5	
2026-04-26 00:00:00	58.52571	17.35935	14	59	0	2	490	0	0	0.014	13.2	8	4.682	7.01	1009.6	3.8	73	305	1	8.2	10.8	1	0	3	5	
2026-04-26 00:10:00	58.52874	17.36226	14	0	0	1	490	0	0	0.016	13.2	8	4.68	7	1009.7	3.9	71	315	1	8.6	11.1	1	0	3	5	
2026-04-26 00:20:00	58.53264	17.36721	17	1	0	2	500	0	0	0.014	13.2	8	4.66	6.99	1009.6	3.8	71	325	1	9.5	12.2	1	0	3	5	
2026-04-26 00:55:00	58.53723	17.3652	13	4	0	3	490	0	0	0.014	13.2	8	4.672	6.98	1010.2	3.3	75	320	1	9	11.1	1	0	3	5	
2026-04-26 01:25:00	58.55046	17.39538	13	7	0	3	490	0	0	0.014	13.2	8	4.594	6.95	1010.6	3.1	71	310	1	10.5	12.7	1	0	3	5	
2026-04-26 01:35:00	58.5555	17.40393	13	8	0	1	490	0	0	0.014	13.2	8	4.473	6.94	1010.7	3.1	72	300	1	10.3	12.3	1	0	3	5	
2026-04-26 01:45:00	58.5606	17.41245	16	9	0	3	530	0	0	0.014	13.2	8	4.763	7.11	1010.9	2.9	73	305	1	10.3	12.5	1	0	3	5	
2026-04-26 01:55:00	58.56513	17.42073	14	10	0	1	510	0	0	0.014	13.2	8	4.664	7.17	1011	2.9	73	305	1	9.8	12.4	1	0	3	5	
2026-04-26 02:05:00	58.57026	17.42841	11	11	0	1	480	0	0	0.014	13.2	8	4.625	7.22	1011.2	3	75	305	1	9.1	11.1	1	0	3	5	
2026-04-26 02:15:00	58.57497	17.43549	11	12	0	2	480	0	0	0.014	13.2	8	4.649	7.24	1011.1	3.1	73	310	1	9.2	11.3	1	0	3	5	
2026-04-26 02:25:00	58.5762	17.43612	11	13	0	1	480	0	0	0.014	13.2	7	4.629	7.24	1011.3	3	73	310	1	9.8	11.7	1	0	3	5	
2026-04-26 02:35:00	58.5729	17.42661	11	14	0	1	480	0	0	0.016	13.2	7	4.612	7.25	1011.5	3.1	74	310	1	9.7	12.4	1	0	3	5	
2026-04-26 02:45:00	58.57209	17.42238	12	15	0	1	490	0	0	0.014	13.2	7	4.585	7.29	1011.7	3.1	73	310	1	10.5	12.1	1	0	3	5	
2026-04-26 02:55:00	58.57665	17.42898	13	16	0	1	490	0	0	0.014	13.2	8	4.755	7.35	1011.9	2.7	76	305	1	10.1	12.2	1	0	3	5	
2026-04-26 03:05:00	58.57869	17.43087	14	17	0	1	490	0	0	0.014	13.2	8	4.71	7.32	1012	2.8	76	310	1	9	10.5	1	0	3	5	
2026-04-26 03:15:00	58.57506	17.41998	15	18	0	1	520	0	0	0.016	13.2	7	4.788	7.41	1012.3	2.6	80	305	1	9.5	11.6	1	0	3	5	
2026-04-26 03:25:00	58.57389	17.41767	12	19	0	1	490	0	0	0.016	13.2	8	4.747	7.4	1012.4	2.7	77	305	1	10	12.4	1	0	3	5	
2026-04-26 03:35:00	58.57887	17.42475	17	20	0	1	500	0	0	0.014	13.2	8	4.782	7.38	1012.4	2.7	76	315	1	9.3	11	1	0	3	5	
2026-04-26 03:45:00	58.5804	17.42586	16	21	0	1	490	0	0	0.014	13.2	8	4.758	7.36	1012.6	2.9	75	310	1	9.6	12.5	1	0	3	5	
2026-04-26 03:55:00	58.57716	17.41443	18	22	0	1	500	0	0	0.016	13.2	8	4.703	7.39	1012.7	2.9	76	315	1	10.2	12.1	1	0	3	5	
2026-04-26 04:05:00	58.5735	17.40396	18	23	0	1	500	0	0	0.016	13.2	8	4.604	7.36	1012.9	2.9	75	315	1	8.8	10.8	1	0	3	5	
2026-04-26 04:15:00	58.57053	17.39262	18	24	0	3	500	0	0	0.016	13.2	8	4.627	7.37	1013.3	3	75	315	1	8.9	10.5	1	0	3	5	
2026-04-26 04:25:00	58.57044	17.391	25	25	0	1	520	0	0	0.014	13.2	8	4.608	7.37	1013.5	2.6	78	315	1	9.4	11.5	1	0	3	5	
2026-04-26 04:35:00	58.57443	17.40027	40	26	0	1	510	0	0	0.014	13.2	8	4.596	7.36	1013.7	2.7	77	315	1	9	10.8	1	0	3	5	
2026-04-26 04:45:00	58.57827	17.40813	13	27	0	1	480	0	0	0.016	13.3	8	4.709	7.39	1013.9	2.5	77	315	1	8.9	11	1	0	3	5	
2026-04-26 05:25:00	58.57674	17.39472	12	31	0	3	510	0	0	0.014	13.4	9	4.646	7.38	1014.4	3	76	325	1	9.1	10.9	1	0	3	5	
2026-04-26 05:35:00	58.57386	17.38251	20	32	0	2	510	0	0	0.016	13.3	8	4.544	7.37	1014.4	3.1	75	325	1	9.3	11.7	1	0	3	5	
2026-04-26 05:45:00	58.57149	17.37075	11	33	0	1	480	0	0	0.014	13.4	8	4.545	7.36	1014.6	3.3	76	325	1	9.2	12.1	1	0	3	5	
2026-04-26 05:55:00	58.56837	17.35902	12	34	0	1	480	0	0	0.016	13.4	8	4.577	7.37	1014.9	3.1	73	325	1	9.7	11.5	1	0	3	5	
2026-04-26 06:05:00	58.56789	17.3541	12	35	0	1	480	0	0	0.014	13.4	8	4.581	7.36	1015.1	2.8	74	315	1	9.3	11.8	1	0	3	5	
2026-04-26 06:15:00	58.57158	17.36277	12	36	0	1	480	0	0	0.014	13.4	8	4.542	7.35	1015.3	2.9	74	320	1	8.5	10.1	1	0	3	5	
2026-04-26 06:25:00	58.57473	17.37129	12	37	0	1	480	0	0	0.014	13.4	8	4.557	7.36	1015.2	3.1	75	330	1	8.4	9.5	1	0	3	5	
2026-04-26 06:35:00	58.5756	17.37225	13	38	0	1	480	0	0	0.014	13.4	8	4.558	7.36	1015.4	3.4	72	330	1	8.5	10.2	1	0	3	5	
2026-04-26 06:45:00	58.57434	17.3634	12	39	0	1	480	0	0	0.014	13.5	8	4.555	7.34	1015.5	3.5	72	330	1	7.3	8.8	1	0	3	5	
2026-04-26 06:55:00	58.57101	17.35191	13	40	0	1	490	0	0	0.014	13.6	8	4.569	7.34	1015.6	3.7	74	320	1	7.5	9.7	1	0	3	5	
2026-04-26 07:05:00	58.56684	17.34153	12	41	0	1	480	0	0	0.014	13.6	8	4.571	7.35	1015.6	3.3	74	330	1	7.5	8.8	1	0	3	5	
2026-04-26 07:15:00	58.56348	17.34456	13	42	0	2	480	0	0	0.014	13.5	8	4.597	7.38	1015.7	3.7	73	325	1	6.7	8.4	1	0	3	5	
2026-04-26 07:25:00	58.55772	17.34333	13	43	0	1	490	0	0	0.014	13.4	8	4.604	7.39	1015.8	3.9	68	325	1	7.7	9.4	1	0	3	5	
2026-04-26 07:35:00	58.55247	17.34549	12	44	0	1	480	0	0	0.014	13.4	8	4.625	7.41	1015.8	4.1	67	320	1	7.8	9.7	1	0	3	5	
2026-04-26 07:45:00	58.54881	17.34783	13	45	0	1	490	0	0	0.014	13.5	8	4.597	7.43	1015.9	4.3	68	320	1	7.3	9	1	0	3	5	
2026-04-26 07:55:00	58.54389	17.34873	12	46	0	2	510	0	0	0.014	13.6	8	4.67	7.14	1016	4.5	67	325	1	7.1	8.5	1	0	3	5	
2026-04-26 08:05:00	58.5402	17.35041	12	47	0	1	480	0	0	0.016	13.6	8	4.573	7.04	1016	4.7	67	320	1	7.2	9.1	1	0	3	5	
2026-04-26 08:15:00	58.53681	17.35272	12	48	0	1	480	0	0	0.014	13.6	8	4.59	7.03	1016.2	4.8	66	315	1	7	9	1	0	3	5	
2026-04-26 08:25:00	58.53219	17.3535	12	49	0	1	480	0	0	0.014	13.4	8	4.633	7.04	1016.3	4.9	63	325	1	6.7	8.5	1	0	3	5	
2026-04-26 08:35:00	58.52766	17.35416	13	50	0	1	490	0	0	0.016	13.5	8	4.625	7.04	1016.3	5	65	330	1	7.4	10	1	0	3	5	
2026-04-26 08:45:00	58.52463	17.36187	11	51	0	1	480	0	0	0.014	13.5	8	4.58	7.03	1016.3	5	65	320	1	6.6	8.6	1	0	3	5	
2026-04-26 08:55:00	58.52187	17.3676	12	52	0	2	480	0	0	0.014	13.5	8	4.575	7.03	1016.4	5.2	66	330	1	6.7	7.7	1	0	3	5	
2026-04-26 09:05:00	58.51929	17.37906	13	53	0	1	490	0	0	0.014	13.4	8	4.598	7.03	1016.4	5.2	68	320	1	5.9	7	1	0	3	5	
2026-04-26 09:15:00	58.51656	17.38542	11	54	0	1	480	0	0	0.014	13.4	8	4.612	7.01	1016.5	5.4	64	315	1	7	8.9	1	0	3	5	
2026-04-26 09:25:00	58.51368	17.39253	11	55	0	2	480	0	0	0.014	13.7	8	4.599	7.01	1016.5	5.4	66	315	1	6.3	8.4	1	0	3	5	
2026-04-26 09:35:00	58.51227	17.40198	13	56	0	1	510	0	0	0.014	13.6	8	4.567	6.99	1016.6	5.5	66	315	1	5.8	7.4	1	0	3	5	
2026-04-26 09:45:00	58.5141	17.40645	11	57	0	2	480	0	0	0.014	13.4	8	4.622	7	1016.7	5.6	65	315	1	6.1	7.4	1	0	3	5	
2026-04-26 09:55:00	58.51683	17.41032	12	58	0	1	480	0	0	0.014	13.3	8	4.651	7	1016.7	5.7	66	320	1	5.4	6.4	1	0	3	5	
2026-04-26 10:05:00	58.51536	17.41752	13	59	0	2	480	0	0	0.014	13.2	8	4.644	7	1016.7	5.8	61	320	1	6.2	7.8	1	0	3	5	
2026-04-26 10:15:00	58.51707	17.42229	11	0	0	1	480	0	0	0.014	13.2	8	4.665	7	1016.7	5.8	66	315	1	5.6	6.7	1	0	3	5	
2026-04-26 10:25:00	58.51911	17.42709	11	1	0	2	490	0	0	0.016	13.4	8	4.682	7	1016.8	5.9	63	320	1	5	6.5	1	0	3	5	
2026-04-26 10:35:00	58.51998	17.43258	13	2	0	1	490	0	0	0.014	13.3	9	4.679	7	1016.8	5.9	67	310	1	5	6.2	1	0	3	5	
2026-04-26 10:45:00	58.52169	17.43669	13	3	0	1	490	0	0	0.016	13.3	9	4.724	7	1016.9	5.9	65	305	1	4.3	5.2	1	0	3	5	
2026-04-26 10:55:00	58.521	17.44332	12	4	0	1	490	0	0	0.014	13.5	9	4.712	7	1016.8	6.1	64	305	1	4.1	5.3	1	0	3	5	
2026-04-26 11:05:00	58.52277	17.44743	12	5	0	1	490	0	0	0.016	13.3	9	4.741	7	1016.8	6.2	63	305	1	5.1	7	1	0	3	5	
2026-04-26 11:15:00	58.52292	17.45238	13	6	0	1	480	0	0	0.014	13.3	9	4.714	6.99	1016.9	6.2	65	310	1	4.6	5.6	1	0	3	5	
2026-04-26 11:25:00	58.52475	17.45709	15	7	0	1	520	0	0	0.014	13.2	9	4.713	6.99	1016.9	6.3	63	305	1	4.7	5.6	1	0	3	5	
2026-04-26 11:35:00	58.52436	17.46261	11	8	0	1	480	0	0	0.014	13.5	9	4.708	6.99	1016.9	6.2	64	300	1	4.5	5.3	1	0	3	5	
2026-04-26 11:45:00	58.52598	17.46438	11	9	0	1	480	0	0	0.014	13.3	9	4.676	6.99	1017	6.2	68	290	1	3.8	4.7	1	0	3	5	
2026-04-26 11:55:00	58.52583	17.47035	12	10	0	1	480	0	0	0.014	13.2	9	4.648	6.99	1017	6.3	65	285	1	4.6	5.6	1	0	3	5	
2026-04-26 12:05:00	58.52766	17.47302	11	11	0	1	480	0	0	0.014	13.5	9	4.59	6.99	1016.9	6.1	67	280	1	4	5	1	0	3	5	
2026-04-26 12:15:00	58.52793	17.47938	11	12	0	1	480	0	0	0.014	13.3	9	4.829	6.98	1017	6.2	68	280	1	3.5	4.2	1	0	3	5	
2026-04-26 12:25:00	58.52964	17.48223	12	13	0	2	480	0	0	0.014	13.3	9	4.845	6.97	1017.1	6.4	67	285	1	3.8	4.9	1	0	3	5	
2026-04-26 12:35:00	58.53048	17.48853	12	14	0	1	480	0	0	0.014	13.4	9	4.859	6.95	1017.1	6.4	68	285	1	4.2	5.2	1	0	3	5	
2026-04-26 12:45:00	58.53105	17.49267	12	15	0	1	490	0	0	0.014	13.3	9	4.864	6.95	1016.9	6.3	68	285	1	4	5.1	1	0	3	5	
2026-04-26 12:55:00	58.53246	17.49708	13	16	0	1	490	0	0	0.014	13.6	9	4.831	6.94	1017.1	6.3	69	280	1	4.1	5.1	1	0	3	5	
2026-04-26 13:05:00	58.53333	17.5029	12	17	0	1	490	0	0	0.014	13.4	9	4.846	6.95	1017	6.2	72	280	1	3.2	4.2	1	0	3	5	
2026-04-26 13:15:00	58.53531	17.50713	13	18	0	1	490	0	0	0.016	13.3	9	4.867	6.96	1016.9	6.6	65	285	1	4.3	5.4	1	0	3	5	
2026-04-26 13:25:00	58.53588	17.51229	13	19	0	1	490	0	0	0.016	13.2	9	4.852	6.96	1017	6.8	62	300	1	4.9	6.1	1	0	3	5	
2026-04-26 13:35:00	58.53603	17.52042	12	20	0	1	490	0	0	0.014	13.6	9	4.822	6.96	1017.1	6.5	68	300	1	4.3	5.4	1	0	3	5	
2026-04-26 13:55:00	58.53873	17.52897	11	22	0	3	480	0	0	0.014	13.4	9	4.756	6.95	1017	6.9	62	300	1	5.3	7.1	1	0	3	5	
2026-04-26 14:05:00	58.54017	17.53398	12	23	0	2	480	0	0	0.016	13.3	9	4.744	6.95	1017	6.6	65	300	1	5.2	6.4	1	0	3	5	
2026-04-26 14:15:00	58.54209	17.53725	11	24	0	1	480	0	0	0.016	13.5	9	4.691	6.94	1017	6.6	65	295	1	4.7	6.2	1	0	3	5	
2026-04-26 14:25:00	58.5429	17.54262	11	25	0	1	480	0	0	0.014	13.8	8	4.63	6.93	1016.9	6.7	63	295	1	5.1	6.6	1	0	3	5	
2026-04-26 14:35:00	58.54434	17.54775	11	26	0	2	480	0	0	0.014	13.4	9	4.557	6.93	1017.1	6.8	63	290	1	5.8	7	1	0	3	5	
2026-04-26 14:45:00	58.54503	17.55375	11	27	0	1	480	0	0	0.014	13.3	8	4.543	6.93	1017	6.9	61	295	1	5.1	6	1	0	3	5	
2026-04-26 14:55:00	58.54581	17.55792	11	28	0	1	480	0	0	0.014	13.9	8	4.519	6.93	1017	6.8	62	300	1	4.7	5.8	1	0	3	5	
2026-04-26 15:05:00	58.5474	17.5605	12	29	0	1	480	0	0	0.014	13.4	8	4.467	6.93	1017	6.8	63	300	1	5	6	1	0	3	5	
2026-04-26 15:15:00	58.54755	17.56644	11	30	0	1	480	0	0	0.014	13.3	8	4.456	6.94	1017	6.9	61	305	1	5.5	6.7	1	0	3	5	
2026-04-26 15:25:00	58.54926	17.57139	13	31	0	1	490	0	0	0.014	13.4	8	4.447	6.95	1017	6.7	62	310	1	5.1	6.6	1	0	3	5	
2026-04-26 15:35:00	58.54491	17.57454	11	32	0	1	480	0	0	0.014	13.5	8	4.547	6.98	1017.1	6.6	66	310	1	5	5.9	1	0	3	5	
2026-04-26 15:45:00	58.54221	17.58168	12	33	0	1	490	0	0	0.014	13.6	8	4.636	7.02	1017.1	6.5	67	315	1	4.5	5.9	1	0	3	5	
2026-04-26 15:55:00	58.53993	17.58891	13	34	0	1	530	0	0	0.014	13.7	8	4.658	7.04	1017.1	6.8	63	300	1	5.4	6.9	1	0	3	5	
2026-04-26 16:05:00	58.54161	17.59272	14	35	0	1	490	0	0	0.014	13.5	8	4.643	7.03	1017.1	6.7	64	310	1	5.4	6.9	1	0	3	5	
2026-04-26 16:15:00	58.54389	17.59539	19	36	0	1	490	0	0	0.014	13.4	8	4.642	7.02	1017	6.7	64	310	1	4.9	6.3	1	0	3	5	
2026-04-26 16:25:00	58.54431	17.59956	26	37	0	1	500	0	0	0.014	13.3	8	4.636	7.02	1017.1	6.8	62	315	1	6.2	8.1	1	0	3	5	
2026-04-26 16:35:00	58.54716	17.60433	13	38	0	1	490	0	0	0.014	13.3	8	4.63	7.02	1017.1	6.7	65	315	1	4.8	5.6	1	0	3	5	
2026-04-26 16:45:00	58.54863	17.60634	17	39	0	1	500	0	0	0.014	13.3	8	4.618	7.01	1017.3	6.4	69	305	1	4.1	4.9	1	0	3	5	
2026-04-26 16:55:00	58.55013	17.60919	15	40	0	1	510	0	0	0.014	13.3	8	4.59	7	1017.3	6.7	65	305	1	4.3	5.3	1	0	3	5	
2026-04-26 17:05:00	58.55184	17.61186	11	41	0	1	480	0	0	0.014	13.3	8	4.572	7	1017.3	6.7	65	310	1	4.3	5.5	1	0	3	5	
2026-04-26 17:25:00	58.55175	17.61261	12	43	0	3	480	0	0	0.014	13.2	8	4.574	7	1017.5	6.2	69	305	1	4.4	5.2	1	0	3	5	
2026-04-26 17:35:00	58.55277	17.61471	12	44	0	1	480	0	0	0.014	13.2	8	4.55	7	1017.5	6.6	65	315	1	4.7	5.9	1	0	3	5	
2026-04-26 17:55:00	58.55313	17.61324	12	46	0	3	480	0	0	0.016	13.2	8	4.538	6.99	1017.5	6.3	69	325	1	4.4	5.4	1	0	3	5	
2026-04-26 18:05:00	58.55205	17.6109	13	47	0	3	490	0	0	0.014	13.2	8	4.555	7	1017.7	6.6	64	325	1	4.4	5.8	1	0	3	5	
2026-04-26 18:15:00	58.55097	17.61171	18	48	0	1	490	0	0	0.014	13.2	8	4.563	7	1017.8	6.5	65	320	1	4.5	5.5	1	0	3	5	
2026-04-26 18:25:00	58.54644	17.61405	13	49	0	1	490	0	0	0.016	13.2	8	4.576	7	1017.8	6.3	68	310	1	4.6	6.4	1	0	3	5	
2026-04-26 18:35:00	58.54458	17.61483	41	50	0	1	510	0	0	0.016	13.2	8	4.573	6.99	1017.9	6.3	67	320	1	5.1	6.6	1	0	3	5	
2026-04-26 18:45:00	58.54338	17.60931	11	51	0	1	480	0	0	0.016	13.2	8	4.606	7.01	1018	6.4	66	315	1	5.4	6.5	1	0	3	5	
2026-04-26 18:55:00	58.542	17.60373	11	52	0	1	480	0	0	0.014	13.2	7	4.555	7	1018	6.4	66	320	1	5.5	6.6	1	0	3	5	
2026-04-26 19:05:00	58.54077	17.59848	11	53	0	1	480	0	0	0.016	13.2	7	4.61	7.02	1018.1	6.4	65	325	1	4.9	6.5	1	0	3	5	
2026-04-26 19:15:00	58.53921	17.59263	11	54	0	1	480	0	0	0.014	13.2	7	4.601	7.01	1018.2	6.1	69	320	1	4.6	5.5	1	0	3	5	
2026-04-26 19:25:00	58.53765	17.58816	11	55	0	1	480	0	0	0.014	13.2	7	4.611	7.02	1018.3	6	71	325	1	4.2	4.9	1	0	3	5	
2026-04-26 19:35:00	58.53633	17.58339	12	56	0	1	490	0	0	0.016	13.2	7	4.588	7.01	1018.4	5.9	73	320	1	3.4	4.1	1	0	3	5	
2026-04-26 19:45:00	58.53489	17.58	13	57	0	1	490	0	0	0.014	13.2	7	4.567	7	1018.4	5.9	71	320	1	3.4	4.3	1	0	3	5	
2026-04-26 19:55:00	58.53339	17.57637	12	58	0	1	490	0	0	0.016	13.2	7	4.501	6.98	1018.5	5.8	72	315	1	3.6	4.4	1	0	3	5	
2026-04-26 20:05:00	58.53189	17.57304	12	59	0	1	480	0	0	0.016	13.2	7	4.5	6.98	1018.4	5.6	76	305	1	3	4	1	0	3	5	
2026-04-26 20:15:00	58.53027	17.5707	12	0	0	1	480	0	0	0.016	13.2	7	4.468	6.96	1018.5	5.4	78	295	1	2.5	3.6	1	0	3	5	
2026-04-26 21:05:00	58.52022	17.55492	12	5	0	0	480	0	0	0.016	13.2	8	4.452	6.92	1018.6	5.8	69	320	1	4.8	5.8	1	0	3	5	
2026-04-26 21:15:00	58.51812	17.54925	11	6	0	2	480	0	0	0.014	13.2	7	4.498	6.91	1018.6	5.8	70	310	1	4.5	6	1	0	3	5	
2026-04-26 21:25:00	58.51641	17.54469	11	7	0	1	480	0	0	0.016	13.2	7	4.544	6.91	1018.6	5.7	72	315	1	3.9	4.8	1	0	3	5	
2026-04-26 21:35:00	58.5147	17.54022	12	8	0	1	480	0	0	0.014	13.2	7	4.599	6.92	1018.7	5.8	70	315	1	4.6	5.7	1	0	3	5	
2026-04-26 21:45:00	58.51308	17.53599	12	9	0	2	480	0	0	0.016	13.2	7	4.645	6.92	1018.8	5.7	71	320	1	4	5	1	0	3	5	
2026-04-26 21:55:00	58.51155	17.53158	12	10	0	1	480	0	0	0.016	13.2	7	4.679	6.92	1018.9	5.6	74	315	1	3.5	4.5	1	0	3	5	
2026-04-26 22:05:00	58.51002	17.52744	13	11	0	1	490	0	0	0.014	13.2	7	4.727	6.93	1018.9	5.6	73	315	1	4	4.7	1	0	3	5	
2026-04-26 22:15:00	58.50864	17.52321	13	12	0	1	490	0	0	0.016	13.2	7	4.757	6.94	1019.1	5.5	76	310	1	3.7	4.8	1	0	3	5	
2026-04-26 22:25:00	58.50711	17.51946	13	13	0	1	490	0	0	0.014	13.2	7	4.764	6.94	1019.2	5.5	75	310	1	3.9	4.8	1	0	3	5	
2026-04-26 22:35:00	58.50546	17.51523	12	14	0	1	490	0	0	0.014	13.2	7	4.747	6.94	1019.2	5.5	73	310	1	4.1	4.9	1	0	3	5	
2026-04-26 22:45:00	58.50375	17.51064	12	15	0	1	480	0	0	0.016	13.2	7	4.75	6.93	1019.2	5.4	74	310	1	3.9	4.8	1	0	3	5	
2026-04-26 22:55:00	58.50243	17.50677	12	16	0	1	480	0	0	0.014	13.2	7	4.762	6.94	1019.2	5.5	72	315	1	4.3	5.4	1	0	3	5	
2026-04-26 23:05:00	58.50102	17.50188	12	17	0	2	480	0	0	0.014	13.2	7	4.751	6.94	1019.3	5.5	72	320	1	4.2	5.2	1	0	3	5	
2026-04-26 23:15:00	58.49955	17.49597	12	18	0	1	480	0	0	0.014	13.2	7	4.534	6.98	1019.4	5.5	71	320	1	4.7	5.9	1	0	3	5	
2026-04-26 23:25:00	58.49766	17.49111	12	19	0	1	480	0	0	0.016	13.2	7	4.534	6.97	1019.4	5.5	70	330	1	5.4	6.6	1	0	3	5	
2026-04-26 23:35:00	58.49664	17.48553	12	20	0	1	490	0	0	0.014	13.2	7	4.548	6.97	1019.5	5.6	66	335	1	5.9	7	1	0	3	5	
2026-04-26 23:45:00	58.49601	17.47917	13	21	0	1	490	0	0	0.016	13.2	7	4.581	6.97	1019.5	5.4	71	325	1	4.7	5.8	1	0	3	5	
2026-04-26 23:55:00	58.4949	17.47341	12	22	0	1	510	0	0	0.014	13.2	7	4.59	6.97	1019.4	5.5	65	335	1	7.1	8.6	1	0	3	5	
2026-04-27 00:05:00	58.49448	17.46636	11	23	0	2	480	0	0	0.014	13.2	7	4.606	6.97	1019.6	5.2	72	330	1	4.9	6.3	1	0	3	5	
2026-04-27 00:15:00	58.49403	17.46069	12	24	0	2	490	0	0	0.014	13.2	7	4.568	6.97	1019.6	5.2	68	335	1	6.3	7.6	1	0	3	5	
2026-04-27 00:25:00	58.49364	17.45427	12	25	0	1	480	0	0	0.016	13.2	7	4.547	6.96	1019.7	5.1	67	340	1	6	7.7	1	0	3	5	
2026-04-27 00:45:00	58.48767	17.44098	12	27	0	3	480	0	0	0.014	13.2	8	4.5	6.97	1019.8	5.1	64	335	1	6.8	8.4	1	0	3	5	
2026-04-27 00:55:00	58.48344	17.43366	12	28	0	2	490	0	0	0.016	13.2	7	4.475	6.97	1019.8	5	64	345	1	7.6	9	1	0	3	5	
2026-04-27 01:05:00	58.4802	17.42502	12	29	0	1	480	0	0	0.014	13.2	7	4.444	6.97	1019.9	4.8	66	345	1	6.9	8.8	1	0	3	5	
2026-04-27 01:15:00	58.47939	17.41512	12	30	0	1	480	0	0	0.014	13.2	7	4.422	6.98	1020.2	4.8	64	345	1	6.1	7.7	1	0	3	5	
2026-04-27 01:25:00	58.47402	17.40636	12	31	0	3	490	0	0	0.016	13.2	7	4.305	6.96	1020.3	4.7	68	330	1	5.4	6.8	1	0	3	5	
2026-04-27 01:35:00	58.4688	17.40156	12	32	0	2	490	0	0	0.014	13.2	7	4.29	6.96	1020.3	4.7	68	330	1	5.3	6.9	1	0	3	5	
2026-04-27 01:45:00	58.46775	17.39424	13	33	0	1	490	0	0	0.014	13.2	7	4.277	6.96	1020.3	4.8	63	330	1	7	8.4	1	0	3	5	
2026-04-27 01:55:00	58.46736	17.38704	13	34	0	1	490	0	0	0.014	13.2	7	4.296	6.96	1020.4	4.7	65	325	1	5.5	7.1	1	0	3	5	
2026-04-27 02:05:00	58.46535	17.38023	13	35	0	1	490	0	0	0.016	13.2	7	4.308	6.96	1020.4	4.6	65	335	1	6.9	8.3	1	0	3	5	
2026-04-27 02:15:00	58.46589	17.37876	13	36	0	1	490	0	0	0.016	13.2	7	4.303	6.96	1020.5	4.5	67	340	1	6.1	7.9	1	0	3	5	
2026-04-27 02:25:00	58.46283	17.3856	16	37	0	1	490	0	0	0.016	13.2	7	4.365	6.96	1020.6	4.4	66	340	1	7.5	9.4	1	0	3	5	
2026-04-27 02:35:00	58.46064	17.39511	13	38	0	2	490	0	0	0.014	13.2	7	4.367	6.96	1020.6	4.3	67	335	1	6.8	8.3	1	0	3	5	
2026-04-27 02:55:00	58.46307	17.40714	15	40	0	3	490	0	0	0.014	13.2	8	4.371	6.96	1020.8	4	66	335	1	7.3	8.8	1	0	3	5	
2026-04-27 03:05:00	58.46547	17.41158	15	41	0	1	490	0	0	0.016	13.2	7	4.373	6.96	1020.9	3.9	68	335	1	6.6	8.3	1	0	3	5	
2026-04-27 03:15:00	58.46754	17.4156	41	42	0	1	510	0	0	0.016	13.2	7	4.322	6.96	1020.9	3.9	68	335	1	7.2	8.9	1	0	3	5	
2026-04-27 03:25:00	58.46955	17.41962	14	43	0	1	490	0	0	0.016	13.2	7	4.365	6.97	1020.9	3.8	68	345	1	7.1	8.7	1	0	3	5	
2026-04-27 03:35:00	58.46973	17.42649	14	44	0	2	490	0	0	0.016	13.2	7	4.562	6.96	1021.1	3.8	67	330	1	7.3	8.8	1	0	3	5	
2026-04-27 03:45:00	58.47183	17.43117	15	45	0	3	490	0	0	0.014	13.2	7	4.585	6.96	1021.1	3.9	67	330	1	7.1	8.4	1	0	3	5	
2026-04-27 03:55:00	58.47084	17.4378	14	46	0	1	490	0	0	0.014	13.2	7	4.634	6.95	1021.3	3.7	67	330	1	7.1	8.6	1	0	3	5	
2026-04-27 04:05:00	58.47309	17.44251	14	47	0	2	490	0	0	0.014	13.2	7	4.655	6.95	1021.3	3.7	67	330	1	6.9	8.4	1	0	3	5	
2026-04-27 04:15:00	58.47516	17.44731	18	48	0	1	500	0	0	0.014	13.2	7	4.655	6.95	1021.4	3.7	70	330	1	7.5	9	1	0	3	5	
2026-04-27 04:25:00	58.47702	17.45211	16	49	0	1	500	0	0	0.014	13.2	8	4.664	6.95	1021.5	3.7	70	335	1	6.8	8.6	1	0	3	5	
2026-04-27 04:35:00	58.47876	17.45679	41	50	0	3	510	0	0	0.016	13.2	8	4.649	6.95	1021.6	3.7	68	335	1	7.2	9.1	1	0	3	5	
2026-04-27 04:45:00	58.47849	17.46378	11	51	0	1	480	0	0	0.014	13.2	8	4.625	6.95	1021.6	3.6	71	325	1	6.8	8.2	1	0	3	5	
2026-04-27 04:55:00	58.48017	17.46852	11	52	0	1	480	0	0	0.014	13.2	8	4.617	6.95	1021.7	3.6	69	330	1	7.4	8.7	1	0	3	5	
2026-04-27 05:05:00	58.47978	17.4759	11	53	0	2	480	0	0	0.016	13.2	8	4.543	6.95	1021.8	3.6	70	330	1	6.9	8.9	1	0	3	5	
2026-04-27 05:15:00	58.48119	17.48091	13	54	0	3	480	0	0	0.014	13.2	8	4.513	6.94	1021.9	3.5	69	340	1	7.2	8.7	1	0	3	5	
2026-04-27 05:25:00	58.48104	17.48781	11	55	0	2	480	0	0	0.016	13.3	8	4.446	6.94	1022	3.5	70	330	1	6.8	9.1	1	0	3	5	
2026-04-27 05:45:00	58.48275	17.49828	12	57	0	3	480	0	0	0.014	13.3	8	4.395	6.93	1022.1	3.4	70	335	1	7	8.7	1	0	3	5	
2026-04-27 05:55:00	58.48374	17.50347	12	58	0	3	480	0	0	0.014	13.3	8	4.374	6.93	1022.2	3.5	72	335	1	6.3	8	1	0	3	5	
2026-04-27 06:05:00	58.48476	17.50881	13	59	0	2	480	0	0	0.014	13.3	8	4.351	6.94	1022.2	3.6	71	330	1	5.5	7	1	0	3	5	
2026-04-27 06:15:00	58.48608	17.51376	12	0	0	1	480	0	0	0.014	13.4	8	4.346	6.94	1022.2	3.5	70	320	1	5.8	7	1	0	3	5	
2026-04-27 06:25:00	58.48734	17.51889	12	1	0	1	480	0	0	0.014	13.4	7	4.33	6.94	1022.3	3.6	69	330	1	5.9	7.5	1	0	3	5	
2026-04-27 06:35:00	58.48809	17.52465	13	2	0	1	490	0	0	0.014	13.4	7	4.332	6.95	1022.4	3.6	70	330	1	5.9	7.5	1	0	3	5	
2026-04-27 06:45:00	58.48911	17.52912	13	3	0	1	490	0	0	0.014	13.4	8	4.325	6.96	1022.4	3.7	70	320	1	5.8	7.3	1	0	3	5	
2026-04-27 06:55:00	58.49007	17.53362	14	4	0	1	490	0	0	0.014	13.5	7	4.334	6.96	1022.5	3.8	69	325	1	5.7	6.9	1	0	3	5	
2026-04-27 07:05:00	58.49043	17.53803	14	5	0	1	490	0	0	0.014	13.4	8	4.365	6.97	1022.6	3.9	70	320	1	5.4	7	1	0	3	5	
2026-04-27 07:15:00	58.49139	17.54265	15	6	0	1	490	0	0	0.014	13.5	8	4.384	6.98	1022.6	3.9	69	315	1	4.9	6	1	0	3	5	
2026-04-27 07:25:00	58.49094	17.54802	15	7	0	1	490	0	0	0.014	13.4	8	4.447	7	1022.7	4	71	320	1	5.2	6.9	1	0	3	5	
2026-04-27 07:35:00	58.49154	17.55279	15	8	0	1	490	0	0	0.014	13.5	8	4.491	7.01	1022.7	4	70	310	1	5.6	7.4	1	0	3	5	
2026-04-27 07:45:00	58.49283	17.55576	14	9	0	1	490	0	0	0.014	13.6	8	4.532	7.02	1022.8	4.1	69	315	1	5	6.3	1	0	3	5	
2026-04-27 07:55:00	58.4919	17.55795	15	10	0	1	520	0	0	0.014	13.6	8	4.551	7.03	1022.9	4.1	69	310	1	4.8	5.7	1	0	3	5	
2026-04-27 08:05:00	58.49259	17.56341	11	11	0	1	480	0	0	0.016	13.6	8	4.538	7.03	1022.9	4.2	69	315	1	4.9	6.2	1	0	3	5	
2026-04-27 08:15:00	58.49157	17.5677	11	12	0	1	480	0	0	0.014	13.6	8	4.529	7.02	1023	4.3	68	310	1	4.4	5.5	1	0	3	5	
2026-04-27 08:25:00	58.49148	17.5716	13	13	0	1	490	0	0	0.014	13.4	8	4.553	7.03	1023	4.3	69	315	1	4.5	5.4	1	0	3	5	
2026-04-27 08:35:00	58.49187	17.57334	14	14	0	1	490	0	0	0.014	13.6	8	4.598	7.04	1023	4.4	69	305	1	4.4	5.6	1	0	3	5	
2026-04-27 08:45:00	58.49121	17.57748	13	15	0	2	490	0	0	0.014	13.7	8	4.671	7.06	1023.2	4.5	70	305	1	4.3	5.6	1	0	3	5	
2026-04-27 09:05:00	58.49307	17.58288	13	17	0	3	480	0	0	0.014	13.7	8	4.778	7.08	1023.2	4.7	70	305	1	3.8	4.7	1	0	3	5	
2026-04-27 09:15:00	58.49313	17.5863	12	18	0	1	480	0	0	0.014	13.8	8	4.831	7.09	1023.2	4.7	71	300	1	3.5	4.7	1	0	3	5	
2026-04-27 09:25:00	58.49376	17.58837	14	19	0	1	490	0	0	0.014	13.4	8	4.813	7.08	1023.2	4.9	70	300	1	3.8	5.2	1	0	3	5	
2026-04-27 09:35:00	58.49343	17.59206	12	20	0	1	490	0	0	0.016	13.3	8	4.816	7.09	1023.3	4.9	70	295	1	3.9	5.4	1	0	3	5	
2026-04-27 09:45:00	58.49451	17.59407	12	21	0	1	480	0	0	0.014	13.3	9	4.797	7.09	1023.2	5	70	295	1	4.2	5.6	1	0	3	5	
2026-04-27 09:55:00	58.49385	17.59794	13	22	0	1	480	0	0	0.014	13.8	8	4.778	7.09	1023.2	5	71	295	1	3.6	4.5	1	0	3	5	
2026-04-27 10:05:00	58.49466	17.60073	14	23	0	1	490	0	0	0.014	13.3	9	4.736	7.09	1023.2	5.1	73	295	1	3	4.1	1	0	3	5	
2026-04-27 10:15:00	58.49556	17.60379	13	24	0	1	500	0	0	0.014	13.3	9	4.728	7.1	1023.1	5.1	74	295	1	3.4	4.3	1	0	3	5	
2026-04-27 10:25:00	58.4958	17.60739	41	25	0	1	510	0	0	0.014	13.2	9	4.723	7.11	1023.1	5.1	73	300	1	3.1	4.1	1	0	3	5	
2026-04-27 10:35:00	58.49667	17.60943	12	26	0	1	480	0	0	0.014	13.5	9	4.77	7.12	1023.2	5.2	72	305	1	3.2	3.8	1	0	3	5	
2026-04-27 10:45:00	58.49652	17.61222	11	27	0	1	480	0	0	0.014	13.3	9	4.739	7.12	1023.2	5.3	73	300	1	3.1	3.8	1	0	3	5	
2026-04-27 10:55:00	58.49727	17.61465	11	28	0	1	480	0	0	0.014	13.2	9	4.754	7.12	1023.1	5.3	76	280	1	2.8	3.4	1	0	3	5	
2026-04-27 11:05:00	58.49754	17.61714	11	29	0	1	480	0	0	0.014	13.5	9	4.721	7.12	1023.1	5.3	74	285	1	2.4	3	1	0	3	5	
2026-04-27 11:15:00	58.49799	17.62035	12	30	0	1	480	0	0	0.016	13.3	10	4.768	7.14	1023.1	5.3	76	305	1	1.7	2.5	1	0	3	5	
2026-04-27 11:25:00	58.49847	17.62233	11	31	0	1	480	0	0	0.016	13.3	10	4.813	7.15	1023.1	5.4	76	285	1	2	2.8	1	0	3	5	
2026-04-27 11:35:00	58.49931	17.62407	12	32	0	1	480	0	0	0.014	13.5	10	4.807	7.15	1023	5.5	74	290	1	1.9	2.5	1	0	3	5	
2026-04-27 11:45:00	58.49961	17.62689	13	33	0	1	490	0	0	0.014	13.3	10	4.885	7.17	1023.1	5.5	75	310	1	2.1	2.9	1	0	3	5	
2026-04-27 11:55:00	58.49991	17.62971	14	34	0	2	490	0	0	0.016	13.2	11	4.837	7.15	1023.1	5.5	69	315	1	2.2	2.8	1	0	3	5	
2026-04-27 12:05:00	58.49952	17.63334	12	35	0	1	480	0	0	0.014	13.5	11	4.859	7.16	1023.1	5.7	71	330	1	1.8	2.6	1	0	3	5	
2026-04-27 12:15:00	58.50039	17.63454	14	36	0	1	490	0	0	0.014	13.3	11	4.895	7.17	1023.1	5.7	73	320	1	2	2.6	1	0	3	5	
2026-04-27 12:25:00	58.50018	17.63721	41	37	0	1	510	0	0	0.014	13.2	11	4.972	7.19	1023.1	5.9	76	20	1	1.2	1.8	1	0	3	5	
2026-04-27 12:35:00	58.50033	17.63778	11	38	0	1	480	0	0	0.016	13.5	11	4.969	7.19	1023.2	5.8	71	330	1	1	1.5	1	0	3	5	
2026-04-27 12:45:00	58.49988	17.6382	11	39	0	1	480	0	0	0.014	13.3	11	5.074	7.22	1023.2	6.2	68	355	1	0.7	1.3	1	0	3	5	
2026-04-27 12:55:00	58.49976	17.63769	11	40	0	1	480	0	0	0.014	13.4	11	5.006	7.21	1023.2	6.1	74	50	1	0.6	0.9	1	0	3	5	
2026-04-27 13:05:00	58.49994	17.63727	11	41	0	1	480	0	0	0.014	13.6	11	5.09	7.22	1023.2	6.8	72	105	1	0.6	1.1	1	0	3	5	
2026-04-27 13:15:00	58.50012	17.63691	11	42	0	1	480	0	0	0.014	13.3	12	5.193	7.24	1023	6.3	70	115	1	1.3	1.7	1	0	3	5	
2026-04-27 13:25:00	58.50039	17.63625	11	43	0	3	480	0	0	0.014	13.3	12	5.36	7.28	1023	6.6	72	160	1	1.5	1.9	1	0	3	5	
2026-04-27 13:35:00	58.50096	17.63568	11	44	0	1	480	0	0	0.014	13.5	12	5.794	7.36	1022.9	6.7	74	165	1	1.6	2.1	1	0	3	5	
2026-04-27 13:45:00	58.50195	17.63484	11	45	0	2	480	0	0	0.014	13.3	13	5.733	7.35	1022.7	6.4	75	175	1	1.6	2.1	1	0	3	5	
2026-04-27 13:55:00	58.50336	17.63442	12	46	0	1	480	0	0	0.014	13.5	13	5.682	7.34	1022.9	6.6	75	185	1	2.1	2.6	1	0	3	5	
2026-04-27 14:05:00	58.50477	17.63568	11	47	0	2	480	0	0	0.014	13.3	13	5.594	7.32	1022.7	6.6	77	190	1	2.3	2.9	1	0	3	5	
2026-04-27 14:15:00	58.50657	17.6367	12	48	0	1	480	0	0	0.014	13.3	13	5.553	7.3	1022.7	6.4	76	195	1	2.8	3.5	1	0	3	5	
2026-04-27 14:25:00	58.50768	17.63958	11	49	0	1	480	0	0	0.014	13.6	13	5.518	7.3	1022.6	5.9	77	200	1	2.7	3.3	1	0	3	5	
2026-04-27 14:35:00	58.50738	17.64201	12	50	0	1	490	0	0	0.014	13.3	13	5.425	7.29	1022.7	5.8	77	195	1	2.8	3.5	1	0	3	5	
2026-04-27 14:45:00	58.50852	17.64441	11	51	0	1	480	0	0	0.014	13.3	12	5.372	7.28	1022.9	5.8	78	205	1	1.8	2.6	1	0	3	5	
2026-04-27 14:55:00	58.50858	17.64609	11	52	0	1	480	0	0	0.014	13.4	12	5.296	7.27	1022.8	5.9	79	175	1	1.7	2.7	1	0	3	5	
2026-04-27 15:05:00	58.50972	17.64849	12	53	0	1	490	0	0	0.014	13.8	11	5.234	7.24	1022.7	5.7	80	190	1	2.3	3	1	0	3	5	
2026-04-27 15:15:00	58.50924	17.65107	41	54	0	1	510	0	0	0.014	13.7	11	5.211	7.24	1022.7	5.8	80	170	1	1.2	1.8	1	0	3	5	
2026-04-27 15:25:00	58.51005	17.65227	11	55	0	1	480	0	0	0.014	13.4	11	5.335	7.27	1022.8	5.7	75	210	1	1.8	2.5	1	0	3	5	
2026-04-27 15:35:00	58.50978	17.65404	11	56	0	1	480	0	0	0.016	13.3	10	5.266	7.27	1022.9	5.8	75	185	1	1.1	2.4	1	0	3	5	
2026-04-27 15:45:00	58.51002	17.65635	11	57	0	1	480	0	0	0.016	13.3	10	5.251	7.26	1022.9	6.7	54	265	1	1.8	2.8	1	0	3	5	
2026-04-27 15:55:00	58.50876	17.65581	11	58	0	1	480	0	0	0.016	13.3	10	5.117	7.25	1022.8	6.9	56	335	1	1.9	2.4	1	0	3	5	
2026-04-27 16:05:00	58.5078	17.6589	11	59	0	1	480	0	0	0.016	13.3	10	5.07	7.25	1022.8	6.7	67	350	1	1.2	1.7	1	0	3	5	
2026-04-27 16:15:00	58.50636	17.65968	11	0	0	1	480	0	0	0.016	13.3	10	5.266	7.29	1022.8	6.3	72	5	1	0.8	1.2	1	0	3	5	
2026-04-27 16:25:00	58.50561	17.66043	11	1	0	1	480	0	0	0.016	13.3	10	5.196	7.27	1022.8	6.1	73	300	1	1.3	2	1	0	3	5	
2026-04-27 16:35:00	58.50594	17.66214	11	2	0	1	480	0	0	0.014	13.3	9	5.197	7.28	1023	6	74	275	1	2.1	2.5	1	0	3	5	
2026-04-27 16:45:00	58.50681	17.66562	12	3	0	1	480	0	0	0.014	13.3	9	5.139	7.27	1022.9	5.9	77	255	1	1.7	2.3	1	0	3	5	
2026-04-27 16:55:00	58.50759	17.66883	11	4	0	3	480	0	0	0.014	13.3	9	5.04	7.25	1022.9	5.9	77	240	1	1.7	2.3	1	0	3	5	
2026-04-27 17:05:00	58.50882	17.67234	12	5	0	1	480	0	0	0.014	13.3	9	5.071	7.27	1022.9	5.8	78	255	1	1.7	2.3	1	0	3	5	
2026-04-27 17:15:00	58.51014	17.67489	11	6	0	1	480	0	0	0.014	13.2	9	5.108	7.25	1023	5.7	80	235	1	2	2.6	1	0	3	5	
2026-04-27 17:25:00	58.50993	17.67768	12	7	0	1	480	0	0	0.014	13.2	9	5.105	7.25	1022.8	5.6	78	255	1	0.4	0.8	1	0	3	5	
2026-04-27 17:35:00	58.50978	17.67795	11	8	0	1	480	0	0	0.014	13.2	8	5.08	7.25	1022.9	5.9	74	270	1	1	1.5	1	0	3	5	
2026-04-27 17:45:00	58.5093	17.67819	11	9	0	1	480	0	0	0.014	13.2	8	5.092	7.25	1023	5.6	74	10	1	0.4	1	1	0	3	5	
2026-04-27 17:55:00	58.50909	17.67813	11	10	0	2	510	0	0	0.014	13.2	8	5.141	7.27	1023.1	6	71	360	1	1.7	2.4	1	0	3	5	
2026-04-27 18:05:00	58.50756	17.67819	11	11	0	2	480	0	0	0.016	13.2	8	5.129	7.28	1023.2	5.9	75	35	1	3.1	3.7	1	0	3	5	
2026-04-27 18:15:00	58.50561	17.67798	12	12	0	1	480	0	0	0.016	13.2	8	4.747	7.2	1023.3	5.2	85	65	1	6.3	7.5	1	0	3	5	
2026-04-27 18:25:00	58.50846	17.67909	11	13	0	1	480	0	0	0.014	13.2	8	5.085	7.25	1023.5	4.7	88	95	1	5.7	7	1	0	3	5	
2026-04-27 18:35:00	58.50915	17.67918	11	14	0	2	480	0	0	0.014	13.2	8	5.04	7.24	1023.7	4.6	88	90	1	4.9	5.7	1	0	3	5	
2026-04-27 18:45:00	58.50855	17.67156	12	15	0	1	480	0	0	0.014	13.2	8	5.051	7.25	1023.8	4.7	86	105	1	4.4	5.4	1	0	3	5	
2026-04-27 18:55:00	58.50864	17.66385	11	16	0	1	480	0	0	0.014	13.2	8	5.015	7.24	1023.8	4.7	86	115	1	4.1	5.7	1	0	3	5	
2026-04-27 19:05:00	58.50816	17.65818	11	17	0	1	480	0	0	0.014	13.2	8	4.855	7.2	1023.9	4.7	86	115	1	4	5	1	0	3	5	
2026-04-27 19:15:00	58.50708	17.65482	12	18	0	3	480	0	0	0.016	13.2	8	4.939	7.21	1023.8	4.7	86	125	1	4.4	5.6	1	0	3	5	
2026-04-27 19:25:00	58.50456	17.65197	12	19	0	2	480	0	0	0.014	13.2	8	4.961	7.21	1023.9	4.7	82	135	1	3.4	4.8	1	0	3	5	
2026-04-27 19:35:00	58.50276	17.64936	12	20	0	1	480	0	0	0.014	13.2	8	4.934	7.2	1023.9	4.8	85	135	1	3.4	4.3	1	0	3	5	
2026-04-27 19:45:00	58.50369	17.6487	13	21	0	1	490	0	0	0.016	13.2	8	4.853	7.18	1023.9	4.8	84	140	1	2.8	3.6	1	0	3	5	
2026-04-27 19:55:00	58.5042	17.64504	12	22	0	3	480	0	0	0.016	13.2	8	4.844	7.18	1023.9	4.8	84	155	1	2.6	3.3	1	0	3	5	
2026-04-27 20:05:00	58.50654	17.6433	13	23	0	3	480	0	0	0.014	13.2	8	4.894	7.19	1023.9	4.8	85	155	1	2.7	3.5	1	0	3	5	
2026-04-27 20:15:00	58.50612	17.63976	11	24	0	1	480	0	0	0.014	13.2	8	4.809	7.16	1023.9	4.8	86	160	1	2.6	3.6	1	0	3	5	
2026-04-27 20:25:00	58.50564	17.63724	12	25	0	1	480	0	0	0.014	13.2	8	4.799	7.16	1024	4.8	86	175	1	2.4	3.1	1	0	3	5	
2026-04-27 20:35:00	58.50573	17.63325	13	26	0	1	480	0	0	0.016	13.2	8	4.735	7.14	1024	4.7	87	175	1	2.2	3.1	1	0	3	5	
2026-04-27 20:45:00	58.50531	17.63025	13	27	0	1	490	0	0	0.016	13.2	7	4.821	7.16	1024	4.7	88	165	1	2.6	3.5	1	0	3	5	
2026-04-27 20:55:00	58.50468	17.62719	41	28	0	2	510	0	0	0.016	13.2	8	4.835	7.16	1024.1	4.7	87	170	1	1.7	2.4	1	0	3	5	
2026-04-27 21:05:00	58.50417	17.62512	12	29	0	3	480	0	0	0.014	13.2	8	4.85	7.16	1024	4.7	88	195	1	1.7	2.3	1	0	3	5	
2026-04-27 21:15:00	58.50405	17.62263	11	30	0	1	480	0	0	0.014	13.2	8	4.826	7.15	1024	4.7	88	200	1	1.6	2.1	1	0	3	5	
2026-04-27 21:25:00	58.50447	17.62293	11	31	0	1	480	0	0	0.014	13.2	7	4.823	7.15	1024.2	4.7	89	235	1	1	1.5	1	0	3	5	
2026-04-27 21:35:00	58.50498	17.62353	12	32	0	1	480	0	0	0.014	13.2	7	4.79	7.15	1024.3	4.6	90	245	1	1.5	2.1	1	0	3	5	
2026-04-27 21:45:00	58.50483	17.62449	12	33	0	1	480	0	0	0.014	13.2	7	4.779	7.14	1024.3	4.6	91	265	1	1.6	2	1	0	3	5	
2026-04-27 21:55:00	58.50429	17.62557	12	34	0	1	480	0	0	0.014	13.2	7	4.727	7.14	1024.3	4.6	91	270	1	2	2.4	1	0	3	5	
2026-04-27 22:15:00	58.50468	17.63052	11	36	0	3	480	0	0	0.014	13.2	7	4.746	7.15	1024.3	4.6	91	290	1	2.1	2.5	1	0	3	5	
2026-04-27 22:25:00	58.50408	17.63319	12	37	0	2	480	0	0	0.014	13.2	7	4.707	7.14	1024.3	4.6	90	290	1	2.2	2.8	1	0	3	5	
2026-04-27 22:35:00	58.50309	17.6361	12	38	0	1	480	0	0	0.014	13.2	7	4.741	7.15	1024.4	4.7	89	305	1	2.5	3	1	0	3	5	
2026-04-27 22:45:00	58.50129	17.63736	12	39	0	1	490	0	0	0.014	13.2	7	4.808	7.16	1024.5	4.7	89	310	1	2.4	2.8	1	0	3	5	
2026-04-27 22:55:00	58.49979	17.63511	12	40	0	1	480	0	0	0.014	13.2	7	4.834	7.16	1024.6	4.7	89	300	1	3	3.7	1	0	3	5	
2026-04-27 23:05:00	58.49805	17.63259	12	41	0	1	490	0	0	0.016	13.2	7	4.861	7.16	1024.6	4.8	88	300	1	3.1	3.8	1	0	3	5	
2026-04-27 23:15:00	58.49694	17.62881	13	42	0	1	490	0	0	0.014	13.2	7	4.869	7.16	1024.6	4.9	87	315	1	3	3.6	1	0	3	5	
2026-04-27 23:25:00	58.49532	17.62632	13	43	0	1	490	0	0	0.014	13.2	7	4.868	7.16	1024.7	4.9	85	310	1	3.6	4.4	1	0	3	5	
2026-04-27 23:35:00	58.49388	17.62251	12	44	0	2	490	0	0	0.014	13.2	7	4.834	7.14	1024.7	4.8	87	310	1	3.4	4.3	1	0	3	5	
2026-04-27 23:45:00	58.4913	17.62104	13	45	0	1	490	0	0	0.014	13.2	7	4.865	7.15	1024.7	4.8	82	335	1	3.3	3.8	1	0	3	5	
2026-04-27 23:55:00	58.48974	17.61804	14	46	0	2	520	0	0	0.014	13.2	8	4.924	7.17	1024.8	4.9	81	330	1	3.2	3.9	1	0	3	5	
2026-04-28 00:05:00	58.4883	17.6151	11	47	0	2	480	0	0	0.014	13.2	8	4.953	7.17	1024.9	4.9	83	325	1	3.1	3.9	1	0	3	5	
2026-04-28 00:25:00	58.4853	17.6091	11	49	0	3	480	0	0	0.014	13.2	8	5.036	7.2	1025	4.9	84	320	1	3.1	4.1	1	0	3	5	
2026-04-28 00:45:00	58.48329	17.60178	12	51	0	3	480	0	0	0.016	13.2	8	5.038	7.21	1025	4.8	81	335	1	3.6	4.4	1	0	3	5	
2026-04-28 01:15:00	58.47744	17.59206	12	54	0	3	480	0	0	0.014	13.2	8	4.948	7.24	1025	4.8	78	335	1	4.4	5.4	1	0	3	5	
2026-04-28 01:25:00	58.47582	17.58819	12	55	0	3	480	0	0	0.014	13.2	8	4.911	7.23	1025.1	4.6	77	340	1	5.1	6.4	1	0	3	5	
2026-04-28 01:35:00	58.47507	17.58354	12	56	0	1	480	0	0	0.016	13.2	7	4.894	7.22	1025.1	4.7	77	340	1	4.7	5.8	1	0	3	5	
2026-04-28 01:45:00	58.47156	17.58069	12	57	0	2	480	0	0	0.016	13.2	7	4.778	7.23	1025.1	4.7	78	335	1	4.7	5.6	1	0	3	5	
2026-04-28 01:55:00	58.47129	17.57631	12	58	0	1	480	0	0	0.014	13.2	7	4.789	7.21	1025.1	4.6	78	335	1	4.6	6.4	1	0	3	5	
2026-04-28 02:05:00	58.46913	17.57223	12	59	0	1	480	0	0	0.016	13.2	7	4.753	7.21	1025.2	4.6	78	330	1	5.3	6.4	1	0	3	5	
2026-04-28 02:15:00	58.46802	17.5665	12	0	0	2	490	0	0	0.014	13.2	7	4.759	7.2	1025.2	4.6	79	335	1	5	6.3	1	0	3	5	
2026-04-28 02:25:00	58.46742	17.56101	13	1	0	1	490	0	0	0.016	13.2	7	4.766	7.18	1025.2	4.5	79	330	1	4.9	6.3	1	0	3	5	
2026-04-28 02:35:00	58.46634	17.55501	14	2	0	1	490	0	0	0.014	13.2	7	4.775	7.16	1025.3	4.5	79	330	1	5.2	6.6	1	0	3	5	
2026-04-28 02:45:00	58.46568	17.54892	15	3	0	1	490	0	0	0.014	13.2	7	4.796	7.15	1025.2	4.4	80	325	1	4.9	6.7	1	0	3	5	
2026-04-28 02:55:00	58.46187	17.54577	15	4	0	1	490	0	0	0.014	13.2	7	4.709	7.16	1025.2	4.2	79	325	1	5.5	6.6	1	0	3	5	
2026-04-28 03:05:00	58.46079	17.53959	13	5	0	1	510	0	0	0.014	13.2	7	4.7	7.15	1025.3	4.3	80	325	1	5.6	7.1	1	0	3	5	
2026-04-28 03:15:00	58.45974	17.53362	11	6	0	1	480	0	0	0.014	13.2	7	4.702	7.14	1025.4	4.2	80	325	1	6	7.1	1	0	3	5	
2026-04-28 03:25:00	58.45851	17.52765	11	7	0	1	480	0	0	0.014	13.2	7	4.688	7.12	1025.4	4.2	81	325	1	5.8	7.1	1	0	3	5	
2026-04-28 03:35:00	58.45716	17.52066	11	8	0	1	480	0	0	0.014	13.2	7	4.697	7.12	1025.4	4.2	82	325	1	5	6.4	1	0	3	5	
2026-04-28 03:45:00	58.45599	17.5146	12	9	0	2	480	0	0	0.014	13.2	8	4.71	7.11	1025.5	4.2	81	330	1	5.7	7.2	1	0	3	5	
2026-04-28 03:55:00	58.4547	17.50806	12	10	0	1	480	0	0	0.014	13.2	7	4.721	7.1	1025.5	4.2	80	325	1	6	7	1	0	3	5	
2026-04-28 04:15:00	58.44942	17.49678	12	12	0	3	480	0	0	0.016	13.2	8	4.623	7.09	1025.6	4.2	79	325	1	6	7.2	1	0	3	5	
2026-04-28 04:25:00	58.443	17.49234	12	13	0	2	490	0	0	0.016	13.2	8	4.52	7.14	1025.6	4.1	79	335	1	6.6	8.2	1	0	3	5	
2026-04-28 05:14:57	58.42938	17.45133	13	17	0	3	490	0	0	0.014	13.4	8	4.808	7.32	1026	4	79	345	1	5.6	7.2	1	0	3	5	
2026-04-28 05:25:00	58.42497	17.44371	22	18	0	1	500	0	0	0.014	13.4	8	4.751	7.35	1026.1	4	80	350	1	5.9	7	1	0	3	5	
2026-04-28 05:35:00	58.42455	17.43633	14	19	0	1	490	0	0	0.014	13.4	8	4.827	7.33	1026.3	4.2	78	355	1	5	6.7	1	0	3	5	
2026-04-28 05:45:00	58.41939	17.42979	13	20	0	1	490	0	0	0.014	13.4	8	4.713	7.33	1026.2	4.2	77	350	1	6.4	7.6	1	0	3	5	
2026-04-28 05:55:00	58.419	17.42187	13	21	0	1	520	0	0	0.014	13.4	8	4.716	7.31	1026.4	4.3	76	355	1	5.3	6.4	1	0	3	5	
2026-04-28 06:05:00	58.41459	17.41404	12	22	0	1	480	0	0	0.014	13.5	8	4.594	7.33	1026.3	4.3	77	340	1	5.1	6.4	1	0	3	5	
2026-04-28 06:15:00	58.41384	17.40687	13	23	0	2	490	0	0	0.016	13.4	8	4.606	7.33	1026.5	4.2	77	345	1	5.8	7	1	0	3	5	
2026-04-28 06:25:00	58.41366	17.40477	12	24	0	1	490	0	0	0.014	13.4	8	4.601	7.33	1026.5	4.3	75	355	1	5.8	7	1	0	3	5	
2026-04-28 06:45:00	58.40859	17.4003	12	26	0	3	480	0	0	0.014	13.5	8	4.662	7.35	1026.7	4.2	76	345	1	5.5	6.9	1	0	3	5	
2026-04-28 06:55:00	58.4094	17.40486	13	27	0	1	480	0	0	0.016	13.4	8	4.626	7.35	1026.8	4.3	77	340	1	5.4	6.9	1	0	3	5	
2026-04-28 07:05:00	58.41003	17.40876	11	28	0	1	480	0	0	0.014	13.5	8	4.604	7.34	1026.8	4.3	74	335	1	5.6	7.1	1	0	3	5	
2026-04-28 07:15:00	58.41093	17.41239	11	29	0	1	480	0	0	0.014	13.5	8	4.653	7.35	1026.8	4.4	74	335	1	5.5	6.5	1	0	3	5	
2026-04-28 07:25:00	58.41183	17.4159	12	30	0	1	480	0	0	0.014	13.5	8	4.692	7.35	1026.9	4.5	75	330	1	5.1	6.2	1	0	3	5	
2026-04-28 07:35:00	58.41312	17.41866	11	31	0	1	500	0	0	0.014	13.5	8	4.709	7.36	1026.9	4.6	74	335	1	4.7	6.2	1	0	3	5	
2026-04-28 07:45:00	58.41405	17.42184	11	32	0	1	480	0	0	0.014	13.5	8	4.686	7.36	1027	4.7	73	345	1	4.8	6.6	1	0	3	5	
2026-04-28 07:55:00	58.41405	17.42463	11	33	0	1	490	0	0	0.016	13.6	8	4.696	7.37	1027.1	4.7	75	340	1	4.9	5.7	1	0	3	5	
2026-04-28 08:05:00	58.41459	17.42715	13	34	0	1	490	0	0	0.014	13.5	8	4.691	7.37	1027.2	4.8	77	335	1	3.9	5.3	1	0	3	5	
2026-04-28 08:15:00	58.41546	17.42973	13	35	0	1	520	0	0	0.014	13.6	8	4.673	7.38	1027.2	4.8	75	330	1	3.7	4.9	1	0	3	5	
2026-04-28 08:25:00	58.41522	17.43222	11	36	0	1	480	0	0	0.014	13.6	8	4.673	7.39	1027.2	4.9	77	315	1	3.7	4.3	1	0	3	5	
2026-04-28 08:35:00	58.41561	17.43309	11	37	0	2	480	0	0	0.014	13.6	8	4.826	7.38	1027.3	5	75	325	1	2.9	3.8	1	0	3	5	
2026-04-28 08:45:00	58.41483	17.43525	11	38	0	1	480	0	0	0.014	13.6	8	4.852	7.39	1027.3	5	76	320	1	3.1	3.9	1	0	3	5	
2026-04-28 08:55:00	58.41453	17.43726	11	39	0	2	480	0	0	0.016	13.5	8	4.874	7.4	1027.3	5	78	310	1	2.7	3.3	1	0	3	5	
2026-04-28 09:05:00	58.41483	17.43861	12	40	0	1	480	0	0	0.014	13.5	8	4.877	7.42	1027.3	5.1	77	310	1	3.1	4	1	0	3	5	
2026-04-28 09:15:00	58.41468	17.44131	11	41	0	1	480	0	0	0.014	13.3	8	4.992	7.44	1027.3	5.2	79	300	1	3.1	4.3	1	0	3	5	
2026-04-28 09:55:00	58.41531	17.45022	12	45	0	3	480	0	0	0.014	13.3	9	5.01	7.47	1027.4	5.5	74	325	1	3	4	1	0	3	5	
2026-04-28 10:05:00	58.41543	17.4516	12	46	0	1	480	0	0	0.016	13.3	9	5.045	7.48	1027.4	5.6	77	5	1	1.8	2.9	1	0	3	5	
2026-04-28 10:15:00	58.4151	17.45262	12	47	0	1	510	0	0	0.014	13.5	9	5.04	7.49	1027.3	5.7	75	360	1	2.2	2.9	1	0	3	5	
2026-04-28 10:25:00	58.4139	17.45124	11	48	0	1	480	0	0	0.014	13.3	9	5.078	7.5	1027.4	5.7	76	355	1	2.3	3.1	1	0	3	5	
2026-04-28 10:35:00	58.41156	17.4498	12	49	0	2	480	0	0	0.014	13.4	10	5.13	7.52	1027.4	5.7	74	355	1	2.4	3	1	0	3	5	
2026-04-28 10:45:00	58.41123	17.45082	11	50	0	1	480	0	0	0.014	13.4	9	5.151	7.54	1027.4	5.7	75	325	1	2.4	2.9	1	0	3	5	
2026-04-28 10:55:00	58.41156	17.45142	12	51	0	2	480	0	0	0.014	13.3	10	5.203	7.54	1027.4	5.8	73	340	1	2	2.8	1	0	3	5	
2026-04-28 11:05:00	58.41183	17.45157	11	52	0	1	480	0	0	0.014	13.4	10	5.194	7.54	1027.4	5.9	75	335	1	1.6	2.6	1	0	3	5	
2026-04-28 11:15:00	58.41198	17.45157	11	53	0	1	480	0	0	0.016	13.3	11	5.288	7.56	1027.4	6	72	315	1	1.5	2.3	1	0	3	5	
2026-04-28 11:25:00	58.41093	17.45136	11	54	0	1	480	0	0	0.014	13.6	11	5.38	7.59	1027.4	6.2	74	290	1	1.2	1.6	1	0	3	5	
2026-04-28 11:35:00	58.41105	17.45187	11	55	0	1	480	0	0	0.014	13.3	11	5.399	7.6	1027.3	6.1	74	275	1	1.8	2.4	1	0	3	5	
2026-04-28 11:45:00	58.41165	17.45289	11	56	0	1	480	0	0	0.014	13.3	12	5.447	7.61	1027.4	6.2	73	285	1	1.9	2.5	1	0	3	5	
2026-04-28 11:55:00	58.41219	17.45415	11	57	0	1	480	0	0	0.014	13.5	12	5.495	7.62	1027.3	6.1	74	270	1	1.3	2	1	0	3	5	
2026-04-28 12:05:00	58.4127	17.45535	12	58	0	1	480	0	0	0.014	13.3	12	5.492	7.62	1027.5	6.3	72	280	1	1	1.7	1	0	3	5	
2026-04-28 12:15:00	58.41309	17.45562	12	59	0	1	520	0	0	0.014	13.5	12	5.54	7.63	1027.4	6.3	72	305	1	1.2	1.6	1	0	3	5	
2026-04-28 12:25:00	58.4127	17.45553	12	0	0	1	480	0	0	0.016	13.3	13	5.614	7.65	1027.5	6.6	67	10	1	0.4	0.7	1	0	3	5	
2026-04-28 12:35:00	58.41222	17.45484	11	1	0	1	480	0	0	0.014	13.2	13	5.738	7.69	1027.2	5.7	75	80	1	4.9	5.6	1	0	3	5	
2026-04-28 12:45:00	58.4115	17.44995	11	2	0	1	480	0	0	0.014	13.6	13	5.716	7.67	1027.3	5.3	80	95	1	3.2	3.8	1	0	3	5	
2026-04-28 12:55:00	58.41099	17.44794	11	3	0	2	480	0	0	0.014	13.8	12	5.645	7.66	1027.2	4.9	80	105	1	3.7	4.5	1	0	3	5	
2026-04-28 13:05:00	58.41324	17.44926	11	4	0	1	480	0	0	0.014	13.4	12	5.656	7.66	1027.4	5.1	79	120	1	2.8	3.2	1	0	3	5	
2026-04-28 13:15:00	58.41531	17.45019	11	5	0	1	480	0	0	0.014	13.3	11	5.6	7.64	1027.3	5	80	115	1	3.3	3.9	1	0	3	5	
2026-04-28 13:25:00	58.41696	17.45181	11	6	0	1	480	0	0	0.014	13.6	11	5.617	7.65	1027.5	5.1	79	130	1	3	3.5	1	0	3	5	
2026-04-28 13:35:00	58.4184	17.45337	11	7	0	1	480	0	0	0.014	13.3	11	5.56	7.63	1027.3	5.2	80	125	1	2.2	2.8	1	0	3	5	
2026-04-28 13:45:00	58.4196	17.45514	11	8	0	2	480	0	0	0.014	13.3	11	5.648	7.65	1027.4	5.2	80	140	1	2.8	3.6	1	0	3	5	
2026-04-28 13:55:00	58.42059	17.45745	11	9	0	1	480	0	0	0.014	13.6	11	5.516	7.63	1027.4	5.1	81	130	1	3	3.5	1	0	3	5	
2026-04-28 14:05:00	58.42146	17.46	11	10	0	1	480	0	0	0.016	13.3	11	5.379	7.62	1027.4	5	80	125	1	3.2	3.9	1	0	3	5	
2026-04-28 14:15:00	58.42239	17.46318	11	11	0	1	480	0	0	0.014	13.3	11	5.419	7.63	1027.4	5.1	81	145	1	2.6	3	1	0	3	5	
2026-04-28 14:25:00	58.42305	17.46627	12	12	0	1	480	0	0	0.014	13.8	10	5.496	7.66	1027.3	5.2	81	135	1	2.4	3.2	1	0	3	5	
2026-04-28 14:35:00	58.42362	17.4693	11	13	0	1	480	0	0	0.016	13.3	10	5.468	7.67	1027.1	5.1	82	150	1	2.5	3.2	1	0	3	5	
2026-04-28 14:45:00	58.42398	17.47236	11	14	0	1	480	0	0	0.014	13.3	10	5.398	7.67	1027.2	5.1	81	150	1	2.3	2.8	1	0	3	5	
2026-04-28 14:55:00	58.4244	17.47602	11	15	0	1	480	0	0	0.014	13.7	10	5.361	7.69	1027.1	5.2	81	165	1	2.7	3.3	1	0	3	5	
2026-04-28 15:05:00	58.42452	17.47983	11	16	0	1	510	0	0	0.016	13.4	10	5.448	7.74	1027.1	5.2	81	175	1	2.5	3	1	0	3	5	
2026-04-28 15:15:00	58.42452	17.484	12	17	0	1	480	0	0	0.014	13.3	10	5.1	7.68	1027	5.3	82	175	1	2.6	3.2	1	0	3	5	
2026-04-28 15:25:00	58.42458	17.48814	11	18	0	1	480	0	0	0.014	13.3	10	5.022	7.67	1027	5.3	80	195	1	2.7	3.3	1	0	3	5	
2026-04-28 15:35:00	58.42428	17.4924	11	19	0	1	480	0	0	0.014	13.9	10	4.919	7.66	1027.1	5.3	80	200	1	2.4	2.8	1	0	3	5	
2026-04-28 15:45:00	58.42602	17.49639	11	20	0	1	480	0	0	0.014	13.4	10	4.972	7.69	1027.1	5.4	81	195	1	2	2.5	1	0	3	5	
2026-04-28 15:55:00	58.42569	17.5008	11	21	0	1	480	0	0	0.014	13.3	10	4.872	7.67	1027	5.4	81	200	1	2.3	2.8	1	0	3	5	
2026-04-28 16:05:00	58.42707	17.50461	12	22	0	3	480	0	0	0.014	13.7	10	4.878	7.68	1026.9	5.4	82	210	1	2.6	3.1	1	0	3	5	
2026-04-28 16:15:00	58.42686	17.50899	11	23	0	1	480	0	0	0.014	13.9	10	5.009	7.73	1027.1	5.3	84	210	1	2.4	3	1	0	3	5	
2026-04-28 16:25:00	58.42848	17.51382	12	24	0	1	480	0	0	0.014	13.8	10	4.866	7.71	1027.1	5.2	84	190	1	2.1	2.6	1	0	3	5	
2026-04-28 16:35:00	58.42839	17.51775	11	25	0	1	480	0	0	0.014	13.4	9	4.809	7.72	1027.2	5.3	85	170	1	1.7	2	1	0	3	5	
2026-04-28 16:45:00	58.43028	17.52048	11	26	0	1	480	0	0	0.014	13.3	9	4.842	7.72	1027.1	5.2	85	175	1	1.8	2.5	1	0	3	5	
2026-04-28 16:55:00	58.43085	17.52432	11	27	0	1	480	0	0	0.016	13.3	9	4.825	7.73	1027.1	5.2	85	155	1	2	2.5	1	0	3	5	
2026-04-28 17:05:00	58.43118	17.52813	12	28	0	1	480	0	0	0.014	13.2	9	4.836	7.73	1027.2	5.3	85	165	1	1.9	2.3	1	0	3	5	
2026-04-28 17:15:00	58.43154	17.53209	12	29	0	1	480	0	0	0.016	13.3	9	4.873	7.74	1027.2	5.2	85	160	1	1.3	1.7	1	0	3	5	
2026-04-28 17:25:00	58.43169	17.53605	11	30	0	3	480	0	0	0.014	13.3	9	4.778	7.72	1027.2	5.1	86	150	1	2.2	2.7	1	0	3	5	
2026-04-28 17:35:00	58.43208	17.53986	12	31	0	1	480	0	0	0.014	13.3	9	4.881	7.74	1027.3	5.1	87	150	1	1.8	2.4	1	0	3	5	
2026-04-28 17:45:00	58.43283	17.54394	11	32	0	1	480	0	0	0.016	13.2	9	4.845	7.73	1027.3	5	87	130	1	2.2	2.7	1	0	3	5	
2026-04-28 17:55:00	58.43373	17.54739	12	33	0	1	510	0	0	0.014	13.2	8	4.82	7.73	1027.4	4.8	88	135	1	2.9	3.4	1	0	3	5	
2026-04-28 18:05:00	58.43514	17.55207	11	34	0	1	480	0	0	0.014	13.2	8	4.824	7.73	1027.4	4.7	88	150	1	2.8	3.4	1	0	3	5	
2026-04-28 18:15:00	58.43637	17.55765	11	35	0	1	480	0	0	0.016	13.2	8	4.811	7.73	1027.5	4.7	88	145	1	2.9	3.5	1	0	3	5	
2026-04-28 18:25:00	58.43748	17.56287	11	36	0	1	480	0	0	0.014	13.2	8	4.79	7.72	1027.5	4.7	88	140	1	3.1	3.5	1	0	3	5	
2026-04-28 18:35:00	58.43883	17.56839	11	37	0	1	480	0	0	0.014	13.2	8	4.858	7.74	1027.6	4.6	86	140	1	3.6	4.3	1	0	3	5	
2026-04-28 18:45:00	58.44006	17.57415	12	38	0	2	480	0	0	0.014	13.2	8	4.907	7.75	1027.8	4.6	86	140	1	3.3	3.9	1	0	3	5	
2026-04-28 18:55:00	58.44138	17.57958	12	39	0	1	490	0	0	0.014	13.2	8	4.872	7.74	1027.8	4.7	87	150	1	3.3	3.9	1	0	3	5	
2026-04-28 19:05:00	58.44258	17.5854	12	40	0	1	480	0	0	0.014	13.2	8	4.776	7.73	1027.9	4.6	86	155	1	3.3	3.9	1	0	3	5	
2026-04-28 19:15:00	58.44345	17.59107	12	41	0	1	490	0	0	0.014	13.2	8	4.843	7.74	1027.9	4.6	87	155	1	3.3	4.1	1	0	3	5	
2026-04-28 19:25:00	58.44444	17.59653	12	42	0	1	480	0	0	0.014	13.2	8	4.838	7.73	1027.9	4.6	86	160	1	3.2	3.8	1	0	3	5	
2026-04-28 19:35:00	58.44537	17.60178	12	43	0	1	480	0	0	0.014	13.2	8	4.891	7.75	1027.9	4.6	85	170	1	3.4	3.9	1	0	3	5	
2026-04-28 19:45:00	58.44576	17.60703	12	44	0	3	480	0	0	0.016	13.2	8	4.853	7.75	1027.9	4.6	86	175	1	3	3.7	1	0	3	5	
2026-04-28 19:55:00	58.446	17.61273	13	45	0	1	490	0	0	0.016	13.2	8	4.896	7.75	1027.8	4.6	85	175	1	3.2	3.9	1	0	3	5	
2026-04-28 20:05:00	58.44657	17.61867	12	46	0	2	490	0	0	0.016	13.2	8	4.884	7.75	1027.9	4.6	83	180	1	3.4	4.1	1	0	3	5	
2026-04-28 20:15:00	58.44678	17.62461	13	47	0	3	490	0	0	0.016	13.2	8	4.89	7.75	1027.8	4.6	84	185	1	3.5	4.1	1	0	3	5	
2026-04-28 20:35:00	58.44684	17.6364	13	49	0	3	490	0	0	0.014	13.2	8	4.797	7.73	1027.9	4.6	87	185	1	3.3	4.1	1	0	3	5	
2026-04-28 20:45:00	58.4505	17.63847	26	50	0	1	520	0	0	0.014	13.2	8	4.851	7.74	1028	4.6	87	190	1	3.4	4.2	1	0	3	5	
2026-04-28 20:55:00	58.45179	17.63538	11	51	0	1	480	0	0	0.016	13.2	8	4.865	7.75	1028	4.6	86	190	1	3.5	4.5	1	0	3	5	
2026-04-28 21:05:00	58.45236	17.63271	11	52	0	1	480	0	0	0.014	13.2	8	4.86	7.75	1028.1	4.6	84	195	1	4	5.2	1	0	3	5	
2026-04-28 21:15:00	58.45302	17.62944	12	53	0	2	480	0	0	0.016	13.2	8	4.826	7.74	1028.1	4.7	82	185	1	3.6	4.7	1	0	3	5	
2026-04-28 21:25:00	58.45329	17.63004	12	54	0	1	480	0	0	0.016	13.2	8	4.813	7.73	1028.1	4.7	84	185	1	3.3	4.1	1	0	3	5	
2026-04-28 21:35:00	58.45431	17.62908	11	55	0	1	480	0	0	0.014	13.2	8	4.81	7.74	1028.1	4.7	84	190	1	3.7	4.7	1	0	3	5	
2026-04-28 21:45:00	58.4553	17.62683	12	56	0	1	490	0	0	0.014	13.2	7	4.778	7.73	1028.1	4.7	84	195	1	3.9	4.9	1	0	3	5	
2026-04-28 21:55:00	58.45626	17.62437	13	57	0	1	490	0	0	0.016	13.2	7	4.761	7.73	1028.2	4.7	85	195	1	3.3	4.1	1	0	3	5	
2026-04-28 22:05:00	58.45704	17.62569	13	58	0	1	490	0	0	0.014	13.2	8	4.754	7.72	1028.2	4.7	85	190	1	3.2	4	1	0	3	5	
2026-04-28 22:15:00	58.458	17.62467	13	59	0	1	480	0	0	0.014	13.2	8	4.72	7.72	1028.2	4.7	85	200	1	2.9	3.8	1	0	3	5	
2026-04-28 22:25:00	58.45896	17.62293	13	0	0	1	490	0	0	0.016	13.2	8	4.688	7.71	1028.3	4.7	85	200	1	2.5	3.5	1	0	3	5	
2026-04-28 22:35:00	58.4595	17.62311	12	1	0	2	480	0	0	0.016	13.2	8	4.683	7.71	1028.3	4.7	85	195	1	2.3	3	1	0	3	5	
2026-04-28 22:45:00	58.4604	17.62431	12	2	0	2	480	0	0	0.016	13.2	8	4.672	7.7	1028.3	4.7	85	190	1	1.7	2.3	1	0	3	5	
2026-04-28 22:55:00	58.46034	17.62671	12	3	0	1	480	0	0	0.014	13.2	7	4.675	7.7	1028.3	4.7	86	180	1	1.1	1.8	1	0	3	5	
2026-04-28 23:05:00	58.4607	17.62908	12	4	0	2	490	0	0	0.016	13.2	8	4.693	7.71	1028.3	4.7	87	195	1	1.3	1.8	1	0	3	5	
2026-04-28 23:15:00	58.46157	17.63049	13	5	0	2	490	0	0	0.014	13.2	8	4.698	7.71	1028.3	4.7	87	185	1	1.7	2.3	1	0	3	5	
2026-04-28 23:25:00	58.46145	17.63292	12	6	0	1	490	0	0	0.014	13.2	7	4.687	7.71	1028.2	4.7	88	200	1	1.7	2.4	1	0	3	5	
2026-04-28 23:35:00	58.46106	17.63517	12	7	0	3	480	0	0	0.014	13.2	7	4.695	7.71	1028.2	4.7	88	210	1	1.1	2.1	1	0	3	5	
2026-04-28 23:45:00	58.46091	17.63724	12	8	0	1	490	0	0	0.016	13.2	7	4.702	7.71	1028.2	4.7	89	220	1	1.6	2.2	1	0	3	5	
2026-04-28 23:55:00	58.46196	17.63847	12	9	0	1	490	0	0	0.014	13.2	7	4.695	7.71	1028.1	4.6	89	205	1	1.2	2.4	1	0	3	5	
2026-04-29 00:05:00	58.46184	17.6406	15	10	0	1	490	0	0	0.014	13.2	7	4.694	7.71	1028.1	4.5	88	235	1	0.8	1.2	1	0	3	5	
2026-04-29 00:15:00	58.46205	17.64216	18	11	0	2	500	0	0	0.016	13.2	7	4.689	7.71	1028.1	4.5	88	175	1	0.6	0.9	1	0	3	5	
2026-04-29 00:25:00	58.46247	17.64354	19	12	0	1	500	0	0	0.014	13.2	7	4.666	7.7	1028.1	4.4	86	185	1	1.1	1.7	1	0	3	5	
2026-04-29 00:35:00	58.4634	17.64339	40	13	0	1	510	0	0	0.016	13.2	8	4.675	7.7	1028	4.6	87	135	1	0.9	1.2	1	0	3	5	
2026-04-29 00:45:00	58.46364	17.6451	11	14	0	1	480	0	0	0.014	13.2	7	4.69	7.71	1028	4.6	88	145	1	0.5	0.9	1	0	3	5	
2026-04-29 00:55:00	58.46424	17.64651	11	15	0	1	480	0	0	0.016	13.2	7	4.685	7.71	1028.1	4.5	87	160	1	1.2	1.5	1	0	3	5	
2026-04-29 01:05:00	58.46472	17.64684	11	16	0	1	480	0	0	0.014	13.2	7	4.702	7.71	1028.1	4.5	87	110	1	1.5	2.1	1	0	3	5	
2026-04-29 01:15:00	58.46478	17.6466	11	17	0	1	480	0	0	0.014	13.2	7	4.661	7.7	1028.1	4.4	89	120	1	1.3	1.8	1	0	3	5	
2026-04-29 01:25:00	58.46421	17.64675	11	18	0	1	480	0	0	0.014	13.2	7	4.661	7.7	1028.1	4.4	89	100	1	0.6	1	1	0	3	5	
2026-04-29 01:35:00	58.46412	17.64666	11	19	0	1	480	0	0	0.014	13.2	7	4.651	7.7	1028.1	4.3	90	30	1	1.2	1.6	1	0	3	5	
2026-04-29 01:45:00	58.4637	17.6463	11	20	0	2	480	0	0	0.016	13.2	7	4.682	7.7	1028.1	4.3	88	60	1	1	1.4	1	0	3	5	
2026-04-29 01:55:00	58.46295	17.64573	12	21	0	1	490	0	0	0.014	13.2	7	4.659	7.7	1028.2	4.3	87	60	1	1.3	1.7	1	0	3	5	
2026-04-29 02:05:00	58.46235	17.64411	11	22	0	1	480	0	0	0.016	13.2	7	4.633	7.69	1028.2	4.4	88	50	1	1	1.5	1	0	3	5	
2026-04-29 02:25:00	58.46142	17.64192	11	24	0	3	480	0	0	0.016	13.2	7	4.654	7.7	1028.1	4.2	88	80	1	1.4	2	1	0	3	5	
2026-04-29 02:35:00	58.46073	17.64144	13	25	0	1	480	0	0	0.016	13.2	7	4.676	7.7	1028.3	4.3	89	110	1	1.2	1.6	1	0	3	5	
2026-04-29 02:45:00	58.46025	17.64048	12	26	0	2	480	0	0	0.016	13.2	7	4.69	7.7	1028.3	4.3	91	80	1	0.7	1.3	1	0	3	5	
2026-04-29 02:55:00	58.46013	17.64078	11	27	0	1	490	0	0	0.014	13.2	7	4.713	7.71	1028.3	4.2	91	120	1	0.6	0.9	1	0	3	5	
2026-04-29 03:05:00	58.4601	17.64096	11	28	0	1	490	0	0	0.014	13.2	7	4.68	7.7	1028.4	4.3	92	30	1	0.5	1	1	0	3	5	
2026-04-29 03:15:00	58.46085	17.64102	13	29	0	2	480	0	0	0.016	13.2	7	4.678	7.7	1028.4	4.3	92	105	1	0.4	0.6	1	0	3	5	
2026-04-29 03:25:00	58.46142	17.64078	41	30	0	1	510	0	0	0.014	13.2	7	4.673	7.7	1028.4	4.1	92	120	1	0.7	0.9	1	0	3	5	
2026-04-29 03:35:00	58.46196	17.6403	12	31	0	1	480	0	0	0.014	13.2	7	4.665	7.69	1028.6	4.5	92	105	1	0.7	1	1	0	3	5	
2026-04-29 03:45:00	58.4625	17.63949	11	32	0	2	480	0	0	0.014	13.2	7	4.628	7.69	1028.6	4.7	91	125	1	0.7	1.1	1	0	3	5	
2026-04-29 03:55:00	58.46304	17.6391	11	33	0	1	480	0	0	0.014	13.2	7	4.609	7.68	1028.7	4.9	91	105	1	0.4	0.8	1	0	3	5	
2026-04-29 04:05:00	58.46373	17.63907	11	34	0	1	480	0	0	0.014	13.2	7	4.596	7.68	1028.8	5.2	90	85	1	0.6	0.9	1	0	3	5	
2026-04-29 04:15:00	58.46415	17.63895	12	35	0	1	480	0	0	0.014	13.2	7	4.59	7.68	1028.8	5.1	90	110	1	0.8	1.1	1	0	3	5	
2026-04-29 04:35:00	58.46478	17.63841	11	37	0	3	480	0	0	0.014	13.3	8	4.583	7.67	1028.8	5.1	88	95	1	1.1	1.5	1	0	3	5	
2026-04-29 04:45:00	58.46556	17.63772	11	38	0	3	480	0	0	0.014	13.3	8	4.607	7.68	1028.9	5.2	87	115	1	0.7	1	1	0	3	5	
2026-04-29 05:15:00	58.46754	17.63406	12	41	0	3	480	0	0	0.014	13.4	9	4.604	7.67	1029.1	5.4	85	130	1	0.8	1.3	1	0	3	5	
2026-04-29 05:25:00	58.46862	17.6331	13	42	0	1	490	0	0	0.014	13.4	8	4.616	7.67	1029.2	5.4	86	95	1	0.7	1	1	0	3	5	
2026-04-29 05:35:00	58.46901	17.63283	11	43	0	2	490	0	0	0.014	13.4	9	4.64	7.68	1029.3	5.9	85	125	1	0.5	0.8	1	0	3	5	
2026-04-29 05:45:00	58.4691	17.63205	12	44	0	1	490	0	0	0.014	13.5	9	4.676	7.68	1029.3	6.2	83	115	1	0.4	0.6	1	0	3	5	
2026-04-29 06:05:00	58.47039	17.63196	12	46	0	3	480	0	0	0.014	13.5	10	4.707	7.69	1029.4	6.1	82	125	1	0.6	0.9	1	0	3	5	
2026-04-29 06:15:00	58.47108	17.63163	12	47	0	1	480	0	0	0.014	13.5	10	4.763	7.7	1029.5	6.3	81	130	1	0.5	0.8	1	0	3	5	
2026-04-29 06:25:00	58.47186	17.63148	13	48	0	1	490	0	0	0.014	13.5	10	4.833	7.71	1029.6	6	81	175	1	0.3	0.5	1	0	3	5	
2026-04-29 06:35:00	58.4724	17.63184	12	49	0	1	480	0	0	0.014	13.5	10	4.843	7.72	1029.6	6	81	135	1	0.8	1	1	0	3	5	
2026-04-29 06:45:00	58.47324	17.63202	12	50	0	1	480	0	0	0.014	13.5	10	4.949	7.74	1029.6	6.1	79	130	1	1	1.4	1	0	3	5	
2026-04-29 06:55:00	58.47432	17.63205	11	51	0	1	480	0	0	0.014	13.5	11	5.083	7.76	1029.8	5.8	79	130	1	0.8	1.1	1	0	3	5	
2026-04-29 07:05:00	58.47489	17.63118	12	52	0	1	480	0	0	0.016	13.6	11	5.058	7.76	1029.7	5.6	80	145	1	1	1.3	1	0	3	5	
2026-04-29 07:15:00	58.47492	17.6304	11	53	0	2	480	0	0	0.014	13.5	11	5.083	7.77	1029.7	5.3	80	130	1	1.9	2.2	1	0	3	5	
2026-04-29 07:25:00	58.4745	17.63004	12	54	0	1	480	0	0	0.014	13.5	12	5.044	7.76	1029.7	5.3	81	135	1	2.1	2.5	1	0	3	5	
2026-04-29 07:35:00	58.4742	17.62998	11	55	0	1	480	0	0	0.014	13.6	12	5.032	7.76	1029.8	5.2	79	130	1	2.4	2.8	1	0	3	5	
2026-04-29 07:45:00	58.47387	17.62998	11	56	0	1	480	0	0	0.014	13.6	12	5.024	7.76	1029.9	5.3	78	135	1	2.2	2.6	1	0	3	5	
2026-04-29 07:55:00	58.47375	17.62986	11	57	0	1	480	0	0	0.014	13.6	12	5.035	7.77	1029.9	5.3	78	140	1	2.2	3.2	1	0	3	5	
2026-04-29 08:05:00	58.4745	17.6304	11	58	0	1	480	0	0	0.014	13.8	12	5.022	7.78	1029.9	5.2	74	140	1	2.9	3.5	1	0	3	5	
2026-04-29 08:15:00	58.47363	17.62935	41	59	0	1	510	0	0	0.014	13.5	12	5.045	7.78	1029.9	5.2	74	150	1	3.2	3.7	1	0	3	5	
2026-04-29 08:25:00	58.47312	17.62833	11	0	0	1	480	0	0	0.014	13.3	12	5.035	7.78	1029.9	5.1	74	155	1	3.3	3.8	1	0	3	5	
2026-04-29 08:35:00	58.47264	17.62686	11	1	0	2	480	0	0	0.016	13.3	11	5.031	7.78	1030	5.1	74	160	1	2.9	3.6	1	0	3	5	
2026-04-29 08:45:00	58.47234	17.62524	12	2	0	2	480	0	0	0.014	13.5	11	5.018	7.77	1030	5.1	74	160	1	3.7	4.3	1	0	3	5	
2026-04-29 08:55:00	58.47186	17.6232	12	3	0	1	480	0	0	0.014	13.3	11	4.998	7.77	1030	5.1	76	165	1	3.5	4.3	1	0	3	5	
2026-04-29 09:05:00	58.47147	17.62104	12	4	0	2	480	0	0	0.016	13.2	11	4.976	7.76	1030.1	5.2	80	175	1	3	3.6	1	0	3	5	
2026-04-29 09:15:00	58.47273	17.62236	11	5	0	3	480	0	0	0.014	13.5	11	4.996	7.76	1030	5.1	77	170	1	3.4	4.1	1	0	3	5	
2026-04-29 09:25:00	58.47249	17.6196	12	6	0	1	480	0	0	0.014	13.3	11	5.033	7.78	1030	5.2	79	170	1	3.4	4.2	1	0	3	5	
2026-04-29 09:35:00	58.47249	17.61669	12	7	0	1	480	0	0	0.014	13.3	11	5.083	7.8	1030	5.1	78	160	1	3.6	4.5	1	0	3	5	
2026-04-29 09:45:00	58.47291	17.61732	11	8	0	1	480	0	0	0.016	13.5	11	5.076	7.79	1029.9	5.1	78	165	1	3.8	4.7	1	0	3	5	
2026-04-29 09:55:00	58.47375	17.61849	11	9	0	1	480	0	0	0.016	13.3	11	5.083	7.79	1030	5.1	78	170	1	4	4.8	1	0	3	5	
2026-04-29 10:05:00	58.47369	17.62377	12	10	0	2	480	0	0	0.016	13.2	11	5.048	7.79	1030	5.1	79	180	1	3.7	4.9	1	0	3	5	
2026-04-29 10:15:00	58.47366	17.62857	12	11	0	1	510	0	0	0.014	13.5	10	5.043	7.78	1030.1	5.1	77	185	1	4.3	5.9	1	0	3	5	
2026-04-29 10:25:00	58.47411	17.63049	11	12	0	1	480	0	0	0.014	13.3	10	4.999	7.77	1030.1	5.1	77	185	1	4.4	5.7	1	0	3	5	
2026-04-29 10:35:00	58.47504	17.6316	12	13	0	1	480	0	0	0.016	13.3	10	5.017	7.78	1030	5.1	77	180	1	4.6	5.9	1	0	3	5	
2026-04-29 10:45:00	58.47576	17.63247	11	14	0	1	480	0	0	0.014	13.5	10	5.021	7.78	1029.9	5.1	78	180	1	5	6.1	1	0	3	5	
2026-04-29 10:55:00	58.47642	17.62974	11	15	0	1	480	0	0	0.016	13.3	10	5.04	7.78	1029.8	5.1	78	180	1	4.9	6.6	1	0	3	5	
2026-04-29 11:05:00	58.47714	17.62563	11	16	0	1	480	0	0	0.014	13.2	10	5.098	7.8	1029.6	5.2	80	175	1	4.8	6.3	1	0	3	5	
2026-04-29 11:15:00	58.47765	17.62647	13	17	0	1	480	0	0	0.014	13.5	10	5.135	7.8	1029.6	5.2	81	180	1	4.5	6.4	1	0	3	5	
2026-04-29 11:25:00	58.47819	17.62404	11	18	0	1	480	0	0	0.014	13.3	10	5.229	7.82	1029.6	5.2	80	180	1	5.5	6.7	1	0	3	5	
2026-04-29 11:35:00	58.47852	17.62041	11	19	0	1	480	0	0	0.014	13.2	10	4.988	7.77	1029.4	5.1	78	175	1	5.5	7.1	1	0	3	5	
2026-04-29 11:45:00	58.47885	17.62164	11	20	0	1	480	0	0	0.014	13.5	10	5.029	7.78	1029.3	5.2	81	175	1	5.5	6.6	1	0	3	5	
2026-04-29 11:55:00	58.47876	17.62758	11	21	0	1	480	0	0	0.016	13.3	10	5.162	7.81	1029.3	5.2	79	180	1	5.3	7.1	1	0	3	5	
2026-04-29 12:05:00	58.47924	17.63073	12	22	0	1	490	0	0	0.014	13.3	10	5.115	7.8	1029.2	5.1	80	175	1	5.6	6.9	1	0	3	5	
2026-04-29 12:15:00	58.47888	17.63796	19	23	0	2	520	0	0	0.014	13.5	10	4.91	7.76	1029	5.1	82	180	1	6.1	7.5	1	0	3	5	
2026-04-29 12:25:00	58.47849	17.64456	12	24	0	2	480	0	0	0.014	13.3	10	4.94	7.76	1028.9	5.1	81	180	1	6	7.1	1	0	3	5	
2026-04-29 12:35:00	58.47801	17.65164	11	25	1	1	600	0	0	0.014	13.2	9	4.93	7.76	1029	5.1	82	185	1	5.6	7.2	1	0	3	7	
2026-04-29 12:50:00	58.47876	17.64645	11	26	0	1	600	0	0	0.014	13.4	9	4.807	7.73	1029	5.2	81	180	1	5.2	7	1	0	3	7	
2026-04-29 13:20:00	58.47999	17.64021	12	28	0	3	600	0	0	0.014	13.2	9	4.958	7.77	1028.7	5.2	81	185	1	5.9	7.2	1	0	3	7	
2026-04-29 13:35:00	58.48074	17.63379	12	29	0	2	600	0	0	0.014	13.5	9	4.975	7.77	1028.4	5.2	81	185	1	5.9	7.4	1	0	3	7	
2026-04-29 13:50:00	58.48182	17.63184	12	30	0	2	610	0	0	0.014	13.3	9	4.979	7.77	1028.3	5.2	81	190	1	6	7.4	1	0	3	7	
2026-04-29 14:05:00	58.48071	17.63958	13	31	0	1	610	0	0	0.014	13.2	8	4.882	7.75	1028.1	5.2	81	190	1	6.5	7.7	1	0	3	7	
2026-04-29 14:20:00	58.47867	17.64933	14	32	0	1	610	0	0	0.014	13.8	8	4.832	7.74	1028.2	5.2	81	195	1	6.2	7.8	1	0	3	7	
2026-04-29 14:35:00	58.47945	17.64888	15	33	0	1	610	0	0	0.014	13.3	8	4.843	7.74	1028	5.2	81	200	1	6.5	7.8	1	0	3	7	
2026-04-29 14:50:00	58.48131	17.64081	13	34	0	1	600	0	0	0.014	13.2	8	4.883	7.75	1027.8	5.3	80	195	1	6.4	7.6	1	0	3	7	
2026-04-29 15:05:00	58.47891	17.65029	17	35	0	2	640	0	0	0.014	13.6	8	4.808	7.74	1027.6	5.3	77	195	1	6.6	7.9	1	0	3	7	
2026-04-29 15:20:00	58.47777	17.65494	12	36	0	1	600	0	0	0.014	13.8	8	4.789	7.73	1027.6	5.4	76	195	1	6.2	8.1	1	0	3	7	
2026-04-29 15:35:00	58.47825	17.65452	12	37	0	1	600	0	0	0.014	13.3	8	4.807	7.74	1027.6	5.4	77	195	1	6.2	7.7	1	0	3	7	
2026-04-29 15:50:00	58.47966	17.64696	12	38	0	1	600	0	0	0.014	13.3	8	4.851	7.74	1027.5	5.5	74	190	1	6.5	8.1	1	0	3	7	
2026-04-29 16:05:00	58.48023	17.64603	12	39	0	2	600	0	0	0.014	13.3	8	4.837	7.74	1027.5	5.5	74	195	1	7.2	8.9	1	0	3	7	
2026-04-29 16:20:00	58.47996	17.65002	12	40	0	1	610	0	0	0.014	13.3	7	4.806	7.73	1027.2	5.4	76	190	1	6.6	7.9	1	0	3	7	
2026-04-29 16:35:00	58.47741	17.65899	11	41	0	1	600	0	0	0.014	13.3	7	4.684	7.71	1027.4	5.4	78	195	1	5.8	7.7	1	0	3	7	
2026-04-29 16:50:00	58.47906	17.65239	12	42	0	1	600	0	0	0.016	13.3	7	4.71	7.71	1027.3	5.5	78	200	1	6.8	8.5	1	0	3	7	
2026-04-29 17:20:00	58.48086	17.64636	13	44	0	3	610	0	0	0.016	13.2	7	4.707	7.71	1027	5.6	79	195	1	7.3	8.5	1	0	3	7	
2026-04-29 17:35:00	58.47774	17.65575	13	45	0	1	610	0	0	0.016	13.2	7	4.686	7.71	1027.1	5.5	80	200	1	6.5	8.1	1	0	3	7	
2026-04-29 17:50:00	58.4766	17.65947	13	46	0	1	610	0	0	0.014	13.2	7	4.684	7.71	1027.1	5.6	79	195	1	6.6	8.1	1	0	3	7	
2026-04-29 18:05:00	58.47528	17.66343	40	47	0	1	630	0	0	0.016	13.2	8	4.667	7.71	1027.2	5.6	80	200	1	7.3	8.7	1	0	3	7	
2026-04-29 18:20:00	58.47681	17.65581	12	48	0	1	600	0	0	0.014	13.2	7	4.661	7.7	1027.1	5.6	79	200	1	7.2	8.9	1	0	3	7	
2026-04-29 18:35:00	58.47633	17.65944	12	49	0	1	600	0	0	0.014	13.2	7	4.659	7.7	1027.1	5.7	78	205	1	6.1	7.5	1	0	3	7	
2026-04-29 18:50:00	58.47873	17.65515	12	50	0	1	600	0	0	0.016	13.2	7	4.642	7.7	1027	5.8	77	200	1	6.8	8.5	1	0	3	7	
2026-04-29 19:05:00	58.47618	17.66283	11	51	0	1	600	0	0	0.016	13.2	7	4.681	7.71	1026.9	5.7	79	200	1	6.9	8.4	1	0	3	7	
2026-04-29 19:20:00	58.4727	17.67204	12	52	0	1	600	0	0	0.014	13.2	7	4.75	7.72	1027	5.7	80	205	1	6.7	8.4	1	0	3	7	
2026-04-29 19:35:00	58.47504	17.66475	13	53	0	2	610	0	0	0.014	13.2	7	4.704	7.71	1026.9	5.6	81	205	1	6.1	7.8	1	0	3	7	
2026-04-29 19:50:00	58.47627	17.66136	13	54	0	1	610	0	0	0.016	13.2	7	4.685	7.71	1026.8	5.6	82	205	1	6.4	7.9	1	0	3	7	
2026-04-29 20:05:00	58.47855	17.65515	12	55	0	1	610	0	0	0.016	13.2	7	4.641	7.7	1026.6	5.6	84	200	1	6.1	7.7	1	0	3	7	
2026-04-29 20:20:00	58.47843	17.65653	12	56	0	1	640	0	0	0.016	13.2	7	4.642	7.7	1026.5	5.5	85	205	1	5.9	7	1	0	3	7	
2026-04-29 20:35:00	58.47597	17.66301	41	57	0	2	630	0	0	0.014	13.2	7	4.68	7.71	1026.6	5.5	86	205	1	5.5	7	1	0	3	7	
2026-04-29 20:50:00	58.47615	17.66577	12	58	0	2	600	0	0	0.014	13.2	7	4.67	7.7	1026.5	5.5	86	205	1	4.8	6	1	0	3	7	
2026-04-29 21:05:00	58.4742	17.67246	11	59	0	1	600	0	0	0.014	13.2	7	4.705	7.71	1026.6	5.5	87	210	1	5	6.1	1	0	3	7	
2026-04-29 21:20:00	58.47435	17.67573	11	0	0	1	600	0	0	0.016	13.2	7	4.682	7.7	1026.5	5.4	88	220	1	4.6	5.7	1	0	3	7	
2026-04-29 21:35:00	58.47708	17.67294	13	1	0	1	600	0	0	0.016	13.2	7	4.666	7.7	1026.5	5.4	88	220	1	3.8	5.2	1	0	3	7	
2026-04-29 21:50:00	58.47945	17.67021	12	2	0	1	600	0	0	0.014	13.2	7	4.662	7.69	1026.5	5.4	89	225	1	3.3	4.4	1	0	3	7	
2026-04-29 22:05:00	58.4805	17.67261	12	3	0	1	600	0	0	0.016	13.2	7	4.656	7.7	1026.5	5.4	90	220	1	3	4.2	1	0	3	7	
2026-04-29 22:20:00	58.47942	17.67552	12	4	0	1	630	0	0	0.014	13.2	7	4.654	7.7	1026.4	5.4	90	225	1	2.7	3.4	1	0	3	7	
2026-04-29 22:35:00	58.47963	17.6775	12	5	0	1	600	0	0	0.016	13.2	7	4.66	7.7	1026.5	5.5	90	215	1	2.1	3	1	0	3	7	
2026-04-29 22:50:00	58.47951	17.68029	11	6	0	1	600	0	0	0.016	13.2	7	4.662	7.7	1026.7	5.4	91	235	1	0.9	2	1	0	3	7	
2026-04-29 23:05:00	58.48017	17.68257	11	7	0	1	600	0	0	0.014	13.2	7	4.671	7.7	1026.8	5.5	91	260	1	0.9	1.7	1	0	3	7	
2026-04-29 23:20:00	58.48104	17.68452	12	8	0	1	600	0	0	0.014	13.2	7	4.67	7.7	1026.7	5.8	91	215	1	0.9	1.6	1	0	3	7	
2026-04-29 23:35:00	58.48104	17.68641	12	9	0	2	600	0	0	0.016	13.2	7	5.091	7.64	1026.5	5.5	91	185	1	1.2	2.3	1	0	3	7	
2026-04-30 00:20:00	58.4802	17.69085	13	12	0	3	610	0	0	0.016	13.2	7	5.374	7.56	1026	5.3	92	210	1	1.4	2	1	0	3	7	
2026-04-30 00:35:00	58.47984	17.69352	13	13	0	2	610	0	0	0.014	13.2	7	5.019	7.63	1026	5.3	92	220	1	1.5	2.3	1	0	3	7	
2026-04-30 01:05:00	58.48116	17.6997	14	15	0	3	610	0	0	0.014	13.2	7	4.921	7.64	1025.9	5.4	92	215	1	0.9	1.5	1	0	3	7	
2026-04-30 01:35:00	58.48122	17.70024	19	17	0	3	640	0	0	0.014	13.2	8	5.216	7.58	1025.7	5.5	92	205	1	0.8	1.5	1	0	3	7	
2026-04-30 01:50:00	58.48149	17.69997	11	18	0	2	600	0	0	0.016	13.2	7	5.208	7.58	1025.8	5.5	92	230	1	1.4	2	1	0	3	7	
2026-04-30 02:05:00	58.48155	17.70126	11	19	0	3	600	0	0	0.014	13.2	7	4.882	7.65	1025.7	5.4	92	200	1	1.6	2.3	1	0	3	7	
2026-04-30 02:20:00	58.48188	17.70183	11	20	0	1	600	0	0	0.014	13.2	7	4.855	7.64	1025.7	5.2	93	170	1	1	2	1	0	3	7	
2026-04-30 02:35:00	58.4829	17.70144	13	21	0	1	610	0	0	0.014	13.2	7	4.984	7.6	1025.8	5.1	93	205	1	1.3	1.9	1	0	3	7	
2026-04-30 02:50:00	58.48326	17.69946	13	22	0	2	610	0	0	0.016	13.2	7	5.296	7.54	1025.7	5.4	92	210	1	1.4	2	1	0	3	7	
2026-04-30 03:05:00	58.48452	17.69643	14	23	0	1	610	0	0	0.014	13.2	7	5.354	7.53	1025.7	5.4	92	200	1	1.2	1.9	1	0	3	7	
2026-04-30 03:20:00	58.48515	17.69604	41	24	0	1	630	0	0	0.014	13.2	8	5.328	7.53	1025.7	5.7	92	225	1	1.1	1.6	1	0	3	7	
2026-04-30 03:35:00	58.48554	17.69775	11	25	0	1	600	0	0	0.014	13.2	7	5.266	7.54	1025.8	5.8	91	250	1	1.7	2.1	1	0	3	7	
2026-04-30 03:50:00	58.48437	17.6973	13	26	0	1	610	0	0	0.014	13.2	7	5.207	7.54	1025.8	5.9	90	280	1	1.5	1.9	1	0	3	7	
2026-04-30 04:05:00	58.48245	17.69721	13	27	0	1	600	0	0	0.014	13.2	7	4.849	7.59	1025.8	5.9	89	290	1	1.5	1.9	1	0	3	7	
2026-04-30 04:20:00	58.48095	17.69694	12	28	0	3	610	0	0	0.014	13.2	8	4.762	7.64	1026	5.8	89	295	1	2	2.5	1	0	3	7	
2026-04-30 04:35:00	58.47897	17.69613	13	29	0	1	610	0	0	0.014	13.2	7	4.755	7.69	1025.9	5.9	89	290	1	2.6	3.2	1	0	3	7	
2026-04-30 04:50:00	58.47624	17.69418	11	30	0	1	600	0	0	0.014	13.2	7	4.721	7.7	1025.9	5.8	89	285	1	2.6	3.5	1	0	3	7	
2026-04-30 05:05:00	58.47417	17.69127	11	31	0	2	610	0	0	0.014	13.3	7	4.68	7.7	1026	5.8	90	290	1	2.8	3.9	1	0	3	7	
2026-04-30 05:20:00	58.4724	17.68857	41	32	0	1	630	0	0	0.016	13.3	8	4.71	7.7	1026	5.8	90	290	1	3.1	3.9	1	0	3	7	
2026-04-30 05:35:00	58.47111	17.68581	11	33	0	1	600	0	0	0.016	13.4	8	4.744	7.71	1026.1	5.8	90	285	1	2.7	3.3	1	0	3	7	
2026-04-30 05:50:00	58.46958	17.68266	11	34	0	1	600	0	0	0.014	13.4	8	4.826	7.72	1026.1	5.8	90	300	1	2.5	3	1	0	3	7	
2026-04-30 06:20:00	58.4673	17.68068	11	36	0	3	600	0	0	0.014	13.4	8	4.823	7.71	1026.3	5.9	90	300	1	2.1	2.7	1	0	3	7	
2026-04-30 06:35:00	58.46559	17.68038	11	37	0	1	600	0	0	0.014	13.5	8	4.869	7.72	1026.3	5.9	90	300	1	2	2.6	1	0	3	7	
2026-04-30 06:50:00	58.46397	17.67963	11	38	0	1	600	0	0	0.014	13.5	8	4.947	7.74	1026.3	6	90	300	1	2.1	2.5	1	0	3	7	
2026-04-30 07:05:00	58.46226	17.67906	12	39	0	1	600	0	0	0.014	13.6	9	5.019	7.75	1026.3	6	90	290	1	2.7	3.1	1	0	3	7	
2026-04-30 07:20:00	58.46082	17.67804	13	40	0	1	610	0	0	0.014	13.4	9	5.019	7.75	1026.3	6	90	290	1	2.6	3.2	1	0	3	7	
2026-04-30 07:35:00	58.45968	17.67621	18	41	0	1	640	0	0	0.014	13.5	9	5.035	7.75	1026.5	6	90	290	1	2.9	3.4	1	0	3	7	
2026-04-30 07:50:00	58.4583	17.67345	11	42	0	1	600	0	0	0.014	13.5	9	5.033	7.75	1026.4	6.1	90	295	1	2.6	3.2	1	0	3	7	
2026-04-30 08:05:00	58.45671	17.6721	11	43	0	1	600	0	0	0.014	13.4	9	5.061	7.77	1026.5	6.3	89	285	1	2.3	2.8	1	0	3	7	
2026-04-30 08:20:00	58.45503	17.67132	11	44	0	2	600	0	0	0.014	13.5	9	5.066	7.77	1026.5	6.2	90	285	1	2.6	3.3	1	0	3	7	
2026-04-30 08:50:00	58.4538	17.66922	12	46	0	3	600	0	0	0.014	13.5	10	5.154	7.78	1026.4	6.5	89	275	1	1.9	2.4	1	0	3	7	
2026-04-30 09:05:00	58.45407	17.67069	12	47	0	1	600	0	0	0.014	13.3	10	5.224	7.81	1026.4	6.6	89	275	1	2	2.3	1	0	3	7	
2026-04-30 09:20:00	58.45338	17.67627	12	48	0	1	600	0	0	0.014	13.6	10	5.36	7.84	1026.3	6.7	89	270	1	2.1	2.6	1	0	3	7	
2026-04-30 09:35:00	58.4523	17.67711	12	49	0	1	600	0	0	0.016	13.3	10	5.381	7.85	1026.4	6.7	89	270	1	2.1	2.8	1	0	3	7	
2026-04-30 09:50:00	58.45365	17.68023	12	50	0	1	600	0	0	0.014	13.3	11	5.514	7.87	1026.5	7	89	275	1	2.3	2.6	1	0	3	7	
2026-04-30 10:05:00	58.45227	17.68323	40	51	0	1	630	0	0	0.014	13.5	11	5.464	7.86	1026.5	7.2	88	270	1	1.8	2.2	1	0	3	7	
2026-04-30 10:20:00	58.45173	17.68341	12	52	0	1	600	0	0	0.014	13.3	11	5.614	7.89	1026.3	7.4	87	280	1	3.6	4.1	1	0	3	7	
2026-04-30 10:35:00	58.45038	17.68731	12	53	0	1	600	0	0	0.016	13.4	11	5.537	7.88	1026.4	7.3	87	265	1	2.7	3.5	1	0	3	7	
2026-04-30 10:50:00	58.44912	17.68704	11	54	0	1	600	0	0	0.016	13.3	11	5.533	7.87	1026.4	7.2	88	260	1	2.5	2.9	1	0	3	7	
2026-04-30 11:05:00	58.44882	17.68803	12	55	0	1	600	0	0	0.014	13.6	10	5.566	7.88	1026.4	7.3	88	250	1	2.3	2.8	1	0	3	7	
2026-04-30 11:20:00	58.44768	17.68983	12	56	0	1	600	0	0	0.014	13.3	10	5.66	7.9	1026.2	7.2	88	250	1	1.9	2.4	1	0	3	7	
2026-04-30 11:35:00	58.44675	17.69118	12	57	0	1	600	0	0	0.014	13.2	10	5.739	7.91	1026.2	7.6	87	225	1	1.2	1.6	1	0	3	7	
2026-04-30 11:50:00	58.44771	17.69385	12	58	0	1	600	0	0	0.014	13.5	10	5.84	7.94	1026	7.5	88	225	1	1.9	2.2	1	0	3	7	
2026-04-30 12:05:00	58.44891	17.69274	12	59	0	1	630	0	0	0.016	13.3	11	5.886	7.95	1025.9	7.7	87	230	1	2.1	2.5	1	0	3	7	
2026-04-30 12:20:00	58.44942	17.69331	12	0	0	1	600	0	0	0.016	13.4	12	5.898	7.95	1025.9	7.9	86	225	1	1.7	1.9	1	0	3	7	
2026-04-30 13:05:00	58.45302	17.68956	12	3	0	3	600	0	0	0.016	13.3	13	6.022	7.96	1025.6	8	86	215	1	2	2.4	1	0	3	7	
2026-04-30 13:35:00	58.455	17.68803	11	5	0	3	600	0	0	0.014	13.3	13	6.112	7.99	1025.6	8.1	86	200	1	2	2.3	1	0	3	7	
2026-04-30 13:50:00	58.45572	17.68545	12	6	0	1	600	0	0	0.014	13.6	13	6.093	7.98	1025.6	8.1	86	195	1	1.9	2.2	1	0	3	7	
2026-04-30 14:05:00	58.4562	17.6826	11	7	0	2	600	0	0	0.014	13.3	13	6.12	8	1025.5	7.8	87	175	1	2.1	2.4	1	0	3	7	
2026-04-30 14:20:00	58.45623	17.67942	12	8	0	1	600	0	0	0.016	13.2	12	6.162	8.01	1025.4	7.8	87	185	1	2.1	2.4	1	0	3	7	
2026-04-30 14:35:00	58.45671	17.67684	11	9	0	1	600	0	0	0.014	13.5	12	6.165	8.01	1025.3	8	86	200	1	2.3	2.7	1	0	3	7	
2026-04-30 14:50:00	58.4577	17.67702	12	10	0	1	600	0	0	0.014	13.4	12	6.218	8.03	1025.3	8	86	200	1	2.5	2.9	1	0	3	7	
2026-04-30 15:05:00	58.45878	17.67411	41	11	0	1	630	0	0	0.016	13.3	12	6.222	8.03	1025.2	8	86	210	1	2.5	3	1	0	3	7	
2026-04-30 15:20:00	58.4598	17.67531	11	12	0	1	600	0	0	0.014	13.7	11	6.24	8.04	1025.2	8.2	84	205	1	2.5	2.9	1	0	3	7	
2026-04-30 15:35:00	58.46106	17.67285	11	13	0	1	600	0	0	0.014	13.3	11	6.186	8.02	1025.1	8.6	81	200	1	3.4	4.1	1	0	3	7	
2026-04-30 15:50:00	58.46211	17.67201	11	14	0	1	600	0	0	0.014	13.7	11	6.163	8.02	1025.1	8.2	84	195	1	3.3	3.9	1	0	3	7	
2026-04-30 16:05:00	58.46313	17.66844	11	15	0	1	600	0	0	0.014	13.4	10	6.127	8.01	1024.9	7.7	87	195	1	2.5	2.9	1	0	3	7	
2026-04-30 16:20:00	58.46448	17.66601	11	16	0	1	600	0	0	0.014	13.3	10	6.185	8.02	1024.9	8	84	205	1	3.3	4.1	1	0	3	7	
2026-04-30 16:35:00	58.46523	17.66934	11	17	0	1	600	0	0	0.014	13.5	10	6.15	8.02	1024.7	8	84	205	1	3.1	3.8	1	0	3	7	
2026-04-30 16:50:00	58.46451	17.67354	11	18	0	1	600	0	0	0.014	13.8	10	5.833	7.95	1024.6	8.1	84	210	1	3.5	4.6	1	0	3	7	
2026-04-30 17:05:00	58.4652	17.67594	11	19	0	1	600	0	0	0.014	13.8	10	5.734	7.93	1024.6	7.9	84	215	1	3.5	4.3	1	0	3	7	
2026-04-30 17:20:00	58.46478	17.67975	12	20	0	1	600	0	0	0.014	13.5	9	5.76	7.93	1024.6	7.6	86	215	1	3.8	4.8	1	0	3	7	
2026-04-30 17:35:00	58.46346	17.68416	12	21	0	1	600	0	0	0.014	13.3	9	5.743	7.92	1024.6	7.6	86	225	1	4.3	5.2	1	0	3	7	
2026-04-30 17:50:00	58.46376	17.68656	11	22	0	2	600	0	0	0.014	13.3	9	5.722	7.92	1024.6	7.7	85	225	1	4.1	5.3	1	0	3	7	
2026-04-30 18:05:00	58.46241	17.69067	40	23	0	1	630	0	0	0.014	13.2	9	5.837	7.94	1024.7	7.4	86	225	1	4.1	5	1	0	3	7	
2026-04-30 18:20:00	58.46397	17.69133	12	24	0	1	600	0	0	0.014	13.2	9	5.639	7.9	1024.8	7.2	87	225	1	3.4	4.5	1	0	3	7	
2026-04-30 18:35:00	58.4664	17.68983	12	25	0	1	600	0	0	0.016	13.2	9	5.57	7.88	1024.8	7.3	87	220	1	3.7	4.7	1	0	3	7	
2026-04-30 18:50:00	58.46814	17.69061	12	26	0	1	600	0	0	0.014	13.2	9	5.582	7.89	1024.8	7.1	87	210	1	2.9	4.2	1	0	3	7	
2026-04-30 19:05:00	58.46961	17.69193	12	27	0	1	600	0	0	0.016	13.2	8	5.571	7.89	1024.9	7.2	87	215	1	4	4.7	1	0	3	7	
2026-04-30 19:20:00	58.4715	17.69034	12	28	0	1	600	0	0	0.016	13.2	8	5.527	7.87	1024.8	6.9	88	190	1	3.1	3.9	1	0	3	7	
2026-04-30 19:35:00	58.47354	17.69211	12	29	0	1	600	0	0	0.016	13.2	8	5.404	7.85	1024.8	7	87	210	1	3.5	4.6	1	0	3	7	
2026-04-30 19:50:00	58.47534	17.69121	12	30	0	1	600	0	0	0.016	13.2	8	5.434	7.86	1024.9	7	88	215	1	4	5	1	0	3	7	
2026-04-30 20:05:00	58.47657	17.69226	12	31	0	2	600	0	0	0.016	13.2	8	5.442	7.86	1024.8	7	88	215	1	4.4	5.3	1	0	3	7	
2026-04-30 20:35:00	58.47594	17.70144	35	33	0	3	630	0	0	0.014	13.2	8	5.433	7.86	1024.6	7.2	87	225	1	4.2	5.4	1	0	3	7	
2026-04-30 20:50:00	58.47846	17.69988	11	34	0	2	600	0	0	0.014	13.2	8	5.348	7.83	1024.5	7.1	87	220	1	3.7	5.2	1	0	3	7	
2026-04-30 21:05:00	58.48026	17.6982	11	35	0	1	600	0	0	0.016	13.2	8	5.331	7.83	1024.5	7.1	87	215	1	3.9	4.6	1	0	3	7	
2026-04-30 21:20:00	58.48083	17.70222	12	36	0	1	600	0	0	0.014	13.2	8	5.243	7.82	1024.5	7.3	86	220	1	4.6	5.4	1	0	3	7	
2026-04-30 21:35:00	58.47912	17.70693	11	37	0	1	600	0	0	0.014	13.2	8	5.341	7.84	1024.4	7.7	84	220	1	4.8	5.8	1	0	3	7	
2026-04-30 21:50:00	58.47906	17.7114	12	38	0	1	600	0	0	0.014	13.2	8	5.323	7.83	1024.4	7.8	84	220	1	4.5	5.5	1	0	3	7	
2026-04-30 22:05:00	58.48164	17.70996	13	39	0	1	610	0	0	0.014	13.2	8	5.357	7.84	1024.3	7.4	86	225	1	4.1	5.1	1	0	3	7	
2026-04-30 22:20:00	58.48308	17.71035	12	40	0	1	630	0	0	0.016	13.2	8	5.266	7.82	1024.2	7.2	87	225	1	4.2	5.3	1	0	3	7	
2026-04-30 22:35:00	58.48332	17.71413	11	41	0	1	600	0	0	0.014	13.2	8	5.312	7.83	1024.1	7.3	87	240	1	4.3	5.2	1	0	3	7	
2026-04-30 22:50:00	58.48089	17.71788	12	42	0	1	600	0	0	0.016	13.2	8	5.268	7.82	1024.2	7.2	88	245	1	4.2	5.1	1	0	3	7	
2026-04-30 23:05:00	58.48062	17.7213	12	43	0	1	600	0	0	0.016	13.2	8	5.244	7.81	1024.1	7	88	240	1	3.3	4.1	1	0	3	7	
2026-04-30 23:20:00	58.47936	17.72472	12	44	0	1	600	0	0	0.014	13.2	8	5.261	7.82	1024	7.1	88	245	1	3.8	4.6	1	0	3	7	
2026-04-30 23:35:00	58.47918	17.72727	11	45	0	1	600	0	0	0.014	13.2	8	5.273	7.82	1024	7.2	88	250	1	3.5	4.3	1	0	3	7	
2026-04-30 23:50:00	58.47762	17.73021	12	46	0	3	600	0	0	0.014	13.2	8	5.298	7.82	1023.8	7.2	87	250	1	4	5.1	1	0	3	7	
2026-05-01 00:05:00	58.47534	17.73261	11	47	0	1	600	0	0	0.014	13.2	8	5.357	7.84	1023.8	7.2	87	250	1	3.2	4.1	1	0	3	7	
2026-05-01 00:20:00	58.47588	17.73564	12	48	0	1	610	0	0	0.014	13.2	8	5.35	7.84	1023.7	7.1	88	250	1	2.9	3.8	1	0	3	7	
2026-05-01 00:50:00	58.47477	17.74134	13	50	0	3	610	0	0	0.016	13.2	8	5.089	7.77	1023.6	6.9	88	250	1	3.5	4.3	1	0	3	7	
2026-05-01 01:05:00	58.47318	17.74347	13	51	0	1	610	0	0	0.014	13.2	8	4.908	7.71	1023.5	7.1	86	255	1	3.4	4.2	1	0	3	7	
2026-05-01 01:20:00	58.47306	17.74605	36	52	0	1	630	0	0	0.016	13.2	8	4.843	7.69	1023.5	7.2	84	245	1	3.4	4.3	1	0	3	7	
2026-05-01 01:35:00	58.47135	17.74857	11	53	0	2	600	0	0	0.016	13.2	8	4.821	7.68	1023.5	7.3	83	260	1	4.1	4.8	1	0	3	7	
2026-05-01 01:50:00	58.46844	17.74887	11	54	0	1	600	0	0	0.014	13.2	8	4.927	7.7	1023.5	7.4	82	260	1	4.1	4.8	1	0	3	7	
2026-05-01 02:05:00	58.46982	17.75115	11	55	0	1	600	0	0	0.014	13.2	8	4.892	7.7	1023.4	7.3	82	260	1	3.8	4.6	1	0	3	7	
2026-05-01 02:20:00	58.47285	17.75145	11	56	0	1	600	0	0	0.016	13.2	7	4.822	7.68	1023.4	7.1	84	260	1	3.3	3.9	1	0	3	7	
2026-05-01 02:35:00	58.47459	17.75319	12	57	0	2	600	0	0	0.014	13.2	7	4.838	7.69	1023.3	6.7	87	260	1	2.5	3.4	1	0	3	7	
2026-05-01 02:50:00	58.47489	17.75586	12	58	0	1	600	0	0	0.014	13.2	7	4.804	7.68	1023.3	6.5	87	265	1	1.9	2.6	1	0	3	7	
2026-05-01 03:05:00	58.47408	17.7573	12	59	0	1	600	0	0	0.014	13.2	7	4.806	7.68	1023.2	6.4	88	285	1	1.1	1.6	1	0	3	7	
2026-05-01 03:20:00	58.47408	17.75985	17	0	0	1	610	0	0	0.016	13.2	7	4.795	7.68	1023.1	6.5	88	260	1	1.2	2	1	0	3	7	
2026-05-01 03:35:00	58.4742	17.76282	13	1	0	1	600	0	0	0.014	13.2	7	4.825	7.68	1023.1	6.6	88	265	1	2	2.4	1	0	3	7	
2026-05-01 03:50:00	58.47432	17.76465	14	2	0	1	610	0	0	0.016	13.2	7	4.849	7.68	1023.2	6.6	88	270	1	1.6	2.1	1	0	3	7	
2026-05-01 04:20:00	58.47405	17.76747	11	4	0	3	600	0	0	0.016	13.3	8	4.884	7.69	1023.1	6.8	87	255	1	1.2	1.9	1	0	3	7	
2026-05-01 04:35:00	58.47435	17.77161	12	5	0	1	600	0	0	0.014	13.3	8	4.907	7.69	1023.1	6.6	88	240	1	1.4	1.8	1	0	3	7	
2026-05-01 05:05:00	58.47429	17.77581	11	7	0	3	600	0	0	0.014	13.3	8	4.932	7.69	1023.1	6.5	89	260	1	2	2.4	1	0	3	7	
2026-05-01 05:20:00	58.47333	17.77581	14	8	0	1	610	0	0	0.014	13.4	8	5.016	7.71	1023.1	6.6	89	260	1	2.3	2.8	1	0	3	7	
2026-05-01 05:35:00	58.47306	17.77614	13	9	0	1	610	0	0	0.014	13.4	8	5.037	7.72	1023.1	6.7	88	235	1	1.7	2.3	1	0	3	7	
2026-05-01 05:50:00	58.47243	17.77686	13	10	0	1	610	0	0	0.014	13.4	9	5.097	7.74	1023.1	6.7	89	255	1	2	2.5	1	0	3	7	
2026-05-01 06:05:00	58.47141	17.77671	13	11	0	1	610	0	0	0.014	13.5	9	5.185	7.74	1023	6.6	89	235	1	2.5	2.9	1	0	3	7	
2026-05-01 06:20:00	58.47273	17.77788	17	12	0	2	800	0	0	0.014	13.5	9	5.175	7.75	1023	6.5	90	245	1	2.9	3.4	1	0	3	7	
2026-05-01 06:35:00	58.47516	17.77632	11	13	0	1	600	0	0	0.014	13.5	10	5.114	7.74	1023	6.5	90	240	1	2.2	2.6	1	0	3	7	
2026-05-01 06:50:00	58.47648	17.77629	11	14	0	1	600	0	0	0.014	13.5	9	5.115	7.75	1022.9	6.5	90	240	1	2.6	3.1	1	0	3	7	
2026-05-01 07:05:00	58.47873	17.77548	11	15	0	1	600	0	0	0.014	13.5	9	5.072	7.74	1022.9	6.6	90	235	1	2.6	3.2	1	0	3	7	
2026-05-01 07:20:00	58.48098	17.77365	11	16	0	1	600	0	0	0.014	13.5	10	5.016	7.72	1022.8	6.6	89	235	1	2.7	3.1	1	0	3	7	
2026-05-01 07:35:00	58.48245	17.7744	12	17	0	1	600	0	0	0.014	13.5	10	5.026	7.73	1022.8	6.6	89	240	1	2.5	3.1	1	0	3	7	
2026-05-01 07:50:00	58.48497	17.77317	12	18	0	1	600	0	0	0.014	13.5	10	5.127	7.75	1022.7	6.6	90	225	1	2.6	3.2	1	0	3	7	
2026-05-01 08:05:00	58.48647	17.7744	11	19	0	1	600	0	0	0.014	13.5	10	5.173	7.76	1022.7	6.6	90	225	1	3.1	3.8	1	0	3	7	
2026-05-01 08:20:00	58.48878	17.77203	12	20	0	1	600	0	0	0.014	13.7	10	6.002	7.92	1022.6	6.8	90	210	1	2.8	3.3	1	0	3	7	
2026-05-01 08:35:00	58.49016	17.77161	12	21	0	1	600	0	0	0.014	13.5	11	6.084	7.93	1022.4	7	90	210	1	2.5	3.3	1	0	3	7	
2026-05-01 09:20:00	58.49613	17.76729	13	24	0	3	610	0	0	0.016	13.4	11	6.591	7.94	1022.2	7.2	89	210	1	3.3	4	1	0	3	7	
2026-05-01 09:35:00	58.49796	17.76471	13	25	0	1	610	0	0	0.016	13.3	11	6.667	7.95	1022.2	7.3	88	205	1	3.8	4.5	1	0	3	7	
2026-05-01 09:50:00	58.49937	17.76603	12	26	0	1	600	0	0	0.016	13.4	11	6.63	7.97	1022.1	7.5	87	215	1	4.1	5.2	1	0	3	7	
2026-05-01 10:05:00	58.50156	17.76378	40	27	0	1	630	0	0	0.014	13.3	12	6.661	7.98	1022	7.7	85	205	1	3.9	5	1	0	3	7	
2026-05-01 10:20:00	58.50279	17.76513	12	28	0	2	600	0	0	0.016	13.4	11	6.731	7.99	1021.8	7.7	85	210	1	4.3	5.3	1	0	3	7	
2026-05-01 10:35:00	58.50507	17.7651	12	29	0	1	600	0	0	0.014	13.3	11	6.75	7.98	1021.7	7.7	86	205	1	4.1	5.3	1	0	3	7	
2026-05-01 10:50:00	58.50747	17.76405	11	30	0	1	600	0	0	0.014	13.4	11	6.971	7.99	1021.6	7.8	86	205	1	3.9	4.8	1	0	3	7	
2026-05-01 11:05:00	58.50948	17.76642	11	31	0	1	600	0	0	0.014	13.3	11	6.901	7.98	1021.6	8.1	84	205	1	4.3	5.5	1	0	3	7	
2026-05-01 11:20:00	58.51173	17.76537	11	32	0	1	600	0	0	0.016	13.4	11	6.958	7.97	1021.4	8.4	83	205	1	5.1	6.3	1	0	3	7	
2026-05-01 11:35:00	58.51329	17.76774	12	33	0	1	600	0	0	0.014	13.3	11	6.867	7.96	1021.3	8.2	83	210	1	5	6.1	1	0	3	7	
2026-05-01 11:50:00	58.51527	17.76612	13	34	0	1	600	0	0	0.016	13.2	11	6.834	7.96	1021.2	8.6	82	205	1	5.5	6.7	1	0	3	7	
2026-05-01 12:05:00	58.51671	17.76753	13	35	0	1	640	0	0	0.014	13.5	11	6.957	7.96	1021	8.2	84	210	1	5.4	6.4	1	0	3	7	
2026-05-01 12:20:00	58.51923	17.76651	12	36	0	2	600	0	0	0.014	13.3	11	6.845	7.92	1020.9	8.4	83	210	1	4.7	5.8	1	0	3	7	
2026-05-01 12:35:00	58.52133	17.76747	12	37	0	2	600	0	0	0.014	13.2	11	6.763	7.91	1020.7	8.9	80	215	1	5.1	6.6	1	0	3	7	
2026-05-01 12:50:00	58.51929	17.77731	12	38	0	1	600	0	0	0.014	13.5	11	6.696	7.94	1020.5	8.6	81	215	1	4.3	5.4	1	0	3	7	
2026-05-01 13:20:00	58.51965	17.7855	13	40	0	3	610	0	0	0.014	13.2	11	6.627	7.94	1020.2	8.6	82	215	1	4.9	5.7	1	0	3	7	
2026-05-01 13:35:00	58.52115	17.78496	41	41	0	1	630	0	0	0.014	13.5	11	6.783	7.94	1019.9	8.9	82	220	1	5.6	6.6	1	0	3	7	
2026-05-01 13:50:00	58.5204	17.79114	12	42	0	3	600	0	0	0.014	13.3	11	6.749	7.95	1019.7	8.9	82	220	1	4.3	5	1	0	3	7	
2026-05-01 14:05:00	58.51749	17.79954	14	43	0	1	610	0	0	0.014	13.2	11	6.578	7.97	1019.7	9	81	225	1	3.8	4.8	1	0	3	7	
2026-05-01 14:20:00	58.51689	17.80536	13	44	0	1	600	0	0	0.014	13.6	11	6.486	7.97	1019.5	9.7	77	230	1	4.3	5.1	1	0	3	7	
2026-05-01 14:35:00	58.51467	17.81211	12	45	0	1	600	0	0	0.016	13.3	10	6.112	7.95	1019.4	9.6	77	240	1	3.8	4.6	1	0	3	7	
2026-05-01 14:50:00	58.51197	17.81763	11	46	0	1	600	0	0	0.016	13.2	10	5.988	7.95	1019.3	10.1	75	240	1	4.1	5.1	1	0	3	7	
2026-05-01 15:05:00	58.51119	17.82252	12	47	0	1	600	0	0	0.014	13.7	10	5.973	7.96	1019.1	9.9	74	235	1	4.4	5.1	1	0	3	7	
2026-05-01 15:20:00	58.5084	17.8281	11	48	0	1	610	0	0	0.014	13.3	10	5.283	7.79	1019.1	9.4	75	235	1	3.9	4.9	1	0	3	7	
2026-05-01 15:35:00	58.50792	17.83263	12	49	0	1	610	0	0	0.014	13.2	10	5.178	7.76	1019.1	9.8	75	235	1	3.6	4.4	1	0	3	7	
2026-05-01 15:50:00	58.50954	17.8335	12	50	0	1	610	0	0	0.014	13.8	10	6.046	7.97	1018.9	10	74	235	1	4.2	5	1	0	3	7	
2026-05-01 16:05:00	58.51113	17.83275	40	51	0	1	630	0	0	0.014	13.7	10	6.538	8	1018.7	10.3	73	240	1	4.1	4.9	1	0	3	7	
2026-05-01 16:20:00	58.51032	17.84391	11	52	0	2	600	0	0	0.014	13.3	10	6.11	7.98	1018.7	10.7	72	240	1	4.2	5	1	0	3	7	
2026-05-01 16:35:00	58.51251	17.85303	11	53	0	1	600	0	0	0.014	13.4	10	6.533	7.97	1018.6	11.7	66	245	1	5.8	7.2	1	0	3	7	
2026-05-01 16:50:00	58.51485	17.85111	12	54	0	1	600	0	0	0.014	13.4	10	6.906	7.93	1018.6	11.6	67	245	1	6.3	7.5	1	0	3	7	
2026-05-01 17:05:00	58.51575	17.85093	12	55	0	1	600	0	0	0.014	13.4	10	6.891	7.91	1018.5	11	69	245	1	5.4	6.4	1	0	3	7	
2026-05-01 17:35:00	58.52019	17.85036	12	57	0	3	600	0	0	0.014	13.3	10	6.806	7.76	1018.5	11.3	67	255	1	5.4	6.3	1	0	3	7	
2026-05-01 17:50:00	58.51536	17.85189	12	58	0	1	610	0	0	0.014	13.3	10	6.843	7.86	1018.4	11.1	67	250	1	5.7	7	1	0	3	7	
2026-05-01 18:05:00	58.51278	17.85285	13	59	0	1	610	0	0	0.014	13.2	9	6.781	7.91	1018.4	11.1	67	245	1	5.5	6.7	1	0	3	7	
2026-05-01 18:20:00	58.51563	17.85039	41	0	0	1	630	0	0	0.014	13.2	10	6.739	7.84	1018.7	11	67	245	1	5.5	6.7	1	0	3	7	
2026-05-01 18:35:00	58.51614	17.8497	12	1	0	1	600	0	0	0.014	13.2	9	6.715	7.83	1018.7	11.1	66	250	1	5.7	7.3	1	0	3	7	
2026-05-01 18:50:00	58.51965	17.84859	13	2	0	1	600	0	0	0.014	13.2	9	6.567	7.7	1018.8	11.2	65	255	1	6.8	8	1	0	3	7	
2026-05-01 19:05:00	58.52085	17.84922	12	3	0	1	600	0	0	0.014	13.2	9	6.477	7.67	1018.9	11.1	66	260	1	6.4	7.7	1	0	3	7	
2026-05-01 19:20:00	58.51572	17.84961	12	4	0	1	600	0	0	0.014	13.2	9	6.605	7.8	1018.8	11	67	255	1	6	7.7	1	0	3	7	
2026-05-01 19:35:00	58.51278	17.84997	13	5	0	1	610	0	0	0.014	13.2	9	6.594	7.84	1018.7	10.9	67	250	1	6.5	7.7	1	0	3	7	
2026-05-01 19:50:00	58.51686	17.84775	14	6	0	2	610	0	0	0.016	13.2	9	6.425	7.74	1018.8	11.1	66	260	1	6.7	8	1	0	3	7	
2026-05-01 20:05:00	58.51854	17.84781	14	7	0	1	610	0	0	0.014	13.2	9	6.347	7.7	1018.8	10.5	68	255	1	6.1	7.4	1	0	3	7	
2026-05-01 20:20:00	58.51929	17.84862	13	8	0	3	610	0	0	0.016	13.2	9	6.261	7.69	1018.7	10.3	69	260	1	5.9	7.4	1	0	3	7	
2026-05-01 20:50:00	58.51356	17.84994	15	10	0	3	610	0	0	0.016	13.2	9	6.332	7.78	1018.8	10.4	68	255	1	6.1	7.4	1	0	3	7	
2026-05-01 21:05:00	58.51494	17.85297	21	11	0	2	630	0	0	0.014	13.2	9	6.257	7.76	1018.7	9.6	73	255	1	5.4	6.3	1	0	3	7	
2026-05-01 21:20:00	58.51857	17.85216	20	12	0	1	630	0	0	0.016	13.2	9	6.149	7.7	1018.7	9.9	71	265	1	5.5	6.8	1	0	3	7	
2026-05-01 21:35:00	58.51773	17.85672	12	13	0	1	600	0	0	0.016	13.2	9	6.163	7.7	1018.6	9.8	71	260	1	5.5	7	1	0	3	7	
2026-05-01 21:50:00	58.51365	17.85843	12	14	0	1	610	0	0	0.014	13.2	9	6.224	7.77	1018.5	9.6	72	255	1	5.4	6.4	1	0	3	7	
2026-05-01 22:05:00	58.51251	17.8605	12	15	0	1	600	0	0	0.014	13.2	9	6.261	7.79	1018.6	9.5	73	250	1	5	6.2	1	0	3	7	
2026-05-01 22:20:00	58.51326	17.86308	12	16	0	1	610	0	0	0.016	13.2	9	6.207	7.78	1018.6	9.6	73	245	1	4.9	5.7	1	0	3	7	
2026-05-01 22:35:00	58.51638	17.86278	13	17	0	1	610	0	0	0.014	13.2	9	6.138	7.72	1018.4	9.7	72	255	1	5.4	6.4	1	0	3	7	
2026-05-01 22:50:00	58.51518	17.86509	12	18	0	1	600	0	0	0.016	13.2	9	6.144	7.74	1018.3	9.7	72	255	1	5.5	6.3	1	0	3	7	
2026-05-01 23:05:00	58.51131	17.86752	13	19	0	1	610	0	0	0.014	13.2	9	6.246	7.82	1018.2	8.9	77	255	1	4.7	5.8	1	0	3	7	
2026-05-01 23:20:00	58.51221	17.87034	24	20	0	1	620	0	0	0.014	13.2	9	6.207	7.79	1018.2	8.8	77	250	1	5	6.1	1	0	3	7	
2026-05-01 23:35:00	58.51503	17.87016	13	21	0	1	610	0	0	0.014	13.2	9	6.126	7.73	1018.2	9.2	75	255	1	5.2	6.5	1	0	3	7	
2026-05-01 23:50:00	58.51614	17.87109	41	22	0	1	630	0	0	0.016	13.2	9	6.097	7.71	1018.2	8.8	77	255	1	4.3	5.5	1	0	3	7	
2026-05-02 00:05:00	58.51485	17.87472	12	23	0	1	600	0	0	0.014	13.2	9	6.112	7.72	1018.1	8.3	80	245	1	2.9	4	1	0	3	7	
2026-05-02 00:35:00	58.515	17.88048	12	25	0	3	600	0	0	0.014	13.2	9	6.091	7.71	1018.1	7.6	85	240	1	3.2	3.9	1	0	3	7	
2026-05-02 00:50:00	58.51536	17.88231	12	26	0	1	600	0	0	0.016	13.2	9	6.087	7.71	1018	7.6	85	240	1	2.9	3.6	1	0	3	7	
2026-05-02 01:05:00	58.51668	17.88321	11	27	0	1	600	0	0	0.016	13.2	8	6.021	7.68	1017.9	7.6	85	235	1	2.9	3.6	1	0	3	7	
2026-05-02 01:20:00	58.51785	17.88267	12	28	0	1	600	0	0	0.016	13.2	8	5.954	7.64	1017.8	7.9	83	240	1	3.7	4.6	1	0	3	7	
2026-05-02 01:35:00	58.51863	17.88459	13	29	0	1	610	0	0	0.014	13.2	8	5.918	7.64	1017.7	7.8	83	240	1	3.6	4.1	1	0	3	7	
2026-05-02 01:50:00	58.52049	17.88315	12	30	0	1	600	0	0	0.014	13.2	8	5.902	7.6	1017.5	7.1	87	210	1	2.6	3.6	1	0	3	7	
2026-05-02 02:05:00	58.52148	17.88414	40	31	0	1	630	0	0	0.014	13.2	9	5.903	7.59	1017.3	6.9	89	210	1	2.9	3.6	1	0	3	7	
2026-05-02 02:20:00	58.52199	17.88147	12	32	0	1	600	0	0	0.014	13.2	8	5.907	7.59	1017.2	7.4	86	215	1	3.3	3.9	1	0	3	7	
2026-05-02 02:35:00	58.52289	17.87829	11	33	0	1	600	0	0	0.016	13.2	8	5.926	7.58	1017.1	7.1	88	210	1	3.1	3.8	1	0	3	7	
2026-05-02 02:50:00	58.52367	17.87514	11	34	0	1	600	0	0	0.016	13.2	8	5.913	7.57	1017	7	88	210	1	2.9	3.5	1	0	3	7	
2026-05-02 03:05:00	58.52445	17.87241	12	35	0	2	600	0	0	0.014	13.2	8	5.906	7.55	1016.8	7.5	86	210	1	4	4.8	1	0	3	7	
2026-05-02 03:20:00	58.52532	17.87172	11	36	0	1	600	0	0	0.014	13.2	8	5.909	7.54	1016.8	7.7	85	220	1	4.3	5.1	1	0	3	7	
2026-05-02 03:35:00	58.52721	17.86677	12	37	0	1	600	0	0	0.014	13.2	8	5.9	7.53	1016.7	7.4	86	220	1	4	4.7	1	0	3	7	
2026-05-02 03:50:00	58.52814	17.86548	12	38	0	1	600	0	0	0.014	13.2	8	5.909	7.53	1016.5	7.3	87	220	1	3	4	1	0	3	7	
2026-05-02 04:20:00	58.5312	17.86425	11	40	0	3	610	0	0	0.014	13.2	8	6.15	7.51	1016.5	8.3	81	235	1	4.9	6.5	1	0	3	7	
2026-05-02 04:50:00	58.52946	17.86743	13	42	0	3	610	0	0	0.014	13.4	9	5.919	7.52	1016.3	8.3	81	225	1	5.7	7	1	0	3	7	
2026-05-02 05:05:00	58.52811	17.87058	41	43	0	1	630	0	0	0.016	13.4	9	5.94	7.54	1016.3	8.1	82	225	1	5.8	7.3	1	0	3	7	
2026-05-02 05:20:00	58.52445	17.87715	11	44	0	1	600	0	0	0.014	13.4	9	6.008	7.58	1016.4	8	83	225	1	5.5	6.8	1	0	3	7	
2026-05-02 05:35:00	58.52715	17.87475	12	45	0	1	600	0	0	0.014	13.4	9	5.986	7.56	1016.3	7.8	84	220	1	5.4	6.3	1	0	3	7	
2026-05-02 05:50:00	58.52841	17.87661	12	46	0	2	600	0	0	0.014	13.4	9	5.982	7.55	1016.4	7.7	84	225	1	5.8	7.2	1	0	3	7	
2026-05-02 06:05:00	58.53096	17.87343	11	47	0	1	600	0	0	0.014	13.4	9	5.994	7.54	1016.4	7.8	83	220	1	5.9	7.3	1	0	3	7	
2026-05-02 06:20:00	58.53342	17.86995	12	48	0	1	600	0	0	0.016	13.4	9	5.991	7.52	1016.4	7.7	84	215	1	5.9	7.3	1	0	3	7	
2026-05-02 06:35:00	58.53552	17.86704	12	49	0	1	600	0	0	0.014	13.4	9	5.955	7.51	1016.3	7.6	85	215	1	5.4	6.7	1	0	3	7	
2026-05-02 06:50:00	58.53738	17.86359	11	50	0	1	600	0	0	0.014	13.5	9	5.921	7.5	1016.2	7.6	85	210	1	5.9	7.4	1	0	3	7	
2026-05-02 07:05:00	58.5393	17.85894	12	51	0	1	600	0	0	0.016	13.5	9	5.918	7.49	1016.3	7.5	86	215	1	5.7	7	1	0	3	7	
2026-05-02 07:20:00	58.54128	17.85471	12	52	0	1	600	0	0	0.014	13.6	9	5.942	7.48	1016.2	7.4	86	210	1	5.3	6.4	1	0	3	7	
2026-05-02 07:35:00	58.53936	17.86371	14	53	0	1	630	0	0	0.014	13.4	9	5.973	7.5	1016.2	7.5	86	210	1	5	6	1	0	3	7	
2026-05-02 07:50:00	58.53954	17.86734	11	54	0	1	600	0	0	0.014	13.6	9	6.006	7.51	1016	7.5	86	210	1	5	5.9	1	0	3	7	
2026-05-02 08:05:00	58.54035	17.86971	12	55	0	1	600	0	0	0.014	13.4	9	6.004	7.51	1015.8	7.5	86	210	1	5.5	6.4	1	0	3	7	
2026-05-02 08:20:00	58.53828	17.87946	11	56	0	2	600	0	0	0.014	13.6	9	6.149	7.56	1015.7	7.8	85	215	1	5.4	6.9	1	0	3	7	
2026-05-02 08:35:00	58.54035	17.87724	11	57	0	1	600	0	0	0.014	13.7	9	6.075	7.53	1015.5	7.9	85	215	1	5	6	1	0	3	7	
2026-05-02 09:05:00	58.54335	17.87214	11	59	0	3	600	0	0	0.014	13.3	10	6.089	7.53	1015.3	7.9	85	210	1	4.8	5.9	1	0	3	7	
2026-05-02 09:20:00	58.54419	17.87019	13	0	0	1	600	0	0	0.014	13.2	10	6.104	7.54	1015.2	7.9	84	210	1	5.8	6.8	1	0	3	7	
2026-05-02 09:35:00	58.54449	17.86773	11	1	0	2	600	0	0	0.014	13.2	10	6.128	7.55	1014.9	7.9	84	205	1	5.5	6.8	1	0	3	7	
2026-05-02 09:50:00	58.54476	17.86398	14	2	0	1	610	0	0	0.016	13.4	10	6.098	7.55	1014.8	7.9	85	195	1	5.1	6	1	0	3	7	
2026-05-02 10:05:00	58.54554	17.86176	40	3	0	1	630	0	0	0.016	13.3	10	6.111	7.56	1014.6	7.8	85	195	1	5.6	6.3	1	0	3	7	
2026-05-02 10:20:00	58.54545	17.85834	12	4	0	1	600	0	0	0.016	13.2	10	6.11	7.57	1014.4	7.9	85	200	1	4.9	6	1	0	3	7	
2026-05-02 10:35:00	58.5447	17.85462	11	5	0	1	600	0	0	0.014	13.4	10	6.174	7.58	1014.3	7.9	85	190	1	4.9	5.8	1	0	3	7	
2026-05-02 10:50:00	58.54407	17.85009	11	6	0	1	600	0	0	0.016	13.3	10	6.192	7.57	1014	8.1	83	185	1	6.4	7.6	1	0	3	7	
2026-05-02 11:05:00	58.54281	17.84553	11	7	0	2	600	0	0	0.014	13.2	10	6.259	7.58	1013.8	8.1	83	185	1	5.3	6.6	1	0	3	7	
2026-05-02 11:20:00	58.5414	17.8404	12	8	0	1	600	0	0	0.014	13.4	10	6.265	7.6	1013.5	7.8	85	180	1	5.8	7.1	1	0	3	7	
2026-05-02 11:35:00	58.5399	17.83611	13	9	0	1	600	0	0	0.014	13.3	10	6.357	7.67	1013.3	7.9	85	180	1	5.4	7	1	0	3	7	
2026-05-02 11:50:00	58.53861	17.83197	12	10	0	1	600	0	0	0.014	13.2	10	6.667	7.94	1013	8.1	84	190	1	6.2	7.9	1	0	3	7	
2026-05-02 12:05:00	58.5378	17.82729	41	11	0	1	630	0	0	0.014	13.4	10	6.224	7.91	1012.8	8.5	82	190	1	7.2	9.1	1	0	3	7	
2026-05-02 12:20:00	58.5375	17.82138	12	12	0	1	600	0	0	0.014	13.3	10	6.306	7.91	1012.5	8.4	83	185	1	6.2	7.7	1	0	3	7	
2026-05-02 12:35:00	58.53762	17.81688	12	13	0	1	600	0	0	0.014	13.5	10	6.344	7.91	1012.2	8.6	82	185	1	6.5	8	1	0	3	7	
2026-05-02 12:50:00	58.53774	17.81148	12	14	0	1	600	0	0	0.014	13.3	10	6.378	7.93	1011.9	8.6	83	180	1	6.7	8	1	0	3	7	
2026-05-02 13:20:00	58.53804	17.80107	12	16	0	3	600	0	0	0.014	13.3	10	6.496	7.94	1011.5	8.7	82	185	1	6.7	8.2	1	0	3	7	
2026-05-02 13:35:00	58.5387	17.79582	13	17	0	1	600	0	0	0.014	13.8	10	6.58	7.95	1011.2	8.9	82	185	1	7.3	8.6	1	0	3	7	
2026-05-02 13:50:00	58.53948	17.7903	11	18	0	2	600	0	0	0.014	13.3	10	6.699	7.97	1011	8.6	83	190	1	7.3	9	1	0	3	7	
2026-05-02 14:05:00	58.54035	17.78457	14	19	0	1	630	0	0	0.016	13.2	10	6.597	7.97	1010.7	8.5	83	195	1	6.5	8	1	0	3	7	
2026-05-02 14:20:00	58.54125	17.77875	13	20	0	1	610	0	0	0.014	13.8	10	6.418	7.96	1010.7	8.5	83	190	1	6.7	8.3	1	0	3	7	
2026-05-02 14:35:00	58.54341	17.77428	14	21	0	1	610	0	0	0.014	13.3	10	6.509	7.98	1010.5	8.5	83	195	1	5.9	7.5	1	0	3	7	
2026-05-02 14:50:00	58.54554	17.77071	14	22	0	1	610	0	0	0.014	13.5	10	6.569	7.99	1010.4	8.4	84	195	1	6.1	7.4	1	0	3	7	
2026-05-02 15:05:00	58.54737	17.76531	28	23	0	1	630	0	0	0.014	13.8	10	6.578	7.97	1010.3	8.4	84	195	1	5.9	7.3	1	0	3	7	
2026-05-02 15:20:00	58.54902	17.75937	12	24	0	1	600	0	0	0.014	13.3	9	6.53	7.99	1010	8.6	83	195	1	5.8	7.2	1	0	3	7	
2026-05-02 15:35:00	58.55085	17.75379	11	25	0	1	600	0	0	0.014	13.3	9	6.415	8.01	1009.7	8.4	84	200	1	5.4	6.7	1	0	3	7	
2026-05-02 15:50:00	58.55232	17.74827	12	26	0	1	600	0	0	0.014	13.3	9	6.528	8.03	1009.5	8.3	85	200	1	5.3	6.9	1	0	3	7	
2026-05-02 16:05:00	58.55325	17.74302	12	27	0	1	600	0	0	0.014	13.3	9	6.884	7.93	1009.3	8.3	86	190	1	4.9	6.1	1	0	3	7	
2026-05-02 16:20:00	58.5543	17.73858	12	28	0	1	600	0	0	0.016	13.3	9	6.609	7.72	1009.1	8	86	190	1	5.2	6.7	1	0	3	7	
2026-05-02 16:35:00	58.55448	17.73312	11	29	0	1	600	0	0	0.016	13.3	9	6.416	7.62	1009	7.9	87	190	1	4.8	5.9	1	0	3	7	
2026-05-02 16:50:00	58.55559	17.72994	12	30	0	1	600	0	0	0.014	13.3	9	6.41	7.55	1009	7.8	87	190	1	4.2	5.2	1	0	3	7	
2026-05-02 17:20:00	58.55586	17.72343	12	32	0	3	600	0	0	0.014	13.2	9	6.418	7.46	1008.7	7.8	88	190	1	4.1	5.3	1	0	3	7	
2026-05-02 17:35:00	58.55634	17.72157	12	33	0	1	600	0	0	0.014	13.3	9	6.357	7.47	1008.7	7.8	88	195	1	4.1	5.5	1	0	3	7	
2026-05-02 17:50:00	58.55703	17.71839	13	34	0	1	600	0	0	0.014	13.2	9	6.228	7.44	1008.7	7.7	88	195	1	4.4	5.6	1	0	3	7	
2026-05-02 18:05:00	58.55604	17.7129	40	35	0	1	630	0	0	0.016	13.2	9	6.373	7.4	1008.7	7.7	88	195	1	4.3	5.4	1	0	3	7	
2026-05-02 18:20:00	58.55634	17.71047	11	36	0	1	600	0	0	0.016	13.2	9	6.412	7.37	1008.7	7.7	88	195	1	3.8	5.1	1	0	3	7	
2026-05-02 18:35:00	58.55616	17.70528	11	37	0	1	600	0	0	0.014	13.2	9	6.37	7.34	1008.8	7.7	88	205	1	4	5.1	1	0	3	7	
2026-05-02 19:05:00	58.55661	17.6958	11	39	0	3	600	0	0	0.014	13.2	9	6.247	7.28	1008.8	7.6	89	195	1	3.6	4.3	1	0	3	7	
2026-05-02 19:20:00	58.55625	17.69013	12	40	0	1	600	0	0	0.014	13.2	9	6.197	7.26	1008.8	7.6	89	195	1	3.7	4.7	1	0	3	7	
2026-05-02 19:35:00	58.5564	17.68461	12	41	0	2	600	0	0	0.014	13.2	9	6.129	7.24	1008.7	7.6	88	205	1	3.1	4.1	1	0	3	7	
2026-05-02 19:50:00	58.55673	17.67966	12	42	0	1	600	0	0	0.016	13.2	9	6.058	7.22	1008.8	7.6	89	195	1	3.2	4.2	1	0	3	7	
2026-05-02 20:05:00	58.55664	17.67441	11	43	0	3	600	0	0	0.014	13.2	9	5.979	7.21	1008.8	7.4	89	205	1	2.3	3.5	1	0	3	7	
2026-05-02 20:20:00	58.55673	17.66949	12	44	0	1	600	0	0	0.014	13.2	9	5.996	7.21	1008.8	7.3	89	190	1	2.8	3.8	1	0	3	7	
2026-05-02 20:35:00	58.55679	17.66451	41	45	0	1	630	0	0	0.014	13.2	9	5.942	7.2	1008.8	7.3	89	200	1	2.8	3.8	1	0	3	7	
2026-05-02 20:50:00	58.55682	17.6592	12	46	0	1	600	0	0	0.014	13.2	9	5.808	7.18	1008.7	7.5	89	215	1	3	3.8	1	0	3	7	
2026-05-02 21:05:00	58.55727	17.65359	11	47	0	1	600	0	0	0.014	13.2	8	5.775	7.18	1008.6	7.6	88	205	1	3.4	4.1	1	0	3	7	
2026-05-02 21:20:00	58.55757	17.64747	11	48	0	1	600	0	0	0.014	13.2	8	5.75	7.17	1008.6	7.8	87	215	1	3.1	4.3	1	0	3	7	
2026-05-02 21:35:00	58.56105	17.64894	11	49	0	1	600	0	0	0.014	13.2	8	5.694	7.2	1008.4	8	85	230	1	3.6	4.3	1	0	3	7	
2026-05-02 21:50:00	58.56321	17.64759	11	50	0	1	600	0	0	0.016	13.2	8	5.999	7.3	1008.3	7.7	86	245	1	2.4	3.2	1	0	3	7	
2026-05-02 22:05:00	58.56366	17.64552	12	51	0	1	600	0	0	0.014	13.2	8	6.161	7.35	1008.3	8	85	245	1	2	2.8	1	0	3	7	
2026-05-02 22:20:00	58.56132	17.64438	12	52	0	1	600	0	0	0.016	13.2	8	5.902	7.26	1008.2	8	84	250	1	1.8	2.5	1	0	3	7	
2026-05-02 22:35:00	58.5591	17.6463	13	53	0	1	610	0	0	0.014	13.2	8	5.718	7.21	1008.3	8.5	82	245	1	2.8	3.5	1	0	3	7	
2026-05-02 22:50:00	58.5564	17.64648	12	54	0	1	600	0	0	0.014	13.2	8	5.606	7.16	1008.2	8.7	80	250	1	2.4	3.1	1	0	3	7	
2026-05-02 23:05:00	58.55373	17.64555	14	55	0	2	610	0	0	0.014	13.2	8	5.734	7.18	1008.1	8	84	225	1	1.6	2.4	1	0	3	7	
2026-05-02 23:20:00	58.55247	17.64819	12	56	0	1	600	0	0	0.016	13.2	8	5.768	7.18	1007.9	7.5	87	220	1	1.4	2	1	0	3	7	
2026-05-02 23:50:00	58.55163	17.64702	15	58	0	3	610	0	0	0.016	13.2	8	5.822	7.17	1007.7	7.6	87	230	1	1.8	2.7	1	0	3	7	
2026-05-03 00:05:00	58.55085	17.64726	41	59	0	1	630	0	0	0.014	13.2	9	5.988	7.21	1007.8	7.6	87	235	1	1.7	2.5	1	0	3	7	
2026-05-03 00:20:00	58.55034	17.65101	11	0	0	3	600	0	0	0.016	13.2	9	5.864	7.18	1007.9	7.4	89	225	1	1.9	2.5	1	0	3	7	
2026-05-03 00:35:00	58.54923	17.65122	12	1	0	1	600	0	0	0.014	13.2	8	6.041	7.21	1007.9	7.5	88	240	1	2.4	3.1	1	0	3	7	
2026-05-03 00:50:00	58.54704	17.65101	11	2	0	1	600	0	0	0.016	13.2	8	6.174	7.26	1007.9	7.8	87	255	1	2.3	2.9	1	0	3	7	
2026-05-03 01:05:00	58.54455	17.65119	12	3	0	1	600	0	0	0.014	13.2	9	6.392	7.33	1007.9	7.7	88	230	1	2.4	3.1	1	0	3	7	
2026-05-03 01:20:00	58.54287	17.65206	12	4	0	1	600	0	0	0.014	13.2	9	6.379	7.33	1008.2	7.7	88	220	1	2.7	3.3	1	0	3	7	
2026-05-03 01:35:00	58.54047	17.6541	12	5	0	1	600	0	0	0.014	13.2	9	6.246	7.35	1008.1	7.9	87	240	1	1.8	2.3	1	0	3	7	
2026-05-03 01:50:00	58.53945	17.65605	12	6	0	2	600	0	0	0.016	13.2	9	6.132	7.32	1008	7.5	89	225	1	1.9	2.5	1	0	3	7	
2026-05-03 02:05:00	58.53906	17.65818	12	7	0	3	600	0	0	0.016	13.2	9	6.067	7.31	1007.7	7.5	89	260	1	1	1.9	1	0	3	7	
2026-05-03 02:20:00	58.53891	17.65998	15	8	0	1	610	0	0	0.016	13.2	9	6.012	7.31	1007.7	7.4	89	240	1	1.8	2.5	1	0	3	7	
2026-05-03 02:35:00	58.5405	17.66145	12	9	0	1	610	0	0	0.016	13.2	9	6.108	7.32	1007.7	7.7	88	250	1	1.6	2.3	1	0	3	7	
2026-05-03 02:50:00	58.54029	17.6628	15	10	0	1	610	0	0	0.014	13.2	9	6.06	7.29	1007.8	7.6	88	260	1	1.6	2.1	1	0	3	7	
2026-05-03 03:05:00	58.53882	17.66406	15	11	0	1	610	0	0	0.014	13.2	9	5.931	7.28	1007.9	7.5	88	260	1	2.3	3	1	0	3	7	
2026-05-03 03:20:00	58.53753	17.66559	17	12	0	3	620	0	0	0.016	13.2	9	5.924	7.26	1007.9	7.4	88	255	1	1.7	2.3	1	0	3	7	
2026-05-03 03:35:00	58.53633	17.66769	41	13	0	1	630	0	0	0.014	13.2	9	5.983	7.24	1008.1	7.5	88	270	1	1.8	2.5	1	0	3	7	
2026-05-03 03:50:00	58.53483	17.66898	12	14	0	1	600	0	0	0.016	13.2	9	6.039	7.24	1008.3	7.8	87	265	1	2.5	3.2	1	0	3	7	
2026-05-03 04:35:00	58.52889	17.67231	11	17	0	3	600	0	0	0.014	13.2	9	6.14	7.25	1008.5	7.6	88	305	1	1.9	2.5	1	0	3	7	
2026-05-03 04:50:00	58.52865	17.67585	12	18	0	2	600	0	0	0.014	13.2	9	6.149	7.25	1008.5	7.4	90	330	1	2.1	2.8	1	0	3	7	
2026-05-03 05:20:00	58.52793	17.67525	12	20	0	3	600	0	0	0.016	13.2	9	6.164	7.25	1008.6	8	88	10	1	2.9	3.5	1	0	3	7	
2026-05-03 05:35:00	58.52805	17.66961	11	21	0	1	600	0	0	0.014	13.2	9	6.13	7.26	1008.7	8	88	20	1	4.1	4.7	1	0	3	7	
2026-05-03 05:50:00	58.52475	17.66655	12	22	0	1	600	0	0	0.014	13.2	9	6.135	7.26	1008.7	7.7	86	55	1	4.7	5.3	1	0	3	7	
2026-05-03 06:05:00	58.52004	17.65866	11	23	0	1	600	0	0	0.016	13.2	9	6.113	7.24	1008.4	7.4	87	70	1	5.9	6.9	1	0	3	7	
2026-05-03 06:20:00	58.52019	17.64672	12	24	0	1	600	0	0	0.016	13.3	9	6.079	7.24	1008.7	7.3	88	65	1	6.1	7.3	1	0	3	7	
2026-05-03 06:35:00	58.51515	17.65296	12	25	0	1	600	0	0	0.014	13.3	9	5.956	7.3	1008.5	7.1	90	65	1	6.9	8.6	1	0	3	7	
2026-05-03 06:50:00	58.51686	17.6553	12	26	0	1	600	0	0	0.014	13.5	9	5.963	7.26	1008.8	7	91	60	1	5.1	6.5	1	0	3	7	
2026-05-03 07:05:00	58.51863	17.65755	12	27	0	1	600	0	0	0.016	13.4	9	5.964	7.26	1009.2	6.9	91	65	1	6.2	7.3	1	0	3	7	
2026-05-03 07:20:00	58.51434	17.66256	11	28	0	1	600	0	0	0.014	13.4	9	6.022	7.33	1009.3	6.7	92	60	1	5.5	6.3	1	0	3	7	
2026-05-03 07:35:00	58.51899	17.66268	41	29	0	1	630	0	0	0.014	13.5	9	6.015	7.27	1009.4	6.6	92	60	1	6.8	8.3	1	0	3	7	
2026-05-03 07:50:00	58.51815	17.66685	12	30	0	1	600	0	0	0.014	13.5	9	6.043	7.29	1009.7	6.5	91	55	1	6.3	8	1	0	3	7	
2026-05-03 08:20:00	58.5219	17.66886	13	32	0	3	600	0	0	0.014	13.5	9	6.063	7.28	1010	6.4	91	60	1	6.6	8.3	1	0	3	7	
2026-05-03 08:50:00	58.51422	17.68236	12	34	0	3	600	0	0	0.014	13.5	9	6.068	7.4	1009.9	6.2	92	60	1	7.1	9.7	1	0	3	7	
2026-05-03 09:05:00	58.51266	17.6868	12	35	0	1	610	0	0	0.014	13.6	9	5.977	7.38	1009.6	6.2	92	60	1	6.8	8.7	1	0	3	7	
2026-05-03 09:20:00	58.51917	17.68698	13	36	0	2	610	0	0	0.014	13.6	9	6.147	7.41	1009.8	6.2	92	65	1	7.4	9	1	0	3	7	
2026-05-03 09:35:00	58.51692	17.69025	13	37	0	3	610	0	0	0.014	13.5	9	6.017	7.4	1009.8	6.1	92	65	1	7.2	8.7	1	0	3	7	
2026-05-03 09:50:00	58.51338	17.69619	13	38	0	1	640	0	0	0.014	13.5	9	5.985	7.38	1009.9	6.1	92	60	1	6	8.1	1	0	3	7	
2026-05-03 10:05:00	58.51257	17.6994	11	39	0	1	600	0	0	0.014	13.7	9	6.072	7.42	1010	6	91	55	1	6.5	8.1	1	0	3	7	
2026-05-03 10:20:00	58.51761	17.69805	11	40	0	1	600	0	0	0.014	13.7	9	5.951	7.37	1010.1	6.1	91	60	1	5.4	7	1	0	3	7	
2026-05-03 10:35:00	58.51269	17.69019	11	41	0	1	600	0	0	0.014	13.4	9	6.026	7.41	1010.2	6.1	91	45	1	5.3	6.8	1	0	3	7	
2026-05-03 10:50:00	58.5084	17.68953	11	42	0	1	600	0	0	0.014	13.3	9	6.299	7.62	1010	6.1	91	50	1	7.1	8.4	1	0	3	7	
2026-05-03 11:05:00	58.50567	17.69694	12	43	0	1	600	0	0	0.014	13.2	9	6.254	7.71	1010.1	6.1	91	45	1	6.5	8	1	0	3	7	
2026-05-03 11:20:00	58.5033	17.70489	12	44	0	1	600	0	0	0.014	13.6	9	6.106	7.81	1010.1	6	91	55	1	6.6	8.4	1	0	3	7	
2026-05-03 11:35:00	58.50048	17.71248	12	45	0	1	600	0	0	0.016	13.3	9	6.039	7.84	1010.1	6	91	55	1	6.4	8	1	0	3	7	
2026-05-03 11:50:00	58.49745	17.72073	12	46	0	1	600	0	0	0.016	13.3	9	6.032	7.87	1010	6	91	50	1	7.3	8.3	1	0	3	7	
2026-05-03 12:05:00	58.497	17.72151	40	47	0	1	630	0	0	0.014	13.5	9	6.034	7.88	1009.9	5.8	92	50	1	6.9	9.2	1	0	3	7	
2026-05-03 12:20:00	58.50081	17.70552	11	48	0	1	600	0	0	0.014	13.3	9	6.098	7.86	1010	5.9	92	55	1	5.9	7.4	1	0	3	7	
2026-05-03 12:50:00	58.51362	17.7045	12	50	0	3	600	0	0	0.014	13.4	9	6.229	7.76	1009.9	6	92	55	1	6.2	8.4	1	0	3	7	
2026-05-03 13:05:00	58.51929	17.70078	12	51	0	3	600	0	0	0.014	13.3	9	6.275	7.62	1010.1	6	91	55	1	5.3	6.4	1	0	3	7	
2026-05-03 13:20:00	58.51938	17.68596	11	52	0	1	600	0	0	0.014	13.2	9	6.029	7.47	1009.9	5.9	91	50	1	5.6	6.9	1	0	3	7	
2026-05-03 13:35:00	58.52361	17.68287	12	53	0	3	600	0	0	0.014	13.4	9	5.86	7.38	1009.9	5.9	92	50	1	5.3	6.6	1	0	3	7	
2026-05-03 13:50:00	58.52925	17.6814	11	54	0	1	600	0	0	0.014	13.8	9	6.077	7.43	1010	5.9	91	50	1	5.3	7.1	1	0	3	7	
2026-05-03 14:05:00	58.53432	17.68044	12	55	0	1	600	0	0	0.014	13.8	9	6.077	7.4	1009.7	5.9	91	55	1	5.8	7.7	1	0	3	7	
2026-05-03 14:20:00	58.53945	17.67972	12	56	0	1	600	0	0	0.014	13.3	9	6.05	7.31	1009.5	5.9	90	55	1	6.1	7.7	1	0	3	7	
2026-05-03 14:35:00	58.54491	17.67975	12	57	0	1	600	0	0	0.016	13.3	9	5.986	7.37	1009.6	5.9	90	55	1	5.9	7.2	1	0	3	7	
2026-05-03 14:50:00	58.55004	17.67936	41	58	0	3	630	0	0	0.014	13.4	9	6.027	7.36	1009.5	6	90	55	1	5.7	7.1	1	0	3	7	
2026-05-03 15:05:00	58.55508	17.67852	13	59	0	1	610	0	0	0.014	13.4	9	6.087	7.35	1009.6	6	90	50	1	4.9	6.2	1	0	3	7	
2026-05-03 15:20:00	58.55937	17.67672	12	0	0	1	600	0	0	0.014	13.3	9	6.095	7.33	1009.4	6.1	90	55	1	5.2	6.3	1	0	3	7	
2026-05-03 15:35:00	58.56417	17.67432	12	1	0	1	600	0	0	0.014	13.5	9	6.384	7.4	1009.5	6.1	90	50	1	5.4	6.5	1	0	3	7	
2026-05-03 15:50:00	58.5687	17.67252	13	2	0	1	600	0	0	0.014	13.6	9	6.254	7.31	1009.4	6.1	90	55	1	5	6.1	1	0	3	7	
2026-05-03 16:05:00	58.57299	17.66928	13	3	0	1	620	0	0	0.016	13.4	9	6.274	7.4	1009.5	6	91	55	1	4.6	5.8	1	0	3	7	
2026-05-03 16:20:00	58.57692	17.66592	13	4	0	1	630	0	0	0.014	13.3	9	6.006	7.32	1009.5	5.9	90	60	1	5.3	6.3	1	0	3	7	
2026-05-03 16:35:00	58.58052	17.66397	11	5	0	1	600	0	0	0.016	13.3	9	5.806	7.26	1009.3	5.9	90	60	1	4.8	5.9	1	0	3	7	
2026-05-03 17:05:00	58.58904	17.66118	12	7	0	3	600	0	0	0.014	13.3	8	5.997	7.28	1009.3	5.9	91	70	1	5.1	6.2	1	0	3	7	
2026-05-03 17:20:00	58.59303	17.66043	12	8	0	1	600	0	0	0.016	13.3	8	6.115	7.32	1009.4	5.9	91	70	1	4.4	5.6	1	0	3	7	
2026-05-03 17:35:00	58.59108	17.66184	14	9	0	1	610	0	0	0.014	13.3	8	6.025	7.29	1009.4	5.9	91	65	1	4.4	5.7	1	0	3	7	
2026-05-03 17:50:00	58.59168	17.66208	41	10	0	1	630	0	0	0.014	13.3	9	6.046	7.3	1009.3	5.8	91	60	1	5	6.1	1	0	3	7	
2026-05-03 18:05:00	58.59348	17.66229	11	11	0	1	600	0	0	0.016	13.2	8	6.101	7.32	1009.3	5.7	91	75	1	5.4	7.1	1	0	3	7	
2026-05-03 18:20:00	58.59003	17.66685	11	12	0	1	600	0	0	0.016	13.2	8	5.993	7.29	1009.4	5.8	92	70	1	4.9	5.7	1	0	3	7	
2026-05-03 18:35:00	58.59339	17.66661	11	13	0	1	600	0	0	0.014	13.2	8	6.089	7.32	1009.5	5.8	93	60	1	4	4.8	1	0	3	7	
2026-05-03 18:50:00	58.59453	17.65989	11	14	0	2	600	0	0	0.014	13.2	8	6.111	7.33	1009.6	5.7	93	70	1	4	5.3	1	0	3	7	
2026-05-03 19:05:00	58.59552	17.65116	13	15	0	1	610	0	0	0.014	13.2	8	6.171	7.35	1009.3	5.8	93	65	1	4.1	5.2	1	0	3	7	
2026-05-03 19:20:00	58.59885	17.65164	13	16	0	1	610	0	0	0.014	13.2	8	5.808	7.3	1009.4	5.6	94	70	1	3.7	4.8	1	0	3	7	
2026-05-03 19:35:00	58.60176	17.65242	13	17	0	1	610	0	0	0.016	13.2	8	5.765	7.28	1009.3	5.6	94	65	1	3.6	4.5	1	0	3	7	
2026-05-03 20:05:00	58.6065	17.65623	40	19	0	3	630	0	0	0.014	13.2	8	5.772	7.27	1009.2	5.5	93	70	1	3.3	4.4	1	0	3	7	
2026-05-03 20:20:00	58.60851	17.65803	12	20	0	1	600	0	0	0.014	13.2	8	5.8	7.29	1009.1	5.6	94	70	1	2.4	3.1	1	0	3	7	
2026-05-03 20:35:00	58.61013	17.65935	12	21	0	2	600	0	0	0.014	13.2	8	5.84	7.3	1009	5.6	94	70	1	2.8	3.6	1	0	3	7	
2026-05-03 20:50:00	58.61178	17.66118	12	22	0	1	610	0	0	0.014	13.2	8	5.902	7.32	1008.9	5.6	94	60	1	2.8	3.6	1	0	3	7	
2026-05-03 21:05:00	58.61283	17.66082	12	23	0	1	600	0	0	0.014	13.2	8	5.935	7.33	1008.9	5.7	94	70	1	2.8	3.7	1	0	3	7	
2026-05-03 21:20:00	58.61121	17.65464	11	24	0	1	600	0	0	0.014	13.2	8	5.941	7.33	1009	5.6	93	75	1	2.7	3.5	1	0	3	7	
2026-05-03 21:50:00	58.60899	17.64513	12	26	0	3	610	0	0	0.014	13.2	8	5.922	7.31	1008.8	5.7	93	70	1	2.1	2.9	1	0	3	7	
2026-05-03 22:05:00	58.60917	17.64219	12	27	0	1	610	0	0	0.016	13.2	8	5.927	7.31	1008.6	5.7	93	80	1	2.6	3.3	1	0	3	7	
2026-05-03 22:20:00	58.60695	17.64453	13	28	0	1	600	0	0	0.016	13.2	8	5.901	7.3	1008.4	5.7	93	85	1	2.7	3.3	1	0	3	7	
2026-05-03 22:35:00	58.60506	17.64651	13	29	0	1	610	0	0	0.016	13.2	8	5.876	7.29	1008.3	5.6	93	80	1	2.9	3.7	1	0	3	7	
2026-05-03 22:50:00	58.60299	17.64765	12	30	0	1	610	0	0	0.014	13.2	8	5.846	7.28	1008.2	5.7	93	95	1	2.5	3.3	1	0	3	7	
2026-05-03 23:05:00	58.60113	17.64837	12	31	0	1	620	0	0	0.014	13.2	8	5.819	7.27	1008.2	5.7	93	80	1	1.9	2.8	1	0	3	7	
2026-05-03 23:20:00	58.59939	17.64981	13	32	0	2	610	0	0	0.014	13.2	8	5.811	7.27	1008.1	5.7	93	70	1	1.9	2.5	1	0	3	7	
2026-05-03 23:35:00	58.59768	17.65197	14	33	0	1	630	0	0	0.014	13.2	8	5.803	7.26	1007.9	5.7	93	75	1	2.6	3.3	1	0	3	7	
2026-05-03 23:50:00	58.59585	17.65413	12	34	0	3	600	0	0	0.014	13.2	8	5.81	7.27	1007.7	5.7	93	65	1	2.4	3	1	0	3	7	
2026-05-04 00:05:00	58.59411	17.65611	11	35	0	1	600	0	0	0.014	13.2	8	6.104	7.33	1007.5	5.7	93	65	1	3.1	3.8	1	0	3	7	
2026-05-04 00:20:00	58.59234	17.6592	11	36	0	2	600	0	0	0.016	13.2	8	6.101	7.32	1007.5	5.7	93	70	1	2.9	3.7	1	0	3	7	
2026-05-04 00:35:00	58.59051	17.66226	11	37	0	1	600	0	0	0.014	13.2	8	6.077	7.3	1007.5	5.8	93	70	1	2.8	3.7	1	0	3	7	
2026-05-04 00:50:00	58.58859	17.66487	11	38	0	1	600	0	0	0.016	13.2	8	6.014	7.3	1007.3	5.8	93	65	1	2.8	3.4	1	0	3	7	
2026-05-04 01:20:00	58.584	17.67027	12	40	0	3	610	0	0	0.016	13.2	8	6.003	7.3	1006.7	5.8	92	85	1	4	4.8	1	0	3	7	
2026-05-04 01:35:00	58.58172	17.67192	12	41	0	1	600	0	0	0.014	13.2	8	5.98	7.3	1006.8	5.8	92	75	1	3.1	4.1	1	0	3	7	
2026-05-04 01:50:00	58.57971	17.67396	13	42	0	1	610	0	0	0.016	13.2	8	5.976	7.3	1006.9	5.9	92	120	1	3.2	4	1	0	3	7	
2026-05-04 02:05:00	58.57743	17.67183	40	43	0	1	630	0	0	0.014	13.2	8	5.971	7.3	1006.7	5.9	92	120	1	2.6	3.2	1	0	3	7	
2026-05-04 02:20:00	58.57569	17.6703	12	44	0	1	600	0	0	0.014	13.2	8	5.967	7.29	1006.2	5.9	92	100	1	2.6	3.5	1	0	3	7	
2026-05-04 02:35:00	58.57737	17.67174	11	45	0	1	600	0	0	0.016	13.2	8	5.984	7.31	1006	5.9	91	115	1	2.4	3.4	1	0	3	7	
2026-05-04 02:50:00	58.5771	17.67102	12	46	0	1	600	0	0	0.014	13.2	8	5.987	7.3	1005.5	5.8	91	95	1	2.8	3.7	1	0	3	7	
2026-05-04 03:05:00	58.57554	17.67135	12	47	0	1	600	0	0	0.014	13.2	8	5.998	7.3	1005.2	5.8	91	75	1	2.6	3.4	1	0	3	7	
2026-05-04 03:20:00	58.57386	17.67204	12	48	0	1	600	0	0	0.014	13.2	8	6.027	7.31	1005.5	5.9	91	110	1	2.1	2.9	1	0	3	7	
2026-05-04 03:35:00	58.57278	17.67135	12	49	0	1	600	0	0	0.014	13.2	8	6.057	7.32	1006	5.8	92	145	1	2.1	2.9	1	0	3	7	
2026-05-04 04:20:00	58.57353	17.66682	12	52	0	3	610	0	0	0.014	13.2	8	6.056	7.31	1005.4	5.6	94	95	1	2	2.5	1	0	3	7	
2026-05-04 04:35:00	58.57512	17.66784	14	53	0	1	610	0	0	0.014	13.2	8	6.021	7.3	1005.1	5.5	94	65	1	2.5	2.8	1	0	3	7	
2026-05-04 04:50:00	58.57707	17.66832	13	54	0	1	640	0	0	0.016	13.2	8	6.015	7.28	1004.9	5.5	95	90	1	2.4	2.9	1	0	3	7	
2026-05-04 05:05:00	58.57914	17.67006	11	55	0	2	600	0	0	0.014	13.2	8	5.997	7.28	1004.9	5.5	95	105	1	2.6	3.1	1	0	3	7	
2026-05-04 05:20:00	58.58073	17.67282	11	56	0	1	600	0	0	0.014	13.2	8	5.986	7.28	1005	5.5	95	125	1	1.9	2.3	1	0	3	7	
2026-05-04 05:35:00	58.58214	17.67606	11	57	0	2	600	0	0	0.014	13.2	8	5.985	7.28	1004.9	5.5	95	125	1	1	1.5	1	0	3	7	
2026-05-04 05:50:00	58.58304	17.67705	12	58	0	1	600	0	0	0.014	13.2	8	5.984	7.27	1004.7	5.4	96	115	1	1.4	1.9	1	0	3	7	
2026-05-04 06:05:00	58.58385	17.67756	12	59	0	1	600	0	0	0.016	13.2	8	5.986	7.26	1004.5	5.4	96	95	1	1.5	2	1	0	3	7	
2026-05-04 06:20:00	58.5831	17.67819	12	0	0	1	600	0	0	0.014	13.3	8	5.999	7.27	1004.5	5.4	96	70	1	0.7	1.1	1	0	3	7	
2026-05-04 06:35:00	58.58289	17.67861	11	1	0	1	600	0	0	0.014	13.3	8	6.017	7.22	1004.2	5.4	96	60	1	1.6	2	1	0	3	7	
2026-05-04 06:50:00	58.58232	17.68056	11	2	0	1	600	0	0	0.014	13.3	8	6.048	7.27	1004.1	5.5	96	40	1	1.6	2	1	0	3	7	
2026-05-04 07:05:00	58.58178	17.68338	11	3	0	1	600	0	0	0.016	13.3	8	6.062	7.31	1004.1	5.5	96	30	1	1.6	2	1	0	3	7	
2026-05-04 07:20:00	58.58148	17.68695	12	4	0	1	600	0	0	0.014	13.4	8	6.086	7.32	1004	5.6	96	45	1	1.5	1.8	1	0	3	7	
2026-05-04 07:35:00	58.58088	17.69037	41	5	0	1	630	0	0	0.014	13.4	9	6.129	7.33	1004.1	5.6	96	25	1	1	1.5	1	0	3	7	
2026-05-04 07:50:00	58.58064	17.69262	11	6	0	1	600	0	0	0.014	13.5	9	6.193	7.31	1004.3	5.9	95	60	1	0.3	0.6	1	0	3	7	
2026-05-04 08:05:00	58.58082	17.69334	11	7	0	1	600	0	0	0.014	13.4	9	6.28	7.31	1004.3	5.9	95	105	1	1	1.6	1	0	3	7	
2026-05-04 08:35:00	58.5795	17.69142	12	9	0	3	600	0	0	0.016	13.5	10	6.482	7.36	1004.3	6.5	93	105	1	0.5	0.8	1	0	3	7	
2026-05-04 08:50:00	58.57926	17.69145	12	10	0	1	600	0	0	0.014	13.6	11	6.352	7.34	1004.4	6.7	91	275	1	1.1	1.5	1	0	3	7	
2026-05-04 09:05:00	58.57866	17.69295	12	11	0	2	600	0	0	0.014	13.4	12	6.902	7.46	1004.4	6.4	93	255	1	2.5	3	1	0	3	7	
2026-05-04 09:20:00	58.57614	17.69187	13	12	0	2	610	0	0	0.014	13.5	12	6.869	7.47	1004.6	6.3	94	250	1	2.2	2.6	1	0	3	7	
2026-05-04 09:35:00	58.57581	17.69763	13	13	0	1	610	0	0	0.014	13.6	12	6.659	7.44	1004.5	6.6	93	220	1	1.1	1.5	1	0	3	7	
2026-05-04 09:50:00	58.57512	17.70099	14	14	0	1	610	0	0	0.014	13.4	12	6.769	7.46	1004.3	6.5	93	230	1	2.3	2.8	1	0	3	7	
2026-05-04 10:05:00	58.57263	17.70186	15	15	0	3	610	0	0	0.014	13.5	12	6.776	7.47	1004.6	6.4	94	245	1	3.6	4.3	1	0	3	7	
2026-05-04 10:20:00	58.56924	17.70132	21	16	0	1	630	0	0	0.014	13.5	12	6.827	7.48	1004.5	6.4	94	245	1	3	3.4	1	0	3	7	
2026-05-04 10:35:00	58.56975	17.70879	11	17	0	1	600	0	0	0.014	13.6	12	6.708	7.46	1004.3	6.5	95	215	1	2.4	2.9	1	0	3	7	
2026-05-04 10:50:00	58.57104	17.71023	11	18	0	1	600	0	0	0.014	13.4	11	6.658	7.45	1004.3	6.7	94	205	1	2.4	2.9	1	0	3	7	
2026-05-04 11:05:00	58.5714	17.70954	11	19	0	1	600	0	0	0.014	13.3	12	6.684	7.45	1004.2	6.6	94	200	1	3.3	3.9	1	0	3	7	
2026-05-04 11:20:00	58.56903	17.71419	12	20	0	1	600	0	0	0.016	13.4	12	6.815	7.48	1004.1	6.7	95	185	1	3.3	3.9	1	0	3	7	
2026-05-04 11:35:00	58.56633	17.72016	12	21	0	1	600	0	0	0.016	13.3	12	6.763	7.47	1004.1	6.6	95	180	1	3.9	4.7	1	0	3	7	
2026-05-04 11:50:00	58.56333	17.72715	13	22	0	1	630	0	0	0.014	13.4	12	6.613	7.45	1004.3	6.7	95	175	1	4.3	5.1	1	0	3	7	
2026-05-04 12:05:00	58.56093	17.73375	12	23	0	2	600	0	0	0.016	13.3	12	6.555	7.44	1004.1	6.7	96	175	1	5	5.8	1	0	3	7	
2026-05-04 12:20:00	58.55832	17.74236	11	24	0	1	600	0	0	0.014	13.2	11	6.742	7.47	1003.9	6.7	96	170	1	4.1	5.1	1	0	3	7	
2026-05-04 12:50:00	58.5552	17.74881	12	26	0	3	600	0	0	0.016	13.3	11	6.541	7.44	1003.8	6.7	96	180	1	4.5	5.4	1	0	3	7	
2026-05-04 13:05:00	58.5543	17.74215	11	27	0	1	600	0	0	0.014	13.6	11	6.503	7.43	1003.7	6.7	95	175	1	5.1	6.5	1	0	3	7	
2026-05-04 13:20:00	58.55325	17.73507	11	28	0	3	600	0	0	0.014	13.3	11	6.47	7.43	1003.6	6.8	96	170	1	4.9	6.1	1	0	3	7	
2026-05-04 13:35:00	58.55214	17.74062	12	29	0	1	600	0	0	0.016	13.3	10	6.485	7.43	1003.7	7	95	180	1	4.8	5.7	1	0	3	7	
2026-05-04 13:50:00	58.55463	17.74524	12	30	0	1	600	0	0	0.014	13.6	10	6.581	7.45	1003.6	7	95	185	1	5.4	6.5	1	0	3	7	
2026-05-04 14:05:00	58.56099	17.75331	40	31	0	1	630	0	0	0.016	13.3	11	6.553	7.44	1003.5	7.2	95	185	1	5.1	6.2	1	0	3	7	
2026-05-04 14:20:00	58.5672	17.75292	12	32	0	1	600	0	0	0.014	13.2	11	6.378	7.41	1003.5	7.3	95	190	1	4.6	5.4	1	0	3	7	
2026-05-04 14:35:00	58.57287	17.75514	13	33	0	1	610	0	0	0.014	13.5	11	6.399	7.41	1003.3	7.5	95	190	1	5.1	6.4	1	0	3	7	
2026-05-04 14:50:00	58.57845	17.75694	17	34	0	1	630	0	0	0.016	13.3	11	6.292	7.4	1003.5	7.7	94	195	1	5.3	6.2	1	0	3	7	
2026-05-04 15:05:00	58.58427	17.7585	11	35	0	1	600	0	0	0.016	13.2	11	6.428	7.44	1003.4	8	95	200	1	5.9	7	1	0	3	7	
2026-05-04 15:20:00	58.59048	17.76441	12	36	0	1	600	0	0	0.014	13.6	11	6.073	7.33	1003.5	8	95	210	1	5.4	7.6	1	0	3	7	
2026-05-04 15:35:00	58.5972	17.76792	12	37	0	1	600	0	0	0.014	13.3	11	6.327	7.34	1003.5	8.1	94	210	1	5.6	7	1	0	3	7	
2026-05-04 15:50:00	58.60263	17.7639	11	38	0	1	600	0	0	0.014	13.2	10	6.264	7.32	1003.6	7.7	95	205	1	5.3	6.5	1	0	3	7	
2026-05-04 16:05:00	58.60524	17.7621	11	39	0	1	600	0	0	0.014	13.3	10	6.227	7.31	1003.6	7.6	95	205	1	4.5	5.5	1	0	3	7	
2026-05-04 16:20:00	58.61094	17.7708	12	40	0	1	600	0	0	0.014	13.8	10	6.146	7.28	1003.5	7.4	95	215	1	4.1	5	1	0	3	7	
2026-05-04 16:35:00	58.61415	17.7663	12	41	0	1	600	0	0	0.014	13.9	10	6.065	7.26	1003.5	7.3	94	210	1	4.2	5.1	1	0	3	7	
2026-05-04 16:50:00	58.6167	17.76138	12	42	0	2	600	0	0	0.014	13.3	10	6.101	7.28	1003.6	7.8	90	210	1	4	5	1	0	3	7	
2026-05-04 17:05:00	58.61913	17.75745	11	43	0	1	600	0	0	0.014	13.3	9	6.086	7.28	1003.7	7.7	88	275	1	3.1	4.5	1	0	3	7	
2026-05-04 17:20:00	58.62273	17.75613	12	44	0	1	600	0	0	0.014	13.3	9	6.088	7.28	1003.8	9	78	280	1	3.8	4.4	1	0	3	7	
2026-05-04 17:35:00	58.62033	17.75412	17	45	0	1	640	0	0	0.014	13.3	9	6.089	7.28	1003.9	8.7	80	270	1	2.7	3.2	1	0	3	7	
2026-05-04 17:50:00	58.61889	17.75262	12	46	0	1	600	0	0	0.014	13.3	9	6.037	7.29	1004	8.6	81	265	1	3	3.7	1	0	3	7	
2026-05-04 18:05:00	58.61895	17.75247	13	47	0	3	610	0	0	0.014	13.2	9	6.041	7.29	1004.1	8.5	81	255	1	2.6	3.1	1	0	3	7	
2026-05-04 18:20:00	58.62198	17.7537	13	48	0	1	610	0	0	0.014	13.2	9	6.047	7.28	1004.2	7.9	85	240	1	2.7	3.5	1	0	3	7	
2026-05-04 18:35:00	58.62099	17.75409	13	49	0	1	610	0	0	0.016	13.2	9	6.029	7.28	1004.5	8.1	83	250	1	3.7	4.7	1	0	3	7	
2026-05-04 18:50:00	58.61952	17.75322	12	50	0	1	600	0	0	0.014	13.2	9	6.045	7.3	1004.6	8.3	82	250	1	3.8	4.6	1	0	3	7	
2026-05-04 19:05:00	58.61667	17.75265	12	51	0	1	600	0	0	0.014	13.2	9	6.374	7.4	1004.6	7.9	85	250	1	3	4	1	0	3	7	
2026-05-04 19:20:00	58.61442	17.75265	12	52	0	1	600	0	0	0.014	13.2	9	6.343	7.4	1004.7	7.9	84	240	1	3.6	4.4	1	0	3	7	
2026-05-04 19:50:00	58.62096	17.74677	13	54	0	3	610	0	0	0.014	13.2	9	6.361	7.41	1004.8	8.3	80	240	1	4.2	5	1	0	3	7	
2026-05-04 20:05:00	58.62432	17.74203	47	55	0	1	640	0	0	0.016	13.2	9	6.372	7.42	1004.8	8.3	80	240	1	4.7	5.7	1	0	3	7	
2026-05-04 20:20:00	58.62783	17.73711	14	56	0	1	610	0	0	0.014	13.2	9	6.381	7.43	1004.8	8.1	81	245	1	4.6	5.7	1	0	3	7	
2026-05-04 20:35:00	58.63149	17.73258	14	57	0	1	610	0	0	0.014	13.2	9	6.389	7.43	1004.9	8	82	235	1	4	5.4	1	0	3	7	
2026-05-04 20:50:00	58.63533	17.72613	15	58	0	2	610	0	0	0.014	13.2	9	6.381	7.42	1004.9	7.9	83	225	1	3.9	4.8	1	0	3	7	
2026-05-04 21:05:00	58.63842	17.7189	17	59	0	1	620	0	0	0.014	13.2	9	6.388	7.43	1005	7.9	82	220	1	4.9	5.8	1	0	3	7	
2026-05-04 21:20:00	58.64142	17.7099	16	0	0	1	610	0	0	0.014	13.2	9	6.361	7.42	1004.8	8.1	81	215	1	4.9	5.8	1	0	3	7	
2026-05-04 21:35:00	58.63905	17.71047	41	1	0	3	630	0	0	0.014	13.2	9	6.585	7.53	1004.9	8	80	215	1	5.3	6.5	1	0	3	7	
2026-05-04 21:50:00	58.63974	17.70576	11	2	0	1	600	0	0	0.014	13.2	9	6.516	7.52	1004.9	8.1	80	220	1	5.2	6.5	1	0	3	7	
2026-05-04 22:05:00	58.64091	17.69949	12	3	0	1	600	0	0	0.016	13.2	9	6.436	7.48	1004.8	8	80	215	1	5.7	6.7	1	0	3	7	
2026-05-04 22:20:00	58.63734	17.70021	11	4	0	1	600	0	0	0.014	13.2	9	6.335	7.47	1004.8	8.2	78	220	1	6	7.5	1	0	3	7	
2026-05-04 22:35:00	58.63413	17.70147	12	5	0	1	600	0	0	0.014	13.2	9	6.344	7.47	1004.8	8.1	79	225	1	5	5.8	1	0	3	7	
2026-05-04 22:50:00	58.63668	17.70636	12	6	0	1	600	0	0	0.016	13.2	9	6.495	7.51	1004.8	7.9	80	220	1	6.7	8.2	1	0	3	7	
2026-05-04 23:05:00	58.63977	17.71011	13	7	0	1	600	0	0	0.014	13.2	9	6.545	7.52	1004.6	8.3	75	230	1	6.3	7.8	1	0	3	7	
2026-05-04 23:20:00	58.63668	17.70834	13	8	0	2	610	0	0	0.014	13.2	9	6.442	7.5	1004.5	8	78	225	1	5.9	6.9	1	0	3	7	
2026-05-04 23:35:00	58.63926	17.70234	18	9	0	2	640	0	0	0.014	13.2	9	6.47	7.5	1004.3	8.3	74	230	1	7.3	8.9	1	0	3	7	
2026-05-04 23:50:00	58.63749	17.69958	13	10	0	1	600	0	0	0.014	13.2	9	6.285	7.46	1004.3	8	78	230	1	5.8	7.2	1	0	3	7	
2026-05-05 00:05:00	58.63638	17.70195	12	11	0	1	600	0	0	0.014	13.2	9	6.351	7.47	1004.4	8	78	230	1	6.3	7.4	1	0	3	7	
2026-05-05 00:35:00	58.64019	17.70969	12	13	0	3	600	0	0	0.016	13.2	9	6.462	7.5	1004.5	8	77	245	1	7.2	8.9	1	0	3	7	
2026-05-05 00:50:00	58.64076	17.70588	12	14	0	1	600	0	0	0.016	13.2	9	6.42	7.5	1004.5	7.7	80	240	1	6.2	7.4	1	0	3	7	
2026-05-05 01:05:00	58.64322	17.70081	42	15	0	3	630	0	0	0.014	13.2	9	6.432	7.5	1004.3	7.6	82	240	1	6	7.3	1	0	3	7	
2026-05-05 01:20:00	58.63878	17.69997	14	16	0	1	610	0	0	0.016	13.2	9	6.299	7.47	1004.3	7.5	82	245	1	7	8.4	1	0	3	7	
2026-05-05 01:35:00	58.63383	17.69895	14	17	0	1	610	0	0	0.014	13.2	9	6.284	7.46	1004.3	7.6	82	245	1	7	8.6	1	0	3	7	
2026-05-05 01:50:00	58.62735	17.70762	13	18	0	1	610	0	0	0.014	13.2	9	6.242	7.46	1004.5	7.5	83	250	1	6.6	7.9	1	0	3	7	
2026-05-05 02:05:00	58.62099	17.71812	41	19	0	1	630	0	0	0.014	13.2	9	6.17	7.47	1004.5	7.4	85	250	1	6.8	8.7	1	0	3	7	
2026-05-05 02:20:00	58.61589	17.71779	12	20	0	1	610	0	0	0.014	13.2	9	6.33	7.51	1004.5	7.5	84	245	1	7.5	9.3	1	0	3	7	
2026-05-05 02:35:00	58.60917	17.73276	13	21	0	1	610	0	0	0.014	13.2	9	6.094	7.44	1004.5	7.4	85	250	1	7.2	9.3	1	0	3	7	
2026-05-05 02:50:00	58.60299	17.73747	12	22	0	1	610	0	0	0.014	13.2	8	6.213	7.46	1004.6	7.2	86	255	1	6.8	8.6	1	0	3	7	
2026-05-05 03:05:00	58.59771	17.73774	13	23	0	1	610	0	0	0.014	13.2	8	6.215	7.43	1004.6	7.2	87	255	1	6.8	8.6	1	0	3	7	
2026-05-05 03:35:00	58.58658	17.73585	13	25	0	3	610	0	0	0.016	13.2	9	6.163	7.37	1004.7	7.1	88	265	1	7.3	9.1	1	0	3	7	
2026-05-05 03:50:00	58.58727	17.73582	41	26	0	1	630	0	0	0.014	13.2	9	6.149	7.37	1005	7	89	260	1	6.6	8.5	1	0	3	7	
2026-05-05 04:05:00	58.5894	17.736	12	27	0	1	600	0	0	0.014	13.3	9	6.097	7.37	1005	7	89	265	1	6.4	8.4	1	0	3	7	
2026-05-05 04:20:00	58.58403	17.73534	11	28	0	2	600	0	0	0.014	13.3	9	6.118	7.35	1005.2	6.9	89	255	1	5.4	7.2	1	0	3	7	
2026-05-05 04:50:00	58.57917	17.73507	12	30	0	3	600	0	0	0.016	13.4	9	6.075	7.34	1005.7	6.9	90	250	1	5.1	6.3	1	0	3	7	
2026-05-05 05:05:00	58.58016	17.73849	41	31	0	1	630	0	0	0.016	13.3	9	6.097	7.35	1005.9	6.9	90	255	1	4.5	5.7	1	0	3	7	
2026-05-05 05:20:00	58.57791	17.75241	11	32	0	1	600	0	0	0.016	13.3	9	6.171	7.37	1006	6.9	90	250	1	4.1	5	1	0	3	7	
2026-05-05 05:35:00	58.57623	17.76441	12	33	0	1	600	0	0	0.016	13.3	9	6.221	7.41	1006.2	6.9	90	245	1	3.8	4.7	1	0	3	7	
2026-05-05 06:05:00	58.57566	17.78577	12	35	0	3	600	0	0	0.014	13.4	9	6.123	7.3	1006.2	6.8	89	245	1	4.2	5	1	0	3	7	
2026-05-05 06:20:00	58.57467	17.7963	11	36	0	1	600	0	0	0.014	13.4	9	6.088	7.29	1006.2	6.8	89	250	1	3.8	4.7	1	0	3	7	
2026-05-05 06:35:00	58.5729	17.80506	12	37	0	2	600	0	0	0.014	13.4	9	6.047	7.27	1006.3	6.7	89	260	1	3.2	4.3	1	0	3	7	
2026-05-05 06:50:00	58.57206	17.81343	11	38	0	1	600	0	0	0.014	13.4	9	6.047	7.27	1006.4	6.7	89	260	1	3.5	4.5	1	0	3	7	
2026-05-05 07:05:00	58.5702	17.82009	13	39	0	1	600	0	0	0.014	13.5	9	6.058	7.27	1006.4	6.8	86	260	1	5	6.2	1	0	3	7	
2026-05-05 07:20:00	58.5654	17.81802	13	40	0	1	630	0	0	0.014	13.5	9	6.146	7.3	1006.6	6.9	85	255	1	4.9	6.3	1	0	3	7	
2026-05-05 07:35:00	58.56198	17.82834	13	41	0	1	610	0	0	0.014	13.5	9	6.184	7.31	1006.9	6.9	85	255	1	4.8	5.7	1	0	3	7	
2026-05-05 07:50:00	58.56318	17.83008	12	42	0	1	600	0	0	0.014	13.6	9	6.175	7.3	1006.9	6.9	82	255	1	5.2	6.5	1	0	3	7	
2026-05-05 08:05:00	58.56681	17.8311	12	43	0	1	600	0	0	0.014	13.5	9	6.067	7.27	1007	7.1	75	260	1	5.7	6.8	1	0	3	7	
2026-05-05 08:20:00	58.5687	17.8434	14	44	0	2	610	0	0	0.014	13.6	9	6.035	7.24	1007.1	7.1	75	265	1	6.3	7.5	1	0	3	7	
2026-05-05 08:35:00	58.57275	17.84133	15	45	0	2	610	0	0	0.014	13.8	9	6.031	7.24	1007.2	7	76	270	1	5.3	6.7	1	0	3	7	
2026-05-05 09:05:00	58.58142	17.83701	16	47	0	3	610	0	0	0.014	13.3	10	5.947	7.21	1007.5	7.1	73	265	1	5.2	6.7	1	0	3	7	
2026-05-05 09:20:00	58.58577	17.83476	18	48	0	1	630	0	0	0.014	13.3	10	5.902	7.2	1007.6	7.1	74	260	1	5.1	6.2	1	0	3	7	
2026-05-05 09:35:00	58.58886	17.8323	12	49	0	2	600	0	0	0.014	13.2	10	5.86	7.19	1007.6	7.1	74	265	1	4.6	5.8	1	0	3	7	
2026-05-05 10:05:00	58.5936	17.82939	12	51	0	3	600	0	0	0.016	13.3	10	5.902	7.19	1007.8	7.1	74	255	1	4.3	5.1	1	0	3	7	
2026-05-05 10:20:00	58.59639	17.82639	12	52	0	1	600	0	0	0.014	13.2	10	5.858	7.18	1007.9	7.2	74	250	1	3.5	4.5	1	0	3	7	
2026-05-05 10:35:00	58.59879	17.82297	12	53	0	1	1190	0	0	0.014	13.4	10	5.926	7.19	1008	7.2	76	235	1	3.1	4.3	1	0	3	7	
2026-05-05 11:00:00	58.59879	17.82297		54	0	1	950	0	0	0.016	13.3	11	5.973	7.2	1008	7.4	74	230	1	2.9	3.7	1	0	3	7	
2026-05-05 11:20:00	58.60536	17.8242	12	55	0	1	600	0	0	0.014	13.4	11	5.991	7.21	1008	7.3	74	235	1	3.9	4.9	1	0	3	7	
2026-05-05 11:35:00	58.60731	17.82072	11	56	0	1	600	0	0	0.014	13.3	11	5.999	7.2	1008.1	7.3	77	230	1	3	3.9	1	0	3	7	
2026-05-05 11:50:00	58.60974	17.82258	12	57	0	1	600	0	0	0.014	13.4	11	6.044	7.22	1008	7.4	75	225	1	3.6	4.2	1	0	3	7	
2026-05-05 12:35:00	58.61631	17.82006	12	0	0	3	600	0	0	0.014	13.3	11	6.098	7.22	1008.2	7.7	75	225	1	2.5	3	1	0	3	7	
2026-05-05 13:05:00	58.61946	17.81694	14	2	0	3	610	0	0	0.014	13.3	11	6.13	7.23	1008.2	7.5	75	245	1	3.2	4	1	0	3	7	
2026-05-05 13:20:00	58.62141	17.82558	41	3	0	1	630	0	0	0.014	13.7	11	6.559	7.31	1008.2	7.5	77	235	1	3.4	4.3	1	0	3	7	
2026-05-05 13:35:00	58.62333	17.8239	11	4	0	1	600	0	0	0.016	13.4	10	6.688	7.32	1008.1	7.6	75	235	1	4.3	5.1	1	0	3	7	
2026-05-05 13:50:00	58.62555	17.81934	11	5	0	1	180	0	0	0.014	13.3	10	6.634	7.32	1008.1	7.8	73	235	1	4.5	5.4	1	1	3	0	
2026-05-05 13:55:00	58.62627	17.81796	11	6	0	1	600	0	0	0.014	13.3	11	6.592	7.32	1008.1	7.6	73	240	1	4.3	5.2	1	0	3	7	
2026-05-05 14:10:00	58.62843	17.81442	11	7	0	3	600	0	0	0.014	13.8	10	6.5	7.3	1008.2	7.5	76	230	1	2.7	3.5	1	0	3	7	
2026-05-05 14:25:00	58.63032	17.8131	11	8	0	1	600	0	0	0.014	13.3	10	6.749	7.34	1008.2	7.5	78	230	1	3.2	3.8	1	0	3	7	
2026-05-05 14:40:00	58.6338	17.81805	12	9	0	1	600	0	0	0.014	13.3	10	6.689	7.27	1008.4	7.6	80	215	1	2.2	2.9	1	0	3	7	
2026-05-05 14:55:00	58.63512	17.81571	12	10	0	1	600	0	0	0.016	13.6	10	6.733	7.28	1008.2	7.8	71	235	1	3.4	4.3	1	0	3	7	
2026-05-05 15:10:00	58.6362	17.81298	12	11	0	1	600	0	0	0.016	13.3	10	6.739	7.28	1008.2	7.7	76	250	1	2.4	2.9	1	0	3	7	
2026-05-05 15:25:00	58.63758	17.81202	12	12	0	1	620	0	0	0.014	13.7	10	6.773	7.27	1008.3	8.2	70	250	1	4	4.8	1	0	3	7	
2026-05-05 15:40:00	58.6401	17.80989	13	13	0	1	600	0	0	0.014	13.3	10	6.75	7.26	1008.3	8.3	67	260	1	4.2	4.9	1	0	3	7	
2026-05-05 15:55:00	58.64301	17.8077	11	14	0	1	630	0	0	0.014	13.3	10	6.805	7.27	1008.2	8.5	63	250	1	5.5	6.7	1	0	3	7	
2026-05-05 16:10:00	58.64139	17.80701	11	15	0	1	600	0	0	0.014	13.7	10	6.733	7.27	1008.4	8.4	66	260	1	4.8	6	1	0	3	7	
2026-05-05 17:10:00	58.64535	17.80617	11	19	0	3	600	0	0	0.014	13.3	10	6.752	7.25	1008.7	8.3	66	265	1	3.9	5	1	0	3	7	
2026-05-05 17:25:00	58.64409	17.80632	12	20	0	1	600	0	0	0.016	13.3	9	6.725	7.25	1008.7	8.1	68	290	1	3.7	4.6	1	0	3	7	
2026-05-05 17:40:00	58.64526	17.80899	41	21	0	2	630	0	0	0.014	13.2	10	6.715	7.25	1009	8	70	285	1	3.2	4.2	1	0	3	7	
2026-05-05 17:55:00	58.64319	17.80845	11	22	0	1	600	0	0	0.014	13.3	9	6.724	7.25	1009	8.1	70	285	1	2.6	3.4	1	0	3	7	
2026-05-05 18:10:00	58.64253	17.80947	12	23	0	1	600	0	0	0.014	13.2	9	6.718	7.25	1009.2	7.7	68	270	1	3.1	3.7	1	0	3	7	
2026-05-05 18:25:00	58.64358	17.81082	11	24	0	1	600	0	0	0.014	13.2	9	6.694	7.24	1009.3	7.9	70	275	1	2.5	3.3	1	0	3	7	
2026-05-05 18:40:00	58.64505	17.81157	11	25	0	1	600	0	0	0.016	13.2	9	6.711	7.24	1009.5	7.4	77	275	1	2	2.8	1	0	3	7	
2026-05-05 18:55:00	58.64322	17.81211	11	26	0	1	600	0	0	0.016	13.2	9	6.692	7.24	1009.6	7.3	79	295	1	1.7	2.4	1	0	3	7	
2026-05-05 19:10:00	58.64052	17.81211	12	27	0	1	600	0	0	0.014	13.2	8	6.68	7.24	1009.8	7.2	77	305	1	2.9	3.5	1	0	3	7	
2026-05-05 19:25:00	58.63647	17.81553	12	28	0	2	600	0	0	0.016	13.2	8	6.696	7.24	1009.8	7.4	76	305	1	2.8	3.6	1	0	3	7	
2026-05-05 19:40:00	58.63194	17.81967	12	29	0	1	600	0	0	0.014	13.2	8	6.645	7.24	1010	7.5	71	310	1	3.3	3.9	1	0	3	7	
2026-05-05 20:10:00	58.62276	17.83077	12	31	0	3	600	0	0	0.014	13.2	8	6.644	7.27	1010.1	7	75	305	1	2.7	3.3	1	0	3	7	
2026-05-05 20:25:00	58.61838	17.83581	11	32	0	1	600	0	0	0.016	13.2	8	6.524	7.27	1010.2	6.8	77	305	1	2.6	3.5	1	0	3	7	
2026-05-05 20:40:00	58.61436	17.84064	11	33	0	2	600	0	0	0.016	13.2	8	5.992	7.22	1010.4	6.8	77	310	1	3	3.6	1	0	3	7	
2026-05-05 20:55:00	58.60998	17.84649	12	34	0	1	600	0	0	0.016	13.2	8	6.002	7.23	1010.4	6.9	75	315	1	3.6	4.2	1	0	3	7	
2026-05-05 21:10:00	58.60497	17.85261	12	35	0	1	600	0	0	0.016	13.2	8	6.023	7.24	1010.4	7	73	320	1	4.3	4.8	1	0	3	7	
2026-05-05 21:25:00	58.59912	17.85906	11	36	0	1	600	0	0	0.014	13.2	8	6.484	7.28	1010.5	7.1	73	320	1	3.8	5.1	1	0	3	7	
2026-05-05 21:40:00	58.59291	17.86209	12	37	0	1	600	0	0	0.014	13.2	8	6.301	7.28	1010.9	6.8	76	305	1	1.5	1.8	1	0	3	7	
2026-05-05 21:55:00	58.58937	17.8644	12	38	0	1	600	0	0	0.014	13.2	8	6.148	7.26	1011.2	6.5	78	285	1	1.7	2.5	1	0	3	7	
2026-05-05 22:10:00	58.58643	17.86641	12	39	0	1	610	0	0	0.016	13.2	8	6.129	7.26	1011.3	6.6	76	305	1	1.9	2.6	1	0	3	7	
2026-05-05 22:25:00	58.58349	17.86932	12	40	0	1	600	0	0	0.016	13.2	8	6.274	7.28	1011.4	6.6	76	295	1	1.8	2.3	1	0	3	7	
2026-05-05 22:40:00	58.58025	17.87079	12	41	0	1	610	0	0	0.016	13.2	7	6.378	7.29	1011.5	6.5	79	280	1	1.5	2	1	0	3	7	
2026-05-05 22:55:00	58.57746	17.87172	13	42	0	1	610	0	0	0.016	13.2	7	6.479	7.3	1011.5	6.4	85	260	1	1	1.9	1	0	3	7	
2026-05-05 23:10:00	58.57548	17.87343	13	43	0	1	610	0	0	0.014	13.2	8	6.573	7.32	1011.5	6.2	85	255	1	1.2	1.6	1	0	3	7	
2026-05-05 23:25:00	58.57512	17.87487	19	44	0	1	640	0	0	0.014	13.2	8	6.61	7.32	1011.6	6.3	83	260	1	1.9	2.2	1	0	3	7	
2026-05-05 23:40:00	58.57359	17.87808	12	45	0	1	600	0	0	0.014	13.2	7	6.617	7.31	1011.6	6.3	85	265	1	1.6	2.1	1	0	3	7	
2026-05-06 00:10:00	58.57176	17.88429	11	47	0	3	600	0	0	0.014	13.2	8	6.611	7.3	1011.9	6.3	86	265	1	2.3	2.9	1	0	3	7	
2026-05-06 00:25:00	58.57008	17.88705	11	48	0	1	600	0	0	0.016	13.2	8	6.597	7.3	1011.8	6.2	86	270	1	1.5	2.2	1	0	3	7	
2026-05-06 00:40:00	58.56852	17.88387	11	49	0	1	600	0	0	0.014	13.2	8	6.573	7.3	1011.8	6.2	84	280	1	1.9	2.5	1	0	3	7	
2026-05-06 00:55:00	58.56597	17.88498	11	50	0	1	600	0	0	0.016	13.2	8	6.532	7.31	1011.9	6.2	83	285	1	1.9	2.5	1	0	3	7	
2026-05-06 01:10:00	58.56369	17.88669	12	51	0	2	600	0	0	0.014	13.2	8	6.532	7.33	1012	6.1	84	285	1	1.5	2.2	1	0	3	7	
2026-05-06 01:25:00	58.56159	17.88678	12	52	0	3	600	0	0	0.014	13.2	8	6.535	7.35	1012.1	6	84	295	1	1.2	1.9	1	0	3	7	
2026-05-06 01:40:00	58.56024	17.88552	13	53	0	1	610	0	0	0.014	13.2	8	6.531	7.35	1012.2	6	87	280	1	1.1	1.7	1	0	3	7	
2026-05-06 01:55:00	58.55901	17.88528	12	54	0	2	640	0	0	0.016	13.2	7	6.476	7.33	1012.3	5.9	89	305	1	1.3	2	1	0	3	7	
2026-05-06 02:10:00	58.55784	17.88459	11	55	0	1	600	0	0	0.014	13.2	7	6.461	7.33	1012.4	5.9	88	310	1	1.2	1.4	1	0	3	7	
2026-05-06 02:25:00	58.55649	17.88573	12	56	0	1	600	0	0	0.014	13.2	7	6.468	7.33	1012.4	5.7	89	300	1	0.9	1.3	1	0	3	7	
2026-05-06 02:40:00	58.55595	17.8851	11	57	0	2	600	0	0	0.016	13.2	7	6.474	7.33	1012.5	5.7	89	320	1	1	1.4	1	0	3	7	
2026-05-06 02:55:00	58.55592	17.88696	11	58	0	1	600	0	0	0.014	13.2	7	6.491	7.33	1012.7	5.9	89	310	1	1	1.3	1	0	3	7	
2026-05-06 03:10:00	58.55577	17.8881	12	59	0	1	600	0	0	0.014	13.2	7	6.455	7.32	1012.8	6	89	325	1	1.3	1.5	1	0	3	7	
2026-05-06 03:25:00	58.55544	17.89074	11	0	0	1	600	0	0	0.016	13.2	7	6.488	7.33	1013	6.2	87	345	1	2.2	2.6	1	0	3	7	
2026-05-06 03:40:00	58.55355	17.89317	12	1	0	1	600	0	0	0.014	13.2	8	6.509	7.34	1013	6.3	84	5	1	2.7	3.4	1	0	3	7	
2026-05-06 04:25:00	58.54929	17.90262	12	4	0	3	600	0	0	0.016	13.3	9	6.493	7.36	1013.4	6.6	81	5	1	1.9	2.4	1	0	3	7	
2026-05-06 04:40:00	58.54632	17.90235	11	5	0	1	600	0	0	0.014	13.3	9	6.543	7.4	1013.4	6.5	79	15	1	2.7	3.4	1	0	3	7	
2026-05-06 04:55:00	58.54602	17.90814	11	6	0	1	600	0	0	0.016	13.3	9	6.531	7.4	1013.5	6.6	81	20	1	2.2	2.7	1	0	3	7	
2026-05-06 05:10:00	58.5468	17.90886	12	7	0	1	600	0	0	0.016	13.4	9	6.558	7.4	1013.4	6.7	81	15	1	2.2	2.8	1	0	3	7	
2026-05-06 05:25:00	58.54764	17.90808	12	8	0	1	600	0	0	0.014	13.4	9	6.579	7.4	1013.6	6.7	82	35	1	2.1	2.5	1	0	3	7	
2026-05-06 05:40:00	58.54701	17.91348	11	9	0	1	600	0	0	0.014	13.3	9	6.583	7.41	1013.5	6.7	80	20	1	3.3	4.1	1	0	3	7	
2026-05-06 05:55:00	58.54917	17.91054	11	10	0	1	600	0	0	0.014	13.5	9	6.561	7.39	1013.6	6.7	76	30	1	3.4	4.2	1	0	3	7	
2026-05-06 06:10:00	58.55181	17.90784	13	11	0	1	600	0	0	0.016	13.5	9	6.558	7.37	1013.6	6.7	76	30	1	3.7	4.3	1	0	3	7	
2026-05-06 06:25:00	58.55484	17.90523	11	12	0	1	600	0	0	0.014	13.6	9	6.573	7.36	1013.6	6.7	77	35	1	4	5	1	0	3	7	
2026-05-06 06:40:00	58.55757	17.9028	12	13	0	1	600	0	0	0.014	13.5	9	6.599	7.36	1013.7	6.7	75	35	1	3.4	4.3	1	0	3	7	
2026-05-06 06:55:00	58.55925	17.90055	12	14	0	2	600	0	0	0.014	13.5	10	6.578	7.36	1013.9	6.7	74	45	1	3.9	4.6	1	0	3	7	
2026-05-06 07:10:00	58.56126	17.8995	19	15	0	2	610	0	0	0.014	13.6	10	6.598	7.36	1014	6.8	75	55	1	3.5	4.3	1	0	3	7	
2026-05-06 07:25:00	58.56318	17.89887	41	16	0	1	630	0	0	0.014	13.6	10	6.628	7.37	1014.2	6.8	73	55	1	3.6	4.6	1	0	3	7	
2026-05-06 07:40:00	58.56501	17.8983	11	17	0	2	600	0	0	0.014	13.8	10	6.642	7.38	1014.4	6.8	75	55	1	3.9	4.7	1	0	3	7	
2026-05-06 07:55:00	58.56732	17.89725	11	18	0	1	600	0	0	0.014	13.4	10	6.66	7.37	1014.5	6.8	73	75	1	3.4	4	1	0	3	7	
2026-05-06 08:25:00	58.57095	17.89806	13	20	0	3	610	0	0	0.016	13.3	10	6.785	7.38	1014.8	6.9	76	90	1	3.2	3.9	1	0	3	7	
2026-05-06 08:40:00	58.57296	17.89953	12	21	0	1	600	0	0	0.014	13.4	11	6.808	7.37	1014.8	6.8	76	80	1	3.4	3.9	1	0	3	7	
2026-05-06 08:55:00	58.57491	17.90094	12	22	0	1	600	0	0	0.016	13.3	11	6.835	7.36	1014.8	6.8	75	90	1	3.7	4.5	1	0	3	7	
2026-05-06 09:10:00	58.5768	17.90277	13	23	0	2	610	0	0	0.014	13.2	11	6.906	7.35	1014.7	6.8	75	75	1	3.5	4.2	1	0	3	7	
2026-05-06 09:25:00	58.57875	17.90352	13	24	0	1	610	0	0	0.014	13.4	11	6.919	7.33	1014.7	6.8	76	75	1	3.7	4.6	1	0	3	7	
2026-05-06 09:40:00	58.581	17.90355	16	25	0	1	640	0	0	0.014	13.3	11	6.904	7.33	1014.6	6.8	76	75	1	3.8	4.9	1	0	3	7	
2026-05-06 09:55:00	58.58295	17.90346	11	26	0	1	600	0	0	0.014	13.2	11	6.915	7.32	1014.6	6.8	77	80	1	3.9	4.6	1	0	3	7	
2026-05-06 10:10:00	58.58523	17.9034	12	27	0	1	600	0	0	0.014	13.4	11	6.922	7.32	1014.6	6.8	79	85	1	3.5	4.5	1	0	3	7	
2026-05-06 10:25:00	58.58739	17.90388	11	28	0	3	600	0	0	0.014	13.3	11	6.955	7.32	1014.5	6.7	78	85	1	4.5	5.5	1	0	3	7	
2026-05-06 10:40:00	58.58979	17.90484	11	29	0	1	600	0	0	0.014	13.2	11	6.958	7.33	1014.5	6.8	76	100	1	4.6	5.3	1	0	3	7	
2026-05-06 10:55:00	58.59237	17.90709	11	30	0	1	600	0	0	0.016	13.4	11	6.976	7.33	1014.6	6.8	78	95	1	4	4.7	1	0	3	7	
2026-05-06 11:10:00	58.59513	17.9013	12	31	0	1	600	0	0	0.014	13.3	11	7.02	7.36	1014.6	6.8	79	95	1	4.1	4.5	1	0	3	7	
2026-05-06 11:25:00	58.59705	17.89311	12	32	0	1	600	0	0	0.014	13.4	11	6.961	7.37	1014.6	6.9	80	95	1	3.7	4.7	1	0	3	7	
2026-05-06 11:40:00	58.59987	17.89539	11	33	0	1	600	0	0	0.014	13.3	11	7.002	7.38	1014.5	6.9	77	100	1	4.7	5.3	1	0	3	7	
2026-05-06 11:55:00	58.60278	17.89842	12	34	0	1	630	0	0	0.014	13.2	11	7.054	7.37	1014.6	6.9	76	110	1	4.2	4.9	1	0	3	7	
2026-05-06 12:10:00	58.60695	17.89374	12	35	0	2	600	0	0	0.014	13.5	11	6.972	7.38	1014.5	6.8	75	110	1	4	4.7	1	0	3	7	
2026-05-06 12:25:00	58.60989	17.88561	11	36	0	1	600	0	0	0.014	13.3	11	6.839	7.34	1014.4	6.8	74	105	1	4.6	5.7	1	0	3	7	
2026-05-06 12:40:00	58.61211	17.88879	12	37	0	1	600	0	0	0.016	13.2	10	6.786	7.34	1014.3	6.8	74	110	1	4.3	5.9	1	0	3	7	
2026-05-06 12:55:00	58.61478	17.89194	12	38	0	1	600	0	0	0.014	13.6	10	6.998	7.37	1014.3	6.9	73	115	1	4.3	5	1	0	3	7	
2026-05-06 13:10:00	58.62006	17.88882	12	39	0	2	600	0	0	0.014	13.3	10	6.96	7.36	1014.1	6.9	73	130	1	4.6	5.4	1	0	3	7	
2026-05-06 13:25:00	58.6254	17.88384	11	40	0	1	600	0	0	0.014	13.2	10	6.985	7.37	1014.1	6.9	76	125	1	4.3	5.5	1	0	3	7	
2026-05-06 13:40:00	58.6284	17.8893	11	41	0	1	600	0	0	0.014	13.6	10	7.003	7.35	1014	6.9	76	130	1	4.5	5.1	1	0	3	7	
2026-05-06 13:55:00	58.6344	17.88387	12	42	0	1	600	0	0	0.014	13.3	10	7.018	7.36	1014	6.9	79	120	1	4.9	5.9	1	0	3	7	
2026-05-06 14:10:00	58.63908	17.88396	13	43	0	1	600	0	0	0.014	13.2	10	7.013	7.35	1013.9	6.8	78	120	1	5.4	6.6	1	0	3	7	
2026-05-06 14:25:00	58.64082	17.88555	11	44	0	1	600	0	0	0.014	13.6	10	7.027	7.35	1014	6.8	79	130	1	4.8	5.7	1	0	3	7	
2026-05-06 14:40:00	58.63815	17.8815	41	45	0	1	630	0	0	0.014	13.3	10	7.025	7.37	1013.9	6.8	75	120	1	4.6	5.6	1	0	3	7	
2026-05-06 14:55:00	58.64145	17.88564	12	46	0	1	600	0	0	0.014	13.3	10	7.011	7.35	1014	6.9	75	120	1	4.6	5.7	1	0	3	7	
2026-05-06 15:10:00	58.64706	17.88426	11	47	0	1	600	0	0	0.014	13.6	10	7.044	7.36	1014	6.8	74	115	1	4.5	5.1	1	0	3	7	
2026-05-06 15:25:00	58.65099	17.87712	12	48	0	1	600	0	0	0.014	13.8	10	7.021	7.36	1014	6.8	74	120	1	4.9	6.3	1	0	3	7	
2026-05-06 15:40:00	58.6485	17.87514	12	49	0	1	600	0	0	0.014	13.3	10	7.024	7.37	1014	6.9	75	120	1	4.9	6.2	1	0	3	7	
2026-05-06 15:55:00	58.65159	17.87931	12	50	0	1	600	0	0	0.014	13.3	10	7.016	7.35	1014	6.9	75	120	1	4.1	5.5	1	0	3	7	
2026-05-06 16:10:00	58.65495	17.88339	13	51	0	1	600	0	0	0.014	13.8	10	7.015	7.35	1013.9	6.9	75	120	1	4.1	5	1	0	3	7	
2026-05-06 16:40:00	58.66146	17.89071	14	53	0	3	610	0	0	0.014	13.3	10	6.967	7.32	1013.8	6.9	75	130	1	3.6	4.5	1	0	3	7	
2026-05-06 16:55:00	58.65999	17.88777	15	54	0	2	610	0	0	0.014	13.3	10	6.981	7.33	1013.8	7	75	120	1	4.1	5	1	0	3	7	
2026-05-06 17:10:00	58.66086	17.88957	16	55	0	1	620	0	0	0.014	13.5	9	6.957	7.32	1013.9	6.9	72	120	1	4	4.8	1	0	3	7	
2026-05-06 17:25:00	58.66239	17.8926	21	56	0	3	630	0	0	0.014	13.6	10	6.942	7.32	1013.8	6.7	72	135	1	4.8	5.7	1	0	3	7	
2026-05-06 17:40:00	58.66023	17.88984	17	57	0	1	620	0	0	0.016	13.6	9	6.967	7.33	1013.8	6.7	75	125	1	4.1	4.9	1	0	3	7	
2026-05-06 17:55:00	58.66278	17.89518	16	58	0	1	640	0	0	0.014	13.5	9	6.942	7.32	1013.8	6.6	77	135	1	3.8	5	1	0	3	7	
2026-05-06 18:10:00	58.66287	17.89581	12	59	0	1	600	0	0	0.014	13.4	9	6.947	7.32	1013.9	6.5	76	135	1	3.5	4.7	1	0	3	7	
2026-05-06 18:25:00	58.66131	17.89359	12	0	0	1	600	0	0	0.016	13.3	9	6.943	7.32	1014	6.5	76	130	1	3.3	4.5	1	0	3	7	
2026-05-06 18:40:00	58.65975	17.89185	11	1	0	1	600	0	0	0.014	13.3	9	6.916	7.32	1014.1	6.5	75	125	1	3.4	4	1	0	3	7	
2026-05-06 18:55:00	58.66188	17.89566	12	2	0	1	600	0	0	0.014	13.2	9	6.929	7.32	1014.1	6.5	72	130	1	3.7	4.4	1	0	3	7	
2026-05-06 19:10:00	58.6617	17.89629	12	3	0	2	600	0	0	0.014	13.2	9	6.909	7.31	1014.1	6.5	73	125	1	3.6	4.5	1	0	3	7	
2026-05-06 19:40:00	58.66269	17.9007	12	5	0	3	600	0	0	0.014	13.2	9	6.894	7.31	1014.1	6.4	73	125	1	3	3.6	1	0	3	7	
2026-05-06 19:55:00	58.6611	17.89983	12	6	0	1	600	0	0	0.016	13.2	9	6.884	7.31	1014	6.3	73	120	1	3.1	4.1	1	0	3	7	
2026-05-06 20:25:00	58.66293	17.90457	13	8	0	3	610	0	0	0.014	13.2	9	6.882	7.31	1014.1	6.3	71	125	1	3.1	4	1	0	3	7	
2026-05-06 20:40:00	58.6608	17.90421	12	9	0	1	630	0	0	0.014	13.2	8	6.862	7.31	1014	6.2	72	125	1	3.2	4	1	0	3	7	
2026-05-06 20:55:00	58.65861	17.90307	11	10	0	1	600	0	0	0.014	13.2	8	6.865	7.32	1014.1	6.2	71	120	1	3.4	4	1	0	3	7	
2026-05-06 21:10:00	58.65873	17.90499	11	11	0	1	600	0	0	0.016	13.2	8	6.839	7.31	1014	6.2	72	125	1	3.3	4.3	1	0	3	7	
2026-05-06 21:25:00	58.65933	17.90784	11	12	0	1	600	0	0	0.016	13.2	8	6.834	7.31	1014	6.1	72	125	1	3.4	4.2	1	0	3	7	
2026-05-06 21:40:00	58.65723	17.90691	12	13	0	1	600	0	0	0.014	13.2	8	6.844	7.31	1014	6.1	74	135	1	2.8	3.7	1	0	3	7	
2026-05-06 21:55:00	58.65522	17.90604	12	14	0	1	600	0	0	0.016	13.2	8	6.873	7.32	1014.1	6	72	130	1	2.9	3.5	1	0	3	7	
2026-05-06 22:10:00	58.6533	17.90448	12	15	0	1	600	0	0	0.014	13.2	8	6.854	7.32	1014	6	75	125	1	2.7	3.3	1	0	3	7	
2026-05-06 22:25:00	58.6509	17.90271	13	16	0	1	600	0	0	0.014	13.2	8	6.849	7.33	1014	6	75	120	1	3.3	4	1	0	3	7	
2026-05-06 22:40:00	58.64853	17.90172	12	17	0	1	600	0	0	0.014	13.2	8	6.852	7.33	1014.1	6	76	125	1	3.4	4.2	1	0	3	7	
2026-05-06 22:55:00	58.64586	17.90049	13	18	0	1	610	0	0	0.014	13.2	8	6.959	7.36	1014.1	6	75	125	1	3.1	4.1	1	0	3	7	
2026-05-06 23:25:00	58.64061	17.89866	37	20	0	3	630	0	0	0.016	13.2	9	6.819	7.31	1014.2	5.9	76	130	1	3	3.6	1	0	3	7	
2026-05-06 23:40:00	58.63836	17.89734	12	21	0	1	610	0	0	0.014	13.2	8	6.777	7.29	1014.2	5.8	74	130	1	2.7	3.5	1	0	3	7	
2026-05-06 23:55:00	58.63566	17.89602	12	22	0	3	600	0	0	0.014	13.2	8	6.817	7.29	1014.2	5.8	76	125	1	3.2	3.8	1	0	3	7	
2026-05-07 00:10:00	58.63314	17.89413	12	23	0	1	600	0	0	0.014	13.2	8	6.761	7.28	1014.3	5.7	76	140	1	2.6	3.5	1	0	3	7	
2026-05-07 00:25:00	58.632	17.89344	12	24	0	1	600	0	0	0.014	13.2	8	6.734	7.27	1014.3	5.7	77	145	1	2.9	3.6	1	0	3	7	
2026-05-07 00:40:00	58.63218	17.89845	12	25	0	2	600	0	0	0.014	13.2	8	6.758	7.28	1014.6	5.6	78	160	1	2.4	3.2	1	0	3	7	
2026-05-07 00:55:00	58.63098	17.89551	12	26	0	1	600	0	0	0.016	13.2	8	6.739	7.27	1014.7	5.6	78	160	1	1.8	2.2	1	0	3	7	
2026-05-07 01:10:00	58.63185	17.89491	11	27	0	1	600	0	0	0.014	13.2	8	6.753	7.27	1014.6	5.6	78	155	1	1.9	2.2	1	0	3	7	
2026-05-07 01:40:00	58.63671	17.89338	11	29	0	3	600	0	0	0.014	13.2	8	6.758	7.27	1014.7	5.3	77	145	1	1.4	2.2	1	0	3	7	
2026-05-07 01:55:00	58.63818	17.89476	11	30	0	1	630	0	0	0.014	13.2	7	6.811	7.28	1014.7	5.3	77	155	1	0.9	1.4	1	0	3	7	
2026-05-07 02:10:00	58.63851	17.89617	11	31	0	1	600	0	0	0.016	13.2	7	6.775	7.28	1014.6	5.3	77	145	1	1	1.5	1	0	3	7	
2026-05-07 02:25:00	58.63875	17.89773	12	32	0	1	600	0	0	0.014	13.2	7	6.742	7.27	1014.6	5.2	78	150	1	0.9	1.2	1	0	3	7	
2026-05-07 02:40:00	58.63929	17.89884	13	33	0	2	600	0	0	0.016	13.2	7	6.721	7.28	1014.6	5.1	76	155	1	0.8	1.1	1	0	3	7	
2026-05-07 02:55:00	58.63986	17.89965	12	34	0	1	600	0	0	0.014	13.2	7	6.736	7.27	1014.7	5.3	77	85	1	1.1	1.4	1	0	3	7	
2026-05-07 03:10:00	58.6407	17.90052	12	35	0	1	600	0	0	0.016	13.2	7	6.733	7.29	1014.8	5.6	76	75	1	1	1.4	1	0	3	7	
2026-05-07 03:25:00	58.64151	17.90079	12	36	0	1	600	0	0	0.016	13.2	7	6.737	7.29	1014.9	5.8	75	65	1	1.2	1.6	1	0	3	7	
2026-05-07 03:40:00	58.64241	17.90043	12	37	0	1	600	0	0	0.014	13.2	7	6.741	7.28	1014.9	6	75	90	1	1.5	1.9	1	0	3	7	
2026-05-07 04:10:00	58.64178	17.90013	13	39	0	3	610	0	0	0.014	13.3	8	6.774	7.3	1015	6.1	74	75	1	2.1	2.5	1	0	3	7	
2026-05-07 04:25:00	58.64331	17.90118	11	40	0	1	600	0	0	0.014	13.3	8	6.732	7.3	1015.1	6.3	75	85	1	2	2.4	1	0	3	7	
2026-05-07 04:55:00	58.64751	17.90415	11	42	0	3	600	0	0	0.014	13.3	9	6.742	7.3	1015.2	6.2	75	90	1	2.7	3.1	1	0	3	7	
2026-05-07 05:10:00	58.65012	17.90601	12	43	0	1	600	0	0	0.014	13.4	9	6.764	7.3	1015.3	6.3	75	90	1	3	3.5	1	0	3	7	
2026-05-07 05:25:00	58.65147	17.90664	11	44	0	1	600	0	0	0.014	13.4	9	6.788	7.3	1015.4	6.4	76	105	1	3.6	4.2	1	0	3	7	
2026-05-07 05:40:00	58.64958	17.90682	12	45	0	1	600	0	0	0.014	13.4	9	6.782	7.3	1015.5	6.4	75	85	1	3	3.8	1	0	3	7	
2026-05-07 05:55:00	58.65192	17.90751	13	46	0	1	600	0	0	0.016	13.4	9	6.811	7.31	1015.5	6.4	75	95	1	2.7	3.1	1	0	3	7	
2026-05-07 06:10:00	58.65183	17.90742	11	47	0	1	600	0	0	0.014	13.5	9	6.811	7.31	1015.5	6.4	77	90	1	2.6	3.5	1	0	3	7	
2026-05-07 06:25:00	58.65012	17.90799	11	48	0	2	600	0	0	0.014	13.5	10	6.827	7.31	1015.5	6.3	77	90	1	2.4	3.1	1	0	3	7	
2026-05-07 06:40:00	58.64871	17.90865	11	49	0	1	600	0	0	0.014	13.5	10	6.826	7.31	1015.6	6.4	77	95	1	2.7	3.2	1	0	3	7	
2026-05-07 06:55:00	58.64697	17.90907	11	50	0	1	600	0	0	0.016	13.6	10	6.85	7.31	1015.6	6.4	76	80	1	2.5	3.1	1	0	3	7	
2026-05-07 07:10:00	58.64799	17.90961	13	51	0	1	610	0	0	0.014	13.6	10	6.859	7.32	1015.7	6.5	74	75	1	2.2	3.3	1	0	3	7	
2026-05-07 07:25:00	58.64931	17.91	41	52	0	3	630	0	0	0.014	13.7	11	6.907	7.33	1015.8	6.5	76	90	1	2.8	3.5	1	0	3	7	
2026-05-07 07:40:00	58.6479	17.91078	11	53	0	1	600	0	0	0.014	13.5	11	6.911	7.33	1015.9	6.5	75	75	1	1.8	2.2	1	0	3	7	
2026-05-07 08:10:00	58.64637	17.9118	12	55	0	3	600	0	0	0.014	13.6	11	7.046	7.36	1016.1	6.7	74	90	1	1.9	2.7	1	0	3	7	
2026-05-07 08:25:00	58.64583	17.91204	11	56	0	1	600	0	0	0.016	13.3	11	7.071	7.37	1016.3	6.9	73	60	1	0.8	1.1	1	0	3	7	
2026-05-07 08:40:00	58.64577	17.91144	11	57	0	1	600	0	0	0.014	13.4	11	7.223	7.39	1016.4	7	73	100	1	1.7	2.3	1	0	3	7	
2026-05-07 08:55:00	58.64568	17.91036	12	58	0	1	600	0	0	0.016	13.3	12	7.303	7.4	1016.4	6.8	74	80	1	1.1	1.7	1	0	3	7	
2026-05-07 09:10:00	58.64553	17.91021	13	59	0	1	610	0	0	0.014	13.5	12	7.432	7.44	1016.6	7	70	45	1	0.6	1	1	0	3	7	
2026-05-07 09:25:00	58.64586	17.90934	15	0	0	1	610	0	0	0.014	13.3	12	7.585	7.47	1016.6	7	71	35	1	0.8	1.2	1	0	3	7	
2026-05-07 09:40:00	58.64616	17.90904	13	1	0	1	610	0	0	0.014	13.7	13	7.85	7.52	1016.6	6.9	70	65	1	0.7	1.1	1	0	3	7	
2026-05-07 09:55:00	58.64613	17.9094	13	2	0	1	640	0	0	0.014	13.3	13	8.015	7.54	1016.7	7.2	74	75	1	0.8	1.2	1	0	3	7	
2026-05-07 10:10:00	58.64595	17.90922	11	3	0	1	600	0	0	0.014	13.6	12	8.192	7.57	1016.8	7.2	70	75	1	0.6	1	1	0	3	7	
2026-05-07 10:25:00	58.64562	17.90859	11	4	0	1	600	0	0	0.014	13.3	13	8.376	7.58	1016.9	7	70	90	1	0.9	1.5	1	0	3	7	
2026-05-07 10:40:00	58.64484	17.90865	11	5	0	1	600	0	0	0.014	13.4	13	8.405	7.61	1017	7	72	110	1	1.5	1.9	1	0	3	7	
2026-05-07 10:55:00	58.64397	17.90901	11	6	0	1	600	0	0	0.014	13.3	13	8.103	7.57	1017	7	70	100	1	1.4	2.2	1	0	3	7	
2026-05-07 11:10:00	58.64355	17.90751	11	7	0	1	600	0	0	0.014	13.6	12	8.085	7.58	1017	7.1	70	105	1	2.3	2.8	1	0	3	7	
2026-05-07 11:25:00	58.64253	17.907	11	8	0	1	600	0	0	0.014	13.3	13	8.084	7.56	1017	7.1	70	95	1	2	2.6	1	0	3	7	
2026-05-07 11:40:00	58.64193	17.90541	11	9	0	2	600	0	0	0.014	13.6	12	8.053	7.54	1017.1	7.1	68	105	1	2	2.7	1	0	3	7	
2026-05-07 11:55:00	58.64007	17.9049	12	10	0	1	610	0	0	0.014	13.3	12	8.002	7.52	1017.2	7.1	68	105	1	2.6	3.1	1	0	3	7	
2026-05-07 12:10:00	58.6383	17.90538	13	11	0	1	610	0	0	0.014	13.7	12	7.608	7.45	1017.2	7.2	67	110	1	2.2	2.6	1	0	3	7	
2026-05-07 12:25:00	58.63635	17.90541	13	12	0	2	610	0	0	0.014	13.4	12	7.66	7.45	1017.3	7.2	67	125	1	2.2	2.8	1	0	3	7	
2026-05-07 12:40:00	58.63404	17.90451	12	13	0	3	600	0	0	0.014	13.3	11	7.788	7.49	1017.3	7.2	66	115	1	2.8	3.2	1	0	3	7	
2026-05-07 12:55:00	58.63146	17.90316	13	14	0	1	610	0	0	0.014	13.4	11	7.664	7.47	1017.4	7.3	67	130	1	2.7	3.2	1	0	3	7	
2026-05-07 13:10:00	58.62927	17.90145	41	15	0	1	630	0	0	0.014	13.5	11	7.932	7.53	1017.5	7.2	68	135	1	2.7	3.2	1	0	3	7	
2026-05-07 13:25:00	58.62735	17.8998	11	16	0	1	600	0	0	0.014	13.9	10	8.179	7.6	1017.5	7.3	68	135	1	2.1	2.5	1	0	3	7	
2026-05-07 13:40:00	58.62519	17.89752	12	17	0	1	600	0	0	0.014	13.8	10	7.586	7.51	1017.5	7.2	69	125	1	2.3	2.8	1	0	3	7	
2026-05-07 13:55:00	58.62312	17.89542	12	18	0	1	600	0	0	0.014	13.3	10	7.801	7.55	1017.7	7.2	67	130	1	2.6	3.3	1	0	3	7	
2026-05-07 14:10:00	58.62105	17.89452	11	19	0	3	600	0	0	0.014	13.3	10	7.482	7.49	1017.8	7.2	68	125	1	2.2	2.7	1	0	3	7	
2026-05-07 14:25:00	58.62006	17.89482	11	20	0	1	600	0	0	0.014	13.6	10	7.416	7.48	1017.7	7.3	73	115	1	3.1	3.7	1	0	3	7	
2026-05-07 14:40:00	58.62126	17.89908	12	21	0	1	600	0	0	0.014	13.3	11	7.881	7.57	1017.8	7.4	73	110	1	2.7	3.4	1	0	3	7	
2026-05-07 14:55:00	58.62285	17.90265	12	22	0	1	600	0	0	0.014	13.3	11	8.077	7.57	1017.9	7.4	73	105	1	2.5	3.1	1	0	3	7	
2026-05-07 15:10:00	58.62453	17.90607	13	23	0	1	610	0	0	0.014	13.6	11	7.792	7.49	1017.9	7.3	73	100	1	3.5	4.2	1	0	3	7	
2026-05-07 15:25:00	58.62645	17.90931	12	24	0	2	600	0	0	0.016	13.3	11	7.579	7.47	1017.9	7.4	75	100	1	4	4.6	1	0	3	7	
2026-05-07 15:40:00	58.62837	17.91255	13	25	0	1	610	0	0	0.014	13.3	11	7.431	7.47	1018.1	7.4	77	100	1	3.7	4.4	1	0	3	7	
2026-05-07 15:55:00	58.63053	17.91555	13	26	0	2	630	0	0	0.014	13.7	11	7.668	7.5	1018.2	7.4	78	100	1	3.3	3.9	1	0	3	7	
2026-05-07 16:10:00	58.63245	17.91735	12	27	0	1	600	0	0	0.016	13.3	11	7.599	7.49	1018.3	7.4	78	105	1	3.5	4.3	1	0	3	7	
2026-05-07 16:40:00	58.63629	17.92092	11	29	0	3	600	0	0	0.014	13.5	11	7.443	7.44	1018.2	7.5	78	110	1	3.1	3.8	1	0	3	7	
2026-05-07 16:55:00	58.63839	17.92323	11	30	0	2	600	0	0	0.014	13.6	11	7.738	7.51	1018.4	7.5	76	110	1	3	3.7	1	0	3	7	
2026-05-07 17:10:00	58.64052	17.92542	11	31	0	2	600	0	0	0.014	13.9	10	7.815	7.51	1018.4	7.4	77	105	1	3.4	4.1	1	0	3	7	
2026-05-07 17:25:00	58.64271	17.92794	12	32	0	1	600	0	0	0.014	13.9	10	7.529	7.45	1018.5	7.4	79	115	1	3	3.8	1	0	3	7	
2026-05-07 17:40:00	58.64448	17.93133	12	33	0	1	600	0	0	0.016	13.4	10	7.325	7.41	1018.6	7.3	80	130	1	2.9	3.8	1	0	3	7	
2026-05-07 17:55:00	58.64583	17.93463	11	34	0	1	600	0	0	0.014	13.3	10	7.344	7.41	1018.7	7.2	80	135	1	3.3	4.2	1	0	3	7	
2026-05-07 18:10:00	58.64712	17.93835	13	35	0	1	600	0	0	0.014	13.3	10	7.439	7.43	1019	7.1	80	120	1	2.5	3.4	1	0	3	7	
2026-05-07 18:25:00	58.64823	17.93985	12	36	0	1	600	0	0	0.014	13.2	10	7.449	7.43	1019.2	7.1	81	110	1	1.7	2.1	1	0	3	7	
2026-05-07 18:40:00	58.64949	17.94033	12	37	0	1	610	0	0	0.016	13.2	9	7.344	7.39	1019.3	7	82	125	1	1.7	2	1	0	3	7	
2026-05-07 18:55:00	58.65066	17.94006	13	38	0	2	640	0	0	0.014	13.2	9	7.178	7.33	1019.5	6.9	83	115	1	1	1.5	1	0	3	7	
2026-05-07 19:40:00	58.65243	17.93898	11	41	0	3	600	0	0	0.014	13.2	9	6.967	7.26	1020.2	6.5	88	135	1	1.1	1.8	1	0	3	7	
2026-05-07 20:10:00	58.65315	17.93736	11	43	0	0	600	0	0	0.014	13.2	8	6.905	7.24	1020.6	6.3	90	75	1	0.5	0.9	1	0	3	7	
2026-05-07 20:25:00	58.65351	17.93691	11	44	0	2	600	0	0	0.014	13.2	8	6.83	7.23	1020.8	6.3	91	80	1	0.9	1.8	1	0	3	7	
2026-05-07 20:40:00	58.65348	17.93661	12	45	0	2	600	0	0	0.014	13.2	8	6.848	7.23	1020.9	6.2	92	25	1	0.6	0.9	1	0	3	7	
2026-05-07 20:55:00	58.65318	17.93607	12	46	0	1	600	0	0	0.014	13.2	8	6.888	7.25	1021.1	6.3	92	55	1	0.9	1.4	1	0	3	7	
2026-05-07 21:10:00	58.65288	17.93601	13	47	0	1	610	0	0	0.014	13.2	8	6.922	7.23	1021.3	6.2	93	55	1	1	1.6	1	0	3	7	
2026-05-07 21:25:00	58.65234	17.93607	13	48	0	2	610	0	0	0.014	13.2	8	6.886	7.23	1021.3	6.3	93	45	1	1.3	2	1	0	3	7	
2026-05-07 21:40:00	58.65096	17.937	13	49	0	1	610	0	0	0.016	13.2	8	7.192	7.34	1021.5	6.6	92	35	1	1.3	1.6	1	0	3	7	
2026-05-07 21:55:00	58.64877	17.93409	41	50	0	1	630	0	0	0.014	13.2	8	7.516	7.45	1021.6	6.6	90	70	1	1.8	2.6	1	0	3	7	
2026-05-07 22:10:00	58.64754	17.92953	11	51	0	2	600	0	0	0.014	13.2	8	7.442	7.44	1021.7	6.7	91	75	1	1.4	1.9	1	0	3	7	
2026-05-07 22:25:00	58.64775	17.92572	11	52	0	1	600	0	0	0.016	13.2	8	7.464	7.44	1021.7	6.8	92	70	1	1.8	2.3	1	0	3	7	
2026-05-07 22:40:00	58.64931	17.92704	11	53	0	1	600	0	0	0.016	13.2	8	7.486	7.45	1021.9	6.8	92	70	1	1.8	2.2	1	0	3	7	
2026-05-07 23:10:00	58.64823	17.92635	11	55	0	3	600	0	0	0.014	13.2	9	7.441	7.44	1022	6.7	91	85	1	1.4	1.7	1	0	3	7	
2026-05-07 23:40:00	58.64661	17.92329	12	57	0	3	600	0	0	0.014	13.2	9	7.321	7.43	1022.2	6.7	92	105	1	1.2	1.6	1	0	3	7	
2026-05-07 23:55:00	58.64565	17.92317	13	58	0	1	640	0	0	0.014	13.2	9	7.238	7.39	1022.3	6.7	93	95	1	1.6	1.9	1	0	3	7	
2026-05-08 00:10:00	58.6443	17.92284	12	59	0	1	600	0	0	0.014	13.2	9	7.126	7.37	1022.4	6.6	94	100	1	1.3	1.7	1	0	3	7	
2026-05-08 00:25:00	58.64322	17.92284	11	0	0	3	600	0	0	0.014	13.2	9	7.137	7.37	1022.6	6.7	94	85	1	1.5	1.9	1	0	3	7	
2026-05-08 00:40:00	58.6422	17.92326	12	1	0	1	600	0	0	0.016	13.2	8	7.165	7.37	1022.7	6.6	95	105	1	0.8	1.2	1	0	3	7	
2026-05-08 00:55:00	58.64109	17.92284	12	2	0	2	600	0	0	0.016	13.2	8	7.166	7.37	1022.9	6.5	94	110	1	1.2	1.5	1	0	3	7	
2026-05-08 01:25:00	58.63896	17.92305	11	4	0	3	600	0	0	0.014	13.2	8	7.228	7.39	1023.2	6.6	95	85	1	1.3	1.6	1	0	3	7	
2026-05-08 01:40:00	58.63767	17.92398	11	5	0	1	600	0	0	0.014	13.2	8	7.195	7.38	1023.5	6.6	95	90	1	2.3	2.7	1	0	3	7	
2026-05-08 01:55:00	58.63617	17.92455	11	6	0	1	600	0	0	0.014	13.2	8	7.198	7.38	1023.6	6.6	94	85	1	2.7	3.2	1	0	3	7	
2026-05-08 02:10:00	58.63428	17.92539	13	7	0	1	600	0	0	0.014	13.2	8	7.252	7.41	1023.7	6.6	94	80	1	2.4	2.8	1	0	3	7	
2026-05-08 02:25:00	58.63212	17.92632	13	8	0	1	610	0	0	0.014	13.2	9	7.286	7.41	1023.8	6.6	93	95	1	1.6	2	1	0	3	7	
2026-05-08 02:40:00	58.63032	17.92641	15	9	0	1	640	0	0	0.014	13.2	9	7.184	7.4	1024	6.7	92	95	1	1.8	2.1	1	0	3	7	
2026-05-08 02:55:00	58.62867	17.92605	11	10	0	1	600	0	0	0.014	13.2	9	7.063	7.37	1024	6.7	90	105	1	2	2.3	1	0	3	7	
2026-05-08 03:10:00	58.62693	17.92602	11	11	0	1	600	0	0	0.016	13.2	9	7.078	7.37	1024.2	6.9	89	90	1	1.5	2	1	0	3	7	
2026-05-08 03:25:00	58.62519	17.92629	12	12	0	1	600	0	0	0.014	13.2	9	7.099	7.37	1024.4	7	89	85	1	2.2	2.5	1	0	3	7	
2026-05-08 03:55:00	58.62216	17.92698	11	14	0	3	600	0	0	0.016	13.2	9	7.197	7.37	1024.8	7.3	89	85	1	2	2.4	1	0	3	7	
2026-05-08 04:10:00	58.62075	17.9271	12	15	0	1	600	0	0	0.014	13.3	9	7.228	7.37	1024.8	7.3	88	75	1	2.3	2.8	1	0	3	7	
2026-05-08 04:25:00	58.61919	17.92827	12	16	0	3	600	0	0	0.016	13.3	9	7.278	7.39	1025	7.4	88	75	1	1.9	2.2	1	0	3	7	
2026-05-08 04:40:00	58.61778	17.92884	12	17	0	2	610	0	0	0.014	13.3	10	7.294	7.41	1025.1	7.4	87	90	1	2.1	2.6	1	0	3	7	
2026-05-08 04:55:00	58.61628	17.92896	14	18	0	1	620	0	0	0.016	13.3	10	7.306	7.41	1025.3	7.4	87	95	1	2.4	2.9	1	0	3	7	
2026-05-08 05:10:00	58.61472	17.92869	12	19	0	1	600	0	0	0.014	13.4	10	7.266	7.4	1025.5	7.5	87	95	1	2	2.8	1	0	3	7	
2026-05-08 05:25:00	58.61325	17.92827	13	20	0	2	610	0	0	0.014	13.4	10	7.225	7.39	1025.6	7.5	86	100	1	2.2	2.5	1	0	3	7	
2026-05-08 05:40:00	58.61163	17.92761	13	21	0	1	610	0	0	0.014	13.5	10	7.26	7.4	1025.8	7.5	86	100	1	2.4	2.7	1	0	3	7	
2026-05-08 05:55:00	58.61016	17.92686	15	22	0	1	640	0	0	0.014	13.5	10	7.247	7.38	1025.9	7.5	85	95	1	2.3	2.8	1	0	3	7	
2026-05-08 06:10:00	58.60857	17.92641	12	23	0	2	600	0	0	0.014	13.5	11	7.225	7.39	1026	7.4	84	80	1	2.6	3	1	0	3	7	
2026-05-08 06:25:00	58.60686	17.92662	11	24	0	1	600	0	0	0.014	13.5	11	7.252	7.41	1026.1	7.4	83	85	1	2.4	2.8	1	0	3	7	
2026-05-08 06:40:00	58.60506	17.92644	11	25	0	1	600	0	0	0.014	13.5	11	7.187	7.38	1026.3	7.5	83	90	1	1.9	2.3	1	0	3	7	
2026-05-08 06:55:00	58.60359	17.92578	11	26	0	1	600	0	0	0.014	13.6	11	7.168	7.38	1026.5	7.5	82	80	1	2.2	2.6	1	0	3	7	
2026-05-08 07:10:00	58.60197	17.92554	11	27	0	1	600	0	0	0.014	13.6	11	7.063	7.36	1026.5	7.5	82	70	1	2	2.5	1	0	3	7	
2026-05-08 07:25:00	58.60002	17.92434	12	28	0	2	600	0	0	0.014	13.8	11	7.182	7.41	1026.8	7.7	81	80	1	2	2.4	1	0	3	7	
2026-05-08 07:40:00	58.59975	17.91651	11	29	0	1	600	0	0	0.014	13.4	12	7.26	7.43	1027	7.9	80	80	1	1.7	2	1	0	3	7	
2026-05-08 07:55:00	58.59891	17.90916	11	30	0	1	600	0	0	0.014	13.3	12	7.371	7.48	1027	7.9	80	75	1	1.5	1.8	1	0	3	7	
2026-05-08 08:10:00	58.59942	17.90199	11	31	0	1	600	0	0	0.016	13.4	13	7.433	7.47	1027.2	7.9	79	95	1	1.7	2	1	0	3	7	
2026-05-08 08:25:00	58.59897	17.8944	11	32	0	1	600	0	0	0.014	13.3	14	7.496	7.5	1027.4	8	80	90	1	1.8	2.2	1	0	3	7	
2026-05-08 08:40:00	58.59858	17.88759	12	33	0	2	630	0	0	0.014	13.4	15	7.531	7.48	1027.3	7.9	79	70	1	1.9	2.3	1	0	3	7	
2026-05-08 08:55:00	58.59807	17.88012	11	34	0	2	600	0	0	0.016	13.3	15	7.5	7.45	1027.3	8	78	85	1	2	2.3	1	0	3	7	
2026-05-08 09:10:00	58.59741	17.87217	11	35	0	1	600	0	0	0.016	13.4	16	7.516	7.46	1027.3	8	79	70	1	2.8	3.3	1	0	3	7	
2026-05-08 09:25:00	58.59591	17.86356	11	36	0	2	600	0	0	0.016	13.3	16	7.628	7.49	1027.3	7.8	76	70	1	2.7	3	1	0	3	7	
2026-05-08 09:40:00	58.59483	17.85423	11	37	0	1	600	0	0	0.016	13.4	16	7.612	7.48	1027.3	7.9	77	75	1	3.1	3.6	1	0	3	7	
2026-05-08 09:55:00	58.59411	17.84409	11	38	0	1	600	0	0	0.014	13.3	16	7.613	7.49	1027.3	7.8	77	75	1	3.7	4.1	1	0	3	7	
2026-05-08 10:10:00	58.59387	17.83245	11	39	0	1	600	0	0	0.014	13.4	16	7.726	7.52	1027.3	7.9	79	70	1	3.7	4.2	1	0	3	7	
2026-05-08 10:25:00	58.59153	17.82402	11	40	0	2	600	0	0	0.016	13.3	16	7.662	7.51	1027.4	7.7	80	70	1	3.6	4.4	1	0	3	7	
2026-05-08 10:40:00	58.58922	17.82525	12	41	0	1	600	0	0	0.014	13.6	14	7.5	7.47	1027.4	7.6	81	75	1	4.1	5.2	1	0	3	7	
2026-05-08 10:55:00	58.58676	17.82582	12	42	0	1	600	0	0	0.014	13.7	13	7.514	7.47	1027.4	7.6	81	75	1	4	5	1	0	3	7	
2026-05-08 11:10:00	58.58469	17.82513	12	43	0	1	600	0	0	0.016	13.3	12	7.429	7.46	1027.4	7.6	81	70	1	4	5.1	1	0	3	7	
2026-05-08 11:25:00	58.58223	17.82429	12	44	0	1	600	0	0	0.014	13.2	12	7.565	7.56	1027.6	7.5	80	80	1	3.5	4.7	1	0	3	7	
2026-05-08 11:40:00	58.57992	17.82333	23	45	0	1	620	0	0	0.016	13.2	11	7.406	7.57	1027.6	7.5	81	70	1	3	3.7	1	0	3	7	
2026-05-08 11:55:00	58.57794	17.82201	41	46	0	1	630	0	0	0.014	13.6	11	7.31	7.56	1027.6	7.5	80	85	1	3.4	4.3	1	0	3	7	
2026-05-08 12:10:00	58.57623	17.81997	11	47	0	1	600	0	0	0.016	13.3	11	7.299	7.57	1027.6	7.5	81	80	1	2.8	3.9	1	0	3	7	
2026-05-08 12:25:00	58.57455	17.81826	11	48	0	1	600	0	0	0.014	13.3	11	7.319	7.58	1027.5	7.5	79	80	1	3.3	4.2	1	0	3	7	
2026-05-08 12:55:00	58.57095	17.81565	11	50	0	3	600	0	0	0.014	13.3	11	7.201	7.59	1027.3	7.6	80	65	1	3.2	4	1	0	3	7	
2026-05-08 13:10:00	58.57167	17.81262	11	51	0	2	600	0	0	0.014	13.6	11	7.253	7.6	1027.3	7.6	80	65	1	3.1	3.7	1	0	3	7	
2026-05-08 13:25:00	58.57389	17.80932	11	52	0	1	600	0	0	0.014	13.3	11	7.323	7.59	1027.3	7.7	81	55	1	3.1	4	1	0	3	7	
2026-05-08 13:40:00	58.57575	17.8062	11	53	0	2	600	0	0	0.014	13.2	12	7.327	7.58	1027.2	7.7	80	55	1	2.8	3.7	1	0	3	7	
2026-05-08 13:55:00	58.57788	17.80311	11	54	0	1	640	0	0	0.016	13.5	12	7.396	7.57	1027.3	7.7	79	65	1	3.1	4	1	0	3	7	
2026-05-08 14:10:00	58.57983	17.80032	11	55	0	1	600	0	0	0.014	13.3	12	7.515	7.6	1027.2	7.8	79	60	1	2.7	3.5	1	0	3	7	
2026-05-08 14:25:00	58.58148	17.79723	11	56	0	1	600	0	0	0.016	13.2	11	7.674	7.6	1027.2	7.8	79	55	1	2.7	3.3	1	0	3	7	
2026-05-08 14:40:00	58.58316	17.79462	11	57	0	1	600	0	0	0.014	13.6	12	7.769	7.6	1027.2	7.8	79	50	1	2.4	3.5	1	0	3	7	
2026-05-08 14:55:00	58.58478	17.7915	12	58	0	1	600	0	0	0.014	13.3	11	7.623	7.52	1027.2	7.9	79	60	1	2.3	3.1	1	0	3	7	
2026-05-08 15:10:00	58.58658	17.78763	12	59	0	1	600	0	0	0.014	13.3	12	7.607	7.49	1027.1	7.9	78	55	1	2.7	3.5	1	0	3	7	
2026-05-08 15:25:00	58.58862	17.7834	12	0	0	1	600	0	0	0.014	13.6	11	7.767	7.53	1027	7.9	79	70	1	2.3	3	1	0	3	7	
2026-05-08 15:40:00	58.58874	17.77446	11	1	0	1	600	0	0	0.014	13.3	11	7.786	7.54	1026.9	8	78	50	1	2.1	2.6	1	0	3	7	
2026-05-08 15:55:00	58.58817	17.76606	11	2	0	1	610	0	0	0.014	13.8	11	7.845	7.56	1026.8	8	78	45	1	2.3	3.1	1	0	3	7	
2026-05-08 16:10:00	58.58745	17.75817	12	3	0	1	600	0	0	0.014	13.5	11	7.811	7.55	1026.8	8	80	45	1	2.3	2.8	1	0	3	7	
2026-05-08 16:25:00	58.58598	17.75142	15	4	0	3	610	0	0	0.014	13.3	11	7.757	7.55	1026.8	7.9	80	40	1	2.4	2.8	1	0	3	7	
2026-05-08 16:40:00	58.584	17.74458	14	5	0	1	610	0	0	0.016	13.3	11	7.625	7.54	1026.7	7.7	82	25	1	3.1	3.7	1	0	3	7	
2026-05-08 16:55:00	58.58337	17.74701	12	6	0	2	610	0	0	0.016	13.3	11	7.609	7.53	1026.7	7.6	82	30	1	2.6	3.3	1	0	3	7	
2026-05-08 17:10:00	58.58295	17.75034	14	7	0	1	610	0	0	0.014	13.3	11	7.561	7.52	1026.7	7.6	81	45	1	2.4	3	1	0	3	7	
2026-05-08 17:25:00	58.58247	17.75256	41	8	0	1	630	0	0	0.014	13.3	11	7.541	7.52	1026.5	7.7	80	35	1	2.7	3.4	1	0	3	7	
2026-05-08 17:40:00	58.58181	17.75514	11	9	0	1	600	0	0	0.014	13.3	10	7.508	7.52	1026.6	7.7	83	20	1	2.9	3.5	1	0	3	7	
2026-05-08 17:55:00	58.58133	17.75826	12	10	0	1	600	0	0	0.014	13.3	10	7.251	7.45	1026.5	7.5	85	20	1	3.7	4.3	1	0	3	7	
2026-05-08 18:10:00	58.58058	17.76258	14	11	0	1	610	0	0	0.014	13.3	10	7.347	7.5	1026.6	7.5	85	30	1	3.7	4.3	1	0	3	7	
2026-05-08 18:25:00	58.57959	17.76588	13	12	0	1	610	0	0	0.016	13.2	10	7.423	7.56	1026.6	7.4	85	40	1	3.3	4	1	0	3	7	
2026-05-08 18:40:00	58.57863	17.76801	13	13	0	2	610	0	0	0.016	13.2	10	7.366	7.59	1026.6	7.3	84	40	1	3.1	3.9	1	0	3	7	
2026-05-08 18:55:00	58.57764	17.76966	12	14	0	1	610	0	0	0.016	13.2	10	7.269	7.57	1026.7	7.4	86	40	1	2.3	3.8	1	0	3	7	
2026-05-08 19:25:00	58.57638	17.77164	13	16	0	3	610	0	0	0.014	13.2	10	7.181	7.53	1026.8	7.3	86	30	1	2.7	3.4	1	0	3	7	
2026-05-08 19:40:00	58.57602	17.77263	13	17	0	2	610	0	0	0.014	13.2	10	7.158	7.52	1026.7	7.3	86	15	1	2.5	3	1	0	3	7	
2026-05-08 19:55:00	58.57596	17.77335	13	18	0	3	630	0	0	0.014	13.2	10	7.144	7.5	1026.8	7.3	86	15	1	1.6	2.2	1	0	3	7	
2026-05-08 20:10:00	58.57599	17.77389	12	19	0	1	600	0	0	0.014	13.2	9	7.155	7.49	1027	7.3	87	20	1	1.6	2.1	1	0	3	7	
2026-05-08 20:25:00	58.5759	17.77398	11	20	0	2	600	0	0	0.014	13.2	9	7.143	7.47	1027	7.3	86	25	1	1.6	2.3	1	0	3	7	
2026-05-08 20:40:00	58.5759	17.77407	11	21	0	1	600	0	0	0.016	13.2	9	7.156	7.47	1027	7.3	86	25	1	2.1	2.7	1	0	3	7	
2026-05-08 20:55:00	58.57587	17.77449	12	22	0	1	600	0	0	0.014	13.2	9	7.162	7.45	1026.9	7.3	85	30	1	2.7	3.2	1	0	3	7	
2026-05-08 21:10:00	58.57572	17.77611	12	23	0	3	600	0	0	0.014	13.2	9	7.196	7.47	1026.9	7.5	85	30	1	2.5	3.1	1	0	3	7	
2026-05-08 21:25:00	58.57539	17.77875	12	24	0	1	600	0	0	0.014	13.2	9	7.227	7.49	1027	7.4	85	30	1	2.5	3.3	1	0	3	7	
2026-05-08 21:40:00	58.57506	17.7804	12	25	0	1	600	0	0	0.016	13.2	9	7.258	7.5	1026.9	7.4	87	35	1	2.4	3.2	1	0	3	7	
2026-05-08 21:55:00	58.57455	17.78148	12	26	0	1	600	0	0	0.016	13.2	9	7.304	7.5	1026.8	7.4	87	45	1	2.2	2.9	1	0	3	7	
2026-05-08 22:10:00	58.57392	17.78265	12	27	0	2	610	0	0	0.014	13.2	9	7.34	7.48	1026.8	7.4	85	45	1	3.2	3.9	1	0	3	7	
2026-05-08 22:25:00	58.57299	17.78421	12	28	0	1	600	0	0	0.014	13.2	9	7.363	7.52	1026.7	7.5	85	50	1	3.2	3.9	1	0	3	7	
2026-05-08 22:40:00	58.57128	17.78592	13	29	0	1	610	0	0	0.014	13.2	9	7.386	7.52	1026.7	7.5	84	60	1	3.3	3.9	1	0	3	7	
2026-05-08 22:55:00	58.5699	17.78679	13	30	0	1	610	0	0	0.016	13.2	9	7.407	7.51	1026.7	7.4	83	55	1	3.2	4	1	0	3	7	
2026-05-08 23:25:00	58.56579	17.78958	40	32	0	3	630	0	0	0.014	13.2	10	7.139	7.44	1026.7	7.3	84	55	1	3.3	4.1	1	0	3	7	
2026-05-08 23:40:00	58.5639	17.79045	12	33	0	1	600	0	0	0.014	13.2	9	7.137	7.46	1026.6	7.3	85	50	1	3.2	3.9	1	0	3	7	
2026-05-09 00:10:00	58.56537	17.78526	11	35	0	3	600	0	0	0.016	13.2	9	7.084	7.43	1026.5	7.3	83	60	1	3	3.8	1	0	3	7	
2026-05-09 00:25:00	58.56336	17.7858	12	36	0	1	600	0	0	0.014	13.2	9	7.076	7.45	1026.5	7.2	85	45	1	3.1	3.7	1	0	3	7	
2026-05-09 00:40:00	58.56201	17.78634	11	37	0	2	600	0	0	0.016	13.2	9	6.848	7.42	1026.5	7.1	87	40	1	2.9	3.5	1	0	3	7	
2026-05-09 00:55:00	58.56099	17.78712	12	38	0	2	600	0	0	0.014	13.2	9	6.734	7.43	1026.5	7.1	88	45	1	2.4	3.1	1	0	3	7	
2026-05-09 01:10:00	58.56018	17.78745	12	39	0	1	600	0	0	0.016	13.2	9	6.741	7.44	1026.3	7	88	50	1	2.9	3.6	1	0	3	7	
2026-05-09 01:25:00	58.55916	17.78811	11	40	0	1	600	0	0	0.014	13.2	9	6.712	7.45	1026.4	7	87	40	1	3	3.6	1	0	3	7	
2026-05-09 01:40:00	58.55823	17.78925	13	41	0	1	610	0	0	0.014	13.2	9	6.678	7.47	1026.5	7	87	45	1	2.8	3.6	1	0	3	7	
2026-05-09 01:55:00	58.55706	17.79033	15	42	0	1	640	0	0	0.014	13.2	9	6.697	7.47	1026.4	6.9	88	45	1	3.1	3.6	1	0	3	7	
2026-05-09 02:10:00	58.5558	17.79135	11	43	0	1	600	0	0	0.016	13.2	9	6.656	7.52	1026.3	6.9	89	40	1	2.4	3.1	1	0	3	7	
2026-05-09 02:25:00	58.55484	17.79225	11	44	0	1	600	0	0	0.014	13.2	9	6.668	7.52	1026.2	6.9	89	40	1	3.1	3.9	1	0	3	7	
2026-05-09 02:40:00	58.55376	17.7936	12	45	0	1	600	0	0	0.016	13.2	9	6.72	7.61	1026.3	7	86	45	1	3.6	4.4	1	0	3	7	
2026-05-09 02:55:00	58.55196	17.796	12	46	0	2	600	0	0	0.014	13.2	9	6.862	7.68	1026.4	7.1	84	55	1	3.4	4.5	1	0	3	7	
2026-05-09 03:10:00	58.54974	17.79768	11	47	0	1	600	0	0	0.016	13.2	9	6.909	7.77	1026.3	7.2	84	50	1	3.7	4.4	1	0	3	7	
2026-05-09 03:40:00	58.54602	17.80332	13	49	0	3	610	0	0	0.014	13.2	9	7.025	7.89	1026.2	7.3	86	45	1	3.1	4	1	0	3	7	
2026-05-09 03:55:00	58.54431	17.80689	13	50	0	1	190	0	0	0.016	13.2	9	7.095	7.89	1026.2	7.3	86	50	1	3	3.8	1	1	3	0	
2026-05-09 04:00:00	58.54368	17.80803	41	51	0	1	630	0	0	0.016	13.2	9	6.772	7.79	1026.2	7.4	84	55	1	3.5	4.3	1	0	3	7	
2026-05-09 04:15:00	58.54107	17.81211	12	52	0	1	600	0	0	0.014	13.3	9	7.13	7.95	1026.2	7.6	85	65	1	3.5	4.6	1	0	3	7	
2026-05-09 04:30:00	58.53852	17.81514	12	53	0	1	600	0	0	0.016	13.3	9	6.91	7.96	1026.2	7.6	85	60	1	2.9	4.4	1	0	3	7	
2026-05-09 04:45:00	58.53633	17.81811	12	54	0	2	600	0	0	0.014	13.3	9	7.043	8.03	1026.2	7.6	84	70	1	3.4	4.3	1	0	3	7	
2026-05-09 05:00:00	58.5345	17.81856	11	55	0	3	600	0	0	0.014	13.3	9	7.155	8.14	1026.2	7.6	85	65	1	3.1	3.8	1	0	3	7	
2026-05-09 05:15:00	58.53657	17.81835	11	56	0	1	600	0	0	0.016	13.4	9	7.057	8.04	1026.1	7.7	84	75	1	3.2	4.4	1	0	3	7	
2026-05-09 05:30:00	58.536	17.81865	12	57	0	1	600	0	0	0.014	13.4	10	7.077	8.05	1026.1	7.7	84	70	1	2.8	3.6	1	0	3	7	
2026-05-09 05:45:00	58.53393	17.82063	12	58	0	1	600	0	0	0.014	13.4	10	7.426	8.26	1026	7.7	85	75	1	2.6	3.6	1	0	3	7	
2026-05-09 06:00:00	58.53177	17.8239	12	59	0	1	630	0	0	0.014	13.4	10	7.501	8.3	1026	7.7	85	70	1	3.1	4	1	0	3	7	
2026-05-09 06:15:00	58.52907	17.82759	11	0	0	1	600	0	0	0.014	13.5	10	7.482	8.3	1026.1	7.8	84	70	1	2.7	4	1	0	3	7	
2026-05-09 06:30:00	58.5267	17.83113	11	1	0	1	600	0	0	0.014	13.4	10	7.466	8.29	1026.1	7.8	84	70	1	3.2	4	1	0	3	7	
2026-05-09 06:45:00	58.52457	17.83494	11	2	0	1	600	0	0	0.014	13.5	10	7.477	8.3	1026.1	7.8	85	70	1	3.1	4.4	1	0	3	7	
2026-05-09 07:00:00	58.52253	17.83908	11	3	0	1	600	0	0	0.014	13.6	10	7.48	8.3	1026.1	7.8	84	75	1	2.9	3.9	1	0	3	7	
2026-05-09 07:15:00	58.52055	17.84337	11	4	0	2	600	0	0	0.014	13.5	11	7.515	8.31	1026.1	7.8	83	75	1	3.4	4.4	1	0	3	7	
2026-05-09 07:30:00	58.51848	17.84739	11	5	0	2	600	0	0	0.014	13.6	11	7.538	8.31	1026	7.8	84	80	1	3.5	4.4	1	0	3	7	
2026-05-09 07:45:00	58.51626	17.8515	13	6	0	1	600	0	0	0.014	13.5	11	7.609	8.34	1026	7.8	83	85	1	3.5	4.6	1	0	3	7	
2026-05-09 08:00:00	58.5138	17.85534	12	7	0	2	600	0	0	0.014	13.7	11	7.696	8.36	1025.9	7.7	84	80	1	3.8	5.1	1	0	3	7	
2026-05-09 08:15:00	58.51089	17.859	11	8	0	3	600	0	0	0.014	13.3	11	7.779	8.38	1025.9	7.7	85	85	1	4	5	1	0	3	7	
2026-05-09 08:30:00	58.50825	17.86245	12	9	0	1	600	0	0	0.014	13.6	11	7.739	8.34	1025.8	7.6	85	85	1	3.7	5.1	1	0	3	7	
2026-05-09 08:45:00	58.50558	17.86503	12	10	0	1	600	0	0	0.014	13.3	11	7.725	8.33	1025.8	7.6	85	95	1	4.7	5.3	1	0	3	7	
2026-05-09 09:00:00	58.50321	17.86773	12	11	0	3	600	0	0	0.014	13.7	11	7.599	8.26	1025.7	7.6	84	95	1	4.8	5.7	1	0	3	7	
2026-05-09 09:15:00	58.50057	17.87037	12	12	0	1	600	0	0	0.014	13.3	11	7.554	8.24	1025.6	7.5	85	90	1	4.3	5	1	0	3	7	
2026-05-09 09:30:00	58.49766	17.87349	11	13	0	1	640	0	0	0.014	13.6	11	7.598	8.25	1025.5	7.5	86	85	1	4.4	5.3	1	0	3	7	
2026-05-09 09:45:00	58.49577	17.87529	12	14	0	1	600	0	0	0.014	13.3	11	7.582	8.24	1025.6	7.5	86	85	1	3.6	4.6	1	0	3	7	
2026-05-09 10:00:00	58.49349	17.8788	12	15	0	1	600	0	0	0.014	13.4	11	7.564	8.23	1025.7	7.5	86	75	1	3.8	5	1	0	3	7	
2026-05-09 10:15:00	58.49148	17.88243	11	16	0	1	600	0	0	0.014	13.6	11	7.556	8.23	1025.6	7.4	86	75	1	4	5.1	1	0	3	7	
2026-05-09 10:30:00	58.4892	17.88666	11	17	0	1	600	0	0	0.014	13.8	10	7.43	8.2	1025.5	7.4	86	75	1	4	5.2	1	0	3	7	
2026-05-09 10:45:00	58.48731	17.89137	11	18	0	1	600	0	0	0.014	13.3	10	7.468	8.24	1025.5	7.4	86	70	1	3.7	4.9	1	0	3	7	
2026-05-09 11:00:00	58.48557	17.89629	12	19	0	2	600	0	0	0.014	13.3	10	7.603	8.29	1025.5	7.5	86	75	1	3.6	4.6	1	0	3	7	
2026-05-09 11:15:00	58.48332	17.90127	12	20	0	1	600	0	0	0.014	13.7	10	7.581	8.28	1025.2	7.5	86	75	1	4.1	5	1	0	3	7	
2026-05-09 11:30:00	58.48107	17.90694	12	21	0	1	630	0	0	0.014	13.3	10	7.425	8.24	1025.2	7.5	86	70	1	3.7	4.7	1	0	3	7	
2026-05-09 11:45:00	58.47882	17.91156	11	22	0	1	600	0	0	0.016	13.3	10	7.732	8.35	1025	7.5	85	70	1	4.2	5	1	0	3	7	
2026-05-09 12:00:00	58.47675	17.9163	11	23	0	1	600	0	0	0.014	13.6	10	7.783	8.36	1024.9	7.5	84	70	1	4.9	5.8	1	0	3	7	
2026-05-09 12:15:00	58.4745	17.9214	11	24	0	1	600	0	0	0.014	13.3	10	7.779	8.36	1025	7.6	85	60	1	4.2	5.3	1	0	3	7	
2026-05-09 12:30:00	58.47591	17.92341	11	25	0	1	600	0	0	0.014	13.5	10	7.788	8.36	1024.8	7.6	85	60	1	5.1	5.9	1	0	3	7	
2026-05-09 12:45:00	58.48014	17.92392	12	26	0	1	600	0	0	0.014	13.3	11	7.836	8.37	1024.6	7.6	84	60	1	5	5.8	1	0	3	7	
2026-05-09 13:00:00	58.48434	17.92464	12	27	0	1	600	0	0	0.016	13.2	11	7.916	8.39	1024.5	7.5	85	65	1	4.8	6.1	1	0	3	7	
2026-05-09 13:15:00	58.48902	17.92545	12	28	0	1	600	0	0	0.014	13.4	11	7.663	8.31	1024.3	7.5	85	65	1	4.9	5.8	1	0	3	7	
2026-05-09 13:30:00	58.49379	17.92686	12	29	0	1	600	0	0	0.014	13.3	11	7.646	8.28	1024.2	7.5	85	80	1	4.7	5.8	1	0	3	7	
2026-05-09 13:45:00	58.49859	17.92869	12	30	0	1	600	0	0	0.014	13.2	11	7.663	8.27	1024	7.6	85	75	1	4.7	5.9	1	0	3	7	
2026-05-09 14:00:00	58.50354	17.93145	40	31	0	1	630	0	0	0.014	13.5	11	7.609	8.25	1023.9	7.5	85	80	1	5.4	6.7	1	0	3	7	
2026-05-09 14:15:00	58.50858	17.93478	11	32	0	1	600	0	0	0.014	13.3	11	7.749	8.27	1023.8	7.6	86	85	1	5.1	6.3	1	0	3	7	
2026-05-09 14:30:00	58.51308	17.93844	12	33	0	1	600	0	0	0.014	13.2	11	7.847	8.28	1023.6	7.5	86	80	1	5.4	6.5	1	0	3	7	
2026-05-09 14:45:00	58.51749	17.94204	12	34	0	1	600	0	0	0.014	13.6	11	7.932	8.31	1023.5	7.6	86	90	1	5.2	6.6	1	0	3	7	
2026-05-09 15:00:00	58.52244	17.94576	12	35	0	1	600	0	0	0.014	13.3	11	7.743	8.33	1023.4	7.5	86	90	1	5.1	6.4	1	0	3	7	
2026-05-09 15:15:00	58.52706	17.95008	12	36	0	1	600	0	0	0.014	13.2	11	7.669	8.32	1023.2	7.5	86	95	1	4.9	6.1	1	0	3	7	
2026-05-09 15:30:00	58.53183	17.95401	11	37	0	1	600	0	0	0.014	13.6	11	7.66	8.33	1023.1	7.6	86	90	1	4.5	5.6	1	0	3	7	
2026-05-09 15:45:00	58.53627	17.958	12	38	0	1	600	0	0	0.016	13.3	11	7.641	8.32	1023.1	7.6	86	90	1	4.2	5.3	1	0	3	7	
2026-05-09 16:00:00	58.54017	17.96112	13	39	0	2	610	0	0	0.014	13.2	11	7.61	8.31	1023	7.6	86	95	1	3.9	5.1	1	0	3	7	
2026-05-09 16:15:00	58.54464	17.96397	12	40	0	1	610	0	0	0.014	13.7	11	7.63	8.3	1022.7	7.6	87	90	1	3.8	5.3	1	0	3	7	
2026-05-09 16:30:00	58.54827	17.96652	18	41	0	1	620	0	0	0.014	13.3	11	7.689	8.31	1022.7	7.7	86	95	1	4	4.9	1	0	3	7	
2026-05-09 16:45:00	58.55196	17.96976	27	42	0	1	630	0	0	0.014	13.8	11	7.774	8.33	1022.6	7.7	86	90	1	3.6	4.7	1	0	3	7	
2026-05-09 17:00:00	58.55556	17.97333	11	43	0	2	180	0	0	0.014	13.3	11	7.788	8.33	1022.5	7.6	86	95	1	3.3	4.3	1	1	3	0	
2026-05-09 17:05:00	58.55652	17.97165	11	44	0	2	600	0	0	0.014	13.3	11	7.491	8.24	1022.3	7.5	87	90	1	2.6	3.6	1	0	3	7	
2026-05-09 17:20:00	58.55901	17.9658	12	45	0	1	600	0	0	0.014	13.3	10	7.023	8.05	1022.3	7.3	86	80	1	2.8	3.8	1	0	3	7	
2026-05-09 17:35:00	58.5618	17.9676	11	46	0	1	600	0	0	0.016	13.3	10	6.544	7.88	1022.2	7.4	87	80	1	2.5	3.6	1	0	3	7	
2026-05-09 17:50:00	58.56423	17.96916	12	47	0	1	600	0	0	0.016	13.2	10	6.983	7.98	1022.1	7.3	87	80	1	2.4	3.4	1	0	3	7	
2026-05-09 18:05:00	58.56675	17.9706	11	48	0	1	600	0	0	0.014	13.2	9	7.19	8.05	1022.1	7.3	87	70	1	2.3	3.2	1	0	3	7	
2026-05-09 18:20:00	58.56942	17.97264	11	49	0	1	600	0	0	0.014	13.2	9	7.183	8.04	1022	7.3	88	65	1	1.9	2.9	1	0	3	7	
2026-05-09 18:35:00	58.57188	17.97396	12	50	0	2	600	0	0	0.014	13.2	9	7.177	8.05	1022	7.3	89	70	1	2.1	2.9	1	0	3	7	
2026-05-09 18:50:00	58.57374	17.97522	12	51	0	1	600	0	0	0.014	13.2	9	7.245	8.05	1021.9	7.2	90	60	1	2	3	1	0	3	7	
2026-05-09 19:20:00	58.57806	17.97114	12	53	0	3	600	0	0	0.016	13.2	9	7.306	8.05	1021.7	7.3	89	85	1	3.1	4	1	0	3	7	
2026-05-09 19:35:00	58.58169	17.97372	14	54	0	1	610	0	0	0.014	13.2	9	7.316	8.08	1021.7	7.3	88	95	1	3	3.7	1	0	3	7	
2026-05-09 19:50:00	58.58475	17.97201	12	55	0	1	600	0	0	0.014	13.2	9	6.931	7.96	1021.6	7.2	87	95	1	2.9	3.8	1	0	3	7	
2026-05-09 20:05:00	58.58739	17.9679	40	56	0	1	630	0	0	0.014	13.2	9	6.411	7.77	1021.5	7.1	88	90	1	3.4	4.3	1	0	3	7	
2026-05-09 20:20:00	58.5894	17.97195	12	57	0	3	600	0	0	0.014	13.2	9	5.849	7.6	1021.4	6.9	88	100	1	2.8	3.4	1	0	3	7	
2026-05-09 20:35:00	58.59186	17.9682	11	58	0	1	600	0	0	0.016	13.2	9	5.88	7.58	1021.4	6.8	89	90	1	2.5	3.5	1	0	3	7	
2026-05-09 20:50:00	58.59474	17.96805	12	59	0	1	600	0	0	0.014	13.2	9	5.968	7.6	1021.3	6.8	90	90	1	2.6	3.4	1	0	3	7	
2026-05-09 21:05:00	58.5966	17.97102	12	0	0	1	600	0	0	0.016	13.2	8	6.28	7.7	1021.3	6.8	90	95	1	2.2	3.1	1	0	3	7	
2026-05-09 21:20:00	58.59855	17.97399	11	1	0	1	600	0	0	0.014	13.2	8	6.46	7.77	1021.1	6.9	90	115	1	2.1	2.9	1	0	3	7	
2026-05-09 21:35:00	58.60152	17.97327	12	2	0	1	600	0	0	0.014	13.2	8	8.139	8.37	1021.1	7.1	91	115	1	1.7	2.4	1	0	3	7	
2026-05-09 21:50:00	58.60392	17.97063	12	3	0	1	600	0	0	0.016	13.2	8	5.288	7.27	1021	6.8	92	120	1	1.9	2.4	1	0	3	7	
2026-05-09 22:05:00	58.60518	17.96397	12	4	0	1	600	0	0	0.014	13.2	8	6.939	7.46	1020.9	6.8	92	105	1	1.8	2.5	1	0	3	7	
2026-05-09 22:20:00	58.60638	17.95821	12	5	0	1	610	0	0	0.014	13.2	8	6.664	7.32	1020.6	6.7	93	120	1	1.8	2.3	1	0	3	7	
2026-05-09 22:35:00	58.60629	17.95812	14	6	0	1	610	0	0	0.016	13.2	8	6.572	7.28	1020.6	6.7	93	130	1	1.8	2.3	1	0	3	7	
2026-05-09 22:50:00	58.60527	17.95488	13	7	0	1	610	0	0	0.016	13.2	8	6.619	7.29	1020.6	6.5	93	140	1	1.1	1.5	1	0	3	7	
2026-05-09 23:05:00	58.60422	17.95149	15	8	0	2	610	0	0	0.014	13.2	8	6.628	7.29	1020.4	6.2	94	140	1	1.1	1.7	1	0	3	7	
2026-05-09 23:35:00	58.60407	17.94522	14	10	0	3	630	0	0	0.014	13.2	8	6.83	7.31	1020	6.4	95	125	1	1.6	2.4	1	0	3	7	
2026-05-10 00:05:00	58.60614	17.9394	11	12	0	3	600	0	0	0.014	13.2	8	7.197	7.34	1019.6	6.5	93	150	1	1.9	2.5	1	0	3	7	
2026-05-10 00:20:00	58.6047	17.94072	12	13	0	1	600	0	0	0.014	13.2	8	7.105	7.32	1019.4	6.6	93	155	1	1.8	2.3	1	0	3	7	
2026-05-10 00:35:00	58.60593	17.94144	12	14	0	2	600	0	0	0.014	13.2	8	7.294	7.36	1019.4	6.6	92	190	1	2.1	2.8	1	0	3	7	
2026-05-10 00:50:00	58.60542	17.94336	12	15	0	1	600	0	0	0.014	13.2	8	7.235	7.34	1019.3	6.6	93	190	1	1.9	2.2	1	0	3	7	
2026-05-10 01:05:00	58.60344	17.94513	12	16	0	2	600	0	0	0.014	13.2	8	7.182	7.35	1019.2	6.5	94	200	1	1.3	1.7	1	0	3	7	
2026-05-10 01:20:00	58.60275	17.94687	12	17	0	1	600	0	0	0.014	13.2	8	7.13	7.34	1019	6.3	94	170	1	1.1	1.6	1	0	3	7	
2026-05-10 01:35:00	58.60161	17.9475	12	18	0	1	600	0	0	0.016	13.2	8	7.057	7.33	1018.8	6.2	94	195	1	0.9	1.3	1	0	3	7	
2026-05-10 01:50:00	58.60158	17.94567	12	19	0	1	600	0	0	0.016	13.2	8	7.151	7.33	1018.8	6.1	94	160	1	1.1	1.6	1	0	3	7	
2026-05-10 02:05:00	58.60248	17.94321	40	20	0	1	630	0	0	0.016	13.2	8	7.54	7.38	1018.5	6.2	94	150	1	1.3	1.6	1	0	3	7	
2026-05-10 02:20:00	58.60308	17.93868	12	21	0	1	600	0	0	0.014	13.2	8	7.689	7.41	1018.3	6.2	94	150	1	1.2	1.8	1	0	3	7	
2026-05-10 02:35:00	58.60386	17.93751	13	22	0	1	600	0	0	0.014	13.2	8	7.781	7.43	1018.1	6.2	94	150	1	1	1.5	1	0	3	7	
2026-05-10 03:05:00	58.60485	17.93373	13	24	0	3	600	0	0	0.014	13.2	8	7.774	7.43	1017.8	6.6	91	135	1	1.5	2.3	1	0	3	7	
2026-05-10 03:35:00	58.60737	17.928	12	26	0	3	600	0	0	0.016	13.2	9	7.787	7.43	1017.5	7.1	88	140	1	1.5	2.5	1	0	3	7	
2026-05-10 03:50:00	58.60941	17.92716	12	27	0	1	630	0	0	0.014	13.2	9	7.854	7.46	1017.3	7.3	87	140	1	2.1	2.8	1	0	3	7	
2026-05-10 04:20:00	58.61379	17.91876	12	29	0	3	600	0	0	0.016	13.3	10	7.774	7.43	1016.8	7.3	86	130	1	3.1	3.8	1	0	3	7	
2026-05-10 04:35:00	58.61544	17.91078	12	30	0	1	600	0	0	0.014	13.4	10	7.784	7.43	1016.6	7.3	85	130	1	3.6	4.4	1	0	3	7	
2026-05-10 04:50:00	58.61658	17.91057	12	31	0	1	600	0	0	0.016	13.3	10	7.726	7.42	1016.5	7.3	86	130	1	3.3	4.1	1	0	3	7	
2026-05-10 05:05:00	58.6161	17.91363	12	32	0	1	600	0	0	0.014	13.3	10	7.723	7.42	1016.4	7.3	88	120	1	3.3	4	1	0	3	7	
2026-05-10 05:20:00	58.61577	17.91705	12	33	0	1	600	0	0	0.016	13.3	10	7.757	7.42	1016.3	7.3	89	120	1	3.7	4.7	1	0	3	7	
2026-05-10 05:35:00	58.6158	17.92131	11	34	0	3	600	0	0	0.014	13.4	10	7.81	7.43	1016.2	7.2	89	125	1	4	4.7	1	0	3	7	
2026-05-10 05:50:00	58.61556	17.9253	13	35	0	1	610	0	0	0.016	13.4	10	7.816	7.43	1016.2	7.3	87	140	1	3.5	4.3	1	0	3	7	
2026-05-10 06:05:00	58.61502	17.92974	40	36	0	1	630	0	0	0.014	13.4	10	7.839	7.44	1016.1	7.3	87	135	1	4.4	5.2	1	0	3	7	
2026-05-10 06:20:00	58.61445	17.93367	12	37	0	1	600	0	0	0.014	13.4	10	7.885	7.46	1016	7.3	86	140	1	3.6	4.3	1	0	3	7	
2026-05-10 06:35:00	58.61397	17.93766	11	38	0	1	600	0	0	0.014	13.4	10	7.862	7.47	1015.9	7.3	86	150	1	4	4.7	1	0	3	7	
2026-05-10 06:50:00	58.61337	17.94159	11	39	0	1	600	0	0	0.014	13.4	10	7.852	7.46	1015.7	7.2	86	160	1	4.3	5	1	0	3	7	
2026-05-10 07:05:00	58.61373	17.94591	11	40	0	1	600	0	0	0.016	13.5	10	7.808	7.46	1015.7	7.3	86	170	1	3.7	4.2	1	0	3	7	
2026-05-10 07:20:00	58.61862	17.9469	11	41	0	1	600	0	0	0.014	13.5	11	7.797	7.46	1015.4	7.3	87	165	1	3.5	4.4	1	0	3	7	
2026-05-10 07:35:00	58.61724	17.9517	15	42	0	1	610	0	0	0.014	13.4	11	7.41	7.44	1015.4	7.2	88	180	1	3.7	4.6	1	0	3	7	
2026-05-10 07:50:00	58.61871	17.9577	11	43	0	1	630	0	0	0.014	13.5	11	6.805	7.52	1015.2	7.2	88	170	1	3.2	4	1	0	3	7	
2026-05-10 08:05:00	58.62366	17.95998	11	44	0	1	600	0	0	0.014	13.6	11	7.025	7.47	1015.1	7.2	87	175	1	3.6	4.3	1	0	3	7	
2026-05-10 08:20:00	58.62861	17.96037	11	45	0	1	600	0	0	0.014	13.8	11	7.1	7.51	1014.9	7.2	88	175	1	3.3	4.5	1	0	3	7	
2026-05-10 08:35:00	58.62831	17.96466	12	46	0	2	600	0	0	0.014	13.5	11	7.113	7.52	1014.7	7.3	88	170	1	3.9	4.9	1	0	3	7	
2026-05-10 08:50:00	58.62735	17.96934	11	47	0	1	600	0	0	0.014	13.3	11	6.992	7.48	1014.5	7.3	87	175	1	4.1	4.9	1	0	3	7	
2026-05-10 09:05:00	58.62807	17.97333	11	48	0	2	600	0	0	0.014	13.2	11	7.034	7.5	1014.5	7.4	87	170	1	3.6	4.3	1	0	3	7	
2026-05-10 09:20:00	58.63344	17.97276	11	49	0	1	600	0	0	0.014	13.4	11	7.354	7.47	1014.5	7.5	86	165	1	3.8	4.3	1	0	3	7	
2026-05-10 09:35:00	58.63833	17.96838	12	50	0	2	600	0	0	0.014	13.3	12	7.617	7.47	1014.3	7.6	85	170	1	3.8	4.3	1	0	3	7	
2026-05-10 09:50:00	58.64391	17.96577	12	51	0	1	610	0	0	0.014	13.4	12	7.914	7.51	1014	7.8	83	165	1	4	5.1	1	0	3	7	
2026-05-10 10:05:00	58.64751	17.95923	40	52	0	1	630	0	0	0.016	13.3	13	7.835	7.46	1013.9	7.8	81	170	1	4.9	5.9	1	0	3	7	
2026-05-10 10:20:00	58.64658	17.95383	11	53	0	1	600	0	0	0.014	13.2	12	8.104	7.51	1013.7	7.8	82	165	1	4.7	5.9	1	0	3	7	
2026-05-10 10:35:00	58.65312	17.95536	12	54	0	1	600	0	0	0.014	13.5	12	8.06	7.5	1013.4	7.9	80	170	1	5.1	6.5	1	0	3	7	
2026-05-10 10:50:00	58.65969	17.95953	12	55	0	1	600	0	0	0.014	13.3	12	8.043	7.5	1013.1	8	78	160	1	5.1	6.6	1	0	3	7	
2026-05-10 11:05:00	58.66647	17.96325	11	56	0	1	600	0	0	0.014	13.2	12	8.008	7.5	1012.9	8	79	160	1	5.1	6.2	1	0	3	7	
2026-05-10 11:20:00	58.67355	17.9652	11	57	0	1	600	0	0	0.014	13.4	12	8.153	7.55	1012.7	8	81	160	1	5.3	6.1	1	0	3	7	
2026-05-10 11:35:00	58.67427	17.97579	41	58	0	1	630	0	0	0.014	13.3	12	8.208	7.58	1012.5	8	83	155	1	5.4	6.5	1	0	3	7	
2026-05-10 11:50:00	58.67412	17.98488	12	59	0	1	600	0	0	0.014	13.2	12	8.245	7.6	1012.4	8	82	160	1	5.4	6.7	1	0	3	7	
2026-05-10 12:05:00	58.67364	17.99517	12	0	0	1	600	0	0	0.014	13.4	12	8.195	7.6	1012.3	8	81	165	1	5.4	6.6	1	0	3	7	
2026-05-10 12:20:00	58.67256	18.00567	11	1	0	1	600	0	0	0.016	13.3	12	8.221	7.61	1012.1	8	82	160	1	5.2	7	1	0	3	7	
2026-05-10 12:35:00	58.67163	18.0156	11	2	0	3	600	0	0	0.014	13.2	12	8.228	7.61	1011.8	8	81	160	1	5.1	6	1	0	3	7	
2026-05-10 12:50:00	58.6713	18.02583	11	3	0	1	600	0	0	0.014	13.4	12	8.132	7.57	1011.5	8.1	81	160	1	4.6	5.4	1	0	3	7	
2026-05-10 13:05:00	58.67091	18.03405	11	4	0	2	600	0	0	0.014	13.3	12	8.17	7.58	1011.2	8.1	81	165	1	4.5	5.7	1	0	3	7	
2026-05-10 13:20:00	58.67019	18.04308	11	5	0	1	600	0	0	0.016	13.2	12	8.354	7.62	1010.9	8.2	81	155	1	4.7	5.9	1	0	3	7	
2026-05-10 13:35:00	58.67022	18.05274	11	6	0	3	600	0	0	0.014	13.5	12	8.313	7.6	1010.7	8.2	81	155	1	5.2	6.1	1	0	3	7	
2026-05-10 13:50:00	58.67031	18.06231	13	7	0	2	610	0	0	0.014	13.3	12	8.385	7.61	1010.5	8.2	83	145	1	5.7	7.1	1	0	3	7	
2026-05-10 14:05:00	58.67016	18.0684	40	8	0	1	630	0	0	0.014	13.2	12	8.407	7.62	1010.3	8.3	80	165	1	5.4	7	1	0	3	7	
2026-05-10 14:20:00	58.66764	18.06126	12	9	0	1	600	0	0	0.016	13.3	12	8.382	7.61	1010.2	8.3	80	175	1	6	7.3	1	0	3	7	
2026-05-10 14:35:00	58.66587	18.05472	12	10	0	1	600	0	0	0.016	13.2	11	8.363	7.6	1009.9	8.2	81	165	1	4.9	6.3	1	0	3	7	
2026-05-10 14:50:00	58.6641	18.04749	13	11	0	1	610	0	0	0.014	13.3	11	8.369	7.61	1009.8	8.1	80	175	1	5.7	6.6	1	0	3	7	
2026-05-10 15:05:00	58.66251	18.04089	17	12	0	1	610	0	0	0.014	13.3	11	8.375	7.61	1009.5	8.1	80	170	1	5.7	6.7	1	0	3	7	
2026-05-10 15:20:00	58.66071	18.03318	13	13	0	1	610	0	0	0.014	13.3	11	8.302	7.6	1009.2	8.2	77	170	1	6.1	7.4	1	0	3	7	
2026-05-10 15:35:00	58.65873	18.02466	13	14	0	1	610	0	0	0.016	13.3	11	8.318	7.61	1009	8.1	82	175	1	6.1	7.8	1	0	3	7	
2026-05-10 15:50:00	58.65681	18.01635	12	15	0	1	610	0	0	0.016	13.3	11	8.305	7.6	1008.7	8	84	175	1	5.8	7.1	1	0	3	7	
2026-05-10 16:20:00	58.65414	17.9979	11	17	0	3	600	0	0	0.016	13.3	11	8.06	7.53	1008.2	8.1	84	185	1	7.4	9.2	1	0	3	7	
2026-05-10 16:50:00	58.65267	17.9775	11	19	0	3	600	0	0	0.014	13.2	11	8.003	7.51	1007.8	7.9	86	195	1	7.2	9.4	1	0	3	7	
2026-05-10 17:05:00	58.65312	17.96742	11	20	0	1	600	0	0	0.016	13.3	11	8.089	7.54	1007.6	8.1	87	195	1	7	9.4	1	0	3	7	
2026-05-10 17:20:00	58.65399	17.95785	12	21	0	2	600	0	0	0.014	13.2	11	7.987	7.53	1007.6	8.2	87	205	1	6.6	8.4	1	0	3	7	
2026-05-10 17:35:00	58.65504	17.94957	12	22	0	1	600	0	0	0.016	13.2	11	8.18	7.58	1007.6	8.3	86	210	1	6.4	8	1	0	3	7	
2026-05-10 17:50:00	58.65678	17.94063	12	23	0	1	600	0	0	0.014	13.2	10	8.073	7.53	1007.5	8.5	85	205	1	6.6	8.1	1	0	3	7	
2026-05-10 18:05:00	58.65783	17.93277	12	24	0	1	620	0	0	0.016	13.2	10	7.997	7.53	1007.3	8.5	83	205	1	6.7	8	1	0	3	7	
2026-05-10 18:20:00	58.65861	17.92503	13	25	0	1	610	0	0	0.016	13.2	10	7.491	7.39	1007.2	8.3	86	205	1	5.4	7	1	0	3	7	
2026-05-10 18:35:00	58.65936	17.9169	41	26	0	1	630	0	0	0.014	13.2	11	7.782	7.42	1007.2	8.3	85	195	1	5.3	6.8	1	0	3	7	
2026-05-10 18:50:00	58.65936	17.90919	12	27	0	1	600	0	0	0.014	13.2	10	7.538	7.34	1007.1	8.1	86	195	1	5.5	7.1	1	0	3	7	
2026-05-10 19:05:00	58.65882	17.90661	11	28	0	2	600	0	0	0.014	13.2	10	7.404	7.31	1007.1	8.2	86	190	1	5.8	7.8	1	0	3	7	
2026-05-10 19:20:00	58.65777	17.92047	12	29	0	1	600	0	0	0.016	13.2	10	7.767	7.42	1007.1	8	87	190	1	5.7	7.1	1	0	3	7	
2026-05-10 19:35:00	58.66113	17.93757	11	30	0	2	600	0	0	0.014	13.2	10	7.878	7.52	1007	8	89	195	1	6.5	8.3	1	0	3	7	
2026-05-10 20:20:00	58.65222	17.96829	12	33	0	3	600	0	0	0.014	13.2	10	7.791	7.51	1007.1	7.8	91	200	1	5.6	7	1	0	3	7	
2026-05-10 20:35:00	58.64802	17.97636	13	34	0	1	610	0	0	0.014	13.2	10	7.8	7.5	1006.9	7.9	90	195	1	5.6	7.2	1	0	3	7	
2026-05-10 20:50:00	58.64433	17.98404	17	35	0	2	640	0	0	0.014	13.2	10	7.861	7.51	1006.8	7.9	91	195	1	5.1	6.5	1	0	3	7	
2026-05-10 21:05:00	58.64118	17.99166	11	36	0	2	600	0	0	0.016	13.2	10	7.761	7.48	1006.7	7.9	91	190	1	4.7	6	1	0	3	7	
2026-05-10 21:35:00	58.63434	18.00501	11	38	0	3	600	0	0	0.016	13.2	10	7.779	7.5	1006.6	7.8	91	200	1	4.9	6.3	1	0	3	7	
2026-05-10 21:50:00	58.63035	18.01182	11	39	0	1	600	0	0	0.014	13.2	10	7.668	7.5	1006.8	7.8	92	205	1	5.1	6.2	1	0	3	7	
2026-05-10 22:05:00	58.63008	18.02298	11	40	0	1	600	0	0	0.014	13.2	10	7.731	7.51	1006.6	7.7	92	205	1	3.9	5.3	1	0	3	7	
2026-05-10 22:20:00	58.62708	18.02826	12	41	0	1	600	0	0	0.016	13.2	10	7.628	7.53	1006.5	7.5	93	210	1	3.4	4.6	1	0	3	7	
2026-05-10 22:35:00	58.62444	18.03306	12	42	0	1	600	0	0	0.014	13.2	10	7.064	7.48	1006.4	7.4	93	205	1	2.4	3.8	1	0	3	7	
2026-05-10 22:50:00	58.62465	18.03867	12	43	0	1	600	0	0	0.016	13.2	10	7.023	7.48	1006.1	7.2	94	185	1	1.5	2.5	1	0	3	7	
2026-05-10 23:05:00	58.62336	18.04062	11	44	0	1	600	0	0	0.014	13.2	10	6.807	7.46	1006.2	7.1	94	200	1	1.6	2.9	1	0	3	7	
2026-05-10 23:20:00	58.62279	18.04344	11	45	0	1	600	0	0	0.016	13.2	9	6.678	7.45	1006.1	7.2	94	175	1	2.8	3.7	1	0	3	7	
2026-05-10 23:35:00	58.62366	18.04746	12	46	0	1	610	0	0	0.016	13.2	9	6.979	7.48	1006	7.1	94	175	1	3.1	4.2	1	0	3	7	
2026-05-10 23:50:00	58.62186	18.0495	41	47	0	2	630	0	0	0.014	13.2	9	6.684	7.46	1005.8	7.2	93	185	1	2.7	3.7	1	0	3	7	
2026-05-11 00:05:00	58.62009	18.05133	11	48	0	1	600	0	0	0.014	13.2	9	6.611	7.46	1005.8	7.1	95	190	1	2	3	1	0	3	7	
2026-05-11 00:20:00	58.61937	18.05412	11	49	0	2	600	0	0	0.016	13.2	9	6.475	7.44	1005.7	7.1	95	195	1	2.4	3.3	1	0	3	7	
2026-05-11 00:35:00	58.61769	18.05676	11	50	0	2	600	0	0	0.016	13.2	9	6.398	7.45	1005.6	7	95	185	1	2.2	3.2	1	0	3	7	
2026-05-11 00:50:00	58.61784	18.05874	11	51	0	1	600	0	0	0.014	13.2	9	6.448	7.45	1005.6	7	95	180	1	2.6	3.5	1	0	3	7	
2026-05-11 01:05:00	58.61754	18.06012	11	52	0	1	600	0	0	0.014	13.2	9	6.435	7.45	1005.6	7	95	185	1	3.2	4.2	1	0	3	7	
2026-05-11 01:20:00	58.61706	18.06324	12	53	0	1	600	0	0	0.016	13.2	9	6.424	7.46	1005.4	7	95	180	1	3.5	4.6	1	0	3	7	
2026-05-11 01:35:00	58.61556	18.0648	13	54	0	1	610	0	0	0.016	13.2	9	6.306	7.52	1005.3	6.9	95	185	1	3.3	4.3	1	0	3	7	
2026-05-11 01:50:00	58.61547	18.0609	15	55	0	1	610	0	0	0.014	13.2	9	6.306	7.5	1005.2	7	95	195	1	2.9	3.8	1	0	3	7	
2026-05-11 02:05:00	58.6161	18.06228	40	56	0	1	630	0	0	0.016	13.2	9	6.37	7.47	1005.2	7	96	200	1	2.5	3.8	1	0	3	7	
2026-05-11 02:20:00	58.6182	18.05847	11	57	0	1	600	0	0	0.014	13.2	9	6.649	7.46	1005.1	7	96	210	1	2.9	3.8	1	0	3	7	
2026-05-11 02:35:00	58.61904	18.05187	13	58	0	1	610	0	0	0.014	13.2	9	6.767	7.46	1004.9	7	96	215	1	2.5	3.3	1	0	3	7	
2026-05-11 02:50:00	58.62042	18.04587	12	59	0	3	600	0	0	0.016	13.2	9	7.351	7.51	1004.8	7.2	96	215	1	2.2	3.1	1	0	3	7	
2026-05-11 03:05:00	58.62162	18.04047	12	0	0	1	600	0	0	0.016	13.2	9	7.485	7.5	1004.9	7.4	96	215	1	2.8	3.5	1	0	3	7	
2026-05-11 03:20:00	58.62288	18.03414	12	1	0	2	600	0	0	0.016	13.2	9	7.621	7.48	1004.8	7.6	95	225	1	3.2	4	1	0	3	7	
2026-05-11 03:35:00	58.62414	18.02802	13	2	0	1	610	0	0	0.014	13.2	9	7.808	7.51	1004.6	7.7	95	235	1	2.6	3.5	1	0	3	7	
2026-05-11 03:50:00	58.62564	18.02199	12	3	0	1	610	0	0	0.014	13.2	9	7.888	7.54	1004.6	7.7	95	240	1	2.8	3.4	1	0	3	7	
2026-05-11 04:05:00	58.62327	18.02121	12	4	0	2	600	0	0	0.014	13.3	10	7.845	7.52	1004.6	7.7	93	260	1	3.2	4.2	1	0	3	7	
2026-05-11 04:20:00	58.61952	18.01899	13	5	0	1	640	0	0	0.014	13.3	10	7.689	7.49	1004.6	7.6	93	265	1	3.3	4.2	1	0	3	7	
2026-05-11 04:35:00	58.61496	18.0168	12	6	0	2	600	0	0	0.014	13.3	10	7.551	7.51	1004.6	7.6	93	270	1	3.7	4.7	1	0	3	7	
2026-05-11 04:50:00	58.60959	18.01509	12	7	0	1	600	0	0	0.014	13.4	10	6.984	7.5	1004.5	7.6	92	275	1	3.9	4.9	1	0	3	7	
2026-05-11 05:05:00	58.6095	18.01491	12	8	0	1	600	0	0	0.014	13.4	10	7.038	7.51	1004.6	7.5	92	275	1	3.9	4.9	1	0	3	7	
2026-05-11 05:20:00	58.60902	18.01605	12	9	0	1	600	0	0	0.014	13.4	10	6.872	7.54	1004.5	7.5	91	270	1	3.5	4.5	1	0	3	7	
2026-05-11 05:35:00	58.60533	18.0147	12	10	0	1	190	0	0	0.014	13.5	10	7.004	7.57	1004.5	7.5	91	270	1	3.7	4.7	1	1	3	0	
2026-05-11 05:40:00	58.60386	18.01422	12	11	0	1	600	0	0	0.014	13.4	10	7.011	7.57	1004.6	7.5	90	265	1	3.3	4.6	1	0	3	7	
2026-05-11 05:55:00	58.60587	18.01458	12	12	0	1	600	0	0	0.014	13.5	10	7.085	7.55	1004.6	7.4	88	265	1	3.7	4.9	1	0	3	7	
2026-05-11 06:10:00	58.6071	18.01506	13	13	0	1	600	0	0	0.016	13.4	10	7.131	7.54	1004.6	7.5	90	260	1	4	5	1	0	3	7	
2026-05-11 06:25:00	58.60851	18.01356	11	14	0	2	600	0	0	0.014	13.5	10	7.361	7.52	1004.6	7.6	90	265	1	3.2	4.1	1	0	3	7	
2026-05-11 06:40:00	58.61016	18.01305	11	15	0	1	600	0	0	0.014	13.5	10	7.593	7.52	1004.6	7.6	89	275	1	3.2	4.2	1	0	3	7	
2026-05-11 06:55:00	58.60797	18.01311	13	16	0	1	610	0	0	0.014	13.6	10	7.522	7.53	1004.6	7.6	90	265	1	3.2	4	1	0	3	7	
2026-05-11 07:10:00	58.60845	18.01248	41	17	0	2	630	0	0	0.014	13.6	11	7.688	7.53	1004.6	7.6	89	265	1	2.5	3.3	1	0	3	7	
2026-05-11 07:25:00	58.60848	18.01179	11	18	0	1	600	0	0	0.014	13.6	11	7.773	7.53	1004.6	7.6	89	265	1	2.6	3.4	1	0	3	7	
2026-05-11 07:55:00	58.60872	18.00927	11	20	0	3	600	0	0	0.014	13.4	12	7.933	7.55	1004.7	7.6	87	250	1	2.3	3.1	1	0	3	7	
2026-05-11 08:10:00	58.60851	18.00783	12	21	0	3	600	0	0	0.016	13.3	12	8.041	7.57	1004.7	7.8	86	240	1	2.3	2.9	1	0	3	7	
2026-05-11 08:25:00	58.60914	18.00933	11	22	0	2	600	0	0	0.014	13.4	12	8.08	7.58	1004.6	7.8	85	240	1	2.5	3.3	1	0	3	7	
2026-05-11 08:40:00	58.60896	18.0069	12	23	0	1	600	0	0	0.014	13.3	12	8.174	7.6	1004.5	7.9	85	245	1	2.2	2.8	1	0	3	7	
2026-05-11 08:55:00	58.60929	18.00477	11	24	0	1	600	0	0	0.014	13.5	12	8.246	7.61	1004.5	7.9	82	240	1	2.2	3	1	0	3	7	
2026-05-11 09:10:00	58.60905	18.00354	13	25	0	1	600	0	0	0.014	13.3	12	8.296	7.62	1004.4	8.1	80	235	1	2.3	2.9	1	0	3	7	
2026-05-11 09:25:00	58.60938	18.00318	16	26	0	1	640	0	0	0.014	13.2	13	8.321	7.63	1004.6	8.1	77	210	1	2.1	2.8	1	0	3	7	
2026-05-11 09:40:00	58.60917	18.00465	11	27	0	1	600	0	0	0.014	13.5	13	8.375	7.64	1004.6	8.2	77	195	1	2.1	2.8	1	0	3	7	
2026-05-11 09:55:00	58.60824	18.00141	12	28	0	1	600	0	0	0.014	13.3	13	8.433	7.64	1004.4	8.2	76	195	1	2.2	2.6	1	0	3	7	
2026-05-11 10:10:00	58.6068	17.9985	11	29	0	1	600	0	0	0.014	13.3	14	8.454	7.63	1004.6	8.4	77	190	1	2.8	3.6	1	0	3	7	
2026-05-11 10:25:00	58.60551	18.00399	11	30	0	1	600	0	0	0.014	13.4	14	8.544	7.67	1004.6	8.2	79	185	1	3.1	3.6	1	0	3	7	
2026-05-11 10:40:00	58.60854	18.0054	11	31	0	1	600	0	0	0.014	13.3	14	8.574	7.68	1004.6	8.3	80	180	1	3.3	4	1	0	3	7	
2026-05-11 10:55:00	58.60881	18.00126	12	32	0	1	600	0	0	0.014	13.4	14	8.57	7.68	1004.5	8.3	78	190	1	3	4	1	0	3	7	
2026-05-11 11:10:00	58.60962	17.99919	11	33	0	1	600	0	0	0.016	13.3	14	8.545	7.67	1004.6	8.3	77	180	1	3.1	4	1	0	3	7	
2026-05-11 11:25:00	58.60812	17.99778	12	34	0	1	630	0	0	0.014	13.5	13	8.532	7.67	1004.5	8.5	74	180	1	2.6	3.2	1	0	3	7	
2026-05-11 11:40:00	58.60872	17.99973	11	35	0	1	600	0	0	0.014	13.3	13	8.56	7.67	1004.4	8.7	72	185	1	2.3	2.8	1	0	3	7	
2026-05-11 11:55:00	58.61064	17.99901	12	36	0	2	600	0	0	0.016	13.2	14	8.529	7.67	1004.3	8.6	73	175	1	3.3	4.1	1	0	3	7	
2026-05-11 12:10:00	58.60917	17.99478	12	37	0	3	600	0	0	0.014	13.5	14	8.527	7.66	1004.3	8.6	72	180	1	2	2.7	1	0	3	7	
2026-05-11 12:25:00	58.60791	17.99202	11	38	0	1	600	0	0	0.014	13.3	14	8.558	7.66	1004.3	8.9	73	160	1	1.8	2.3	1	0	3	7	
2026-05-11 12:40:00	58.60875	17.99205	11	39	0	1	600	0	0	0.014	13.2	14	8.576	7.67	1004.1	8.8	72	150	1	2.3	3	1	0	3	7	
2026-05-11 12:55:00	58.60845	17.99622	12	40	0	1	600	0	0	0.014	13.6	14	8.609	7.67	1004.2	8.6	74	155	1	2.8	3.6	1	0	3	7	
2026-05-11 13:10:00	58.60731	18.00153	11	41	0	1	600	0	0	0.014	13.3	14	8.637	7.69	1004.1	8.6	74	150	1	2.1	2.9	1	0	3	7	
2026-05-11 13:25:00	58.60632	18.00516	11	42	0	2	600	0	0	0.014	13.3	13	8.673	7.7	1003.9	8.8	75	140	1	1.6	2.4	1	0	3	7	
2026-05-11 13:40:00	58.60608	18.0075	13	43	0	1	600	0	0	0.014	13.6	13	8.671	7.7	1003.7	8.6	77	125	1	1.9	2.3	1	0	3	7	
2026-05-11 13:55:00	58.60581	18.01125	12	44	0	2	640	0	0	0.014	13.3	13	8.711	7.71	1003.7	8.5	79	115	1	2.3	2.8	1	0	3	7	
2026-05-11 14:10:00	58.60539	18.01563	11	45	0	1	600	0	0	0.014	13.2	13	8.764	7.72	1003.6	8.6	78	120	1	2.2	2.8	1	0	3	7	
2026-05-11 14:25:00	58.60497	18.01965	12	46	0	1	600	0	0	0.014	13.5	12	8.712	7.71	1003.6	8.7	81	110	1	1.8	2.4	1	0	3	7	
2026-05-11 14:40:00	58.60491	18.02301	12	47	0	1	600	0	0	0.014	13.9	12	8.724	7.71	1003.5	8.6	80	85	1	1.8	2.3	1	0	3	7	
2026-05-11 14:55:00	58.60479	18.02517	12	48	0	1	600	0	0	0.014	13.9	12	8.739	7.71	1003.4	8.7	82	115	1	1.7	2.3	1	0	3	7	
2026-05-11 15:10:00	58.60482	18.02775	12	49	0	1	600	0	0	0.014	13.4	12	8.769	7.71	1003.3	8.6	82	85	1	2.1	2.7	1	0	3	7	
2026-05-11 15:25:00	58.60512	18.03024	11	50	0	1	600	0	0	0.016	13.3	12	8.78	7.72	1003.1	8.6	80	25	1	2	2.5	1	0	3	7	
2026-05-11 15:40:00	58.60437	18.02937	11	51	0	1	600	0	0	0.014	13.4	12	8.796	7.73	1003	8.7	82	60	1	1.9	2.3	1	0	3	7	
2026-05-11 15:55:00	58.60155	18.03009	11	52	0	1	600	0	0	0.014	13.5	12	8.775	7.72	1002.8	8.7	83	70	1	1.4	1.8	1	0	3	7	
2026-05-11 16:10:00	58.60149	18.02637	11	53	0	1	600	0	0	0.014	13.5	12	8.752	7.72	1002.2	8.6	83	15	1	3.6	4.1	1	0	3	7	
2026-05-11 16:25:00	58.59945	18.03429	12	54	0	2	600	0	0	0.016	13.5	11	8.779	7.72	1002	8.6	80	30	1	4.8	5.6	1	0	3	7	
2026-05-11 16:40:00	58.59735	18.04377	12	55	0	1	600	0	0	0.014	13.4	11	8.829	7.74	1002	8.6	84	60	1	4.8	5.9	1	0	3	7	
2026-05-11 16:55:00	58.59384	18.05271	13	56	0	1	610	0	0	0.014	13.4	11	8.783	7.73	1002.1	8.5	85	60	1	4.4	5.4	1	0	3	7	
2026-05-11 17:10:00	58.58931	18.05967	14	57	0	1	620	0	0	0.014	13.3	11	8.748	7.72	1002.4	8.6	86	90	1	4.8	5.8	1	0	3	7	
2026-05-11 17:25:00	58.58538	18.06438	14	58	0	1	640	0	0	0.016	13.3	11	8.729	7.72	1002.2	8.9	80	80	1	5	6.5	1	0	3	7	
2026-05-11 17:40:00	58.5822	18.06834	11	59	0	3	600	0	0	0.014	13.2	11	8.744	7.72	1002.1	8.7	83	85	1	5.1	6.5	1	0	3	7	
2026-05-11 17:55:00	58.57887	18.0699	11	0	0	1	600	0	0	0.014	13.2	11	8.693	7.71	1001.9	8.6	86	80	1	4.6	5.4	1	0	3	7	
2026-05-11 18:10:00	58.57533	18.07434	12	1	0	1	600	0	0	0.014	13.2	11	8.73	7.71	1001.6	8.5	85	70	1	4.8	6.2	1	0	3	7	
2026-05-11 18:25:00	58.57197	18.08085	11	2	0	1	600	0	0	0.014	13.2	11	8.538	7.67	1001.5	8.5	85	65	1	4.7	5.9	1	0	3	7	
2026-05-11 18:40:00	58.56954	18.08709	11	3	0	2	600	0	0	0.014	13.2	11	8.195	7.6	1001.3	8.5	85	55	1	4.8	5.9	1	0	3	7	
2026-05-11 18:55:00	58.56759	18.09309	11	4	0	1	600	0	0	0.014	13.2	11	8.157	7.6	1001.3	8.5	86	45	1	4.7	5.7	1	0	3	7	
2026-05-11 19:10:00	58.56618	18.09936	12	5	0	1	600	0	0	0.016	13.2	11	8.179	7.59	1001.3	8.6	85	40	1	4.3	5.5	1	0	3	7	
2026-05-11 19:25:00	58.5645	18.10572	12	6	0	1	600	0	0	0.016	13.2	11	8.248	7.61	1001.4	8.7	84	40	1	4.4	5.4	1	0	3	7	
2026-05-11 19:40:00	58.56303	18.11196	12	7	0	1	600	0	0	0.014	13.2	11	8.208	7.62	1001.3	8.8	83	60	1	4.3	5.4	1	0	3	7	
2026-05-11 19:55:00	58.56255	18.11259	12	8	0	1	640	0	0	0.014	13.2	11	8.181	7.63	1001.3	8.6	84	65	1	5	5.9	1	0	3	7	
2026-05-11 20:10:00	58.56219	18.10071	12	9	0	1	600	0	0	0.014	13.2	11	8.176	7.61	1001.2	8.6	86	70	1	5.3	7	1	0	3	7	
2026-05-11 20:25:00	58.55904	18.08904	12	10	0	2	600	0	0	0.014	13.2	11	8.109	7.61	1001	8.5	87	65	1	5.3	6.4	1	0	3	7	
2026-05-11 20:40:00	58.55607	18.07818	12	11	0	1	600	0	0	0.014	13.2	10	8.025	7.62	1000.7	8.4	88	55	1	5.6	6.9	1	0	3	7	
2026-05-11 20:55:00	58.55043	18.07281	12	12	0	1	600	0	0	0.014	13.2	11	8.168	8.08	1000.5	8.4	89	45	1	5.1	6.2	1	0	3	7	
2026-05-11 21:10:00	58.54584	18.07302	12	13	0	1	600	0	0	0.014	13.2	10	7.836	8.36	1000	8.2	90	10	1	5.7	6.9	1	0	3	7	
2026-05-11 21:25:00	58.54218	18.08241	12	14	0	1	600	0	0	0.016	13.2	10	7.639	8.33	999.8	8.2	89	20	1	5.7	7	1	0	3	7	
2026-05-11 21:40:00	58.53444	18.08772	12	15	0	1	600	0	0	0.014	13.2	10	7.564	8.31	999.6	8.2	89	20	1	6.9	9.4	1	0	3	7	
2026-05-11 21:55:00	58.52745	18.09231	12	16	0	2	600	0	0	0.014	13.2	10	7.413	8.27	999.7	8.1	91	30	1	5.7	6.9	1	0	3	7	
2026-05-11 22:10:00	58.52007	18.09084	12	17	0	1	600	0	0	0.014	13.2	10	7.328	8.24	999.2	8	91	20	1	6.5	7.8	1	0	3	7	
2026-05-11 22:25:00	58.5147	18.08814	12	18	0	1	600	0	0	0.016	13.2	10	7.374	8.25	999	8.1	90	25	1	6.9	8.8	1	0	3	7	
2026-05-11 22:40:00	58.51776	18.07833	15	19	0	1	610	0	0	0.016	13.2	10	7.363	8.25	999	8.1	90	25	1	6.5	8.3	1	0	3	7	
2026-05-11 22:55:00	58.51758	18.08238	13	20	0	1	610	0	0	0.014	13.2	10	7.387	8.26	998.7	8	90	35	1	6.8	8.1	1	0	3	7	
2026-05-11 23:10:00	58.51962	18.07437	23	21	0	1	640	0	0	0.014	13.2	10	7.378	8.26	998.6	8.1	90	40	1	6.7	8.4	1	0	3	7	
2026-05-11 23:25:00	58.5249	18.07269	16	22	0	3	610	0	0	0.014	13.2	10	7.249	8.23	998.5	8	91	40	1	6.9	8.1	1	0	3	7	
2026-05-11 23:40:00	58.53066	18.07095	14	23	0	2	640	0	0	0.014	13.2	10	7.271	8.24	998.2	7.9	93	35	1	7.2	8.9	1	0	3	7	
2026-05-11 23:55:00	58.53513	18.05901	13	24	0	2	610	0	0	0.016	13.2	10	7.367	8.27	997.9	7.8	93	40	1	7.3	8.9	1	0	3	7	
2026-05-12 00:10:00	58.54155	18.05586	13	25	0	1	610	0	0	0.014	13.2	10	7.457	8.29	997.7	7.9	94	35	1	6.9	8.9	1	0	3	7	
2026-05-12 00:25:00	58.54698	18.05271	13	26	0	2	610	0	0	0.014	13.2	10	7.662	8.34	997.4	7.9	94	35	1	7.2	9.3	1	0	3	7	
2026-05-12 00:40:00	58.55115	18.04788	12	27	0	1	600	0	0	0.016	13.2	10	8.006	8.34	997.1	7.8	95	40	1	7.7	10	1	0	3	7	
2026-05-12 00:55:00	58.55694	18.04278	14	28	0	1	610	0	0	0.014	13.2	10	7.984	7.92	996.9	7.8	95	35	1	7.6	9.5	1	0	3	7	
2026-05-12 01:10:00	58.56225	18.03597	14	29	0	2	610	0	0	0.016	13.2	10	7.583	7.53	996.6	7.7	95	40	1	8.5	10	1	0	3	7	
2026-05-12 01:25:00	58.56759	18.0291	13	30	0	1	610	0	0	0.014	13.2	10	7.859	7.56	996.4	7.8	95	45	1	7.7	9.6	1	0	3	7	
2026-05-12 01:40:00	58.57308	18.02247	14	31	0	1	620	0	0	0.014	13.2	10	7.919	7.56	996.3	7.9	95	40	1	7.2	9.1	1	0	3	7	
2026-05-12 01:55:00	58.57812	18.01716	41	32	0	1	630	0	0	0.014	13.2	10	7.978	7.56	996.2	8	95	45	1	6.9	8	1	0	3	7	
2026-05-12 02:25:00	58.58805	18.00699	12	34	0	3	610	0	0	0.014	13.2	10	7.767	7.55	996	7.8	96	40	1	6.3	7.6	1	0	3	7	
2026-05-12 02:40:00	58.59276	18.00129	13	35	0	1	610	0	0	0.016	13.2	10	7.738	7.55	995.8	7.8	96	45	1	6.2	7.3	1	0	3	7	
2026-05-12 02:55:00	58.59129	17.99121	13	36	0	1	610	0	0	0.014	13.2	10	7.72	7.54	995.7	7.9	97	45	1	5.7	7.1	1	0	3	7	
2026-05-12 03:25:00	58.59186	17.98932	11	38	0	3	600	0	0	0.014	13.2	10	7.727	7.54	995.6	7.9	98	35	1	5.1	6.2	1	0	3	7	
2026-05-12 03:40:00	58.59192	17.99025	11	39	0	2	600	0	0	0.014	13.2	10	7.717	7.55	995.6	7.9	98	35	1	4.5	5.6	1	0	3	7	
2026-05-12 03:55:00	58.5909	17.9934	12	40	0	2	600	0	0	0.014	13.2	10	7.704	7.54	995.6	8.1	98	50	1	5	6.3	1	0	3	7	
2026-05-12 04:10:00	58.59183	17.99343	11	41	0	2	600	0	0	0.014	13.2	10	7.717	7.55	995.5	8.1	98	50	1	4.3	6	1	0	3	7	
2026-05-12 04:25:00	58.59381	17.99094	12	42	0	2	600	0	0	0.016	13.2	10	7.711	7.55	995.4	8.1	98	50	1	5.1	6.5	1	0	3	7	
2026-05-12 04:40:00	58.59159	17.99586	12	43	0	1	600	0	0	0.016	13.2	10	7.83	7.57	995.3	8	98	50	1	4.9	6.4	1	0	3	7	
2026-05-12 04:55:00	58.59438	17.99457	12	44	0	1	600	0	0	0.016	13.2	10	7.725	7.55	995.2	7.9	98	45	1	5	6.4	1	0	3	7	
2026-05-12 05:10:00	58.59243	18.00069	11	45	0	1	600	0	0	0.014	13.2	10	7.879	7.57	995.3	7.9	98	45	1	4.3	5.2	1	0	3	7	
2026-05-12 05:25:00	58.59189	17.99415	12	46	0	1	600	0	0	0.016	13.2	10	7.833	7.55	995.2	7.8	98	40	1	4.4	5.7	1	0	3	7	
2026-05-12 05:40:00	58.59387	17.99463	11	47	0	1	630	0	0	0.016	13.2	10	7.847	7.55	995.1	7.8	99	45	1	5.2	6.6	1	0	3	7	
2026-05-12 05:55:00	58.59159	17.99706	11	48	0	1	600	0	0	0.014	13.2	10	7.842	7.54	995.1	7.8	99	65	1	4.5	5.6	1	0	3	7	
2026-05-12 06:10:00	58.58838	17.98911	12	49	0	1	600	0	0	0.016	13.2	10	7.727	7.54	995.1	7.8	99	55	1	4.1	4.9	1	0	3	7	
2026-05-12 06:25:00	58.58547	17.98236	12	50	0	1	600	0	0	0.016	13.2	10	7.606	7.53	995.2	7.7	99	50	1	3.5	4.7	1	0	3	7	
2026-05-12 06:40:00	58.58259	17.9757	12	51	0	1	600	0	0	0.014	13.2	10	7.323	7.51	995.3	7.7	99	45	1	3.3	4.2	1	0	3	7	
2026-05-12 06:55:00	58.57947	17.97006	12	52	0	1	600	0	0	0.014	13.2	10	7.396	7.61	995.3	7.7	99	35	1	3.4	4.1	1	0	3	7	
2026-05-12 07:10:00	58.57548	17.96439	12	53	0	1	600	0	0	0.014	13.2	10	7.724	7.86	995.3	7.8	99	30	1	3.7	5.1	1	0	3	7	
2026-05-12 07:25:00	58.57065	17.96073	12	54	0	1	600	0	0	0.014	13.3	10	7.824	8.04	995.4	7.7	99	25	1	3.8	4.7	1	0	3	7	
2026-05-12 07:40:00	58.56528	17.95683	12	55	0	1	640	0	0	0.014	13.3	10	7.56	8.18	995.4	7.7	99	20	1	4.4	5.2	1	0	3	7	
2026-05-12 07:55:00	58.55955	17.95593	11	56	0	1	600	0	0	0.014	13.3	10	7.511	8.21	995.6	7.6	99	20	1	4.1	5.1	1	0	3	7	
2026-05-12 08:10:00	58.55706	17.94942	12	57	0	2	600	0	0	0.016	13.3	10	7.489	8.18	995.6	7.6	99	20	1	4.4	5.6	1	0	3	7	
2026-05-12 08:25:00	58.55316	17.9436	12	58	0	2	600	0	0	0.016	13.3	10	7.487	8.21	995.7	7.6	99	20	1	5.1	6.4	1	0	3	7	
2026-05-12 08:40:00	58.55238	17.93874	13	59	0	2	600	0	0	0.014	13.3	10	7.521	8.2	995.7	7.6	99	15	1	5.2	6.3	1	0	3	7	
2026-05-12 08:55:00	58.55535	17.93448	12	0	0	1	620	0	0	0.014	13.4	10	7.546	8.15	995.6	7.6	99	10	1	6	7.1	1	0	3	7	
2026-05-12 09:10:00	58.55508	17.9397	13	1	0	1	610	0	0	0.014	13.4	10	7.539	8.17	995.8	7.6	99	20	1	4.7	5.7	1	0	3	7	
2026-05-12 09:25:00	58.5483	17.94027	12	2	0	1	610	0	0	0.014	13.4	10	7.455	8.24	996	7.6	99	25	1	4.7	5.8	1	0	3	7	
2026-05-12 09:40:00	58.54176	17.93823	12	3	0	1	610	0	0	0.014	13.4	10	7.146	8.21	996.1	7.5	99	25	1	4.8	6.2	1	0	3	7	
2026-05-12 09:55:00	58.5396	17.9496	13	4	0	1	640	0	0	0.014	13.4	10	7.227	8.23	995.9	7.5	99	20	1	4.8	5.9	1	0	3	7	
2026-05-12 10:10:00	58.53612	17.95104	13	5	0	1	600	0	0	0.016	13.4	10	7.242	8.23	996	7.5	99	10	1	6	7.3	1	0	3	7	
2026-05-12 10:25:00	58.53357	17.96154	12	6	0	1	600	0	0	0.014	13.4	10	7.277	8.23	996	7.4	99	15	1	5.5	7	1	0	3	7	
2026-05-12 10:40:00	58.52976	17.96895	12	7	0	2	610	0	0	0.014	13.4	10	7.177	8.22	996.2	7.4	99	20	1	5.3	6.4	1	0	3	7	
2026-05-12 10:55:00	58.52457	17.97216	13	8	0	1	640	0	0	0.016	13.4	10	7.078	8.19	996.2	7.4	99	10	1	5	6.3	1	0	3	7	
2026-05-12 11:10:00	58.52337	17.98251	12	9	0	1	600	0	0	0.014	13.4	10	7.083	8.19	996.3	7.4	99	5	1	5	6.3	1	0	3	7	
2026-05-12 11:25:00	58.52256	17.99355	12	10	0	1	600	0	0	0.014	13.4	10	7.077	8.19	996.4	7.4	99	0	1	4.9	6.1	1	0	3	7	
2026-05-12 11:40:00	58.52217	18.00429	12	11	0	1	600	0	0	0.014	13.4	10	7.094	8.19	996.5	7.4	99	0	1	4.6	5.6	1	0	3	7	
2026-05-12 11:55:00	58.52088	18.0006	12	12	0	2	600	0	0	0.014	13.4	10	7.081	8.18	996.6	7.4	99	355	1	4.9	6.1	1	0	3	7	
2026-05-12 12:10:00	58.51473	17.99931	12	13	0	3	600	0	0	0.014	13.4	10	7.068	8.17	996.5	7.4	99	355	1	5.2	6.3	1	0	3	7	
2026-05-12 12:25:00	58.50822	17.9967	11	14	0	2	600	0	0	0.016	13.4	10	7.126	8.19	996.6	7.4	99	355	1	4.9	5.9	1	0	3	7	
2026-05-12 12:40:00	58.50204	17.99481	12	15	0	1	600	0	0	0.014	13.4	10	7.194	8.2	996.4	7.4	99	350	1	5.1	6.7	1	0	3	7	
2026-05-12 12:55:00	58.49577	17.99184	12	16	0	1	600	0	0	0.014	13.4	10	7.209	8.21	996.5	7.4	100	345	1	4.8	6.4	1	0	3	7	
2026-05-12 13:10:00	58.48863	17.99178	12	17	0	1	600	0	0	0.016	13.3	10	7.257	8.22	996.5	7.4	99	355	1	5.7	7.1	1	0	3	7	
2026-05-12 13:25:00	58.48347	17.99703	12	18	0	1	600	0	0	0.014	13.4	10	7.273	8.23	996.5	7.4	99	350	1	6.3	8.2	1	0	3	7	
2026-05-12 13:40:00	58.48407	17.98866	12	19	0	1	600	0	0	0.016	13.4	10	7.245	8.22	996.6	7.3	99	340	1	6.1	7.6	1	0	3	7	
2026-05-12 13:55:00	58.48422	17.99199	12	20	0	1	640	0	0	0.014	13.3	10	7.243	8.22	996.6	7.3	99	355	1	6.7	8.1	1	0	3	7	
2026-05-12 14:10:00	58.4802	17.98392	12	21	0	1	600	0	0	0.014	13.3	10	7.219	8.22	996.6	7.3	99	355	1	6	6.9	1	0	3	7	
2026-05-12 14:25:00	58.48014	17.97465	12	22	0	1	600	0	0	0.014	13.3	10	7.195	8.21	996.7	7.4	99	355	1	6.5	8.1	1	0	3	7	
2026-05-12 14:40:00	58.48116	17.96463	13	23	0	1	600	0	0	0.014	13.3	10	7.159	8.19	996.7	7.3	99	355	1	5.9	7.2	1	0	3	7	
2026-05-12 14:55:00	58.48197	17.95629	13	24	0	1	610	0	0	0.014	13.3	10	7.081	8.17	996.8	7.3	99	350	1	5.5	6.7	1	0	3	7	
2026-05-12 15:10:00	58.48242	17.94711	14	25	0	1	610	0	0	0.014	13.3	10	7.025	8.17	996.9	7.3	99	345	1	4.9	6.6	1	0	3	7	
2026-05-12 15:25:00	58.4829	17.93742	13	26	0	2	610	0	0	0.016	13.3	10	7.046	8.18	996.9	7.3	99	350	1	5.7	7.3	1	0	3	7	
2026-05-12 15:40:00	58.48308	17.92776	16	27	0	2	620	0	0	0.014	13.3	10	7.095	8.19	996.9	7.3	99	350	1	5.7	7.3	1	0	3	7	
2026-05-12 15:55:00	58.48377	17.91762	18	28	0	1	640	0	0	0.014	13.3	10	7.119	8.21	997	7.3	99	340	1	5.6	6.9	1	0	3	7	
2026-05-12 16:10:00	58.48413	17.90868	12	29	0	3	600	0	0	0.016	13.2	10	7.142	8.22	997.1	7.3	99	340	1	4.9	6.2	1	0	3	7	
2026-05-12 16:25:00	58.48428	17.89929	12	30	0	1	600	0	0	0.016	13.2	9	7.153	8.22	997.3	7.4	99	345	1	4.9	6.2	1	0	3	7	
2026-05-12 16:40:00	58.48392	17.89146	11	31	0	2	600	0	0	0.014	13.2	10	7.15	8.22	997.2	7.3	99	340	1	5.6	7.1	1	0	3	7	
2026-05-12 16:55:00	58.48359	17.88204	11	32	0	1	600	0	0	0.016	13.2	10	7.096	8.2	997.3	7.2	99	335	1	5.5	7.2	1	0	3	7	
2026-05-12 17:10:00	58.48359	17.87166	12	33	0	1	600	0	0	0.016	13.2	10	7.055	8.19	997.4	7.2	99	345	1	5.9	7	1	0	3	7	
2026-05-12 17:25:00	58.48386	17.86047	11	34	0	1	600	0	0	0.016	13.2	9	7.085	8.19	997.5	7.1	99	335	1	6	7.7	1	0	3	7	
2026-05-12 17:40:00	58.48461	17.85057	12	35	0	1	610	0	0	0.016	13.2	9	7.103	8.19	997.6	7	99	330	1	6.4	8	1	0	3	7	
2026-05-12 17:55:00	58.48497	17.83968	13	36	0	1	610	0	0	0.014	13.2	9	7.14	8.21	997.6	7	99	335	1	6.9	8.1	1	0	3	7	
2026-05-12 18:10:00	58.48578	17.82852	13	37	0	2	610	0	0	0.016	13.2	9	7.132	8.21	997.7	7	99	340	1	6.7	8.1	1	0	3	7	
2026-05-12 18:25:00	58.48671	17.81772	14	38	0	1	610	0	0	0.014	13.2	9	7.097	8.21	997.7	7	99	335	1	5.5	6.8	1	0	3	7	
2026-05-12 18:40:00	58.48737	17.8077	15	39	0	1	640	0	0	0.014	13.2	9	7.072	8.21	997.7	7	99	335	1	5.7	7	1	0	3	7	
2026-05-12 19:10:00	58.48815	17.7891	12	41	0	3	600	0	0	0.014	13.2	10	7.205	8.25	997.9	7	99	330	1	5.5	6.8	1	0	3	7	
2026-05-12 19:25:00	58.48848	17.78091	12	42	0	1	600	0	0	0.016	13.2	9	7.253	8.27	998	7	99	330	1	5.3	6.5	1	0	3	7	
2026-05-12 19:40:00	58.48854	17.77215	12	43	0	3	600	0	0	0.016	13.2	10	7.274	8.28	998.1	7	99	320	1	5.1	6.1	1	0	3	7	
2026-05-12 19:55:00	58.48551	17.78301	12	44	0	1	600	0	0	0.016	13.2	10	7.168	8.25	998.1	6.8	99	320	1	5.3	6.7	1	0	3	7	
2026-05-12 20:10:00	58.4808	17.79339	13	45	0	1	610	0	0	0.016	13.2	9	6.98	8.19	997.9	6.8	99	325	1	5.7	6.8	1	0	3	7	
2026-05-12 20:25:00	58.4754	17.8056	41	46	0	1	630	0	0	0.014	13.2	10	6.949	8.17	997.8	6.7	99	320	1	5.8	7.3	1	0	3	7	
2026-05-12 20:40:00	58.47135	17.81949	11	47	0	1	600	0	0	0.014	13.2	9	6.899	8.13	997.6	6.6	99	325	1	6.3	7.4	1	0	3	7	
2026-05-12 20:55:00	58.46943	17.83617	12	48	0	1	600	0	0	0.016	13.2	9	6.994	8.15	997.6	6.6	99	325	1	6.4	7.4	1	0	3	7	
2026-05-12 21:10:00	58.4673	17.85315	12	49	0	1	600	0	0	0.016	13.2	9	7.024	8.15	997.5	6.6	99	325	1	6.6	8.2	1	0	3	7	
2026-05-12 21:25:00	58.46391	17.87007	12	50	0	1	600	0	0	0.014	13.2	9	6.932	8.13	997.4	6.6	99	325	1	6.1	7.4	1	0	3	7	
2026-05-12 21:40:00	58.45842	17.87571	11	51	0	1	600	0	0	0.016	13.2	9	6.916	8.14	997.4	6.6	99	325	1	6.3	7.6	1	0	3	7	
2026-05-12 21:55:00	58.45194	17.88171	12	52	0	1	600	0	0	0.014	13.2	9	6.971	8.16	997.2	6.6	99	330	1	5.7	7.2	1	0	3	7	
2026-05-12 22:10:00	58.44873	17.87496	12	53	0	1	600	0	0	0.016	13.2	9	6.94	8.15	997.1	6.5	99	335	1	5.9	7.3	1	0	3	7	
2026-05-12 22:25:00	58.44501	17.87916	12	54	0	1	600	0	0	0.014	13.2	9	6.948	8.15	996.9	6.5	99	330	1	6.1	8	1	0	3	7	
2026-05-12 22:40:00	58.44432	17.87331	13	55	0	3	610	0	0	0.014	13.2	9	6.935	8.15	996.8	6.5	99	335	1	5.7	7.3	1	0	3	7	
2026-05-12 23:10:00	58.44459	17.85666	13	57	0	3	610	0	0	0.016	13.2	9	6.868	8.13	996.6	6.4	98	335	1	5.4	6.9	1	0	3	7	
2026-05-12 23:25:00	58.44483	17.84892	22	58	0	1	620	0	0	0.016	13.2	9	6.884	8.12	996.7	6.5	98	325	1	5.1	6.3	1	0	3	7	
2026-05-12 23:55:00	58.4442	17.8347	11	0	0	3	600	0	0	0.014	13.2	9	6.889	8.12	996.6	6.5	98	340	1	4.9	6.4	1	0	3	7	
2026-05-13 00:25:00	58.44438	17.82192	12	2	0	3	600	0	0	0.014	13.2	9	6.788	8.08	996.4	6.5	98	340	1	4.9	6.4	1	0	3	7	
2026-05-13 00:40:00	58.44495	17.81634	12	3	0	2	610	0	0	0.014	13.2	9	6.786	8.09	996.4	6.5	98	335	1	5	5.9	1	0	3	7	
2026-05-13 00:55:00	58.44522	17.81076	12	4	0	1	600	0	0	0.016	13.2	9	6.784	8.09	996.3	6.5	98	345	1	5	6.3	1	0	3	7	
2026-05-13 01:10:00	58.4457	17.80515	12	5	0	1	600	0	0	0.016	13.2	9	6.766	8.09	996.2	6.5	99	345	1	4.5	5.5	1	0	3	7	
2026-05-13 01:25:00	58.446	17.80068	11	6	0	1	600	0	0	0.016	13.2	9	6.76	8.09	996.1	6.5	99	345	1	4.8	5.9	1	0	3	7	
2026-05-13 01:40:00	58.44621	17.796	11	7	0	1	630	0	0	0.014	13.2	9	6.743	8.08	996	6.5	99	345	1	5.2	6.2	1	0	3	7	
2026-05-13 01:55:00	58.44642	17.79036	11	8	0	2	600	0	0	0.014	13.2	9	6.771	8.09	996	6.5	99	345	1	4.7	5.6	1	0	3	7	
2026-05-13 02:10:00	58.44672	17.78454	12	9	0	1	600	0	0	0.014	13.2	9	6.754	8.08	995.9	6.5	99	350	1	5.2	6.3	1	0	3	7	
2026-05-13 02:25:00	58.44714	17.77734	11	10	0	1	600	0	0	0.016	13.2	9	6.713	8.07	995.8	6.5	99	350	1	4.6	6	1	0	3	7	
2026-05-13 02:55:00	58.44747	17.7654	11	12	0	3	600	0	0	0.014	13.2	9	6.689	8.07	995.4	6.5	98	340	1	5.2	5.9	1	0	3	7	
2026-05-13 03:25:00	58.44732	17.75145	12	14	0	3	600	0	0	0.016	13.2	9	6.697	8.06	995.6	6.5	98	340	1	5.6	7.1	1	0	3	7	
2026-05-13 03:40:00	58.44702	17.74434	12	15	0	2	600	0	0	0.016	13.2	9	6.689	8.06	995.6	6.5	98	345	1	4.6	5.7	1	0	3	7	
2026-05-13 04:10:00	58.446	17.72976	15	17	0	3	610	0	0	0.014	13.2	9	6.661	8.07	995.4	6.4	98	355	1	5.4	6.3	1	0	3	7	
2026-05-13 04:25:00	58.44702	17.7225	14	18	0	1	610	0	0	0.014	13.2	9	6.686	8.08	995.4	6.4	98	350	1	5.3	6.4	1	0	3	7	
2026-05-13 04:40:00	58.44783	17.71413	14	19	0	2	610	0	0	0.014	13.2	9	6.726	8.09	995.4	6.4	98	345	1	5.3	6.7	1	0	3	7	
2026-05-13 04:55:00	58.44816	17.71698	14	20	0	1	610	0	0	0.016	13.2	9	6.713	8.09	995.3	6.4	97	355	1	4.9	6.2	1	0	3	7	
2026-05-13 05:10:00	58.44762	17.71842	15	21	0	2	640	0	0	0.016	13.2	9	6.712	8.09	995.2	6.4	97	355	1	4.9	5.7	1	0	3	7	
2026-05-13 05:25:00	58.44852	17.71275	12	22	0	2	600	0	0	0.014	13.2	9	6.749	8.1	995.2	6.4	97	345	1	4.8	5.6	1	0	3	7	
2026-05-13 05:40:00	58.44945	17.70525	12	23	0	1	600	0	0	0.014	13.2	9	6.811	8.12	995.3	6.4	97	340	1	4.4	5.3	1	0	3	7	
2026-05-13 05:55:00	58.44456	17.70891	11	24	0	2	600	0	0	0.016	13.2	9	6.696	8.08	995.2	6.3	97	355	1	3.9	4.8	1	0	3	7	
2026-05-13 06:10:00	58.44081	17.71164	12	25	0	1	600	0	0	0.016	13.2	9	6.681	8.07	995.3	6.3	97	355	1	3.6	4.2	1	0	3	7	
2026-05-13 06:25:00	58.43631	17.7129	11	26	0	2	600	0	0	0.014	13.2	9	6.669	8.06	995.3	6.3	97	360	1	3.6	4.6	1	0	3	7	
2026-05-13 06:40:00	58.43211	17.715	12	27	0	1	600	0	0	0.014	13.2	9	6.623	8.05	995.2	6.3	97	360	1	2.9	3.6	1	0	3	7	
2026-05-13 06:55:00	58.4277	17.71632	12	28	0	1	600	0	0	0.016	13.2	9	6.59	8.04	995.2	6.3	97	15	1	2.8	3.8	1	0	3	7	
2026-05-13 07:10:00	58.42383	17.71557	12	29	0	1	600	0	0	0.016	13.2	9	6.595	8.04	995.2	6.3	97	10	1	2.5	3.3	1	0	3	7	
2026-05-13 07:40:00	58.42287	17.72055	13	31	0	3	630	0	0	0.014	13.3	9	6.602	8.04	994.9	6.3	98	355	1	2.3	3.3	1	0	3	7	
2026-05-13 08:25:00	58.42497	17.72655	12	34	0	3	600	0	0	0.014	13.4	9	6.62	8.04	994.7	6.4	97	335	1	2.1	2.9	1	0	3	7	
2026-05-13 08:40:00	58.42626	17.72808	12	35	0	1	600	0	0	0.016	13.4	9	6.641	8.04	994.6	6.4	98	325	1	1.8	2.7	1	0	3	7	
2026-05-13 08:55:00	58.4277	17.7297	12	36	0	1	600	0	0	0.016	13.4	9	6.646	8.04	994.6	6.4	97	325	1	1.8	2.6	1	0	3	7	
2026-05-13 09:10:00	58.42923	17.73126	12	37	0	2	600	0	0	0.014	13.4	9	6.643	8.02	994.7	6.5	98	315	1	1.7	2.3	1	0	3	7	
2026-05-13 09:25:00	58.43124	17.73321	41	38	0	1	630	0	0	0.014	13.4	10	6.648	8.04	994.6	6.5	97	325	1	1.5	2.2	1	0	3	7	
2026-05-13 09:40:00	58.43292	17.7348	11	39	0	1	600	0	0	0.014	13.4	10	6.669	8.04	994.6	6.4	97	325	1	1.6	2.6	1	0	3	7	
2026-05-13 09:55:00	58.43445	17.73624	11	40	0	1	600	0	0	0.014	13.4	9	6.678	8.03	994.6	6.5	97	310	1	1.4	1.9	1	0	3	7	
2026-05-13 10:10:00	58.43595	17.7375	11	41	0	1	600	0	0	0.014	13.4	10	6.683	8.02	994.6	6.5	97	300	1	1	1.4	1	0	3	7	
2026-05-13 10:25:00	58.43721	17.73867	11	42	0	1	600	0	0	0.016	13.4	10	6.703	8.02	994.5	6.5	97	315	1	1.3	2	1	0	3	7	
2026-05-13 10:40:00	58.43865	17.74005	11	43	0	1	600	0	0	0.014	13.4	10	6.724	8.04	994.3	6.5	97	295	1	1.4	1.9	1	0	3	7	
2026-05-13 10:55:00	58.44027	17.74158	11	44	0	2	600	0	0	0.014	13.4	10	6.753	8.03	994.3	6.6	97	295	1	1.1	1.7	1	0	3	7	
2026-05-13 11:10:00	58.4418	17.74305	11	45	0	1	610	0	0	0.016	13.4	10	6.782	8.02	994.4	6.6	97	265	1	0.9	1.4	1	0	3	7	
2026-05-13 11:40:00	58.44369	17.74551	11	47	0	3	600	0	0	0.014	13.4	10	6.842	8.02	994.3	6.7	96	295	1	0.7	1.4	1	0	3	7	
2026-05-13 11:55:00	58.44459	17.7465	12	48	0	1	600	0	0	0.014	13.4	10	6.877	8.05	994.2	6.6	96	235	1	0.9	1.4	1	0	3	7	
2026-05-13 12:25:00	58.44717	17.75022	12	50	0	3	600	0	0	0.014	13.4	10	6.941	8.04	994.1	6.6	97	195	1	1.5	1.9	1	0	3	7	
2026-05-13 12:40:00	58.44957	17.75304	12	51	0	2	600	0	0	0.014	13.3	10	6.935	8.07	994.1	6.6	97	215	1	1.6	2	1	0	3	7	
2026-05-13 12:55:00	58.4517	17.75691	12	52	0	1	600	0	0	0.014	13.3	10	6.913	8.06	994	6.5	97	220	1	1.4	1.9	1	0	3	7	
2026-05-13 13:10:00	58.45335	17.76219	11	53	0	1	600	0	0	0.014	13.4	10	6.912	8.1	993.8	6.5	97	235	1	1.4	1.9	1	0	3	7	
2026-05-13 13:25:00	58.45524	17.76744	11	54	0	2	600	0	0	0.016	13.4	10	6.942	8.1	993.8	6.6	97	215	1	1.9	2.3	1	0	3	7	
2026-05-13 13:40:00	58.4577	17.77242	11	55	0	1	600	0	0	0.014	13.4	10	6.948	8.11	993.7	6.5	98	215	1	2.7	3.2	1	0	3	7	
2026-05-13 13:55:00	58.45968	17.77902	11	56	0	1	630	0	0	0.014	13.4	10	6.954	8.11	993.7	6.5	98	205	1	2.5	3.1	1	0	3	7	
2026-05-13 14:10:00	58.46055	17.78598	12	57	0	1	600	0	0	0.014	13.4	10	6.974	8.12	993.6	6.5	98	205	1	2.4	3.2	1	0	3	7	
2026-05-13 14:25:00	58.46325	17.79264	11	58	0	1	600	0	0	0.014	13.5	10	6.974	8.12	993.7	6.6	97	195	1	3.2	4	1	0	3	7	
2026-05-13 14:40:00	58.46445	17.80026	12	59	0	1	600	0	0	0.014	13.4	10	6.976	8.11	993.5	6.5	97	195	1	3.1	3.8	1	0	3	7	
2026-05-13 14:55:00	58.46343	17.80677	11	0	0	1	600	0	0	0.014	13.4	10	6.966	8.11	993.5	6.6	97	190	1	3.2	3.9	1	0	3	7	
2026-05-13 15:10:00	58.46202	17.81433	11	1	0	1	600	0	0	0.014	13.4	10	7.012	8.13	993.4	6.6	97	195	1	3.6	4.2	1	0	3	7	
2026-05-13 15:25:00	58.46037	17.82195	11	2	0	1	600	0	0	0.014	13.4	10	7.005	8.12	993.4	6.6	96	200	1	4.3	5	1	0	3	7	
2026-05-13 15:40:00	58.45824	17.82942	11	3	0	1	600	0	0	0.014	13.4	10	7.019	8.14	993.4	6.7	97	195	1	3.7	4.9	1	0	3	7	
2026-05-13 15:55:00	58.45662	17.83695	12	4	0	1	600	0	0	0.014	13.4	10	7.008	8.13	993.3	6.7	97	195	1	4.1	5	1	0	3	7	
2026-05-13 16:25:00	58.45464	17.85276	47	6	0	3	640	0	0	0.014	13.4	10	6.977	8.13	993.2	6.7	97	195	1	4.7	6	1	0	3	7	
2026-05-13 16:40:00	58.45278	17.86056	11	7	0	1	600	0	0	0.014	13.4	10	6.936	8.11	993.2	6.6	96	195	1	5.7	6.5	1	0	3	7	
2026-05-13 17:10:00	58.44801	17.87586	13	9	0	3	600	0	0	0.014	13.4	10	6.963	8.13	992.9	6.6	96	200	1	4.9	6.2	1	0	3	7	
2026-05-13 17:25:00	58.44522	17.8842	12	10	0	1	610	0	0	0.014	13.4	9	6.996	8.14	993	6.6	96	195	1	5.3	7	1	0	3	7	
2026-05-13 17:40:00	58.4421	17.89278	41	11	0	3	630	0	0	0.014	13.4	10	6.968	8.14	992.8	6.7	96	195	1	5.1	6.4	1	0	3	7	
2026-05-13 17:55:00	58.43883	17.90058	11	12	0	1	600	0	0	0.016	13.3	9	6.975	8.15	992.7	6.7	96	195	1	5.5	6.9	1	0	3	7	
2026-05-13 18:10:00	58.43556	17.90733	12	13	0	1	600	0	0	0.014	13.3	9	7.002	8.17	992.7	6.8	96	195	1	4.9	6.5	1	0	3	7	
2026-05-13 18:25:00	58.43262	17.91483	12	14	0	1	600	0	0	0.014	13.3	9	7.034	8.18	992.6	6.8	96	195	1	5	6.1	1	0	3	7	
2026-05-13 18:55:00	58.42644	17.92716	12	16	0	3	600	0	0	0.016	13.3	9	7.339	8.24	992.4	7	96	200	1	5.4	6.4	1	0	3	7	
2026-05-13 19:10:00	58.42356	17.93244	13	17	0	2	610	0	0	0.014	13.2	9	7.366	8.22	992.5	6.9	96	195	1	5.5	6.6	1	0	3	7	
2026-05-13 19:40:00	58.42029	17.93463	12	19	0	3	610	0	0	0.016	13.2	10	7.231	8.16	992.5	7	96	190	1	4.9	7	1	0	3	7	
2026-05-13 19:55:00	58.42068	17.92581	13	20	0	1	640	0	0	0.016	13.2	10	7.345	8.22	992.4	7	96	195	1	5	6.2	1	0	3	7	
2026-05-13 20:10:00	58.42125	17.91762	12	21	0	1	600	0	0	0.016	13.2	9	7.308	8.23	992.3	6.9	96	200	1	5.6	6.9	1	0	3	7	
2026-05-13 20:40:00	58.42317	17.90154	13	23	0	3	610	0	0	0.016	13.2	10	7.02	8.18	992.2	6.7	95	210	1	4.8	5.7	1	0	3	7	
2026-05-13 20:55:00	58.42443	17.8944	13	24	0	1	600	0	0	0.014	13.2	9	6.981	8.16	992.1	6.6	93	210	1	5.8	7.2	1	0	3	7	
2026-05-13 21:10:00	58.42614	17.88507	12	25	0	1	600	0	0	0.014	13.2	9	6.95	8.14	992.2	6.5	93	215	1	5.4	6.8	1	0	3	7	
2026-05-13 21:25:00	58.4274	17.87748	12	26	0	1	600	0	0	0.014	13.2	9	6.911	8.12	992.2	6.4	91	215	1	5.2	6.1	1	0	3	7	
2026-05-13 21:40:00	58.42944	17.86896	12	27	0	1	600	0	0	0.014	13.2	9	6.842	8.1	992.1	6.5	92	215	1	5.4	6.7	1	0	3	7	
2026-05-13 21:55:00	58.43127	17.86119	12	28	0	2	610	0	0	0.014	13.2	9	6.824	8.09	992	6.5	93	220	1	5	6.1	1	0	3	7	
2026-05-13 22:10:00	58.43364	17.85324	13	29	0	2	610	0	0	0.016	13.2	9	6.88	8.11	991.9	6.5	93	210	1	5.4	6.5	1	0	3	7	
2026-05-13 22:25:00	58.43589	17.84514	13	30	0	2	610	0	0	0.016	13.2	9	6.856	8.11	991.8	6.4	92	220	1	5.2	6.7	1	0	3	7	
2026-05-13 22:40:00	58.43838	17.83833	13	31	0	1	610	0	0	0.016	13.2	9	6.791	8.09	992	6.4	93	220	1	5.3	7.1	1	0	3	7	
2026-05-13 23:10:00	58.44066	17.83242	11	33	0	3	600	0	0	0.014	13.2	9	6.749	8.08	991.8	6.5	94	200	1	4.9	6	1	0	3	7	
2026-05-13 23:40:00	58.4445	17.82012	12	35	0	3	600	0	0	0.014	13.2	9	6.663	8.06	991.7	6.6	94	200	1	4.3	5.3	1	0	3	7	
2026-05-13 23:55:00	58.44609	17.81688	11	36	0	1	600	0	0	0.014	13.2	9	6.635	8.05	991.7	6.6	92	200	1	4.8	5.8	1	0	3	7	
2026-05-14 00:10:00	58.4472	17.81496	12	37	0	2	600	0	0	0.014	13.2	9	6.631	8.05	991.7	6.7	93	180	1	4	5	1	0	3	7	
2026-05-14 00:25:00	58.44795	17.82012	12	38	0	1	600	0	0	0.014	13.2	9	6.649	8.05	991.7	6.9	95	195	1	5.5	7.2	1	0	3	7	
2026-05-14 00:40:00	58.4466	17.82786	12	39	0	3	610	0	0	0.014	13.2	9	6.685	8.06	991.6	6.9	96	190	1	6	7.5	1	0	3	7	
2026-05-14 00:55:00	58.44456	17.83497	12	40	0	1	600	0	0	0.014	13.2	9	6.753	8.08	991.6	6.9	95	200	1	6.5	8.4	1	0	3	7	
2026-05-14 01:10:00	58.44525	17.83143	13	41	0	1	610	0	0	0.014	13.2	9	6.732	8.08	991.5	6.8	94	200	1	6.9	8.5	1	0	3	7	
2026-05-14 01:25:00	58.44651	17.82636	26	42	0	1	630	0	0	0.016	13.1	9	6.69	8.07	991.6	7	95	190	1	6	7.5	1	0	3	7	
2026-05-14 01:40:00	58.4442	17.83521	41	43	0	1	630	0	0	0.014	13.2	9	6.775	8.09	991.5	6.9	96	195	1	7.8	9	1	0	3	7	
2026-05-14 01:55:00	58.44576	17.826	11	44	0	2	600	0	0	0.016	13.1	9	6.708	8.07	991.5	6.9	96	195	1	7	8	1	0	3	7	
2026-05-14 02:10:00	58.44687	17.81685	12	45	0	1	600	0	0	0.016	13.1	9	6.678	8.06	991.6	6.8	96	195	1	7.8	9.5	1	0	3	7	
2026-05-14 02:40:00	58.44819	17.81199	13	47	0	3	610	0	0	0.014	13.1	9	6.675	8.06	991.6	6.7	94	195	1	7.2	8.8	1	0	3	7	
2026-05-14 03:10:00	58.44573	17.82033	15	49	0	3	610	0	0	0.014	13.1	9	6.706	8.07	991.8	6.9	94	195	1	5.8	7	1	0	3	7	
2026-05-14 03:25:00	58.44705	17.82429	13	50	0	1	610	0	0	0.016	13.1	9	6.71	8.07	991.8	6.8	95	185	1	6.4	7.9	1	0	3	7	
2026-05-14 03:55:00	58.44582	17.8377	14	52	0	3	640	0	0	0.014	13.2	9	6.767	8.09	991.9	6.9	95	180	1	7.7	9.8	1	0	3	7	
2026-05-14 04:10:00	58.44411	17.85045	11	53	0	1	600	0	0	0.014	13.2	9	6.79	8.09	992.1	6.9	95	180	1	7.7	9.5	1	0	3	7	
2026-05-14 04:25:00	58.44396	17.84295	11	54	0	1	600	0	0	0.014	13.2	9	6.783	8.09	992.2	6.9	95	185	1	7.8	9.4	1	0	3	7	
2026-05-14 04:55:00	58.44345	17.82684	12	56	0	3	600	0	0	0.014	13.3	9	6.722	8.08	992.4	6.9	95	185	1	8.1	10.1	1	0	3	7	
2026-05-14 05:10:00	58.44303	17.81808	12	57	0	1	600	0	0	0.014	13.3	9	6.692	8.07	992.5	6.9	95	185	1	7.5	9.9	1	0	3	7	
2026-05-14 05:25:00	58.44276	17.81082	11	58	0	1	600	0	0	0.014	13.4	9	6.682	8.07	992.7	6.9	94	190	1	7.7	9.3	1	0	3	7	
2026-05-14 05:40:00	58.44261	17.80305	12	59	0	1	600	0	0	0.014	13.4	9	6.664	8.07	992.8	6.8	95	185	1	7.2	9.1	1	0	3	7	
2026-05-14 05:55:00	58.44222	17.79543	12	0	0	1	600	0	0	0.014	13.4	9	6.645	8.06	992.8	6.8	95	185	1	7.3	9.1	1	0	3	7	
2026-05-14 06:10:00	58.4418	17.78637	13	1	0	1	610	0	0	0.014	13.5	9	6.618	8.07	992.9	6.8	95	185	1	7.2	8.7	1	0	3	7	
2026-05-14 06:25:00	58.44078	17.77794	13	2	0	1	610	0	0	0.014	13.5	9	6.589	8.07	993.1	6.8	95	185	1	7.7	10.1	1	0	3	7	
2026-05-14 06:40:00	58.44009	17.76876	13	3	0	1	610	0	0	0.014	13.5	9	6.651	8.09	993.2	6.8	95	180	1	7.3	9.2	1	0	3	7	
2026-05-14 06:55:00	58.43934	17.76051	35	4	0	1	620	0	0	0.014	13.6	10	6.597	8.07	993.4	6.8	94	185	1	7.4	9.1	1	0	3	7	
2026-05-14 07:10:00	58.43844	17.7519	12	5	0	1	600	0	0	0.014	13.5	9	6.506	8.04	993.5	6.8	94	180	1	7.9	9.9	1	0	3	7	
2026-05-14 07:25:00	58.43739	17.74233	11	6	0	2	600	0	0	0.014	13.5	10	6.473	8.03	993.7	6.8	93	185	1	6.8	9.6	1	0	3	7	
2026-05-14 07:40:00	58.43688	17.73285	12	7	0	1	600	0	0	0.014	13.6	10	6.469	8.03	993.9	6.9	94	180	1	6.8	9.1	1	0	3	7	
2026-05-14 07:55:00	58.43598	17.72406	12	8	0	3	600	0	0	0.014	13.6	10	6.49	8.03	993.9	7	95	170	1	6.6	8.2	1	0	3	7	
2026-05-14 08:10:00	58.43484	17.72628	12	9	0	1	600	0	0	0.014	13.5	10	6.505	8.03	994.2	7	96	170	1	5.9	7.5	1	0	3	7	
2026-05-14 08:25:00	58.43361	17.73723	12	10	0	3	600	0	0	0.014	13.6	10	6.523	8.04	994.4	7	96	175	1	6.8	8.5	1	0	3	7	
2026-05-14 08:40:00	58.43262	17.7474	11	11	0	1	600	0	0	0.014	13.6	10	6.549	8.05	994.4	7	95	170	1	6.8	8.4	1	0	3	7	
2026-05-14 08:55:00	58.43115	17.75844	12	12	0	1	610	0	0	0.014	13.6	10	6.627	8.08	994.7	7	96	170	1	7	9.6	1	0	3	7	
2026-05-14 09:10:00	58.43007	17.77026	16	13	0	1	640	0	0	0.014	13.6	10	6.633	8.09	994.9	7.1	96	170	1	7.1	9	1	0	3	7	
2026-05-14 09:25:00	58.42914	17.78235	13	14	0	1	600	0	0	0.014	13.6	10	6.645	8.09	995.1	7	96	165	1	7.6	9.7	1	0	3	7	
2026-05-14 09:40:00	58.42806	17.79429	12	15	0	1	600	0	0	0.014	13.7	10	6.683	8.1	995.3	7	96	165	1	8.2	9.8	1	0	3	7	
2026-05-14 09:55:00	58.42671	17.80707	11	16	0	1	600	0	0	0.014	13.8	10	6.64	8.08	995.5	7	96	165	1	7.3	9	1	0	3	7	
2026-05-14 10:10:00	58.42527	17.81982	11	17	0	1	600	0	0	0.014	13.8	10	6.474	8.03	995.6	7	96	170	1	7.8	9.8	1	0	3	7	
2026-05-14 10:25:00	58.42383	17.83122	12	18	0	1	600	0	0	0.014	13.4	10	6.622	8.06	995.7	7.1	95	165	1	6.9	8.9	1	0	3	7	
2026-05-14 10:40:00	58.42206	17.84292	12	19	0	1	600	0	0	0.014	13.3	10	6.668	8.07	995.8	7.1	95	175	1	8.8	10.7	1	0	3	7	
2026-05-14 10:55:00	58.42032	17.83269	12	20	0	1	600	0	0	0.016	13.3	10	6.622	8.06	995.9	7	94	175	1	7.8	9.5	1	0	3	7	
2026-05-14 11:10:00	58.41744	17.82273	11	21	0	1	610	0	0	0.016	13.2	10	6.544	8.05	996	7.1	93	170	1	8.6	9.7	1	0	3	7	
2026-05-14 11:40:00	58.41201	17.80365	13	23	0	3	600	0	0	0.014	13.2	10	6.789	8.12	996.4	7.2	94	175	1	7.4	8.6	1	0	3	7	
2026-05-14 11:55:00	58.40997	17.79369	12	24	0	1	610	0	0	0.014	13.2	10	6.934	8.16	996.5	7.3	94	175	1	7.8	9.7	1	0	3	7	
2026-05-14 12:10:00	58.40877	17.78484	13	25	0	2	610	0	0	0.014	13.6	10	7.018	8.19	996.5	7.2	95	165	1	7.2	9	1	0	3	7	
2026-05-14 12:25:00	58.40715	17.77506	13	26	0	1	640	0	0	0.014	13.3	10	7.031	8.2	996.5	7.2	95	170	1	7.2	9.9	1	0	3	7	
2026-05-14 12:40:00	58.40514	17.76573	11	27	0	1	600	0	0	0.014	13.3	10	7.07	8.2	996.7	7.1	94	170	1	7.6	10	1	0	3	7	
2026-05-14 12:55:00	58.40382	17.75655	12	28	0	1	600	0	0	0.016	13.2	10	7.044	8.2	996.8	7.3	94	170	1	6.2	7.7	1	0	3	7	
2026-05-14 13:10:00	58.40247	17.7483	12	29	0	2	600	0	0	0.014	13.5	10	7.056	8.2	996.9	7.4	92	170	1	6.6	8.6	1	0	3	7	
2026-05-14 13:25:00	58.4013	17.73972	12	30	0	2	600	0	0	0.014	13.5	10	7.127	8.2	996.8	7.6	92	170	1	6.9	8.5	1	0	3	7	
2026-05-14 13:40:00	58.40007	17.73231	11	31	0	1	600	0	0	0.014	13.3	10	7.11	8.19	996.9	7.9	91	170	1	6.7	8.2	1	0	3	7	
2026-05-14 13:55:00	58.401	17.72388	12	32	0	1	600	0	0	0.014	13.3	10	7.117	8.19	996.9	8	90	175	1	7	8.7	1	0	3	7	
2026-05-14 14:10:00	58.40895	17.71248	12	33	0	1	600	0	0	0.014	13.2	10	6.819	8.14	996.9	7.9	90	185	1	6.7	8.7	1	0	3	7	
2026-05-14 14:25:00	58.41894	17.70987	13	34	0	1	610	0	0	0.014	13.5	10	6.72	8.11	997.1	7.9	90	175	1	6.5	8.3	1	0	3	7	
2026-05-14 14:40:00	58.4277	17.70525	12	35	0	1	610	0	0	0.014	13.3	10	6.731	8.11	997.1	7.7	90	175	1	5.7	7.4	1	0	3	7	
2026-05-14 14:55:00	58.43592	17.70351	13	36	0	1	610	0	0	0.014	13.3	10	6.75	8.11	997.2	7.6	91	165	1	5.6	6.9	1	0	3	7	
2026-05-14 15:10:00	58.44336	17.70042	13	37	0	1	630	0	0	0.014	13.5	10	6.726	8.1	997.3	7.4	93	170	1	5.2	6.4	1	0	3	7	
2026-05-14 15:25:00	58.45047	17.69997	11	38	0	1	600	0	0	0.014	13.6	10	6.757	8.1	997.6	7.4	94	145	1	4	5.6	1	0	3	7	
2026-05-14 15:40:00	58.45452	17.69439	12	39	0	1	600	0	0	0.016	13.3	10	6.827	8.12	997.5	7.2	95	145	1	4.5	5.7	1	0	3	7	
2026-05-14 16:10:00	58.46241	17.6829	13	41	0	3	600	0	0	0.014	13.4	10	7.321	7.97	997.6	7.3	96	145	1	4.4	5.3	1	0	3	7	
2026-05-14 16:25:00	58.46676	17.67642	12	42	0	1	610	0	0	0.016	13.4	10	7.264	7.96	997.6	7.2	96	135	1	4.4	5.4	1	0	3	7	
2026-05-14 16:40:00	58.47048	17.66913	12	43	0	1	600	0	0	0.014	13.4	10	7.059	7.95	997.6	7.3	95	135	1	4.4	5.2	1	0	3	7	
2026-05-14 16:55:00	58.4724	17.67054	11	44	0	1	630	0	0	0.014	13.4	10	6.73	7.86	997.5	7.3	95	140	1	4.6	6.1	1	0	3	7	
2026-05-14 17:10:00	58.47045	17.667	12	45	0	1	600	0	0	0.014	13.5	10	6.752	7.87	997.6	7.2	96	130	1	3.7	4.8	1	0	3	7	
2026-05-14 17:25:00	58.46853	17.66436	12	46	0	1	600	0	0	0.014	13.5	10	6.921	7.92	997.8	7.2	96	145	1	4.3	5.6	1	0	3	7	
2026-05-14 17:40:00	58.46622	17.66103	13	47	0	1	600	0	0	0.014	13.5	9	7.063	7.96	997.9	7.4	95	145	1	5	6.2	1	0	3	7	
2026-05-14 17:55:00	58.4634	17.6562	11	48	0	1	600	0	0	0.016	13.4	9	7.134	7.98	998	7.3	95	155	1	5.1	6.4	1	0	3	7	
2026-05-14 18:10:00	58.46133	17.6499	11	49	0	1	600	0	0	0.014	13.3	9	6.899	7.92	998.1	7.3	95	160	1	4.7	5.8	1	0	3	7	
2026-05-14 18:25:00	58.45992	17.64438	23	50	0	3	640	0	0	0.014	13.3	10	6.565	7.84	998	7.2	96	160	1	5.3	6.6	1	0	3	7	
2026-05-14 18:40:00	58.45812	17.63835	12	51	0	1	600	0	0	0.014	13.2	9	6.504	7.82	998.1	7.2	96	160	1	5.2	7.3	1	0	3	7	
2026-05-14 19:10:00	58.45401	17.62554	12	53	0	3	600	0	0	0.016	13.2	9	7.07	7.95	998.4	7.2	96	160	1	5.1	6.8	1	0	3	7	
2026-05-14 19:25:00	58.452	17.61993	12	54	0	1	610	0	0	0.014	13.2	9	7.058	7.94	998.6	7.2	97	170	1	5.1	6.4	1	0	3	7	
2026-05-14 19:40:00	58.45065	17.61225	12	55	0	2	600	0	0	0.014	13.2	9	7.359	8.01	998.6	7.1	97	150	1	5.9	7.8	1	0	3	7	
2026-05-14 19:55:00	58.45008	17.61534	13	56	0	2	610	0	0	0.014	13.2	9	7.199	7.98	998.8	7	97	155	1	6.1	7	1	0	3	7	
2026-05-14 20:10:00	58.44765	17.60862	41	57	0	1	630	0	0	0.014	13.2	10	7.201	7.97	998.9	7	97	155	1	5.2	6.1	1	0	3	7	
2026-05-14 20:25:00	58.44495	17.60175	11	58	0	3	600	0	0	0.014	13.2	10	7.131	7.95	999	7	97	155	1	4.7	6.4	1	0	3	7	
2026-05-14 20:40:00	58.44237	17.59557	11	59	0	1	600	0	0	0.014	13.2	9	7.148	7.95	999.1	7.1	97	160	1	5.3	6.3	1	0	3	7	
2026-05-14 20:55:00	58.4451	17.5863	11	0	0	1	600	0	0	0.016	13.2	9	7.312	7.96	999.2	7.1	97	165	1	6	7.6	1	0	3	7	
2026-05-14 21:10:00	58.4424	17.57748	11	1	0	1	600	0	0	0.014	13.2	9	7.215	7.93	999.3	7.2	97	160	1	5.4	6.9	1	0	3	7	
2026-05-14 21:25:00	58.43988	17.56914	11	2	0	1	600	0	0	0.016	13.2	9	7.263	7.92	999.5	7.2	97	165	1	5.5	7.2	1	0	3	7	
2026-05-14 21:40:00	58.43799	17.56086	11	3	0	1	600	0	0	0.016	13.2	9	7.27	7.92	999.5	7.3	96	165	1	6.1	7.1	1	0	3	7	
2026-05-14 21:55:00	58.43613	17.55084	12	4	0	1	600	0	0	0.014	13.2	9	7.247	7.91	999.7	7.3	95	165	1	5.6	7.1	1	0	3	7	
2026-05-14 22:10:00	58.43424	17.54238	14	5	0	1	630	0	0	0.016	13.2	9	7.232	7.9	999.8	7.3	95	160	1	5	6.1	1	0	3	7	
2026-05-14 22:25:00	58.43223	17.53407	12	6	0	1	600	0	0	0.014	13.2	9	7.216	7.9	999.8	7.4	95	170	1	5	6.4	1	0	3	7	
2026-05-14 22:40:00	58.43088	17.5263	11	7	0	1	600	0	0	0.014	13.2	9	7.215	7.9	1000	7.4	95	165	1	5.3	6.7	1	0	3	7	
2026-05-14 22:55:00	58.42905	17.5179	13	8	0	1	600	0	0	0.014	13.2	9	7.203	7.9	1000.2	7.4	95	165	1	5.5	7.3	1	0	3	7	
2026-05-14 23:25:00	58.42725	17.50158	11	10	0	3	600	0	0	0.016	13.2	10	7.155	7.88	1000.4	7.3	96	165	1	5	6.3	1	0	3	7	
2026-05-14 23:40:00	58.4256	17.49342	13	11	0	1	610	0	0	0.014	13.2	9	7.138	7.87	1000.5	7.3	96	165	1	4.9	6.8	1	0	3	7	
2026-05-14 23:55:00	58.42455	17.48934	13	12	0	2	640	0	0	0.014	13.2	9	7.139	7.87	1000.5	7.3	96	165	1	5.5	7	1	0	3	7	
2026-05-15 00:10:00	58.42353	17.48685	11	13	0	1	600	0	0	0.016	13.2	9	7.142	7.87	1000.5	7.3	96	160	1	4.7	6	1	0	3	7	
2026-05-15 00:25:00	58.42323	17.48871	11	14	0	1	600	0	0	0.016	13.2	9	7.176	7.89	1000.6	7.2	97	165	1	4.9	6.4	1	0	3	7	
2026-05-15 00:40:00	58.42146	17.4798	11	15	0	1	600	0	0	0.016	13.2	9	7.146	7.87	1000.7	7.2	97	170	1	5	7	1	0	3	7	
2026-05-15 00:55:00	58.42026	17.47563	12	16	0	1	600	0	0	0.016	13.2	9	7.141	7.86	1000.7	7.2	97	170	1	5.1	6.7	1	0	3	7	
2026-05-15 01:10:00	58.41951	17.47302	11	17	0	1	600	0	0	0.014	13.2	9	7.144	7.86	1000.8	7.2	97	165	1	5.1	6.1	1	0	3	7	
2026-05-15 01:25:00	58.419	17.4753	11	18	0	1	600	0	0	0.016	13.2	9	7.152	7.88	1001	7.2	97	160	1	5	6	1	0	3	7	
2026-05-15 01:40:00	58.41723	17.46786	11	19	0	1	600	0	0	0.014	13.2	9	7.143	7.87	1001	7.2	97	155	1	5.5	7.2	1	0	3	7	
2026-05-15 01:55:00	58.41657	17.46486	12	20	0	1	610	0	0	0.016	13.2	9	7.138	7.86	1001.1	7.2	97	155	1	5	5.9	1	0	3	7	
2026-05-15 02:10:00	58.4151	17.46252	16	21	0	1	640	0	0	0.014	13.2	9	7.142	7.87	1001.3	7.1	97	155	1	4.8	6.6	1	0	3	7	
2026-05-15 02:25:00	58.41471	17.4597	12	22	0	1	600	0	0	0.016	13.2	9	7.124	7.84	1001.4	7.1	97	155	1	5.1	6.7	1	0	3	7	
2026-05-15 02:40:00	58.41336	17.45778	11	23	0	1	600	0	0	0.016	13.2	9	7.131	7.85	1001.5	7.1	97	155	1	5.5	6.7	1	0	3	7	
2026-05-15 02:55:00	58.41042	17.45037	11	24	0	2	600	0	0	0.014	13.2	9	7.111	7.84	1001.5	7.1	97	155	1	5.9	7.5	1	0	3	7	
2026-05-15 03:10:00	58.40763	17.44275	13	25	0	1	610	0	0	0.014	13.2	9	7.114	7.85	1001.7	7.1	97	160	1	5	6.4	1	0	3	7	
2026-05-15 03:40:00	58.40274	17.42508	41	27	0	3	630	0	0	0.014	13.2	10	6.964	7.77	1002.2	6.5	99	170	1	5.1	6.5	1	0	3	7	
2026-05-15 03:55:00	58.40016	17.41611	11	28	0	1	600	0	0	0.014	13.2	9	6.943	7.76	1002.3	6.6	97	165	1	6.5	8.4	1	0	3	7	
2026-05-15 04:10:00	58.39875	17.41794	11	29	0	2	600	0	0	0.016	13.2	10	7.005	7.79	1002.3	6.7	97	175	1	5.4	6.8	1	0	3	7	
2026-05-15 04:25:00	58.39791	17.41329	12	30	0	1	600	0	0	0.014	13.3	9	6.946	7.77	1002.4	6.6	96	175	1	5.7	7.3	1	0	3	7	
2026-05-15 04:40:00	58.3971	17.40999	11	31	0	2	600	0	0	0.016	13.3	9	6.941	7.76	1002.5	6.7	95	165	1	5.6	6.8	1	0	3	7	
2026-05-15 04:55:00	58.3959	17.41173	12	32	0	1	600	0	0	0.014	13.3	9	7.018	7.8	1002.7	6.7	96	165	1	5.8	7.2	1	0	3	7	
2026-05-15 05:10:00	58.39446	17.41224	12	33	0	1	610	0	0	0.016	13.3	9	7.071	7.83	1002.8	6.6	96	180	1	5.5	7.1	1	0	3	7	
2026-05-15 05:25:00	58.39344	17.40387	42	34	0	1	630	0	0	0.016	13.3	10	6.938	7.76	1002.9	6.4	96	165	1	5.7	6.9	1	0	3	7	
2026-05-15 05:40:00	58.39197	17.40546	12	35	0	1	600	0	0	0.016	13.3	10	7.056	7.82	1002.9	6.4	97	180	1	4.9	6.8	1	0	3	7	
2026-05-15 05:55:00	58.3914	17.39775	11	36	0	2	600	0	0	0.014	13.3	9	6.967	7.75	1003.2	6.3	97	175	1	4.9	6.8	1	0	3	7	
2026-05-15 06:10:00	58.39017	17.38893	11	37	0	1	600	0	0	0.014	13.3	9	6.955	7.72	1003.1	6.3	97	175	1	5.6	7.4	1	0	3	7	
2026-05-15 06:25:00	58.3887	17.3799	12	38	0	1	600	0	0	0.014	13.4	9	6.947	7.7	1003.3	6.3	97	165	1	5.4	6.8	1	0	3	7	
2026-05-15 06:40:00	58.38657	17.37192	12	39	0	1	600	0	0	0.014	13.4	9	6.961	7.69	1003.4	6.2	97	165	1	4.5	5.5	1	0	3	7	
2026-05-15 06:55:00	58.38462	17.36391	11	40	0	2	600	0	0	0.014	13.4	9	6.934	7.69	1003.6	6.3	97	175	1	4.5	5.5	1	0	3	7	
2026-05-15 07:10:00	58.3833	17.35614	12	41	0	1	600	0	0	0.016	13.4	9	6.945	7.68	1003.8	6.2	97	165	1	4.7	5.9	1	0	3	7	
2026-05-15 07:25:00	58.38144	17.34813	12	42	0	2	610	0	0	0.014	13.4	9	6.911	7.68	1004	6.1	97	175	1	4.3	5.3	1	0	3	7	
2026-05-15 07:55:00	58.37907	17.3346	11	44	0	3	600	0	0	0.014	13.4	10	6.89	7.68	1004.1	6.1	98	150	1	4.4	5.2	1	0	3	7	
2026-05-15 08:10:00	58.37757	17.3277	11	45	0	1	600	0	0	0.014	13.4	10	6.862	7.67	1004.1	6.2	98	155	1	3.9	5	1	0	3	7	
2026-05-15 08:25:00	58.37598	17.3217	12	46	0	1	600	0	0	0.014	13.5	10	6.835	7.67	1004.2	6.2	98	160	1	4	5.2	1	0	3	7	
2026-05-15 08:40:00	58.37415	17.31561	12	47	0	1	600	0	0	0.014	13.5	10	6.782	7.69	1004.5	6.4	97	150	1	3.7	4.7	1	0	3	7	
2026-05-15 08:55:00	58.37232	17.31003	11	48	0	1	600	0	0	0.014	13.6	10	6.888	7.7	1004.4	6.4	97	155	1	3.4	4.5	1	0	3	7	
2026-05-15 09:10:00	58.3707	17.30583	11	49	0	1	600	0	0	0.014	13.6	10	6.936	7.7	1004.7	6.2	97	155	1	2.9	3.8	1	0	3	7	
2026-05-15 09:25:00	58.36926	17.30109	13	50	0	1	610	0	0	0.014	13.8	10	6.958	7.7	1004.6	6.5	97	155	1	1.8	2.5	1	0	3	7	
2026-05-15 09:40:00	58.36821	17.29905	12	51	0	2	610	0	0	0.014	13.4	11	6.965	7.7	1004.6	6.8	96	135	1	1.7	2.5	1	0	3	7	
2026-05-15 09:55:00	58.36725	17.29746	13	52	0	1	640	0	0	0.014	13.3	11	7.071	7.72	1004.8	6.9	95	120	1	1.7	2.5	1	0	3	7	
2026-05-15 10:10:00	58.36575	17.29581	11	53	0	1	600	0	0	0.016	13.3	12	7.09	7.73	1004.7	7.2	95	105	1	2	2.8	1	0	3	7	
2026-05-15 10:25:00	58.36374	17.29164	12	54	0	1	600	0	0	0.014	13.5	12	7.511	7.82	1004.5	7.2	95	90	1	2.5	3.3	1	0	3	7	
2026-05-15 10:40:00	58.36161	17.28642	12	55	0	1	600	0	0	0.014	13.3	13	7.555	7.83	1004.6	7.3	96	80	1	3.2	3.8	1	0	3	7	
2026-05-15 10:55:00	58.35972	17.27814	12	56	0	1	600	0	0	0.016	13.3	13	7.618	7.85	1004.5	7.3	96	85	1	3.6	4.5	1	0	3	7	
2026-05-15 11:10:00	58.36131	17.27487	14	57	0	1	610	0	0	0.014	13.6	13	7.616	7.85	1004.6	7.4	96	75	1	3.4	4.3	1	0	3	7	
2026-05-15 11:25:00	58.35807	17.27559	14	58	0	2	610	0	0	0.014	13.3	12	7.629	7.86	1004.6	7.4	96	75	1	3.5	4.5	1	0	3	7	
2026-05-15 11:40:00	58.3542	17.27742	13	59	0	2	610	0	0	0.014	13.3	12	7.614	7.86	1004.7	7.5	97	70	1	3.3	4.4	1	0	3	7	
2026-05-15 11:55:00	58.35063	17.27901	13	0	0	2	610	0	0	0.014	13.6	12	7.613	7.85	1004.4	7.6	97	55	1	3.3	4.4	1	0	3	7	
2026-05-15 12:10:00	58.34739	17.28126	12	1	0	1	600	0	0	0.016	13.3	11	7.671	7.87	1004.4	7.6	97	55	1	3.3	3.8	1	0	3	7	
2026-05-15 12:25:00	58.34346	17.27721	12	2	0	1	630	0	0	0.014	13.3	11	7.721	7.9	1004.4	7.6	97	65	1	3.4	4.3	1	0	3	7	
2026-05-15 12:40:00	58.3401	17.27904	12	3	0	2	600	0	0	0.014	13.6	11	7.699	7.89	1004.5	7.7	97	70	1	2.9	3.6	1	0	3	7	
2026-05-15 12:55:00	58.34001	17.27709	11	4	0	2	600	0	0	0.016	13.3	11	7.708	7.9	1004.5	7.7	97	65	1	2.7	3.5	1	0	3	7	
2026-05-15 13:10:00	58.33968	17.27595	11	5	0	1	600	0	0	0.014	13.3	11	7.697	7.89	1004.3	7.8	97	30	1	1.9	2.6	1	0	3	7	
2026-05-15 13:25:00	58.33989	17.27223	12	6	0	2	600	0	0	0.016	13.3	11	7.777	7.92	1004.3	7.7	97	55	1	3.1	3.8	1	0	3	7	
2026-05-15 13:40:00	58.33896	17.27223	11	7	0	2	600	0	0	0.014	13.4	11	7.699	7.9	1004.4	7.6	97	60	1	3.3	4.3	1	0	3	7	
2026-05-15 13:55:00	58.33641	17.27424	12	8	0	1	600	0	0	0.014	13.4	11	7.686	7.89	1004.3	7.6	97	65	1	3.7	4.4	1	0	3	7	
2026-05-15 14:10:00	58.33341	17.27562	11	9	0	1	600	0	0	0.014	13.4	10	7.685	7.89	1004.2	7.6	97	50	1	3.3	4.2	1	0	3	7	
2026-05-15 14:25:00	58.33122	17.27802	12	10	0	2	600	0	0	0.014	13.9	11	7.659	7.88	1004.1	7.6	97	45	1	3.5	4.5	1	0	3	7	
2026-05-15 14:40:00	58.33137	17.27631	37	11	0	1	630	0	0	0.014	13.9	11	7.638	7.87	1004	7.7	97	35	1	3.3	4.3	1	0	3	7	
2026-05-15 14:55:00	58.32978	17.27577	11	12	0	1	600	0	0	0.014	13.8	10	7.643	7.87	1004.1	7.7	97	50	1	3.8	4.5	1	0	3	7	
2026-05-15 15:10:00	58.33143	17.27181	12	13	0	2	600	0	0	0.016	13.5	10	7.628	7.87	1003.9	7.7	97	45	1	3.9	4.5	1	0	3	7	
2026-05-15 15:25:00	58.33125	17.26836	11	14	0	1	600	0	0	0.014	13.6	10	7.703	7.9	1003.7	7.8	97	35	1	2.9	3.5	1	0	3	7	
2026-05-15 15:40:00	58.32726	17.2629	11	15	0	1	600	0	0	0.014	13.5	10	8.043	8.02	1003.8	7.8	97	45	1	2.4	3	1	0	3	7	
2026-05-15 16:10:00	58.32294	17.25864	12	17	0	3	600	0	0	0.014	13.3	10	7.862	7.95	1003.5	7.8	97	40	1	3.8	4.3	1	0	3	7	
2026-05-15 16:25:00	58.32075	17.26287	12	18	0	1	600	0	0	0.014	13.3	10	8.013	8	1003.6	7.8	97	25	1	2.5	3.1	1	0	3	7	
2026-05-15 16:40:00	58.31991	17.26677	12	19	0	1	600	0	0	0.016	13.3	10	8.006	8.01	1003.5	7.7	97	15	1	2.5	3.3	1	0	3	7	
2026-05-15 16:55:00	58.31934	17.26968	41	20	0	1	630	0	0	0.016	13.3	11	7.807	7.93	1003.3	7.7	97	15	1	2.2	2.9	1	0	3	7	
2026-05-15 17:10:00	58.3188	17.27247	11	21	0	1	600	0	0	0.014	13.3	10	7.65	7.87	1003.3	7.6	97	30	1	2.8	3.5	1	0	3	7	
2026-05-15 17:25:00	58.31787	17.2755	12	22	0	1	600	0	0	0.014	13.3	10	7.587	7.86	1003.1	7.6	98	20	1	3.1	3.6	1	0	3	7	
2026-05-15 17:40:00	58.317	17.27976	12	23	0	1	600	0	0	0.014	13.2	10	7.54	7.84	1002.9	7.5	98	25	1	3.3	4.1	1	0	3	7	
2026-05-15 17:55:00	58.31613	17.28327	11	24	0	1	600	0	0	0.014	13.2	10	7.513	7.84	1003.1	7.5	98	25	1	2	2.8	1	0	3	7	
2026-05-15 18:10:00	58.31517	17.28537	13	25	0	1	620	0	0	0.016	13.2	10	7.472	7.83	1003	7.5	98	30	1	2.2	2.9	1	0	3	7	
2026-05-15 18:25:00	58.31409	17.28741	17	26	0	2	640	0	0	0.014	13.2	10	7.399	7.81	1002.9	7.5	98	40	1	2.3	3.4	1	0	3	7	
2026-05-15 18:40:00	58.3128	17.28978	11	27	0	1	600	0	0	0.014	13.2	10	7.308	7.79	1002.8	7.5	98	30	1	2.5	3.2	1	0	3	7	
2026-05-15 18:55:00	58.31166	17.2926	12	28	0	1	600	0	0	0.014	13.2	10	7.278	7.79	1002.7	7.6	97	35	1	2.8	3.7	1	0	3	7	
2026-05-15 19:10:00	58.3104	17.29554	11	29	0	1	600	0	0	0.014	13.2	10	7.268	7.78	1002.7	7.6	97	25	1	1.5	2.5	1	0	3	7	
2026-05-15 19:40:00	58.3086	17.29866	12	31	0	3	600	0	0	0.014	13.2	10	7.254	7.78	1002.5	7.6	98	300	1	2.3	3.1	1	0	3	7	
2026-05-15 19:55:00	58.30764	17.30412	11	32	0	2	600	0	0	0.014	13.2	10	7.258	7.79	1002.4	7.5	98	315	1	2.4	3.3	1	0	3	7	
2026-05-15 20:10:00	58.30593	17.31075	12	33	0	1	600	0	0	0.014	13.2	10	7.273	7.8	1002.2	7.6	97	325	1	2.4	3.2	1	0	3	7	
2026-05-15 20:25:00	58.30362	17.31852	12	34	0	1	600	0	0	0.016	13.2	10	7.223	7.85	1002.2	7.6	97	305	1	2.9	3.7	1	0	3	7	
2026-05-15 20:40:00	58.3014	17.32674	13	35	0	1	610	0	0	0.014	13.2	10	7.185	7.84	1002.2	7.7	97	300	1	2.7	3.6	1	0	3	7	
2026-05-15 20:55:00	58.29921	17.33445	13	36	0	1	610	0	0	0.016	13.2	10	7.207	7.85	1002.4	7.7	97	285	1	3.2	3.9	1	0	3	7	
2026-05-15 21:10:00	58.29684	17.34183	14	37	0	1	610	0	0	0.014	13.2	10	7.223	7.86	1002	7.6	98	320	1	4.6	5.7	1	0	3	7	
2026-05-15 21:25:00	58.29276	17.33769	41	38	0	2	630	0	0	0.016	13.2	10	7.395	7.93	1001.3	7.6	98	335	1	5.5	6.5	1	0	3	7	
2026-05-15 21:40:00	58.28694	17.33895	11	39	0	1	600	0	0	0.014	13.2	10	7.432	7.93	1001.3	7.6	98	330	1	4.8	5.6	1	0	3	7	
2026-05-15 21:55:00	58.27995	17.34297	12	40	0	2	600	0	0	0.016	13.2	10	7.461	7.87	1000.8	7.6	98	355	1	5.2	6.7	1	0	3	7	
2026-05-15 22:10:00	58.27248	17.34237	12	41	0	3	600	0	0	0.014	13.2	10	7.583	7.88	1000.3	7.7	98	355	1	6.3	7.5	1	0	3	7	
2026-05-15 22:40:00	58.26207	17.34957	12	43	0	3	600	0	0	0.016	13.2	10	7.811	7.96	1000.1	7.9	97	10	1	5.5	7.1	1	0	3	7	
2026-05-15 23:10:00	58.26111	17.35068	12	45	0	3	600	0	0	0.016	13.2	10	7.809	7.96	999.8	7.8	98	5	1	4.8	6.4	1	0	3	7	
2026-05-15 23:25:00	58.26153	17.346	12	46	0	2	600	0	0	0.014	13.2	10	7.862	7.98	999.4	7.8	98	15	1	4.6	6.3	1	0	3	7	
2026-05-15 23:40:00	58.26237	17.34069	12	47	0	1	600	0	0	0.014	13.2	10	7.898	7.99	999.1	7.7	98	25	1	5.4	6.2	1	0	3	7	
2026-05-15 23:55:00	58.26246	17.33937	12	48	0	1	600	0	0	0.014	13.2	10	7.818	7.96	998.9	7.7	98	20	1	4.6	5.5	1	0	3	7	
2026-05-16 00:10:00	58.26156	17.33991	12	49	0	1	600	0	0	0.016	13.2	10	7.768	7.95	998.8	7.7	98	40	1	4.9	5.8	1	0	3	7	
2026-05-16 00:25:00	58.2627	17.33694	13	50	0	1	610	0	0	0.016	13.2	10	7.462	7.84	998.7	7.7	98	35	1	4.3	5.4	1	0	3	7	
2026-05-16 00:55:00	58.26477	17.33139	13	52	0	3	610	0	0	0.014	13.2	10	7.374	7.83	998.7	7.8	98	60	1	3.6	4.9	1	0	3	7	
2026-05-16 01:10:00	58.26264	17.331	14	53	0	1	610	0	0	0.016	13.2	10	7.378	7.83	998.5	7.8	97	60	1	3	4.3	1	0	3	7	
2026-05-16 01:25:00	58.26279	17.32845	15	54	0	1	610	0	0	0.014	13.2	10	7.35	7.82	998.2	7.7	98	30	1	1.1	2.3	1	0	3	7	
2026-05-16 01:40:00	58.26147	17.32641	16	55	0	1	610	0	0	0.014	13.2	10	7.348	7.82	998.3	7.7	97	55	1	1.6	2.8	1	0	3	7	
2026-05-16 01:55:00	58.26084	17.32449	13	56	0	1	640	0	0	0.016	13.2	10	7.349	7.82	998.3	7.7	98	90	1	1.2	2	1	0	3	7	
2026-05-16 02:10:00	58.25985	17.32332	12	57	0	1	600	0	0	0.016	13.2	10	7.359	7.82	997.9	7.6	98	30	1	0.7	1.7	1	0	3	7	
2026-05-16 02:25:00	58.25823	17.32188	12	58	0	2	600	0	0	0.016	13.2	10	7.377	7.81	998	7.6	98	45	1	1.5	2.4	1	0	3	7	
2026-05-16 02:40:00	58.25664	17.3205	12	59	0	1	600	0	0	0.016	13.2	10	7.429	7.83	997.9	7.5	98	35	1	1.1	2.2	1	0	3	7	
2026-05-16 02:55:00	58.25514	17.31948	11	0	0	1	600	0	0	0.014	13.2	10	7.42	7.83	998.2	7.7	98	220	1	1.7	3.4	1	0	3	7	
2026-05-16 03:25:00	58.25631	17.3205	13	2	0	3	610	0	0	0.016	13.2	10	7.297	7.8	998.1	7.6	98	275	1	1.2	1.7	1	0	3	7	
2026-05-16 03:40:00	58.25637	17.322	12	3	0	2	600	0	0	0.014	13.2	10	7.251	7.79	998.1	7.6	99	320	1	1.2	2.4	1	0	3	7	
2026-05-16 03:55:00	58.25532	17.32347	12	4	0	2	600	0	0	0.014	13.2	10	7.242	7.79	997.9	7.6	99	270	1	2	2.4	1	0	3	7	
2026-05-16 04:10:00	58.25442	17.32752	41	5	0	1	630	0	0	0.014	13.2	10	7.215	7.79	998.3	7.6	99	235	1	2.2	3.2	1	0	3	7	
2026-05-16 04:25:00	58.2549	17.33184	11	6	0	1	600	0	0	0.014	13.2	10	7.212	7.81	998.6	7.7	99	225	1	3.4	4.7	1	0	3	7	
2026-05-16 04:40:00	58.25691	17.33787	12	7	0	1	600	0	0	0.014	13.2	10	7.153	7.84	998.7	7.6	99	220	1	4.4	5.4	1	0	3	7	
2026-05-16 04:55:00	58.26063	17.34546	12	8	0	1	600	0	0	0.014	13.2	10	7.167	7.84	998.6	7.7	99	240	1	4.8	6	1	0	3	7	
2026-05-16 05:10:00	58.26453	17.3472	12	9	0	1	600	0	0	0.014	13.2	10	7.188	7.84	998.5	7.6	98	255	1	4	4.8	1	0	3	7	
2026-05-16 05:25:00	58.26729	17.35485	12	10	0	1	600	0	0	0.014	13.2	10	7.267	7.9	998.5	7.7	98	260	1	3.7	4.7	1	0	3	7	
2026-05-16 05:40:00	58.27137	17.35473	13	11	0	1	610	0	0	0.014	13.4	10	7.242	7.88	998.8	7.8	98	250	1	4	5.1	1	0	3	7	
2026-05-16 05:55:00	58.27491	17.3544	13	12	0	2	610	0	0	0.014	13.5	10	7.348	7.94	999	7.8	97	245	1	4.4	6	1	0	3	7	
2026-05-16 06:10:00	58.27815	17.35257	41	13	0	1	630	0	0	0.016	13.5	10	7.316	7.91	999.2	7.8	97	235	1	4.1	5.1	1	0	3	7	
2026-05-16 06:25:00	58.28133	17.35983	11	14	0	1	600	0	0	0.016	13.4	10	7.423	7.98	999.4	7.8	97	235	1	4.2	5.4	1	0	3	7	
2026-05-16 06:40:00	58.2834	17.35866	12	15	0	1	600	0	0	0.014	13.4	10	7.37	7.95	999.6	7.8	97	230	1	4	4.9	1	0	3	7	
2026-05-16 06:55:00	58.28496	17.35785	12	16	0	1	600	0	0	0.014	13.5	10	7.382	7.95	999.8	7.8	96	235	1	3.9	5	1	0	3	7	
2026-05-16 07:10:00	58.28658	17.35722	11	17	0	1	600	0	0	0.016	13.5	10	7.44	7.99	999.9	7.9	96	240	1	3.1	3.8	1	0	3	7	
2026-05-16 07:40:00	58.28835	17.35833	11	19	0	3	600	0	0	0.014	13.5	11	7.438	7.96	1000.1	7.9	96	230	1	3.3	4.3	1	0	3	7	
2026-05-16 07:55:00	58.28895	17.3583	12	20	0	2	600	0	0	0.014	13.5	11	7.48	7.97	1000.3	7.9	96	225	1	2.7	3.7	1	0	3	7	
2026-05-16 08:10:00	58.28946	17.35821	12	21	0	1	610	0	0	0.014	13.6	11	7.546	8.01	1000.3	8	96	215	1	2.7	3.4	1	0	3	7	
2026-05-16 08:25:00	58.29003	17.35812	15	22	0	1	610	0	0	0.014	13.7	12	7.637	8.05	1000.5	8	96	205	1	2.9	3.7	1	0	3	7	
2026-05-16 08:40:00	58.29078	17.35884	13	23	0	1	610	0	0	0.016	13.4	12	7.659	8.07	1000.7	8	96	195	1	3.3	4.5	1	0	3	7	
2026-05-16 08:55:00	58.29387	17.36193	14	24	0	1	610	0	0	0.014	13.3	12	7.733	8.12	1000.7	8	96	195	1	4.1	5	1	0	3	7	
2026-05-16 09:10:00	58.29444	17.36118	41	25	0	1	630	0	0	0.014	13.3	13	7.754	8.13	1000.9	8	96	185	1	3.6	4.8	1	0	3	7	
2026-05-16 09:25:00	58.2978	17.36283	11	26	0	1	600	0	0	0.014	13.2	12	7.82	8.2	1001.1	8.1	96	185	1	3.8	4.8	1	0	3	7	
2026-05-16 09:40:00	58.30134	17.36649	12	27	0	1	600	0	0	0.014	13.5	13	7.837	8.26	1001.2	8.2	96	185	1	3.9	5.1	1	0	3	7	
2026-05-16 09:55:00	58.30539	17.36724	12	28	0	1	600	0	0	0.016	13.3	13	7.852	8.31	1001.3	8.2	96	180	1	3.4	4.2	1	0	3	7	
2026-05-16 10:10:00	58.30926	17.36847	12	29	0	1	600	0	0	0.014	13.3	13	7.808	8.37	1001.4	8.2	96	175	1	3.4	4.2	1	0	3	7	
2026-05-16 10:25:00	58.31295	17.36859	13	30	0	1	610	0	0	0.014	13.5	13	7.698	8.38	1001.4	8.2	96	175	1	3.2	3.9	1	0	3	7	
2026-05-16 10:40:00	58.31658	17.36895	14	31	0	1	610	0	0	0.016	13.3	14	7.725	8.38	1001.5	8.3	96	175	1	3.9	4.8	1	0	3	7	
2026-05-16 10:55:00	58.32105	17.36958	13	32	0	1	610	0	0	0.014	13.5	14	7.771	8.39	1001.6	8.4	95	175	1	4	4.8	1	0	3	7	
2026-05-16 11:10:00	58.32534	17.37051	41	33	0	1	630	0	0	0.014	13.3	15	7.845	8.4	1001.6	8.5	95	180	1	4.4	5.2	1	0	3	7	
2026-05-16 11:25:00	58.32957	17.36928	11	34	0	1	600	0	0	0.014	13.2	14	7.819	8.4	1001.7	8.5	95	170	1	4.9	5.8	1	0	3	7	
2026-05-16 11:55:00	58.34091	17.36571	11	36	0	3	600	0	0	0.016	13.3	14	8.389	8.11	1001.9	8.7	94	170	1	4.3	5.2	1	0	3	7	
2026-05-16 12:10:00	58.34493	17.36148	12	37	0	1	600	0	0	0.014	13.5	13	8.447	7.92	1001.9	8.8	94	165	1	4.1	5	1	0	3	7	
2026-05-16 12:25:00	58.34946	17.35782	12	38	0	1	600	0	0	0.014	13.3	13	8.327	7.78	1002	8.8	94	160	1	4.4	5.6	1	0	3	7	
2026-05-16 12:40:00	58.35015	17.36166	12	39	0	1	600	0	0	0.014	13.3	13	8.304	7.76	1002.1	8.7	93	170	1	5	6.2	1	0	3	7	
2026-05-16 12:55:00	58.3542	17.36487	12	40	0	2	600	0	0	0.014	13.5	13	8.149	7.66	1002.1	8.7	93	160	1	5.6	6.6	1	0	3	7	
2026-05-16 13:10:00	58.35213	17.37081	13	41	0	1	600	0	0	0.014	13.3	13	8.407	7.79	1002.2	8.7	93	160	1	5.1	5.9	1	0	3	7	
2026-05-16 13:25:00	58.35594	17.37273	12	42	0	1	600	0	0	0.016	13.2	12	8.353	7.75	1002.2	8.8	93	160	1	5.6	6.9	1	0	3	7	
2026-05-16 13:40:00	58.35396	17.37981	12	43	0	1	600	0	0	0.014	13.5	12	8.523	7.87	1002.2	8.8	91	165	1	6.8	8.5	1	0	3	7	
2026-05-16 13:55:00	58.35183	17.38713	14	44	0	1	640	0	0	0.016	13.3	12	8.549	8.04	1002.3	8.8	92	165	1	5.5	6.5	1	0	3	7	
2026-05-16 14:10:00	58.35024	17.39454	11	45	0	1	600	0	0	0.016	13.3	12	8.332	8.29	1002.4	8.7	93	170	1	6.8	8.1	1	0	3	7	
2026-05-16 14:25:00	58.35267	17.3871	12	46	0	1	600	0	0	0.014	13.6	12	8.604	8.04	1002.4	8.5	94	160	1	6.6	8.6	1	0	3	7	
2026-05-16 14:40:00	58.35144	17.39514	12	47	0	1	600	0	0	0.016	13.3	12	8.303	8.31	1002.5	8.1	95	165	1	7.4	9.2	1	0	3	7	
2026-05-16 14:55:00	58.35057	17.40348	12	48	0	1	600	0	0	0.014	13.3	12	7.674	8.35	1002.5	7.8	96	165	1	7	8.8	1	0	3	7	
2026-05-16 15:10:00	58.35033	17.41227	11	49	0	1	600	0	0	0.016	13.7	11	8.005	8.34	1002.6	7.8	96	160	1	7.2	9.3	1	0	3	7	
2026-05-16 15:25:00	58.35054	17.42166	11	50	0	1	600	0	0	0.014	13.3	11	7.931	8.19	1002.5	7.8	96	165	1	7.6	9.3	1	0	3	7	
2026-05-16 15:55:00	58.35105	17.42772	41	52	0	3	630	0	0	0.014	13.5	11	7.921	8.13	1002.7	7.9	96	165	1	8	10.1	1	0	3	7	
2026-05-16 16:10:00	58.35123	17.43669	11	53	0	1	600	0	0	0.014	13.7	11	7.93	8.13	1002.8	7.9	95	170	1	7.8	9.9	1	0	3	7	
2026-05-16 16:25:00	58.35144	17.44026	11	54	0	1	600	0	0	0.014	13.3	11	7.927	8.15	1002.9	8	95	165	1	7.5	9.4	1	0	3	7	
2026-05-16 16:40:00	58.35168	17.44272	12	55	0	1	600	0	0	0.016	13.2	11	7.927	8.16	1003	7.9	95	165	1	7	8.8	1	0	3	7	
2026-05-16 16:55:00	58.35813	17.44977	12	56	0	1	600	0	0	0.014	13.4	11	7.88	8.15	1003	8	95	175	1	7.1	8.4	1	0	3	7	
2026-05-16 17:10:00	58.36578	17.45514	47	57	0	1	640	0	0	0.014	13.5	11	7.796	8.16	1003	8	95	175	1	6.5	8.3	1	0	3	7	
2026-05-16 17:25:00	58.37388	17.46045	19	58	0	1	620	0	0	0.014	13.4	11	7.871	8.26	1003.1	8.1	95	175	1	6.5	8	1	0	3	7	
2026-05-16 17:40:00	58.38453	17.45598	18	59	0	1	620	0	0	0.016	13.3	11	7.782	8.41	1003.1	8.1	95	180	1	6.3	7.8	1	0	3	7	
2026-05-16 17:55:00	58.39227	17.45943	25	0	0	1	650	0	0	0.014	13.3	11	7.762	8.4	1003.2	8.1	95	185	1	7.1	8.3	1	0	3	7	
2026-05-16 18:10:00	58.39359	17.47164	13	1	0	1	610	0	0	0.014	13.2	10	7.79	8.41	1003.3	8.2	95	190	1	6.2	7.3	1	0	3	7	
2026-05-16 18:25:00	58.39602	17.47083	16	2	0	1	610	0	0	0.014	13.2	10	7.771	8.41	1003.5	8.4	94	190	1	5	6.5	1	0	3	7	
2026-05-16 18:55:00	58.4001	17.49273	12	4	0	3	600	0	0	0.016	13.2	10	7.719	8.4	1003.8	8.3	94	185	1	4.8	6.7	1	0	3	7	
2026-05-16 19:10:00	58.39926	17.50149	13	5	0	1	610	0	0	0.014	13.2	10	7.743	8.38	1004	8.1	95	170	1	5	6.4	1	0	3	7	
2026-05-16 19:25:00	58.39968	17.51076	18	6	0	1	640	0	0	0.014	13.2	10	7.781	8.35	1004.2	8.1	96	175	1	5	6.5	1	0	3	7	
2026-05-16 19:40:00	58.39944	17.52093	12	7	0	3	600	0	0	0.014	13.2	10	7.735	8.31	1004.4	8.1	95	175	1	5.4	6.1	1	0	3	7	
2026-05-16 19:55:00	58.39929	17.53149	12	8	0	1	600	0	0	0.014	13.2	10	7.726	8.29	1004.6	8.3	94	190	1	5.3	6.7	1	0	3	7	
2026-05-16 20:10:00	58.39995	17.53347	11	9	0	1	600	0	0	0.016	13.2	10	7.728	8.29	1004.7	8.3	94	195	1	4.9	6.2	1	0	3	7	
2026-05-16 20:40:00	58.39695	17.55309	13	11	0	3	610	0	0	0.014	13.2	10	7.717	8.24	1005	8.3	93	200	1	4.6	6	1	0	3	7	
2026-05-16 20:55:00	58.40307	17.56029	13	12	0	1	630	0	0	0.014	13.2	10	7.656	8.28	1005.2	8.5	92	200	1	4.9	6.2	1	0	3	7	
2026-05-16 21:10:00	58.40817	17.57085	11	13	0	1	600	0	0	0.014	13.2	10	7.656	8.3	1005.4	8.5	92	200	1	4.7	5.9	1	0	3	7	
2026-05-16 21:25:00	58.41318	17.58207	12	14	0	1	600	0	0	0.014	13.2	10	7.627	8.32	1005.4	8.4	93	185	1	4	5.2	1	0	3	7	
2026-05-16 21:40:00	58.41891	17.58837	12	15	0	2	600	0	0	0.014	13.2	10	7.652	8.34	1005.6	8.2	94	175	1	3.6	4.5	1	0	3	7	
2026-05-16 21:55:00	58.42395	17.59425	12	16	0	1	600	0	0	0.014	13.2	10	7.583	8.37	1005.7	8.1	94	170	1	3.6	4.6	1	0	3	7	
2026-05-16 22:10:00	58.42806	17.60247	12	17	0	1	600	0	0	0.016	13.2	10	7.615	8.38	1005.7	8.2	93	180	1	4.2	5.5	1	0	3	7	
2026-05-16 22:25:00	58.43406	17.60898	12	18	0	3	600	0	0	0.014	13.2	10	7.695	8.41	1005.8	8.2	93	185	1	5.2	6.5	1	0	3	7	
2026-05-16 22:55:00	58.43562	17.60553	11	20	0	3	610	0	0	0.014	13.2	10	7.754	8.43	1006	8.4	92	190	1	4.6	5.8	1	0	3	7	
2026-05-16 23:10:00	58.43847	17.61054	41	21	0	2	630	0	0	0.014	13.2	10	7.663	8.19	1006.2	8.2	93	190	1	4.8	5.9	1	0	3	7	
2026-05-16 23:25:00	58.44303	17.61933	12	22	0	2	600	0	0	0.014	13.2	10	7.886	8.03	1006.2	8.2	93	185	1	4.6	5.6	1	0	3	7	
2026-05-16 23:40:00	58.44822	17.62488	12	23	0	1	600	0	0	0.016	13.2	10	7.826	7.92	1006.4	8.2	93	185	1	4.5	5.6	1	0	3	7	
2026-05-16 23:55:00	58.44495	17.63277	11	24	0	1	600	0	0	0.014	13.2	10	7.928	7.98	1006.5	8.2	93	185	1	4.5	5.3	1	0	3	7	
2026-05-17 00:10:00	58.44666	17.63505	12	25	0	1	600	0	0	0.016	13.2	10	7.857	7.92	1006.7	8	96	170	1	4.2	5.3	1	0	3	7	
2026-05-17 00:25:00	58.44519	17.64081	11	26	0	2	600	0	0	0.014	13.2	10	7.922	7.94	1006.9	8	95	180	1	4.8	6.1	1	0	3	7	
2026-05-17 00:40:00	58.4421	17.64726	11	27	0	1	600	0	0	0.016	13.2	10	7.926	8.01	1007.1	8	94	180	1	5	6.1	1	0	3	7	
2026-05-17 00:55:00	58.44333	17.65668	11	28	0	2	600	0	0	0.014	13.2	10	7.898	8.01	1007.2	8	94	185	1	4.8	5.9	1	0	3	7	
2026-05-17 01:10:00	58.44459	17.66454	12	29	0	1	610	0	0	0.016	13.2	10	7.855	7.97	1007.3	7.9	94	185	1	5.2	6	1	0	3	7	
2026-05-17 01:25:00	58.44174	17.67108	13	30	0	1	610	0	0	0.014	13.2	10	7.529	8.23	1007.3	7.8	95	185	1	4.7	6.2	1	0	3	7	
2026-05-17 01:40:00	58.43985	17.67819	13	31	0	1	610	0	0	0.014	13.2	10	7.364	8.31	1007.5	7.8	95	185	1	5.2	6.5	1	0	3	7	
2026-05-17 01:55:00	58.43772	17.68641	41	32	0	1	630	0	0	0.014	13.2	10	7.334	8.3	1007.7	7.8	95	185	1	5.5	6.5	1	0	3	7	
2026-05-17 02:10:00	58.43613	17.69331	11	33	0	1	600	0	0	0.016	13.2	10	7.394	8.31	1007.8	7.8	95	185	1	5.8	7.1	1	0	3	7	
2026-05-17 02:25:00	58.43652	17.69142	12	34	0	1	600	0	0	0.014	13.2	10	7.374	8.31	1007.9	7.7	95	185	1	5.3	6.9	1	0	3	7	
2026-05-17 02:40:00	58.43697	17.69058	12	35	0	1	610	0	0	0.016	13.2	10	7.36	8.3	1008	7.8	95	195	1	5.7	7.2	1	0	3	7	
2026-05-17 03:10:00	58.43568	17.69523	41	37	0	3	630	0	0	0.014	13.2	10	7.44	8.33	1008.4	7.9	94	195	1	5.8	7.1	1	0	3	7	
2026-05-17 03:25:00	58.43658	17.69268	12	38	0	1	600	0	0	0.016	13.2	10	7.406	8.31	1008.6	7.9	94	200	1	5.3	6.4	1	0	3	7	
2026-05-17 03:40:00	58.43676	17.69109	11	39	0	2	600	0	0	0.014	13.3	10	7.387	8.3	1008.8	7.9	94	190	1	5.1	6.6	1	0	3	7	
2026-05-17 03:55:00	58.43691	17.69511	11	40	0	2	600	0	0	0.016	13.3	10	7.432	8.32	1008.8	7.9	93	195	1	5.2	7	1	0	3	7	
2026-05-17 04:10:00	58.43619	17.69664	13	41	0	1	610	0	0	0.014	13.3	10	7.498	8.34	1009	7.9	94	205	1	5.9	7.3	1	0	3	7	
2026-05-17 04:25:00	58.43748	17.69457	12	42	0	1	600	0	0	0.014	13.3	10	7.43	8.32	1009.1	7.9	93	205	1	5.9	7.4	1	0	3	7	
2026-05-17 04:40:00	58.43823	17.69259	12	43	0	1	600	0	0	0.014	13.4	10	7.401	8.32	1009.3	7.9	93	200	1	5.7	7.2	1	0	3	7	
2026-05-17 04:55:00	58.4376	17.69589	41	44	0	2	630	0	0	0.014	13.4	10	7.469	8.34	1009.3	7.9	93	200	1	6	7.5	1	0	3	7	
2026-05-17 05:10:00	58.43721	17.69844	11	45	0	1	600	0	0	0.014	13.4	10	7.523	8.35	1009.5	7.9	93	200	1	5.9	7.2	1	0	3	7	
2026-05-17 05:25:00	58.43826	17.69592	11	46	0	1	600	0	0	0.014	13.4	10	7.482	8.34	1009.7	7.9	94	195	1	6	7.6	1	0	3	7	
2026-05-17 05:40:00	58.4388	17.6943	11	47	0	1	600	0	0	0.014	13.4	10	7.463	8.33	1009.9	7.8	94	190	1	5.6	7.1	1	0	3	7	
2026-05-17 05:55:00	58.43772	17.70369	11	48	0	1	600	0	0	0.014	13.4	10	7.621	8.38	1010.1	7.7	95	190	1	5.8	6.9	1	0	3	7	
2026-05-17 06:10:00	58.43637	17.7114	12	49	0	1	600	0	0	0.014	13.4	10	7.59	8.38	1010.3	7.7	94	205	1	6.1	7.7	1	0	3	7	
2026-05-17 06:25:00	58.43394	17.71992	12	50	0	1	600	0	0	0.014	13.4	10	7.533	8.37	1010.4	7.8	94	200	1	5.6	7.2	1	0	3	7	
2026-05-17 06:40:00	58.43286	17.72832	11	51	0	1	600	0	0	0.014	13.3	10	7.505	8.37	1010.6	7.7	94	205	1	5.5	6.8	1	0	3	7	
2026-05-17 06:55:00	58.43109	17.73615	11	52	0	2	600	0	0	0.014	13.4	10	7.387	8.34	1010.8	7.7	95	195	1	4.8	6.1	1	0	3	7	
2026-05-17 07:10:00	58.42911	17.74416	12	53	0	2	620	0	0	0.014	13.4	10	7.409	8.34	1010.9	7.7	94	210	1	5.4	7	1	0	3	7	
2026-05-17 07:25:00	58.42665	17.75193	15	54	0	1	640	0	0	0.016	13.4	10	7.428	8.34	1011.2	7.7	95	205	1	5.3	6.7	1	0	3	7	
2026-05-17 07:40:00	58.42407	17.75988	12	55	0	1	600	0	0	0.014	13.3	10	7.407	8.33	1011.3	7.6	95	210	1	5.4	6.9	1	0	3	7	
2026-05-17 07:55:00	58.42137	17.76765	12	56	0	2	600	0	0	0.016	13.3	10	7.396	8.32	1011.7	7.6	95	190	1	5.1	6.2	1	0	3	7	
2026-05-17 08:10:00	58.4199	17.77605	11	57	0	3	600	0	0	0.014	13.4	10	7.157	8.23	1011.8	7.6	94	210	1	6.2	7.7	1	0	3	7	
2026-05-17 08:25:00	58.41669	17.7846	12	58	0	1	600	0	0	0.014	13.4	10	6.844	8.12	1012.2	7.6	94	200	1	5.3	6.8	1	0	3	7	
2026-05-17 08:40:00	58.41408	17.79276	11	59	0	1	180	0	0	0.014	13.4	10	6.895	8.13	1012.2	7.6	94	205	1	5.8	7.1	1	1	3	0	
2026-05-17 08:45:00	58.41306	17.7954	11	0	0	1	600	0	0	0.014	13.4	10	6.911	8.13	1012.3	7.6	95	195	1	5.5	6.9	1	0	3	7	
2026-05-17 09:00:00	58.41033	17.80317	13	1	0	3	630	0	0	0.016	13.5	10	6.953	8.14	1012.6	7.6	95	190	1	5.4	7.8	1	0	3	7	
2026-05-17 09:15:00	58.40844	17.81169	12	2	0	1	600	0	0	0.014	13.6	10	6.997	8.16	1012.7	7.8	94	195	1	5.9	7.2	1	0	3	7	
2026-05-17 09:30:00	58.40565	17.81844	11	3	0	1	600	0	0	0.014	13.6	10	7.094	8.18	1012.9	7.8	95	190	1	5.3	6.6	1	0	3	7	
2026-05-17 09:45:00	58.40403	17.82624	11	4	0	1	600	0	0	0.016	13.6	10	7.176	8.21	1013.1	7.8	94	190	1	5.5	7.2	1	0	3	7	
2026-05-17 10:00:00	58.40151	17.83317	12	5	0	1	600	0	0	0.014	13.4	10	7.206	8.22	1013.2	7.9	94	190	1	5.1	6.6	1	0	3	7	
2026-05-17 10:15:00	58.40208	17.82576	11	6	0	1	600	0	0	0.014	13.3	11	7.17	8.21	1013.4	7.9	93	190	1	5.4	7.1	1	0	3	7	
2026-05-17 10:30:00	58.40187	17.81784	11	7	0	2	600	0	0	0.014	13.2	11	7.142	8.19	1013.6	7.9	93	190	1	5.6	6.8	1	0	3	7	
2026-05-17 10:45:00	58.40139	17.80953	11	8	0	1	600	0	0	0.014	13.2	11	7.085	8.17	1013.7	7.9	94	180	1	5	6.2	1	0	3	7	
2026-05-17 11:00:00	58.40115	17.80227	11	9	0	2	640	0	0	0.014	13.4	11	7.075	8.17	1013.9	7.9	94	190	1	5	6.4	1	0	3	7	
2026-05-17 11:15:00	58.40103	17.79483	14	10	0	1	610	0	0	0.014	13.3	11	7.039	8.16	1014	7.9	94	190	1	5.8	7	1	0	3	7	
2026-05-17 12:00:00	58.40217	17.77152	12	13	0	3	600	0	0	0.014	13.4	11	7.077	8.16	1014.3	7.9	94	175	1	4.7	5.9	1	0	3	7	
2026-05-17 12:15:00	58.40232	17.76528	11	14	0	1	600	0	0	0.014	13.3	11	7.109	8.16	1014.4	7.9	94	175	1	4.5	5.5	1	0	3	7	
2026-05-17 12:30:00	58.40232	17.75934	13	15	0	1	610	0	0	0.014	13.2	11	7.095	8.16	1014.5	7.9	95	175	1	5.1	6.2	1	0	3	7	
2026-05-17 12:45:00	58.40193	17.75394	12	16	0	1	600	0	0	0.014	13.5	11	7.089	8.16	1014.6	8	94	180	1	5.5	6.4	1	0	3	7	
2026-05-17 13:00:00	58.40181	17.74812	12	17	0	1	600	0	0	0.014	13.3	11	7.131	8.17	1014.7	8.1	93	180	1	5	6.2	1	0	3	7	
2026-05-17 13:15:00	58.40184	17.74134	11	18	0	1	600	0	0	0.016	13.3	11	7.175	8.18	1014.8	8.2	92	180	1	5.3	6.7	1	0	3	7	
2026-05-17 13:30:00	58.40151	17.73585	20	19	0	1	610	0	0	0.014	13.6	11	7.209	8.19	1014.8	8.3	92	185	1	6.1	7.3	1	0	3	7	
2026-05-17 13:45:00	58.40193	17.72949	41	20	0	1	630	0	0	0.014	13.3	11	7.228	8.19	1014.8	8.2	92	180	1	6.1	7.6	1	0	3	7	
2026-05-17 14:00:00	58.40142	17.72298	11	21	0	1	600	0	0	0.014	13.6	11	7.26	8.2	1014.9	8.1	93	180	1	5.5	6.8	1	0	3	7	
2026-05-17 14:15:00	58.40085	17.71662	11	22	0	1	600	0	0	0.014	13.8	10	7.206	8.18	1014.8	8.2	93	180	1	5.2	6.8	1	0	3	7	
2026-05-17 14:30:00	58.40079	17.70999	12	23	0	1	600	0	0	0.016	13.3	10	7.162	8.18	1014.9	8.3	92	180	1	5.3	6.7	1	0	3	7	
2026-05-17 14:45:00	58.40079	17.70321	12	24	0	1	600	0	0	0.014	13.5	10	7.085	8.17	1015	8.3	92	185	1	5.5	6.8	1	0	3	7	
2026-05-17 15:00:00	58.40112	17.69748	11	25	0	1	600	0	0	0.014	13.6	10	7.885	8.41	1014.9	8.8	90	185	1	5.4	7.1	1	0	3	7	
2026-05-17 15:15:00	58.40154	17.69079	12	26	0	3	600	0	0	0.014	13.8	10	7.949	8.43	1015.1	8.7	91	190	1	5.8	7.2	1	0	3	7	
2026-05-17 15:30:00	58.40178	17.68278	12	27	0	1	600	0	0	0.014	13.7	10	7.923	8.42	1015.2	8.7	91	195	1	5.8	7.2	1	0	3	7	
2026-05-17 16:00:00	58.40382	17.66829	46	29	0	3	640	0	0	0.014	13.6	11	7.907	8.41	1015.4	8.7	91	195	1	4.9	6.1	1	0	3	7	
2026-05-17 16:15:00	58.4055	17.66151	14	30	0	1	610	0	0	0.014	13.6	10	7.895	8.42	1015.6	8.6	92	200	1	4.6	5.5	1	0	3	7	
2026-05-17 16:30:00	58.40724	17.65479	14	31	0	1	610	0	0	0.014	13.5	10	7.877	8.42	1015.9	8.5	93	210	1	3.8	5.3	1	0	3	7	
2026-05-17 16:45:00	58.40901	17.64918	41	32	0	2	630	0	0	0.016	13.5	11	7.968	8.44	1015.7	8.5	93	200	1	3.5	4.4	1	0	3	7	
2026-05-17 17:00:00	58.41057	17.64522	11	33	0	1	600	0	0	0.014	13.4	10	8.028	8.43	1015.8	8.6	92	215	1	3.9	4.7	1	0	3	7	
2026-05-17 17:15:00	58.41279	17.64045	11	34	0	1	600	0	0	0.014	13.3	10	8.081	8.43	1016	8.7	91	205	1	4	5.4	1	0	3	7	
2026-05-17 17:30:00	58.41477	17.634	11	35	0	1	600	0	0	0.016	13.3	10	8.1	8.42	1016	8.7	92	190	1	4.6	5.7	1	0	3	7	
2026-05-17 17:45:00	58.41624	17.62767	11	36	0	1	600	0	0	0.014	13.2	10	8.112	8.42	1016.2	8.7	92	180	1	4	5.2	1	0	3	7	
2026-05-17 18:00:00	58.41696	17.62146	12	37	0	1	600	0	0	0.014	13.3	10	8.141	8.41	1016.1	8.8	91	185	1	4	5.1	1	0	3	7	
2026-05-17 18:30:00	58.42545	17.62071	12	39	0	3	600	0	0	0.014	13.3	11	8.446	8.35	1016.5	8.7	92	180	1	4.1	5	1	0	3	7	
2026-05-17 18:45:00	58.42554	17.62713	11	40	0	1	600	0	0	0.014	13.2	11	8.154	8.36	1016.6	8.6	93	180	1	4.6	5.7	1	0	3	7	
2026-05-17 19:00:00	58.42512	17.6343	12	41	0	2	600	0	0	0.016	13.2	10	8.134	8.38	1016.7	8.6	93	185	1	4.5	5.6	1	0	3	7	
2026-05-17 19:15:00	58.42539	17.63982	13	42	0	2	600	0	0	0.014	13.2	10	8.126	8.39	1017	8.5	93	185	1	3.9	4.7	1	0	3	7	
2026-05-17 19:30:00	58.4265	17.64018	12	43	0	2	630	0	0	0.014	13.2	10	8.124	8.39	1017.1	8.4	94	185	1	3.8	5	1	0	3	7	
2026-05-17 19:45:00	58.42737	17.63505	11	44	0	1	600	0	0	0.014	13.2	10	8.132	8.38	1017.3	8.4	94	190	1	4.1	5.2	1	0	3	7	
2026-05-17 20:00:00	58.42842	17.62926	11	45	0	1	600	0	0	0.016	13.2	10	8.369	8.34	1017.4	8.4	94	180	1	4.3	5.1	1	0	3	7	
2026-05-17 20:15:00	58.42824	17.63493	11	46	0	1	600	0	0	0.014	13.2	10	8.132	8.38	1017.4	8.4	94	180	1	3.6	4.7	1	0	3	7	
2026-05-17 20:30:00	58.42866	17.64078	13	47	0	1	610	0	0	0.014	13.2	10	8.105	8.39	1017.6	8.4	94	180	1	4.2	5.2	1	0	3	7	
2026-05-17 20:45:00	58.42974	17.63694	12	48	0	1	600	0	0	0.014	13.2	10	8.136	8.39	1017.6	8.4	94	195	1	3.5	4.2	1	0	3	7	
2026-05-17 21:00:00	58.43124	17.63481	12	49	0	1	600	0	0	0.016	13.2	10	8.374	8.33	1017.6	8.4	94	195	1	3.3	4.2	1	0	3	7	
2026-05-17 21:15:00	58.43217	17.63085	12	50	0	1	600	0	0	0.016	13.2	10	8.36	8.32	1017.7	8.4	94	200	1	3.7	4.6	1	0	3	7	
2026-05-17 21:30:00	58.4331	17.62824	12	51	0	1	600	0	0	0.016	13.2	10	8.358	8.3	1017.8	8.4	94	205	1	3	3.7	1	0	3	7	
2026-05-17 22:00:00	58.43217	17.63733	40	53	0	3	630	0	0	0.014	13.2	11	8.357	8.32	1018	8.3	95	190	1	2.7	3.5	1	0	3	7	
2026-05-17 22:45:00	58.43352	17.63346	12	56	0	3	600	0	0	0.016	13.2	10	8.347	8.3	1018.1	8.1	96	190	1	1.8	2.7	1	0	3	7	
2026-05-17 23:15:00	58.43358	17.63391	12	58	0	3	600	0	0	0.016	13.2	10	8.323	8.29	1018.2	8	96	195	1	1.7	2.3	1	0	3	7	
2026-05-17 23:30:00	58.43412	17.63307	13	59	0	1	610	0	0	0.014	13.2	10	8.324	8.28	1018.3	8	97	145	1	1.7	2.5	1	0	3	7	
2026-05-17 23:45:00	58.43454	17.6352	11	0	0	1	600	0	0	0.016	13.2	10	8.327	8.28	1018.4	8	97	145	1	1.9	2.5	1	0	3	7	
2026-05-18 00:15:00	58.43226	17.63409	13	2	0	3	610	0	0	0.016	13.2	10	8.322	8.29	1018.6	7.9	96	155	1	3.2	3.8	1	0	3	7	
2026-05-18 00:45:00	58.43022	17.62932	13	4	0	3	610	0	0	0.014	13.2	10	8.305	8.29	1018.7	7.9	96	160	1	2.2	2.7	1	0	3	7	
2026-05-18 01:00:00	58.42908	17.62725	13	5	0	3	610	0	0	0.014	13.2	10	8.288	8.29	1018.8	7.9	96	140	1	2.1	2.7	1	0	3	7	
2026-05-18 01:15:00	58.42791	17.62482	15	6	0	1	640	0	0	0.016	13.2	10	8.258	8.3	1018.8	7.8	97	155	1	2.3	2.9	1	0	3	7	
2026-05-18 01:30:00	58.42725	17.62224	11	7	0	1	600	0	0	0.014	13.2	10	8.218	8.27	1019	7.8	97	130	1	2.3	2.8	1	0	3	7	
2026-05-18 01:45:00	58.42779	17.62293	11	8	0	1	600	0	0	0.014	13.2	10	8.21	8.27	1019	7.8	97	155	1	2.3	2.9	1	0	3	7	
2026-05-18 02:15:00	58.42689	17.61804	12	10	0	3	600	0	0	0.016	13.2	10	8.173	8.25	1019	7.7	97	155	1	1.6	2.3	1	0	3	7	
2026-05-18 02:30:00	58.42671	17.616	12	11	0	1	600	0	0	0.014	13.2	10	8.111	8.27	1019.1	7.8	97	95	1	1.4	1.8	1	0	3	7	
2026-05-18 02:45:00	58.42785	17.61576	11	12	0	3	600	0	0	0.016	13.2	10	8.173	8.25	1019	8	97	85	1	0.5	1.2	1	0	3	7	
2026-05-18 03:00:00	58.42803	17.61474	13	13	0	1	610	0	0	0.016	13.2	10	8.138	8.25	1019.2	7.9	96	115	1	1.7	2	1	0	3	7	
2026-05-18 03:15:00	58.42749	17.61387	13	14	0	1	610	0	0	0.016	13.2	10	8.089	8.27	1019.3	7.9	96	110	1	1.6	2	1	0	3	7	
2026-05-18 03:30:00	58.42599	17.61345	13	15	0	1	640	0	0	0.014	13.3	10	7.92	8.25	1019.4	7.9	96	105	1	2	2.4	1	0	3	7	
2026-05-18 03:45:00	58.42449	17.61357	12	16	0	1	600	0	0	0.014	13.3	10	7.926	8.26	1019.5	8	95	100	1	1.9	2.3	1	0	3	7	
2026-05-18 04:00:00	58.42293	17.61342	12	17	0	3	600	0	0	0.014	13.3	11	7.893	8.26	1019.6	8.1	95	90	1	2.3	2.7	1	0	3	7	
2026-05-18 04:15:00	58.4211	17.61393	11	18	0	1	600	0	0	0.014	13.3	11	7.871	8.26	1019.5	8.1	95	80	1	2.2	2.5	1	0	3	7	
2026-05-18 04:30:00	58.41948	17.61435	11	19	0	1	600	0	0	0.016	13.3	11	7.864	8.26	1019.6	8.3	93	80	1	2	2.4	1	0	3	7	
2026-05-18 04:45:00	58.41765	17.61435	11	20	0	1	600	0	0	0.014	13.4	11	7.829	8.28	1019.9	8.3	93	105	1	2.6	3.1	1	0	3	7	
2026-05-18 05:00:00	58.41618	17.61414	11	21	0	1	600	0	0	0.014	13.4	11	7.856	8.29	1020	8.3	93	85	1	2.3	3	1	0	3	7	
2026-05-18 05:15:00	58.41432	17.6145	11	22	0	1	600	0	0	0.014	13.4	11	7.873	8.3	1020.1	8.4	93	90	1	2.3	2.8	1	0	3	7	
2026-05-18 05:30:00	58.41258	17.61531	11	23	0	1	600	0	0	0.014	13.4	11	7.894	8.3	1020.2	8.4	93	100	1	2.9	3.5	1	0	3	7	
2026-05-18 05:45:00	58.41096	17.61561	11	24	0	1	600	0	0	0.014	13.5	11	7.937	8.3	1020.1	8.3	94	85	1	2.8	3.4	1	0	3	7	
2026-05-18 06:00:00	58.40913	17.61624	40	25	0	1	630	0	0	0.014	13.4	12	7.932	8.31	1020.1	8.1	95	80	1	2.2	2.7	1	0	3	7	
2026-05-18 06:15:00	58.40754	17.6172	12	26	0	2	600	0	0	0.014	13.4	11	7.937	8.3	1020.2	8	95	80	1	2.9	3.6	1	0	3	7	
2026-05-18 06:45:00	58.40454	17.61978	11	28	0	3	600	0	0	0.014	13.6	11	7.987	8.3	1020.4	8.4	94	80	1	2.6	3.1	1	0	3	7	
2026-05-18 07:00:00	58.40301	17.6217	12	29	0	1	600	0	0	0.014	13.5	11	8.027	8.3	1020.3	8.4	94	85	1	3	3.7	1	0	3	7	
2026-05-18 07:30:00	58.39992	17.62503	11	31	0	3	600	0	0	0.014	13.8	12	8.078	8.3	1020.4	8.5	94	85	1	2	2.3	1	0	3	7	
2026-05-18 07:45:00	58.39899	17.62668	12	32	0	1	600	0	0	0.014	13.4	12	8.135	8.31	1020.4	8.5	94	75	1	2.5	3	1	0	3	7	
2026-05-18 08:00:00	58.3977	17.62872	12	33	0	3	630	0	0	0.014	13.3	12	8.201	8.32	1020.4	8.4	94	75	1	2.7	3.1	1	0	3	7	
2026-05-18 08:15:00	58.39644	17.63103	12	34	0	1	600	0	0	0.014	13.7	12	8.211	8.34	1020.5	8.4	94	80	1	2.7	3.2	1	0	3	7	
2026-05-18 08:30:00	58.39476	17.63289	11	35	0	1	600	0	0	0.014	13.3	12	8.238	8.34	1020.5	8.4	94	65	1	2.2	2.8	1	0	3	7	
2026-05-18 08:45:00	58.39359	17.63526	11	36	0	1	600	0	0	0.014	13.3	12	8.24	8.34	1020.6	8.5	94	80	1	2.7	3.3	1	0	3	7	
2026-05-18 09:00:00	58.39233	17.63772	11	37	0	2	600	0	0	0.014	13.6	12	8.311	8.36	1020.6	8.5	94	70	1	2.8	3.2	1	0	3	7	
2026-05-18 09:15:00	58.39107	17.64045	12	38	0	1	600	0	0	0.016	13.3	12	8.332	8.37	1020.8	8.5	94	75	1	3	3.4	1	0	3	7	
2026-05-18 09:30:00	58.38972	17.64297	11	39	0	1	600	0	0	0.016	13.2	12	8.412	8.4	1020.8	8.6	94	80	1	2.2	2.6	1	0	3	7	
2026-05-18 09:45:00	58.38879	17.64513	11	40	0	2	600	0	0	0.014	13.6	12	8.407	8.41	1020.8	8.7	94	70	1	2.4	2.9	1	0	3	7	
2026-05-18 10:00:00	58.38771	17.6472	12	41	0	1	600	0	0	0.016	13.3	12	8.438	8.41	1020.8	8.6	94	70	1	2.4	2.8	1	0	3	7	
2026-05-18 10:15:00	58.38678	17.64951	12	42	0	2	600	0	0	0.016	13.4	12	8.475	8.42	1020.7	8.6	94	60	1	2.2	2.7	1	0	3	7	
2026-05-18 10:30:00	58.38579	17.65221	11	43	0	1	600	0	0	0.014	13.6	12	8.457	8.43	1020.8	8.6	95	65	1	2.3	2.9	1	0	3	7	
2026-05-18 10:45:00	58.38501	17.65443	11	44	0	1	600	0	0	0.016	13.7	12	8.486	8.46	1020.8	8.6	94	80	1	2.3	2.8	1	0	3	7	
2026-05-18 11:00:00	58.38372	17.65665	41	45	0	1	630	0	0	0.014	13.3	12	8.495	8.46	1020.5	8.7	94	75	1	2.8	3.4	1	0	3	7	
2026-05-18 11:15:00	58.3824	17.65845	13	46	0	1	610	0	0	0.014	13.3	12	8.267	8.42	1020.5	8.7	94	70	1	2.2	2.7	1	0	3	7	
2026-05-18 11:30:00	58.38141	17.66031	12	47	0	1	600	0	0	0.014	13.6	12	8.178	8.4	1020.5	8.7	95	70	1	2	2.6	1	0	3	7	
2026-05-18 11:45:00	58.38063	17.66145	12	48	0	1	600	0	0	0.016	13.3	12	8.217	8.4	1020.6	8.8	95	85	1	1.7	2.1	1	0	3	7	
2026-05-18 12:00:00	58.38024	17.66205	12	49	0	1	600	0	0	0.014	13.3	12	8.317	8.41	1020.5	8.9	95	80	1	1.7	2.2	1	0	3	7	
2026-05-18 12:15:00	58.37991	17.66265	11	50	0	1	600	0	0	0.014	13.6	12	8.423	8.42	1020.2	8.9	94	60	1	1.6	2.1	1	0	3	7	
2026-05-18 12:30:00	58.3797	17.66406	11	51	0	1	600	0	0	0.014	13.3	12	8.545	8.43	1020.1	9	93	60	1	1.9	2.4	1	0	3	7	
2026-05-18 12:45:00	58.37931	17.66604	12	52	0	1	600	0	0	0.014	13.2	12	8.666	8.5	1020	9	94	70	1	1.8	2.2	1	0	3	7	
2026-05-18 13:00:00	58.37898	17.66757	12	53	0	1	600	0	0	0.014	13.6	12	8.698	8.5	1020	9.1	94	70	1	1.7	2.1	1	0	3	7	
2026-05-18 13:15:00	58.37874	17.66832	11	54	0	1	600	0	0	0.014	13.3	13	8.82	8.52	1020	9.4	92	50	1	1.4	1.8	1	0	3	7	
2026-05-18 13:30:00	58.38039	17.66604	12	55	0	1	600	0	0	0.014	13.6	13	8.935	8.55	1019.8	9.4	92	55	1	1.3	1.5	1	0	3	7	
2026-05-18 13:45:00	58.38147	17.6607	13	56	0	1	630	0	0	0.014	13.3	14	8.939	8.55	1019.9	9.4	92	25	1	0.9	1.2	1	0	3	7	
2026-05-18 14:00:00	58.38189	17.65773	11	57	0	1	600	0	0	0.014	13.2	14	8.997	8.56	1019.8	9.7	92	10	1	1	1.3	1	0	3	7	
2026-05-18 14:15:00	58.38255	17.65428	11	58	0	1	600	0	0	0.014	13.6	14	9.18	8.61	1019.7	9.6	92	20	1	1.4	1.8	1	0	3	7	
2026-05-18 14:30:00	58.38144	17.65191	12	59	0	1	600	0	0	0.014	13.3	14	9.284	8.64	1019.5	9.8	91	5	1	1.8	2.2	1	0	3	7	
2026-05-18 14:45:00	58.38249	17.64663	12	0	0	1	600	0	0	0.014	13.8	15	9.701	8.72	1019.5	9.7	92	15	1	1.7	2.1	1	0	3	7	
2026-05-18 15:00:00	58.38081	17.64321	11	1	0	1	600	0	0	0.014	13.3	15	9.451	8.66	1019.5	9.8	90	20	1	2	2.4	1	0	3	7	
2026-05-18 15:15:00	58.38288	17.63847	11	2	0	2	600	0	0	0.014	13.3	14	9.503	8.65	1019.5	9.9	90	360	1	1.6	1.8	1	0	3	7	
2026-05-18 15:45:00	58.38219	17.63121	12	4	0	3	600	0	0	0.014	13.3	15	9.605	8.65	1019.6	10.1	90	340	1	1.2	1.4	1	0	3	7	
2026-05-18 16:00:00	58.38099	17.63019	40	5	0	1	630	0	0	0.014	13.3	15	9.559	8.64	1019.5	10.2	90	345	1	1.7	2.1	1	0	3	7	
2026-05-18 16:15:00	58.38189	17.62662	11	6	0	1	600	0	0	0.016	13.3	14	9.649	8.64	1019.6	10.2	91	5	1	1	1.3	1	0	3	7	
2026-05-18 16:30:00	58.3824	17.62377	11	7	0	1	600	0	0	0.014	13.4	14	9.611	8.62	1019.6	10.1	92	355	1	1.3	1.6	1	0	3	7	
2026-05-18 16:45:00	58.38147	17.62293	11	8	0	1	600	0	0	0.014	13.8	14	9.642	8.63	1019.4	10.2	92	350	1	1.3	1.6	1	0	3	7	
2026-05-18 17:00:00	58.38327	17.61915	12	9	0	1	600	0	0	0.014	13.3	14	9.585	8.61	1019.5	10	93	5	1	1	1.2	1	0	3	7	
2026-05-18 17:15:00	58.38285	17.61762	12	10	0	1	600	0	0	0.014	13.3	14	9.507	8.58	1019.5	10	93	5	1	1.4	1.6	1	0	3	7	
2026-05-18 17:30:00	58.38165	17.61591	12	11	0	1	600	0	0	0.014	13.3	14	9.535	8.59	1019.3	10	93	10	1	1.9	2.2	1	0	3	7	
2026-05-18 17:45:00	58.383	17.61243	11	12	0	1	600	0	0	0.014	13.3	14	9.447	8.54	1019.3	9.8	93	15	1	1.9	2.2	1	0	3	7	
2026-05-18 18:00:00	58.38156	17.61045	12	13	0	2	600	0	0	0.014	13.3	13	9.246	8.45	1019.2	9.8	92	25	1	2	2.3	1	0	3	7	
2026-05-18 18:15:00	58.38345	17.60694	12	14	0	1	600	0	0	0.014	13.3	13	9.328	8.46	1019.2	9.7	92	30	1	1.9	2.2	1	0	3	7	
2026-05-18 18:45:00	58.38483	17.59986	12	16	0	3	600	0	0	0.016	13.2	13	9.339	8.43	1019.3	9.6	91	20	1	1.8	2.1	1	0	3	7	
2026-05-18 19:00:00	58.38372	17.59638	12	17	0	1	600	0	0	0.016	13.2	12	9.384	8.43	1019.2	9.6	91	0	1	2.2	2.5	1	0	3	7	
2026-05-18 19:15:00	58.38585	17.59233	14	18	0	1	610	0	0	0.016	13.2	12	9.566	8.47	1019.2	9.6	91	355	1	1.7	2	1	0	3	7	
2026-05-18 19:30:00	58.38435	17.59146	12	19	0	1	610	0	0	0.014	13.2	12	9.605	8.47	1019.2	9.6	93	345	1	1.6	2.1	1	0	3	7	
2026-05-18 19:45:00	58.38543	17.58915	12	20	0	1	610	0	0	0.014	13.2	12	9.816	8.53	1019.2	9.5	93	340	1	1.4	1.7	1	0	3	7	
2026-05-18 20:00:00	58.38402	17.58843	15	21	0	1	610	0	0	0.014	13.2	12	9.81	8.53	1019.1	9.5	95	335	1	1.4	1.7	1	0	3	7	
2026-05-18 20:15:00	58.38459	17.58525	41	22	0	1	630	0	0	0.014	13.2	12	9.254	8.29	1019.2	9.5	95	355	1	1.5	1.8	1	0	3	7	
2026-05-18 20:30:00	58.38321	17.58426	11	23	0	1	600	0	0	0.016	13.2	12	9.692	8.48	1019.1	9.4	93	355	1	2	2.4	1	0	3	7	
2026-05-18 20:45:00	58.38372	17.58021	11	24	0	1	600	0	0	0.016	13.2	12	9.371	8.3	1019	9.6	92	355	1	1.6	1.8	1	0	3	7	
2026-05-18 21:00:00	58.38174	17.57943	11	25	0	1	600	0	0	0.016	13.2	12	9.261	8.3	1018.8	9.6	92	345	1	2.2	2.6	1	0	3	7	
2026-05-18 21:15:00	58.38219	17.5755	11	26	0	1	600	0	0	0.016	13.2	12	9.368	8.26	1018.8	9.6	93	345	1	2.5	3	1	0	3	7	
2026-05-18 21:30:00	58.38123	17.57226	11	27	0	2	600	0	0	0.014	13.2	12	9.444	8.27	1018.7	9.7	91	330	1	2.6	3.1	1	0	3	7	
2026-05-18 21:45:00	58.38126	17.56791	11	28	0	1	600	0	0	0.014	13.2	12	9.384	8.21	1018.7	9.7	92	335	1	1.9	2.3	1	0	3	7	
2026-05-18 22:00:00	58.37817	17.56848	12	29	0	2	600	0	0	0.014	13.2	12	9.381	8.23	1018.7	9.7	92	350	1	1.9	2.1	1	0	3	7	
2026-05-18 22:15:00	58.37535	17.57022	12	30	0	1	600	0	0	0.016	13.2	12	9.275	8.24	1018.6	9.7	92	330	1	2.2	2.6	1	0	3	7	
2026-05-18 22:30:00	58.37439	17.56842	11	31	0	1	600	0	0	0.014	13.2	12	9.319	8.25	1018.5	9.7	93	325	1	2.6	3	1	0	3	7	
2026-05-18 23:00:00	58.37514	17.55894	41	33	0	3	630	0	0	0.014	13.2	12	9.385	8.22	1018.2	9.7	94	335	1	3	3.5	1	0	3	7	
2026-05-18 23:15:00	58.37586	17.55393	11	34	0	1	600	0	0	0.016	13.2	12	9.269	8.14	1018.1	9.8	92	335	1	3.7	4.4	1	0	3	7	
2026-05-18 23:30:00	58.37664	17.5488	11	35	0	2	600	0	0	0.016	13.2	12	9.279	8.12	1018	10	90	335	1	3.2	3.9	1	0	3	7	
2026-05-18 23:45:00	58.37703	17.54505	11	36	0	1	600	0	0	0.014	13.2	12	9.277	8.1	1017.9	10	92	325	1	3.4	4.3	1	0	3	7	
2026-05-19 00:00:00	58.37634	17.54205	11	37	0	1	600	0	0	0.016	13.2	12	9.339	8.11	1017.8	10	91	325	1	3.2	4.6	1	0	3	7	
2026-05-19 00:15:00	58.37811	17.54691	12	38	0	1	600	0	0	0.014	13.2	12	9.301	8.1	1017.7	10.1	90	330	1	4	5	1	0	3	7	
2026-05-19 00:30:00	58.37889	17.54619	12	39	0	1	600	0	0	0.016	13.2	12	9.344	8.1	1017.7	10.2	88	335	1	3.9	4.8	1	0	3	7	
2026-05-19 00:45:00	58.37907	17.54073	12	40	0	2	180	0	0	0.014	13.2	11	9.439	8.11	1017.6	10.1	89	335	1	3.8	4.9	1	1	3	0	
2026-05-19 00:50:00	58.37922	17.5395	11	41	0	1	600	0	0	0.014	13.2	12	9.48	8.12	1017.4	10.2	87	345	1	4.4	5.4	1	0	3	7	
2026-05-19 01:05:00	58.37976	17.53716	11	42	0	2	600	0	0	0.014	13.2	12	9.608	8.16	1017.2	10.1	88	340	1	4.2	5.4	1	0	3	7	
2026-05-19 01:20:00	58.38036	17.54349	11	43	0	2	600	0	0	0.016	13.2	12	9.455	8.12	1017	10.1	87	350	1	4.2	5.2	1	0	3	7	
2026-05-19 01:35:00	58.37544	17.54721	13	44	0	1	600	0	0	0.014	13.2	12	9.229	8.12	1017	10.1	87	350	1	4.3	5.4	1	0	3	7	
2026-05-19 01:50:00	58.36986	17.54904	13	45	0	2	610	0	0	0.016	13.2	12	9.017	8.12	1016.8	10.1	86	360	1	4.1	4.7	1	0	3	7	
2026-05-19 02:05:00	58.36386	17.54856	40	46	0	1	630	0	0	0.014	13.2	12	9.109	8.23	1016.7	10.2	87	350	1	3.8	4.8	1	0	3	7	
2026-05-19 02:20:00	58.35885	17.55114	12	47	0	1	600	0	0	0.014	13.2	11	9.397	8.38	1016.6	9.9	89	335	1	3	3.8	1	0	3	7	
2026-05-19 02:35:00	58.35507	17.55528	12	48	0	1	600	0	0	0.014	13.2	12	9.104	8.26	1016.5	9.6	92	320	1	4.2	5.2	1	0	3	7	
2026-05-19 02:50:00	58.35201	17.56293	11	49	0	2	600	0	0	0.014	13.2	11	8.728	8.16	1016.4	9.6	90	330	1	4.5	5.2	1	0	3	7	
2026-05-19 03:05:00	58.3494	17.57205	12	50	0	1	600	0	0	0.014	13.2	11	8.695	8.19	1016.3	9.9	87	330	1	4.9	5.9	1	0	3	7	
2026-05-19 03:35:00	58.35417	17.58327	12	52	0	3	600	0	0	0.014	13.2	11	8.641	8.22	1016.2	9.5	91	330	1	5.1	6.1	1	0	3	7	
2026-05-19 03:50:00	58.35522	17.58135	12	53	0	3	600	0	0	0.014	13.2	11	8.652	8.22	1016.2	9.7	89	335	1	4.4	5.3	1	0	3	7	
2026-05-19 04:05:00	58.35462	17.57763	41	54	0	2	630	0	0	0.016	13.3	12	8.651	8.21	1016.2	9.7	88	345	1	4.1	5.1	1	0	3	7	
2026-05-19 04:20:00	58.34934	17.58171	12	55	0	2	600	0	0	0.014	13.3	11	8.531	8.21	1016.1	9.7	87	335	1	4.2	5.5	1	0	3	7	
2026-05-19 04:35:00	58.35084	17.5878	12	56	0	1	610	0	0	0.014	13.3	11	8.564	8.24	1016.1	9.6	89	325	1	3.7	4.7	1	0	3	7	
2026-05-19 04:50:00	58.353	17.59188	11	57	0	1	600	0	0	0.014	13.3	11	8.467	8.22	1016.2	9.6	87	340	1	3.8	5	1	0	3	7	
2026-05-19 05:05:00	58.35372	17.59281	12	58	0	1	600	0	0	0.014	13.3	11	8.448	8.22	1016.1	9.6	88	335	1	3.2	4.2	1	0	3	7	
2026-05-19 05:20:00	58.35402	17.58753	12	59	0	1	600	0	0	0.016	13.3	11	8.518	8.23	1016.2	9.4	90	330	1	2.6	3.3	1	0	3	7	
2026-05-19 05:35:00	58.35513	17.58972	13	0	0	1	610	0	0	0.014	13.3	11	8.451	8.22	1016.3	9.3	91	345	1	2.2	2.8	1	0	3	7	
2026-05-19 05:50:00	58.35408	17.59026	12	1	0	1	610	0	0	0.014	13.3	11	8.48	8.24	1016.2	9.2	92	330	1	2.1	3	1	0	3	7	
2026-05-19 06:05:00	58.35159	17.5899	12	2	0	1	610	0	0	0.014	13.3	11	8.506	8.25	1016.3	9.2	92	350	1	2.4	3.1	1	0	3	7	
2026-05-19 06:20:00	58.34949	17.59311	14	3	0	1	610	0	0	0.014	13.3	11	8.495	8.28	1016.2	9.1	93	345	1	2	2.9	1	0	3	7	
2026-05-19 06:35:00	58.34754	17.59014	41	4	0	1	630	0	0	0.014	13.3	11	8.505	8.28	1016.2	9.1	93	330	1	2	2.6	1	0	3	7	
2026-05-19 06:50:00	58.34523	17.59098	11	5	0	1	600	0	0	0.014	13.3	11	8.528	8.3	1016.2	9.1	93	305	1	2.9	3.5	1	0	3	7	
2026-05-19 07:05:00	58.34289	17.59266	11	6	0	3	600	0	0	0.014	13.4	11	8.599	8.34	1016.2	9.2	93	330	1	2.5	2.9	1	0	3	7	
2026-05-19 07:20:00	58.33953	17.59305	12	7	0	1	600	0	0	0.014	13.4	11	8.626	8.35	1016.3	9.3	93	320	1	2.5	3.6	1	0	3	7	
2026-05-19 07:35:00	58.33623	17.59419	11	8	0	1	600	0	0	0.014	13.5	12	8.626	8.35	1016.3	9.4	92	315	1	3.1	3.9	1	0	3	7	
2026-05-19 07:50:00	58.3353	17.5923	12	9	0	2	610	0	0	0.014	13.5	12	8.647	8.36	1016.3	9.3	93	340	1	3	3.6	1	0	3	7	
2026-05-19 08:05:00	58.33464	17.58747	12	10	0	1	600	0	0	0.014	13.4	12	8.701	8.36	1016.3	9.5	91	335	1	3.1	3.7	1	0	3	7	
2026-05-19 08:20:00	58.33068	17.58654	12	11	0	1	600	0	0	0.014	13.4	12	8.698	8.36	1016.5	9.5	92	325	1	2.5	3.3	1	0	3	7	
2026-05-19 08:35:00	58.32756	17.58792	13	12	0	1	610	0	0	0.014	13.4	12	8.701	8.36	1016.5	9.6	91	335	1	3.1	3.9	1	0	3	7	
2026-05-19 08:50:00	58.32621	17.58504	14	13	0	1	610	0	0	0.014	13.5	12	8.727	8.36	1016.6	9.5	92	310	1	2.8	3.6	1	0	3	7	
2026-05-19 09:05:00	58.32564	17.58198	14	14	0	1	610	0	0	0.014	13.4	12	8.741	8.37	1016.5	9.7	90	320	1	3.1	4	1	0	3	7	
2026-05-19 09:20:00	58.32243	17.58429	13	15	0	1	610	0	0	0.014	13.4	12	8.748	8.38	1016.4	9.6	91	310	1	3	3.7	1	0	3	7	
2026-05-19 09:35:00	58.32165	17.58054	13	16	0	1	610	0	0	0.014	13.5	12	8.772	8.39	1016.4	9.7	90	305	1	3.3	4.2	1	0	3	7	
2026-05-19 09:50:00	58.31916	17.58084	25	17	0	1	640	0	0	0.014	13.5	12	8.885	8.44	1016.5	9.7	90	295	1	3.7	4.5	1	0	3	7	
2026-05-19 10:05:00	58.31667	17.58891	11	18	0	1	600	0	0	0.014	13.5	12	8.921	8.47	1016.6	9.9	88	305	1	4	5.1	1	0	3	7	
2026-05-19 10:20:00	58.314	17.59944	11	19	0	1	600	0	0	0.014	13.5	12	8.862	8.47	1016.6	10.1	87	310	1	3.9	4.9	1	0	3	7	
2026-05-19 10:35:00	58.31295	17.5953	11	20	0	1	600	0	0	0.016	13.5	12	8.855	8.48	1016.6	10.1	88	315	1	3.4	3.9	1	0	3	7	
2026-05-19 10:50:00	58.31037	17.5959	13	21	0	1	610	0	0	0.014	13.6	12	8.857	8.49	1016.7	10.1	88	305	1	3.5	4.5	1	0	3	7	
2026-05-19 11:20:00	58.30674	17.59455	12	23	0	3	600	0	0	0.014	13.6	12	8.821	8.52	1016.7	10	89	305	1	2.9	3.6	1	0	3	7	
2026-05-19 11:35:00	58.3056	17.59134	12	24	0	1	600	0	0	0.014	13.3	12	8.836	8.54	1016.7	10.2	88	315	1	2.3	2.8	1	0	3	7	
2026-05-19 11:50:00	58.30434	17.58954	12	25	0	1	600	0	0	0.014	13.3	12	8.854	8.56	1016.9	10.3	88	315	1	1.8	2.5	1	0	3	7	
2026-05-19 12:05:00	58.3035	17.58798	11	26	0	2	600	0	0	0.014	13.6	12	8.893	8.59	1016.9	10.5	89	285	1	0.8	1.7	1	0	3	7	
2026-05-19 12:20:00	58.30263	17.58786	11	27	0	1	600	0	0	0.014	13.3	13	8.984	8.62	1016.8	10.5	89	295	1	1.6	2.2	1	0	3	7	
2026-05-19 12:35:00	58.30179	17.5869	11	28	0	1	600	0	0	0.014	13.3	13	9.111	8.64	1017	10.5	90	265	1	1.3	1.9	1	0	3	7	
2026-05-19 12:50:00	58.30005	17.58639	11	29	0	1	600	0	0	0.014	13.5	13	9.309	8.7	1017.1	10.8	89	250	1	1.1	1.9	1	0	3	7	
2026-05-19 13:05:00	58.29888	17.58726	11	30	0	1	180	0	0	0.016	13.3	14	9.566	8.76	1016.7	10.9	88	275	1	0.9	1.4	1	1	3	0	
2026-05-19 13:10:00	58.29879	17.58735	12	31	0	1	600	0	0	0.014	13.8	15	9.357	8.71	1017.1	11.2	88	260	1	1.1	1.8	1	0	3	7	
2026-05-19 13:25:00	58.29888	17.58777	12	32	0	1	600	0	0	0.014	13.4	15	9.73	8.8	1016.9	11.4	88	230	1	1	1.6	1	0	3	7	
2026-05-19 13:40:00	58.29981	17.58777	11	33	0	1	610	0	0	0.014	13.3	16	9.857	8.81	1017	11.9	86	150	1	0.7	1.2	1	0	3	7	
2026-05-19 13:55:00	58.29972	17.58729	13	34	0	2	630	0	0	0.014	13.6	17	10.108	8.85	1016.9	11.7	87	195	1	1.1	1.5	1	0	3	7	
2026-05-19 14:10:00	58.30083	17.58699	11	35	0	1	600	0	0	0.016	13.3	17	10.195	8.86	1016.9	11.5	87	225	1	1.6	2.3	1	0	3	7	
2026-05-19 14:25:00	58.30176	17.58843	11	36	0	1	600	0	0	0.014	13.5	17	10.165	8.88	1017.1	11.4	88	235	1	1	1.6	1	0	3	7	
2026-05-19 14:40:00	58.30098	17.59038	11	37	0	1	600	0	0	0.016	13.3	17	9.579	8.76	1017.2	11.8	87	240	1	0.8	1.3	1	0	3	7	
2026-05-19 14:55:00	58.30143	17.59005	11	38	0	1	600	0	0	0.014	13.7	17	9.261	8.68	1017	12	86	50	1	0.3	0.9	1	0	3	7	
2026-05-19 15:10:00	58.3017	17.58954	11	39	0	1	600	0	0	0.014	13.3	17	9.662	8.75	1017	12.4	85	260	1	0.5	0.9	1	0	3	7	
2026-05-19 15:25:00	58.30209	17.58912	11	40	0	1	600	0	0	0.016	13.3	17	10.227	8.9	1017	12.3	85	210	1	0.9	1.4	1	0	3	7	
2026-05-19 15:55:00	58.30563	17.59035	11	42	0	3	600	0	0	0.016	13.3	17	10.591	8.94	1017.3	11.8	87	190	1	1.3	1.7	1	0	3	7	
2026-05-19 16:10:00	58.30758	17.59056	12	43	0	1	600	0	0	0.014	13.3	17	10.6	8.92	1017.5	11.8	88	165	1	0.8	1.2	1	0	3	7	
2026-05-19 16:25:00	58.30884	17.59008	11	44	0	1	600	0	0	0.014	13.6	17	10.66	8.91	1017.5	11.5	88	180	1	1.1	1.4	1	0	3	7	
2026-05-19 16:40:00	58.31037	17.5893	11	45	0	2	600	0	0	0.014	13.9	16	10.564	8.87	1017.7	11.6	87	175	1	1.1	1.8	1	0	3	7	
2026-05-19 16:55:00	58.31151	17.59176	12	46	0	1	600	0	0	0.014	13.3	16	10.668	8.91	1017.8	11.7	86	150	1	0.9	1.4	1	0	3	7	
2026-05-19 17:10:00	58.31277	17.59254	11	47	0	1	630	0	0	0.016	13.3	16	10.54	8.88	1017.6	11.5	86	165	1	0.8	1	1	0	3	7	
2026-05-19 17:25:00	58.31433	17.59203	11	48	0	1	600	0	0	0.014	13.3	15	10.525	8.87	1017.7	11.5	86	155	1	1	1.4	1	0	3	7	
2026-05-19 17:40:00	58.31535	17.59392	11	49	0	1	600	0	0	0.014	13.4	15	10.469	8.83	1017.8	11.9	85	130	1	0.4	0.8	1	0	3	7	
2026-05-19 17:55:00	58.31592	17.59371	11	50	0	1	600	0	0	0.016	13.3	15	10.456	8.79	1017.8	11.4	87	130	1	0.7	1.1	1	0	3	7	
2026-05-19 18:10:00	58.31625	17.59338	11	51	0	2	600	0	0	0.014	13.3	14	10.39	8.78	1018.1	11	89	195	1	2	2.9	1	0	3	7	
2026-05-19 18:25:00	58.31607	17.59677	11	52	0	1	600	0	0	0.014	13.3	14	10.285	8.81	1018.3	10.8	90	215	1	3.6	4.4	1	0	3	7	
2026-05-19 18:40:00	58.31349	17.60148	12	53	0	3	600	0	0	0.014	13.3	14	10.122	8.77	1018.5	10.5	91	220	1	3.6	4.5	1	0	3	7	
2026-05-19 18:55:00	58.31079	17.60478	11	54	0	1	600	0	0	0.014	13.2	13	9.961	8.74	1018.5	10.4	89	215	1	3.9	5.1	1	0	3	7	
2026-05-19 19:10:00	58.30842	17.60709	11	55	0	1	600	0	0	0.014	13.2	13	9.814	8.72	1018.6	10.2	90	225	1	2.8	3.8	1	0	3	7	
2026-05-19 19:25:00	58.30866	17.60844	13	56	0	2	610	0	0	0.014	13.2	13	9.756	8.71	1018.7	10	91	225	1	2.2	3.1	1	0	3	7	
2026-05-19 19:40:00	58.31208	17.60631	12	57	0	1	600	0	0	0.014	13.2	12	9.65	8.67	1018.7	9.8	93	215	1	2.1	2.9	1	0	3	7	
2026-05-19 19:55:00	58.31166	17.60847	41	58	0	1	630	0	0	0.016	13.2	12	9.638	8.67	1018.7	9.6	94	215	1	1.8	2.5	1	0	3	7	
2026-05-19 20:10:00	58.31127	17.61039	11	59	0	1	600	0	0	0.016	13.2	12	9.575	8.68	1018.7	9.6	94	210	1	1.8	2.9	1	0	3	7	
2026-05-19 20:25:00	58.31157	17.61447	11	0	0	1	600	0	0	0.014	13.2	12	9.498	8.65	1018.9	9.6	94	200	1	2.7	3.9	1	0	3	7	
2026-05-19 20:40:00	58.31061	17.61765	11	1	0	2	600	0	0	0.016	13.2	12	9.431	8.64	1018.8	9.6	93	210	1	3.3	4.1	1	0	3	7	
2026-05-19 20:55:00	58.31256	17.61438	11	2	0	1	1190	0	0	0.016	13.2	12	9.563	8.68	1018.9	9.6	92	200	1	3.5	4.2	1	0	3	7	
2026-05-19 21:20:00	58.31256	17.61438		3	0	1	1410	0	0	0.016	13.2	12	9.035	8.59	1019	9.6	93	205	1	2.8	3.4	1	0	3	7	
2026-05-19 21:45:00	58.31256	17.61438		4	0	1	1490	0	0	0.014	13.2	13	9.086	8.64	1018.8	9.5	94	195	1	2.7	3.5	1	0	3	7	
2026-05-19 22:35:00	58.31883	17.60334	12	6	0	3	600	0	0	0.016	13.2	12	8.838	8.62	1018.8	9.4	94	200	1	2.7	3.3	1	0	3	7	
2026-05-19 22:50:00	58.31925	17.60076	11	7	0	2	600	0	0	0.016	13.2	11	8.843	8.63	1018.9	9.3	95	185	1	2.6	3	1	0	3	7	
2026-05-19 23:20:00	58.31892	17.59599	12	9	0	3	600	0	0	0.016	13.2	11	8.912	8.66	1019	9.1	96	185	1	2.8	3.3	1	0	3	7	
2026-05-19 23:35:00	58.31856	17.5938	12	10	0	1	600	0	0	0.014	13.2	11	8.892	8.67	1019.1	9.1	96	185	1	2.7	3.1	1	0	3	7	
2026-05-19 23:50:00	58.31829	17.5911	11	11	0	1	600	0	0	0.016	13.2	11	8.773	8.65	1019.2	9	96	185	1	2.1	2.7	1	0	3	7	
2026-05-20 00:05:00	58.31829	17.59107	12	12	0	1	600	0	0	0.014	13.2	11	8.694	8.63	1019.2	8.9	96	160	1	1.7	2.8	1	0	3	7	
2026-05-20 00:20:00	58.31799	17.59533	12	13	0	1	600	0	0	0.014	13.2	11	8.577	8.6	1019.2	8.9	97	180	1	2.1	2.7	1	0	3	7	
2026-05-20 00:35:00	58.31799	17.59395	12	14	0	1	600	0	0	0.016	13.2	11	8.484	8.58	1019.2	8.8	97	155	1	1.6	2	1	0	3	7	
2026-05-20 00:50:00	58.31742	17.59236	12	15	0	1	600	0	0	0.016	13.2	11	8.449	8.57	1019.2	8.7	97	170	1	1.6	2.1	1	0	3	7	
2026-05-20 01:05:00	58.317	17.59125	12	16	0	1	600	0	0	0.016	13.2	11	8.493	8.58	1019.3	8.8	97	175	1	2	2.4	1	0	3	7	
2026-05-20 01:20:00	58.31643	17.58993	13	17	0	1	610	0	0	0.014	13.2	11	8.551	8.58	1019.3	9	97	175	1	2	2.5	1	0	3	7	
2026-05-20 01:35:00	58.31565	17.58849	15	18	0	1	610	0	0	0.014	13.2	11	8.628	8.61	1019.3	9	96	175	1	2.4	2.9	1	0	3	7	
2026-05-20 01:50:00	58.31493	17.58549	16	19	0	1	640	0	0	0.014	13.2	11	8.694	8.62	1019.2	9	96	180	1	2.7	3.3	1	0	3	7	
2026-05-20 02:05:00	58.31442	17.58378	12	20	0	2	600	0	0	0.014	13.2	11	8.693	8.64	1019.2	8.9	96	175	1	2.7	3.3	1	0	3	7	
2026-05-20 02:35:00	58.31325	17.58495	11	22	0	3	600	0	0	0.016	13.2	11	8.648	8.62	1019.3	8.9	96	185	1	2.4	3.1	1	0	3	7	
2026-05-20 02:50:00	58.31286	17.58573	11	23	0	1	600	0	0	0.014	13.2	11	8.609	8.61	1019.5	8.9	95	165	1	1.8	2.5	1	0	3	7	
2026-05-20 03:20:00	58.3119	17.58465	11	25	0	3	600	0	0	0.014	13.2	11	8.523	8.58	1019.6	9	94	160	1	2.3	2.8	1	0	3	7	
2026-05-20 03:35:00	58.31106	17.58207	11	26	0	1	600	0	0	0.014	13.3	11	8.544	8.6	1019.6	9.1	94	170	1	2	2.9	1	0	3	7	
2026-05-20 03:50:00	58.31085	17.58	12	27	0	1	630	0	0	0.014	13.3	11	8.578	8.6	1019.7	9.2	94	160	1	2.1	2.7	1	0	3	7	
2026-05-20 04:05:00	58.31082	17.57946	11	28	0	1	600	0	0	0.014	13.3	11	8.589	8.61	1019.7	9.2	94	160	1	2.2	2.7	1	0	3	7	
2026-05-20 04:20:00	58.3107	17.58243	11	29	0	2	600	0	0	0.014	13.3	11	8.575	8.61	1019.7	9.1	94	155	1	3.1	3.9	1	0	3	7	
2026-05-20 04:35:00	58.31013	17.57973	12	30	0	2	600	0	0	0.014	13.3	11	8.594	8.61	1019.8	9	95	150	1	3.1	3.6	1	0	3	7	
2026-05-20 04:50:00	58.30878	17.57598	12	31	0	1	600	0	0	0.014	13.3	11	8.569	8.6	1019.9	9	95	155	1	2.9	3.4	1	0	3	7	
2026-05-20 05:05:00	58.30824	17.57487	14	32	0	1	610	0	0	0.014	13.3	11	8.58	8.61	1020	9	95	160	1	3.1	4	1	0	3	7	
2026-05-20 05:20:00	58.308	17.57838	14	33	0	1	610	0	0	0.014	13.4	11	8.591	8.61	1020.1	9.1	95	155	1	3.9	4.6	1	0	3	7	
2026-05-20 05:35:00	58.30701	17.57427	13	34	0	1	610	0	0	0.016	13.4	11	8.609	8.61	1020.1	9.1	95	150	1	3.7	4.6	1	0	3	7	
2026-05-20 05:50:00	58.30707	17.57529	17	35	0	1	620	0	0	0.014	13.4	12	8.617	8.62	1020.2	9.1	95	160	1	3.7	4.7	1	0	3	7	
2026-05-20 06:05:00	58.30773	17.57601	40	36	0	1	630	0	0	0.014	13.4	12	8.615	8.62	1020.2	9.1	95	160	1	3.6	4.8	1	0	3	7	
2026-05-20 06:20:00	58.30734	17.57184	11	37	0	1	600	0	0	0.014	13.4	11	8.649	8.62	1020.3	9.1	96	150	1	3.2	4.1	1	0	3	7	
2026-05-20 06:35:00	58.30845	17.57493	11	38	0	1	600	0	0	0.014	13.4	11	8.624	8.62	1020.3	9	96	160	1	3.5	4.1	1	0	3	7	
2026-05-20 07:05:00	58.30896	17.57061	11	40	0	3	600	0	0	0.014	13.4	12	8.662	8.63	1020.5	9.1	96	160	1	3.3	4.2	1	0	3	7	
2026-05-20 07:35:00	58.31097	17.57748	11	42	0	3	600	0	0	0.014	13.4	12	8.631	8.62	1020.6	9	96	155	1	2.9	3.7	1	0	3	7	
2026-05-20 07:50:00	58.3116	17.57694	11	43	0	1	600	0	0	0.014	13.4	12	8.634	8.62	1020.7	9	96	145	1	2.7	3.6	1	0	3	7	
2026-05-20 08:05:00	58.31238	17.57604	12	44	0	1	600	0	0	0.014	13.4	11	8.647	8.63	1020.8	9	96	150	1	3.6	4.3	1	0	3	7	
2026-05-20 08:20:00	58.31343	17.58021	12	45	0	1	600	0	0	0.014	13.5	11	8.675	8.63	1020.9	9.2	96	155	1	3	3.6	1	0	3	7	
2026-05-20 08:35:00	58.31379	17.57694	12	46	0	1	600	0	0	0.014	13.6	12	8.724	8.64	1021	9.3	95	140	1	3.1	3.9	1	0	3	7	
2026-05-20 08:50:00	58.31319	17.57457	12	47	0	1	610	0	0	0.014	13.6	12	8.799	8.66	1021.2	9.3	94	155	1	4.3	5.1	1	0	3	7	
2026-05-20 09:05:00	58.31232	17.57142	24	48	0	1	630	0	0	0.014	13.3	13	8.799	8.66	1021.1	9.3	95	150	1	3.4	4.5	1	0	3	7	
2026-05-20 09:20:00	58.31238	17.56812	41	49	0	1	630	0	0	0.014	13.3	13	8.767	8.65	1021.1	9.3	95	140	1	3.4	4.2	1	0	3	7	
2026-05-20 09:35:00	58.31436	17.57274	11	50	0	1	600	0	0	0.014	13.4	13	8.871	8.68	1021	9.2	95	150	1	3.2	4.1	1	0	3	7	
2026-05-20 09:50:00	58.31505	17.5725	11	51	0	1	600	0	0	0.016	13.3	13	8.886	8.68	1021	9.3	95	150	1	2.8	3.6	1	0	3	7	
2026-05-20 10:05:00	58.31511	17.57007	12	52	0	1	600	0	0	0.014	13.2	13	8.91	8.68	1021.1	9.4	95	160	1	3.4	4.3	1	0	3	7	
2026-05-20 10:20:00	58.31535	17.56758	13	53	0	1	610	0	0	0.014	13.4	13	8.996	8.7	1021	9.4	95	145	1	2.7	3.5	1	0	3	7	
2026-05-20 10:35:00	58.31727	17.57154	13	54	0	1	610	0	0	0.016	13.3	13	9.037	8.71	1021	9.4	94	150	1	3.4	4	1	0	3	7	
2026-05-20 11:05:00	58.31877	17.57142	12	56	0	3	600	0	0	0.014	13.3	14	9.119	8.72	1021.1	9.5	94	135	1	3.8	4.6	1	0	3	7	
2026-05-20 11:20:00	58.32045	17.57757	12	57	0	1	610	0	0	0.014	13.4	14	9.099	8.73	1021.1	9.4	95	160	1	3.4	3.9	1	0	3	7	
2026-05-20 11:35:00	58.32045	17.57511	12	58	0	3	600	0	0	0.014	13.3	14	9.086	8.72	1021.3	9.5	94	150	1	3.6	4.3	1	0	3	7	
2026-05-20 11:50:00	58.31967	17.57301	14	59	0	1	610	0	0	0.014	13.5	14	9.16	8.74	1021.2	9.5	94	160	1	3.7	4.6	1	0	3	7	
2026-05-20 12:05:00	58.31901	17.57025	40	0	0	1	630	0	0	0.016	13.3	14	9.157	8.74	1021.2	9.5	93	170	1	4.5	5.5	1	0	3	7	
2026-05-20 12:20:00	58.31892	17.56587	12	1	0	1	600	0	0	0.014	13.2	13	9.12	8.73	1021.1	9.6	91	175	1	4.2	5.1	1	0	3	7	
2026-05-20 12:35:00	58.31877	17.56182	11	2	0	1	600	0	0	0.014	13.5	13	9.077	8.72	1021	9.6	91	170	1	3.6	4.4	1	0	3	7	
2026-05-20 12:50:00	58.31868	17.55897	12	3	0	2	600	0	0	0.016	13.3	13	9.09	8.73	1021.2	9.7	89	160	1	4	4.9	1	0	3	7	
2026-05-20 13:05:00	58.31847	17.55609	12	4	0	1	600	0	0	0.014	13.2	13	9.047	8.71	1021	9.7	88	160	1	3.8	4.5	1	0	3	7	
2026-05-20 13:20:00	58.31814	17.55255	12	5	0	1	600	0	0	0.014	13.6	12	9.048	8.72	1021.2	9.8	87	175	1	3.6	4.6	1	0	3	7	
2026-05-20 13:35:00	58.31814	17.54937	12	6	0	1	630	0	0	0.014	13.6	12	9.076	8.72	1021	10	85	180	1	3.4	4.6	1	0	3	7	
2026-05-20 13:50:00	58.31841	17.54496	12	7	0	1	600	0	0	0.014	13.3	12	9.058	8.72	1020.9	10.1	82	180	1	3.6	4.9	1	0	3	7	
2026-05-20 14:05:00	58.31877	17.54043	12	8	0	1	600	0	0	0.014	13.3	12	9.147	8.74	1020.8	10.1	83	180	1	3.9	4.8	1	0	3	7	
2026-05-20 14:20:00	58.31892	17.53608	11	9	0	2	600	0	0	0.014	13.5	12	9.099	8.73	1020.8	10.1	85	165	1	3.8	5.1	1	0	3	7	
2026-05-20 14:35:00	58.31958	17.54232	11	10	0	1	600	0	0	0.014	13.5	12	9.137	8.74	1020.9	10.1	85	165	1	3.7	4.8	1	0	3	7	
2026-05-20 14:50:00	58.32015	17.54223	11	11	0	1	600	0	0	0.016	13.3	12	9.168	8.75	1020.8	9.9	85	170	1	4.5	5.6	1	0	3	7	
2026-05-20 15:20:00	58.31931	17.53377	12	13	0	3	600	0	0	0.014	13.3	12	9.075	8.72	1020.7	9.9	87	170	1	4.3	5.3	1	0	3	7	
2026-05-20 15:50:00	58.31844	17.52657	12	15	0	3	610	0	0	0.014	13.3	12	9.174	8.75	1020.6	9.9	88	170	1	3.8	4.9	1	0	3	7	
2026-05-20 16:05:00	58.31838	17.52264	40	16	0	1	630	0	0	0.014	13.3	12	9.144	8.74	1020.6	9.9	87	170	1	4.3	5.4	1	0	3	7	
2026-05-20 16:20:00	58.31769	17.5185	12	17	0	1	600	0	0	0.014	13.3	12	9.043	8.72	1020.7	9.7	90	175	1	4.3	5.1	1	0	3	7	
2026-05-20 16:35:00	58.31817	17.51451	12	18	0	1	600	0	0	0.016	13.3	12	9.114	8.74	1020.7	9.7	90	180	1	4.8	5.9	1	0	3	7	
2026-05-20 16:50:00	58.31799	17.51733	12	19	0	1	600	0	0	0.014	13.4	12	9.043	8.73	1020.8	9.6	91	170	1	4.3	5.8	1	0	3	7	
2026-05-20 17:05:00	58.31772	17.51958	12	20	0	1	600	0	0	0.014	13.4	12	9.008	8.71	1020.8	9.6	91	170	1	3.4	4.5	1	0	3	7	
2026-05-20 17:20:00	58.31796	17.517	13	21	0	1	600	0	0	0.014	13.4	12	9.066	8.73	1020.8	9.5	93	155	1	3.3	4.2	1	0	3	7	
2026-05-20 17:35:00	58.31874	17.52372	12	22	0	1	600	0	0	0.014	13.5	12	9.005	8.71	1020.7	9.3	92	165	1	3.8	4.6	1	0	3	7	
2026-05-20 17:50:00	58.31871	17.52384	12	23	0	1	600	0	0	0.014	13.4	12	8.986	8.71	1020.8	9.3	93	155	1	3.6	4.5	1	0	3	7	
2026-05-20 18:05:00	58.31847	17.52207	12	24	0	1	600	0	0	0.014	13.4	12	8.992	8.72	1020.7	9.3	93	140	1	3.8	4.9	1	0	3	7	
2026-05-20 18:20:00	58.31994	17.52669	12	25	0	1	600	0	0	0.016	13.3	12	9.007	8.72	1020.7	9.3	94	125	1	3.3	4.1	1	0	3	7	
2026-05-20 18:35:00	58.32174	17.5311	12	26	0	2	610	0	0	0.016	13.3	12	9.084	8.73	1020.8	9.2	94	130	1	3.4	4.2	1	0	3	7	
2026-05-20 18:50:00	58.32363	17.53602	11	27	0	2	600	0	0	0.014	13.3	12	9.151	8.75	1020.9	9.2	93	135	1	4.4	5.7	1	0	3	7	
2026-05-20 19:05:00	58.32486	17.54382	41	28	0	1	630	0	0	0.016	13.2	12	9.19	8.76	1020.9	9.1	95	150	1	3.9	5.1	1	0	3	7	
2026-05-20 19:20:00	58.32564	17.55051	12	29	0	2	600	0	0	0.016	13.2	11	9.154	8.74	1021	9.1	95	145	1	4.9	6.1	1	0	3	7	
2026-05-20 19:35:00	58.32615	17.55675	11	30	0	1	600	0	0	0.014	13.2	11	9.065	8.73	1021	9.1	96	145	1	4.2	5	1	0	3	7	
2026-05-20 19:50:00	58.3269	17.56386	11	31	0	3	600	0	0	0.014	13.2	11	9.145	8.74	1021	9	96	145	1	4.8	5.8	1	0	3	7	
2026-05-20 20:05:00	58.32735	17.57007	12	32	0	1	600	0	0	0.016	13.2	11	9.055	8.72	1020.9	9	96	155	1	4.6	6.3	1	0	3	7	
2026-05-20 20:20:00	58.32759	17.57739	12	33	0	1	600	0	0	0.014	13.2	11	9.076	8.72	1020.9	9	96	150	1	3.9	4.7	1	0	3	7	
2026-05-20 20:35:00	58.32801	17.58405	12	34	0	3	600	0	0	0.014	13.2	11	9.08	8.73	1020.9	9.1	96	150	1	4.7	6.1	1	0	3	7	
2026-05-20 20:50:00	58.32906	17.59113	13	35	0	1	610	0	0	0.014	13.2	11	9.103	8.73	1020.8	9.1	96	150	1	4.7	6.5	1	0	3	7	
2026-05-20 21:05:00	58.32987	17.59794	41	36	0	1	630	0	0	0.014	13.2	12	9.091	8.73	1020.7	9.1	95	145	1	4.3	5.5	1	0	3	7	
2026-05-20 21:20:00	58.33176	17.60403	12	37	0	1	600	0	0	0.014	13.2	11	9.09	8.73	1020.8	9.2	94	150	1	5.1	6.4	1	0	3	7	
2026-05-20 21:35:00	58.33278	17.61291	11	38	0	2	600	0	0	0.014	13.2	11	9.081	8.73	1020.7	9.2	94	145	1	5.6	7	1	0	3	7	
2026-05-20 21:50:00	58.33374	17.62176	12	39	0	1	600	0	0	0.016	13.2	11	9.028	8.72	1020.8	9.3	94	145	1	6.1	7.4	1	0	3	7	
2026-05-20 22:20:00	58.33557	17.64	14	41	0	3	610	0	0	0.014	13.2	11	8.958	8.7	1020.9	9	96	165	1	6.3	7.5	1	0	3	7	
2026-05-20 22:35:00	58.3359	17.64987	12	42	0	1	600	0	0	0.016	13.2	11	8.989	8.7	1020.8	8.9	97	170	1	5.7	7.4	1	0	3	7	
2026-05-20 23:05:00	58.3356	17.64027	11	44	0	3	600	0	0	0.014	13.2	11	8.875	8.68	1020.6	8.4	98	170	1	6.1	7.6	1	0	3	7	
2026-05-20 23:20:00	58.33497	17.63175	13	45	0	1	610	0	0	0.014	13.2	11	8.816	8.67	1020.7	8.5	98	170	1	5.3	6.8	1	0	3	7	
2026-05-20 23:35:00	58.33458	17.62434	15	46	0	1	610	0	0	0.016	13.2	11	8.769	8.66	1020.7	8.6	98	170	1	5.4	7	1	0	3	7	
2026-05-20 23:50:00	58.33413	17.61744	15	47	0	1	610	0	0	0.016	13.2	11	8.725	8.65	1020.7	8.7	98	170	1	4.8	6.2	1	0	3	7	
2026-05-21 00:05:00	58.33464	17.61114	40	48	0	1	630	0	0	0.016	13.2	11	8.629	8.63	1020.6	8.7	98	170	1	5.8	7	1	0	3	7	
2026-05-21 00:20:00	58.33404	17.60418	11	49	0	1	600	0	0	0.014	13.2	11	8.494	8.6	1020.6	8.7	98	175	1	5.7	7.2	1	0	3	7	
2026-05-21 00:35:00	58.33389	17.59821	11	50	0	1	600	0	0	0.016	13.2	11	8.736	8.65	1020.6	8.8	98	180	1	6	7.1	1	0	3	7	
2026-05-21 00:50:00	58.33413	17.59053	11	51	0	1	600	0	0	0.014	13.2	11	8.859	8.68	1020.6	8.7	98	180	1	6.3	8	1	0	3	7	
2026-05-21 01:05:00	58.33467	17.58432	12	52	0	1	600	0	0	0.016	13.2	11	8.866	8.68	1020.5	8.7	98	180	1	6.3	8.4	1	0	3	7	
2026-05-21 01:20:00	58.33542	17.57712	12	53	0	1	600	0	0	0.016	13.2	11	8.861	8.68	1020.5	8.5	98	175	1	6	7.4	1	0	3	7	
2026-05-21 01:35:00	58.33542	17.56932	12	54	0	1	600	0	0	0.014	13.2	11	8.82	8.67	1020.5	8.3	99	175	1	5.9	7.2	1	0	3	7	
2026-05-21 01:50:00	58.33551	17.56224	13	55	0	2	610	0	0	0.014	13.2	11	8.821	8.67	1020.4	8.1	99	180	1	6.1	7.4	1	0	3	7	
2026-05-21 02:20:00	58.33563	17.54805	15	57	0	3	610	0	0	0.014	13.2	11	8.771	8.66	1020.4	8.1	100	175	1	5.2	6.6	1	0	3	7	
2026-05-21 02:35:00	58.33563	17.54229	14	58	0	1	640	0	0	0.014	13.2	11	8.769	8.66	1020.4	8.4	99	175	1	5.3	6.8	1	0	3	7	
2026-05-21 03:05:00	58.33506	17.53125	11	0	0	3	600	0	0	0.014	13.2	11	9.082	8.74	1020.5	8.2	99	165	1	5.4	7	1	0	3	7	
2026-05-21 03:20:00	58.33389	17.52705	11	1	0	1	600	0	0	0.014	13.2	11	9.276	8.72	1020.6	8	100	170	1	6	7.6	1	0	3	7	
2026-05-21 03:35:00	58.33272	17.52231	11	2	0	1	600	0	0	0.014	13.2	11	9.206	8.62	1020.5	8.2	100	170	1	5.3	6.6	1	0	3	7	
2026-05-21 03:50:00	58.3326	17.51781	12	3	0	1	600	0	0	0.016	13.3	11	9.17	8.52	1020.5	8.5	99	170	1	4.9	6.2	1	0	3	7	
2026-05-21 04:05:00	58.33212	17.51373	12	4	0	1	600	0	0	0.014	13.3	11	9.193	8.47	1020.5	8.7	99	180	1	6.3	7.4	1	0	3	7	
2026-05-21 04:20:00	58.33113	17.50803	12	5	0	1	600	0	0	0.014	13.3	11	9.205	8.44	1020.6	8.8	99	175	1	5.7	7	1	0	3	7	
2026-05-21 04:35:00	58.33032	17.5014	12	6	0	1	600	0	0	0.014	13.3	11	9.284	8.43	1020.7	8.9	99	180	1	4.9	6.7	1	0	3	7	
2026-05-21 04:50:00	58.32972	17.49531	12	7	0	1	630	0	0	0.014	13.3	12	9.468	8.38	1020.6	9	98	185	1	5.9	6.9	1	0	3	7	
2026-05-21 05:05:00	58.32936	17.48949	11	8	0	1	600	0	0	0.014	13.3	12	9.633	8.32	1020.6	9.1	98	185	1	5.7	7.4	1	0	3	7	
2026-05-21 05:20:00	58.32915	17.48238	11	9	0	2	600	0	0	0.014	13.3	12	9.486	8.23	1020.6	9.2	98	190	1	5.8	7.4	1	0	3	7	
2026-05-21 05:35:00	58.32882	17.47566	11	10	0	1	600	0	0	0.014	13.3	12	9.569	8.23	1020.7	9.2	98	195	1	6	7.3	1	0	3	7	
2026-05-21 05:50:00	58.32882	17.46825	11	11	0	1	600	0	0	0.014	13.3	12	9.445	8.12	1020.8	9.3	98	200	1	4.9	6.4	1	0	3	7	
2026-05-21 06:05:00	58.32903	17.46153	11	12	0	1	600	0	0	0.014	13.3	12	9.455	8.12	1020.8	9.3	98	185	1	5.1	6.3	1	0	3	7	
2026-05-21 06:20:00	58.3287	17.45433	12	13	0	1	600	0	0	0.014	13.3	12	9.255	8	1020.8	9.2	98	200	1	5.2	6.2	1	0	3	7	
2026-05-21 06:50:00	58.32873	17.44113	11	15	0	3	600	0	0	0.014	13.4	12	8.779	7.82	1020.9	9.2	98	195	1	4.2	5.3	1	0	3	7	
2026-05-21 07:20:00	58.32792	17.43156	11	17	0	3	600	0	0	0.014	13.4	12	8.795	7.8	1021	9.2	98	180	1	4.1	5.5	1	0	3	7	
2026-05-21 07:35:00	58.3266	17.42553	13	18	0	1	600	0	0	0.014	13.5	12	8.95	7.84	1020.9	9.2	98	180	1	4.4	5.2	1	0	3	7	
2026-05-21 07:50:00	58.32525	17.41923	12	19	0	1	630	0	0	0.014	13.5	12	9.087	7.88	1021	9.2	98	185	1	4.6	5.9	1	0	3	7	
2026-05-21 08:05:00	58.32411	17.4126	11	20	0	1	600	0	0	0.014	13.4	12	9.078	7.87	1021	9.2	98	190	1	3.7	5	1	0	3	7	
2026-05-21 08:20:00	58.3233	17.40438	11	21	0	2	600	0	0	0.014	13.5	12	9.1	7.87	1020.7	9.2	98	195	1	4	5.1	1	0	3	7	
2026-05-21 08:35:00	58.32288	17.39676	12	22	0	1	600	0	0	0.014	13.5	12	9.197	7.9	1020.7	9.3	98	205	1	3.4	4.5	1	0	3	7	
2026-05-21 08:50:00	58.32312	17.39151	11	23	0	1	600	0	0	0.014	13.5	12	9.285	7.93	1020.5	9.3	98	180	1	3.3	4.1	1	0	3	7	
2026-05-21 09:05:00	58.32201	17.38563	11	24	0	1	600	0	0	0.016	13.5	12	9.285	7.93	1020.5	9.3	98	180	1	3.5	4.6	1	0	3	7	
2026-05-21 09:20:00	58.32078	17.37939	11	25	0	1	600	0	0	0.014	13.5	12	9.274	7.92	1020.4	9.3	98	170	1	4.1	5.1	1	0	3	7	
2026-05-21 09:35:00	58.31898	17.37183	12	26	0	1	600	0	0	0.014	13.5	12	9.29	7.92	1020.4	9.3	98	175	1	4.8	6.1	1	0	3	7	
2026-05-21 09:50:00	58.31688	17.36403	11	27	0	1	600	0	0	0.014	13.6	12	9.249	7.91	1020.3	9.3	98	180	1	4.6	6.1	1	0	3	7	
2026-05-21 10:05:00	58.31553	17.35485	40	28	0	1	630	0	0	0.014	13.9	12	9.277	7.91	1020.1	9.4	98	175	1	4.4	5.7	1	0	3	7	
2026-05-21 10:20:00	58.31496	17.34726	12	29	0	1	600	0	0	0.014	13.3	12	9.277	7.91	1019.9	9.5	98	170	1	4.6	5.5	1	0	3	7	
2026-05-21 10:35:00	58.31361	17.35155	11	30	0	1	600	0	0	0.016	13.3	12	9.322	7.92	1019.7	9.6	98	175	1	4.2	5.3	1	0	3	7	
2026-05-21 10:50:00	58.3119	17.3565	12	31	0	2	600	0	0	0.014	13.2	12	9.273	7.91	1019.8	9.7	97	180	1	3.8	4.9	1	0	3	7	
2026-05-21 11:05:00	58.31013	17.36067	12	32	0	1	600	0	0	0.014	13.5	12	9.329	7.92	1019.7	9.9	97	170	1	3.9	4.9	1	0	3	7	
2026-05-21 11:35:00	58.30656	17.3706	12	34	0	3	600	0	0	0.014	13.2	13	9.339	7.93	1019.5	10	97	170	1	3.9	5.1	1	0	3	7	
2026-05-21 11:50:00	58.30536	17.37498	12	35	0	1	600	0	0	0.014	13.4	13	9.309	7.92	1019.2	9.8	97	150	1	4.4	5.6	1	0	3	7	
2026-05-21 12:05:00	58.305	17.38029	12	36	0	2	630	0	0	0.016	13.3	13	9.24	7.9	1019.1	9.6	97	160	1	4.8	5.8	1	0	3	7	
2026-05-21 12:20:00	58.30449	17.38548	12	37	0	1	600	0	0	0.014	13.2	13	9.137	7.88	1019.2	9.6	97	160	1	5.4	6.7	1	0	3	7	
2026-05-21 12:35:00	58.3041	17.39205	12	38	0	1	600	0	0	0.014	13.6	13	9.167	7.91	1019.3	9.6	97	165	1	5.4	6.9	1	0	3	7	
2026-05-21 12:50:00	58.30332	17.39847	12	39	0	1	600	0	0	0.016	13.3	13	9.364	7.99	1019.2	9.8	97	165	1	5.7	6.9	1	0	3	7	
2026-05-21 13:05:00	58.30248	17.40459	12	40	0	1	600	0	0	0.016	13.3	13	9.802	8.19	1019.4	9.7	97	170	1	6.3	7.5	1	0	3	7	
2026-05-21 13:20:00	58.3014	17.41188	12	41	0	1	600	0	0	0.014	13.7	12	9.863	8.27	1020.1	9.9	97	200	1	5.5	6.8	1	0	3	7	
2026-05-21 13:35:00	58.29849	17.41782	13	42	0	1	190	0	0	0.016	13.3	12	9.859	8.34	1019.9	9.9	97	210	1	4.3	5.7	1	1	3	0	
2026-05-21 13:40:00	58.29777	17.41902	41	43	0	1	630	0	0	0.014	13.3	13	9.826	8.32	1019.8	10.1	97	215	1	3.6	4.9	1	0	3	7	
2026-05-21 13:55:00	58.29657	17.42244	12	44	0	1	600	0	0	0.016	13.3	12	9.797	8.3	1020	10.3	97	210	1	3.4	4.5	1	0	3	7	
2026-05-21 14:10:00	58.29558	17.4255	12	45	0	1	600	0	0	0.014	13.5	12	9.754	8.28	1019.7	10.2	97	180	1	2.6	3.7	1	0	3	7	
2026-05-21 14:25:00	58.29591	17.42928	11	46	0	1	600	0	0	0.014	13.3	13	9.764	8.29	1019.6	10.1	97	170	1	2.4	3.3	1	0	3	7	
2026-05-21 14:40:00	58.2969	17.43294	11	47	0	1	600	0	0	0.014	13.2	13	9.73	8.3	1019.6	10.1	97	170	1	1.3	2.2	1	0	3	7	
2026-05-21 14:55:00	58.29798	17.4354	11	48	0	1	600	0	0	0.014	13.5	13	9.718	8.3	1019.6	10.3	97	185	1	2.4	3.4	1	0	3	7	
2026-05-21 15:10:00	58.29864	17.43882	11	49	0	1	600	0	0	0.014	13.5	13	9.807	8.32	1019.3	10.2	96	180	1	1.9	3	1	0	3	7	
2026-05-21 15:25:00	58.29948	17.44221	11	50	0	2	600	0	0	0.016	13.3	13	9.756	8.31	1019.5	10	97	185	1	2.6	3.6	1	0	3	7	
2026-05-21 15:40:00	58.2996	17.44584	12	51	0	1	600	0	0	0.014	13.4	13	9.724	8.3	1019.4	10	97	145	1	1.7	2.7	1	0	3	7	
2026-05-21 15:55:00	58.30032	17.4489	12	52	0	1	630	0	0	0.014	13.7	13	9.724	8.31	1019.3	10.2	96	145	1	2.2	3	1	0	3	7	
2026-05-21 16:10:00	58.30143	17.45232	12	53	0	1	600	0	0	0.014	13.5	13	9.756	8.33	1019.2	10.1	96	150	1	2	3.2	1	0	3	7	
2026-05-21 16:25:00	58.30203	17.45646	11	54	0	1	600	0	0	0.014	13.3	13	9.78	8.34	1019.2	10	97	180	1	2.5	3.3	1	0	3	7	
2026-05-21 16:40:00	58.30197	17.46039	12	55	0	1	600	0	0	0.014	13.3	13	9.785	8.35	1019.4	10	97	180	1	4	4.9	1	0	3	7	
2026-05-21 16:55:00	58.30107	17.46603	12	56	0	1	600	0	0	0.014	13.3	13	9.837	8.37	1019.3	10.1	97	180	1	1.7	2.5	1	0	3	7	
2026-05-21 17:10:00	58.30092	17.46927	11	57	0	2	600	0	0	0.014	13.4	13	9.876	8.39	1019.2	10	97	155	1	1.9	2.2	1	0	3	7	
2026-05-21 17:25:00	58.30086	17.47278	11	58	0	2	600	0	0	0.014	13.3	13	9.914	8.41	1019.2	10.1	97	180	1	2.7	3.3	1	0	3	7	
2026-05-21 17:40:00	58.29996	17.47617	12	59	0	1	600	0	0	0.016	13.3	12	9.949	8.43	1019.1	10.1	97	190	1	2.7	3.4	1	0	3	7	
2026-05-21 17:55:00	58.29897	17.47956	12	0	0	1	600	0	0	0.014	13.3	12	9.992	8.46	1019.1	10.3	96	180	1	2.1	2.8	1	0	3	7	
2026-05-21 18:25:00	58.29765	17.48601	12	2	0	3	610	0	0	0.016	13.3	12	9.884	8.44	1019	10.2	97	185	1	2.5	3	1	0	3	7	
2026-05-21 19:10:00	58.29003	17.49114	11	5	0	3	600	0	0	0.014	13.2	12	9.848	8.4	1019.3	10.6	94	245	1	3.8	4.8	1	0	3	7	
2026-05-21 19:25:00	58.2864	17.49126	11	6	0	1	600	0	0	0.014	13.2	12	9.838	8.39	1019.3	10.7	96	240	1	3.3	4.5	1	0	3	7	
2026-05-21 19:40:00	58.28301	17.49183	12	7	0	1	600	0	0	0.016	13.2	12	9.841	8.38	1019.4	10.6	96	240	1	3.4	4.6	1	0	3	7	
2026-05-21 19:55:00	58.2801	17.49225	12	8	0	1	600	0	0	0.016	13.2	12	9.826	8.36	1019.5	10.5	97	235	1	3.3	4.4	1	0	3	7	
2026-05-21 20:10:00	58.2771	17.49333	12	9	0	1	600	0	0	0.014	13.2	12	9.821	8.34	1019.5	10.4	97	240	1	3.3	4.2	1	0	3	7	
2026-05-21 20:25:00	58.27449	17.49372	12	10	0	1	600	0	0	0.014	13.2	12	9.797	8.33	1019.6	10.4	97	235	1	3.4	4.5	1	0	3	7	
2026-05-21 20:40:00	58.27191	17.4942	11	11	0	1	600	0	0	0.016	13.2	12	9.774	8.32	1019.6	10.4	98	230	1	3.3	3.9	1	0	3	7	
2026-05-21 20:55:00	58.26942	17.49495	12	12	0	1	600	0	0	0.016	13.2	12	9.755	8.3	1019.6	10.4	98	235	1	3.4	4.1	1	0	3	7	
2026-05-21 21:10:00	58.26705	17.49504	12	13	0	1	600	0	0	0.014	13.2	12	9.737	8.29	1019.7	10.3	98	235	1	3.9	4.6	1	0	3	7	
2026-05-21 21:25:00	58.26396	17.49486	12	14	0	1	600	0	0	0.014	13.2	12	9.757	8.28	1019.8	10.5	98	240	1	4.2	5.1	1	0	3	7	
2026-05-21 21:40:00	58.26096	17.49471	12	15	0	1	610	0	0	0.014	13.2	12	9.78	8.28	1019.8	10.4	98	240	1	3.8	4.5	1	0	3	7	
2026-05-21 21:55:00	58.25832	17.49489	12	16	0	2	630	0	0	0.014	13.2	12	9.774	8.26	1020	10.5	98	240	1	4.9	5.7	1	0	3	7	
2026-05-21 22:25:00	58.25184	17.49453	12	18	0	3	600	0	0	0.014	13.2	12	9.737	8.19	1020	10.4	97	245	1	4	4.9	1	0	3	7	
2026-05-21 22:40:00	58.24899	17.49432	12	19	0	2	600	0	0	0.014	13.2	12	9.68	8.14	1020	10.3	97	250	1	3.7	4.7	1	0	3	7	
2026-05-21 23:10:00	58.24458	17.49258	12	21	0	3	180	0	0	0.014	13.2	12	9.504	8.07	1020.1	10.2	96	250	1	3.6	4.3	1	1	3	0	
2026-05-21 23:15:00	58.24383	17.49216	11	22	0	2	600	0	0	0.014	13.2	12	9.697	8.15	1020.2	10.2	96	255	1	4.1	5	1	0	3	7	
2026-05-21 23:30:00	58.24107	17.49057	11	23	0	1	600	0	0	0.014	13.2	12	9.694	8.16	1020.2	10.2	96	265	1	4.4	5.3	1	0	3	7	
2026-05-22 00:00:00	58.23636	17.48649	13	25	0	3	610	0	0	0.014	13.2	12	9.769	8.16	1020.1	10.2	95	270	1	3.6	4.4	1	0	3	7	
2026-05-22 00:15:00	58.23402	17.48493	12	26	0	1	610	0	0	0.014	13.2	12	9.791	8.16	1020.1	10.3	95	270	1	3.6	4.4	1	0	3	7	
2026-05-22 00:30:00	58.23183	17.48304	14	27	0	1	610	0	0	0.014	13.2	12	9.778	8.14	1020.2	10.3	95	275	1	3.6	4.4	1	0	3	7	
2026-05-22 00:45:00	58.22886	17.48076	14	28	0	2	610	0	0	0.014	13.2	12	9.76	8.13	1020.2	10.2	95	255	1	3.4	4.3	1	0	3	7	
2026-05-22 01:00:00	58.2264	17.47956	13	29	0	1	640	0	0	0.014	13.2	12	9.735	8.12	1020.3	10	96	245	1	2.8	4	1	0	3	7	
2026-05-22 01:15:00	58.22373	17.48067	11	30	0	2	600	0	0	0.014	13.2	12	9.694	8.12	1020.4	10	96	265	1	3.8	4.7	1	0	3	7	
2026-05-22 01:30:00	58.22103	17.47968	11	31	0	1	600	0	0	0.016	13.2	12	9.637	8.12	1020.4	10	96	260	1	3.5	4.4	1	0	3	7	
2026-05-22 01:45:00	58.21872	17.47836	11	32	0	2	600	0	0	0.014	13.2	12	9.601	8.12	1020.4	10.1	95	265	1	4	5.1	1	0	3	7	
2026-05-22 02:00:00	58.21563	17.47668	13	33	0	1	610	0	0	0.014	13.2	12	9.584	8.12	1020.4	10	95	260	1	3.9	4.9	1	0	3	7	
2026-05-22 02:15:00	58.21299	17.47617	12	34	0	1	600	0	0	0.016	13.2	12	9.538	8.11	1020.5	10	96	265	1	3.8	4.7	1	0	3	7	
2026-05-22 02:30:00	58.21023	17.47419	12	35	0	1	600	0	0	0.016	13.2	12	9.527	8.11	1020.6	9.9	96	260	1	4.2	5	1	0	3	7	
2026-05-22 02:45:00	58.20726	17.47212	13	36	0	1	600	0	0	0.014	13.2	12	9.484	8.11	1020.7	9.9	95	275	1	4.8	5.9	1	0	3	7	
2026-05-22 03:00:00	58.20396	17.4693	13	37	0	3	610	0	0	0.016	13.2	12	9.447	8.11	1020.7	9.9	95	275	1	4.2	5.1	1	0	3	7	
2026-05-22 03:15:00	58.20075	17.46651	13	38	0	1	630	0	0	0.016	13.2	12	9.404	8.11	1020.8	9.9	95	280	1	4.3	5.2	1	0	3	7	
2026-05-22 03:30:00	58.19751	17.46492	11	39	0	1	180	0	0	0.016	13.3	12	9.377	8.11	1020.7	9.9	95	275	1	4.4	5.4	1	1	3	0	
2026-05-22 03:35:00	58.19658	17.46399	11	40	0	2	600	0	0	0.014	13.3	12	9.37	8.11	1020.6	9.9	95	280	1	4.3	5.5	1	0	3	7	
2026-05-22 03:50:00	58.19352	17.46117	12	41	0	1	600	0	0	0.014	13.3	12	9.347	8.12	1020.7	9.8	95	280	1	4.8	6	1	0	3	7	
2026-05-22 04:05:00	58.19007	17.45748	12	42	0	1	600	0	0	0.014	13.3	12	9.321	8.13	1020.8	9.8	95	270	1	4.4	5.2	1	0	3	7	
2026-05-22 04:20:00	58.18683	17.45589	12	43	0	2	610	0	0	0.014	13.4	12	9.292	8.14	1021	9.8	95	275	1	4	5.3	1	0	3	7	
2026-05-22 04:35:00	58.18308	17.45265	12	44	0	1	600	0	0	0.014	13.4	12	9.267	8.15	1021.1	9.8	95	275	1	4.3	5.5	1	0	3	7	
2026-05-22 04:50:00	58.17948	17.45004	13	45	0	1	610	0	0	0.014	13.4	12	9.252	8.16	1021.2	9.8	95	270	1	3.9	5	1	0	3	7	
2026-05-22 05:05:00	58.17636	17.44947	13	46	0	1	600	0	0	0.014	13.4	12	9.247	8.2	1021.3	9.8	95	270	1	4.1	5.5	1	0	3	7	
2026-05-22 05:20:00	58.17273	17.44845	11	47	0	1	600	0	0	0.016	13.4	12	9.288	8.22	1021.4	9.8	95	275	1	3.9	4.9	1	0	3	7	
2026-05-22 05:35:00	58.16901	17.44614	12	48	0	1	600	0	0	0.016	13.5	12	9.316	8.23	1021.5	9.8	95	275	1	3.8	4.8	1	0	3	7	
2026-05-22 05:50:00	58.16559	17.44314	41	49	0	1	630	0	0	0.014	13.5	12	9.342	8.25	1021.7	9.8	95	275	1	3.4	4.1	1	0	3	7	
2026-05-22 06:05:00	58.1619	17.44125	12	50	0	1	600	0	0	0.014	13.5	12	9.366	8.27	1021.8	9.8	95	275	1	3.2	4	1	0	3	7	
2026-05-22 06:35:00	58.155	17.43864	11	52	0	3	600	0	0	0.014	13.5	12	9.454	8.33	1021.9	9.8	96	270	1	3	3.7	1	0	3	7	
2026-05-22 06:50:00	58.15152	17.43705	13	53	0	2	600	0	0	0.014	13.6	12	9.495	8.34	1022	9.9	96	240	1	2.3	3.1	1	0	3	7	
2026-05-22 07:05:00	58.14825	17.43663	41	54	0	3	630	0	0	0.014	13.8	13	9.552	8.37	1022	9.9	96	240	1	3.1	3.6	1	0	3	7	
2026-05-22 07:20:00	58.14489	17.43666	12	55	0	2	600	0	0	0.014	13.4	13	9.602	8.4	1022.1	9.9	96	250	1	3.1	3.9	1	0	3	7	
2026-05-22 07:35:00	58.14129	17.43621	12	56	0	1	600	0	0	0.014	13.3	12	9.654	8.44	1022.2	10	96	245	1	2.6	3.4	1	0	3	7	
2026-05-22 07:50:00	58.13787	17.43585	12	57	0	1	600	0	0	0.014	13.3	12	9.695	8.49	1022.2	10	96	245	1	2.3	3.2	1	0	3	7	
2026-05-22 08:05:00	58.13496	17.436	12	58	0	1	600	0	0	0.014	13.7	12	9.766	8.53	1022.3	10.2	96	245	1	1.2	1.8	1	0	3	7	
2026-05-22 08:20:00	58.13277	17.436	12	59	0	1	600	0	0	0.014	13.3	13	9.869	8.57	1022.3	10.5	95	240	1	1.8	2.6	1	0	3	7	
2026-05-22 08:50:00	58.12779	17.43603	13	1	0	3	610	0	0	0.014	13.7	13	10.109	8.66	1022.5	10.7	94	235	1	2.2	2.8	1	0	3	7	
2026-05-22 09:05:00	58.12509	17.43639	12	2	0	1	610	0	0	0.014	13.7	13	10.151	8.73	1022.4	10.7	94	205	1	2	2.5	1	0	3	7	
2026-05-22 09:20:00	58.12266	17.43786	13	3	0	1	610	0	0	0.014	13.6	13	10.135	8.78	1022.4	10.6	95	205	1	3	3.7	1	0	3	7	
2026-05-22 09:35:00	58.11984	17.44062	41	4	0	1	630	0	0	0.014	13.3	13	10.103	8.85	1022.5	10.5	95	200	1	2.9	3.4	1	0	3	7	
2026-05-22 09:50:00	58.11738	17.44311	11	5	0	1	600	0	0	0.014	13.6	13	9.99	8.89	1022.5	10.6	95	205	1	3.4	4.2	1	0	3	7	
2026-05-22 10:05:00	58.11507	17.44524	11	6	0	1	600	0	0	0.014	13.3	13	10.022	8.91	1022.5	10.8	95	205	1	2.3	2.9	1	0	3	7	
2026-05-22 10:20:00	58.11315	17.44773	11	7	0	1	600	0	0	0.014	13.2	14	10.078	8.95	1022.6	11	94	205	1	2.9	3.6	1	0	3	7	
2026-05-22 10:35:00	58.11108	17.45049	11	8	0	1	600	0	0	0.014	13.4	14	9.931	8.97	1022.5	11.1	93	205	1	2.6	3.4	1	0	3	7	
2026-05-22 10:50:00	58.10946	17.45373	12	9	0	1	600	0	0	0.016	13.3	15	9.9	8.98	1022.6	11.1	93	195	1	2.8	3.4	1	0	3	7	
2026-05-22 11:20:00	58.10769	17.46126	13	11	0	3	610	0	0	0.016	13.3	15	9.944	9	1022.5	10.8	94	190	1	3.3	4.2	1	0	3	7	
2026-05-22 11:35:00	58.10649	17.46711	12	12	0	1	610	0	0	0.016	13.4	15	9.922	8.99	1022.5	10.7	95	190	1	3.8	4.6	1	0	3	7	
2026-05-22 11:50:00	58.10538	17.47242	13	13	0	1	610	0	0	0.016	13.3	15	9.953	9.01	1022.6	10.7	95	190	1	3.9	4.8	1	0	3	7	
2026-05-22 12:05:00	58.10457	17.47857	40	14	0	1	630	0	0	0.014	13.2	15	9.951	9.01	1022.7	10.8	94	190	1	3.8	5	1	0	3	7	
2026-05-22 12:20:00	58.10388	17.48451	11	15	0	1	600	0	0	0.016	13.4	14	9.979	9.01	1022.6	10.8	94	195	1	3.6	4.6	1	0	3	7	
2026-05-22 12:35:00	58.1037	17.49033	11	16	0	1	600	0	0	0.014	13.3	14	9.978	9.01	1022.7	10.8	94	195	1	3.5	4.5	1	0	3	7	
2026-05-22 12:50:00	58.10355	17.49642	11	17	0	3	600	0	0	0.016	13.2	14	9.994	9.01	1022.6	11	93	195	1	3.5	4.3	1	0	3	7	
2026-05-22 13:05:00	58.10367	17.50188	11	18	0	1	600	0	0	0.014	13.5	14	10.051	9.02	1022.6	11.1	92	200	1	3.2	4.5	1	0	3	7	
2026-05-22 13:20:00	58.10376	17.50827	11	19	0	1	600	0	0	0.014	13.3	14	10.201	9.05	1022.7	11.2	92	200	1	3.9	4.9	1	0	3	7	
2026-05-22 13:35:00	58.10367	17.51448	11	20	0	1	600	0	0	0.014	13.3	14	10.16	9.02	1022.8	11.2	92	195	1	3.9	4.7	1	0	3	7	
2026-05-22 13:50:00	58.10775	17.52	12	21	0	1	600	0	0	0.014	13.5	14	10.181	9.04	1022.8	11.1	92	195	1	4	4.8	1	0	3	7	
2026-05-22 14:05:00	58.11426	17.52552	13	22	0	2	610	0	0	0.014	13.3	15	10.052	9.02	1022.7	11.1	92	195	1	4.3	5.3	1	0	3	7	
2026-05-22 14:20:00	58.12011	17.5323	12	23	0	1	600	0	0	0.014	13.2	15	9.996	9.02	1022.7	11	93	195	1	4.3	5.4	1	0	3	7	
2026-05-22 14:35:00	58.12179	17.52915	12	24	0	1	600	0	0	0.014	13.8	14	9.923	9	1022.7	11	93	195	1	4.1	5.2	1	0	3	7	
2026-05-22 14:50:00	58.12392	17.52678	12	25	0	1	600	0	0	0.014	13.3	14	9.939	9.01	1022.7	11.2	92	200	1	4.2	5.3	1	0	3	7	
2026-05-22 15:05:00	58.12545	17.52306	41	26	0	1	630	0	0	0.016	13.3	14	10.078	9.04	1022.6	11.2	92	200	1	4.2	5.4	1	0	3	7	
2026-05-22 15:20:00	58.12707	17.51949	11	27	0	2	600	0	0	0.014	13.4	13	10.028	9.03	1022.7	11.3	91	200	1	4.8	5.3	1	0	3	7	
2026-05-22 15:35:00	58.12665	17.52492	11	28	0	1	600	0	0	0.014	13.6	13	10.04	9.03	1022.7	11.3	91	205	1	4	5	1	0	3	7	
2026-05-22 16:05:00	58.12896	17.52528	12	30	0	3	600	0	0	0.014	13.4	13	9.966	9.02	1022.6	11.4	91	205	1	4.3	5.1	1	0	3	7	
2026-05-22 16:20:00	58.12788	17.53026	12	31	0	1	610	0	0	0.014	13.7	13	9.997	9.02	1022.6	11.4	91	210	1	3.8	4.7	1	0	3	7	
2026-05-22 16:35:00	58.12692	17.53551	12	32	0	1	600	0	0	0.016	13.3	13	9.945	9.01	1022.4	11.3	91	210	1	4	4.8	1	0	3	7	
2026-05-22 16:50:00	58.12806	17.53584	11	33	0	1	600	0	0	0.014	13.3	13	9.932	9.01	1022.6	11.2	92	210	1	3.5	4.5	1	0	3	7	
2026-05-22 17:05:00	58.12938	17.53608	41	34	0	1	630	0	0	0.014	13.3	13	9.919	9	1022.5	11.3	91	210	1	3.4	4.2	1	0	3	7	
2026-05-22 17:20:00	58.12854	17.54049	11	35	0	1	600	0	0	0.014	13.4	13	9.899	9	1022.5	11.1	92	215	1	3.1	4	1	0	3	7	
2026-05-22 17:35:00	58.13043	17.53926	12	36	0	2	600	0	0	0.014	13.3	13	9.854	8.99	1022.7	11.1	92	210	1	2.6	3.4	1	0	3	7	
2026-05-22 17:50:00	58.13115	17.54127	11	37	0	1	600	0	0	0.016	13.3	13	9.846	8.99	1022.7	11.2	91	210	1	2.5	3.3	1	0	3	7	
2026-05-22 18:05:00	58.13055	17.54541	11	38	0	1	600	0	0	0.014	13.3	13	9.876	8.99	1022.7	11.3	91	220	1	2.4	3.1	1	0	3	7	
2026-05-22 18:20:00	58.12944	17.54886	11	39	0	1	600	0	0	0.014	13.3	12	9.874	8.98	1022.8	11.4	91	220	1	2.9	3.9	1	0	3	7	
2026-05-22 18:35:00	58.12824	17.5521	12	40	0	1	600	0	0	0.014	13.3	13	9.87	8.98	1022.8	11.2	91	210	1	2.3	2.7	1	0	3	7	
2026-05-22 18:50:00	58.12737	17.55516	12	41	0	1	600	0	0	0.016	13.2	12	9.882	8.98	1022.8	11	92	225	1	2.5	3.4	1	0	3	7	
2026-05-22 19:05:00	58.12617	17.55828	12	42	0	1	600	0	0	0.016	13.2	12	9.939	8.99	1023.1	10.9	93	220	1	2.8	3.6	1	0	3	7	
2026-05-22 19:20:00	58.12494	17.56119	12	43	0	1	600	0	0	0.016	13.2	12	9.879	8.96	1023.2	11	93	220	1	2.3	2.8	1	0	3	7	
2026-05-22 19:35:00	58.12368	17.56398	12	44	0	1	600	0	0	0.016	13.2	12	9.801	8.96	1023.3	11	93	230	1	2.7	3.5	1	0	3	7	
2026-05-22 20:05:00	58.12524	17.56398	40	46	0	3	630	0	0	0.014	13.2	12	9.845	8.97	1023.3	11	92	225	1	3	3.6	1	0	3	7	
2026-05-22 20:20:00	58.12338	17.56599	12	47	0	1	600	0	0	0.014	13.2	12	9.797	8.95	1023.4	10.9	93	220	1	2.4	3.1	1	0	3	7	
2026-05-22 20:50:00	58.11927	17.56983	11	49	0	3	600	0	0	0.016	13.2	12	9.988	8.98	1023.3	11.4	90	235	1	3.1	3.7	1	0	3	7	
2026-05-22 21:05:00	58.11747	17.57157	11	50	0	1	600	0	0	0.016	13.2	12	10.048	8.99	1023.3	11.4	91	240	1	3.2	3.8	1	0	3	7	
2026-05-22 21:20:00	58.11546	17.57319	11	51	0	1	600	0	0	0.014	13.2	12	10.062	8.96	1023.3	11.4	91	235	1	2.7	3.2	1	0	3	7	
2026-05-22 21:35:00	58.11378	17.57427	12	52	0	1	600	0	0	0.014	13.2	12	10.078	8.95	1023.4	11.3	91	235	1	3	3.9	1	0	3	7	
2026-05-22 21:50:00	58.11234	17.57562	12	53	0	2	600	0	0	0.016	13.2	12	10.064	8.93	1023.3	11.6	90	235	1	2.6	3.3	1	0	3	7	
2026-05-22 22:20:00	58.10784	17.57754	13	55	0	3	630	0	0	0.014	13.2	12	10.026	8.89	1023.4	11.7	89	255	1	3.5	4.2	1	0	3	7	
2026-05-22 22:35:00	58.1052	17.57748	12	56	0	2	600	0	0	0.016	13.2	12	10.04	8.88	1023.4	11.8	88	260	1	5	5.6	1	0	3	7	
2026-05-22 22:50:00	58.10196	17.57637	11	57	0	1	600	0	0	0.016	13.2	12	10.05	8.88	1023.4	12.2	86	260	1	4.3	5.1	1	0	3	7	
2026-05-22 23:05:00	58.09941	17.57493	11	58	0	1	600	0	0	0.014	13.2	12	9.956	8.84	1023.5	11.8	88	260	1	3.9	4.7	1	0	3	7	
2026-05-22 23:20:00	58.09773	17.57625	11	59	0	1	600	0	0	0.014	13.2	12	9.837	8.79	1023.5	11.6	88	255	1	3.2	3.8	1	0	3	7	
2026-05-22 23:35:00	58.09644	17.57778	11	0	0	1	600	0	0	0.014	13.2	12	9.766	8.76	1023.6	11.6	88	260	1	3.7	4.6	1	0	3	7	
2026-05-22 23:50:00	58.09479	17.57856	11	1	0	1	600	0	0	0.014	13.2	12	9.746	8.75	1023.7	11.3	90	260	1	3.5	4.3	1	0	3	7	
2026-05-23 00:05:00	58.09308	17.57928	12	2	0	1	600	0	0	0.016	13.2	12	9.771	8.75	1023.7	11.4	90	260	1	3.6	4.5	1	0	3	7	
2026-05-23 00:20:00	58.09155	17.58015	11	3	0	1	600	0	0	0.016	13.2	12	9.799	8.77	1023.8	11.2	91	255	1	3.4	4.3	1	0	3	7	
2026-05-23 00:35:00	58.08963	17.58141	11	4	0	1	600	0	0	0.014	13.2	12	9.836	8.78	1023.7	11.3	90	260	1	3.6	4.3	1	0	3	7	
2026-05-23 00:50:00	58.08816	17.58231	11	5	0	1	600	0	0	0.016	13.2	12	9.864	8.8	1023.7	11.2	91	250	1	3.3	4.1	1	0	3	7	
2026-05-23 01:05:00	58.08702	17.58324	12	6	0	2	600	0	0	0.016	13.2	12	9.872	8.81	1023.7	11.1	91	255	1	3.8	4.8	1	0	3	7	
2026-05-23 01:20:00	58.08552	17.58426	12	7	0	1	600	0	0	0.016	13.2	12	9.88	8.82	1023.7	11	92	250	1	3.1	4	1	0	3	7	
2026-05-23 01:35:00	58.08399	17.58531	14	8	0	1	640	0	0	0.014	13.2	12	9.889	8.83	1023.7	10.9	92	255	1	3.8	4.9	1	0	3	7	
2026-05-23 01:50:00	58.08246	17.58681	11	9	0	1	600	0	0	0.016	13.2	12	9.892	8.85	1023.8	10.9	92	260	1	3.9	4.7	1	0	3	7	
2026-05-23 02:05:00	58.08117	17.58759	11	10	0	1	600	0	0	0.014	13.2	12	9.88	8.87	1023.8	10.9	92	255	1	3.3	3.9	1	0	3	7	
2026-05-23 02:35:00	58.07874	17.59113	13	12	0	3	600	0	0	0.014	13.2	12	9.848	8.9	1023.7	11	92	255	1	3.3	4.4	1	0	3	7	
2026-05-23 02:50:00	58.0779	17.59305	11	13	0	1	600	0	0	0.016	13.2	12	9.828	8.91	1023.7	10.8	93	245	1	3.3	4.3	1	0	3	7	
2026-05-23 03:05:00	58.07688	17.59548	13	14	0	1	600	0	0	0.014	13.2	12	9.809	8.93	1023.7	10.7	93	245	1	3.2	4.3	1	0	3	7	
2026-05-23 03:20:00	58.07592	17.59845	12	15	0	1	600	0	0	0.016	13.2	12	9.804	8.93	1023.7	10.7	93	245	1	2.9	3.7	1	0	3	7	
2026-05-23 03:35:00	58.07538	17.60115	12	16	0	2	630	0	0	0.014	13.3	12	9.754	8.93	1023.9	10.7	94	250	1	3.6	4.2	1	0	3	7	
2026-05-23 03:50:00	58.07391	17.60448	13	17	0	1	600	0	0	0.014	13.3	12	9.616	8.91	1023.9	10.7	94	250	1	3.8	4.5	1	0	3	7	
2026-05-23 04:05:00	58.07229	17.6076	11	18	0	1	600	0	0	0.014	13.3	12	9.538	8.89	1023.9	10.7	94	245	1	2.9	4	1	0	3	7	
2026-05-23 04:20:00	58.07121	17.61084	12	19	0	1	600	0	0	0.014	13.3	12	9.557	8.9	1023.8	10.7	94	240	1	2.9	3.9	1	0	3	7	
2026-05-23 04:35:00	58.07052	17.61498	12	20	0	1	600	0	0	0.014	13.4	12	9.62	8.91	1023.8	10.7	94	245	1	3.2	3.9	1	0	3	7	
2026-05-23 04:50:00	58.07028	17.61933	11	21	0	1	600	0	0	0.014	13.3	12	9.617	8.91	1023.8	10.6	95	235	1	3.5	4.2	1	0	3	7	
2026-05-23 05:05:00	58.06905	17.62428	12	22	0	3	600	0	0	0.016	13.4	12	9.529	8.87	1023.8	10.5	95	235	1	3.2	3.9	1	0	3	7	
2026-05-23 05:20:00	58.06797	17.62851	12	23	0	1	600	0	0	0.014	13.5	13	9.53	8.87	1023.8	10.5	95	230	1	3.1	3.9	1	0	3	7	
2026-05-23 05:35:00	58.07031	17.62962	13	24	0	1	600	0	0	0.016	13.5	12	9.544	8.87	1023.8	10.6	95	230	1	4.1	4.8	1	0	3	7	
2026-05-23 05:50:00	58.07286	17.62899	12	25	0	1	600	0	0	0.014	13.5	13	9.587	8.89	1023.8	10.3	95	215	1	3.3	3.9	1	0	3	7	
2026-05-23 06:05:00	58.07481	17.62824	40	26	0	1	630	0	0	0.014	13.4	13	9.665	8.9	1023.8	10.4	96	200	1	3.3	4	1	0	3	7	
2026-05-23 06:20:00	58.0764	17.62686	11	27	0	1	600	0	0	0.014	13.4	13	9.758	8.94	1023.8	10.4	96	200	1	3.2	3.6	1	0	3	7	
2026-05-23 06:35:00	58.07775	17.62509	11	28	0	1	600	0	0	0.014	13.5	13	9.778	8.94	1023.7	10.4	96	200	1	3.8	4.5	1	0	3	7	
2026-05-23 07:05:00	58.08024	17.62197	12	30	0	3	600	0	0	0.014	13.5	13	9.897	8.97	1023.9	10.7	96	210	1	3.8	4.6	1	0	3	7	
2026-05-23 07:20:00	58.08198	17.62017	12	31	0	1	600	0	0	0.014	13.6	13	10.01	8.99	1023.9	10.9	96	215	1	5.3	6.5	1	0	3	7	
2026-05-23 07:35:00	58.08432	17.61651	12	32	0	1	600	0	0	0.014	13.8	13	10.073	8.99	1023.8	10.8	96	195	1	4	4.8	1	0	3	7	
2026-05-23 07:50:00	58.08537	17.61387	14	33	0	2	610	0	0	0.014	13.4	13	10.12	8.99	1023.7	10.7	96	200	1	3.8	4.5	1	0	3	7	
2026-05-23 08:05:00	58.08672	17.61231	15	34	0	1	610	0	0	0.016	13.3	14	10.14	8.95	1023.7	10.7	96	195	1	3.8	4.8	1	0	3	7	
2026-05-23 08:20:00	58.0875	17.61048	13	35	0	1	620	0	0	0.014	13.2	14	10.232	8.93	1023.7	10.7	96	195	1	3.9	5.1	1	0	3	7	
2026-05-23 08:35:00	58.08825	17.60838	13	36	0	1	610	0	0	0.016	13.4	14	10.268	8.9	1023.7	11.2	96	195	1	4.4	5.3	1	0	3	7	
2026-05-23 08:50:00	58.08951	17.60559	17	37	0	1	640	0	0	0.016	13.3	14	10.209	8.86	1023.5	11.1	95	200	1	4.1	5.2	1	0	3	7	
2026-05-23 09:05:00	58.09038	17.60418	11	38	0	1	600	0	0	0.014	13.2	14	10.226	8.84	1023.5	11.4	95	190	1	4.4	5.3	1	0	3	7	
2026-05-23 09:20:00	58.09107	17.60175	11	39	0	1	600	0	0	0.014	13.4	14	10.288	8.85	1023.5	11.5	95	205	1	5.2	6.4	1	0	3	7	
2026-05-23 09:35:00	58.09242	17.59833	12	40	0	1	600	0	0	0.014	13.3	14	10.346	8.84	1023.3	11.5	94	205	1	4.7	6	1	0	3	7	
2026-05-23 09:50:00	58.0938	17.59518	12	41	0	3	600	0	0	0.016	13.2	14	10.493	8.82	1023.2	11.6	94	200	1	4.1	5	1	0	3	7	
2026-05-23 10:05:00	58.095	17.59347	11	42	0	1	600	0	0	0.014	13.4	14	10.55	8.8	1023	11.7	94	200	1	4.7	5.8	1	0	3	7	
2026-05-23 10:20:00	58.09635	17.58969	11	43	0	1	600	0	0	0.014	13.3	14	10.55	8.79	1022.9	11.6	94	200	1	4.7	5.7	1	0	3	7	
2026-05-23 10:35:00	58.09755	17.58627	12	44	0	1	640	0	0	0.016	13.2	14	10.593	8.79	1022.8	12	93	200	1	5.1	6.1	1	0	3	7	
2026-05-23 11:05:00	58.1004	17.5791	11	46	0	3	600	0	0	0.014	13.3	14	10.831	8.76	1022.5	12.4	92	195	1	5.8	6.9	1	0	3	7	
2026-05-23 11:20:00	58.10121	17.57409	11	47	0	1	600	0	0	0.014	13.2	14	10.91	8.75	1022.4	12.3	92	190	1	5	6.3	1	0	3	7	
2026-05-23 11:50:00	58.1031	17.56545	12	49	0	3	600	0	0	0.016	13.3	14	11.016	8.72	1022.3	12.3	92	185	1	5.4	6.6	1	0	3	7	
2026-05-23 12:05:00	58.10433	17.5626	12	50	0	1	600	0	0	0.014	13.2	14	11.141	8.68	1022.1	12.2	93	190	1	5.6	7.1	1	0	3	7	
2026-05-23 12:20:00	58.10538	17.55807	11	51	0	1	600	0	0	0.014	13.5	14	11.097	8.67	1022	12.2	93	185	1	5.8	6.7	1	0	3	7	
2026-05-23 12:35:00	58.10607	17.55399	11	52	0	1	600	0	0	0.014	13.3	14	11.092	8.68	1021.8	12.1	93	180	1	5.6	7	1	0	3	7	
2026-05-23 12:50:00	58.10628	17.54988	11	53	0	2	600	0	0	0.016	13.2	14	11.046	8.65	1021.7	12.3	93	180	1	5.7	7.1	1	0	3	7	
2026-05-23 13:05:00	58.10637	17.54535	11	54	0	1	600	0	0	0.014	13.6	14	11.125	8.65	1021.4	12.5	92	180	1	6.5	8.2	1	0	3	7	
2026-05-23 13:20:00	58.10625	17.54076	12	55	0	1	640	0	0	0.014	13.3	14	11.118	8.64	1021.3	12.4	93	185	1	5.8	7.3	1	0	3	7	
2026-05-23 13:35:00	58.10706	17.53647	12	56	0	1	600	0	0	0.016	13.3	14	11.108	8.62	1021.1	12.5	92	190	1	5.9	7.2	1	0	3	7	
2026-05-23 13:50:00	58.10796	17.53257	11	57	0	1	600	0	0	0.014	13.6	14	11.135	8.59	1020.9	12.6	92	190	1	6.1	7.3	1	0	3	7	
2026-05-23 14:05:00	58.1091	17.52774	11	58	0	1	600	0	0	0.016	13.3	14	11.167	8.54	1020.8	12.6	91	190	1	5.8	7.4	1	0	3	7	
2026-05-23 14:20:00	58.10961	17.52273	11	59	0	1	600	0	0	0.016	13.3	14	11.15	8.52	1020.7	12.5	91	205	1	5.6	6.8	1	0	3	7	
2026-05-23 14:35:00	58.11144	17.51964	12	0	0	1	600	0	0	0.014	13.7	14	11.155	8.5	1020.6	12.6	91	200	1	5.1	6.1	1	0	3	7	
2026-05-23 14:50:00	58.11267	17.5164	11	1	0	1	600	0	0	0.014	13.6	14	11.149	8.49	1020.4	12.4	91	205	1	3.1	4.4	1	0	3	7	
2026-05-23 15:05:00	58.11384	17.51439	11	2	0	2	600	0	0	0.016	13.3	14	11.131	8.47	1020.1	12.5	91	200	1	4	5.1	1	0	3	7	
2026-05-23 15:50:00	58.11684	17.50851	11	5	0	0	600	0	0	0.016	13.3	14	11.025	8.43	1019.7	13.6	87	220	1	4.7	5.8	1	0	3	7	
2026-05-23 16:05:00	58.11813	17.5059	40	6	0	1	630	0	0	0.016	13.3	14	10.991	8.41	1019.5	13.4	88	220	1	4.4	5.2	1	0	3	7	
2026-05-23 16:20:00	58.11885	17.50422	11	7	0	1	600	0	0	0.014	13.4	14	10.952	8.39	1019.3	13.7	86	220	1	4.6	5.6	1	0	3	7	
2026-05-23 16:35:00	58.12038	17.50185	11	8	0	1	600	0	0	0.014	13.4	14	10.919	8.38	1019.2	14	84	225	1	4.9	6.2	1	0	3	7	
2026-05-23 16:50:00	58.11801	17.50539	12	9	0	1	600	0	0	0.016	13.6	13	10.954	8.38	1019	14.3	83	225	1	5.2	6.1	1	0	3	7	
2026-05-23 17:05:00	58.11345	17.51106	12	10	0	2	600	0	0	0.014	13.5	14	11.023	8.4	1019.1	14.4	82	230	1	5.4	6.4	1	0	3	7	
2026-05-23 17:20:00	58.10913	17.51688	11	11	0	2	600	0	0	0.014	13.4	13	11.111	8.44	1019.2	14.4	82	225	1	5.3	6.4	1	0	3	7	
2026-05-23 17:35:00	58.10514	17.5227	12	12	0	3	600	0	0	0.014	13.6	13	11.161	8.47	1019	14.5	80	225	1	5.6	6.7	1	0	3	7	
2026-05-23 17:50:00	58.10067	17.52879	13	13	0	1	600	0	0	0.014	13.9	13	11.051	8.52	1018.9	14.3	81	230	1	5.5	6.4	1	0	3	7	
2026-05-23 18:05:00	58.0959	17.5347	12	14	0	1	600	0	0	0.014	13.8	13	10.924	8.62	1018.8	14.2	82	230	1	4.8	6	1	0	3	7	
2026-05-23 18:20:00	58.09221	17.541	14	15	0	1	610	0	0	0.014	13.5	13	10.6	8.67	1018.7	13.5	84	215	1	4.5	5.7	1	0	3	7	
2026-05-23 18:35:00	58.08894	17.54832	13	16	0	1	610	0	0	0.014	13.3	13	10.742	8.8	1018.6	13.5	85	220	1	4.7	6	1	0	3	7	
2026-05-23 18:50:00	58.0854	17.55618	35	17	0	1	630	0	0	0.016	13.3	13	10.649	8.94	1018.6	13.1	87	220	1	4.6	5.7	1	0	3	7	
2026-05-23 19:05:00	58.0824	17.5626	12	18	0	1	600	0	0	0.014	13.2	13	10.561	9.07	1018.7	13.1	87	215	1	4.6	5.6	1	0	3	7	
2026-05-23 19:20:00	58.07961	17.56923	11	19	0	1	600	0	0	0.014	13.2	13	10.499	9.09	1018.8	13.2	87	225	1	4.4	5.7	1	0	3	7	
2026-05-23 19:35:00	58.07724	17.57496	12	20	0	1	600	0	0	0.016	13.2	13	10.375	9.08	1018.7	12.5	89	220	1	4.2	5.3	1	0	3	7	
2026-05-23 19:50:00	58.07478	17.58108	12	21	0	1	600	0	0	0.016	13.2	13	10.267	9.05	1018.7	12.5	90	225	1	4.4	5.3	1	0	3	7	
2026-05-23 20:05:00	58.07157	17.58669	14	22	0	1	610	0	0	0.014	13.2	13	10.204	9.04	1018.8	12.7	89	235	1	4.5	5.4	1	0	3	7	
2026-05-23 20:35:00	58.06578	17.59764	13	24	0	3	610	0	0	0.016	13.2	13	9.888	8.96	1018.8	12.6	89	225	1	4.6	5.5	1	0	3	7	
2026-05-23 21:05:00	58.05993	17.60499	15	26	0	3	610	0	0	0.014	13.2	13	9.687	8.88	1018.8	13.5	86	250	1	6	7	1	0	3	7	
2026-05-23 21:20:00	58.0557	17.60613	14	27	0	1	610	0	0	0.014	13.2	12	9.698	8.87	1018.6	12.4	89	245	1	4.2	4.9	1	0	3	7	
2026-05-23 21:50:00	58.04892	17.61102	14	29	0	3	610	0	0	0.014	13.2	12	9.778	8.89	1018.8	12	91	250	1	4.8	5.7	1	0	3	7	
2026-05-23 22:20:00	58.04121	17.6127	11	31	0	3	600	0	0	0.016	13.2	12	9.59	8.82	1018.7	12.1	90	260	1	3.5	4.7	1	0	3	7	
2026-05-23 22:50:00	58.03458	17.61492	11	33	0	3	600	0	0	0.014	13.2	12	9.505	8.76	1018.8	12.6	88	255	1	5.3	6.5	1	0	3	7	
2026-05-23 23:05:00	58.0311	17.61504	12	34	0	1	600	0	0	0.014	13.2	12	9.612	8.79	1018.8	12.2	89	255	1	4.8	6.3	1	0	3	7	
2026-05-23 23:20:00	58.02732	17.61525	11	35	0	1	600	0	0	0.016	13.2	12	9.681	8.81	1018.8	11.8	91	255	1	4.3	5.4	1	0	3	7	
2026-05-23 23:35:00	58.02444	17.61546	11	36	0	3	180	0	0	0.014	13.2	12	9.709	8.82	1018.9	12.1	89	260	1	4.7	6	1	1	3	0	
2026-05-23 23:40:00	58.02327	17.61498	11	37	0	1	600	0	0	0.016	13.2	12	9.739	8.82	1018.9	12.4	86	265	1	5.6	6.5	1	0	3	7	
2026-05-23 23:55:00	58.01931	17.61357	12	38	0	1	600	0	0	0.014	13.2	12	9.746	8.83	1018.8	11.7	90	250	1	4.4	5.3	1	0	3	7	
2026-05-24 00:10:00	58.01598	17.61309	13	39	0	1	600	0	0	0.016	13.2	12	9.686	8.82	1018.9	11.8	91	255	1	4.7	5.9	1	0	3	7	
2026-05-24 00:25:00	58.01247	17.61201	12	40	0	1	600	0	0	0.016	13.2	12	9.63	8.8	1018.9	11.6	91	265	1	4	5	1	0	3	7	
2026-05-24 00:40:00	58.00872	17.61063	13	41	0	1	610	0	0	0.014	13.2	12	9.52	8.78	1019	11.7	88	260	1	5.2	6.2	1	0	3	7	
2026-05-24 00:55:00	58.0044	17.60859	14	42	0	1	610	0	0	0.016	13.2	12	9.467	8.77	1019	12.1	86	260	1	5.6	7.2	1	0	3	7	
2026-05-24 01:10:00	58.00002	17.60598	13	43	0	1	610	0	0	0.014	13.2	12	9.488	8.78	1019.2	11.6	89	260	1	3.6	5.1	1	0	3	7	
2026-05-24 01:55:00	57.98895	17.60169	13	46	0	3	610	0	0	0.014	13.2	12	9.546	8.8	1019.3	11.6	89	255	1	5.2	6.8	1	0	3	7	
2026-05-24 02:25:00	57.98094	17.59704	12	48	0	3	600	0	0	0.016	13.2	12	9.781	8.89	1019.3	11.6	89	260	1	5.2	6	1	0	3	7	
2026-05-24 02:55:00	57.97338	17.59272	13	50	0	3	600	0	0	0.014	13.2	12	9.891	8.97	1019.3	11.7	89	260	1	5.7	7.1	1	0	3	7	
2026-05-24 03:10:00	57.96888	17.58984	12	51	0	1	600	0	0	0.014	13.2	12	9.839	8.99	1019.4	11.6	89	260	1	5.1	6.8	1	0	3	7	
2026-05-24 03:25:00	57.96513	17.58921	12	52	0	1	600	0	0	0.014	13.3	12	9.845	8.98	1019.5	11.5	90	260	1	4.9	6.1	1	0	3	7	
2026-05-24 03:40:00	57.96147	17.58711	33	53	0	1	620	0	0	0.014	13.3	12	9.742	8.94	1019.7	11.4	90	265	1	4.9	6	1	0	3	7	
2026-05-24 03:55:00	57.95805	17.58468	12	54	0	1	600	0	0	0.014	13.3	12	9.642	8.89	1019.7	11.3	90	270	1	5	5.9	1	0	3	7	
2026-05-24 04:10:00	57.95439	17.58258	13	55	0	1	610	0	0	0.014	13.4	12	9.443	8.8	1019.8	11.2	91	270	1	4.5	5.3	1	0	3	7	
2026-05-24 04:25:00	57.95151	17.58018	12	56	0	1	610	0	0	0.014	13.4	12	9.487	8.81	1019.8	11.1	91	265	1	4.3	5.5	1	0	3	7	
2026-05-24 04:40:00	57.94833	17.57805	12	57	0	1	610	0	0	0.014	13.4	12	9.518	8.81	1019.9	11	91	265	1	3.9	5	1	0	3	7	
2026-05-24 04:55:00	57.94569	17.57703	13	58	0	1	610	0	0	0.014	13.4	12	9.616	8.83	1020	11	92	275	1	4	4.9	1	0	3	7	
2026-05-24 05:10:00	57.94299	17.57481	13	59	0	1	610	0	0	0.014	13.5	12	9.756	8.86	1020.1	11	92	270	1	3.9	4.8	1	0	3	7	
2026-05-24 05:25:00	57.94044	17.57268	14	0	0	1	610	0	0	0.014	13.5	12	9.764	8.86	1020.2	11	92	275	1	3.6	4.8	1	0	3	7	
2026-05-24 05:40:00	57.93813	17.5695	14	1	0	1	610	0	0	0.014	13.5	12	9.789	8.86	1020.3	11.1	92	280	1	3.8	4.6	1	0	3	7	
2026-05-24 05:55:00	57.9357	17.56602	13	2	0	1	640	0	0	0.014	13.5	13	9.81	8.86	1020.2	11.1	92	285	1	3.7	4.6	1	0	3	7	
2026-05-24 06:10:00	57.93267	17.56227	12	3	0	1	600	0	0	0.016	13.5	13	9.845	8.87	1020.3	11.1	92	285	1	3.3	4.2	1	0	3	7	
2026-05-24 06:25:00	57.93066	17.5596	11	4	0	2	600	0	0	0.014	13.6	13	9.892	8.88	1020.4	11.1	92	280	1	3.2	4	1	0	3	7	
2026-05-24 06:40:00	57.92838	17.55645	12	5	0	1	600	0	0	0.014	13.8	13	9.89	8.88	1020.4	11.1	92	270	1	2.9	4.1	1	0	3	7	
2026-05-24 06:55:00	57.92592	17.55354	12	6	0	1	600	0	0	0.014	13.4	13	9.93	8.89	1020.6	11.2	92	275	1	3.6	4.5	1	0	3	7	
2026-05-24 07:10:00	57.92277	17.55054	13	7	0	1	600	0	0	0.014	13.3	13	9.939	8.89	1020.8	11.3	91	265	1	3	3.8	1	0	3	7	
2026-05-24 07:25:00	57.92022	17.54796	13	8	0	1	600	0	0	0.014	13.2	13	9.952	8.89	1021	11.6	89	280	1	2.6	3.6	1	0	3	7	
2026-05-24 07:40:00	57.91812	17.54514	15	9	0	1	640	0	0	0.016	13.5	13	9.924	8.88	1021.1	11.5	90	250	1	1.5	2.1	1	0	3	7	
2026-05-24 07:55:00	57.91683	17.54451	12	10	0	1	600	0	0	0.016	13.3	13	10.023	8.9	1021.2	11.5	91	245	1	1.6	2.3	1	0	3	7	
2026-05-24 08:10:00	57.91533	17.54328	11	11	0	1	180	0	0	0.014	13.3	13	10.051	8.91	1021.2	11.7	90	270	1	1.7	2.2	1	1	3	0	
2026-05-24 08:15:00	57.915	17.54301	11	12	0	1	600	0	0	0.016	13.3	13	10.041	8.91	1021.4	11.8	90	250	1	1.6	2.3	1	0	3	7	
2026-05-24 08:30:00	57.91374	17.54124	12	13	0	1	600	0	0	0.014	13.6	13	10.2	8.93	1021.5	11.9	89	255	1	1.3	1.8	1	0	3	7	
2026-05-24 08:45:00	57.91263	17.5404	11	14	0	1	600	0	0	0.014	13.3	14	10.294	8.97	1021.5	11.9	90	240	1	0.9	1.4	1	0	3	7	
2026-05-24 09:00:00	57.91212	17.53998	12	15	0	1	600	0	0	0.014	13.8	14	10.478	9	1021.5	11.7	91	225	1	1.9	2.5	1	0	3	7	
2026-05-24 09:15:00	57.91104	17.53995	12	16	0	1	610	0	0	0.014	13.8	14	10.587	9.02	1021.6	11.9	91	235	1	1.5	2	1	0	3	7	
2026-05-24 09:30:00	57.9105	17.53992	12	17	0	1	620	0	0	0.016	13.3	14	10.667	9.04	1021.6	12.2	89	240	1	2.7	3.5	1	0	3	7	
2026-05-24 09:45:00	57.90858	17.53926	34	18	0	1	620	0	0	0.014	13.3	14	10.773	9.08	1021.6	12.3	88	245	1	3.5	4.3	1	0	3	7	
2026-05-24 10:00:00	57.90597	17.53851	11	19	0	1	600	0	0	0.014	13.4	14	10.641	9.05	1021.7	12.5	86	250	1	3	3.9	1	0	3	7	
2026-05-24 10:15:00	57.9036	17.53764	11	20	0	1	600	0	0	0.016	13.7	14	10.66	9.06	1021.5	12.4	86	245	1	2.9	3.6	1	0	3	7	
2026-05-24 10:30:00	57.90198	17.5368	13	21	0	1	610	0	0	0.014	13.3	14	10.735	9.08	1021.7	12.2	88	250	1	2.6	4	1	0	3	7	
2026-05-24 10:45:00	57.90003	17.53503	18	22	0	2	620	0	0	0.014	13.3	14	10.763	9.09	1021.9	12.7	84	275	1	2.7	3.5	1	0	3	7	
2026-05-24 11:15:00	57.8967	17.53275	14	24	0	3	190	0	0	0.014	13.6	14	10.922	9.14	1021.9	12.4	87	255	1	2.6	3.5	1	1	3	0	
2026-05-24 11:20:00	57.8961	17.53266	12	25	0	1	600	0	0	0.016	13.6	14	10.917	9.14	1022	12.6	86	255	1	3.3	4	1	0	3	7	
2026-05-24 11:35:00	57.89427	17.53215	13	26	0	1	610	0	0	0.014	13.3	14	10.948	9.16	1022.1	12.7	86	250	1	2.4	3	1	0	3	7	
2026-05-24 11:50:00	57.89286	17.53227	13	27	0	1	620	0	0	0.014	13.3	14	11.039	9.19	1022.1	12.8	85	270	1	2.1	2.8	1	0	3	7	
2026-05-24 12:05:00	57.89157	17.53182	40	28	0	2	630	0	0	0.014	13.7	14	11.095	9.21	1022	12.7	86	245	1	2.8	3.4	1	0	3	7	
2026-05-24 12:20:00	57.89034	17.532	12	29	0	1	600	0	0	0.014	13.3	14	11.193	9.24	1022.1	12.8	86	265	1	2.2	2.7	1	0	3	7	
2026-05-24 12:35:00	57.88956	17.53242	11	30	0	1	600	0	0	0.014	13.2	15	11.227	9.24	1022.2	12.8	88	255	1	1.4	1.9	1	0	3	7	
2026-05-24 12:50:00	57.8889	17.53416	12	31	0	1	600	0	0	0.014	13.5	15	11.358	9.26	1022	12.9	87	240	1	1.9	2.3	1	0	3	7	
2026-05-24 13:05:00	57.8883	17.53548	12	32	0	1	600	0	0	0.014	13.3	16	11.552	9.3	1021.9	13	87	265	1	2	2.5	1	0	3	7	
2026-05-24 13:20:00	57.88722	17.53581	11	33	0	1	600	0	0	0.014	13.4	17	11.606	9.33	1022	13	86	260	1	2	2.6	1	0	3	7	
2026-05-24 13:35:00	57.8859	17.53647	12	34	0	1	610	0	0	0.014	13.3	17	11.502	9.3	1022	13	86	260	1	2.3	2.8	1	0	3	7	
2026-05-24 13:50:00	57.88479	17.53713	13	35	0	1	610	0	0	0.014	13.8	16	11.559	9.32	1022.3	13.4	84	295	1	1.6	2	1	0	3	7	
2026-05-24 14:05:00	57.88404	17.53755	12	36	0	1	610	0	0	0.014	13.3	16	11.57	9.33	1022.2	13.7	83	270	1	0.7	1.2	1	0	3	7	
2026-05-24 14:20:00	57.88455	17.53968	13	37	0	1	610	0	0	0.014	13.3	17	11.701	9.36	1022	14	79	285	1	2.2	2.7	1	0	3	7	
2026-05-24 14:35:00	57.88413	17.53914	13	38	0	1	610	0	0	0.014	13.8	17	11.743	9.37	1022.1	13.5	83	290	1	1.9	2.6	1	0	3	7	
2026-05-24 14:50:00	57.88353	17.5377	15	39	0	1	610	0	0	0.014	13.3	17	11.689	9.36	1022.2	13.5	82	290	1	2.9	3.3	1	0	3	7	
2026-05-24 15:05:00	57.88275	17.53548	14	40	0	1	610	0	0	0.016	13.3	16	11.672	9.35	1022.4	13.5	83	280	1	3	3.4	1	0	3	7	
2026-05-24 15:35:00	57.88065	17.53068	15	42	0	3	610	0	0	0.016	13.3	16	11.556	9.34	1022.2	13.3	84	290	1	2.4	3	1	0	3	7	
2026-05-24 15:50:00	57.87972	17.52951	14	43	0	1	610	0	0	0.014	13.2	16	11.51	9.34	1022.3	13.6	83	280	1	2.7	3.4	1	0	3	7	
2026-05-24 16:05:00	57.87894	17.52861	41	44	0	1	630	0	0	0.016	13.7	16	11.26	9.29	1022.3	13.3	84	275	1	2.6	3.1	1	0	3	7	
2026-05-24 16:20:00	57.87873	17.52855	12	45	0	1	600	0	0	0.014	13.3	15	11.27	9.29	1022.2	13	86	255	1	2.2	2.8	1	0	3	7	
2026-05-24 16:35:00	57.87795	17.53086	11	46	0	1	600	0	0	0.016	13.3	15	11.31	9.3	1022.2	13.2	85	285	1	1.1	1.7	1	0	3	7	
2026-05-24 16:50:00	57.8778	17.53224	12	47	0	1	600	0	0	0.016	13.3	15	11.31	9.3	1022.2	13.8	82	285	1	1.2	1.9	1	0	3	7	
2026-05-24 17:05:00	57.87807	17.53311	11	48	0	2	600	0	0	0.016	13.5	15	11.323	9.29	1022	14	80	285	1	1.4	1.9	1	0	3	7	
2026-05-24 17:20:00	57.87789	17.5338	11	49	0	1	600	0	0	0.014	13.7	15	11.329	9.31	1021.9	13.6	82	275	1	3	3.6	1	0	3	7	
2026-05-24 17:35:00	57.87717	17.53251	13	50	0	1	610	0	0	0.016	13.6	15	11.334	9.3	1021.9	13.7	81	290	1	3.6	4.2	1	0	3	7	
2026-05-24 17:50:00	57.87627	17.53011	13	51	0	2	630	0	0	0.016	13.5	15	11.305	9.29	1021.9	13.2	84	280	1	2.4	2.9	1	0	3	7	
2026-05-24 18:05:00	57.87543	17.52879	11	52	0	1	600	0	0	0.014	13.4	14	11.261	9.28	1022.1	12.7	87	270	1	2.2	2.8	1	0	3	7	
2026-05-24 18:50:00	57.87327	17.52813	11	55	0	3	600	0	0	0.014	13.3	14	11.253	9.27	1022.5	13.6	81	280	1	3.9	4.6	1	0	3	7	
2026-05-24 19:05:00	57.87198	17.52633	11	56	0	3	600	0	0	0.014	13.2	14	11.28	9.27	1022.4	13.6	81	285	1	5.1	5.9	1	0	3	7	
2026-05-24 19:20:00	57.87036	17.523	12	57	0	1	600	0	0	0.016	13.2	14	11.271	9.27	1022.4	13.2	83	275	1	3.4	4.6	1	0	3	7	
2026-05-24 19:35:00	57.86865	17.5215	11	58	0	2	610	0	0	0.014	13.2	14	11.256	9.27	1022.3	13.1	84	245	1	2.1	3	1	0	3	7	
2026-05-24 19:50:00	57.86775	17.52201	11	59	0	1	610	0	0	0.014	13.2	13	11.223	9.26	1022.4	12.6	87	265	1	2	2.6	1	0	3	7	
2026-05-24 20:05:00	57.867	17.52324	40	0	0	1	630	0	0	0.014	13.2	14	11.235	9.26	1022.4	13	84	260	1	2.8	3.6	1	0	3	7	
2026-05-24 20:20:00	57.86625	17.52462	12	1	0	1	600	0	0	0.014	13.2	13	11.231	9.27	1022.6	12.7	86	250	1	2.9	4.1	1	0	3	7	
2026-05-24 20:35:00	57.86466	17.52552	12	2	0	1	600	0	0	0.016	13.2	13	11.183	9.26	1022.6	13.6	80	260	1	4.5	5.4	1	0	3	7	
2026-05-24 20:50:00	57.86322	17.52546	12	3	0	1	600	0	0	0.014	13.2	13	11.122	9.25	1022.5	13.5	81	255	1	3.7	4.4	1	0	3	7	
2026-05-24 21:05:00	57.8613	17.52549	11	4	0	1	600	0	0	0.014	13.2	13	11.11	9.24	1022.6	12.8	86	245	1	3.3	4.1	1	0	3	7	
2026-05-24 21:20:00	57.85992	17.52654	11	5	0	1	600	0	0	0.014	13.2	13	11.117	9.25	1022.8	12.6	87	240	1	3	4.3	1	0	3	7	
2026-05-24 22:05:00	57.8538	17.52753	12	8	0	3	600	0	0	0.014	13.2	13	11.039	9.24	1022.7	13.3	82	260	1	5.2	6.5	1	0	3	7	
2026-05-24 22:20:00	57.85125	17.52669	13	9	0	2	610	0	0	0.014	13.2	13	11.048	9.23	1022.5	12.6	86	250	1	4.5	5.9	1	0	3	7	
2026-05-24 22:35:00	57.84921	17.52795	13	10	0	3	610	0	0	0.014	13.2	13	11.024	9.23	1022.7	12.6	86	245	1	4.4	5.9	1	0	3	7	
2026-05-24 22:50:00	57.84726	17.53113	14	11	0	2	640	0	0	0.014	13.2	13	11.037	9.24	1022.7	12.5	87	240	1	3.5	4.5	1	0	3	7	
2026-05-24 23:05:00	57.84525	17.53341	11	12	0	2	600	0	0	0.014	13.2	13	11.03	9.23	1022.6	12.6	86	255	1	4.4	5.3	1	0	3	7	
2026-05-24 23:20:00	57.84303	17.53476	11	13	0	1	600	0	0	0.016	13.2	13	10.999	9.21	1022.7	12.8	85	255	1	5.3	6.6	1	0	3	7	
2026-05-24 23:35:00	57.83982	17.53434	13	14	0	1	610	0	0	0.014	13.2	13	10.924	9.2	1022.7	12.8	85	265	1	6.1	7.1	1	0	3	7	
2026-05-24 23:50:00	57.83658	17.53365	12	15	0	1	600	0	0	0.014	13.2	13	10.811	9.18	1022.7	12.8	85	265	1	5.9	6.9	1	0	3	7	
2026-05-25 00:05:00	57.83337	17.5329	12	16	0	1	600	0	0	0.014	13.2	13	10.793	9.17	1022.7	12.9	84	265	1	6	7.2	1	0	3	7	
2026-05-25 00:20:00	57.83001	17.53185	12	17	0	1	600	0	0	0.014	13.2	13	10.837	9.18	1022.5	12.4	87	250	1	5	5.7	1	0	3	7	
2026-05-25 00:35:00	57.82719	17.5347	12	18	0	1	600	0	0	0.016	13.2	13	10.807	9.17	1022.5	12.1	89	250	1	5.1	6	1	0	3	7	
2026-05-25 00:50:00	57.82413	17.53605	12	19	0	1	600	0	0	0.014	13.2	13	10.706	9.14	1022.6	12.3	87	250	1	4.7	5.7	1	0	3	7	
2026-05-25 01:05:00	57.82137	17.53863	12	20	0	1	610	0	0	0.014	13.2	13	10.655	9.13	1022.6	12.4	87	260	1	5.4	6.7	1	0	3	7	
2026-05-25 01:20:00	57.81852	17.53884	13	21	0	1	180	0	0	0.016	13.2	13	10.615	9.12	1022.6	12.4	86	260	1	5.6	6.7	1	1	3	0	
2026-05-25 01:25:00	57.81726	17.53878	13	22	0	1	630	0	0	0.014	13.2	13	10.599	9.12	1022.6	12.5	86	265	1	5.6	6.6	1	0	3	7	
2026-05-25 01:40:00	57.81402	17.53836	13	23	0	1	600	0	0	0.014	13.2	13	10.541	9.1	1022.4	12	88	250	1	4.1	5.2	1	0	3	7	
2026-05-25 01:55:00	57.81159	17.53959	11	24	0	1	600	0	0	0.014	13.2	13	10.374	9.05	1022.6	11.9	89	250	1	4.4	5.3	1	0	3	7	
2026-05-25 02:10:00	57.80934	17.54127	12	25	0	1	600	0	0	0.016	13.2	13	10.273	9	1022.5	11.8	89	245	1	5.1	6	1	0	3	7	
2026-05-25 02:40:00	57.80292	17.54331	11	27	0	3	600	0	0	0.014	13.2	13	10.205	8.97	1022.6	11.8	89	250	1	5.5	6.2	1	0	3	7	
2026-05-25 02:55:00	57.80079	17.54592	12	28	0	1	600	0	0	0.014	13.2	13	10.103	8.93	1022.5	11.8	89	245	1	5.4	6.3	1	0	3	7	
2026-05-25 03:25:00	57.79413	17.54862	11	30	0	3	600	0	0	0.016	13.2	13	9.9	8.87	1022.7	11.8	88	250	1	5.6	6.8	1	0	3	7	
2026-05-25 03:40:00	57.79113	17.54916	41	31	0	1	630	0	0	0.014	13.3	13	9.892	8.86	1022.8	11.7	88	250	1	5.7	6.8	1	0	3	7	
2026-05-25 03:55:00	57.78768	17.54928	12	32	0	1	600	0	0	0.014	13.3	12	9.844	8.85	1022.7	11.4	90	255	1	5.1	6.2	1	0	3	7	
2026-05-25 04:10:00	57.78462	17.54928	12	33	0	1	600	0	0	0.014	13.3	12	9.837	8.84	1022.7	11.5	90	260	1	5.6	6.9	1	0	3	7	
2026-05-25 04:25:00	57.78075	17.54814	12	34	0	1	610	0	0	0.014	13.3	12	9.764	8.83	1022.7	11.5	90	260	1	5.6	6.4	1	0	3	7	
2026-05-25 04:40:00	57.77733	17.54721	12	35	0	2	600	0	0	0.014	13.4	12	9.78	8.83	1022.8	11.5	90	265	1	5.2	6.4	1	0	3	7	
2026-05-25 04:55:00	57.77451	17.54682	11	36	0	1	600	0	0	0.014	13.4	12	9.771	8.83	1022.9	11.5	90	265	1	5.1	5.8	1	0	3	7	
2026-05-25 05:10:00	57.77166	17.54508	12	37	0	2	600	0	0	0.014	13.5	12	9.779	8.83	1022.9	11.5	90	265	1	4.9	5.8	1	0	3	7	
2026-05-25 05:25:00	57.76848	17.54346	11	38	0	2	600	0	0	0.016	13.4	12	9.788	8.84	1023.2	11.5	90	260	1	4.8	6.3	1	0	3	7	
2026-05-25 05:40:00	57.76521	17.54166	11	39	0	1	600	0	0	0.014	13.5	12	9.805	8.84	1023.1	11.6	89	265	1	4.9	5.7	1	0	3	7	
2026-05-25 05:55:00	57.76152	17.53959	13	40	0	1	630	0	0	0.014	13.5	12	9.859	8.85	1023.2	11.7	88	270	1	5.4	6.4	1	0	3	7	
2026-05-25 06:10:00	57.75816	17.53662	12	41	0	1	600	0	0	0.016	13.5	13	9.895	8.86	1023.1	11.9	87	270	1	5.5	6.8	1	0	3	7	
2026-05-25 06:25:00	57.75453	17.53293	12	42	0	2	610	0	0	0.014	13.6	13	9.928	8.87	1023.3	11.8	88	275	1	5.1	6	1	0	3	7	
2026-05-25 06:55:00	57.74808	17.53023	12	44	0	3	610	0	0	0.014	13.7	13	9.941	8.88	1023.3	11.7	89	265	1	4.6	5.9	1	0	3	7	
2026-05-25 07:10:00	57.74487	17.5281	12	45	0	1	600	0	0	0.014	13.5	13	9.962	8.89	1023.5	11.8	88	275	1	4.3	5.4	1	0	3	7	
2026-05-25 07:25:00	57.74229	17.52564	13	46	0	1	610	0	0	0.014	13.3	13	9.951	8.89	1023.8	11.8	88	275	1	3.7	4.7	1	0	3	7	
2026-05-25 07:40:00	57.73983	17.52267	41	47	0	2	630	0	0	0.016	13.2	13	10	8.9	1024	11.7	89	280	1	2.9	3.8	1	0	3	7	
2026-05-25 07:55:00	57.73812	17.52057	11	48	0	3	600	0	0	0.014	13.5	13	9.974	8.9	1024	11.5	90	255	1	2.6	3.4	1	0	3	7	
2026-05-25 08:10:00	57.73689	17.5197	11	49	0	1	600	0	0	0.016	13.3	13	9.968	8.89	1024	11.4	91	250	1	2.1	3.2	1	0	3	7	
2026-05-25 08:25:00	57.73611	17.51949	11	50	0	1	600	0	0	0.014	13.7	13	9.92	8.88	1024	11.7	90	260	1	2.3	3.4	1	0	3	7	
2026-05-25 08:40:00	57.73509	17.51955	11	51	0	1	600	0	0	0.014	13.4	13	10.114	8.92	1024	11.7	90	250	1	2	3	1	0	3	7	
2026-05-25 08:55:00	57.73383	17.51931	12	52	0	1	600	0	0	0.014	13.7	13	10.113	8.92	1024.1	11.8	89	255	1	1.7	2.5	1	0	3	7	
2026-05-25 09:10:00	57.73335	17.51925	12	53	0	1	600	0	0	0.014	13.3	13	10.246	8.95	1023.9	11.6	91	195	1	2	2.5	1	0	3	7	
2026-05-25 09:25:00	57.73308	17.52099	12	54	0	1	600	0	0	0.014	13.5	14	10.41	8.99	1023.9	12.2	88	210	1	1.8	2.5	1	0	3	7	
2026-05-25 09:40:00	57.73218	17.52156	12	55	0	1	600	0	0	0.014	13.3	14	10.505	9.01	1024	12	89	235	1	1.6	2.1	1	0	3	7	
2026-05-25 09:55:00	57.732	17.52303	12	56	0	1	630	0	0	0.014	13.5	14	10.567	9.02	1023.9	12	89	230	1	2.4	3	1	0	3	7	
2026-05-25 10:10:00	57.7311	17.52336	12	57	0	1	600	0	0	0.014	13.3	15	10.532	9.01	1023.8	12.2	88	235	1	1.5	2.1	1	0	3	7	
2026-05-25 10:25:00	57.7311	17.52429	11	58	0	1	600	0	0	0.014	13.4	15	10.48	8.97	1023.7	12.5	87	230	1	1.2	1.8	1	0	3	7	
2026-05-25 10:40:00	57.73116	17.52432	12	59	0	1	180	0	0	0.014	13.5	15	10.691	9.04	1023.5	12.8	85	250	1	1.3	1.8	1	1	3	0	
2026-05-25 10:45:00	57.73107	17.52447	11	0	0	1	600	0	0	0.014	13.7	15	10.781	9.07	1023.4	12.7	87	205	1	2.2	3	1	0	3	7	
2026-05-25 11:00:00	57.7305	17.52546	12	1	0	1	600	0	0	0.016	13.3	16	10.911	9.09	1023.4	12.6	87	190	1	2.2	3.8	1	0	3	7	
2026-05-25 11:15:00	57.73068	17.52831	12	2	0	1	600	0	0	0.014	13.6	17	10.852	9.07	1023.1	12.2	89	195	1	2.9	3.6	1	0	3	7	
2026-05-25 11:30:00	57.72978	17.53062	12	3	0	1	600	0	0	0.014	13.3	17	10.872	9.08	1023	12.2	89	190	1	2.7	3.5	1	0	3	7	
2026-05-25 11:45:00	57.72894	17.53308	11	4	0	1	180	0	0	0.016	13.3	17	10.753	9.05	1023	12.3	89	195	1	2.6	3.5	1	1	3	0	
2026-05-25 11:50:00	57.7287	17.53398	12	5	0	1	600	0	0	0.014	13.3	17	10.785	9.07	1022.8	12.5	87	190	1	3.4	4.3	1	0	3	7	
2026-05-25 12:05:00	57.7278	17.5371	13	6	0	1	610	0	0	0.014	13.4	16	10.846	9.09	1022.9	12.5	89	190	1	2.9	3.9	1	0	3	7	
2026-05-25 12:20:00	57.72741	17.5398	24	7	0	1	640	0	0	0.014	13.3	16	10.897	9.1	1022.7	12.5	89	185	1	2.6	3.4	1	0	3	7	
2026-05-25 12:35:00	57.72957	17.5341	11	8	0	1	600	0	0	0.014	13.4	16	10.906	9.1	1022.5	12.5	90	195	1	2.7	3.2	1	0	3	7	
2026-05-25 12:50:00	57.73353	17.53062	11	9	0	1	600	0	0	0.014	13.3	16	10.951	9.11	1022.4	12.8	87	200	1	3.5	3.9	1	0	3	7	
2026-05-25 13:05:00	57.73737	17.53377	12	10	0	1	600	0	0	0.014	13.5	17	11.043	9.13	1022.2	12.9	86	195	1	4.1	5.5	1	0	3	7	
2026-05-25 13:20:00	57.73623	17.53749	12	11	0	1	190	0	0	0.014	13.3	16	10.974	9.13	1022.5	14.5	77	250	1	3.1	4.6	1	1	3	0	
2026-05-25 13:25:00	57.73542	17.53788	12	12	0	1	600	0	0	0.016	13.3	16	10.998	9.14	1022.1	15.1	74	280	1	4.7	6	1	0	3	7	
2026-05-25 13:40:00	57.73278	17.53419	12	13	0	1	600	0	0	0.014	13.2	15	10.993	9.14	1022	15.1	74	275	1	5.1	6.3	1	0	3	7	
2026-05-25 13:55:00	57.7302	17.52936	11	14	0	1	600	0	0	0.016	13.5	15	10.803	9.09	1022	14.6	77	280	1	4.1	5.2	1	0	3	7	
2026-05-25 14:10:00	57.72843	17.52531	11	15	0	1	600	0	0	0.014	13.6	14	10.706	9.06	1021.6	14.6	77	280	1	4.3	5.7	1	0	3	7	
2026-05-25 14:25:00	57.72693	17.52132	12	16	0	1	450	0	0	0.016	13.3	14	10.513	9	1021.5	13.9	81	285	1	2.7	3.6	1	1	3	4	
2026-05-25 14:35:00	57.72666	17.51961	11	17	0	1	200	0	0	0.016	13.3	15	10.51	9	1021.3	13.6	82	290	1	2.5	3.3	1	1	3	0	
2026-05-25 14:40:00	57.72654	17.51871	11	18	0	2	210	0	0	0.014	13.3	15	10.65	9.04	1021.3	13.5	83	290	1	2.3	3.1	1	1	3	0	
2026-05-25 14:45:00	57.72645	17.51805	11	19	0	1	220	0	0	0.016	13.2	15	10.664	9.04	1021.1	13.4	83	305	1	2.3	3	1	1	3	1	
2026-05-25 14:50:00	57.72642	17.51703	11	20	0	1	200	0	0	0.014	13.2	15	10.721	9.05	1021	13.3	84	305	1	2.2	2.9	1	1	3	0	
2026-05-25 14:55:00	57.72651	17.5161	12	21	0	3	210	0	0	0.014	13.2	15	10.817	9.07	1020.9	13.3	84	310	1	2.2	3	1	1	3	0	
2026-05-25 15:00:00	57.7266	17.51532	12	22	0	3	200	0	0	0.016	13.3	15	10.773	9.06	1020.9	13.2	85	305	1	1.5	2.3	1	1	3	0	
2026-05-25 15:05:00	57.72642	17.51472	12	23	0	1	210	0	0	0.014	13.2	15	10.801	9.06	1020.9	13.4	84	305	1	1.3	1.9	1	1	3	0	
2026-05-25 15:10:00	57.72627	17.51427	12	24	0	1	220	0	0	0.016	13.2	15	10.885	9.09	1020.8	13.5	84	305	1	1.6	2.2	1	1	3	0	
2026-05-25 15:15:00	57.72597	17.51397	41	25	0	1	230	0	0	0.016	13.2	15	10.974	9.11	1020.7	13.4	85	330	1	0.9	1.4	1	1	3	0	
2026-05-25 15:20:00	57.72606	17.51394	11	26	0	1	200	0	0	0.014	13.2	15	10.97	9.11	1020.7	13.4	85	335	1	1.1	1.9	1	1	3	0	
2026-05-25 15:25:00	57.72615	17.51382	11	27	0	1	200	0	0	0.016	13.2	15	11	9.11	1020.6	13.3	85	340	1	1	1.7	1	1	3	0	
2026-05-25 15:30:00	57.72597	17.51337	11	28	0	2	200	0	0	0.016	13.2	15	11.016	9.11	1020.6	13.3	85	345	1	1.3	1.9	1	1	3	0	
2026-05-25 15:35:00	57.72594	17.51265	11	29	0	1	220	0	0	0.014	13.2	15	11.023	9.11	1020.4	13.2	86	345	1	1.2	1.7	1	1	3	0	
2026-05-25 15:40:00	57.72588	17.51205	11	30	0	1	200	0	0	0.016	13.2	15	11.047	9.12	1020.4	13	87	335	1	1	1.6	1	1	3	0	
2026-05-25 15:45:00	57.72576	17.51211	12	31	0	1	200	0	0	0.016	13.2	15	11.052	9.11	1020.6	13.2	87	340	1	1	1.9	1	1	3	0	
2026-05-25 15:50:00	57.72582	17.5122	11	32	0	1	200	0	0	0.014	13.2	15	11.041	9.11	1020.4	13.2	86	0	1	0.4	1	1	1	3	0	
2026-05-25 15:55:00	57.72606	17.51235	11	33	0	1	200	0	0	0.016	13.2	15	11.07	9.12	1020.3	13.2	86	15	1	0.6	1.2	1	1	3	0	
2026-05-25 16:00:00	57.72621	17.51247	11	34	0	1	220	0	0	0.014	13.2	15	11.062	9.11	1020.4	13	87	0	1	0.7	1	1	1	3	0	
2026-05-25 16:05:00	57.72636	17.51256	11	35	0	1	200	0	0	0.014	13.2	15	11.065	9.12	1020.3	13	87	30	1	0.7	1.3	1	1	3	0	
2026-05-25 16:10:00	57.72648	17.51253	11	36	0	1	200	0	0	0.016	13.2	15	11.074	9.12	1020.4	13.3	86	320	1	0.7	1.3	1	1	3	0	
2026-05-25 16:15:00	57.72666	17.51265	12	37	0	2	200	0	0	0.014	13.2	15	11.075	9.12	1020.3	13.4	85	275	1	0.7	1.6	1	1	3	0	
2026-05-25 16:20:00	57.72687	17.51292	12	38	0	1	200	0	0	0.016	13.2	15	11.069	9.1	1020.3	13.4	85	270	1	1.1	1.8	1	1	3	0	
2026-05-25 16:25:00	57.72693	17.51328	12	39	0	1	220	0	0	0.014	13.2	15	11.084	9.12	1020.2	13.7	84	285	1	1	1.4	1	1	3	0	
2026-05-25 16:30:00	57.7272	17.51373	12	40	0	1	200	0	0	0.016	13.2	15	11.088	9.13	1020.2	13.5	85	270	1	1	1.7	1	1	3	0	
2026-05-25 16:35:00	57.72777	17.51415	12	41	0	1	200	0	0	0.014	13.2	15	11.177	9.15	1020.2	13.2	86	280	1	1.5	2.2	1	1	3	0	
2026-05-25 16:40:00	57.72843	17.51496	12	42	0	1	200	0	0	0.014	13.2	15	11.131	9.14	1020.4	13.3	86	260	1	1.7	2.4	1	1	3	0	
2026-05-25 16:45:00	57.72822	17.51613	12	43	0	1	200	0	0	0.016	13.2	15	10.883	9.07	1020.5	13.6	85	255	1	1.8	2.4	1	1	3	0	
2026-05-25 16:50:00	57.72786	17.51751	12	44	0	1	220	0	0	0.014	13.2	15	10.971	9.1	1020.4	14.2	81	310	1	2.2	3.2	1	1	3	0	
2026-05-25 16:55:00	57.72705	17.5191	12	45	0	1	200	0	0	0.014	13.2	15	10.976	9.1	1020.5	15	77	305	1	3	3.9	1	1	3	0	
2026-05-25 17:00:00	57.72606	17.52144	12	46	0	1	200	0	0	0.016	13.2	15	10.959	9.09	1020.3	14.8	78	300	1	3.8	4.9	1	1	3	0	
2026-05-25 17:05:00	57.72501	17.52072	12	47	0	1	200	0	0	0.016	13.2	15	10.997	9.1	1020.2	14.6	79	305	1	5.6	6.6	1	1	3	0	
2026-05-25 17:10:00	57.72426	17.51787	12	48	0	1	200	0	0	0.016	13.2	15	11.024	9.11	1020.4	14.7	79	300	1	6.1	7.1	1	1	3	0	
2026-05-25 17:25:00	57.72225	17.50971	12	50	0	3	200	0	0	0.014	13.2	14	10.899	9.08	1020	14.3	80	300	1	5.7	6.8	1	1	3	0	
2026-05-25 17:30:00	57.72144	17.50707	41	51	0	3	230	0	0	0.014	13.2	15	10.775	9.04	1020.1	13.9	82	300	1	4.8	5.9	1	1	3	0	
2026-05-25 17:35:00	57.7209	17.50539	11	52	0	1	200	0	0	0.014	13.2	15	10.778	9.04	1020.3	14.3	81	295	1	6.2	7.4	1	1	3	0	
2026-05-25 17:40:00	57.72009	17.50287	11	53	0	2	200	0	0	0.014	13.2	14	10.746	9.03	1020.3	14.1	81	300	1	5.1	6.5	1	1	3	0	
2026-05-25 18:04:57	57.71565	17.49498	13	56	0	3	200	0	0	0.014	13.3	15	10.805	9.04	1020.3	13.5	84	290	1	4.4	5.5	1	1	3	0	
2026-05-25 18:25:00	57.7128	17.49	11	59	0	3	220	0	0	0.014	13.2	14	10.868	9.05	1020.4	13.4	85	290	1	3.6	4.7	1	1	3	0	
2026-05-25 18:30:00	57.7119	17.48865	11	0	0	1	200	0	0	0.014	13.2	14	10.844	9.05	1020.3	13.2	86	290	1	3.7	4.9	1	1	3	0	
2026-05-25 18:35:00	57.71118	17.48778	12	1	0	1	200	0	0	0.016	13.2	14	10.831	9.05	1020.3	13.1	87	280	1	3.4	4.2	1	1	3	0	
2026-05-25 18:40:00	57.71049	17.48814	11	2	0	1	200	0	0	0.014	13.2	14	10.803	9.04	1020.4	13.4	86	275	1	4.4	5.2	1	1	3	0	
2026-05-25 18:45:00	57.7098	17.48895	14	3	0	1	210	0	0	0.016	13.2	14	10.826	9.05	1020.4	13.8	84	280	1	4.4	5.4	1	1	3	0	
2026-05-25 18:50:00	57.70857	17.48745	11	4	0	1	220	0	0	0.014	13.2	14	10.809	9.04	1020.2	13.7	83	285	1	4	5.1	1	1	3	0	
2026-05-25 18:55:00	57.70782	17.48628	11	5	0	2	200	0	0	0.016	13.2	14	10.822	9.05	1020.2	13.4	85	275	1	3.5	4.4	1	1	3	0	
2026-05-25 19:00:00	57.70698	17.4864	12	6	0	1	200	0	0	0.014	13.2	14	10.805	9.04	1020.3	13.5	85	280	1	4.1	4.9	1	1	3	0	
2026-05-25 19:05:00	57.70662	17.48535	15	7	0	1	210	0	0	0.014	13.2	14	10.823	9.04	1020.2	13.3	86	290	1	3.5	4.6	1	1	3	0	
2026-05-25 19:10:00	57.70536	17.48535	13	8	0	1	210	0	0	0.014	13.2	14	10.854	9.05	1020.2	13.3	86	285	1	3.5	4.5	1	1	3	0	
2026-05-25 19:15:00	57.70446	17.48427	13	9	0	2	220	0	0	0.016	13.2	14	10.857	9.05	1020.3	13.3	86	280	1	3.7	4.7	1	1	3	0	
2026-05-25 19:20:00	57.7038	17.48307	12	10	0	1	210	0	0	0.014	13.2	14	10.86	9.06	1020.2	13.2	86	280	1	3.5	4.1	1	1	3	0	
2026-05-25 19:25:00	57.70323	17.48208	14	11	0	2	210	0	0	0.016	13.2	14	10.865	9.06	1020.3	13	87	290	1	3.1	4	1	1	3	0	
2026-05-25 19:30:00	57.7026	17.48139	15	12	0	1	210	0	0	0.014	13.2	14	10.839	9.05	1020.1	12.9	87	275	1	3.1	3.9	1	1	3	0	
2026-05-25 19:35:00	57.70188	17.48028	12	13	0	1	210	0	0	0.014	13.2	14	10.869	9.06	1020.2	13.2	86	275	1	3.3	4.5	1	1	3	0	
2026-05-25 19:40:00	57.70098	17.47953	14	14	0	1	230	0	0	0.014	13.2	14	10.886	9.07	1020.1	13.3	85	285	1	3.5	4.1	1	1	3	0	
2026-05-25 19:45:00	57.70017	17.47842	13	15	0	1	210	0	0	0.014	13.2	14	10.875	9.06	1019.9	13.4	85	290	1	3.2	3.9	1	1	3	0	
2026-05-25 19:50:00	57.69945	17.47731	13	16	0	1	210	0	0	0.014	13.2	14	10.892	9.06	1020	13.5	84	285	1	3.4	4.6	1	1	3	0	
2026-05-25 19:55:00	57.69867	17.47611	14	17	0	1	210	0	0	0.016	13.2	13	10.89	9.07	1020	13.6	84	285	1	3.9	4.9	1	1	3	0	
2026-05-25 20:00:00	57.69759	17.47476	41	18	0	1	230	0	0	0.014	13.2	14	10.886	9.07	1019.9	13.4	85	290	1	3	3.9	1	1	3	0	
2026-05-25 20:05:00	57.69696	17.4738	11	19	0	1	220	0	0	0.016	13.2	14	10.88	9.06	1020.1	13.5	84	285	1	3.9	4.8	1	1	3	0	
2026-05-25 20:10:00	57.69627	17.47266	11	20	0	1	200	0	0	0.016	13.2	13	10.879	9.07	1020	13.3	85	285	1	3.3	4	1	1	3	0	
2026-05-25 20:15:00	57.69552	17.47152	11	21	0	1	200	0	0	0.014	13.2	13	10.898	9.08	1020	13.2	86	275	1	3.3	4.1	1	1	3	0	
2026-05-25 20:20:00	57.69489	17.47062	11	22	0	3	200	0	0	0.014	13.2	14	10.905	9.08	1020.1	13.2	86	275	1	3.2	4	1	1	3	0	
2026-05-25 20:25:00	57.69402	17.47224	11	23	0	1	200	0	0	0.016	13.2	13	10.87	9.07	1020.1	13.2	85	270	1	3	4	1	1	3	0	
2026-05-25 20:30:00	57.69315	17.47425	11	24	0	1	220	0	0	0.016	13.2	13	10.844	9.06	1020.1	13.5	83	275	1	3.7	4.8	1	1	3	0	
2026-05-25 20:35:00	57.69228	17.47647	11	25	0	1	200	0	0	0.016	13.2	14	10.84	9.06	1020.1	13.7	82	280	1	4	4.6	1	1	3	0	
2026-05-25 20:40:00	57.69117	17.47962	11	26	0	1	200	0	0	0.016	13.2	13	10.856	9.06	1020	13.8	81	280	1	4.7	5.9	1	1	3	0	
2026-05-25 20:45:00	57.69012	17.47875	11	27	0	1	200	0	0	0.014	13.2	13	10.827	9.06	1020.1	14	80	280	1	4.9	6.5	1	1	3	0	
2026-05-25 20:50:00	57.68883	17.47698	11	28	0	1	200	0	0	0.014	13.2	13	10.809	9.06	1020	13.9	80	275	1	5.2	6.6	1	1	3	0	
2026-05-25 20:55:00	57.68754	17.47521	12	29	0	1	220	0	0	0.014	13.2	13	10.809	9.06	1020.1	13.8	81	280	1	5.2	6.1	1	1	3	0	
2026-05-25 21:00:00	57.68649	17.47344	11	30	0	1	200	0	0	0.014	13.2	13	10.806	9.06	1020.1	13.8	81	280	1	5.4	6.3	1	1	3	0	
2026-05-25 21:05:00	57.68529	17.47155	11	31	0	1	200	0	0	0.016	13.2	13	10.815	9.06	1020	13.9	80	285	1	4.8	6.1	1	1	3	0	
2026-05-25 21:10:00	57.68409	17.46963	11	32	0	1	200	0	0	0.014	13.2	13	10.805	9.06	1019.9	13.6	82	285	1	4.5	5.5	1	1	3	0	
2026-05-25 21:15:00	57.68292	17.46804	11	33	0	1	200	0	0	0.014	13.2	13	10.802	9.06	1020	13.5	82	280	1	4.1	5.2	1	1	3	0	
2026-05-25 21:20:00	57.68178	17.46645	11	34	0	1	220	0	0	0.014	13.2	13	10.788	9.06	1019.9	13.3	83	280	1	4.4	5.2	1	1	3	0	
2026-05-25 21:25:00	57.68082	17.46513	11	35	0	1	200	0	0	0.014	13.2	13	10.785	9.06	1019.9	13.2	84	280	1	3.6	4.7	1	1	3	0	
2026-05-25 21:30:00	57.68004	17.46417	11	36	0	1	200	0	0	0.014	13.2	13	10.79	9.06	1019.9	13	84	285	1	3.6	4.5	1	1	3	0	
2026-05-25 21:35:00	57.67914	17.46273	11	37	0	1	200	0	0	0.014	13.2	13	10.798	9.06	1019.9	12.9	85	285	1	3.2	4.3	1	1	3	0	
2026-05-25 21:40:00	57.6783	17.46177	11	38	0	1	200	0	0	0.014	13.2	13	10.782	9.06	1019.9	12.8	86	280	1	3.2	4.4	1	1	3	0	
2026-05-25 21:45:00	57.6774	17.46063	11	39	0	1	220	0	0	0.016	13.2	13	10.793	9.07	1020	12.6	87	280	1	3.2	4.4	1	1	3	0	
2026-05-25 21:50:00	57.67659	17.45952	12	40	0	1	200	0	0	0.014	13.2	13	10.807	9.07	1020	12.8	86	280	1	3.2	4.2	1	1	3	0	
2026-05-25 21:55:00	57.67572	17.45856	11	41	0	3	200	0	0	0.014	13.2	13	10.825	9.07	1019.9	12.8	86	285	1	3.3	4.1	1	1	3	0	
2026-05-25 22:05:00	57.67398	17.45616	12	43	0	3	200	0	0	0.014	13.2	14	10.82	9.07	1020	12.9	85	275	1	3.2	3.9	1	1	3	0	
2026-05-25 22:20:00	57.67092	17.45238	11	45	0	3	200	0	0	0.016	13.2	13	10.844	9.08	1020	13.1	85	275	1	3.7	4.6	1	1	3	0	
2026-05-25 22:25:00	57.66978	17.45118	15	46	0	1	210	0	0	0.014	13.2	13	10.836	9.08	1019.9	12.9	86	275	1	3.5	4.7	1	1	3	0	
2026-05-25 22:40:00	57.66705	17.4495	12	49	0	3	220	0	0	0.016	13.2	14	10.847	9.08	1019.8	12.6	87	275	1	2.6	3.7	1	1	3	0	
2026-05-25 22:45:00	57.66597	17.44869	13	50	0	1	210	0	0	0.014	13.2	13	10.849	9.09	1019.8	12.5	88	275	1	2.7	3.7	1	1	3	0	
2026-05-25 22:50:00	57.66513	17.44758	41	51	0	1	230	0	0	0.016	13.2	14	10.835	9.08	1019.8	12.4	88	265	1	2.6	3.5	1	1	3	0	
2026-05-25 22:55:00	57.66447	17.44665	11	52	0	1	200	0	0	0.016	13.2	13	10.824	9.08	1019.7	12.2	89	265	1	2.3	3	1	1	3	0	
2026-05-25 23:00:00	57.66363	17.44572	11	53	0	1	200	0	0	0.016	13.2	13	10.822	9.08	1019.8	12.2	90	270	1	2	2.9	1	1	3	0	
2026-05-25 23:05:00	57.66297	17.44467	11	54	0	1	220	0	0	0.016	13.2	13	10.809	9.08	1019.8	12.2	90	265	1	2.5	3.5	1	1	3	0	
2026-05-25 23:10:00	57.66225	17.44359	11	55	0	1	200	0	0	0.016	13.2	13	10.809	9.08	1019.9	12.4	89	275	1	2.8	3.7	1	1	3	0	
2026-05-25 23:15:00	57.66129	17.44215	12	56	0	1	200	0	0	0.014	13.2	13	10.794	9.07	1019.8	12.5	88	280	1	3	3.8	1	1	3	0	
2026-05-25 23:20:00	57.66036	17.44035	12	57	0	1	200	0	0	0.014	13.2	13	10.747	9.06	1019.7	12.6	88	280	1	3.1	3.8	1	1	3	0	
2026-05-25 23:25:00	57.65946	17.43873	11	58	0	1	200	0	0	0.014	13.2	13	10.718	9.06	1019.7	12.5	88	280	1	3	3.6	1	1	3	0	
2026-05-25 23:30:00	57.65859	17.43708	11	59	0	1	220	0	0	0.014	13.2	13	10.691	9.05	1019.7	12.5	88	280	1	3.5	4.3	1	1	3	0	
2026-05-25 23:35:00	57.6576	17.43516	11	0	0	1	200	0	0	0.014	13.2	13	10.691	9.05	1019.7	12.5	89	280	1	3.1	3.7	1	1	3	0	
2026-05-25 23:40:00	57.65673	17.43342	11	1	0	1	200	0	0	0.014	13.2	13	10.687	9.04	1019.7	12.4	89	290	1	2.8	3.7	1	1	3	0	
2026-05-25 23:50:00	57.65499	17.42943	11	3	0	3	200	0	0	0.014	13.2	13	10.735	9.06	1019.6	12.3	90	290	1	2.3	3.2	1	1	3	0	
2026-05-25 23:55:00	57.65445	17.42802	11	4	0	1	220	0	0	0.016	13.2	13	10.732	9.06	1019.6	12.2	90	280	1	2.5	3.2	1	1	3	0	
2026-05-26 00:00:00	57.65373	17.42643	11	5	0	1	200	0	0	0.014	13.2	13	10.742	9.06	1019.7	12.2	90	300	1	1.9	2.7	1	1	3	0	
2026-05-26 00:05:00	57.65259	17.42574	12	6	0	1	200	0	0	0.016	13.2	13	10.756	9.07	1019.6	12	91	290	1	1.8	2.4	1	1	3	0	
2026-05-26 00:10:00	57.65178	17.42619	12	7	0	1	200	0	0	0.016	13.2	13	10.756	9.06	1019.5	12	91	280	1	2.2	2.7	1	1	3	0	
2026-05-26 00:15:00	57.65088	17.42721	11	8	0	1	200	0	0	0.014	13.2	13	10.732	9.06	1019.6	12	92	290	1	2.2	2.8	1	1	3	0	
2026-05-26 00:20:00	57.65067	17.42868	12	9	0	1	220	0	0	0.016	13.2	13	10.682	9.04	1019.6	12	91	280	1	2.6	3.3	1	1	3	0	
2026-05-26 00:25:00	57.64995	17.4276	12	10	0	1	200	0	0	0.014	13.2	13	10.7	9.05	1019.6	12	91	280	1	2.4	3.1	1	1	3	0	
2026-05-26 00:30:00	57.64941	17.42601	12	11	0	1	200	0	0	0.014	13.2	13	10.703	9.06	1019.6	11.9	92	280	1	2.3	3	1	1	3	0	
2026-05-26 00:35:00	57.64875	17.42451	12	12	0	1	200	0	0	0.014	13.2	13	10.715	9.06	1019.5	11.9	92	290	1	2.7	3.4	1	1	3	0	
2026-05-26 00:40:00	57.64818	17.4228	12	13	0	1	200	0	0	0.014	13.2	13	10.74	9.07	1019.5	11.9	92	285	1	2.4	3.1	1	1	3	0	
2026-05-26 00:45:00	57.64695	17.42217	12	14	0	1	220	0	0	0.014	13.2	13	10.736	9.06	1019.5	11.9	92	290	1	2.6	3.1	1	1	3	0	
2026-05-26 00:50:00	57.64617	17.42349	12	15	0	1	200	0	0	0.014	13.2	13	10.707	9.06	1019.6	11.9	92	290	1	2.3	2.8	1	1	3	0	
2026-05-26 00:55:00	57.64593	17.42457	12	16	0	1	200	0	0	0.014	13.2	13	10.693	9.05	1019.6	11.9	92	290	1	2	3	1	1	3	0	
2026-05-26 01:00:00	57.64491	17.42436	13	17	0	1	210	0	0	0.014	13.2	13	10.694	9.06	1019.6	11.8	93	280	1	2.3	3.2	1	1	3	0	
2026-05-26 01:05:00	57.64416	17.42349	15	18	0	1	210	0	0	0.014	13.2	13	10.697	9.06	1019.7	11.7	93	275	1	2.3	3.2	1	1	3	0	
2026-05-26 01:10:00	57.64338	17.42217	12	19	0	1	220	0	0	0.016	13.2	13	10.708	9.06	1019.6	11.8	93	275	1	2.1	2.6	1	1	3	0	
2026-05-26 01:15:00	57.64287	17.42052	12	20	0	1	200	0	0	0.014	13.2	13	10.707	9.06	1019.7	11.8	93	285	1	2.3	3.2	1	1	3	0	
2026-05-26 01:20:00	57.64236	17.41881	12	21	0	1	200	0	0	0.016	13.2	13	10.71	9.06	1019.7	11.8	93	280	1	2.5	3	1	1	3	0	
2026-05-26 01:25:00	57.64188	17.41713	13	22	0	1	200	0	0	0.014	13.2	13	10.709	9.06	1019.6	11.9	93	275	1	2.7	3.3	1	1	3	0	
2026-05-26 01:30:00	57.64134	17.41548	13	23	0	1	210	0	0	0.014	13.2	13	10.722	9.06	1019.7	11.8	93	280	1	2.6	3.2	1	1	3	0	
2026-05-26 01:35:00	57.64074	17.41392	13	24	0	2	220	0	0	0.016	13.2	13	10.723	9.07	1019.6	11.8	93	270	1	2	2.5	1	1	3	0	
2026-05-26 01:40:00	57.64017	17.41257	14	25	0	2	210	0	0	0.014	13.2	13	10.71	9.06	1019.6	11.7	93	270	1	1.9	2.5	1	1	3	0	
2026-05-26 01:45:00	57.63915	17.41194	15	26	0	2	210	0	0	0.014	13.2	13	10.706	9.06	1019.6	11.8	93	275	1	2.1	2.9	1	1	3	0	
2026-05-26 01:50:00	57.63834	17.41284	13	27	0	1	210	0	0	0.016	13.2	13	10.706	9.06	1019.5	11.8	93	270	1	2.2	2.8	1	1	3	0	
2026-05-26 01:55:00	57.63819	17.41422	13	28	0	2	200	0	0	0.014	13.2	13	10.697	9.06	1019.4	11.8	93	270	1	2.4	3.2	1	1	3	0	
2026-05-26 02:05:00	57.63693	17.41452	14	30	0	3	210	0	0	0.014	13.2	14	10.711	9.07	1019.4	11.7	93	260	1	2.3	2.9	1	1	3	0	
2026-05-26 02:10:00	57.63639	17.41311	41	31	0	1	230	0	0	0.014	13.2	13	10.7	9.06	1019.3	11.7	94	275	1	2.1	2.8	1	1	3	0	
2026-05-26 02:15:00	57.63594	17.41173	11	32	0	2	200	0	0	0.014	13.2	13	10.684	9.06	1019.3	11.7	94	270	1	2.6	3	1	1	3	0	
2026-05-26 02:20:00	57.63546	17.41023	11	33	0	1	200	0	0	0.014	13.2	13	10.674	9.06	1019.3	11.7	93	265	1	2.6	3.6	1	1	3	0	
2026-05-26 02:30:00	57.63429	17.40702	12	35	0	3	200	0	0	0.016	13.2	13	10.681	9.05	1019.4	11.7	93	270	1	2.5	3.1	1	1	3	0	
2026-05-26 02:40:00	57.63309	17.40372	11	37	0	3	200	0	0	0.016	13.2	13	10.684	9.06	1019.5	11.7	93	265	1	2.6	4	1	1	3	0	
2026-05-26 02:50:00	57.6318	17.406	11	39	0	3	220	0	0	0.014	13.2	13	10.668	9.06	1019.5	11.7	93	265	1	3.2	3.7	1	1	3	0	
2026-05-26 02:55:00	57.63177	17.40846	11	40	0	1	200	0	0	0.016	13.2	13	10.71	9.07	1019.5	11.7	93	270	1	3.4	3.9	1	1	3	0	
2026-05-26 03:10:00	57.63069	17.40696	11	42	0	3	200	0	0	0.014	13.2	12	10.67	9.06	1019.2	11.9	92	260	1	3.5	4.3	1	1	3	0	
2026-05-26 03:15:00	57.62979	17.40552	11	43	0	1	200	0	0	0.014	13.2	13	10.671	9.06	1019.1	11.9	92	265	1	3.3	4.4	1	1	3	0	
2026-05-26 03:20:00	57.62937	17.40405	11	44	0	2	220	0	0	0.016	13.3	13	10.679	9.07	1019	11.9	92	260	1	3.1	3.8	1	1	3	0	
2026-05-26 03:25:00	57.62904	17.40321	11	45	0	1	200	0	0	0.014	13.3	13	10.684	9.07	1018.8	12	92	265	1	3.2	4.1	1	1	3	0	
2026-05-26 03:30:00	57.62832	17.40192	11	46	0	2	200	0	0	0.016	13.3	13	10.7	9.07	1018.8	12	92	265	1	3.3	4.4	1	1	3	0	
2026-05-26 03:35:00	57.62781	17.40066	13	47	0	1	200	0	0	0.014	13.3	13	10.712	9.07	1018.9	12	92	265	1	3.5	4.3	1	1	3	0	
2026-05-26 03:40:00	57.6273	17.39934	12	48	0	1	200	0	0	0.014	13.3	13	10.732	9.07	1019	12	91	265	1	3.8	4.8	1	1	3	0	
2026-05-26 03:45:00	57.62682	17.39835	11	49	0	3	220	0	0	0.016	13.3	13	10.752	9.08	1019	12	91	270	1	4	5.1	1	1	3	0	
2026-05-26 03:50:00	57.62613	17.39724	12	50	0	1	200	0	0	0.014	13.3	13	10.741	9.07	1019	12.1	91	270	1	4.2	5	1	1	3	0	
2026-05-26 03:55:00	57.62568	17.39604	11	51	0	3	200	0	0	0.016	13.3	14	10.692	9.06	1019	12.1	91	270	1	3.9	4.7	1	1	3	0	
2026-05-26 04:00:00	57.62541	17.39496	13	52	0	1	210	0	0	0.014	13.4	13	10.692	9.06	1019	12.1	91	260	1	4.2	5	1	1	3	0	
2026-05-26 04:05:00	57.62481	17.39397	13	53	0	1	210	0	0	0.014	13.4	13	10.689	9.06	1018.9	12.1	91	260	1	4.2	5	1	1	3	0	
2026-05-26 04:10:00	57.62424	17.39322	13	54	0	1	220	0	0	0.014	13.4	13	10.655	9.05	1018.9	12.1	91	260	1	4.3	5.2	1	1	3	0	
2026-05-26 04:15:00	57.62352	17.39238	12	55	0	1	210	0	0	0.014	13.4	13	10.571	9.03	1019.1	12.1	91	265	1	3.7	4.7	1	1	3	0	
2026-05-26 04:20:00	57.62304	17.39163	12	56	0	1	210	0	0	0.016	13.4	13	10.551	9.02	1019	12.1	91	260	1	4	5.1	1	1	3	0	
2026-05-26 04:25:00	57.62247	17.39103	12	57	0	2	210	0	0	0.014	13.4	13	10.559	9.03	1019	12.2	90	260	1	4.4	5.4	1	1	3	0	
2026-05-26 04:30:00	57.6216	17.39037	12	58	0	1	210	0	0	0.014	13.4	13	10.574	9.03	1019	12.2	90	265	1	5.1	5.9	1	1	3	0	
2026-05-26 04:35:00	57.62061	17.38917	12	59	0	1	220	0	0	0.014	13.4	13	10.584	9.03	1019.1	12.2	90	270	1	5.3	6.3	1	1	3	0	
2026-05-26 04:40:00	57.61953	17.38797	13	0	0	1	210	0	0	0.014	13.4	13	10.579	9.03	1019.1	12.3	89	265	1	5.2	6.1	1	1	3	0	
2026-05-26 04:45:00	57.61845	17.38722	13	1	0	1	210	0	0	0.014	13.4	13	10.578	9.03	1019	12.2	90	265	1	5	5.9	1	1	3	0	
2026-05-26 04:50:00	57.61752	17.38638	13	2	0	1	210	0	0	0.014	13.5	13	10.519	9.02	1019.2	12.2	90	265	1	4.9	6.2	1	1	3	0	
2026-05-26 04:55:00	57.61656	17.38572	13	3	0	1	210	0	0	0.014	13.5	13	10.54	9.03	1019.1	12.2	90	270	1	4.7	5.8	1	1	3	0	
2026-05-26 05:00:00	57.61578	17.38509	13	4	0	1	220	0	0	0.014	13.5	13	10.574	9.04	1019.1	12.3	90	270	1	5	6	1	1	3	0	
2026-05-26 05:05:00	57.61512	17.38464	13	5	0	1	210	0	0	0.014	13.5	13	10.745	9.11	1019.1	12.4	90	265	1	4.2	5.3	1	1	3	0	
2026-05-26 05:10:00	57.61422	17.38419	13	6	0	2	210	0	0	0.014	13.5	13	10.836	9.14	1019.1	12.4	90	270	1	3.7	4.6	1	1	3	0	
2026-05-26 05:15:00	57.61365	17.38401	13	7	0	1	210	0	0	0.014	13.5	13	10.896	9.17	1019.1	12.4	90	265	1	4.3	5.1	1	1	3	0	
2026-05-26 05:20:00	57.61251	17.38365	14	8	0	2	210	0	0	0.014	13.5	14	10.983	9.21	1019	12.4	90	260	1	4.2	5.1	1	1	3	0	
2026-05-26 05:25:00	57.61161	17.38341	14	9	0	1	230	0	0	0.014	13.5	13	10.994	9.21	1018.9	12.4	90	260	1	4.5	5.4	1	1	3	0	
2026-05-26 05:30:00	57.61089	17.38326	14	10	0	1	210	0	0	0.014	13.6	14	11.01	9.22	1018.9	12.3	90	260	1	4.4	5.2	1	1	3	0	
2026-05-26 05:35:00	57.6099	17.38305	15	11	0	1	210	0	0	0.014	13.6	14	11.024	9.22	1018.8	12.3	90	255	1	4.5	5.5	1	1	3	0	
2026-05-26 05:40:00	57.60906	17.38311	13	12	0	1	210	0	0	0.014	13.7	14	11.041	9.22	1018.8	12.4	90	260	1	4.1	5.2	1	1	3	0	
2026-05-26 05:45:00	57.60819	17.38341	14	13	0	1	210	0	0	0.014	13.7	14	11.063	9.23	1018.7	12.3	90	260	1	4.1	4.9	1	1	3	0	
2026-05-26 05:50:00	57.60726	17.38356	13	14	0	1	220	0	0	0.014	13.8	14	11.093	9.23	1018.7	12.3	90	260	1	3.9	5	1	1	3	0	
2026-05-26 05:55:00	57.60657	17.38383	15	15	0	1	210	0	0	0.014	13.5	14	11.104	9.24	1018.7	12.3	91	260	1	4.1	5	1	1	3	0	
2026-05-26 06:00:00	57.6057	17.38389	40	16	0	1	230	0	0	0.016	13.5	14	11.112	9.24	1018.8	12.3	91	260	1	3.9	4.5	1	1	3	0	
2026-05-26 06:05:00	57.60492	17.38374	11	17	0	1	200	0	0	0.014	13.4	14	11.133	9.23	1018.6	12.3	91	260	1	3.8	4.6	1	1	3	0	
2026-05-26 06:10:00	57.60435	17.38386	11	18	0	1	200	0	0	0.016	13.4	14	11.112	9.23	1018.6	12.3	90	265	1	4.2	5.1	1	1	3	0	
2026-05-26 06:15:00	57.60363	17.38395	12	19	0	1	220	0	0	0.014	13.4	14	11.117	9.23	1018.6	12.4	90	265	1	3.7	4.7	1	1	3	0	
2026-05-26 06:30:00	57.60162	17.38479	12	21	0	3	200	0	0	0.014	13.3	13	11.124	9.24	1018.6	12.3	90	260	1	3.6	4.5	1	1	3	0	
2026-05-26 06:35:00	57.60084	17.38515	12	22	0	1	200	0	0	0.014	13.3	14	11.081	9.22	1018.6	12.4	90	260	1	2.9	3.8	1	1	3	0	
2026-05-26 06:40:00	57.60021	17.38569	11	23	0	2	200	0	0	0.014	13.3	14	11.062	9.22	1018.6	12.4	89	260	1	3.2	4.4	1	1	3	0	
2026-05-26 06:45:00	57.59946	17.3862	12	24	0	2	220	0	0	0.014	13.3	14	11.043	9.22	1018.6	12.4	89	265	1	3.3	4.6	1	1	3	0	
2026-05-26 06:50:00	57.59883	17.38641	12	25	0	1	200	0	0	0.014	13.3	14	11.003	9.2	1018.7	12.5	89	260	1	3.6	4.9	1	1	3	0	
2026-05-26 06:55:00	57.59838	17.38671	12	26	0	2	200	0	0	0.014	13.3	14	10.976	9.2	1018.6	12.4	89	260	1	3.6	4.5	1	1	3	0	
2026-05-26 07:00:00	57.59769	17.38698	12	27	0	1	200	0	0	0.014	13.3	14	11.016	9.2	1018.6	12.4	89	265	1	3.8	4.9	1	1	3	0	
2026-05-26 07:05:00	57.59667	17.38701	12	28	0	2	200	0	0	0.016	13.3	14	11.038	9.21	1018.5	12.5	88	260	1	4.1	4.9	1	1	3	0	
2026-05-26 07:10:00	57.59574	17.3871	12	29	0	1	220	0	0	0.014	13.3	14	11.048	9.21	1018.6	12.5	88	265	1	3.9	5.2	1	1	3	0	
2026-05-26 07:15:00	57.59487	17.38722	12	30	0	1	200	0	0	0.014	13.2	14	11.05	9.21	1018.5	12.6	88	260	1	4	4.9	1	1	3	0	
2026-05-26 07:20:00	57.59406	17.38791	12	31	0	1	200	0	0	0.014	13.2	14	11.054	9.21	1018.5	12.6	88	260	1	3.8	4.7	1	1	3	0	
2026-05-26 07:25:00	57.5931	17.38866	11	32	0	1	200	0	0	0.016	13.2	14	11.079	9.22	1018.5	12.6	88	265	1	3.7	4.6	1	1	3	0	
2026-05-26 07:30:00	57.59202	17.38932	12	33	0	1	200	0	0	0.014	13.2	14	11.053	9.21	1018.2	12.6	88	260	1	3.8	4.7	1	1	3	0	
2026-05-26 07:35:00	57.59133	17.38962	12	34	0	2	220	0	0	0.016	13.3	14	11.074	9.22	1018.3	12.7	87	260	1	3.4	4.3	1	1	3	0	
2026-05-26 07:40:00	57.5904	17.3904	12	35	0	1	200	0	0	0.016	13.2	14	11.069	9.22	1018.1	12.7	88	265	1	2.8	3.7	1	1	3	0	
2026-05-26 07:45:00	57.591	17.39196	13	36	0	2	200	0	0	0.014	13.2	14	11.091	9.22	1018.3	12.6	88	260	1	3	4	1	1	3	0	
2026-05-26 07:50:00	57.59172	17.39217	12	37	0	1	200	0	0	0.016	13.2	14	11.08	9.22	1018.2	12.6	89	255	1	2.4	3.4	1	1	3	0	
2026-05-26 07:55:00	57.59208	17.3925	11	38	0	2	200	0	0	0.014	13.2	14	11.129	9.23	1018	12.6	89	250	1	2.4	3.3	1	1	3	0	
2026-05-26 08:00:00	57.59253	17.39274	11	39	0	1	220	0	0	0.014	13.2	14	11.113	9.22	1018.1	12.7	88	245	1	2.8	4	1	1	3	0	
2026-05-26 08:05:00	57.5922	17.39388	11	40	0	1	200	0	0	0.016	13.2	14	11.122	9.23	1018	12.7	87	250	1	2.6	3.2	1	1	3	0	
2026-05-26 08:10:00	57.59139	17.39469	12	41	0	1	200	0	0	0.016	13.2	14	11.096	9.22	1018	12.8	87	255	1	2.9	3.9	1	1	3	0	
2026-05-26 08:15:00	57.59052	17.3952	11	42	0	2	200	0	0	0.014	13.2	14	11.153	9.23	1017.9	12.8	87	260	1	2.5	3.5	1	1	3	0	
2026-05-26 08:20:00	57.58968	17.39577	12	43	0	2	200	0	0	0.014	13.2	15	11.137	9.23	1017.9	12.8	87	250	1	2.4	3.3	1	1	3	0	
2026-05-26 08:25:00	57.58893	17.39625	41	44	0	1	250	0	0	0.014	13.2	15	11.146	9.23	1017.9	12.9	86	260	1	2.4	3.2	1	1	3	0	
2026-05-26 08:30:00	57.58839	17.39679	11	45	0	1	200	0	0	0.016	13.2	15	11.143	9.23	1017.8	12.8	87	250	1	2.3	3.1	1	1	3	0	
2026-05-26 08:35:00	57.58764	17.39736	12	46	0	1	200	0	0	0.016	13.2	14	11.168	9.23	1017.8	13.1	85	250	1	2.7	3.7	1	1	3	0	
2026-05-26 08:40:00	57.58728	17.39883	11	47	0	1	200	0	0	0.014	13.2	14	11.175	9.24	1017.7	13	86	245	1	2.3	2.9	1	1	3	0	
2026-05-26 08:45:00	57.58659	17.39961	12	48	0	1	200	0	0	0.014	13.2	14	11.155	9.23	1017.9	13	86	260	1	2.5	3.2	1	1	3	0	
2026-05-26 08:50:00	57.5859	17.40021	11	49	0	1	220	0	0	0.014	13.2	14	11.206	9.25	1017.7	12.9	87	240	1	2.6	3.2	1	1	3	0	
2026-05-26 08:55:00	57.58521	17.40078	12	50	0	1	200	0	0	0.016	13.2	15	11.249	9.25	1017.6	12.9	87	240	1	2.6	3.1	1	1	3	0	
2026-05-26 09:00:00	57.58425	17.40189	12	51	0	1	200	0	0	0.016	13.2	15	11.257	9.25	1017.5	13	86	240	1	3.4	4.3	1	1	3	0	
2026-05-26 09:05:00	57.58467	17.40183	11	52	0	1	200	0	0	0.014	13.2	15	11.281	9.26	1017.3	13.2	85	245	1	2.8	3.6	1	1	3	0	
2026-05-26 09:10:00	57.58521	17.40093	12	53	0	1	200	0	0	0.014	13.2	15	11.253	9.26	1017.2	13.4	83	240	1	3.5	4.3	1	1	3	0	
2026-05-26 09:15:00	57.58557	17.40033	11	54	0	1	220	0	0	0.014	13.2	15	11.276	9.26	1017.1	13.4	84	240	1	2.7	3.4	1	1	3	0	
2026-05-26 09:20:00	57.5859	17.39985	11	55	0	1	200	0	0	0.014	13.2	15	11.271	9.26	1017	13.2	85	245	1	2.2	2.8	1	1	3	0	
2026-05-26 09:25:00	57.58614	17.39958	12	56	0	1	200	0	0	0.014	13.2	15	11.311	9.27	1016.9	13.2	86	225	1	2.7	3.2	1	1	3	0	
2026-05-26 09:30:00	57.58635	17.39877	12	57	0	1	200	0	0	0.016	13.2	15	11.33	9.27	1017	13.3	85	240	1	2	2.6	1	1	3	0	
2026-05-26 09:35:00	57.58647	17.3982	11	58	0	1	200	0	0	0.016	13.2	15	11.284	9.26	1017	13.3	84	235	1	2.7	3.3	1	1	3	0	
2026-05-26 09:40:00	57.58665	17.39772	12	59	0	1	220	0	0	0.014	13.2	15	11.354	9.28	1017.1	13.5	83	240	1	2.4	3	1	1	3	0	
2026-05-26 09:45:00	57.5868	17.39733	12	0	0	1	200	0	0	0.016	13.2	15	11.352	9.28	1016.8	13.2	86	220	1	2.2	2.9	1	1	3	0	
2026-05-26 09:50:00	57.58683	17.39658	12	1	0	1	200	0	0	0.014	13.2	15	11.333	9.28	1016.8	13.2	86	240	1	2	2.4	1	1	3	0	
2026-05-26 09:55:00	57.58689	17.39628	12	2	0	1	200	0	0	0.014	13.2	15	11.367	9.27	1016.7	13.3	85	240	1	2.2	2.7	1	1	3	0	
2026-05-26 10:00:00	57.58707	17.39595	12	3	0	3	200	0	0	0.016	13.2	16	11.397	9.29	1016.7	13.5	83	240	1	3.2	3.7	1	1	3	0	
2026-05-26 10:05:00	57.58734	17.39517	12	4	0	1	220	0	0	0.014	13.2	15	11.371	9.28	1016.6	13.4	84	240	1	1.9	2.4	1	1	3	0	
2026-05-26 10:10:00	57.58752	17.39457	12	5	0	1	200	0	0	0.016	13.2	15	11.448	9.3	1016.6	13.6	81	250	1	3	4	1	1	3	0	
2026-05-26 10:15:00	57.588	17.39403	12	6	0	1	200	0	0	0.016	13.2	15	11.406	9.29	1016.3	13.6	81	230	1	3.3	3.7	1	1	3	0	
2026-05-26 10:20:00	57.58827	17.39289	12	7	0	1	200	0	0	0.016	13.2	15	11.457	9.29	1016.3	13.6	82	240	1	2.9	3.5	1	1	3	0	
2026-05-26 10:25:00	57.58857	17.39208	41	8	0	1	230	0	0	0.014	13.2	16	11.44	9.29	1016.6	13.7	81	255	1	2.9	3.8	1	1	3	0	
2026-05-26 10:30:00	57.5889	17.39175	11	9	0	1	220	0	0	0.014	13.2	16	11.486	9.3	1016.2	13.9	79	255	1	3.3	3.8	1	1	3	0	
2026-05-26 10:35:00	57.58932	17.39127	11	10	0	1	200	0	0	0.014	13.2	16	11.449	9.31	1016.2	13.7	81	260	1	3.2	3.8	1	1	3	0	
2026-05-26 10:40:00	57.58968	17.39088	11	11	0	1	200	0	0	0.016	13.2	16	11.432	9.3	1016.2	13.7	80	265	1	3.9	4.5	1	1	3	0	
2026-05-26 10:45:00	57.59037	17.3904	12	12	0	2	200	0	0	0.014	13.2	16	11.447	9.31	1016.2	13.7	80	255	1	3.1	3.9	1	1	3	0	
2026-05-26 10:55:00	57.5913	17.38878	11	14	0	3	220	0	0	0.014	13.2	16	11.535	9.32	1016.3	13.7	80	275	1	3	3.7	1	1	3	0	
2026-05-26 11:00:00	57.59175	17.38842	11	15	0	2	200	0	0	0.016	13.2	16	11.541	9.33	1016.3	13.9	79	275	1	3	3.8	1	1	3	0	
2026-05-26 11:05:00	57.591	17.38824	11	16	0	1	200	0	0	0.016	13.2	16	11.549	9.33	1016.2	13.8	79	290	1	3	3.7	1	1	3	0	
2026-05-26 11:10:00	57.59001	17.38734	12	17	0	3	200	0	0	0.014	13.2	16	11.564	9.33	1016.1	13.7	81	285	1	2.5	3.3	1	1	3	0	
2026-05-26 11:15:00	57.58923	17.38683	12	18	0	1	210	0	0	0.016	13.2	15	11.59	9.33	1016	13.8	81	260	1	2.7	3.6	1	1	3	0	
2026-05-26 11:20:00	57.58839	17.38677	12	19	0	2	220	0	0	0.014	13.2	15	11.596	9.33	1016	13.7	81	260	1	2.8	3.3	1	1	3	0	
2026-05-26 11:25:00	57.58746	17.38656	11	20	0	1	200	0	0	0.016	13.2	15	11.615	9.34	1015.9	13.7	82	265	1	2.1	2.9	1	1	3	0	
2026-05-26 11:30:00	57.58662	17.38629	12	21	0	1	200	0	0	0.016	13.2	15	11.556	9.33	1015.8	13.7	82	255	1	2.1	2.7	1	1	3	0	
2026-05-26 11:35:00	57.5859	17.38614	12	22	0	1	200	0	0	0.014	13.2	15	11.613	9.34	1015.9	13.7	82	255	1	1.3	1.7	1	1	3	0	
2026-05-26 11:40:00	57.58527	17.38602	11	23	0	1	200	0	0	0.014	13.2	15	11.631	9.34	1015.9	13.9	82	300	1	1.4	2	1	1	3	0	
2026-05-26 11:45:00	57.58482	17.38602	12	24	0	1	220	0	0	0.014	13.2	15	11.691	9.35	1015.6	13.9	82	265	1	1.2	2.1	1	1	3	0	
2026-05-26 11:50:00	57.58431	17.38623	12	25	0	1	200	0	0	0.014	13.2	15	11.696	9.35	1015.5	13.7	82	270	1	2.9	4.1	1	1	3	0	
2026-05-26 11:55:00	57.58326	17.38563	12	26	0	1	200	0	0	0.014	13.2	15	11.696	9.36	1015.6	13.8	82	265	1	3.7	4.8	1	1	3	0	
2026-05-26 12:00:00	57.58212	17.38491	11	27	0	1	200	0	0	0.014	13.2	16	11.733	9.36	1015.5	13.9	80	265	1	4.6	5.6	1	1	3	0	
2026-05-26 12:05:00	57.58062	17.38401	12	28	0	1	200	0	0	0.014	13.2	16	11.711	9.36	1015.6	14	79	265	1	4.2	5.2	1	1	3	0	
2026-05-26 12:10:00	57.57924	17.38317	11	29	0	1	220	0	0	0.014	13.2	15	11.749	9.37	1015.4	14.2	78	265	1	4.3	5.2	1	1	3	0	
2026-05-26 12:15:00	57.57786	17.3823	12	30	0	1	200	0	0	0.014	13.2	16	11.67	9.35	1015.4	14.3	76	265	1	4.9	5.9	1	1	3	0	
2026-05-26 12:20:00	57.5763	17.38122	11	31	0	1	200	0	0	0.016	13.2	15	11.704	9.36	1015.2	14.1	79	255	1	3.7	5.4	1	1	3	0	
2026-05-26 12:25:00	57.57513	17.38062	12	32	0	1	200	0	0	0.016	13.2	15	11.757	9.37	1015.3	14.1	78	265	1	4.3	5.3	1	1	3	0	
2026-05-26 12:30:00	57.57363	17.37978	12	33	0	1	200	0	0	0.016	13.2	15	11.762	9.37	1015.1	14.4	76	265	1	4	5.2	1	1	3	0	
2026-05-26 12:35:00	57.57237	17.37945	12	34	0	1	220	0	0	0.016	13.2	15	11.685	9.36	1014.8	14.2	76	265	1	4.3	5.4	1	1	3	0	
2026-05-26 12:40:00	57.57126	17.37864	12	35	0	1	200	0	0	0.016	13.2	15	11.671	9.35	1014.8	14.2	77	265	1	3.9	4.9	1	1	3	0	
2026-05-26 12:45:00	57.57024	17.3778	12	36	0	1	200	0	0	0.016	13.2	15	11.749	9.37	1015	14	80	250	1	3.2	4.2	1	1	3	0	
2026-05-26 12:50:00	57.56925	17.37741	12	37	0	1	200	0	0	0.016	13.2	15	11.841	9.39	1014.8	14.3	76	265	1	4.5	5.6	1	1	3	0	
2026-05-26 12:55:00	57.56766	17.37639	12	38	0	1	200	0	0	0.014	13.2	15	11.828	9.39	1014.7	14.3	77	265	1	3.9	5.4	1	1	3	0	
2026-05-26 13:00:00	57.5664	17.3754	12	39	0	1	220	0	0	0.014	13.2	15	11.901	9.4	1014.5	14.4	75	265	1	4.4	5.3	1	1	3	0	
2026-05-26 13:05:00	57.56514	17.37432	12	40	0	1	200	0	0	0.014	13.2	15	11.838	9.39	1014.2	14.4	76	270	1	4.2	5.5	1	1	3	0	
2026-05-26 13:10:00	57.56385	17.3733	12	41	0	1	200	0	0	0.016	13.2	15	11.991	9.43	1014.3	14.1	78	270	1	4.3	5.2	1	1	3	0	
2026-05-26 13:15:00	57.56265	17.37231	11	42	0	1	200	0	0	0.014	13.2	15	12.055	9.44	1014.4	14.5	75	275	1	4.6	5.5	1	1	3	0	
2026-05-26 13:20:00	57.56148	17.37096	41	43	0	1	230	0	0	0.014	13.2	15	11.992	9.43	1014.3	14.6	74	295	1	4.2	5.3	1	1	3	0	
2026-05-26 13:25:00	57.56022	17.36949	12	44	0	1	220	0	0	0.014	13.2	15	12.014	9.43	1014.2	14.3	76	290	1	4.3	5.9	1	1	3	0	
2026-05-26 13:30:00	57.55938	17.36793	12	45	0	1	200	0	0	0.016	13.2	15	12.025	9.44	1014.2	14.1	77	275	1	3.5	4.8	1	1	3	0	
2026-05-26 13:35:00	57.55836	17.36706	11	46	0	1	200	0	0	0.014	13.2	15	11.992	9.43	1014.1	14.4	75	270	1	4.8	5.8	1	1	3	0	
2026-05-26 13:40:00	57.55704	17.36565	12	47	0	1	200	0	0	0.014	13.2	15	11.939	9.42	1014.1	14.7	72	275	1	4.4	5.5	1	1	3	0	
2026-05-26 13:45:00	57.55566	17.36454	12	48	0	1	200	0	0	0.014	13.2	15	11.873	9.4	1014.1	15	69	290	1	5.1	6.6	1	1	3	0	
2026-05-26 13:50:00	57.55437	17.36274	12	49	0	1	220	0	0	0.014	13.2	15	11.82	9.39	1014	15.2	67	290	1	5.3	6.3	1	1	3	0	
2026-05-26 13:55:00	57.55314	17.36061	12	50	0	1	200	0	0	0.014	13.2	15	11.729	9.37	1014	15.3	67	290	1	4.8	6.1	1	1	3	0	
2026-05-26 14:00:00	57.55179	17.35857	14	51	0	1	210	0	0	0.014	13.2	15	11.782	9.38	1013.9	14.9	71	275	1	3.8	4.9	1	1	3	0	
2026-05-26 14:05:00	57.5523	17.35941	15	52	0	1	210	0	0	0.016	13.2	15	11.766	9.38	1013.8	14.5	73	280	1	3.9	5.2	1	1	3	0	
2026-05-26 14:10:00	57.55329	17.35947	12	53	0	1	200	0	0	0.016	13.2	15	11.747	9.38	1013.8	14.7	72	280	1	4.6	5.7	1	1	3	0	
2026-05-26 14:15:00	57.55485	17.35947	13	54	0	1	220	0	0	0.014	13.2	15	11.796	9.39	1013.7	14.4	75	285	1	3.7	4.8	1	1	3	0	
2026-05-26 14:20:00	57.55578	17.35995	12	55	0	1	200	0	0	0.014	13.2	15	11.811	9.39	1013.5	14.4	75	280	1	3.9	4.8	1	1	3	0	
2026-05-26 14:25:00	57.55503	17.35941	14	56	0	2	210	0	0	0.016	13.2	15	11.804	9.39	1013.6	14.4	75	280	1	4.3	5.6	1	1	3	0	
2026-05-26 14:30:00	57.55407	17.35815	12	57	0	2	200	0	0	0.014	13.2	15	11.785	9.38	1013.6	14.7	71	290	1	5.3	6.3	1	1	3	0	
2026-05-26 14:40:00	57.55194	17.3541	12	59	0	3	220	0	0	0.016	13.2	15	11.772	9.38	1013.3	14.6	72	290	1	4.9	6	1	1	3	0	
2026-05-26 14:45:00	57.55269	17.35497	13	0	0	1	210	0	0	0.014	13.2	15	11.756	9.38	1013.4	14.8	69	295	1	5.6	7	1	1	3	0	
2026-05-26 14:50:00	57.55392	17.35524	13	1	0	1	200	0	0	0.014	13.2	15	11.767	9.38	1013.3	14.6	72	295	1	4.6	6.2	1	1	3	0	
2026-05-26 14:55:00	57.55509	17.35581	12	2	0	1	200	0	0	0.014	13.2	15	11.776	9.38	1013.3	14.3	74	295	1	4.4	5.5	1	1	3	0	
2026-05-26 15:00:00	57.55638	17.35632	12	3	0	1	200	0	0	0.014	13.2	15	11.799	9.39	1013.4	14.7	71	295	1	4.4	6.1	1	1	3	0	
2026-05-26 15:20:00	57.55284	17.34612	12	6	0	3	200	0	0	0.016	13.2	15	11.811	9.39	1013.2	15	68	310	1	7.5	9.5	1	1	3	0	
2026-05-26 15:25:00	57.55185	17.34243	14	7	0	1	210	0	0	0.016	13.2	15	11.872	9.4	1013	14.8	69	310	1	7.9	9.9	1	1	3	0	
2026-05-26 15:30:00	57.55083	17.33835	12	8	0	1	200	0	0	0.016	13.2	15	11.838	9.39	1013.2	14.9	68	305	1	8.4	10	1	1	3	0	
2026-05-26 15:35:00	57.54978	17.3343	41	9	0	1	250	0	0	0.016	13.2	15	11.877	9.4	1013	14.8	68	300	1	8	9.8	1	1	3	0	
2026-05-26 15:40:00	57.54888	17.331	11	10	0	1	200	0	0	0.014	13.2	15	11.804	9.38	1013.2	14.9	68	295	1	7.8	9.3	1	1	3	0	
2026-05-26 15:45:00	57.54984	17.33193	11	11	0	1	200	0	0	0.016	13.2	15	11.805	9.38	1013.1	14.5	71	295	1	6.9	8.2	1	1	3	0	
2026-05-26 15:50:00	57.55128	17.33274	11	12	0	1	200	0	0	0.016	13.2	14	11.813	9.39	1013.1	14.6	70	290	1	6.7	8.1	1	1	3	0	
2026-05-26 15:55:00	57.55251	17.33349	11	13	0	1	200	0	0	0.014	13.2	14	11.787	9.38	1013	14.4	72	290	1	6.1	7.4	1	1	3	0	
2026-05-26 16:00:00	57.55434	17.33457	13	14	0	1	220	0	0	0.014	13.2	14	11.684	9.36	1013	14.4	72	300	1	6.2	7.7	1	1	3	0	
2026-05-26 16:05:00	57.55485	17.33874	13	15	0	1	210	0	0	0.014	13.2	15	11.712	9.37	1012.9	14.7	69	295	1	6.2	8	1	1	3	0	
2026-05-26 16:10:00	57.55431	17.34435	13	16	0	1	210	0	0	0.014	13.2	14	11.698	9.36	1012.7	14.4	71	295	1	5.5	6.8	1	1	3	0	
2026-05-26 16:15:00	57.55365	17.3481	13	17	0	1	210	0	0	0.014	13.2	15	11.657	9.35	1012.7	14.1	74	290	1	4.8	6.1	1	1	3	0	
2026-05-26 16:20:00	57.55305	17.35248	14	18	0	1	210	0	0	0.016	13.2	14	11.619	9.35	1012.7	14	74	285	1	5	6.3	1	1	3	0	
2026-05-26 16:25:00	57.55338	17.35611	14	19	0	2	230	0	0	0.014	13.2	15	11.609	9.34	1012.7	14.1	74	290	1	5.2	6.3	1	1	3	0	
2026-05-26 16:30:00	57.55332	17.36109	13	20	0	1	210	0	0	0.016	13.2	15	11.652	9.35	1012.7	14.4	71	295	1	6.1	8.1	1	1	3	0	
2026-05-26 16:35:00	57.55299	17.36613	16	21	0	1	210	0	0	0.014	13.2	15	11.723	9.37	1012.7	14.5	70	290	1	7.1	9	1	1	3	0	
2026-05-26 16:40:00	57.55296	17.37285	15	22	0	1	210	0	0	0.016	13.2	14	11.775	9.38	1012.4	14.8	68	285	1	8.5	9.9	1	1	3	0	
2026-05-26 16:45:00	57.55569	17.37741	15	23	0	1	210	0	0	0.014	13.2	14	11.783	9.38	1012.3	14.5	70	280	1	8	10.3	1	1	3	0	
2026-05-26 16:50:00	57.55824	17.38098	12	24	0	1	220	0	0	0.016	13.2	14	11.686	9.35	1012.5	14.3	71	280	1	8	9.6	1	1	3	0	
2026-05-26 16:55:00	57.55992	17.38713	23	25	0	1	240	0	0	0.016	13.2	15	11.548	9.32	1012.6	14.6	69	280	1	8.5	10.9	1	1	3	0	
2026-05-26 17:00:00	57.56271	17.39097	12	26	0	1	200	0	0	0.014	13.2	14	11.521	9.32	1012.4	14.4	71	280	1	7.6	9.6	1	1	3	0	
2026-05-26 17:05:00	57.55998	17.39181	12	27	0	1	200	0	0	0.016	13.2	14	11.558	9.33	1012.4	14.5	70	280	1	8.1	9.9	1	1	3	0	
2026-05-26 17:10:00	57.55647	17.39142	11	28	0	1	200	0	0	0.016	13.2	14	11.586	9.33	1012.2	14.4	69	280	1	8.9	10.6	1	1	3	0	
2026-05-26 17:15:00	57.55305	17.39004	11	29	0	1	220	0	0	0.016	13.2	14	11.622	9.34	1012.3	14.2	70	280	1	9.1	11.1	1	1	3	0	
2026-05-26 17:20:00	57.54945	17.38902	11	30	0	1	200	0	0	0.014	13.2	14	11.606	9.34	1012.2	14.2	70	285	1	8.9	11.3	1	1	3	0	
2026-05-26 17:25:00	57.5463	17.38662	12	31	0	2	200	0	0	0.014	13.2	14	11.615	9.34	1012.2	14.2	70	280	1	9	11.3	1	1	3	0	
2026-05-26 17:35:00	57.53925	17.38374	11	33	0	3	200	0	0	0.014	13.2	15	11.663	9.35	1012.2	14.1	83	285	1	8.7	10.6	1	1	3	0	
2026-05-26 17:45:00	57.53691	17.38704	11	35	0	3	200	0	0	0.016	13.2	15	11.602	9.34	1012.3	14.4	71	280	1	8.9	11.4	1	1	3	0	
2026-05-26 17:50:00	57.53967	17.39091	11	36	0	2	200	0	0	0.014	13.2	14	11.543	9.32	1012.2	14.2	71	280	1	8.4	10.1	1	1	3	0	
2026-05-26 17:55:00	57.54234	17.39487	11	37	0	3	200	0	0	0.016	13.2	14	11.474	9.31	1012.2	14.1	71	285	1	8.3	10.6	1	1	3	0	
2026-05-26 18:00:00	57.54426	17.40081	12	38	0	2	200	0	0	0.014	13.3	15	11.445	9.3	1012.3	14.2	70	280	1	8.6	10.3	1	1	3	0	
2026-05-26 18:05:00	57.54687	17.40432	11	39	0	1	220	0	0	0.014	13.3	14	11.451	9.3	1012	14	71	280	1	8.8	10.5	1	1	3	0	
2026-05-26 18:10:00	57.54939	17.40858	11	40	0	2	200	0	0	0.014	13.3	14	11.483	9.31	1012.3	13.9	72	285	1	8	10.3	1	1	3	0	
2026-05-26 18:15:00	57.55086	17.41497	11	41	0	1	200	0	0	0.014	13.3	14	11.368	9.28	1012	13.6	75	275	1	8.2	9.8	1	1	3	0	
2026-05-26 18:20:00	57.55314	17.41926	11	42	0	1	200	0	0	0.014	13.3	14	11.262	9.26	1012.2	13.4	77	280	1	6.9	8.9	1	1	3	0	
2026-05-26 18:25:00	57.55074	17.42277	11	43	0	1	200	0	0	0.016	13.3	14	11.296	9.27	1012.1	13.4	76	275	1	6.7	8.4	1	1	3	0	
2026-05-26 18:30:00	57.54807	17.42712	11	44	0	1	220	0	0	0.016	13.3	14	11.287	9.27	1012	13.3	77	280	1	6.7	7.9	1	1	3	0	
2026-05-26 18:35:00	57.54519	17.43078	11	45	0	1	200	0	0	0.016	13.3	14	11.223	9.26	1012.1	13.4	76	280	1	6.5	8.2	1	1	3	0	
2026-05-26 18:40:00	57.54219	17.43495	12	46	0	2	200	0	0	0.016	13.3	14	11.216	9.25	1012.1	13.4	76	285	1	6.1	7.5	1	1	3	0	
2026-05-26 18:45:00	57.53985	17.4396	12	47	0	1	200	0	0	0.016	13.3	14	11.169	9.25	1012.1	13.3	76	285	1	4.9	6.5	1	1	3	0	
2026-05-26 18:50:00	57.5379	17.44446	12	48	0	1	210	0	0	0.014	13.3	14	11.119	9.24	1012.1	13.3	76	280	1	5.8	7.5	1	1	3	0	
2026-05-26 18:55:00	57.53529	17.4483	12	49	0	1	220	0	0	0.014	13.3	14	11.129	9.24	1012	13.3	76	285	1	5.8	6.8	1	1	3	0	
2026-05-26 19:00:00	57.5331	17.45298	12	50	0	1	210	0	0	0.014	13.3	14	11.136	9.24	1012.1	13.3	76	285	1	5.8	7.2	1	1	3	0	
2026-05-26 19:05:00	57.53073	17.45733	13	51	0	2	210	0	0	0.014	13.2	14	11.086	9.22	1012.1	13.4	75	285	1	6.4	7.8	1	1	3	0	
2026-05-26 19:10:00	57.528	17.46159	13	52	0	2	210	0	0	0.014	13.2	14	11.059	9.22	1012	13.4	75	280	1	6.4	7.8	1	1	3	0	
2026-05-26 19:15:00	57.52452	17.4627	13	53	0	1	210	0	0	0.016	13.3	14	11.021	9.2	1012	13.4	74	285	1	6.6	8.3	1	1	3	0	
2026-05-26 19:20:00	57.52119	17.46522	13	54	0	1	220	0	0	0.016	13.2	14	11.08	9.22	1012	13.3	75	290	1	5.8	6.9	1	1	3	0	
2026-05-26 19:25:00	57.51816	17.46909	41	55	0	2	230	0	0	0.014	13.2	14	11.117	9.23	1012	13.1	77	290	1	5.2	6.3	1	1	3	0	
2026-05-26 19:30:00	57.51699	17.47326	11	56	0	1	200	0	0	0.016	13.2	14	11.146	9.24	1012.1	13.1	77	290	1	5.3	7.2	1	1	3	0	
2026-05-26 19:35:00	57.51459	17.47596	11	57	0	1	200	0	0	0.016	13.2	13	11.103	9.23	1012.1	13	77	290	1	5.2	6.6	1	1	3	0	
2026-05-26 19:45:00	57.50958	17.4834	12	59	0	3	220	0	0	0.014	13.2	14	11.152	9.24	1012.1	13.1	77	290	1	5.7	7.2	1	1	3	0	
2026-05-26 19:55:00	57.50517	17.49081	11	1	0	3	200	0	0	0.014	13.2	14	11.052	9.22	1012.1	13.1	77	285	1	5.5	6.8	1	1	3	0	
2026-05-26 20:00:00	57.50274	17.49321	11	2	0	1	200	0	0	0.014	13.2	13	11.028	9.21	1012.1	13	77	285	1	4.8	6.4	1	1	3	0	
2026-05-26 20:05:00	57.50304	17.49744	12	3	0	1	200	0	0	0.016	13.2	13	11.03	9.21	1012.1	13	77	290	1	5.2	6.8	1	1	3	0	
2026-05-26 20:10:00	57.50289	17.50179	11	4	0	1	220	0	0	0.014	13.2	13	10.971	9.2	1012.1	13	77	285	1	5.2	6.9	1	1	3	0	
2026-05-26 20:15:00	57.50211	17.50713	11	5	0	1	200	0	0	0.014	13.2	13	11.019	9.21	1012.1	13	77	285	1	5.9	7.4	1	1	3	0	
2026-05-26 20:20:00	57.50238	17.51151	12	6	0	1	200	0	0	0.016	13.2	13	11.041	9.21	1012.1	13.1	76	285	1	6	7.6	1	1	3	0	
2026-05-26 20:25:00	57.50247	17.51736	11	7	0	1	200	0	0	0.014	13.2	13	10.989	9.19	1012.1	13	76	285	1	5.6	6.7	1	1	3	0	
2026-05-26 20:30:00	57.50145	17.52237	11	8	0	1	200	0	0	0.014	13.2	13	10.983	9.19	1012.1	13	77	285	1	5.7	7.4	1	1	3	0	
2026-05-26 20:35:00	57.50169	17.52729	11	9	0	2	220	0	0	0.014	13.2	13	10.931	9.18	1012	13	76	285	1	5.2	6.8	1	1	3	0	
2026-05-26 20:40:00	57.50064	17.5323	12	10	0	1	200	0	0	0.014	13.2	13	10.882	9.16	1012	12.9	77	280	1	5.3	7	1	1	3	0	
2026-05-26 20:45:00	57.50052	17.53674	11	11	0	2	200	0	0	0.016	13.2	13	10.792	9.13	1011.9	12.9	77	285	1	5.6	7.3	1	1	3	0	
2026-05-26 20:50:00	57.4998	17.5404	11	12	0	1	200	0	0	0.016	13.2	13	10.684	9.1	1012	13	76	285	1	6.5	7.6	1	1	3	0	
2026-05-26 20:55:00	57.49956	17.54625	11	13	0	1	200	0	0	0.016	13.2	13	10.59	9.05	1011.8	12.9	76	280	1	6.2	8	1	1	3	0	
2026-05-26 21:00:00	57.49965	17.55045	11	14	0	1	220	0	0	0.014	13.2	13	10.622	9.05	1011.8	12.8	76	280	1	5.8	7.1	1	1	3	0	
2026-05-26 21:05:00	57.49968	17.55576	12	15	0	1	200	0	0	0.014	13.2	13	10.685	9.06	1011.8	12.8	77	280	1	5.9	7.6	1	1	3	0	
2026-05-26 21:10:00	57.49986	17.56005	11	16	0	3	200	0	0	0.016	13.2	13	10.749	9.07	1011.8	12.8	76	280	1	5.9	7.1	1	1	3	0	
2026-05-26 21:15:00	57.49956	17.56554	11	17	0	1	200	0	0	0.016	13.2	13	10.798	9.08	1011.7	12.7	77	280	1	5.8	6.9	1	1	3	0	
2026-05-26 21:20:00	57.49998	17.57028	11	18	0	1	200	0	0	0.016	13.2	13	10.842	9.09	1011.7	12.6	78	280	1	5.6	7.2	1	1	3	0	
2026-05-26 21:25:00	57.50001	17.5746	12	19	0	2	220	0	0	0.014	13.2	13	10.851	9.1	1011.8	12.7	77	280	1	5.5	6.8	1	1	3	0	
2026-05-26 21:30:00	57.49929	17.5797	11	20	0	3	200	0	0	0.016	13.2	14	10.902	9.12	1012.1	12.7	78	345	1	5.1	6.4	1	1	3	0	
2026-05-26 21:40:00	57.49476	17.5839	12	22	0	3	200	0	0	0.014	13.2	13	10.972	9.14	1012.4	13.5	73	320	1	5.8	8.9	1	1	3	0	
2026-05-26 21:50:00	57.495	17.58675	11	24	0	3	230	0	0	0.016	13.2	13	11.001	9.16	1012.2	13.4	72	325	1	5.9	7.4	1	1	3	1	
2026-05-26 22:15:00	57.49266	17.59587	12	27	0	3	230	0	0	0.014	13.2	13	11.11	9.22	1012.2	13.3	74	310	1	5.2	7.1	1	1	3	1	
2026-05-26 22:30:00	57.49269	17.59884	12	29	0	3	230	0	0	0.014	13.2	13	11.128	9.23	1012	12.4	79	320	1	2.7	4.1	1	1	3	1	
2026-05-26 22:35:00	57.49248	17.59947	12	30	0	1	230	0	0	0.014	13.2	13	11.135	9.24	1012.1	12.4	80	330	1	2.8	3.8	1	1	3	1	
2026-05-26 22:40:00	57.49221	17.59992	11	31	0	1	230	0	0	0.016	13.2	13	11.135	9.24	1012.1	12.1	83	320	1	2	2.8	1	1	3	1	
2026-05-26 22:45:00	57.49182	17.60025	11	32	0	1	230	0	0	0.014	13.2	13	11.135	9.24	1012.1	12	84	335	1	2.3	3.5	1	1	3	1	
2026-05-26 22:50:00	57.49158	17.60052	12	33	0	1	230	0	0	0.016	13.2	13	11.133	9.24	1012.2	12	85	5	1	2.3	3.4	1	1	3	1	
2026-05-26 22:55:00	57.49095	17.60097	11	34	0	1	230	0	0	0.014	13.2	13	11.133	9.24	1012.2	12.1	84	10	1	2.8	3.8	1	1	3	1	
2026-05-26 23:00:00	57.4905	17.60133	12	35	0	1	230	0	0	0.014	13.2	13	11.144	9.25	1012.1	11.9	85	5	1	1.5	2.4	1	1	3	1	
2026-05-26 23:15:00	57.48879	17.60058	11	37	0	3	230	0	0	0.014	13.2	12	11.133	9.24	1012	11.6	87	20	1	1.3	2.1	1	1	3	1	
2026-05-26 23:20:00	57.48801	17.59986	11	38	0	1	230	0	0	0.014	13.2	13	11.158	9.26	1012	11.5	88	10	1	1.3	2.3	1	1	3	1	
2026-05-26 23:25:00	57.48741	17.59917	12	39	0	2	230	0	0	0.014	13.2	13	11.148	9.25	1012.1	11.4	89	20	1	1.2	2	1	1	3	1	
2026-05-26 23:40:00	57.4857	17.59689	12	41	0	3	230	0	0	0.014	13.2	12	11.16	9.26	1012.1	11.3	90	350	1	1.1	2	1	1	3	1	
2026-05-26 23:45:00	57.4851	17.59605	11	42	0	1	230	0	0	0.014	13.2	13	11.146	9.25	1012	11.2	91	25	1	1	2	1	1	3	1	
2026-05-26 23:50:00	57.48459	17.59533	12	43	0	1	230	0	0	0.014	13.2	13	11.146	9.25	1012	11.1	91	60	1	0.9	1.8	1	1	3	1	
2026-05-26 23:55:00	57.48408	17.59449	11	44	0	2	230	0	0	0.016	13.2	13	11.129	9.25	1011.9	11.1	91	85	1	1.2	1.8	1	1	3	1	
2026-05-27 00:00:00	57.48363	17.59383	12	45	0	1	230	0	0	0.016	13.2	13	11.125	9.25	1012	11.1	92	315	1	2.8	3.8	1	1	3	1	
2026-05-27 00:05:00	57.48234	17.59245	11	46	0	1	230	0	0	0.016	13.2	13	11.146	9.26	1012.1	11.1	92	330	1	1.9	2.7	1	1	3	1	
2026-05-27 00:10:00	57.48099	17.59134	11	47	0	1	230	0	0	0.014	13.2	13	11.166	9.26	1012	11.1	92	325	1	1.9	2.8	1	1	3	1	
2026-05-27 00:15:00	57.48006	17.59107	12	48	0	1	230	0	0	0.014	13.2	13	11.157	9.26	1011.9	11	91	90	1	1.2	1.9	1	1	3	1	
2026-05-27 00:20:00	57.47961	17.59041	11	49	0	1	230	0	0	0.016	13.2	13	11.161	9.27	1012	11.1	90	350	1	1	2.7	1	1	3	1	
2026-05-27 00:25:00	57.4791	17.58987	11	50	0	1	230	0	0	0.016	13.2	13	11.118	9.26	1012.2	11.1	90	320	1	2.9	5.4	1	1	3	1	
2026-05-27 00:30:00	57.47856	17.59038	11	51	0	1	230	0	0	0.014	13.2	13	11.168	9.28	1012.3	11.6	83	105	1	0.8	1.6	1	1	3	1	
2026-05-27 00:35:00	57.47772	17.59011	12	52	0	1	230	0	0	0.014	13.2	13	11.157	9.28	1012.2	11.6	84	55	1	1.1	1.9	1	1	3	1	
2026-05-27 00:40:00	57.47733	17.58906	11	53	0	1	230	0	0	0.014	13.2	13	11.172	9.29	1012.2	11.6	85	0	1	1.4	2.2	1	1	3	1	
2026-05-27 00:45:00	57.47673	17.58768	14	54	0	1	270	0	0	0.014	13.2	13	11.16	9.29	1012.1	11.5	86	20	1	0.9	1.5	1	1	3	1	
2026-05-27 00:55:00	57.47559	17.5854	11	55	0	3	230	0	0	0.014	13.2	12	11.133	9.28	1012.2	11.4	87	5	1	1.3	2.1	1	1	3	1	
2026-05-27 01:00:00	57.47505	17.58417	12	56	0	1	230	0	0	0.016	13.2	13	11.15	9.29	1012.3	11.4	88	15	1	0.9	1.6	1	1	3	1	
2026-05-27 01:05:00	57.47469	17.58306	11	57	0	1	230	0	0	0.014	13.2	13	11.125	9.28	1012.2	11.3	88	20	1	0.9	1.4	1	1	3	1	
2026-05-27 01:10:00	57.47439	17.58204	11	58	0	2	230	0	0	0.014	13.2	13	11.145	9.28	1012.2	11.2	89	0	1	1.1	1.7	1	1	3	1	
2026-05-27 01:20:00	57.47379	17.57997	12	59	0	3	230	0	0	0.016	13.2	12	11.158	9.28	1012.3	11.1	90	325	1	0.9	1.4	1	1	3	1	
2026-05-27 01:25:00	57.47352	17.57898	12	0	0	1	230	0	0	0.016	13.2	13	11.152	9.28	1012.2	11.1	91	295	1	0.8	1.4	1	1	3	1	
2026-05-27 01:30:00	57.47325	17.57802	12	1	0	1	230	0	0	0.016	13.2	13	11.143	9.26	1012.2	11	91	345	1	0.6	1.3	1	1	3	1	
2026-05-27 01:35:00	57.47304	17.57712	12	2	0	2	230	0	0	0.014	13.2	13	11.148	9.27	1012.3	11	91	300	1	1	1.6	1	1	3	1	
2026-05-27 01:40:00	57.4728	17.57625	12	3	0	1	230	0	0	0.016	13.2	13	11.154	9.27	1012.3	11	91	295	1	1.1	1.7	1	1	3	1	
2026-05-27 02:05:00	57.47073	17.57175	11	6	0	3	230	0	0	0.016	13.2	12	11.138	9.27	1012.8	10.9	92	310	1	1.4	2	1	1	3	1	
2026-05-27 02:10:00	57.47037	17.57172	15	7	0	2	240	0	0	0.014	13.2	13	11.145	9.27	1012.8	10.9	92	320	1	1.6	2.4	1	1	3	1	
2026-05-27 02:15:00	57.47073	17.57139	12	8	0	1	230	0	0	0.014	13.2	13	11.139	9.29	1012.8	11	92	310	1	2.3	2.9	1	1	3	1	
2026-05-27 02:30:00	57.47232	17.57067	13	10	0	3	230	0	0	0.016	13.2	12	11.142	9.3	1013	11.1	91	310	1	2.3	3	1	1	3	1	
2026-05-27 02:40:00	57.47364	17.57106	15	11	0	3	240	0	0	0.016	13.2	12	11.154	9.3	1013.4	11.1	91	335	1	2.7	4.2	1	1	3	1	
2026-05-27 02:45:00	57.47421	17.57133	12	12	0	1	240	0	0	0.014	13.2	13	11.166	9.3	1013.5	11.2	91	330	1	3	4.5	1	1	3	1	
2026-05-27 02:50:00	57.4749	17.57202	12	13	0	2	230	0	0	0.014	13.2	13	11.167	9.31	1013.6	11.3	90	335	1	3.6	4.6	1	1	3	1	
2026-05-27 03:05:00	57.47685	17.57595	13	15	0	3	230	0	0	0.014	13.2	12	11.171	9.32	1013.9	11.6	86	15	1	6.2	7.9	1	1	3	1	
2026-05-27 03:20:00	57.47802	17.58324	14	17	0	3	230	0	0	0.016	13.2	13	11.163	9.31	1013.9	11.3	87	355	1	4.3	5.7	1	1	3	1	
2026-05-27 03:25:00	57.47838	17.5845	13	18	0	1	240	0	0	0.014	13.2	13	11.163	9.31	1013.9	11.4	88	355	1	3.5	4.6	1	1	3	1	
2026-05-27 03:30:00	57.47871	17.5863	14	19	0	1	240	0	0	0.014	13.2	13	11.149	9.31	1013.9	11.3	88	355	1	3	4	1	1	3	1	
2026-05-27 03:35:00	57.47895	17.58687	15	20	0	1	240	0	0	0.014	13.2	13	11.138	9.31	1013.9	11.4	88	355	1	2.6	3.7	1	1	3	1	
2026-05-27 03:40:00	57.47922	17.58726	16	21	0	1	240	0	0	0.014	13.2	13	11.125	9.3	1013.9	11.3	88	350	1	3.2	4.4	1	1	3	1	
2026-05-27 03:50:00	57.47988	17.58888	14	22	0	3	240	0	0	0.014	13.2	13	11.083	9.29	1014.1	11.2	89	335	1	2.5	3.7	1	1	3	1	
2026-05-27 03:55:00	57.48033	17.58936	13	23	0	1	240	0	0	0.016	13.2	13	11.085	9.29	1014.2	11.3	89	340	1	2.8	3.6	1	1	3	1	
2026-05-27 04:10:00	57.47823	17.59236	12	25	0	3	230	0	0	0.014	13.3	13	11.062	9.3	1014.4	11.7	81	340	1	5.9	7	1	1	3	1	
2026-05-27 04:15:00	57.47856	17.59488	12	26	0	1	230	0	0	0.014	13.3	13	11.053	9.3	1014.4	11.8	79	340	1	6	7.3	1	1	3	1	
2026-05-27 04:20:00	57.4797	17.59689	11	27	0	1	230	0	0	0.014	13.3	13	11.05	9.3	1014.4	11.8	78	340	1	6.7	8.3	1	1	3	1	
2026-05-27 04:25:00	57.48078	17.59959	11	28	0	1	230	0	0	0.014	13.3	13	11.038	9.29	1014.5	11.8	78	340	1	6.5	8.2	1	1	3	1	
2026-05-27 04:30:00	57.48189	17.60211	12	29	0	1	230	0	0	0.014	13.3	13	11.026	9.29	1014.7	11.8	79	350	1	5.5	7.4	1	1	3	1	
2026-05-27 04:35:00	57.48015	17.60472	12	30	0	1	230	0	0	0.016	13.3	13	11.02	9.29	1014.7	11.8	80	350	1	5	6.3	1	1	3	1	
2026-05-27 04:40:00	57.47775	17.60559	11	31	0	1	230	0	0	0.014	13.3	13	11.027	9.29	1014.6	11.7	82	350	1	4.6	5.9	1	1	3	1	
2026-05-27 04:45:00	57.47769	17.60781	11	32	0	1	230	0	0	0.014	13.3	14	10.999	9.28	1014.7	11.5	84	340	1	4	5.1	1	1	3	1	
2026-05-27 04:50:00	57.47829	17.60925	11	33	0	1	230	0	0	0.016	13.3	14	10.986	9.27	1014.9	11.5	81	340	1	5.4	6.6	1	1	3	1	
2026-05-27 04:55:00	57.47916	17.61156	11	34	0	1	230	0	0	0.016	13.3	14	10.983	9.27	1014.9	11.6	79	340	1	6.1	7.9	1	1	3	1	
2026-05-27 05:00:00	57.48039	17.61453	12	35	0	1	230	0	0	0.014	13.3	14	10.984	9.27	1014.9	11.5	79	340	1	9.1	11.5	1	1	3	1	
2026-05-27 05:05:00	57.48078	17.62038	11	36	0	1	230	0	0	0.014	13.3	14	10.947	9.26	1014.9	11.2	78	335	1	8.7	10.3	1	1	3	1	
2026-05-27 05:10:00	57.48135	17.62656	11	37	0	2	230	0	0	0.014	13.3	14	10.946	9.25	1015.2	11.2	78	330	1	8.1	10.3	1	1	3	1	
2026-05-27 05:15:00	57.48108	17.63268	12	38	0	1	230	0	0	0.014	13.4	14	10.968	9.26	1015.2	11.2	80	335	1	6.1	8	1	1	3	1	
2026-05-27 05:20:00	57.47916	17.63706	12	39	0	1	230	0	0	0.014	13.4	14	10.989	9.26	1015.3	11.2	81	340	1	6.8	8.4	1	1	3	1	
2026-05-27 05:25:00	57.4782	17.6427	12	40	0	1	230	0	0	0.014	13.4	13	10.957	9.25	1015.3	11.2	82	335	1	7	8.4	1	1	3	1	
2026-05-27 05:30:00	57.4767	17.64804	11	41	0	1	230	0	0	0.014	13.4	14	10.995	9.26	1015.2	11	81	330	1	8.5	10.3	1	1	3	1	
2026-05-27 05:35:00	57.47625	17.65407	11	42	0	1	230	0	0	0.014	13.4	14	11.009	9.26	1015.2	10.8	82	335	1	7	8.9	1	1	3	1	
2026-05-27 05:40:00	57.47583	17.6604	11	43	0	2	230	0	0	0.014	13.4	14	11.033	9.27	1015.3	10.8	79	340	1	8.4	10.2	1	1	3	1	
2026-05-27 05:45:00	57.47568	17.66667	12	44	0	1	230	0	0	0.014	13.3	14	11.072	9.28	1015.3	10.9	78	335	1	7.7	9.9	1	1	3	1	
2026-05-27 05:50:00	57.47577	17.67252	11	45	0	2	230	0	0	0.014	13.4	14	11.133	9.29	1015.4	10.9	80	340	1	7.2	9.4	1	1	3	1	
2026-05-27 05:55:00	57.47484	17.67843	12	46	0	1	230	0	0	0.014	13.4	14	11.116	9.28	1015.3	10.9	78	335	1	7.9	9.9	1	1	3	1	
2026-05-27 06:00:00	57.47472	17.68437	12	47	0	1	230	0	0	0.016	13.4	14	11.116	9.28	1015.4	10.9	78	340	1	8	9.7	1	1	3	1	
2026-05-27 06:05:00	57.47442	17.69058	12	48	0	1	230	0	0	0.014	13.3	14	11.16	9.29	1015.5	10.9	77	340	1	8.6	10.3	1	1	3	1	
2026-05-27 06:10:00	57.47436	17.69673	12	49	0	2	230	0	0	0.014	13.3	14	11.17	9.29	1015.7	10.5	79	340	1	8.3	9.8	1	1	3	1	
2026-05-27 06:15:00	57.47313	17.70282	13	50	0	1	240	0	0	0.014	13.5	14	11.183	9.3	1015.7	10.7	79	335	1	7	9.2	1	1	3	1	
2026-05-27 06:20:00	57.47187	17.70897	41	51	0	2	260	0	0	0.014	13.4	14	11.207	9.3	1015.6	10.8	78	340	1	7.4	9.3	1	1	3	1	
2026-05-27 06:30:00	57.46959	17.71989	12	52	0	2	230	0	0	0.014	13.5	13	11.251	9.31	1015.8	11	79	335	1	6.5	8.2	1	1	3	1	
2026-05-27 06:45:00	57.46854	17.73708	13	54	0	3	230	0	0	0.016	13.4	13	11.275	9.32	1016	10.8	78	330	1	7.8	9.7	1	1	3	1	
2026-05-27 06:50:00	57.46788	17.74338	14	55	0	1	240	0	0	0.016	13.4	14	11.278	9.33	1016	10.8	77	325	1	8.5	10.6	1	1	3	1	
2026-05-27 06:55:00	57.46749	17.7495	14	56	0	1	240	0	0	0.014	13.4	14	11.258	9.32	1016.1	10.8	77	325	1	8	10.4	1	1	3	1	
2026-05-27 07:00:00	57.46725	17.75541	12	57	0	1	230	0	0	0.014	13.4	14	11.223	9.32	1016	10.8	76	325	1	8.7	10.5	1	1	3	1	
2026-05-27 07:10:00	57.4665	17.76693	14	58	0	3	240	0	0	0.014	13.4	13	11.252	9.33	1016.3	10.9	78	330	1	7.4	10.9	1	1	3	1	
2026-05-27 07:15:00	57.46566	17.77248	14	59	0	1	240	0	0	0.016	13.4	14	11.271	9.34	1016.2	10.9	78	325	1	8.5	10.5	1	1	3	1	
2026-05-27 07:20:00	57.46587	17.77773	12	0	0	2	230	0	0	0.014	13.4	14	11.315	9.35	1016.2	10.9	78	330	1	7.2	8.6	1	1	3	1	
2026-05-27 07:25:00	57.46494	17.78322	12	1	0	1	230	0	0	0.014	13.4	14	11.312	9.35	1016.3	10.9	77	325	1	8.1	10.3	1	1	3	1	
2026-05-27 07:30:00	57.46428	17.7888	12	2	0	1	230	0	0	0.014	13.4	14	11.313	9.35	1016.3	11	76	330	1	7.5	9.1	1	1	3	1	
2026-05-27 07:35:00	57.46233	17.79405	41	3	0	1	260	0	0	0.014	13.4	14	11.303	9.34	1016.3	11	75	325	1	8.1	10	1	1	3	1	
2026-05-27 07:40:00	57.46191	17.79891	11	4	0	1	230	0	0	0.014	13.4	14	11.335	9.35	1016.3	11.1	75	330	1	8	9.8	1	1	3	1	
2026-05-27 07:45:00	57.46173	17.80437	11	5	0	1	230	0	0	0.014	13.4	14	11.324	9.35	1016.2	11	75	325	1	7.1	9	1	1	3	1	
2026-05-27 07:50:00	57.46152	17.8092	11	6	0	2	230	0	0	0.014	13.5	14	11.351	9.36	1016.4	11	77	325	1	6.4	7.8	1	1	3	1	
2026-05-27 07:55:00	57.45963	17.81328	11	7	0	1	230	0	0	0.014	13.5	14	11.351	9.36	1016.4	11	76	325	1	7.4	9	1	1	3	1	
2026-05-27 08:00:00	57.45894	17.81817	11	8	0	2	230	0	0	0.014	13.4	14	11.347	9.36	1016.4	11.1	74	325	1	7.2	8.8	1	1	3	1	
2026-05-27 08:05:00	57.45789	17.82339	11	9	0	2	230	0	0	0.014	13.4	14	11.381	9.37	1016.5	11.2	76	330	1	5.8	7.5	1	1	3	1	
2026-05-27 08:10:00	57.4563	17.82777	11	10	0	1	230	0	0	0.014	13.5	14	11.408	9.38	1016.5	11.2	76	325	1	5.9	7.7	1	1	3	1	
2026-05-27 08:15:00	57.45423	17.83116	11	11	0	1	230	0	0	0.014	13.4	14	11.407	9.37	1016.5	11.2	77	325	1	5.9	7.4	1	1	3	1	
2026-05-27 08:20:00	57.45189	17.83422	12	12	0	1	230	0	0	0.014	13.4	14	11.437	9.38	1016.5	11.3	76	325	1	5.9	7.2	1	1	3	1	
2026-05-27 08:25:00	57.45009	17.83671	11	13	0	1	230	0	0	0.014	13.6	14	11.444	9.38	1016.5	11.3	76	325	1	6.3	8.2	1	1	3	1	
2026-05-27 08:30:00	57.44886	17.84094	12	14	0	1	230	0	0	0.014	13.5	14	11.445	9.38	1016.6	11.4	76	325	1	5.6	6.5	1	1	3	1	
2026-05-27 08:35:00	57.44676	17.84412	11	15	0	1	230	0	0	0.014	13.4	14	11.444	9.38	1016.5	11.3	76	315	1	6.2	7.7	1	1	3	1	
2026-05-27 08:40:00	57.44589	17.84853	11	16	0	1	230	0	0	0.014	13.4	14	11.414	9.37	1016.5	11.3	77	320	1	6	7.1	1	1	3	1	
2026-05-27 08:45:00	57.44358	17.85057	12	17	0	2	230	0	0	0.014	13.6	14	11.419	9.37	1016.6	11.4	76	320	1	5.3	6.7	1	1	3	1	
2026-05-27 08:50:00	57.44265	17.85447	12	18	0	1	230	0	0	0.014	13.4	14	11.399	9.35	1016.6	11.4	76	320	1	5	6.6	1	1	3	1	
2026-05-27 08:55:00	57.44076	17.85777	11	19	0	1	230	0	0	0.014	13.5	14	11.393	9.35	1016.6	11.4	75	325	1	5.9	7.1	1	1	3	1	
2026-05-27 09:00:00	57.43896	17.86149	12	20	0	1	230	0	0	0.014	13.5	14	11.387	9.35	1016.6	11.4	75	315	1	5.8	7.5	1	1	3	1	
2026-05-27 09:05:00	57.43797	17.86545	11	21	0	1	230	0	0	0.016	13.5	14	11.359	9.33	1016.6	11.5	76	315	1	5.6	6.9	1	1	3	1	
2026-05-27 09:10:00	57.43662	17.86935	11	22	0	1	230	0	0	0.014	13.5	14	11.305	9.31	1016.7	11.5	76	310	1	5.1	6.3	1	1	3	1	
2026-05-27 09:15:00	57.43539	17.87304	11	23	0	1	230	0	0	0.014	13.4	14	11.282	9.3	1016.7	11.4	77	310	1	5.4	6.8	1	1	3	1	
2026-05-27 09:20:00	57.43362	17.87544	12	24	0	1	230	0	0	0.014	13.5	14	11.263	9.29	1016.7	11.4	77	315	1	5	6.2	1	1	3	1	
2026-05-27 09:25:00	57.43254	17.87823	11	25	0	1	230	0	0	0.014	13.6	14	11.23	9.28	1016.7	11.4	77	315	1	4.7	5.9	1	1	3	1	
2026-05-27 10:10:00	57.42852	17.89689	12	30	0	0	230	0	0	0.014	13.3	13	11.114	9.24	1016.8	11.5	79	305	1	4	5.1	1	1	3	1	
2026-05-27 10:15:00	57.42765	17.89923	11	31	0	3	230	0	0	0.016	13.3	14	11.136	9.25	1016.9	11.5	78	305	1	3.9	4.9	1	1	3	1	
2026-05-27 10:20:00	57.4269	17.9016	12	32	0	2	230	0	0	0.016	13.3	14	11.115	9.24	1016.9	11.5	79	300	1	3.8	4.8	1	1	3	1	
2026-05-27 10:25:00	57.42624	17.90394	12	33	0	1	230	0	0	0.016	13.3	14	11.083	9.23	1016.9	11.5	79	290	1	3.4	4.6	1	1	3	1	
2026-05-27 10:30:00	57.42597	17.9064	12	34	0	2	230	0	0	0.016	13.3	14	11.094	9.24	1017	11.5	80	280	1	3.7	4.8	1	1	3	1	
2026-05-27 10:35:00	57.42588	17.90877	11	35	0	1	230	0	0	0.014	13.3	14	11.07	9.23	1017	11.5	82	270	1	3.4	4.2	1	1	3	1	
2026-05-27 10:40:00	57.42561	17.91093	11	36	0	3	230	0	0	0.014	13.2	15	11.122	9.24	1016.9	11.6	82	270	1	3.2	4.2	1	1	3	1	
2026-05-27 10:45:00	57.42567	17.91291	11	37	0	1	230	0	0	0.014	13.3	14	11.131	9.23	1016.9	11.5	82	285	1	3.2	4.1	1	1	3	1	
2026-05-27 10:50:00	57.42558	17.9151	11	38	0	2	230	0	0	0.014	13.2	15	11.091	9.22	1016.9	11.5	82	290	1	3.4	4.2	1	1	3	1	
2026-05-27 10:55:00	57.42537	17.91672	12	39	0	1	230	0	0	0.014	13.2	15	11.086	9.22	1016.8	11.6	81	290	1	2.9	4.1	1	1	3	1	
2026-05-27 11:00:00	57.42534	17.91813	11	40	0	1	230	0	0	0.016	13.2	15	11.106	9.22	1016.8	11.6	81	290	1	2.6	3.5	1	1	3	1	
2026-05-27 11:05:00	57.42531	17.91975	12	41	0	2	230	0	0	0.016	13.2	15	11.166	9.24	1016.8	11.6	82	295	1	2.5	3.4	1	1	3	1	
2026-05-27 11:10:00	57.42519	17.92119	12	42	0	1	230	0	0	0.016	13.2	15	11.219	9.25	1016.8	11.6	81	300	1	2.5	3.3	1	1	3	1	
2026-05-27 11:15:00	57.42474	17.92269	12	43	0	1	230	0	0	0.014	13.2	15	11.19	9.24	1016.8	11.6	81	295	1	2.5	3.3	1	1	3	1	
2026-05-27 11:20:00	57.4242	17.9241	13	44	0	1	230	0	0	0.014	13.2	15	11.199	9.24	1016.8	11.7	81	290	1	2.3	3.5	1	1	3	1	
2026-05-27 11:25:00	57.42381	17.92539	12	45	0	1	230	0	0	0.014	13.2	15	11.238	9.25	1016.7	11.7	80	295	1	2.6	3.4	1	1	3	1	
2026-05-27 11:30:00	57.42351	17.92683	12	46	0	1	230	0	0	0.014	13.2	15	11.232	9.24	1016.7	11.8	80	295	1	2.4	3.4	1	1	3	1	
2026-05-27 11:35:00	57.42354	17.92821	11	47	0	1	230	0	0	0.014	13.2	15	11.219	9.24	1016.8	11.7	81	295	1	2.3	3.1	1	1	3	1	
2026-05-27 11:40:00	57.42312	17.92947	11	48	0	1	230	0	0	0.016	13.2	15	11.236	9.24	1016.8	11.7	82	280	1	2.4	3	1	1	3	1	
2026-05-27 11:45:00	57.42303	17.93079	12	49	0	1	230	0	0	0.016	13.2	15	11.298	9.26	1016.8	11.8	82	280	1	2.1	2.9	1	1	3	1	
2026-05-27 11:50:00	57.42309	17.93184	12	50	0	1	230	0	0	0.016	13.2	16	11.312	9.26	1016.7	11.8	82	275	1	1.9	2.6	1	1	3	1	
2026-05-27 11:55:00	57.42318	17.93283	12	51	0	1	230	0	0	0.016	13.2	16	11.357	9.27	1016.7	11.9	82	280	1	2.1	2.8	1	1	3	1	
2026-05-27 12:00:00	57.42345	17.93349	13	52	0	1	230	0	0	0.014	13.2	16	11.39	9.28	1016.7	11.9	81	290	1	1.7	2.6	1	1	3	1	
2026-05-27 12:05:00	57.42357	17.93406	13	53	0	1	230	0	0	0.014	13.2	16	11.369	9.27	1016.7	12	81	285	1	1.7	2.5	1	1	3	1	
2026-05-27 12:10:00	57.42378	17.93451	12	54	0	2	230	0	0	0.014	13.2	17	11.423	9.28	1016.6	12	80	280	1	1.6	2.4	1	1	3	1	
2026-05-27 12:15:00	57.42411	17.93499	12	55	0	1	250	0	0	0.014	13.2	17	11.45	9.29	1016.7	12.1	79	280	1	1.6	2.8	1	1	3	1	
2026-05-27 12:20:00	57.42462	17.9352	12	56	0	1	230	0	0	0.014	13.2	17	11.444	9.29	1016.8	12.3	78	290	1	1.4	2.1	1	1	3	1	
2026-05-27 12:25:00	57.42405	17.93496	12	57	0	1	230	0	0	0.016	13.2	17	11.505	9.3	1016.9	12.3	78	275	1	1.5	2.5	1	1	3	1	
2026-05-27 12:30:00	57.4236	17.93493	13	58	0	3	240	0	0	0.014	13.2	18	11.461	9.29	1016.9	12.5	78	290	1	1.2	1.8	1	1	3	1	
2026-05-27 12:35:00	57.42318	17.93466	13	59	0	1	240	0	0	0.014	13.2	17	11.618	9.33	1016.6	12.5	76	280	1	1.2	2.1	1	1	3	1	
2026-05-27 12:40:00	57.42273	17.93484	14	0	0	1	240	0	0	0.016	13.2	18	11.623	9.33	1016.6	12.5	76	285	1	1.5	2.3	1	1	3	1	
2026-05-27 12:45:00	57.42285	17.93532	13	1	0	1	240	0	0	0.016	13.2	18	11.56	9.31	1016.6	12.6	75	260	1	1.6	2.2	1	1	3	1	
2026-05-27 12:50:00	57.42324	17.9361	13	2	0	1	240	0	0	0.014	13.2	18	11.688	9.34	1016.3	12.4	76	240	1	2.3	3	1	1	3	1	
2026-05-27 12:55:00	57.42372	17.93721	14	3	0	1	240	0	0	0.016	13.2	18	11.635	9.32	1016.5	12.5	79	240	1	2.3	2.9	1	1	3	1	
2026-05-27 13:00:00	57.42459	17.9376	14	4	0	1	240	0	0	0.016	13.2	18	11.602	9.32	1016.4	12.3	80	240	1	2.4	3.1	1	1	3	1	
2026-05-27 13:05:00	57.42447	17.9388	13	5	0	1	240	0	0	0.014	13.2	18	11.671	9.33	1016.3	12.2	80	250	1	2.2	3.1	1	1	3	1	
2026-05-27 13:10:00	57.42456	17.94024	13	6	0	1	240	0	0	0.014	13.4	18	11.618	9.32	1016.2	12.1	79	245	1	2.6	3.4	1	1	3	1	
2026-05-27 13:15:00	57.42477	17.94186	14	7	0	1	240	0	0	0.014	13.6	18	11.606	9.31	1016.5	12.3	79	245	1	2.4	3	1	1	3	1	
2026-05-27 13:20:00	57.42504	17.94339	13	8	0	1	240	0	0	0.014	13.6	18	11.635	9.31	1016.4	12.4	78	240	1	2.8	3.6	1	1	3	1	
2026-05-27 13:25:00	57.42534	17.94693	13	9	0	1	240	0	0	0.014	13.5	18	11.599	9.3	1016.1	12.3	78	240	1	3.2	3.9	1	1	3	1	
2026-05-27 13:30:00	57.42513	17.95092	12	10	0	1	230	0	0	0.014	13.5	18	11.581	9.3	1016.3	12.2	78	250	1	2.8	3.6	1	1	3	1	
2026-05-27 13:35:00	57.42456	17.95479	13	11	0	1	240	0	0	0.014	13.5	18	11.571	9.29	1016.6	12.4	77	250	1	3.1	4	1	1	3	1	
2026-05-27 13:40:00	57.42375	17.95866	12	12	0	2	230	0	0	0.014	13.6	18	11.581	9.29	1016.5	12.4	77	250	1	2.9	3.5	1	1	3	1	
2026-05-27 13:45:00	57.423	17.96256	12	13	0	1	230	0	0	0.014	13.7	18	11.588	9.29	1016.2	12.4	77	250	1	2.8	3.5	1	1	3	1	
2026-05-27 13:50:00	57.42207	17.96634	12	14	0	1	230	0	0	0.014	13.6	18	11.542	9.28	1016.3	12.3	79	235	1	3.3	4.5	1	1	3	1	
2026-05-27 13:55:00	57.42153	17.97078	13	15	0	1	230	0	0	0.014	13.7	18	11.535	9.27	1016.3	12.1	80	240	1	3.9	4.9	1	1	3	1	
2026-05-27 14:00:00	57.42039	17.97522	16	16	0	1	240	0	0	0.014	13.9	18	11.521	9.27	1016.5	12.2	79	245	1	3.4	4.3	1	1	3	1	
2026-05-27 14:05:00	57.4194	17.97945	14	17	0	1	240	0	0	0.014	13.6	18	11.503	9.27	1016.3	12.1	79	245	1	3	4.1	1	1	3	1	
2026-05-27 14:10:00	57.41829	17.9835	14	18	0	1	240	0	0	0.014	13.5	18	11.505	9.27	1016.4	12.1	79	245	1	3.3	4.1	1	1	3	1	
2026-05-27 14:15:00	57.41712	17.98758	14	19	0	1	240	0	0	0.014	13.4	18	11.526	9.27	1016.4	12.1	80	240	1	3	4	1	1	3	1	
2026-05-27 14:20:00	57.4161	17.99178	14	20	0	1	240	0	0	0.014	13.4	18	11.545	9.28	1016.5	12.1	81	235	1	3.1	4.1	1	1	3	1	
2026-05-27 14:25:00	57.41538	17.99631	14	21	0	1	240	0	0	0.014	13.3	17	11.554	9.28	1016.3	12.1	81	235	1	3	3.8	1	1	3	1	
2026-05-27 14:30:00	57.41424	18.00057	14	22	0	1	240	0	0	0.014	13.3	17	11.553	9.28	1016.2	12.1	82	230	1	3	4.2	1	1	3	1	
2026-05-27 14:35:00	57.41331	18.0051	14	23	0	1	240	0	0	0.014	13.3	17	11.565	9.29	1016.2	12	82	230	1	3.3	4.4	1	1	3	1	
2026-05-27 14:40:00	57.41235	18.00984	13	24	0	1	230	0	0	0.014	13.3	17	11.526	9.3	1016.2	12	83	235	1	3	4	1	1	3	1	
2026-05-27 14:45:00	57.41142	18.01437	13	25	0	3	230	0	0	0.014	13.3	17	11.538	9.31	1016.3	12	83	235	1	3	3.7	1	1	3	1	
2026-05-27 14:50:00	57.41067	18.0189	14	26	0	1	230	0	0	0.014	13.3	17	11.577	9.33	1016.3	12	82	240	1	2.9	3.7	1	1	3	1	
2026-05-27 14:55:00	57.40962	18.02319	13	27	0	3	230	0	0	0.014	13.3	17	11.53	9.33	1016.3	12.1	83	245	1	2.8	3.6	1	1	3	1	
2026-05-27 15:00:00	57.4086	18.02763	13	28	0	1	230	0	0	0.014	13.3	17	11.588	9.35	1016.3	12.2	82	255	1	2.8	3.6	1	1	3	1	
2026-05-27 15:05:00	57.40734	18.03189	14	29	0	2	230	0	0	0.016	13.3	17	11.604	9.36	1016.3	12.3	82	270	1	3.1	3.7	1	1	3	1	
2026-05-27 15:10:00	57.40587	18.03585	15	30	0	1	240	0	0	0.014	13.3	16	11.55	9.37	1016.4	12.4	81	275	1	3	3.9	1	1	3	1	
2026-05-27 15:15:00	57.40452	18.03975	14	31	0	1	230	0	0	0.014	13.2	16	11.564	9.38	1016.4	12.5	81	285	1	3	3.8	1	1	3	1	
2026-05-27 15:20:00	57.40311	18.04377	14	32	0	1	230	0	0	0.014	13.2	16	11.546	9.37	1016.4	12.6	78	300	1	4.1	4.7	1	1	3	1	
2026-05-27 15:25:00	57.40158	18.04794	14	33	0	1	230	0	0	0.014	13.2	16	11.488	9.36	1016.3	12.7	77	315	1	4.1	4.7	1	1	3	1	
2026-05-27 15:30:00	57.40008	18.05223	15	34	0	1	240	0	0	0.014	13.2	16	11.441	9.35	1016.3	12.8	74	315	1	4.3	5.3	1	1	3	1	
2026-05-27 15:35:00	57.39966	18.0579	16	35	0	1	240	0	0	0.014	13.2	16	11.545	9.39	1016.2	12.7	76	310	1	4.1	5.1	1	1	3	1	
2026-05-27 15:40:00	57.3999	18.06318	15	36	0	1	250	0	0	0.014	13.2	16	11.59	9.41	1016.2	12.5	78	305	1	3.8	4.9	1	1	3	1	
2026-05-27 15:45:00	57.40068	18.06801	16	37	0	1	250	0	0	0.014	13.2	16	11.738	9.44	1016.1	12.5	79	305	1	3.9	4.9	1	1	3	1	
2026-05-27 15:50:00	57.40161	18.07266	16	38	0	2	250	0	0	0.014	13.2	16	11.906	9.49	1016.4	12.7	80	305	1	3.6	4.4	1	1	3	1	
2026-05-27 15:55:00	57.40239	18.07719	16	39	0	1	250	0	0	0.014	13.2	16	12.04	9.52	1016	12.5	81	300	1	3.6	4.4	1	1	3	1	
2026-05-27 16:00:00	57.40368	18.08112	15	40	0	1	250	0	0	0.014	13.2	16	12.393	9.64	1016	12.5	82	290	1	3.7	4.9	1	1	3	1	
2026-05-27 16:05:00	57.40512	18.0852	15	41	0	1	250	0	0	0.014	13.3	16	13.089	9.81	1016.4	12.8	82	290	1	3.6	4.9	1	1	3	1	
2026-05-27 16:10:00	57.40647	18.08919	14	42	0	1	250	0	0	0.014	13.3	16	12.959	9.78	1016.3	12.9	82	290	1	3.5	4.6	1	1	3	1	
2026-05-27 16:15:00	57.40782	18.0933	14	43	0	1	250	0	0	0.014	13.3	16	12.854	9.74	1016.2	12.9	81	290	1	3.5	4.4	1	1	3	1	
2026-05-27 16:20:00	57.40932	18.09711	14	44	0	1	250	0	0	0.014	13.3	16	12.363	9.58	1016	12.6	81	300	1	3.9	4.8	1	1	3	1	
2026-05-27 16:25:00	57.41079	18.10089	13	45	0	1	250	0	0	0.014	13.3	16	12.175	9.54	1016.3	12.5	81	315	1	4	4.9	1	1	3	1	
2026-05-27 16:35:00	57.41292	18.10347	41	46	0	3	270	0	0	0.014	13.3	16	12.016	9.48	1016.5	12.2	81	360	1	6.4	8	1	1	3	1	
2026-05-27 16:40:00	57.41334	18.09894	12	47	0	1	240	0	0	0.016	13.3	16	12.169	9.53	1016.5	12.3	78	15	1	6.5	7.6	1	1	3	1	
2026-05-27 16:45:00	57.41454	18.09492	12	48	0	1	240	0	0	0.014	13.3	16	12.258	9.56	1016.2	12.2	75	15	1	6	7	1	1	3	1	
2026-05-31 08:06:41	57.42273	18.12804	12	0	0	0	10	0	0	0.014	13.6	25		0												
2026-05-31 08:10:00	57.42303	18.12858	12	1	0	2	10	0	0	0.014	13.6	24		0												
2026-05-31 08:15:00	57.42408	18.12867	12	2	0	1	10	0	0	0.014	13.8	24		0												
2026-05-31 08:20:00	57.42348	18.12849	12	3	0	2	10	0	0	0.014	13.8	23		0												
2026-05-31 08:25:00	57.42279	18.12735	12	4	3	1	10	0	0	0.014	13.7	23		0												
2026-05-31 08:30:00	57.42195	18.12609	12	5	0	1	10	0	0	0.014	13.6	22		0												
2026-05-31 08:35:00	57.42126	18.12456	12	6	1	1	600	0	0	0.014	13.6	21	14.283	10.13	1011.4	12.7	80	280	1	3.6	4.3	1	0	3	7	
2026-05-31 08:50:00	57.41919	18.12012	12	7	0	1	600	0	0	0.014	13.3	20	13.111	9.83	1011.6	12.7	82	290	1	3.1	3.7	1	0	3	7	
2026-05-31 09:05:00	57.41739	18.11619	12	8	0	1	600	0	0	0.014	13.3	19	13.181	9.84	1011.8	12.9	84	300	1	3.1	3.6	1	0	3	7	
2026-05-31 09:20:00	57.41631	18.11127	13	9	0	1	610	0	0	0.016	13.2	19	12.956	9.78	1011.8	12.6	85	305	1	3.2	3.9	1	0	3	7	
2026-05-31 09:35:00	57.41544	18.10614	12	10	0	1	600	0	0	0.014	13.3	18	12.784	9.74	1011.8	12.5	87	305	1	3.1	3.8	1	0	3	7	
2026-05-31 09:50:00	57.41427	18.10098	11	11	0	1	600	0	0	0.016	13.3	18	12.759	9.72	1011.7	12.6	88	290	1	2.1	2.8	1	0	3	7	
2026-05-31 10:05:00	57.41331	18.09747	12	12	0	1	630	0	0	0.016	13.3	17	12.848	9.74	1011.8	12.7	88	310	1	1.6	2	1	0	3	7	
2026-05-31 10:35:00	57.41235	18.09054	12	14	0	3	600	0	0	0.014	13.4	17	12.477	9.65	1011.9	12.8	89	325	1	1.6	2	1	0	3	7	
2026-05-31 10:50:00	57.41169	18.08637	12	15	0	1	600	0	0	0.014	13.5	17	12.77	9.71	1011.9	12.9	90	330	1	2.1	2.5	1	0	3	7	
2026-05-31 11:05:00	57.41127	18.08118	12	16	0	2	600	0	0	0.014	13.9	17	12.732	9.69	1012	12.9	91	330	1	2.1	2.5	1	0	3	7	
2026-05-31 11:20:00	57.41094	18.07551	12	17	0	1	600	0	0	0.014	13.8	17	12.813	9.72	1012.1	13.1	91	340	1	1.8	2.3	1	0	3	7	
2026-05-31 11:35:00	57.4071	18.06948	12	18	0	1	600	0	0	0.014	13.4	17	12.905	9.74	1011.9	13.1	90	320	1	1.9	2.4	1	0	3	7	
2026-05-31 11:50:00	57.40089	18.06252	11	19	1	1	600	0	0	0.014	13.3	18	12.797	9.71	1012.1	13.1	88	320	1	2.3	2.8	1	0	3	7	
2026-05-31 12:10:00	57.39321	18.04887	22	20	0	1	620	0	0	0.014	13.3	18	13.337	9.82	1012	13.3	87	315	1	2.1	2.4	1	0	3	7	
2026-05-31 12:30:00	57.38595	18.03312	41	21	0	1	630	0	0	0.014	13.5	18	13.07	9.74	1012.1	13.4	86	335	1	1.7	2.2	1	0	3	7	
2026-05-31 12:50:00	57.37914	18.01827	12	22	0	1	600	0	0	0.014	13.7	17	13.014	9.78	1012.2	13.4	85	330	1	2.7	3.2	1	0	3	7	
2026-05-31 13:10:00	57.3714	18.00438	11	23	0	1	600	0	0	0.014	13.9	17	12.983	9.75	1012.3	13.6	84	335	1	2.5	3	1	0	3	7	
2026-05-31 13:30:00	57.36363	17.99037	12	24	0	3	600	0	0	0.014	13.4	18	13.058	9.74	1012.1	13.7	85	355	1	2.1	2.7	1	0	3	7	
2026-05-31 13:50:00	57.35649	17.97546	12	25	0	3	600	0	0	0.014	13.3	18	13.126	9.74	1012.1	13.8	87	0	1	2.3	2.8	1	0	3	7	
2026-05-31 14:10:00	57.34902	17.96157	11	26	0	1	600	0	0	0.014	13.9	18	12.995	9.71	1012.1	13.7	86	5	1	2.5	3.1	1	0	3	7	
2026-05-31 14:30:00	57.3411	17.94828	12	27	0	3	600	0	0	0.014	13.4	19	13.084	9.73	1012.1	13.6	85	5	1	2.8	3.2	1	0	3	7	
2026-05-31 14:50:00	57.33333	17.9346	13	28	0	1	600	0	0	0.014	13.3	19	12.989	9.7	1012	13.7	84	15	1	2.8	3.5	1	0	3	7	
2026-05-31 15:10:00	57.32586	17.92131	12	29	0	2	600	0	0	0.014	13.6	19	12.905	9.69	1012.1	13.6	84	20	1	2.4	2.9	1	0	3	7	
2026-05-31 15:30:00	57.31899	17.90814	12	30	0	1	610	0	0	0.014	13.8	19	12.865	9.67	1012.2	13.5	83	45	1	1.9	2.3	1	0	3	7	
2026-05-31 15:50:00	57.31236	17.89554	40	31	0	1	630	0	0	0.014	13.7	19	13.017	9.72	1012.2	13.6	83	40	1	1.3	1.5	1	0	3	7	
2026-05-31 16:10:00	57.306	17.88429	11	32	0	1	600	0	0	0.014	13.5	18	12.875	9.68	1012.2	13.3	83	210	1	1	1.5	1	0	3	7	
2026-05-31 16:30:00	57.29946	17.87541	11	33	0	1	600	0	0	0.014	13.4	18	12.673	9.62	1012.1	13.3	85	210	1	0.9	1.4	1	0	3	7	
2026-05-31 16:50:00	57.3	17.87577	11	34	0	1	600	0	0	0.014	13.4	17	12.629	9.6	1012	13.2	86	185	1	0.8	1.3	1	0	3	7	
2026-05-31 17:10:00	57.29871	17.87529	12	35	0	3	600	0	0	0.014	13.3	17	12.982	9.69	1012	13.1	88	260	1	0.8	1.2	1	0	3	7	
2026-05-31 17:30:00	57.30222	17.87661	12	36	0	3	600	0	0	0.016	13.3	17	13.002	9.7	1012.1	13	88	240	1	1.5	2	1	0	3	7	
2026-05-31 17:50:00	57.29955	17.87529	11	37	0	1	600	0	0	0.014	13.3	16	12.957	9.69	1012	13.1	89	250	1	2.2	2.6	1	0	3	7	
2026-05-31 18:10:00	57.3	17.87547	40	38	0	1	630	0	0	0.014	13.3	17	12.963	9.69	1012.1	13.1	88	245	1	1.7	2	1	0	3	7	
2026-05-31 18:30:00	57.29928	17.87331	12	39	0	1	600	0	0	0.014	13.3	16	12.926	9.68	1012.2	13.3	86	265	1	1.2	1.7	1	0	3	7	
2026-05-31 18:50:00	57.29922	17.87343	12	40	0	1	600	0	0	0.016	13.2	16	12.912	9.68	1012.2	13.3	86	230	1	1	1.3	1	0	3	7	
2026-05-31 19:10:00	57.30132	17.87604	11	41	0	1	600	0	0	0.014	13.2	16	12.87	9.67	1012.1	13.2	86	95	1	0.3	0.6	1	0	3	7	
2026-05-31 19:30:00	57.30255	17.87679	12	42	0	1	600	0	0	0.016	13.2	15	12.867	9.67	1012.3	12.9	88	165	1	0.9	1.3	1	0	3	7	
2026-05-31 19:50:00	57.30441	17.87922	12	43	0	1	600	0	0	0.016	13.2	15	12.814	9.66	1012.3	12.6	90	220	1	0.4	0.7	1	0	3	7	
2026-05-31 20:10:00	57.30609	17.88072	12	44	0	1	600	0	0	0.016	13.2	14	12.797	9.65	1012.4	12.4	91	215	1	0.8	1.4	1	0	3	7	
2026-05-31 20:30:00	57.30834	17.88336	12	45	0	1	600	0	0	0.016	13.2	14	12.775	9.65	1012.5	12.5	92	225	1	0.7	0.9	1	0	3	7	
2026-05-31 20:50:00	57.30957	17.88681	13	46	0	1	610	0	0	0.014	13.2	14	12.737	9.64	1012.5	12.4	93	205	1	1.9	2.2	1	0	3	7	
2026-05-31 21:30:00	57.30822	17.89386	13	48	0	3	610	0	0	0.014	13.2	14	12.826	9.65	1012.4	12.4	90	255	1	1.7	1.9	1	0	3	7	
2026-05-31 21:50:00	57.30867	17.8962	40	49	0	1	630	0	0	0.016	13.2	14	12.789	9.65	1012.5	12.5	89	255	1	1.9	2.4	1	0	3	7	
2026-05-31 22:10:00	57.30753	17.89788	12	50	0	1	600	0	0	0.014	13.2	14	12.753	9.65	1012.4	12.5	89	220	1	1.3	1.7	1	0	3	7	
2026-05-31 22:30:00	57.30708	17.90151	12	51	0	1	600	0	0	0.014	13.2	14	12.689	9.64	1012.3	12.3	89	220	1	1.2	1.4	1	0	3	7	
2026-05-31 22:50:00	57.30717	17.90478	12	52	0	1	600	0	0	0.016	13.2	14	12.655	9.63	1012.3	12.4	91	215	1	1.7	2.1	1	0	3	7	
2026-05-31 23:10:00	57.30717	17.90421	12	53	0	1	600	0	0	0.014	13.2	13	12.661	9.63	1012.3	12.3	92	175	1	1	1.2	1	0	3	7	
2026-05-31 23:50:00	57.30507	17.90706	12	55	0	3	600	0	0	0.016	13.2	13	12.649	9.59	1012.3	12	94	25	1	0.5	0.6	1	0	3	7	
2026-06-01 00:10:00	57.30453	17.90814	40	56	0	1	630	0	0	0.014	13.2	14	12.653	9.58	1012.3	11.9	94	0	1	0.3	0.6	1	0	3	7	
2026-06-01 00:30:00	57.30318	17.90835	11	57	0	1	600	0	0	0.016	13.2	13	12.59	9.61	1012.5	12	95	85	1	0.7	0.9	1	0	3	7	
2026-06-01 00:50:00	57.30285	17.90859	11	58	0	1	600	0	0	0.014	13.2	13	12.624	9.61	1012.4	11.9	95	185	1	0.4	0.6	1	0	3	7	
2026-06-01 01:10:00	57.3027	17.91006	12	59	0	1	600	0	0	0.016	13.2	13	12.523	9.58	1012.5	12	95	130	1	0.5	0.8	1	0	3	7	
2026-06-01 01:30:00	57.3021	17.91141	12	0	0	2	600	0	0	0.014	13.2	13	12.502	9.57	1012.6	12	96	105	1	0.5	0.7	1	0	3	7	
2026-06-01 02:30:00	57.29727	17.90874	12	3	0	3	600	0	0	0.014	13.2	14	12.515	9.51	1012.7	12.2	96	90	1	0.3	0.4	1	0	3	7	
2026-06-01 02:50:00	57.29613	17.90862	11	4	0	2	630	0	0	0.016	13.2	14	12.517	9.51	1012.7	12.2	96	200	1	0.6	0.7	1	0	3	7	
2026-06-01 03:10:00	57.29589	17.90706	12	5	0	1	600	0	0	0.016	13.2	14	12.454	9.49	1012.8	12.2	96	180	1	0.5	0.6	1	0	3	7	
2026-06-01 03:30:00	57.29538	17.90493	11	6	0	1	600	0	0	0.014	13.2	14	12.459	9.49	1012.8	12.3	96	165	1	0.7	0.9	1	0	3	7	
2026-06-01 03:50:00	57.29556	17.9016	11	7	0	1	600	0	0	0.016	13.3	14	12.354	9.54	1012.8	12.3	96	125	1	0.2	0.3	1	0	3	7	
2026-06-01 04:10:00	57.29502	17.89983	13	8	0	1	600	0	0	0.014	13.3	14	12.352	9.54	1012.8	12.4	96	95	1	0.3	0.5	1	0	3	7	
2026-06-01 04:30:00	57.29439	17.89833	12	9	0	1	600	0	0	0.014	13.3	14	12.373	9.54	1012.8	12.5	96	135	1	0.4	0.6	1	0	3	7	
2026-06-01 04:50:00	57.29406	17.89656	12	10	0	2	600	0	0	0.014	13.3	14	12.406	9.55	1012.8	12.6	96	235	1	0.8	1	1	0	3	7	
2026-06-01 05:10:00	57.29517	17.89683	13	11	0	1	600	0	0	0.014	13.3	15	12.441	9.55	1012.9	12.7	95	185	1	0.5	0.7	1	0	3	7	
2026-06-01 05:30:00	57.29583	17.89701	11	12	0	1	630	0	0	0.014	13.3	15	12.492	9.56	1012.9	12.8	94	210	1	1	1.2	1	0	3	7	
2026-06-01 05:50:00	57.2973	17.89266	11	13	0	1	600	0	0	0.016	13.4	15	12.603	9.59	1012.9	12.6	93	235	1	0.9	1.1	1	0	3	7	
2026-06-01 06:10:00	57.29808	17.89179	12	14	0	1	600	0	0	0.016	13.3	15	12.602	9.6	1012.9	12.5	92	225	1	1.6	1.8	1	0	3	7	
2026-06-01 06:30:00	57.29931	17.89224	12	15	0	1	600	0	0	0.014	13.4	15	12.576	9.6	1013.1	12.7	90	215	1	1.3	1.5	1	0	3	7	
2026-06-01 06:50:00	57.30186	17.88915	12	16	0	1	600	0	0	0.014	13.4	15	12.703	9.62	1012.9	13	89	230	1	1.5	1.8	1	0	3	7	
2026-06-01 07:10:00	57.30351	17.8902	12	17	0	1	600	0	0	0.014	13.3	16	12.847	9.64	1013	13.2	87	230	1	1.2	1.4	1	0	3	7	
2026-06-01 07:30:00	57.30318	17.89377	12	18	0	1	600	0	0	0.014	13.3	16	12.979	9.67	1013	13.2	87	230	1	1.7	1.8	1	0	3	7	
2026-06-01 07:50:00	57.30423	17.89749	12	19	0	1	600	0	0	0.014	13.4	16	13.136	9.72	1013.1	13.7	85	250	1	0.6	0.8	1	0	3	7	
2026-06-01 08:10:00	57.30498	17.90043	40	20	0	1	630	0	0	0.014	13.4	17	13.647	9.83	1013.2	14.1	80	240	1	0.7	1	1	0	3	7	
2026-06-01 08:30:00	57.30513	17.90376	13	21	0	1	600	0	0	0.014	13.4	18	14.675	10.09	1013.2	14.1	73	240	1	1.4	1.6	1	0	3	7	
2026-06-01 08:50:00	57.30633	17.90856	11	22	0	1	600	0	0	0.014	13.5	18	13.876	9.9	1013.3	14.2	76	240	1	1.6	1.8	1	0	3	7	
2026-06-01 09:10:00	57.30468	17.91462	11	23	0	1	600	0	0	0.014	13.5	18	13.954	9.92	1013.3	14	79	245	1	1.7	1.9	1	0	3	7	
2026-06-01 09:30:00	57.3024	17.92041	11	24	0	1	600	0	0	0.014	13.5	18	13.812	9.94	1013.4	13.8	77	250	1	2.4	2.8	1	0	3	7	
2026-06-01 09:50:00	57.29862	17.9241	11	25	0	2	600	0	0	0.016	13.4	18	13.843	9.98	1013.5	13.7	77	235	1	3.1	3.6	1	0	3	7	
2026-06-01 10:10:00	57.30261	17.92017	12	26	0	1	610	0	0	0.014	13.5	18	13.799	9.94	1013.6	13.8	75	235	1	3.3	3.6	1	0	3	7	
2026-06-01 10:30:00	57.30519	17.91705	12	27	0	1	610	0	0	0.014	13.5	19	13.84	9.91	1013.6	14	74	230	1	3	3.3	1	0	3	7	
2026-06-01 10:50:00	57.30849	17.91345	14	28	0	1	610	0	0	0.014	13.6	20	13.628	9.85	1013.6	14	77	225	1	2.9	3.6	1	0	3	7	
2026-06-01 11:10:00	57.30912	17.91546	13	29	0	1	610	0	0	0.014	13.7	19	13.652	9.86	1013.6	14	77	230	1	3.1	3.6	1	0	3	7	
2026-06-01 11:30:00	57.31209	17.91294	41	30	0	1	630	0	0	0.014	13.3	20	13.557	9.82	1013.6	13.9	78	225	1	3.1	3.8	1	0	3	7	
2026-06-01 11:50:00	57.31461	17.91084	11	31	0	2	600	0	0	0.014	13.3	19	13.562	9.82	1013.6	14	77	220	1	3.4	4	1	0	3	7	
2026-06-01 12:10:00	57.31491	17.91333	11	32	0	1	600	0	0	0.014	13.3	19	13.612	9.84	1013.6	14.1	78	210	1	3.1	3.5	1	0	3	7	
2026-06-01 12:30:00	57.31659	17.91171	11	33	0	1	600	0	0	0.014	13.8	18	13.591	9.82	1013.6	14.1	79	205	1	2.9	3.5	1	0	3	7	
2026-06-01 12:50:00	57.31707	17.91027	11	34	0	1	600	0	0	0.016	13.4	18	13.676	9.84	1013.5	14.1	79	200	1	3.5	4.1	1	0	3	7	
2026-06-01 13:10:00	57.31704	17.90934	12	35	0	1	600	0	0	0.016	13.3	18	13.747	9.86	1013.5	14.2	79	205	1	3.6	4.4	1	0	3	7	
2026-06-01 13:30:00	57.31731	17.90736	12	36	0	1	600	0	0	0.016	13.2	18	13.636	9.84	1013.5	14.2	80	195	1	3.2	3.7	1	0	3	7	
2026-06-01 13:50:00	57.31692	17.90556	12	37	0	2	600	0	0	0.014	13.6	17	13.794	9.88	1013.4	14.3	82	195	1	3.6	4.3	1	0	3	7	
2026-06-01 14:30:00	57.31497	17.90112	12	39	0	3	600	0	0	0.014	13.3	17	14.149	9.96	1013.2	14.2	84	180	1	3.9	4.8	1	0	3	7	
2026-06-01 15:10:00	57.31323	17.89614	11	41	0	3	600	0	0	0.014	13.3	16	14.243	9.99	1013.2	14.1	85	190	1	4.3	5.2	1	0	3	7	
2026-06-01 15:30:00	57.3123	17.89227	11	42	0	2	600	0	0	0.014	13.3	16	14.098	9.96	1013.1	14.1	82	190	1	5	6.2	1	0	3	7	
2026-06-01 15:50:00	57.31119	17.88756	11	43	0	1	600	0	0	0.014	13.4	16	13.871	9.9	1012.9	14	83	190	1	4.8	6.2	1	0	3	7	
2026-06-01 16:10:00	57.3105	17.88186	12	44	0	2	600	0	0	0.014	13.4	16	13.415	9.8	1012.9	13.9	84	185	1	4.3	5.6	1	0	3	7	
2026-06-01 16:30:00	57.30921	17.87427	13	45	0	1	600	0	0	0.016	13.4	16	13.488	9.83	1012.8	13.9	85	180	1	4.8	6.2	1	0	3	7	
2026-06-01 16:50:00	57.30879	17.87517	12	46	0	1	600	0	0	0.014	13.9	16	13.438	9.82	1012.7	13.8	86	175	1	4.6	5.3	1	0	3	7	
2026-06-01 17:10:00	57.30816	17.8767	13	47	0	1	610	0	0	0.014	13.5	15	13.428	9.81	1012.5	13.7	86	175	1	5.1	6.5	1	0	3	7	
2026-06-01 17:30:00	57.30762	17.87895	41	48	0	1	630	0	0	0.014	13.3	16	13.322	9.78	1012.5	13.6	88	175	1	4.6	5.8	1	0	3	7	
2026-06-01 17:50:00	57.30714	17.87994	12	49	0	2	600	0	0	0.016	13.3	15	13.267	9.77	1012.4	13.5	89	175	1	4.3	5.8	1	0	3	7	
2026-06-01 18:10:00	57.30603	17.87403	12	50	0	1	600	0	0	0.014	13.3	15	13.248	9.77	1012.4	13.5	88	170	1	4.4	5.7	1	0	3	7	
2026-06-01 18:30:00	57.30564	17.87592	12	51	0	2	610	0	0	0.014	13.3	15	13.206	9.76	1012.5	13.5	87	180	1	4.4	5.4	1	0	3	7	
2026-06-01 18:50:00	57.30513	17.87592	11	52	0	1	600	0	0	0.014	13.3	15	13.146	9.74	1012.5	13.5	86	170	1	4.2	5.2	1	0	3	7	
2026-06-01 19:10:00	57.3051	17.87769	12	53	0	1	600	0	0	0.014	13.3	15	13.118	9.73	1012.6	13.4	87	190	1	3.8	4.8	1	0	3	7	
2026-06-01 19:30:00	57.30543	17.87181	40	54	0	1	630	0	0	0.016	13.2	15	13.064	9.73	1012.5	13.4	86	180	1	4.3	5.3	1	0	3	7	
2026-06-01 19:50:00	57.30462	17.88078	12	55	0	1	600	0	0	0.016	13.2	15	13.067	9.71	1012.4	13.4	86	175	1	4.3	5.8	1	0	3	7	
2026-06-01 20:10:00	57.30423	17.87415	12	56	0	1	600	0	0	0.014	13.2	15	13.089	9.73	1012.5	13.3	87	175	1	4.3	5.9	1	0	3	7	
2026-06-01 20:30:00	57.30441	17.87676	12	57	0	2	600	0	0	0.014	13.2	15	13.08	9.72	1012.6	13.3	88	180	1	3.9	5.5	1	0	3	7	
2026-06-01 20:50:00	57.3042	17.87841	11	58	0	1	600	0	0	0.014	13.2	14	13.029	9.71	1012.6	13.2	91	185	1	4.9	6.5	1	0	3	7	
2026-06-01 21:50:00	57.30429	17.88051	12	1	0	3	600	0	0	0.016	13.2	15	12.997	9.7	1012.5	12.4	96	195	1	5.2	6.6	1	0	3	7	
2026-06-01 22:10:00	57.30468	17.8827	40	2	0	2	630	0	0	0.016	13.2	15	12.962	9.69	1012.4	12.4	97	185	1	4.8	5.8	1	0	3	7	
2026-06-01 22:30:00	57.30549	17.88342	12	3	0	1	600	0	0	0.014	13.2	15	12.964	9.7	1012.3	12.4	97	195	1	4.5	5.5	1	0	3	7	
2026-06-01 22:50:00	57.30684	17.87721	12	4	0	1	600	0	0	0.014	13.2	15	12.971	9.71	1012.2	12.5	97	185	1	4.1	5.2	1	0	3	7	
2026-06-01 23:10:00	57.30747	17.87967	12	5	0	2	600	0	0	0.016	13.2	15	12.968	9.71	1012.2	12.4	98	185	1	4.8	6	1	0	3	7	
2026-06-01 23:30:00	57.30789	17.88147	12	6	0	1	600	0	0	0.014	13.2	15	12.965	9.71	1012.1	12.5	98	190	1	4.8	6.1	1	0	3	7	
2026-06-01 23:50:00	57.3081	17.87535	13	7	0	1	610	0	0	0.016	13.2	14	13.114	9.78	1012.1	12.4	98	180	1	4.4	5.2	1	0	3	7	
2026-06-02 00:10:00	57.3078	17.8773	12	8	0	1	610	0	0	0.014	13.2	15	13.086	9.77	1012.2	12.5	98	175	1	3.8	4.8	1	0	3	7	
2026-06-02 00:50:00	57.30672	17.87412	12	10	0	3	600	0	0	0.014	13.2	15	13.026	9.76	1012	12.9	98	185	1	2.7	3.6	1	0	3	7	
2026-06-02 01:10:00	57.30729	17.87277	12	11	0	1	600	0	0	0.014	13.2	15	13.11	9.82	1012	12.9	98	170	1	2.5	3.4	1	0	3	7	
2026-06-02 01:30:00	57.3075	17.8755	12	12	0	1	600	0	0	0.014	13.2	15	13.104	9.82	1012	12.9	98	180	1	2.6	3.5	1	0	3	7	
2026-06-02 01:50:00	57.30735	17.87403	12	13	0	2	600	0	0	0.014	13.2	14	13.063	9.81	1012.1	12.9	98	175	1	1.9	2.8	1	0	3	7	
2026-06-02 02:30:00	57.3075	17.87517	13	15	0	3	640	0	0	0.016	13.2	14	13.206	9.86	1011.9	12.9	98	180	1	1.3	1.9	1	0	3	7	
2026-06-02 02:50:00	57.30777	17.87748	11	16	0	1	600	0	0	0.014	13.2	14	13.212	9.87	1012.1	12.9	99	180	1	0.6	1.2	1	0	3	7	
2026-06-02 03:10:00	57.3075	17.88114	12	17	0	1	600	0	0	0.014	13.2	14	13.213	9.86	1012.2	13	99	205	1	1	2	1	0	3	7	
2026-06-02 03:30:00	57.30735	17.88387	11	18	0	1	600	0	0	0.014	13.2	14	13.204	9.85	1012.2	13	99	190	1	1.3	2.1	1	0	3	7	
2026-06-02 03:50:00	57.30729	17.88609	12	19	0	1	600	0	0	0.014	13.3	15	13.186	9.83	1012.1	13.1	99	200	1	1.4	2.2	1	0	3	7	
2026-06-02 04:10:00	57.3072	17.88504	12	20	0	1	600	0	0	0.014	13.3	15	13.236	9.85	1012.2	13.2	99	190	1	1.2	2	1	0	3	7	
2026-06-02 04:30:00	57.30702	17.88393	12	21	0	1	600	0	0	0.016	13.4	15	13.338	9.9	1012.2	13.3	98	225	1	1.5	1.8	1	0	3	7	
2026-06-02 04:50:00	57.30672	17.88417	12	22	0	1	600	0	0	0.014	13.4	15	13.365	9.92	1012.2	13.4	98	240	1	1.9	2.4	1	0	3	7	
2026-06-02 05:10:00	57.30672	17.8848	12	23	0	2	600	0	0	0.014	13.4	15	13.374	9.92	1012.2	13.4	98	255	1	1	1.5	1	0	3	7	
2026-06-02 05:30:00	57.30585	17.88663	41	24	0	1	630	0	0	0.014	13.4	16	13.398	9.92	1012.2	13.5	98	195	1	0.9	1.7	1	0	3	7	
2026-06-02 06:10:00	57.30543	17.88753	12	26	0	3	610	0	0	0.014	13.5	16	13.502	9.95	1012.3	13.6	98	155	1	0.8	1.2	1	0	3	7	
2026-06-02 06:30:00	57.30486	17.88633	12	27	0	3	600	0	0	0.014	13.5	17	13.557	9.96	1012.3	13.5	98	170	1	1.4	2	1	0	3	7	
2026-06-02 06:50:00	57.30333	17.88357	12	28	0	2	600	0	0	0.014	13.6	17	13.6	9.98	1012.2	13.4	98	155	1	2.7	3.3	1	0	3	7	
2026-06-02 07:10:00	57.30129	17.88012	12	29	0	2	600	0	0	0.014	13.6	17	13.617	9.99	1012.4	13.4	98	175	1	2.4	3	1	0	3	7	
2026-06-02 07:30:00	57.3003	17.87646	12	30	0	1	600	0	0	0.016	13.3	17	13.612	9.98	1012.5	13.5	98	185	1	2	3	1	0	3	7	
2026-06-02 07:50:00	57.30039	17.87004	12	31	1	3	630	0	0	0.014	13.3	18	13.715	10.02	1012.4	13.6	97	190	1	2.4	3	1	0	3	7	
2026-06-02 08:10:00	57.29532	17.86755	12	32	0	1	600	0	0	0.014	13.7	18	13.801	10.04	1012.5	13.7	97	205	1	2.4	2.9	1	0	3	7	
2026-06-02 08:30:00	57.29304	17.8731	12	33	0	1	600	0	0	0.014	13.7	18	13.702	10	1012.5	13.7	97	185	1	2.2	3.1	1	0	3	7	
2026-06-02 08:50:00	57.29403	17.88468	12	34	0	1	600	0	0	0.014	13.4	19	13.764	9.96	1012.6	13.8	97	200	1	2.6	3.1	1	0	3	7	
2026-06-02 09:10:00	57.30144	17.88015	12	35	1	1	600	0	0	0.014	13.3	19	14.014	10.09	1012.6	13.8	96	195	1	2.3	2.9	1	0	3	7	
2026-06-02 09:30:00	57.30039	17.86842	12	36	0	1	600	0	0	0.014	13.8	19	14.039	10.1	1012.5	13.9	96	200	1	2.7	3.3	1	0	3	7	
2026-06-02 09:50:00	57.2997	17.86881	12	37	0	1	610	0	0	0.014	13.4	19	14.101	10.11	1012.6	14.1	95	195	1	2.7	3.3	1	0	3	7	
2026-06-02 10:30:00	57.29727	17.87832	12	39	0	3	600	0	0	0.014	13.8	19	14.378	10.17	1012.5	14.2	95	190	1	2.6	3.3	1	0	3	7	
2026-06-02 10:50:00	57.2976	17.86695	12	40	0	2	600	0	0	0.014	13.4	19	14.374	10.18	1012.4	14.2	94	175	1	3.2	3.7	1	0	3	7	
2026-06-02 11:10:00	57.29244	17.86686	11	41	0	1	600	0	0	0.014	13.3	19	14.389	10.18	1012.3	14.3	94	175	1	2.9	4.2	1	0	3	7	
2026-06-02 11:30:00	57.29085	17.86968	11	42	0	1	600	0	0	0.014	13.2	19	14.491	10.21	1012.3	14.4	94	170	1	3.1	3.6	1	0	3	7	
2026-06-02 11:50:00	57.29175	17.87193	12	43	0	1	600	0	0	0.014	13.6	19	14.512	10.21	1012.2	14.4	94	165	1	3.3	4.4	1	0	3	7	
2026-06-02 12:10:00	57.29094	17.87625	12	44	0	1	610	0	0	0.014	13.7	19	14.511	10.19	1012.1	14.3	95	170	1	4.3	5	1	0	3	7	
2026-06-02 12:30:00	57.29094	17.8749	13	45	0	1	610	0	0	0.014	13.4	19	14.582	10.23	1012	14.4	95	170	1	4	5.3	1	0	3	7	
2026-06-02 12:50:00	57.294	17.8812	17	46	1	1	550	0	0	0.014	13.3	19	14.554	10.22	1012	14.4	95	0	1			0	0	3	7	
2026-06-02 13:00:00	57.29337	17.87718	12	47	1	1	510	0	0	0.014	13.2	20	14.557	10.22	1011.9	14.5	95	0	1			0	0	3	7	
2026-06-02 13:10:00	57.29142	17.87799	11	48	0	1	510	0	0	0.014	13.4	20	14.581	10.22	1011.8	14.4	95	0	1			0	0	3	7	
2026-06-02 13:20:00	57.29091	17.8806	11	49	0	1	510	0	0	0.014	13.5	20	14.542	10.17	1011.9	14.3	95	0	1			0	0	3	7	
2026-06-02 13:30:00	57.29322	17.8827	11	50	0	1	510	0	0	0.014	13.6	20	14.549	10.21	1011.7	13.8	96	175	1	5.5	5.8	1	0	3	7	
2026-06-02 13:40:00	57.29298	17.8797	12	51	1	1	520	0	0	0.014	13.9	20	14.609	10.23	1011.9	13.5	96	0	1			0	0	3	7	
2026-06-02 13:50:00	57.29151	17.88096	11	52	0	2	520	0	0	0.014	13.4	20	14.43	10.16	1011.9	13.4	97	0	1			0	0	3	7	
2026-06-02 14:00:00	57.29241	17.88351	12	53	0	2	520	0	0	0.014	13.3	20	14.41	10.16	1011.9	13.5	97	0	1			0	0	3	7	
